label,n,adh_n_pos,adh_prevalence,adh_pr_auc,adh_pr_lift,adh_auroc,adh_brier,adh_ece,adh_mcc,adh_balanced_acc,adh_cal_slope,adh_cal_intercept,adh_precision_25pct,adh_recall_25pct,adh_lift_25pct,adh_precision_50pct,adh_recall_50pct,adh_lift_50pct,adh_precision_66pct,adh_recall_66pct,adh_lift_66pct,risk_n_pos,risk_prevalence,risk_pr_auc,risk_pr_lift,risk_auroc,risk_brier,risk_ece,risk_mcc,risk_balanced_acc,risk_cal_slope,risk_cal_intercept,risk_precision_25pct,risk_recall_25pct,risk_lift_25pct,risk_precision_50pct,risk_recall_50pct,risk_lift_50pct,risk_precision_66pct,risk_recall_66pct,risk_lift_66pct,auroc,mode,test_client,seed,fl_method
LocalOnly_ASHBRITTLE   PHARMACY_s7,110,42,0.38181818181818183,0.4403053950205335,1.1531807964823497,0.5742296918767508,0.25411179521964744,0.1463265006228966,0.05478321348909789,0.5262605042016807,0.3475962581167586,-0.46038197740490394,0.5185185185185185,0.3333333333333333,1.3580246913580245,0.43636363636363634,0.5714285714285714,1.1428571428571428,0.3888888888888889,0.6666666666666666,1.0185185185185186,68,0.6181818181818182,0.6897769036366831,1.1158155794122815,0.5742296918767508,0.25411179521964744,0.14632650062289662,0.05478321348909789,0.5262605042016807,0.34759625811675865,0.460381977404904,0.6666666666666666,0.2647058823529412,1.0784313725490196,0.6727272727272727,0.5441176470588235,1.0882352941176472,0.6805555555555556,0.7205882352941176,1.1008986928104576,0.5742296918767508,local_only,ASHBRITTLE   PHARMACY,7,
LocalOnly_ASHBRITTLE   PHARMACY_s11,110,42,0.38181818181818183,0.47863763140716914,1.2535747489235383,0.613095238095238,0.24182277245140718,0.11670496219400926,0.11797258613507576,0.5546218487394958,0.5925981572637873,-0.4630587580696067,0.5185185185185185,0.3333333333333333,1.3580246913580245,0.4727272727272727,0.6190476190476191,1.238095238095238,0.4166666666666667,0.7142857142857143,1.0912698412698412,68,0.6181818181818182,0.7071158070321445,1.143863805493175,0.613095238095238,0.24182277245140718,0.11670496219400914,0.11797258613507576,0.5546218487394958,0.5925981572637874,0.4630587580696068,0.7407407407407407,0.29411764705882354,1.1982570806100217,0.7090909090909091,0.5735294117647058,1.147058823529412,0.6944444444444444,0.7352941176470589,1.1233660130718954,0.613095238095238,local_only,ASHBRITTLE   PHARMACY,11,
LocalOnly_ASHBRITTLE   PHARMACY_s19,110,42,0.38181818181818183,0.41982296950643133,1.0995363487073202,0.5241596638655462,0.26702838471790186,0.1644381432174122,0.008988968316207744,0.5042016806722689,0.11806623665709194,-0.4713810532072105,0.4444444444444444,0.2857142857142857,1.164021164021164,0.4,0.5238095238095238,1.0476190476190477,0.3888888888888889,0.6666666666666666,1.0185185185185186,68,0.6181818181818182,0.6446532019480886,1.0428213560924964,0.5241596638655461,0.26702838471790186,0.16443814321741215,0.008988968316207744,0.5042016806722689,0.11806623665709187,0.47138105320721063,0.6666666666666666,0.2647058823529412,1.0784313725490196,0.6363636363636364,0.5147058823529411,1.0294117647058825,0.6388888888888888,0.6764705882352942,1.0334967320261437,0.5241596638655462,local_only,ASHBRITTLE   PHARMACY,19,
LocalOnly_ASHBRITTLE   PHARMACY_s23,110,42,0.38181818181818183,0.43984463953745956,1.1519740559314418,0.5707282913165266,0.2576643808152356,0.1508935812256145,0.080247430883929,0.5381652661064427,0.2508995141533752,-0.4617065865690653,0.5185185185185185,0.3333333333333333,1.3580246913580245,0.43636363636363634,0.5714285714285714,1.1428571428571428,0.4027777777777778,0.6904761904761905,1.0548941798941798,68,0.6181818181818182,0.6562306631082123,1.061549602086814,0.5707282913165266,0.2576643808152356,0.15089358122561455,0.080247430883929,0.5381652661064427,0.2508995141533752,0.4617065865690653,0.7037037037037037,0.27941176470588236,1.1383442265795207,0.6727272727272727,0.5441176470588235,1.0882352941176472,0.6944444444444444,0.7352941176470589,1.1233660130718954,0.5707282913165266,local_only,ASHBRITTLE   PHARMACY,23,
LocalOnly_ASHBRITTLE   PHARMACY_s37,110,42,0.38181818181818183,0.38890322296254426,1.0185560601399968,0.5301120448179272,0.26509450300570087,0.144470795155857,0.12073925380701243,0.5574229691876751,0.16368515159276936,-0.4688723166828586,0.37037037037037035,0.23809523809523808,0.9700176366843033,0.41818181818181815,0.5476190476190477,1.0952380952380951,0.4027777777777778,0.6904761904761905,1.0548941798941798,68,0.6181818181818182,0.6906655135485433,1.1172530366226436,0.5301120448179272,0.26509450300570087,0.14447079515585703,0.12073925380701243,0.5574229691876751,0.16368515159276933,0.46887231668285856,0.7407407407407407,0.29411764705882354,1.1982570806100217,0.6545454545454545,0.5294117647058824,1.0588235294117647,0.6388888888888888,0.6764705882352942,1.0334967320261437,0.5301120448179272,local_only,ASHBRITTLE   PHARMACY,37,
LocalOnly_BALLANTYNE PARK PHARMACY_s7,114,35,0.30701754385964913,0.4582594669159745,1.4926165493834598,0.6683544303797468,0.2267030652002422,0.1706878826976084,0.1704527378491795,0.5804701627486437,0.47608587416054543,-0.7294863367038485,0.5,0.4,1.6285714285714286,0.40350877192982454,0.6571428571428571,1.314285714285714,0.37333333333333335,0.8,1.216,79,0.6929824561403509,0.7974846928022097,1.150800695942429,0.6683544303797468,0.2267030652002422,0.1706878826976084,0.1704527378491795,0.5804701627486437,0.47608587416054565,0.7294863367038485,0.8214285714285714,0.2911392405063291,1.1853526220614827,0.7894736842105263,0.569620253164557,1.1392405063291138,0.7733333333333333,0.7341772151898734,1.1159493670886076,0.6683544303797468,local_only,BALLANTYNE PARK PHARMACY,7,
LocalOnly_BALLANTYNE PARK PHARMACY_s11,114,35,0.30701754385964913,0.40748705280980585,1.3272435434376533,0.633996383363472,0.2416185457054399,0.20690783457963266,0.22502906038113507,0.6074141048824593,0.3459887382291717,-0.7668096893058037,0.42857142857142855,0.34285714285714286,1.3959183673469386,0.38596491228070173,0.6285714285714286,1.2571428571428571,0.3466666666666667,0.7428571428571429,1.1291428571428572,79,0.6929824561403509,0.7838577145757029,1.131136448881394,0.633996383363472,0.2416185457054399,0.20690783457963272,0.22502906038113507,0.6074141048824593,0.34598873822917176,0.7668096893058037,0.8928571428571429,0.31645569620253167,1.2884267631103075,0.7719298245614035,0.5569620253164557,1.1139240506329113,0.7733333333333333,0.7341772151898734,1.1159493670886076,0.633996383363472,local_only,BALLANTYNE PARK PHARMACY,11,
LocalOnly_BALLANTYNE PARK PHARMACY_s19,114,35,0.30701754385964913,0.5032113124557239,1.6390311319986435,0.6990958408679928,0.21986400141854462,0.1647324379712838,0.19187561415599363,0.5884267631103074,0.7263536801756064,-0.7341232762805333,0.5714285714285714,0.45714285714285713,1.8612244897959183,0.45614035087719296,0.7428571428571429,1.4857142857142855,0.37333333333333335,0.8,1.216,79,0.6929824561403509,0.8120005803497791,1.1717476729098077,0.6990958408679928,0.21986400141854462,0.16473243797128376,0.19187561415599363,0.5884267631103074,0.7263536801756064,0.7341232762805334,0.8571428571428571,0.3037974683544304,1.236889692585895,0.8421052631578947,0.6075949367088608,1.2151898734177213,0.7733333333333333,0.7341772151898734,1.1159493670886076,0.6990958408679928,local_only,BALLANTYNE PARK PHARMACY,19,
LocalOnly_BALLANTYNE PARK PHARMACY_s23,114,35,0.30701754385964913,0.44776791820399847,1.4584440764358806,0.6741410488245931,0.22440459236566457,0.16450221270984053,0.2030745398678227,0.5947558770343581,0.5191798606131273,-0.7187118693890827,0.5357142857142857,0.42857142857142855,1.7448979591836733,0.43859649122807015,0.7142857142857143,1.4285714285714284,0.37333333333333335,0.8,1.216,79,0.6929824561403509,0.806314156714405,1.163541947663825,0.6741410488245932,0.22440459236566457,0.16450221270984053,0.2030745398678227,0.5947558770343581,0.5191798606131272,0.7187118693890827,0.8571428571428571,0.3037974683544304,1.236889692585895,0.8245614035087719,0.5949367088607594,1.1898734177215189,0.7866666666666666,0.7468354430379747,1.1351898734177215,0.6741410488245931,local_only,BALLANTYNE PARK PHARMACY,23,
LocalOnly_BALLANTYNE PARK PHARMACY_s37,114,35,0.30701754385964913,0.4882462231645463,1.5902876983073793,0.7207956600361664,0.2189113039727843,0.19488747590579583,0.22582538422786116,0.6027124773960217,0.6746171724643082,-0.7560984340955798,0.6071428571428571,0.4857142857142857,1.977551020408163,0.45614035087719296,0.7428571428571429,1.4857142857142855,0.4,0.8571428571428571,1.302857142857143,79,0.6929824561403509,0.8318877838455021,1.2004456627643953,0.7207956600361664,0.2189113039727843,0.19488747590579583,0.22582538422786116,0.6027124773960217,0.6746171724643081,0.7560984340955798,0.8928571428571429,0.31645569620253167,1.2884267631103075,0.8421052631578947,0.6075949367088608,1.2151898734177213,0.8133333333333334,0.7721518987341772,1.1736708860759493,0.7207956600361664,local_only,BALLANTYNE PARK PHARMACY,37,
LocalOnly_CIMAS BORROWDALE OFFICE PARK PHARMACY_s7,288,150,0.5208333333333334,0.6775141248906489,1.3008271197900458,0.7192753623188406,0.2038609856657743,0.049645085152953614,0.37333744097446286,0.6846376811594203,0.9387436759109058,0.10546403614036276,0.625,0.3,1.2,0.6805555555555556,0.6533333333333333,1.3066666666666666,0.6684210526315789,0.8466666666666667,1.2833684210526315,138,0.4791666666666667,0.7667673127070069,1.6002100439102753,0.7192753623188406,0.20386098566577426,0.04964508515295364,0.37333744097446286,0.6846376811594203,0.9387436759109058,-0.10546403614036282,0.8333333333333334,0.43478260869565216,1.7391304347826086,0.6388888888888888,0.6666666666666666,1.3333333333333333,0.5421052631578948,0.7463768115942029,1.131350114416476,0.7192753623188406,local_only,CIMAS BORROWDALE OFFICE PARK PHARMACY,7,
LocalOnly_CIMAS BORROWDALE OFFICE PARK PHARMACY_s11,288,150,0.5208333333333334,0.6873616080099136,1.319734287379034,0.7301449275362318,0.201290332564529,0.0573292351219681,0.3662088702673505,0.681304347826087,0.9438213309995507,0.08931159949981156,0.7222222222222222,0.3466666666666667,1.3866666666666665,0.6875,0.66,1.3199999999999998,0.6736842105263158,0.8533333333333334,1.293473684210526,138,0.4791666666666667,0.7687081922239989,1.6042605750761716,0.730144927536232,0.201290332564529,0.0573292351219681,0.3662088702673505,0.681304347826087,0.9438213309995507,-0.08931159949981148,0.8472222222222222,0.4420289855072464,1.7681159420289854,0.6458333333333334,0.6739130434782609,1.3478260869565217,0.5526315789473685,0.7608695652173914,1.1533180778032037,0.7301449275362318,local_only,CIMAS BORROWDALE OFFICE PARK PHARMACY,11,
LocalOnly_CIMAS BORROWDALE OFFICE PARK PHARMACY_s19,288,150,0.5208333333333334,0.6945677646232924,1.3335701080767213,0.7345410628019324,0.19915802834155455,0.05564160877325827,0.3808193549498707,0.6876811594202898,0.9774395933350055,0.06839380497089413,0.6805555555555556,0.32666666666666666,1.3066666666666666,0.6805555555555556,0.6533333333333333,1.3066666666666666,0.6736842105263158,0.8533333333333334,1.293473684210526,138,0.4791666666666667,0.7783071730677074,1.624293230749998,0.7345410628019324,0.19915802834155455,0.05564160877325825,0.3808193549498707,0.6876811594202898,0.9774395933350054,-0.06839380497089415,0.8333333333333334,0.43478260869565216,1.7391304347826086,0.6388888888888888,0.6666666666666666,1.3333333333333333,0.5789473684210527,0.7971014492753623,1.208237986270023,0.7345410628019324,local_only,CIMAS BORROWDALE OFFICE PARK PHARMACY,19,
LocalOnly_CIMAS BORROWDALE OFFICE PARK PHARMACY_s23,288,150,0.5208333333333334,0.6760921124337901,1.298096855872877,0.7185507246376812,0.20541421860636866,0.07054377219765189,0.33810651091829724,0.6673913043478261,0.8886620425957449,0.08201976441209743,0.6666666666666666,0.32,1.2799999999999998,0.6666666666666666,0.64,1.2799999999999998,0.6684210526315789,0.8466666666666667,1.2833684210526315,138,0.4791666666666667,0.7640169066141477,1.5944700659773516,0.7185507246376811,0.20541421860636863,0.07054377219765191,0.33810651091829724,0.6673913043478261,0.888662042595745,-0.08201976441209745,0.8472222222222222,0.4420289855072464,1.7681159420289854,0.625,0.6521739130434783,1.3043478260869565,0.5368421052631579,0.7391304347826086,1.120366132723112,0.7185507246376812,local_only,CIMAS BORROWDALE OFFICE PARK PHARMACY,23,
LocalOnly_CIMAS BORROWDALE OFFICE PARK PHARMACY_s37,288,150,0.5208333333333334,0.6689238023115321,1.2843337004381417,0.7183574879227053,0.20547176220428143,0.08607330609215436,0.32401516572871836,0.6610144927536232,0.9071470209078443,0.10337724170550165,0.6805555555555556,0.32666666666666666,1.3066666666666666,0.6805555555555556,0.6533333333333333,1.3066666666666666,0.6736842105263158,0.8533333333333334,1.293473684210526,138,0.4791666666666667,0.7623208154493522,1.5909303974595175,0.7183574879227054,0.20547176220428143,0.08607330609215441,0.32401516572871836,0.6610144927536232,0.9071470209078443,-0.10337724170550161,0.8194444444444444,0.427536231884058,1.7101449275362317,0.6388888888888888,0.6666666666666666,1.3333333333333333,0.5473684210526316,0.7536231884057971,1.1423340961098398,0.7183574879227053,local_only,CIMAS BORROWDALE OFFICE PARK PHARMACY,37,
LocalOnly_CIMAS BULAWAYO PHARMACY_s7,1073,558,0.5200372786579683,0.7944531068874197,1.527684917007529,0.83042071197411,0.16101354083066147,0.03042862462110705,0.5246324442931977,0.7599836447785085,0.979052940513778,0.07746584986382814,0.8208955223880597,0.3942652329749104,1.5785320708286525,0.7686567164179104,0.7383512544802867,1.4780800299577381,0.7161016949152542,0.9086021505376344,1.377019925885426,515,0.47996272134203166,0.8539892778033893,1.7792825147243432,0.83042071197411,0.16101354083066147,0.030428624621107077,0.5246324442931977,0.7599836447785085,0.9790529405137781,-0.07746584986382818,0.9328358208955224,0.4854368932038835,1.9435589045065933,0.7276119402985075,0.7572815533980582,1.515975945515143,0.6299435028248588,0.8660194174757282,1.3124842301574242,0.83042071197411,local_only,CIMAS BULAWAYO PHARMACY,7,
LocalOnly_CIMAS BULAWAYO PHARMACY_s11,1073,558,0.5200372786579683,0.7935749245933774,1.5259962259654014,0.8277969168667572,0.16175978898110926,0.030098667299233144,0.5353728982646045,0.7659585203744301,0.9703522551817977,0.08766045841492313,0.8097014925373134,0.3888888888888889,1.5570066334991706,0.7761194029850746,0.7455197132616488,1.492430321510726,0.711864406779661,0.9032258064516129,1.3688718789866958,515,0.47996272134203166,0.8517895378525367,1.7746993672150913,0.8277969168667572,0.16175978898110926,0.03009866729923317,0.5353728982646045,0.7659585203744301,0.9703522551817977,-0.08766045841492318,0.9402985074626866,0.4893203883495146,1.9591073757426463,0.7369402985074627,0.7669902912621359,1.5354115345602086,0.6228813559322034,0.8563106796116505,1.2977702813888432,0.8277969168667572,local_only,CIMAS BULAWAYO PHARMACY,11,
LocalOnly_CIMAS BULAWAYO PHARMACY_s19,1073,558,0.5200372786579683,0.7871471142501374,1.5136359383340454,0.8260117618401365,0.1616598397277137,0.041837613541706176,0.5447206215627219,0.7706632564289939,0.9656253703109547,0.09415364287546538,0.7985074626865671,0.3835125448028674,1.535481196169689,0.7817164179104478,0.7508960573476703,1.5031930401754667,0.7146892655367232,0.9068100358422939,1.374303910252516,515,0.47996272134203166,0.8510501233013081,1.7731588005869974,0.8260117618401365,0.1616598397277137,0.041837613541706134,0.5447206215627219,0.7706632564289939,0.9656253703109547,-0.09415364287546536,0.9402985074626866,0.4893203883495146,1.9591073757426463,0.7406716417910447,0.7708737864077669,1.543185770178235,0.6186440677966102,0.8504854368932039,1.2889419121276946,0.8260117618401365,local_only,CIMAS BULAWAYO PHARMACY,19,
LocalOnly_CIMAS BULAWAYO PHARMACY_s23,1073,558,0.5200372786579683,0.7896599600983816,1.518467987787748,0.8276333646518426,0.16112107614882218,0.04177276869254453,0.5411620295652377,0.7686466924174409,0.9811757718468305,0.08018469836432049,0.8097014925373134,0.3888888888888889,1.5570066334991706,0.7835820895522388,0.7526881720430108,1.5067806130637138,0.7146892655367232,0.9068100358422939,1.374303910252516,515,0.47996272134203166,0.854452941980043,1.7802485567856041,0.8276333646518426,0.16112107614882218,0.04177276869254457,0.5411620295652377,0.7686466924174409,0.9811757718468306,-0.08018469836432048,0.9328358208955224,0.4854368932038835,1.9435589045065933,0.7425373134328358,0.7728155339805826,1.5470728879872482,0.6200564971751412,0.8524271844660194,1.2918847018814108,0.8276333646518426,local_only,CIMAS BULAWAYO PHARMACY,23,
LocalOnly_CIMAS BULAWAYO PHARMACY_s37,1073,558,0.5200372786579683,0.7873781001568579,1.514080110158259,0.8277273201795594,0.1610881124673914,0.0373641857632512,0.5430974333438664,0.7695427497651113,0.9716252144369749,0.08484443362566513,0.7985074626865671,0.3835125448028674,1.535481196169689,0.7798507462686567,0.7491039426523297,1.4996054672872197,0.7161016949152542,0.9086021505376344,1.377019925885426,515,0.47996272134203166,0.8528580895637388,1.7769256895182364,0.8277273201795594,0.1610881124673914,0.03736418576325115,0.5430974333438664,0.7695427497651113,0.9716252144369749,-0.0848444336256651,0.9328358208955224,0.4854368932038835,1.9435589045065933,0.7388059701492538,0.7689320388349514,1.539298652369222,0.6228813559322034,0.8563106796116505,1.2977702813888432,0.8277273201795594,local_only,CIMAS BULAWAYO PHARMACY,37,
LocalOnly_CIMAS CLINIC -MASVINGO PHARMACY_s7,296,141,0.47635135135135137,0.623106460303068,1.3080816471610506,0.7191031800503317,0.21037793548715877,0.07032394471884776,0.38636499010009057,0.6903912148249829,0.7996701748383849,-0.061130142735914904,0.6216216216216216,0.3262411347517731,1.304964539007092,0.6756756756756757,0.7092198581560284,1.4184397163120566,0.6153846153846154,0.851063829787234,1.2918712493180577,155,0.5236486486486487,0.7648953697785796,1.460703415835223,0.7191031800503317,0.21037793548715877,0.07032394471884776,0.38636499010009057,0.6903912148249829,0.7996701748383848,0.06113014273591491,0.8378378378378378,0.4,1.5999999999999999,0.722972972972973,0.6903225806451613,1.3806451612903226,0.6205128205128205,0.7806451612903226,1.1849793217535152,0.7191031800503317,local_only,CIMAS CLINIC -MASVINGO PHARMACY,7,
LocalOnly_CIMAS CLINIC -MASVINGO PHARMACY_s11,296,141,0.47635135135135137,0.615065884199539,1.2912021398798832,0.7208419126058112,0.2115024869485617,0.06368835126488238,0.380293828599779,0.6871654083733699,0.7724493115701523,-0.07126997763588315,0.6486486486486487,0.3404255319148936,1.3617021276595744,0.6824324324324325,0.7163120567375887,1.4326241134751774,0.6051282051282051,0.8368794326241135,1.2703400618294234,155,0.5236486486486487,0.759827738161143,1.4510258741657955,0.720841912605811,0.2115024869485617,0.06368835126488236,0.380293828599779,0.6871654083733699,0.7724493115701523,0.07126997763588316,0.8513513513513513,0.4064516129032258,1.625806451612903,0.7297297297297297,0.6967741935483871,1.393548387096774,0.6256410256410256,0.7870967741935484,1.1947725392886683,0.7208419126058112,local_only,CIMAS CLINIC -MASVINGO PHARMACY,11,
LocalOnly_CIMAS CLINIC -MASVINGO PHARMACY_s19,296,141,0.47635135135135137,0.6196664622226258,1.3008600909070724,0.7214367421642645,0.21024762572693262,0.07395016655021494,0.39153750728233444,0.6913520933424846,0.8041228765214196,-0.1058769232669056,0.6081081081081081,0.3191489361702128,1.2765957446808511,0.6824324324324325,0.7163120567375887,1.4326241134751774,0.6102564102564103,0.8439716312056738,1.2811056555737408,155,0.5236486486486487,0.7669637702001536,1.4646533934144867,0.7214367421642645,0.21024762572693262,0.07395016655021491,0.39153750728233444,0.6913520933424846,0.8041228765214196,0.10587692326690556,0.8378378378378378,0.4,1.5999999999999999,0.7297297297297297,0.6967741935483871,1.393548387096774,0.6307692307692307,0.7935483870967742,1.2045657568238213,0.7214367421642645,local_only,CIMAS CLINIC -MASVINGO PHARMACY,19,
LocalOnly_CIMAS CLINIC -MASVINGO PHARMACY_s23,296,141,0.47635135135135137,0.6447844365026614,1.3535900227289912,0.7320979180965455,0.20612794676857288,0.09876389445620153,0.41384973825429067,0.703935026309769,0.8479842351995441,-0.0786028443087457,0.6351351351351351,0.3333333333333333,1.3333333333333333,0.6824324324324325,0.7163120567375887,1.4326241134751774,0.6256410256410256,0.8652482269503546,1.313402436806692,155,0.5236486486486487,0.7664103721665114,1.463596581685725,0.7320979180965455,0.20612794676857288,0.09876389445620155,0.41384973825429067,0.703935026309769,0.8479842351995441,0.0786028443087457,0.8108108108108109,0.3870967741935484,1.5483870967741935,0.7297297297297297,0.6967741935483871,1.393548387096774,0.6256410256410256,0.7870967741935484,1.1947725392886683,0.7320979180965455,local_only,CIMAS CLINIC -MASVINGO PHARMACY,23,
LocalOnly_CIMAS CLINIC -MASVINGO PHARMACY_s37,296,141,0.47635135135135137,0.659561214166369,1.3846107758386186,0.7432624113475177,0.2038394457899403,0.07022394720936612,0.41137431223278365,0.7013498055364904,0.8717591221239304,-0.08536818368926527,0.6621621621621622,0.3475177304964539,1.3900709219858156,0.6756756756756757,0.7092198581560284,1.4184397163120566,0.6153846153846154,0.851063829787234,1.2918712493180577,155,0.5236486486486487,0.7720793794006912,1.4744225567909972,0.7432624113475177,0.20383944578994032,0.07022394720936607,0.41137431223278365,0.7013498055364904,0.8717591221239304,0.08536818368926527,0.8378378378378378,0.4,1.5999999999999999,0.722972972972973,0.6903225806451613,1.3806451612903226,0.6410256410256411,0.8064516129032258,1.2241521918941274,0.7432624113475177,local_only,CIMAS CLINIC -MASVINGO PHARMACY,37,
LocalOnly_CIMAS FIFE AVENUE PHARMACY_s7,484,206,0.4256198347107438,0.6388565988615847,1.50100288276217,0.7633931689599777,0.19598631255261928,0.06434456207449885,0.4069780438469467,0.702189704547042,0.8755532443364616,-0.2842786434568813,0.6363636363636364,0.3737864077669903,1.495145631067961,0.6157024793388429,0.7233009708737864,1.4466019417475726,0.5862068965517241,0.9077669902912622,1.3773016404419147,278,0.5743801652892562,0.8447170124198276,1.4706583957237287,0.7633931689599777,0.19598631255261928,0.06434456207449879,0.4069780438469467,0.702189704547042,0.8755532443364616,0.28427864345688125,0.9338842975206612,0.4064748201438849,1.6258992805755397,0.7644628099173554,0.6654676258992805,1.3309352517985613,0.6927899686520376,0.7949640287769785,1.2061523195236914,0.7633931689599777,local_only,CIMAS FIFE AVENUE PHARMACY,7,
LocalOnly_CIMAS FIFE AVENUE PHARMACY_s11,484,206,0.4256198347107438,0.6127037570007792,1.439556399943578,0.7511175525598939,0.19989778216875864,0.08577431094901598,0.39847224139328397,0.6979639589299433,0.848774070781214,-0.28700502223958246,0.6198347107438017,0.3640776699029126,1.4563106796116505,0.5991735537190083,0.7038834951456311,1.407766990291262,0.5799373040752351,0.8980582524271845,1.3625711416136592,278,0.5743801652892562,0.841372620262766,1.4648357849179092,0.7511175525598937,0.19989778216875864,0.08577431094901594,0.39847224139328397,0.6979639589299433,0.848774070781214,0.2870050222395825,0.9504132231404959,0.4136690647482014,1.654676258992806,0.7479338842975206,0.6510791366906474,1.3021582733812949,0.6865203761755486,0.7877697841726619,1.1952369139171422,0.7511175525598939,local_only,CIMAS FIFE AVENUE PHARMACY,11,
LocalOnly_CIMAS FIFE AVENUE PHARMACY_s19,484,206,0.4256198347107438,0.6410038751142693,1.5060479395888655,0.7668680589508975,0.19355698687337042,0.07583438747259257,0.4168776539326651,0.7075853880002794,0.9137334776294976,-0.2772810390290635,0.6528925619834711,0.38349514563106796,1.5339805825242718,0.6115702479338843,0.7184466019417476,1.436893203883495,0.5893416927899686,0.912621359223301,1.3846668898560426,278,0.5743801652892562,0.8512550166938654,1.4820411082008305,0.7668680589508976,0.19355698687337042,0.0758343874725926,0.4168776539326651,0.7075853880002794,0.9137334776294976,0.2772810390290635,0.9586776859504132,0.4172661870503597,1.669064748201439,0.7603305785123967,0.6618705035971223,1.3237410071942446,0.6865203761755486,0.7877697841726619,1.1952369139171422,0.7668680589508975,local_only,CIMAS FIFE AVENUE PHARMACY,19,
LocalOnly_CIMAS FIFE AVENUE PHARMACY_s23,484,206,0.4256198347107438,0.6378664721947045,1.4986765657390144,0.7656981211147587,0.19504206463810114,0.07198664259552363,0.40177637891161716,0.6997625200810225,0.8968130417922664,-0.2809151713538021,0.6528925619834711,0.38349514563106796,1.5339805825242718,0.6239669421487604,0.7330097087378641,1.4660194174757282,0.5830721003134797,0.9029126213592233,1.369936391027787,278,0.5743801652892562,0.8464514567555899,1.4736780757903076,0.7656981211147587,0.19504206463810114,0.07198664259552362,0.40177637891161716,0.6997625200810225,0.8968130417922664,0.28091517135380206,0.9421487603305785,0.41007194244604317,1.6402877697841727,0.7727272727272727,0.6726618705035972,1.3453237410071943,0.6865203761755486,0.7877697841726619,1.1952369139171422,0.7656981211147587,local_only,CIMAS FIFE AVENUE PHARMACY,23,
LocalOnly_CIMAS FIFE AVENUE PHARMACY_s37,484,206,0.4256198347107438,0.6292859745903379,1.478516561658852,0.7554306069707342,0.19966475634332828,0.08787766590984045,0.3899664389396212,0.6937382133128449,0.839735726253316,-0.26440348608503617,0.6694214876033058,0.3932038834951456,1.5728155339805825,0.6033057851239669,0.7087378640776699,1.4174757281553396,0.5642633228840125,0.8737864077669902,1.3257448945430195,278,0.5743801652892562,0.8397605513083483,1.4620291612706495,0.7554306069707342,0.19966475634332828,0.08787766590984047,0.3899664389396212,0.6937382133128449,0.839735726253316,0.26440348608503617,0.9421487603305785,0.41007194244604317,1.6402877697841727,0.7520661157024794,0.6546762589928058,1.3093525179856116,0.6896551724137931,0.7913669064748201,1.2006946167204169,0.7554306069707342,local_only,CIMAS FIFE AVENUE PHARMACY,37,
LocalOnly_CIMAS FOURTH STREET PHARMACY_s7,2266,906,0.39982347749338043,0.6931277863656573,1.7335845076209486,0.818912316582262,0.17281437380293557,0.0668005031675033,0.5050106822254755,0.7540035385014934,0.9790132195278777,-0.4006063848919334,0.7208480565371025,0.4503311258278146,1.802915779374254,0.6345984112974404,0.7935982339955849,1.5871964679911699,0.57123745819398,0.9426048565121413,1.4287241504056938,1360,0.6001765225066196,0.8863239318389646,1.4767720805493338,0.8189123165822622,0.17281437380293557,0.06680050316750338,0.5050106822254755,0.7540035385014934,0.9790132195278777,0.4006063848919334,0.9646643109540636,0.40147058823529413,1.6073009769278737,0.8349514563106796,0.6955882352941176,1.3911764705882352,0.7471571906354515,0.8213235294117647,1.2448957308675979,0.818912316582262,local_only,CIMAS FOURTH STREET PHARMACY,7,
LocalOnly_CIMAS FOURTH STREET PHARMACY_s11,2266,906,0.39982347749338043,0.6934087181664803,1.7342871472022563,0.8182614270873911,0.17291996709519863,0.06653092644978169,0.5055334980792767,0.7541877678223607,0.9772814278401583,-0.3982265967118832,0.7190812720848057,0.4492273730684327,1.7984968681502975,0.6398940864960282,0.8002207505518764,1.6004415011037525,0.5705685618729097,0.9415011037527594,1.427051171306858,1360,0.6001765225066196,0.8848015669199696,1.4742355519416552,0.8182614270873912,0.17291996709519863,0.06653092644978166,0.5055334980792767,0.7541877678223607,0.9772814278401583,0.39822659671188315,0.9611307420494699,0.4,1.6014134275618375,0.8402471315092674,0.7,1.4000000000000001,0.7424749163879598,0.8161764705882353,1.237094235687586,0.8182614270873911,local_only,CIMAS FOURTH STREET PHARMACY,11,
LocalOnly_CIMAS FOURTH STREET PHARMACY_s19,2266,906,0.39982347749338043,0.699694636197987,1.7500088803803957,0.8190803142449034,0.17309764175564682,0.06687218275710274,0.5071139687734575,0.7547404557849631,0.978609974681225,-0.4006882195581271,0.7226148409893993,0.45143487858719644,1.8073346905982106,0.6354810238305384,0.7947019867549668,1.5894039735099337,0.5692307692307692,0.9392935982339956,1.4237052131091865,1360,0.6001765225066196,0.8853101202958492,1.475082891610584,0.8190803142449032,0.17309764175564682,0.0668721827571027,0.5071139687734575,0.7547404557849631,0.9786099746812251,0.4006882195581271,0.9593639575971732,0.39926470588235297,1.5984696528788196,0.8358340688437775,0.6963235294117647,1.3926470588235293,0.7438127090301003,0.8176470588235294,1.2393232343104466,0.8190803142449034,local_only,CIMAS FOURTH STREET PHARMACY,19,
LocalOnly_CIMAS FOURTH STREET PHARMACY_s23,2266,906,0.39982347749338043,0.6928558265869649,1.7329043079978612,0.81682979483184,0.17376248826759821,0.06623402811481252,0.5048811290721158,0.7538201207635372,0.9685838632638595,-0.3941946580631348,0.715547703180212,0.4470198675496689,1.7896590457023844,0.6354810238305384,0.7947019867549668,1.5894039735099337,0.5692307692307692,0.9392935982339956,1.4237052131091865,1360,0.6001765225066196,0.8840303096710322,1.4729505012607051,0.81682979483184,0.17376248826759821,0.06623402811481256,0.5048811290721158,0.7538201207635372,0.9685838632638595,0.39419465806313475,0.9593639575971732,0.39926470588235297,1.5984696528788196,0.8358340688437775,0.6963235294117647,1.3926470588235293,0.7464882943143812,0.8205882352941176,1.2437812315561676,0.81682979483184,local_only,CIMAS FOURTH STREET PHARMACY,23,
LocalOnly_CIMAS FOURTH STREET PHARMACY_s37,2266,906,0.39982347749338043,0.6952626064721473,1.7389239142007569,0.8190510972600962,0.17287444278658806,0.06663100006357842,0.5043575999865947,0.7536358914426697,0.9803071439642558,-0.39911922656057475,0.7226148409893993,0.45143487858719644,1.8073346905982106,0.6363636363636364,0.7958057395143487,1.5916114790286975,0.5678929765886288,0.9370860927152318,1.4203592549115152,1360,0.6001765225066196,0.8856237691312279,1.4756054859201195,0.8190510972600962,0.17287444278658806,0.06663100006357842,0.5043575999865947,0.7536358914426697,0.9803071439642558,0.39911922656057475,0.9593639575971732,0.39926470588235297,1.5984696528788196,0.8367166813768756,0.6970588235294117,1.3941176470588237,0.7464882943143812,0.8205882352941176,1.2437812315561676,0.8190510972600962,local_only,CIMAS FOURTH STREET PHARMACY,37,
LocalOnly_CIMAS HCC  MUTARE PHARMACY_s7,813,419,0.5153751537515375,0.742334067353895,1.4403761259157914,0.7832765952291534,0.18304520113353873,0.027931138440828014,0.47091979937549777,0.7317943374968199,0.9845260189246459,0.06713265625760956,0.7635467980295566,0.36992840095465396,1.4815359112124808,0.7266009852216748,0.7040572792362768,1.4098486897021996,0.6772388059701493,0.8663484486873508,1.3140695686246573,394,0.48462484624846247,0.8099572830656931,1.671307794752306,0.7832765952291534,0.18304520113353873,0.027931138440828007,0.47091979937549777,0.7317943374968199,0.9845260189246459,-0.06713265625760953,0.8866995073891626,0.45685279187817257,1.8296616738766223,0.6945812807881774,0.7157360406091371,1.4332349778700209,0.6063432835820896,0.8248730964467005,1.2511601257671037,0.7832765952291534,local_only,CIMAS HCC  MUTARE PHARMACY,7,
LocalOnly_CIMAS HCC  MUTARE PHARMACY_s11,813,419,0.5153751537515375,0.7309523682681462,1.4182918267350904,0.7742691687968695,0.18505182981181192,0.030193286964660195,0.45280581296302713,0.7233653974292187,0.9630622571414056,0.0735118977270986,0.729064039408867,0.3532219570405728,1.4146278378028851,0.7216748768472906,0.6992840095465394,1.4002903935008286,0.6809701492537313,0.8711217183770883,1.3213096213443523,394,0.48462484624846247,0.8064194220134306,1.664007589078475,0.7742691687968695,0.18505182981181192,0.03019328696466019,0.45280581296302713,0.7233653974292187,0.9630622571414056,-0.0735118977270986,0.8817733990147784,0.4543147208121827,1.81949688679953,0.6921182266009852,0.7131979695431472,1.4281525843314746,0.6119402985074627,0.8324873096446701,1.2627092961588,0.7742691687968695,local_only,CIMAS HCC  MUTARE PHARMACY,11,
LocalOnly_CIMAS HCC  MUTARE PHARMACY_s19,813,419,0.5153751537515375,0.7207948865116226,1.3985829182194491,0.774402432671456,0.18488002264274894,0.04654219891436089,0.46303061552067937,0.7282143852295166,0.9671431975249752,0.06806057064049142,0.7487684729064039,0.3627684964200477,1.4528610226083685,0.7167487684729064,0.6945107398568019,1.390732097299458,0.6847014925373134,0.8758949880668258,1.3285496740640472,394,0.48462484624846247,0.806775406910989,1.6647421467478023,0.7744024326714561,0.18488002264274894,0.046542198914360886,0.46303061552067937,0.7282143852295166,0.9671431975249754,-0.0680605706404914,0.896551724137931,0.4619289340101523,1.849991248030807,0.687192118226601,0.7081218274111675,1.4179877972543822,0.6100746268656716,0.8299492385786802,1.258859572694901,0.774402432671456,local_only,CIMAS HCC  MUTARE PHARMACY,19,
LocalOnly_CIMAS HCC  MUTARE PHARMACY_s23,813,419,0.5153751537515375,0.7391796566329756,1.434255515137492,0.7807566965096979,0.18442761486420187,0.045894918462237554,0.46017823802958163,0.7270967859176429,0.9783136296582734,0.06936476042600152,0.7635467980295566,0.36992840095465396,1.4815359112124808,0.7118226600985221,0.6897374701670644,1.381173801098087,0.6847014925373134,0.8758949880668258,1.3285496740640472,394,0.48462484624846247,0.808110985142357,1.6674980480221733,0.780756696509698,0.18442761486420187,0.045894918462237554,0.46017823802958163,0.7270967859176429,0.9783136296582734,-0.06936476042600154,0.8866995073891626,0.45685279187817257,1.8296616738766223,0.6798029556650246,0.700507614213198,1.4027406166387437,0.621268656716418,0.8451776649746193,1.281957913478294,0.7807566965096979,local_only,CIMAS HCC  MUTARE PHARMACY,23,
LocalOnly_CIMAS HCC  MUTARE PHARMACY_s37,813,419,0.5153751537515375,0.7284230243333115,1.4133840543746594,0.7749415456186471,0.18565162081513253,0.03734022055165806,0.45042388033463504,0.7220963618962237,0.9647392800637454,0.06456811855110606,0.7389162561576355,0.35799522673031026,1.4337444302056268,0.7118226600985221,0.6897374701670644,1.381173801098087,0.6791044776119403,0.8687350835322196,1.3176895949845047,394,0.48462484624846247,0.8049468096574907,1.6609689244962942,0.7749415456186473,0.18565162081513253,0.03734022055165809,0.45042388033463504,0.7220963618962237,0.9647392800637454,-0.06456811855110609,0.8817733990147784,0.4543147208121827,1.81949688679953,0.6822660098522167,0.7030456852791879,1.40782301017729,0.6063432835820896,0.8248730964467005,1.2511601257671037,0.7749415456186471,local_only,CIMAS HCC  MUTARE PHARMACY,37,
LocalOnly_CIMAS HCC CHINHOYI ST. PHARM_s7,1347,598,0.44394951744617667,0.7211108239508546,1.6243081603040153,0.8162075632616063,0.17075546954565757,0.05312721732010674,0.524583444098152,0.7608807283736174,0.9598608997085306,-0.21671614529948857,0.7291666666666666,0.4096989966555184,1.6424540133779264,0.6983655274888558,0.7859531772575251,1.5730741898452991,0.6220472440944882,0.9247491638795987,1.4011666183867486,749,0.5560504825538233,0.864629516331068,1.5549478751641503,0.8162075632616064,0.17075546954565757,0.05312721732010677,0.524583444098152,0.7608807283736174,0.9598608997085305,0.2167161452994886,0.9613095238095238,0.43124165554072097,1.7288169940873548,0.8112927191679049,0.7289719626168224,1.4590270930830014,0.6951631046119235,0.8251001335113485,1.2501798423394674,0.8162075632616063,local_only,CIMAS HCC CHINHOYI ST. PHARM,7,
LocalOnly_CIMAS HCC CHINHOYI ST. PHARM_s11,1347,598,0.44394951744617667,0.7204766253576862,1.6228796226702398,0.8162656116739823,0.17073474711177247,0.05582441869169107,0.5251677933951362,0.7610492920326322,0.9572533080754201,-0.20864157691501525,0.7232142857142857,0.40635451505016723,1.6290462255136169,0.6939078751857355,0.7809364548494984,1.5630332907611801,0.6209223847019123,0.9230769230769231,1.3986328631997924,749,0.5560504825538233,0.8656004944513271,1.5566940801414388,0.8162656116739821,0.17073474711177247,0.055824418691691,0.5251677933951362,0.7610492920326322,0.9572533080754201,0.20864157691501534,0.9583333333333334,0.42990654205607476,1.723464619492657,0.8068350668647846,0.7249666221628839,1.4510104607034244,0.6962879640044994,0.8264352469959947,1.252202787068172,0.8162656116739823,local_only,CIMAS HCC CHINHOYI ST. PHARM,11,
LocalOnly_CIMAS HCC CHINHOYI ST. PHARM_s19,1347,598,0.44394951744617667,0.7248606169030251,1.6327546002815632,0.816685346348085,0.17090815853981894,0.048602143890754596,0.5142898134343339,0.7557021402003117,0.9563992441220499,-0.21395057555568792,0.7291666666666666,0.4096989966555184,1.6424540133779264,0.6953937592867756,0.782608695652174,1.5663802571225531,0.6242969628796401,0.9280936454849499,1.406234128760661,749,0.5560504825538233,0.8643590034240396,1.5544613853300153,0.816685346348085,0.17090815853981894,0.048602143890754596,0.5142898134343339,0.7557021402003117,0.95639924412205,0.21395057555568794,0.9553571428571429,0.42857142857142855,1.7181122448979593,0.8083209509658247,0.7263017356475301,1.4536826714966167,0.6940382452193475,0.8237650200267023,1.2481568976107627,0.816685346348085,local_only,CIMAS HCC CHINHOYI ST. PHARM,19,
LocalOnly_CIMAS HCC CHINHOYI ST. PHARM_s23,1347,598,0.44394951744617667,0.7125103819137756,1.6049355927054445,0.815586891775433,0.17112702506884758,0.05926412067271465,0.5124889649121904,0.7548660197989738,0.9493383011953701,-0.2084813494704194,0.7351190476190477,0.41304347826086957,1.6558618012422361,0.6909361069836553,0.7775919732441472,1.5563393580384342,0.6242969628796401,0.9280936454849499,1.406234128760661,749,0.5560504825538233,0.8669218907481658,1.5590704764189312,0.8155868917754331,0.17112702506884758,0.05926412067271466,0.5124889649121904,0.7548660197989738,0.9493383011953701,0.20848134947041938,0.9583333333333334,0.42990654205607476,1.723464619492657,0.8023774145616642,0.7209612817089452,1.4429938283238475,0.6962879640044994,0.8264352469959947,1.252202787068172,0.815586891775433,local_only,CIMAS HCC CHINHOYI ST. PHARM,23,
LocalOnly_CIMAS HCC CHINHOYI ST. PHARM_s37,1347,598,0.44394951744617667,0.7134407722163955,1.6070313046412787,0.8163057990363963,0.1705292191068278,0.04555831718395161,0.5324357508224142,0.764724203062277,0.9588130605297998,-0.21189147025257618,0.7380952380952381,0.41471571906354515,1.662565695174391,0.6953937592867756,0.782608695652174,1.5663802571225531,0.6265466816647919,0.931438127090301,1.4113016391345732,749,0.5560504825538233,0.8678161336015224,1.5606786808561426,0.8163057990363964,0.1705292191068278,0.0455583171839516,0.5324357508224142,0.764724203062277,0.9588130605297998,0.21189147025257615,0.9553571428571429,0.42857142857142855,1.7181122448979593,0.8083209509658247,0.7263017356475301,1.4536826714966167,0.6962879640044994,0.8264352469959947,1.252202787068172,0.8163057990363963,local_only,CIMAS HCC CHINHOYI ST. PHARM,37,
LocalOnly_CIMAS HCC CHITUNGWIZA PHARMACY_s7,619,333,0.5379644588045234,0.7423167328672894,1.379862034969526,0.7691047691047692,0.19166670792236853,0.047190083252582754,0.39894606510226194,0.6995211995211995,0.9456718594689931,0.1589138452505274,0.7857142857142857,0.3633633633633634,1.4605319605319607,0.7411003236245954,0.6876876876876877,1.3776009018727466,0.6985294117647058,0.8558558558558559,1.298467585232291,286,0.4620355411954766,0.7793790891665873,1.6868379587206905,0.769104769104769,0.19166670792236853,0.047190083252582754,0.39894606510226194,0.6995211995211995,0.9456718594689931,-0.1589138452505274,0.8311688311688312,0.44755244755244755,1.79892834438289,0.6666666666666666,0.7202797202797203,1.4428904428904428,0.5808823529411765,0.8286713286713286,1.2572243932538052,0.7691047691047692,local_only,CIMAS HCC CHITUNGWIZA PHARMACY,7,
LocalOnly_CIMAS HCC CHITUNGWIZA PHARMACY_s11,619,333,0.5379644588045234,0.7362027347148998,1.36849697534091,0.7612717612717612,0.1949311667861987,0.050364993821475676,0.396175311246184,0.6982664482664482,0.9110429911870207,0.15815669702507826,0.7662337662337663,0.35435435435435436,1.4243204243204246,0.7411003236245954,0.6876876876876877,1.3776009018727466,0.6813725490196079,0.8348348348348348,1.2665753989283404,286,0.4620355411954766,0.771218684369659,1.669176103583283,0.7612717612717613,0.1949311667861987,0.05036499382147567,0.396175311246184,0.6982664482664482,0.9110429911870207,-0.15815669702507826,0.8311688311688312,0.44755244755244755,1.79892834438289,0.6634304207119741,0.7167832167832168,1.4358861203521398,0.5759803921568627,0.8216783216783217,1.2466149047031398,0.7612717612717612,local_only,CIMAS HCC CHITUNGWIZA PHARMACY,11,
LocalOnly_CIMAS HCC CHITUNGWIZA PHARMACY_s19,619,333,0.5379644588045234,0.7489347290109486,1.3921639557290608,0.7706377706377706,0.19210110437778083,0.048715568789375205,0.39525580670947574,0.6975261975261975,0.9468580199429985,0.1558622201090366,0.7792207792207793,0.36036036036036034,1.4484614484614486,0.7378640776699029,0.6846846846846847,1.3715851774104202,0.6936274509803921,0.8498498498498499,1.289355532002591,286,0.4620355411954766,0.7764452276067334,1.6804880975124754,0.7706377706377706,0.19210110437778083,0.048715568789375156,0.39525580670947574,0.6975261975261975,0.9468580199429985,-0.1558622201090366,0.8181818181818182,0.4405594405594406,1.7708200890019072,0.6601941747572816,0.7132867132867133,1.4288817978138368,0.5857843137254902,0.8356643356643356,1.26783388180447,0.7706377706377706,local_only,CIMAS HCC CHITUNGWIZA PHARMACY,19,
LocalOnly_CIMAS HCC CHITUNGWIZA PHARMACY_s23,619,333,0.5379644588045234,0.738659323193186,1.3730634265963428,0.7656292656292656,0.19311826280137825,0.04526209825641864,0.39244812766677356,0.6962714462714463,0.9211312240897394,0.15656743439588067,0.7792207792207793,0.36036036036036034,1.4484614484614486,0.7281553398058253,0.6756756756756757,1.353538004023441,0.6887254901960784,0.8438438438438438,1.2802434787728907,286,0.4620355411954766,0.7752493708604552,1.677899862107069,0.7656292656292656,0.19311826280137825,0.04526209825641864,0.39244812766677356,0.6962714462714463,0.9211312240897394,-0.1565674343958807,0.8441558441558441,0.45454545454545453,1.8270365997638724,0.6504854368932039,0.7027972027972028,1.4078688301989273,0.5808823529411765,0.8286713286713286,1.2572243932538052,0.7656292656292656,local_only,CIMAS HCC CHITUNGWIZA PHARMACY,23,
LocalOnly_CIMAS HCC CHITUNGWIZA PHARMACY_s37,619,333,0.5379644588045234,0.7367889041554323,1.3695865815982362,0.7675297675297674,0.19203208480372533,0.05162972271336749,0.4176308733755518,0.7085302085302085,0.9330557104428675,0.15145403952973915,0.7662337662337663,0.35435435435435436,1.4243204243204246,0.7378640776699029,0.6846846846846847,1.3715851774104202,0.6936274509803921,0.8498498498498499,1.289355532002591,286,0.4620355411954766,0.7793900780938592,1.686861742447898,0.7675297675297674,0.19203208480372533,0.05162972271336752,0.4176308733755518,0.7085302085302085,0.9330557104428675,-0.15145403952973913,0.8571428571428571,0.46153846153846156,1.855144855144855,0.6601941747572816,0.7132867132867133,1.4288817978138368,0.5833333333333334,0.8321678321678322,1.2625291375291376,0.7675297675297674,local_only,CIMAS HCC CHITUNGWIZA PHARMACY,37,
LocalOnly_CIMAS HCC GWERU PHARMACY_s7,406,217,0.5344827586206896,0.7705058432186159,1.4415915776348298,0.7978689683758808,0.1754033087816808,0.05777182394086401,0.451200539050602,0.7258064516129032,0.9388440066983615,0.15405133383840428,0.7920792079207921,0.3686635944700461,1.4819546470776113,0.7635467980295566,0.7142857142857143,1.4285714285714286,0.7265917602996255,0.8940092165898618,1.3594297450767188,189,0.46551724137931033,0.8050438324809271,1.7293534179219916,0.7978689683758808,0.1754033087816808,0.057771823940864,0.451200539050602,0.7258064516129032,0.9388440066983617,-0.15405133383840425,0.900990099009901,0.48148148148148145,1.9354602126879357,0.6945812807881774,0.746031746031746,1.492063492063492,0.5917602996254682,0.8359788359788359,1.2711887917880427,0.7978689683758808,local_only,CIMAS HCC GWERU PHARMACY,7,
LocalOnly_CIMAS HCC GWERU PHARMACY_s11,406,217,0.5344827586206896,0.7721024899654807,1.4445788521934801,0.8061346402360225,0.17251332629590357,0.0508942033559088,0.4801151561903984,0.7399726915855949,1.0007180104618945,0.13133384956000288,0.7722772277227723,0.35944700460829493,1.444905780900671,0.7733990147783252,0.7235023041474654,1.447004608294931,0.7303370786516854,0.8986175115207373,1.3664371148967018,189,0.46551724137931033,0.8165462804175974,1.7540623801563202,0.8061346402360228,0.17251332629590357,0.050894203355908815,0.4801151561903984,0.7399726915855949,1.0007180104618945,-0.13133384956000282,0.900990099009901,0.48148148148148145,1.9354602126879357,0.7044334975369458,0.7566137566137566,1.5132275132275133,0.5955056179775281,0.8412698412698413,1.2792342904702456,0.8061346402360225,local_only,CIMAS HCC GWERU PHARMACY,11,
LocalOnly_CIMAS HCC GWERU PHARMACY_s19,406,217,0.5344827586206896,0.7644534776500895,1.430267796893716,0.7972106405286129,0.17542439046013927,0.057897657060152374,0.5091180939306647,0.7537975763782215,0.9685015567107591,0.12630892437251579,0.7920792079207921,0.3686635944700461,1.4819546470776113,0.7635467980295566,0.7142857142857143,1.4285714285714286,0.7265917602996255,0.8940092165898618,1.3594297450767188,189,0.46551724137931033,0.8103058547186315,1.7406570212474306,0.7972106405286128,0.17542439046013927,0.057897657060152354,0.5091180939306647,0.7537975763782215,0.9685015567107591,-0.12630892437251579,0.8910891089108911,0.47619047619047616,1.9141914191419143,0.6945812807881774,0.746031746031746,1.492063492063492,0.5805243445692884,0.8201058201058201,1.2470522957414343,0.7972106405286129,local_only,CIMAS HCC GWERU PHARMACY,19,
LocalOnly_CIMAS HCC GWERU PHARMACY_s23,406,217,0.5344827586206896,0.7795951854836006,1.4585974438080271,0.8062809353131932,0.1726196414200703,0.052478701106832004,0.46543778801843316,0.7327188940092166,1.0164630233088918,0.11833554751218567,0.8118811881188119,0.3778801843317972,1.5190035132545514,0.7635467980295566,0.7142857142857143,1.4285714285714286,0.7265917602996255,0.8940092165898618,1.3594297450767188,189,0.46551724137931033,0.8152321634237807,1.751239462169603,0.8062809353131933,0.1726196414200703,0.052478701106831976,0.46543778801843316,0.7327188940092166,1.0164630233088918,-0.1183355475121856,0.8910891089108911,0.47619047619047616,1.9141914191419143,0.6945812807881774,0.746031746031746,1.492063492063492,0.5955056179775281,0.8412698412698413,1.2792342904702456,0.8062809353131932,local_only,CIMAS HCC GWERU PHARMACY,23,
LocalOnly_CIMAS HCC GWERU PHARMACY_s37,406,217,0.5344827586206896,0.7573805165959644,1.4170345149214818,0.7992831541218638,0.17457651639792354,0.06103249947816624,0.47021235424906016,0.7350230414746544,0.9699187982333521,0.1490109867564226,0.7722772277227723,0.35944700460829493,1.444905780900671,0.7684729064039408,0.7188940092165899,1.4377880184331797,0.7265917602996255,0.8940092165898618,1.3594297450767188,189,0.46551724137931033,0.812543973257033,1.745464831441034,0.7992831541218637,0.17457651639792354,0.06103249947816625,0.47021235424906016,0.7350230414746544,0.9699187982333523,-0.14901098675642266,0.8910891089108911,0.47619047619047616,1.9141914191419143,0.6995073891625616,0.7513227513227513,1.5026455026455028,0.5805243445692884,0.8201058201058201,1.2470522957414343,0.7992831541218638,local_only,CIMAS HCC GWERU PHARMACY,37,
LocalOnly_CIMAS HIGH GLEN PHARMACY_s7,839,362,0.43146603098927294,0.6811821525615427,1.5787619502738517,0.7930087911324231,0.18262008536795798,0.058992343854989984,0.4630960238236192,0.7297305905926775,0.9463626474366261,-0.2699430213037866,0.69377990430622,0.4005524861878453,1.6079595019693884,0.6563245823389021,0.7596685082872928,1.5211500679070136,0.6003616636528029,0.9171270718232044,1.3914459552616065,477,0.5685339690107271,0.8623445552224671,1.5167863350768342,0.7930087911324228,0.18262008536795798,0.058992343854989956,0.4630960238236192,0.7297305905926775,0.9463626474366262,0.26994302130378656,0.937799043062201,0.4109014675052411,1.6495039772100348,0.7923627684964201,0.6960167714884696,1.3936946808563866,0.6925858951175407,0.8029350104821803,1.2181961551438503,0.7930087911324231,local_only,CIMAS HIGH GLEN PHARMACY,7,
LocalOnly_CIMAS HIGH GLEN PHARMACY_s11,839,362,0.43146603098927294,0.6841579010627784,1.5856587817449477,0.7945724312867022,0.18188678277687426,0.0670342479617599,0.4721076120281986,0.7338742370015173,0.9504500500181133,-0.2654622228334448,0.6889952153110048,0.39779005524861877,1.5968701260937377,0.6563245823389021,0.7596685082872928,1.5211500679070136,0.6003616636528029,0.9171270718232044,1.3914459552616065,477,0.5685339690107271,0.8633773056588583,1.5186028499953503,0.7945724312867021,0.18188678277687426,0.06703424796175983,0.4721076120281986,0.7338742370015173,0.9504500500181134,0.2654622228334448,0.9473684210526315,0.41509433962264153,1.6663356504468718,0.7923627684964201,0.6960167714884696,1.3936946808563866,0.6998191681735986,0.8113207547169812,1.2309188303933944,0.7945724312867022,local_only,CIMAS HIGH GLEN PHARMACY,11,
LocalOnly_CIMAS HIGH GLEN PHARMACY_s19,839,362,0.43146603098927294,0.6871099263055593,1.5925006303048737,0.7948967418372193,0.1818598169322867,0.06080887057842702,0.4758933551716298,0.7359706730602176,0.949371043678111,-0.2652337811241197,0.6985645933014354,0.40331491712707185,1.6190488778450396,0.6515513126491647,0.7541436464088398,1.5100871583222353,0.5985533453887885,0.914364640883978,1.3872548529867224,477,0.5685339690107271,0.8633423897581156,1.518541436073499,0.7948967418372193,0.1818598169322867,0.06080887057842705,0.4758933551716298,0.7359706730602176,0.949371043678111,0.2652337811241198,0.9473684210526315,0.41509433962264153,1.6663356504468718,0.7875894988066826,0.6918238993710691,1.3852989297668903,0.7034358047016275,0.8155136268343816,1.2372801680181666,0.7948967418372193,local_only,CIMAS HIGH GLEN PHARMACY,19,
LocalOnly_CIMAS HIGH GLEN PHARMACY_s23,839,362,0.43146603098927294,0.69405554231925,1.608598342557599,0.7999756767087113,0.18007539397698727,0.052237201720709336,0.48191590953443025,0.738733103999444,0.9703603703965371,-0.2725383872445386,0.7177033492822966,0.4143646408839779,1.6634063813476432,0.6539379474940334,0.7569060773480663,1.5156186131146245,0.596745027124774,0.9116022099447514,1.383063750711838,477,0.5685339690107271,0.865170083283557,1.521756184224118,0.7999756767087112,0.18007539397698727,0.05223720172070935,0.48191590953443025,0.738733103999444,0.9703603703965371,0.2725383872445385,0.937799043062201,0.4109014675052411,1.6495039772100348,0.7899761336515513,0.6939203354297694,1.3894968053116383,0.701627486437613,0.8134171907756813,1.2340994992057805,0.7999756767087113,local_only,CIMAS HIGH GLEN PHARMACY,23,
LocalOnly_CIMAS HIGH GLEN PHARMACY_s37,839,362,0.43146603098927294,0.6820745108968097,1.5808301509459208,0.7923833350707112,0.1824235567055548,0.04785733169738413,0.4611946905791913,0.7286823725633274,0.9448128638246421,-0.25743880587247,0.7129186602870813,0.4116022099447514,1.6523170054719922,0.6515513126491647,0.7541436464088398,1.5100871583222353,0.6003616636528029,0.9171270718232044,1.3914459552616065,477,0.5685339690107271,0.8613913024577733,1.515109649396377,0.7923833350707113,0.1824235567055548,0.0478573316973841,0.4611946905791913,0.7286823725633274,0.9448128638246421,0.25743880587247003,0.9425837320574163,0.4129979035639413,1.6579198138284534,0.7875894988066826,0.6918238993710691,1.3852989297668903,0.6962025316455697,0.8071278825995807,1.2245574927686225,0.7923833350707112,local_only,CIMAS HIGH GLEN PHARMACY,37,
LocalOnly_CIMAS KWEKWE CLINIC- PHARMACY_s7,378,125,0.3306878306878307,0.6696518222464772,2.025027110473347,0.8349723320158102,0.1675416687058978,0.10924516947503016,0.4723752109509437,0.7484426877470356,0.9824489240626333,-0.6888896560811845,0.6914893617021277,0.52,2.091063829787234,0.5502645502645502,0.832,1.664,0.4859437751004016,0.968,1.4694939759036143,253,0.6693121693121693,0.9169950655996325,1.3700558687615063,0.8349723320158103,0.1675416687058978,0.10924516947503018,0.4723752109509437,0.7484426877470356,0.9824489240626333,0.6888896560811845,0.9680851063829787,0.35968379446640314,1.4463880245563872,0.8888888888888888,0.6640316205533597,1.3280632411067192,0.8313253012048193,0.8181818181818182,1.2420591456736036,0.8349723320158102,local_only,CIMAS KWEKWE CLINIC- PHARMACY,7,
LocalOnly_CIMAS KWEKWE CLINIC- PHARMACY_s11,378,125,0.3306878306878307,0.6528752177719405,1.974294658542348,0.8305770750988143,0.16832005294235863,0.10453034664825792,0.4702635708695248,0.7483478260869565,0.9480813107593715,-0.6500567932440706,0.7021276595744681,0.528,2.1232340425531913,0.5555555555555556,0.84,1.68,0.4819277108433735,0.96,1.4573493975903613,253,0.6693121693121693,0.9165673386067874,1.3694168142030263,0.8305770750988142,0.16832005294235863,0.10453034664825786,0.4702635708695248,0.7483478260869565,0.9480813107593715,0.6500567932440707,0.9893617021276596,0.3675889328063241,1.4781767723488353,0.8941798941798942,0.6679841897233202,1.3359683794466404,0.8232931726907631,0.8102766798418972,1.23005857421782,0.8305770750988143,local_only,CIMAS KWEKWE CLINIC- PHARMACY,11,
LocalOnly_CIMAS KWEKWE CLINIC- PHARMACY_s19,378,125,0.3306878306878307,0.6676851509079572,2.0190798963456627,0.8288063241106719,0.17038202980831615,0.107881269854775,0.4530638715161242,0.7384664031620554,0.9638015680301717,-0.6674082405436591,0.6914893617021277,0.52,2.091063829787234,0.5502645502645502,0.832,1.664,0.4819277108433735,0.96,1.4573493975903613,253,0.6693121693121693,0.9128559779210096,1.3638717772890974,0.828806324110672,0.17038202980831615,0.10788126985477503,0.4530638715161242,0.7384664031620554,0.9638015680301717,0.6674082405436592,0.9680851063829787,0.35968379446640314,1.4463880245563872,0.8888888888888888,0.6640316205533597,1.3280632411067192,0.8273092369477911,0.8142292490118577,1.2360588599457116,0.8288063241106719,local_only,CIMAS KWEKWE CLINIC- PHARMACY,19,
LocalOnly_CIMAS KWEKWE CLINIC- PHARMACY_s23,378,125,0.3306878306878307,0.6538333851345288,1.9771921566468151,0.8259604743083004,0.1710244175780097,0.10589161089704777,0.4390217560557121,0.7323478260869565,0.9368542984444517,-0.6585568491084863,0.6914893617021277,0.52,2.091063829787234,0.5502645502645502,0.832,1.664,0.4779116465863454,0.952,1.4452048192771083,253,0.6693121693121693,0.9125426099456041,1.3634035832388869,0.8259604743083003,0.1710244175780097,0.10589161089704775,0.4390217560557121,0.7323478260869565,0.9368542984444517,0.6585568491084862,0.9787234042553191,0.36363636363636365,1.4622823984526112,0.8888888888888888,0.6640316205533597,1.3280632411067192,0.8232931726907631,0.8102766798418972,1.23005857421782,0.8259604743083004,local_only,CIMAS KWEKWE CLINIC- PHARMACY,23,
LocalOnly_CIMAS KWEKWE CLINIC- PHARMACY_s37,378,125,0.3306878306878307,0.6314240503399396,1.9094263282279775,0.8163478260869566,0.17567168195512106,0.10667171548231695,0.47125588611306635,0.748395256916996,0.8929364058140997,-0.6493662053844771,0.6702127659574468,0.504,2.026723404255319,0.5502645502645502,0.832,1.664,0.4819277108433735,0.96,1.4573493975903613,253,0.6693121693121693,0.9089312008787649,1.3580078811548346,0.8163478260869566,0.17567168195512106,0.10667171548231692,0.47125588611306635,0.748395256916996,0.8929364058140997,0.6493662053844771,0.9574468085106383,0.3557312252964427,1.4304936506601633,0.8888888888888888,0.6640316205533597,1.3280632411067192,0.8112449799196787,0.7984189723320159,1.2120577170341444,0.8163478260869566,local_only,CIMAS KWEKWE CLINIC- PHARMACY,37,
LocalOnly_CIMAS MANRESA - PHARRMACY_s7,439,198,0.4510250569476082,0.6124423466208948,1.3578898493261253,0.7246322142587702,0.20674562510103653,0.0687488488226839,0.4160530158968666,0.7034242843371474,0.8729466606721884,-0.1891932833811081,0.5963302752293578,0.3282828282828283,1.322166620331758,0.6210045662100456,0.6868686868686869,1.3768737604354042,0.5951557093425606,0.8686868686868687,1.3195624060675963,241,0.5489749430523918,0.8015206500279534,1.4600313915446952,0.7246322142587702,0.20674562510103653,0.06874884882268394,0.4160530158968666,0.7034242843371474,0.8729466606721884,0.18919328338110808,0.8990825688073395,0.4066390041493776,1.6377479157942822,0.7168949771689498,0.6514522821576764,1.3058792322704107,0.629757785467128,0.7551867219917012,1.1471521486309926,0.7246322142587702,local_only,CIMAS MANRESA - PHARRMACY,7,
LocalOnly_CIMAS MANRESA - PHARRMACY_s11,439,198,0.4510250569476082,0.6333760572012805,1.4043034803604149,0.7337273146401777,0.20531082895678854,0.0792741831217709,0.41803020461009205,0.7050484094052558,0.9034912680931759,-0.1875419060780961,0.6513761467889908,0.35858585858585856,1.4442127699008434,0.6164383561643836,0.6818181818181818,1.366749688667497,0.6020761245674741,0.8787878787878788,1.3349061549753591,241,0.5489749430523918,0.8040036000548489,1.4645542756185836,0.7337273146401777,0.20531082895678854,0.0792741831217709,0.41803020461009205,0.7050484094052558,0.9034912680931759,0.1875419060780961,0.8899082568807339,0.4024896265560166,1.62103620236781,0.7123287671232876,0.6473029045643154,1.2975615301540384,0.643598615916955,0.7717842323651453,1.1723642837657395,0.7337273146401777,local_only,CIMAS MANRESA - PHARRMACY,11,
LocalOnly_CIMAS MANRESA - PHARRMACY_s19,439,198,0.4510250569476082,0.6119579182032806,1.3568157883395968,0.727587074060103,0.207667721415511,0.0764955046653494,0.4160530158968666,0.7034242843371474,0.8613940191086401,-0.20775488003003664,0.6238532110091743,0.3434343434343434,1.3831896951163007,0.6210045662100456,0.6868686868686869,1.3768737604354042,0.6020761245674741,0.8787878787878788,1.3349061549753591,241,0.5489749430523918,0.7981048814109054,1.4538093068024376,0.7275870740601031,0.207667721415511,0.07649550466534935,0.4160530158968666,0.7034242843371474,0.8613940191086401,0.20775488003003667,0.8807339449541285,0.3983402489626556,1.6043244889413377,0.7214611872146118,0.6556016597510373,1.3141969343867825,0.6470588235294118,0.7759336099585062,1.1786673175494264,0.727587074060103,local_only,CIMAS MANRESA - PHARRMACY,19,
LocalOnly_CIMAS MANRESA - PHARRMACY_s23,439,198,0.4510250569476082,0.6468676551541597,1.4342166697609904,0.74713944423488,0.20089119114047208,0.05192045625968329,0.44818753346619833,0.7181252357600905,0.9687489268355179,-0.20265516179519227,0.6605504587155964,0.36363636363636365,1.4645537948290244,0.6210045662100456,0.6868686868686869,1.3768737604354042,0.6089965397923875,0.8888888888888888,1.350249903883122,241,0.5489749430523918,0.8115926936741651,1.478378392211446,0.7471394442348798,0.20089119114047208,0.051920456259683306,0.44818753346619833,0.7181252357600905,0.9687489268355179,0.20265516179519227,0.8807339449541285,0.3983402489626556,1.6043244889413377,0.7168949771689498,0.6514522821576764,1.3058792322704107,0.657439446366782,0.7883817427385892,1.1975764189004867,0.74713944423488,local_only,CIMAS MANRESA - PHARRMACY,23,
LocalOnly_CIMAS MANRESA - PHARRMACY_s37,439,198,0.4510250569476082,0.6243746104083652,1.384345727117537,0.726015340123224,0.20672660770259316,0.0753184767617278,0.38607072352180216,0.6891738966427763,0.8845522146558883,-0.20246734177261805,0.6238532110091743,0.3434343434343434,1.3831896951163007,0.6164383561643836,0.6818181818181818,1.366749688667497,0.5951557093425606,0.8686868686868687,1.3195624060675963,241,0.5489749430523918,0.7979865751453824,1.4535938028581863,0.7260153401232239,0.20672660770259316,0.07531847676172782,0.38607072352180216,0.6891738966427763,0.8845522146558883,0.20246734177261802,0.908256880733945,0.4107883817427386,1.6544596292207545,0.7123287671232876,0.6473029045643154,1.2975615301540384,0.643598615916955,0.7717842323651453,1.1723642837657395,0.726015340123224,local_only,CIMAS MANRESA - PHARRMACY,37,
LocalOnly_CLIQUE PHARMACY_s7,118,47,0.3983050847457627,0.7686241381273468,1.9297371978516367,0.8843272400359605,0.13745735500399572,0.07419717553505152,0.6213978900097804,0.8166017380881031,1.1926344420583868,-0.4798812265049744,0.7931034482758621,0.48936170212765956,1.9911958914159942,0.6949152542372882,0.8723404255319149,1.7446808510638299,0.6103896103896104,1.0,1.5324675324675325,71,0.6016949152542372,0.9372304384533583,1.5576505878520603,0.8843272400359604,0.13745735500399572,0.07419717553505156,0.6213978900097804,0.8166017380881031,1.192634442058387,0.4798812265049745,1.0,0.4084507042253521,1.6619718309859157,0.8983050847457628,0.7464788732394366,1.4929577464788735,0.7922077922077922,0.8591549295774648,1.3166270349368943,0.8843272400359605,local_only,CLIQUE PHARMACY,7,
LocalOnly_CLIQUE PHARMACY_s11,118,47,0.3983050847457627,0.7367341492657341,1.8496729704969495,0.8645489961042853,0.1465667292459027,0.0814730149761767,0.5736195999953629,0.7918789331735091,1.0595087574871833,-0.37567206771233597,0.7241379310344828,0.44680851063829785,1.818048422597212,0.6949152542372882,0.8723404255319149,1.7446808510638299,0.5974025974025974,0.9787234042553191,1.4998618402873722,71,0.6016949152542372,0.9222603948414292,1.5327707970604036,0.8645489961042854,0.1465667292459027,0.08147301497617673,0.5736195999953629,0.7918789331735091,1.0595087574871833,0.37567206771233597,1.0,0.4084507042253521,1.6619718309859157,0.8983050847457628,0.7464788732394366,1.4929577464788735,0.8051948051948052,0.8732394366197183,1.3382110846899582,0.8645489961042853,local_only,CLIQUE PHARMACY,11,
LocalOnly_CLIQUE PHARMACY_s19,118,47,0.3983050847457627,0.7844659537387371,1.969510266833425,0.8786335031465389,0.13721981422956422,0.13207318099775686,0.6908015350842283,0.8519628408750375,1.2164766537541656,-0.41915796358570295,0.7586206896551724,0.46808510638297873,1.904622157006603,0.711864406779661,0.8936170212765957,1.7872340425531914,0.6103896103896104,1.0,1.5324675324675325,71,0.6016949152542372,0.934276362596811,1.5527409969918833,0.8786335031465388,0.13721981422956422,0.13207318099775686,0.6908015350842283,0.8519628408750375,1.2164766537541656,0.4191579635857029,1.0,0.4084507042253521,1.6619718309859157,0.9152542372881356,0.7605633802816901,1.5211267605633805,0.8051948051948052,0.8732394366197183,1.3382110846899582,0.8786335031465389,local_only,CLIQUE PHARMACY,19,
LocalOnly_CLIQUE PHARMACY_s23,118,47,0.3983050847457627,0.7486960422001195,1.8797049570130662,0.8726400958945161,0.14300757335050582,0.1053420235999987,0.6345791367545193,0.8236439916092299,1.0863043556220924,-0.4260019991168863,0.7586206896551724,0.46808510638297873,1.904622157006603,0.6949152542372882,0.8723404255319149,1.7446808510638299,0.6103896103896104,1.0,1.5324675324675325,71,0.6016949152542372,0.9309575668702074,1.5472252519814715,0.8726400958945161,0.14300757335050582,0.10534202359999868,0.6345791367545193,0.8236439916092299,1.0863043556220924,0.42600199911688635,1.0,0.4084507042253521,1.6619718309859157,0.8983050847457628,0.7464788732394366,1.4929577464788735,0.7922077922077922,0.8591549295774648,1.3166270349368943,0.8726400958945161,local_only,CLIQUE PHARMACY,23,
LocalOnly_CLIQUE PHARMACY_s37,118,47,0.3983050847457627,0.7548865847664908,1.8952471702648068,0.8768354809709319,0.13902548552074084,0.10437644180577192,0.62680654559401,0.8200479472580162,1.1296342185081956,-0.38141067500655407,0.7586206896551724,0.46808510638297873,1.904622157006603,0.711864406779661,0.8936170212765957,1.7872340425531914,0.5974025974025974,0.9787234042553191,1.4998618402873722,71,0.6016949152542372,0.9327191571222629,1.5501529653581272,0.876835480970932,0.13902548552074084,0.10437644180577194,0.62680654559401,0.8200479472580162,1.1296342185081956,0.38141067500655407,1.0,0.4084507042253521,1.6619718309859157,0.9152542372881356,0.7605633802816901,1.5211267605633805,0.7922077922077922,0.8591549295774648,1.3166270349368943,0.8768354809709319,local_only,CLIQUE PHARMACY,37,
LocalOnly_FAREPLAN ENTERPRISE P/L T/A CHINHOYI TOWN PHARMACY_s7,103,41,0.39805825242718446,0.5687906789628954,1.428913169101908,0.7368214004720692,0.20413326984096716,0.08673057588510168,0.4181746656176239,0.709087332808812,0.8128180374139907,-0.33073934598121885,0.6,0.36585365853658536,1.5073170731707317,0.6274509803921569,0.7804878048780488,1.5762792922046869,0.5522388059701493,0.9024390243902439,1.387331634510375,62,0.6019417475728155,0.8222176554303088,1.3659422340213194,0.7368214004720692,0.20413326984096716,0.08673057588510166,0.4181746656176239,0.709087332808812,0.8128180374139907,0.3307393459812188,0.92,0.3709677419354839,1.5283870967741937,0.8235294117647058,0.6774193548387096,1.3681214421252372,0.7014925373134329,0.7580645161290323,1.1653827636013483,0.7368214004720692,local_only,FAREPLAN ENTERPRISE P/L T/A CHINHOYI TOWN PHARMACY,7,
LocalOnly_FAREPLAN ENTERPRISE P/L T/A CHINHOYI TOWN PHARMACY_s11,103,41,0.39805825242718446,0.5423684612158256,1.3625354025665863,0.7301337529504327,0.2062948442352945,0.1051964848876516,0.43034743480614973,0.7132179386309991,0.8142661562574599,-0.3522241609736838,0.56,0.34146341463414637,1.406829268292683,0.5686274509803921,0.7073170731707317,1.4285031085604973,0.5522388059701493,0.9024390243902439,1.387331634510375,62,0.6019417475728155,0.8358298071962023,1.3885559700194974,0.7301337529504327,0.2062948442352945,0.10519648488765157,0.43034743480614973,0.7132179386309991,0.8142661562574599,0.3522241609736838,0.92,0.3709677419354839,1.5283870967741937,0.7843137254901961,0.6451612903225806,1.3029728020240354,0.7014925373134329,0.7580645161290323,1.1653827636013483,0.7301337529504327,local_only,FAREPLAN ENTERPRISE P/L T/A CHINHOYI TOWN PHARMACY,11,
LocalOnly_FAREPLAN ENTERPRISE P/L T/A CHINHOYI TOWN PHARMACY_s19,103,41,0.39805825242718446,0.6011554817673482,1.5102198688301676,0.7521636506687647,0.19948299440559694,0.10986115274059702,0.4181746656176239,0.709087332808812,0.9221423622383084,-0.32663033794783586,0.64,0.3902439024390244,1.6078048780487806,0.5686274509803921,0.7073170731707317,1.4285031085604973,0.5522388059701493,0.9024390243902439,1.387331634510375,62,0.6019417475728155,0.8406143136940458,1.3965044243626892,0.7521636506687649,0.19948299440559694,0.10986115274059702,0.4181746656176239,0.709087332808812,0.9221423622383083,0.3266303379478357,0.96,0.3870967741935484,1.5948387096774195,0.7843137254901961,0.6451612903225806,1.3029728020240354,0.7014925373134329,0.7580645161290323,1.1653827636013483,0.7521636506687647,local_only,FAREPLAN ENTERPRISE P/L T/A CHINHOYI TOWN PHARMACY,19,
LocalOnly_FAREPLAN ENTERPRISE P/L T/A CHINHOYI TOWN PHARMACY_s23,103,41,0.39805825242718446,0.5799139587744859,1.4568570183846843,0.7269866247049567,0.20901853229458164,0.1305854855176625,0.4444925424812622,0.7212824547600315,0.8070511487369825,-0.42082214441485893,0.48,0.2926829268292683,1.2058536585365853,0.5882352941176471,0.7317073170731707,1.4777618364418939,0.5522388059701493,0.9024390243902439,1.387331634510375,62,0.6019417475728155,0.8262264479401036,1.3726020022230754,0.7269866247049568,0.20901853229458164,0.13058548551766247,0.4444925424812622,0.7212824547600315,0.8070511487369826,0.420822144414859,0.96,0.3870967741935484,1.5948387096774195,0.7843137254901961,0.6451612903225806,1.3029728020240354,0.6716417910447762,0.7258064516129032,1.1157920077034185,0.7269866247049567,local_only,FAREPLAN ENTERPRISE P/L T/A CHINHOYI TOWN PHARMACY,23,
LocalOnly_FAREPLAN ENTERPRISE P/L T/A CHINHOYI TOWN PHARMACY_s37,103,41,0.39805825242718446,0.5398940546448685,1.3563192104493038,0.7049567269866247,0.21488770645453809,0.144323632290454,0.44710328481016726,0.7252163650668765,0.7438486413306992,-0.3745257490868687,0.48,0.2926829268292683,1.2058536585365853,0.5882352941176471,0.7317073170731707,1.4777618364418939,0.5373134328358209,0.8780487804878049,1.3498361849290135,62,0.6019417475728155,0.8202474435507006,1.362669140092293,0.7049567269866247,0.21488770645453809,0.14432363229045397,0.44710328481016726,0.7252163650668765,0.7438486413306992,0.3745257490868687,0.88,0.3548387096774194,1.461935483870968,0.803921568627451,0.6612903225806451,1.3355471220746364,0.6567164179104478,0.7096774193548387,1.0909966297544536,0.7049567269866247,local_only,FAREPLAN ENTERPRISE P/L T/A CHINHOYI TOWN PHARMACY,37,
LocalOnly_HEALTHLINK PHARMACY_s7,273,138,0.5054945054945055,0.7152753570224728,1.4150012497618485,0.7836285560923242,0.1838281305008527,0.044052127922171516,0.47677638004459333,0.735426731078905,0.9342556733999131,0.023092961379701887,0.7352941176470589,0.36231884057971014,1.45460358056266,0.7205882352941176,0.7101449275362319,1.4255115089514068,0.6833333333333333,0.8913043478260869,1.3518115942028985,135,0.4945054945054945,0.8015809454977012,1.6209748008953513,0.7836285560923242,0.1838281305008527,0.04405212792217149,0.47677638004459333,0.735426731078905,0.934255673399913,-0.023092961379701873,0.9117647058823529,0.45925925925925926,1.8437908496732025,0.7132352941176471,0.7185185185185186,1.4423202614379085,0.6277777777777778,0.837037037037037,1.269506172839506,0.7836285560923242,local_only,HEALTHLINK PHARMACY,7,
LocalOnly_HEALTHLINK PHARMACY_s11,273,138,0.5054945054945055,0.7286385115251918,1.4414370554085316,0.7818035426731078,0.18423469140081938,0.03873814495570797,0.48371823079963977,0.7391304347826086,0.9631769017605057,0.05856854472235526,0.75,0.3695652173913043,1.483695652173913,0.7352941176470589,0.7246376811594203,1.45460358056266,0.6777777777777778,0.8840579710144928,1.3408212560386474,135,0.4945054945054945,0.8076704342859404,1.6332891004449017,0.7818035426731078,0.18423469140081938,0.03873814495570795,0.48371823079963977,0.7391304347826086,0.9631769017605057,-0.05856854472235526,0.8970588235294118,0.45185185185185184,1.8140522875816993,0.7279411764705882,0.7333333333333333,1.4720588235294116,0.6166666666666667,0.8222222222222222,1.247037037037037,0.7818035426731078,local_only,HEALTHLINK PHARMACY,11,
LocalOnly_HEALTHLINK PHARMACY_s19,273,138,0.5054945054945055,0.697580499298642,1.37999620513427,0.7727858293075685,0.18622298323018155,0.06983352349351105,0.47677638004459333,0.735426731078905,0.9228717919822547,0.0262723454425315,0.7205882352941176,0.35507246376811596,1.4255115089514068,0.7279411764705882,0.717391304347826,1.4400575447570332,0.6944444444444444,0.9057971014492754,1.373792270531401,135,0.4945054945054945,0.8016422537328838,1.6210987797709426,0.7727858293075683,0.18622298323018155,0.06983352349351105,0.47677638004459333,0.735426731078905,0.9228717919822547,-0.026272345442531528,0.8823529411764706,0.4444444444444444,1.784313725490196,0.7205882352941176,0.725925925925926,1.45718954248366,0.5944444444444444,0.7925925925925926,1.2020987654320987,0.7727858293075685,local_only,HEALTHLINK PHARMACY,19,
LocalOnly_HEALTHLINK PHARMACY_s23,273,138,0.5054945054945055,0.6818123263133213,1.3488026455328748,0.7611379495437467,0.18880093217860136,0.07479474702508612,0.48470113539047793,0.739049919484702,0.891063198942194,0.00812985433070151,0.7058823529411765,0.34782608695652173,1.3964194373401535,0.7058823529411765,0.6956521739130435,1.3964194373401535,0.6888888888888889,0.8985507246376812,1.3628019323671499,135,0.4945054945054945,0.786699591641512,1.5908813964306132,0.7611379495437466,0.18880093217860136,0.07479474702508614,0.48470113539047793,0.739049919484702,0.891063198942194,-0.008129854330701482,0.8970588235294118,0.45185185185185184,1.8140522875816993,0.6985294117647058,0.7037037037037037,1.412581699346405,0.5944444444444444,0.7925925925925926,1.2020987654320987,0.7611379495437467,local_only,HEALTHLINK PHARMACY,23,
LocalOnly_HEALTHLINK PHARMACY_s37,273,138,0.5054945054945055,0.7221172416520295,1.42853628239858,0.7846484165324745,0.18410868631346036,0.03949149330137941,0.44804811006273126,0.7206924315619968,0.9505308458467755,0.02015173630717101,0.7794117647058824,0.38405797101449274,1.5418797953964196,0.7205882352941176,0.7101449275362319,1.4255115089514068,0.6777777777777778,0.8840579710144928,1.3408212560386474,135,0.4945054945054945,0.8055890198086467,1.6290800178352633,0.7846484165324745,0.18410868631346036,0.03949149330137944,0.44804811006273126,0.7206924315619968,0.9505308458467755,-0.02015173630717102,0.8970588235294118,0.45185185185185184,1.8140522875816993,0.7132352941176471,0.7185185185185186,1.4423202614379085,0.6222222222222222,0.8296296296296296,1.2582716049382716,0.7846484165324745,local_only,HEALTHLINK PHARMACY,37,
LocalOnly_KENLINK KENSINGTON PHARMACY_s7,153,65,0.42483660130718953,0.654342198536098,1.5402208673234308,0.7685314685314686,0.1919609987139796,0.10037627307213286,0.47115384615384615,0.7355769230769231,0.9025684878990228,-0.27230734798002204,0.6842105263157895,0.4,1.6105263157894738,0.631578947368421,0.7384615384615385,1.4866396761133602,0.6,0.9230769230769231,1.4123076923076923,88,0.5751633986928104,0.8317948359383394,1.4461887488473402,0.7685314685314685,0.1919609987139796,0.10037627307213283,0.47115384615384615,0.7355769230769231,0.9025684878990228,0.272307347980022,0.9210526315789473,0.3977272727272727,1.6013755980861244,0.7894736842105263,0.6818181818181818,1.3726076555023925,0.7,0.7954545454545454,1.2170454545454545,0.7685314685314686,local_only,KENLINK KENSINGTON PHARMACY,7,
LocalOnly_KENLINK KENSINGTON PHARMACY_s11,153,65,0.42483660130718953,0.6162759615020049,1.4506188016893347,0.7410839160839161,0.20018665779209022,0.12824934094791524,0.5107891707548814,0.752972027972028,0.6910489370394399,-0.2259836712695827,0.6052631578947368,0.35384615384615387,1.4246963562753037,0.631578947368421,0.7384615384615385,1.4866396761133602,0.59,0.9076923076923077,1.3887692307692308,88,0.5751633986928104,0.7862580162376875,1.3670167782314342,0.7410839160839161,0.20018665779209022,0.12824934094791518,0.5107891707548814,0.752972027972028,0.6910489370394406,0.22598367126958271,0.8947368421052632,0.38636363636363635,1.555622009569378,0.7763157894736842,0.6704545454545454,1.349730861244019,0.69,0.7840909090909091,1.199659090909091,0.7410839160839161,local_only,KENLINK KENSINGTON PHARMACY,11,
LocalOnly_KENLINK KENSINGTON PHARMACY_s19,153,65,0.42483660130718953,0.6103996629413886,1.4367868989235761,0.741083916083916,0.20131767504377224,0.11114290438357094,0.453507616725209,0.7225524475524476,0.8265993179855214,-0.28541397664693485,0.6052631578947368,0.35384615384615387,1.4246963562753037,0.6052631578947368,0.7076923076923077,1.4246963562753037,0.58,0.8923076923076924,1.3652307692307692,88,0.5751633986928104,0.8132280649865176,1.4139078857151954,0.7410839160839161,0.20131767504377224,0.11114290438357098,0.453507616725209,0.7225524475524476,0.8265993179855213,0.28541397664693485,0.8947368421052632,0.38636363636363635,1.555622009569378,0.7631578947368421,0.6590909090909091,1.3268540669856461,0.69,0.7840909090909091,1.199659090909091,0.741083916083916,local_only,KENLINK KENSINGTON PHARMACY,19,
LocalOnly_KENLINK KENSINGTON PHARMACY_s23,153,65,0.42483660130718953,0.6213023400244916,1.4624501234422649,0.7305944055944055,0.20478781988104477,0.11628109581961422,0.45678036417195333,0.7262237762237762,0.7539402254058185,-0.25708491569883835,0.5526315789473685,0.3230769230769231,1.3008097165991905,0.631578947368421,0.7384615384615385,1.4866396761133602,0.6,0.9230769230769231,1.4123076923076923,88,0.5751633986928104,0.7786302138209583,1.3537548035750753,0.7305944055944055,0.20478781988104477,0.1162810958196142,0.45678036417195333,0.7262237762237762,0.7539402254058185,0.25708491569883835,0.8947368421052632,0.38636363636363635,1.555622009569378,0.7763157894736842,0.6704545454545454,1.349730861244019,0.65,0.7386363636363636,1.1301136363636366,0.7305944055944055,local_only,KENLINK KENSINGTON PHARMACY,23,
LocalOnly_KENLINK KENSINGTON PHARMACY_s37,153,65,0.42483660130718953,0.6661131059276632,1.5679277724143457,0.7673076923076924,0.191706160246448,0.10793465594415787,0.4875623948945388,0.7432692307692308,0.8867984086514419,-0.29028137847194724,0.631578947368421,0.36923076923076925,1.4866396761133602,0.631578947368421,0.7384615384615385,1.4866396761133602,0.6,0.9230769230769231,1.4123076923076923,88,0.5751633986928104,0.8181174638350719,1.4224087723496137,0.7673076923076922,0.191706160246448,0.10793465594415787,0.4875623948945388,0.7432692307692308,0.8867984086514419,0.29028137847194724,0.9210526315789473,0.3977272727272727,1.6013755980861244,0.7763157894736842,0.6704545454545454,1.349730861244019,0.7,0.7954545454545454,1.2170454545454545,0.7673076923076924,local_only,KENLINK KENSINGTON PHARMACY,37,
LocalOnly_MEDICINE CHEST_s7,118,40,0.3389830508474576,0.6784212980721873,2.0013428293129527,0.8060897435897436,0.17837622859663751,0.12612992630070802,0.4255627790699815,0.7192307692307692,1.0530297613188935,-0.6457974345916491,0.6206896551724138,0.45,1.831034482758621,0.576271186440678,0.85,1.7000000000000002,0.4805194805194805,0.925,1.4175324675324676,78,0.6610169491525424,0.8829142654345625,1.3356908118112611,0.8060897435897436,0.17837622859663751,0.12612992630070802,0.4255627790699815,0.7192307692307692,1.0530297613188933,0.6457974345916491,0.896551724137931,0.3333333333333333,1.3563218390804597,0.8983050847457628,0.6794871794871795,1.358974358974359,0.8311688311688312,0.8205128205128205,1.2574092574092575,0.8060897435897436,local_only,MEDICINE CHEST,7,
LocalOnly_MEDICINE CHEST_s11,118,40,0.3389830508474576,0.6384343607183369,1.883381364119094,0.7987179487179488,0.18235310650095657,0.15379148230373474,0.43636233243470246,0.7256410256410257,1.0165765193873495,-0.6190169510465503,0.5862068965517241,0.425,1.7293103448275862,0.576271186440678,0.85,1.7000000000000002,0.4805194805194805,0.925,1.4175324675324676,78,0.6610169491525424,0.8862102281746418,1.3406770118539453,0.7987179487179488,0.18235310650095657,0.15379148230373482,0.43636233243470246,0.7256410256410257,1.0165765193873495,0.6190169510465505,0.896551724137931,0.3333333333333333,1.3563218390804597,0.8983050847457628,0.6794871794871795,1.358974358974359,0.8051948051948052,0.7948717948717948,1.2181152181152182,0.7987179487179488,local_only,MEDICINE CHEST,11,
LocalOnly_MEDICINE CHEST_s19,118,40,0.3389830508474576,0.6851234825152679,2.0211142734200402,0.8083333333333333,0.17505599970135735,0.11967704638236722,0.4691444670035663,0.7448717948717949,1.1876278708361037,-0.6165331084447355,0.6206896551724138,0.45,1.831034482758621,0.576271186440678,0.85,1.7000000000000002,0.4675324675324675,0.9,1.3792207792207793,78,0.6610169491525424,0.8945663465672005,1.3533183191657647,0.8083333333333333,0.17505599970135735,0.11967704638236719,0.4691444670035663,0.7448717948717949,1.1876278708361034,0.6165331084447354,0.9310344827586207,0.34615384615384615,1.4084880636604773,0.8983050847457628,0.6794871794871795,1.358974358974359,0.8051948051948052,0.7948717948717948,1.2181152181152182,0.8083333333333333,local_only,MEDICINE CHEST,19,
LocalOnly_MEDICINE CHEST_s23,118,40,0.3389830508474576,0.6811092399542045,2.0092722578649034,0.8176282051282051,0.174190475634715,0.1269997540878873,0.45814510295622923,0.7384615384615385,1.1396960764062107,-0.654514679201364,0.6551724137931034,0.475,1.9327586206896552,0.576271186440678,0.85,1.7000000000000002,0.4805194805194805,0.925,1.4175324675324676,78,0.6610169491525424,0.899096168396823,1.36017112654904,0.8176282051282051,0.174190475634715,0.12699975408788738,0.45814510295622923,0.7384615384615385,1.1396960764062107,0.6545146792013639,0.896551724137931,0.3333333333333333,1.3563218390804597,0.8983050847457628,0.6794871794871795,1.358974358974359,0.8051948051948052,0.7948717948717948,1.2181152181152182,0.8176282051282051,local_only,MEDICINE CHEST,23,
LocalOnly_MEDICINE CHEST_s37,118,40,0.3389830508474576,0.6980658787680338,2.0592943423656997,0.8012820512820513,0.1764717762081784,0.14137822954854545,0.4553395057615168,0.7387820512820513,1.0942962817378539,-0.5890029156390331,0.5862068965517241,0.425,1.7293103448275862,0.5932203389830508,0.875,1.75,0.4675324675324675,0.9,1.3792207792207793,78,0.6610169491525424,0.881499806073262,1.3335509886749348,0.8012820512820513,0.1764717762081784,0.14137822954854545,0.4553395057615168,0.7387820512820513,1.0942962817378539,0.5890029156390331,0.8620689655172413,0.32051282051282054,1.304155614500442,0.9152542372881356,0.6923076923076923,1.3846153846153846,0.8181818181818182,0.8076923076923077,1.2377622377622377,0.8012820512820513,local_only,MEDICINE CHEST,37,
LocalOnly_ROWLAND SQUARE PHARMACY_s7,1981,958,0.48359414437152953,0.7120733484039218,1.472460650509571,0.7736925453606712,0.19046701130075816,0.018459255647113922,0.4418374708043344,0.7178159125091579,0.974208136168721,-0.06263809813058056,0.7252525252525253,0.3747390396659708,1.4997132072288648,0.6868686868686869,0.7098121085594989,1.4203411990468358,0.6411629686304514,0.8747390396659708,1.325828643900756,1023,0.5164058556284705,0.8078850086478785,1.5644381252506814,0.7736925453606711,0.19046701130075816,0.01845925564711393,0.4418374708043344,0.7178159125091579,0.974208136168721,0.06263809813058054,0.8787878787878788,0.4252199413489736,1.7017387955804377,0.7191919191919192,0.6959921798631477,1.3926873821301973,0.6396327467482785,0.8172043010752689,1.2386241166259429,0.7736925453606712,local_only,ROWLAND SQUARE PHARMACY,7,
LocalOnly_ROWLAND SQUARE PHARMACY_s11,1981,958,0.48359414437152953,0.7109507324828469,1.4701392495287262,0.7742088539785354,0.1901039742024703,0.022930516945399656,0.4361338731622124,0.714850199074726,0.9807567259687174,-0.0643803052804826,0.7191919191919192,0.37160751565762007,1.487180784884334,0.694949494949495,0.7181628392484343,1.4370510955062104,0.6419280795715379,0.8757828810020877,1.3274107783206852,1023,0.5164058556284705,0.8093795595885503,1.5673322654398025,0.7742088539785354,0.1901039742024703,0.022930516945399677,0.4361338731622124,0.714850199074726,0.9807567259687174,0.0643803052804826,0.8828282828282829,0.42717497556207235,1.7095628819968995,0.7282828282828283,0.7047898338220919,1.4102915765672364,0.6396327467482785,0.8172043010752689,1.2386241166259429,0.7742088539785354,local_only,ROWLAND SQUARE PHARMACY,11,
LocalOnly_ROWLAND SQUARE PHARMACY_s19,1981,958,0.48359414437152953,0.7099430583405932,1.4680555308692225,0.7740017183077322,0.1901870440407623,0.022154103135953965,0.4361338731622124,0.714850199074726,0.9830863968743933,-0.06120333024710922,0.7353535353535353,0.37995824634655534,1.5206005778030829,0.6878787878787879,0.7108559498956158,1.4224299361042576,0.6442234123947972,0.8789144050104384,1.3321571815804731,1023,0.5164058556284705,0.8081921565701089,1.5650329053425078,0.7740017183077322,0.1901870440407623,0.022154103135953916,0.4361338731622124,0.714850199074726,0.9830863968743933,0.06120333024710924,0.8808080808080808,0.426197458455523,1.7056508387886686,0.7202020202020202,0.696969696969697,1.3946434037343127,0.6358071920428462,0.8123167155425219,1.2312160776509073,0.7740017183077322,local_only,ROWLAND SQUARE PHARMACY,19,
LocalOnly_ROWLAND SQUARE PHARMACY_s23,1981,958,0.48359414437152953,0.7100628980453743,1.4683033413652258,0.7717150629467957,0.1913286930634812,0.01977985267601401,0.4257100859269899,0.7101197509474161,0.9655173720895345,-0.0599665903646762,0.7292929292929293,0.3768267223382046,1.5080681554585522,0.6919191919191919,0.7150313152400835,1.4307848843339448,0.640397857689365,0.8736951983298539,1.3242465094808267,1023,0.5164058556284705,0.8067109554654377,1.5621646165953391,0.7717150629467957,0.1913286930634812,0.01977985267601401,0.4257100859269899,0.7101197509474161,0.9655173720895345,0.05996659036467619,0.8767676767676768,0.42424242424242425,1.6978267523722068,0.7242424242424242,0.7008797653958945,1.4024674901507745,0.6365723029839326,0.8132942326490714,1.2326976854459144,0.7717150629467957,local_only,ROWLAND SQUARE PHARMACY,23,
LocalOnly_ROWLAND SQUARE PHARMACY_s37,1981,958,0.48359414437152953,0.7112379967858461,1.4707332689277255,0.7735476524283852,0.19072306324743685,0.023484806111325297,0.43206735208130853,0.7131849507261994,0.9660052878414396,-0.060004232094345154,0.7393939393939394,0.38204592901878914,1.5289555260327703,0.6888888888888889,0.7118997912317327,1.4245186731616795,0.6457536342769702,0.8810020876826722,1.335321450420332,1023,0.5164058556284705,0.8048076312707366,1.5584789027833128,0.7735476524283851,0.19072306324743685,0.023484806111325272,0.43206735208130853,0.7131849507261994,0.9660052878414396,0.06000423209434514,0.8707070707070707,0.42130987292277616,1.6860906227475139,0.7222222222222222,0.6989247311827957,1.3985554469425436,0.6419280795715379,0.820136852394917,1.2430689400109642,0.7735476524283852,local_only,ROWLAND SQUARE PHARMACY,37,
LocalOnly_SOMMERDRIFT INV T/A KENLINK THE BRIDGE_s7,121,59,0.48760330578512395,0.6441588544146118,1.321071548884204,0.6889010388190268,0.22473272854581944,0.10047754494545347,0.2969229476883002,0.646664844177146,0.6952328159516459,-0.057444368603972416,0.6,0.3050847457627119,1.230508474576271,0.6333333333333333,0.6440677966101694,1.2988700564971751,0.569620253164557,0.7627118644067796,1.1682042480154475,62,0.512396694214876,0.734133867806892,1.432745129106999,0.6889010388190268,0.22473272854581944,0.10047754494545338,0.2969229476883002,0.646664844177146,0.695232815951646,0.057444368603972444,0.7666666666666667,0.3709677419354839,1.4962365591397853,0.6666666666666666,0.6451612903225806,1.3010752688172043,0.620253164556962,0.7903225806451613,1.2104940792160066,0.6889010388190268,local_only,SOMMERDRIFT INV T/A KENLINK THE BRIDGE,7,
LocalOnly_SOMMERDRIFT INV T/A KENLINK THE BRIDGE_s11,121,59,0.48760330578512395,0.6712269615581812,1.3765841076023717,0.7053034445051941,0.22029129036052542,0.09471647218024878,0.27407006289084507,0.636960087479497,0.7619951137802976,0.007248356046847192,0.7333333333333333,0.3728813559322034,1.503954802259887,0.6,0.6101694915254238,1.230508474576271,0.5949367088607594,0.7966101694915254,1.220124436816134,62,0.512396694214876,0.7331330353361307,1.430791891543094,0.7053034445051941,0.22029129036052542,0.09471647218024878,0.27407006289084507,0.636960087479497,0.7619951137802976,-0.007248356046847254,0.8,0.3870967741935484,1.5612903225806454,0.6333333333333333,0.6129032258064516,1.2360215053763441,0.6455696202531646,0.8225806451612904,1.25990200081666,0.7053034445051941,local_only,SOMMERDRIFT INV T/A KENLINK THE BRIDGE,11,
LocalOnly_SOMMERDRIFT INV T/A KENLINK THE BRIDGE_s19,121,59,0.48760330578512395,0.6911795827742622,1.4175038900963681,0.7230727173318754,0.2130496937301947,0.03780267795773433,0.3103400387997754,0.6543193001640241,0.8109921494236271,-0.054864679795825995,0.7,0.3559322033898305,1.435593220338983,0.65,0.6610169491525424,1.3330508474576273,0.5949367088607594,0.7966101694915254,1.220124436816134,62,0.512396694214876,0.7576542877733762,1.4786478842028794,0.7230727173318753,0.2130496937301947,0.037802677957734315,0.3103400387997754,0.6543193001640241,0.810992149423627,0.05486467979582602,0.7333333333333333,0.3548387096774194,1.4311827956989247,0.6833333333333333,0.6612903225806451,1.3336021505376345,0.6075949367088608,0.7741935483870968,1.18579011841568,0.7230727173318754,local_only,SOMMERDRIFT INV T/A KENLINK THE BRIDGE,19,
LocalOnly_SOMMERDRIFT INV T/A KENLINK THE BRIDGE_s23,121,59,0.48760330578512395,0.7057293582056895,1.4473432600489564,0.7227993439037725,0.21264792847437142,0.07152983301939772,0.2613677328315081,0.6297156916347731,0.8782232471432856,-0.06513311166268451,0.7333333333333333,0.3728813559322034,1.503954802259887,0.6333333333333333,0.6440677966101694,1.2988700564971751,0.6075949367088608,0.8135593220338984,1.2460845312164772,62,0.512396694214876,0.7524117321053857,1.4684164449153496,0.7227993439037725,0.21264792847437142,0.07152983301939772,0.2613677328315081,0.6297156916347731,0.8782232471432855,0.0651331116626845,0.8,0.3870967741935484,1.5612903225806454,0.65,0.6290322580645161,1.2685483870967744,0.620253164556962,0.7903225806451613,1.2104940792160066,0.7227993439037725,local_only,SOMMERDRIFT INV T/A KENLINK THE BRIDGE,23,
LocalOnly_SOMMERDRIFT INV T/A KENLINK THE BRIDGE_s37,121,59,0.48760330578512395,0.6927956106743052,1.4208181168066258,0.7129579004920722,0.2161037169207444,0.07198796798801264,0.3085786311039215,0.6539092400218699,0.781648413649002,-0.04003443422249057,0.7333333333333333,0.3728813559322034,1.503954802259887,0.6166666666666667,0.6271186440677966,1.2646892655367232,0.5949367088607594,0.7966101694915254,1.220124436816134,62,0.512396694214876,0.7412204533523135,1.4465754008972571,0.7129579004920722,0.2161037169207444,0.07198796798801266,0.3085786311039215,0.6539092400218699,0.781648413649002,0.04003443422249053,0.7666666666666667,0.3709677419354839,1.4962365591397853,0.65,0.6290322580645161,1.2685483870967744,0.6075949367088608,0.7741935483870968,1.18579011841568,0.7129579004920722,local_only,SOMMERDRIFT INV T/A KENLINK THE BRIDGE,37,
LocalOnly_TRINITY PHARMACY -AVENUES_s7,188,62,0.32978723404255317,0.5562805835087016,1.6867862854779985,0.7620327700972862,0.19374493337376578,0.1262310466425342,0.43951234316284227,0.7293906810035842,0.8103150383310159,-0.6492333546220576,0.46808510638297873,0.3548387096774194,1.4193548387096775,0.5212765957446809,0.7903225806451613,1.5806451612903227,0.47580645161290325,0.9516129032258065,1.4427679500520294,126,0.6702127659574468,0.8928460971415024,1.33218306557621,0.7620327700972861,0.19374493337376578,0.12623104664253423,0.43951234316284227,0.7293906810035842,0.8103150383310159,0.6492333546220574,0.9787234042553191,0.36507936507936506,1.4603174603174602,0.8617021276595744,0.6428571428571429,1.2857142857142856,0.7661290322580645,0.753968253968254,1.1431131592421915,0.7620327700972862,local_only,TRINITY PHARMACY -AVENUES,7,
LocalOnly_TRINITY PHARMACY -AVENUES_s11,188,62,0.32978723404255317,0.5460860735805186,1.655873900534476,0.7597286226318485,0.19358612206014827,0.11888971264352348,0.46920662901098925,0.7453917050691243,0.769157531748491,-0.5991853130019253,0.5319148936170213,0.4032258064516129,1.6129032258064517,0.5319148936170213,0.8064516129032258,1.6129032258064517,0.47580645161290325,0.9516129032258065,1.4427679500520294,126,0.6702127659574468,0.8832887061098609,1.3179228313385225,0.7597286226318484,0.19358612206014827,0.11888971264352348,0.46920662901098925,0.7453917050691243,0.769157531748491,0.5991853130019253,0.9574468085106383,0.35714285714285715,1.4285714285714286,0.8723404255319149,0.6507936507936508,1.3015873015873016,0.7741935483870968,0.7619047619047619,1.1551459293394777,0.7597286226318485,local_only,TRINITY PHARMACY -AVENUES,11,
LocalOnly_TRINITY PHARMACY -AVENUES_s19,188,62,0.32978723404255317,0.5763962750777095,1.7477822534614418,0.7850742447516641,0.1858396010822967,0.12144439578113335,0.43285095584375405,0.7254224270353302,0.8627231030104066,-0.6484203133525588,0.574468085106383,0.43548387096774194,1.741935483870968,0.5425531914893617,0.8225806451612904,1.6451612903225805,0.47580645161290325,0.9516129032258065,1.4427679500520294,126,0.6702127659574468,0.8999517336154326,1.3427851263468358,0.7850742447516641,0.1858396010822967,0.12144439578113335,0.43285095584375405,0.7254224270353302,0.8627231030104067,0.648420313352559,0.9787234042553191,0.36507936507936506,1.4603174603174602,0.8829787234042553,0.6587301587301587,1.3174603174603174,0.7983870967741935,0.7857142857142857,1.1912442396313363,0.7850742447516641,local_only,TRINITY PHARMACY -AVENUES,19,
LocalOnly_TRINITY PHARMACY -AVENUES_s23,188,62,0.32978723404255317,0.5552615651398426,1.6836963588111358,0.7656169994879671,0.19106537411195246,0.11665398316976844,0.5021661003911354,0.761520737327189,0.8421283893729427,-0.661843349064634,0.5319148936170213,0.4032258064516129,1.6129032258064517,0.5212765957446809,0.7903225806451613,1.5806451612903227,0.47580645161290325,0.9516129032258065,1.4427679500520294,126,0.6702127659574468,0.8881163150498452,1.3251259303918326,0.7656169994879671,0.19106537411195246,0.11665398316976847,0.5021661003911354,0.761520737327189,0.8421283893729425,0.6618433490646339,0.9787234042553191,0.36507936507936506,1.4603174603174602,0.8617021276595744,0.6428571428571429,1.2857142857142856,0.7580645161290323,0.746031746031746,1.1310803891449053,0.7656169994879671,local_only,TRINITY PHARMACY -AVENUES,23,
LocalOnly_TRINITY PHARMACY -AVENUES_s37,188,62,0.32978723404255317,0.5919641830743931,1.794988168032031,0.7945468509984639,0.18284293875909371,0.12366152781260034,0.4725297926567614,0.7455197132616487,0.9266395554359,-0.6710174184928872,0.574468085106383,0.43548387096774194,1.741935483870968,0.5531914893617021,0.8387096774193549,1.67741935483871,0.47580645161290325,0.9516129032258065,1.4427679500520294,126,0.6702127659574468,0.9043380305029778,1.3493297597980938,0.7945468509984639,0.18284293875909371,0.12366152781260034,0.4725297926567614,0.7455197132616487,0.9266395554358999,0.6710174184928872,0.9787234042553191,0.36507936507936506,1.4603174603174602,0.8936170212765957,0.6666666666666666,1.3333333333333333,0.7983870967741935,0.7857142857142857,1.1912442396313363,0.7945468509984639,local_only,TRINITY PHARMACY -AVENUES,37,
LocalOnly_WATERSHED PHARMACY_s7,122,45,0.36885245901639346,0.5712124953824729,1.5486205430369264,0.6911976911976913,0.21808245918532124,0.12422682037839439,0.27952407196172707,0.6383838383838384,0.8019201541851932,-0.43769076804206847,0.5,0.3333333333333333,1.3555555555555554,0.5245901639344263,0.7111111111111111,1.4222222222222223,0.475,0.8444444444444444,1.2877777777777777,77,0.6311475409836066,0.810376797484472,1.2839736271831894,0.6911976911976913,0.21808245918532124,0.12422682037839436,0.27952407196172707,0.6383838383838384,0.8019201541851932,0.4376907680420684,0.8333333333333334,0.3246753246753247,1.3203463203463204,0.7868852459016393,0.6233766233766234,1.2467532467532467,0.6875,0.7142857142857143,1.0892857142857142,0.6911976911976913,local_only,WATERSHED PHARMACY,7,
LocalOnly_WATERSHED PHARMACY_s11,122,45,0.36885245901639346,0.5396738215582577,1.4631156940023875,0.7258297258297259,0.21157895682003972,0.12043434844972442,0.31508396432807817,0.655988455988456,0.8781783422835702,-0.48746179914524496,0.5666666666666667,0.37777777777777777,1.5362962962962963,0.5573770491803278,0.7555555555555555,1.5111111111111108,0.4875,0.8666666666666667,1.3216666666666665,77,0.6311475409836066,0.8406107651848685,1.3318767967864151,0.7258297258297257,0.21157895682003972,0.12043434844972442,0.31508396432807817,0.655988455988456,0.8781783422835702,0.48746179914524496,0.9333333333333333,0.36363636363636365,1.4787878787878788,0.819672131147541,0.6493506493506493,1.2987012987012987,0.725,0.7532467532467533,1.1487012987012986,0.7258297258297259,local_only,WATERSHED PHARMACY,11,
LocalOnly_WATERSHED PHARMACY_s19,122,45,0.36885245901639346,0.5110794292174401,1.3855931192117263,0.6955266955266955,0.22188746261915257,0.13160951028458612,0.3054588163497845,0.6476190476190476,0.806275829382104,-0.5374684670966882,0.5666666666666667,0.37777777777777777,1.5362962962962963,0.5245901639344263,0.7111111111111111,1.4222222222222223,0.4625,0.8222222222222222,1.2538888888888888,77,0.6311475409836066,0.8150439698675755,1.2913683678421326,0.6955266955266954,0.22188746261915257,0.1316095102845861,0.3054588163497845,0.6476190476190476,0.806275829382104,0.5374684670966882,0.8666666666666667,0.33766233766233766,1.373160173160173,0.7868852459016393,0.6233766233766234,1.2467532467532467,0.7125,0.7402597402597403,1.1288961038961038,0.6955266955266955,local_only,WATERSHED PHARMACY,19,
LocalOnly_WATERSHED PHARMACY_s23,122,45,0.36885245901639346,0.4946120781195005,1.3409483006795346,0.6707070707070707,0.23177680005177903,0.10614805525534143,0.29114440846983203,0.6448773448773448,0.5570265570883388,-0.5003975772667592,0.4666666666666667,0.3111111111111111,1.2651851851851852,0.5081967213114754,0.6888888888888889,1.3777777777777778,0.4625,0.8222222222222222,1.2538888888888888,77,0.6311475409836066,0.795574388300204,1.2605204593847388,0.6707070707070707,0.23177680005177903,0.10614805525534139,0.29114440846983203,0.6448773448773448,0.5570265570883387,0.5003975772667592,0.8666666666666667,0.33766233766233766,1.373160173160173,0.7704918032786885,0.6103896103896104,1.2207792207792207,0.7125,0.7402597402597403,1.1288961038961038,0.6707070707070707,local_only,WATERSHED PHARMACY,23,
LocalOnly_WATERSHED PHARMACY_s37,122,45,0.36885245901639346,0.5096448440358992,1.3817037993862153,0.6998556998556998,0.2201324221181016,0.1069062165571163,0.3036256777490208,0.6494949494949495,0.7679726471899543,-0.49262301397924796,0.5666666666666667,0.37777777777777777,1.5362962962962963,0.5081967213114754,0.6888888888888889,1.3777777777777778,0.475,0.8444444444444444,1.2877777777777777,77,0.6311475409836066,0.8132150774460907,1.2884706421873124,0.6998556998556997,0.2201324221181016,0.1069062165571163,0.3036256777490208,0.6494949494949495,0.7679726471899543,0.49262301397924796,0.8666666666666667,0.33766233766233766,1.373160173160173,0.7704918032786885,0.6103896103896104,1.2207792207792207,0.7125,0.7402597402597403,1.1288961038961038,0.6998556998556998,local_only,WATERSHED PHARMACY,37,
CentralLOCO_ASHBRITTLE   PHARMACY_s7,110,42,0.38181818181818183,0.5461703466114819,1.4304461458872144,0.655812324929972,0.24032444935627326,0.17399519247379366,0.20777607073722842,0.604341736694678,0.4442966394010069,-0.3412348067370394,0.5555555555555556,0.35714285714285715,1.4550264550264551,0.4727272727272727,0.6190476190476191,1.238095238095238,0.4722222222222222,0.8095238095238095,1.2367724867724867,68,0.6181818181818182,0.777895067970189,1.2583596687753058,0.655812324929972,0.24032444935627326,0.17399519247379366,0.20777607073722842,0.604341736694678,0.444296639401007,0.34123480673703926,0.7777777777777778,0.3088235294117647,1.2581699346405228,0.7090909090909091,0.5735294117647058,1.147058823529412,0.6666666666666666,0.7058823529411765,1.0784313725490196,0.655812324929972,central_loco,ASHBRITTLE   PHARMACY,7,
CentralLOCO_ASHBRITTLE   PHARMACY_s11,110,42,0.38181818181818183,0.5461703466114819,1.4304461458872144,0.655812324929972,0.24032444935627326,0.17399519247379366,0.20777607073722842,0.604341736694678,0.4442966394010069,-0.3412348067370394,0.5555555555555556,0.35714285714285715,1.4550264550264551,0.4727272727272727,0.6190476190476191,1.238095238095238,0.4722222222222222,0.8095238095238095,1.2367724867724867,68,0.6181818181818182,0.777895067970189,1.2583596687753058,0.655812324929972,0.24032444935627326,0.17399519247379366,0.20777607073722842,0.604341736694678,0.444296639401007,0.34123480673703926,0.7777777777777778,0.3088235294117647,1.2581699346405228,0.7090909090909091,0.5735294117647058,1.147058823529412,0.6666666666666666,0.7058823529411765,1.0784313725490196,0.655812324929972,central_loco,ASHBRITTLE   PHARMACY,11,
CentralLOCO_ASHBRITTLE   PHARMACY_s19,110,42,0.38181818181818183,0.5461703466114819,1.4304461458872144,0.655812324929972,0.24032444935627326,0.17399519247379366,0.20777607073722842,0.604341736694678,0.4442966394010069,-0.3412348067370394,0.5555555555555556,0.35714285714285715,1.4550264550264551,0.4727272727272727,0.6190476190476191,1.238095238095238,0.4722222222222222,0.8095238095238095,1.2367724867724867,68,0.6181818181818182,0.777895067970189,1.2583596687753058,0.655812324929972,0.24032444935627326,0.17399519247379366,0.20777607073722842,0.604341736694678,0.444296639401007,0.34123480673703926,0.7777777777777778,0.3088235294117647,1.2581699346405228,0.7090909090909091,0.5735294117647058,1.147058823529412,0.6666666666666666,0.7058823529411765,1.0784313725490196,0.655812324929972,central_loco,ASHBRITTLE   PHARMACY,19,
CentralLOCO_ASHBRITTLE   PHARMACY_s23,110,42,0.38181818181818183,0.5461703466114819,1.4304461458872144,0.655812324929972,0.24032444935627326,0.17399519247379366,0.20777607073722842,0.604341736694678,0.4442966394010069,-0.3412348067370394,0.5555555555555556,0.35714285714285715,1.4550264550264551,0.4727272727272727,0.6190476190476191,1.238095238095238,0.4722222222222222,0.8095238095238095,1.2367724867724867,68,0.6181818181818182,0.777895067970189,1.2583596687753058,0.655812324929972,0.24032444935627326,0.17399519247379366,0.20777607073722842,0.604341736694678,0.444296639401007,0.34123480673703926,0.7777777777777778,0.3088235294117647,1.2581699346405228,0.7090909090909091,0.5735294117647058,1.147058823529412,0.6666666666666666,0.7058823529411765,1.0784313725490196,0.655812324929972,central_loco,ASHBRITTLE   PHARMACY,23,
CentralLOCO_ASHBRITTLE   PHARMACY_s37,110,42,0.38181818181818183,0.5461703466114819,1.4304461458872144,0.655812324929972,0.24032444935627326,0.17399519247379366,0.20777607073722842,0.604341736694678,0.4442966394010069,-0.3412348067370394,0.5555555555555556,0.35714285714285715,1.4550264550264551,0.4727272727272727,0.6190476190476191,1.238095238095238,0.4722222222222222,0.8095238095238095,1.2367724867724867,68,0.6181818181818182,0.777895067970189,1.2583596687753058,0.655812324929972,0.24032444935627326,0.17399519247379366,0.20777607073722842,0.604341736694678,0.444296639401007,0.34123480673703926,0.7777777777777778,0.3088235294117647,1.2581699346405228,0.7090909090909091,0.5735294117647058,1.147058823529412,0.6666666666666666,0.7058823529411765,1.0784313725490196,0.655812324929972,central_loco,ASHBRITTLE   PHARMACY,37,
CentralLOCO_BALLANTYNE PARK PHARMACY_s7,114,35,0.30701754385964913,0.434048665963926,1.4137585119967875,0.6452079566003617,0.24695810240510654,0.20345375905459137,0.21042777732448462,0.6088607594936709,0.43259361783589967,-0.7034651605467727,0.39285714285714285,0.3142857142857143,1.279591836734694,0.3684210526315789,0.6,1.2,0.38666666666666666,0.8285714285714286,1.2594285714285713,79,0.6929824561403509,0.8362816606445442,1.206786193841494,0.6452079566003616,0.24695810240510654,0.20345375905459137,0.21042777732448462,0.6088607594936709,0.4325936178358997,0.7034651605467727,0.8928571428571429,0.31645569620253167,1.2884267631103075,0.7543859649122807,0.5443037974683544,1.0886075949367089,0.7466666666666667,0.7088607594936709,1.0774683544303798,0.6452079566003617,central_loco,BALLANTYNE PARK PHARMACY,7,
CentralLOCO_BALLANTYNE PARK PHARMACY_s11,114,35,0.30701754385964913,0.434048665963926,1.4137585119967875,0.6452079566003617,0.24695810240510654,0.20345375905459137,0.21042777732448462,0.6088607594936709,0.43259361783589967,-0.7034651605467727,0.39285714285714285,0.3142857142857143,1.279591836734694,0.3684210526315789,0.6,1.2,0.38666666666666666,0.8285714285714286,1.2594285714285713,79,0.6929824561403509,0.8362816606445442,1.206786193841494,0.6452079566003616,0.24695810240510654,0.20345375905459137,0.21042777732448462,0.6088607594936709,0.4325936178358997,0.7034651605467727,0.8928571428571429,0.31645569620253167,1.2884267631103075,0.7543859649122807,0.5443037974683544,1.0886075949367089,0.7466666666666667,0.7088607594936709,1.0774683544303798,0.6452079566003617,central_loco,BALLANTYNE PARK PHARMACY,11,
CentralLOCO_BALLANTYNE PARK PHARMACY_s19,114,35,0.30701754385964913,0.434048665963926,1.4137585119967875,0.6452079566003617,0.24695810240510654,0.20345375905459137,0.21042777732448462,0.6088607594936709,0.43259361783589967,-0.7034651605467727,0.39285714285714285,0.3142857142857143,1.279591836734694,0.3684210526315789,0.6,1.2,0.38666666666666666,0.8285714285714286,1.2594285714285713,79,0.6929824561403509,0.8362816606445442,1.206786193841494,0.6452079566003616,0.24695810240510654,0.20345375905459137,0.21042777732448462,0.6088607594936709,0.4325936178358997,0.7034651605467727,0.8928571428571429,0.31645569620253167,1.2884267631103075,0.7543859649122807,0.5443037974683544,1.0886075949367089,0.7466666666666667,0.7088607594936709,1.0774683544303798,0.6452079566003617,central_loco,BALLANTYNE PARK PHARMACY,19,
CentralLOCO_BALLANTYNE PARK PHARMACY_s23,114,35,0.30701754385964913,0.434048665963926,1.4137585119967875,0.6452079566003617,0.24695810240510654,0.20345375905459137,0.21042777732448462,0.6088607594936709,0.43259361783589967,-0.7034651605467727,0.39285714285714285,0.3142857142857143,1.279591836734694,0.3684210526315789,0.6,1.2,0.38666666666666666,0.8285714285714286,1.2594285714285713,79,0.6929824561403509,0.8362816606445442,1.206786193841494,0.6452079566003616,0.24695810240510654,0.20345375905459137,0.21042777732448462,0.6088607594936709,0.4325936178358997,0.7034651605467727,0.8928571428571429,0.31645569620253167,1.2884267631103075,0.7543859649122807,0.5443037974683544,1.0886075949367089,0.7466666666666667,0.7088607594936709,1.0774683544303798,0.6452079566003617,central_loco,BALLANTYNE PARK PHARMACY,23,
CentralLOCO_BALLANTYNE PARK PHARMACY_s37,114,35,0.30701754385964913,0.434048665963926,1.4137585119967875,0.6452079566003617,0.24695810240510654,0.20345375905459137,0.21042777732448462,0.6088607594936709,0.43259361783589967,-0.7034651605467727,0.39285714285714285,0.3142857142857143,1.279591836734694,0.3684210526315789,0.6,1.2,0.38666666666666666,0.8285714285714286,1.2594285714285713,79,0.6929824561403509,0.8362816606445442,1.206786193841494,0.6452079566003616,0.24695810240510654,0.20345375905459137,0.21042777732448462,0.6088607594936709,0.4325936178358997,0.7034651605467727,0.8928571428571429,0.31645569620253167,1.2884267631103075,0.7543859649122807,0.5443037974683544,1.0886075949367089,0.7466666666666667,0.7088607594936709,1.0774683544303798,0.6452079566003617,central_loco,BALLANTYNE PARK PHARMACY,37,
CentralLOCO_CIMAS BORROWDALE OFFICE PARK PHARMACY_s7,288,150,0.5208333333333334,0.7187166614437701,1.3799359899720385,0.7507729468599034,0.1955249371632012,0.06715290485088687,0.4209451059795144,0.7031884057971014,0.9054805081418479,-0.06194673483312529,0.75,0.36,1.44,0.7083333333333334,0.68,1.3599999999999999,0.6736842105263158,0.8533333333333334,1.293473684210526,138,0.4791666666666667,0.7858026157852072,1.639935893812606,0.7507729468599035,0.1955249371632012,0.06715290485088685,0.4209451059795144,0.7031884057971014,0.9054805081418479,0.0619467348331253,0.8055555555555556,0.42028985507246375,1.681159420289855,0.6666666666666666,0.6956521739130435,1.391304347826087,0.5684210526315789,0.782608695652174,1.1862700228832952,0.7507729468599034,central_loco,CIMAS BORROWDALE OFFICE PARK PHARMACY,7,
CentralLOCO_CIMAS BORROWDALE OFFICE PARK PHARMACY_s11,288,150,0.5208333333333334,0.7187166614437701,1.3799359899720385,0.7507729468599034,0.1955249371632012,0.06715290485088687,0.4209451059795144,0.7031884057971014,0.9054805081418479,-0.06194673483312529,0.75,0.36,1.44,0.7083333333333334,0.68,1.3599999999999999,0.6736842105263158,0.8533333333333334,1.293473684210526,138,0.4791666666666667,0.7858026157852072,1.639935893812606,0.7507729468599035,0.1955249371632012,0.06715290485088685,0.4209451059795144,0.7031884057971014,0.9054805081418479,0.0619467348331253,0.8055555555555556,0.42028985507246375,1.681159420289855,0.6666666666666666,0.6956521739130435,1.391304347826087,0.5684210526315789,0.782608695652174,1.1862700228832952,0.7507729468599034,central_loco,CIMAS BORROWDALE OFFICE PARK PHARMACY,11,
CentralLOCO_CIMAS BORROWDALE OFFICE PARK PHARMACY_s19,288,150,0.5208333333333334,0.7187166614437701,1.3799359899720385,0.7507729468599034,0.1955249371632012,0.06715290485088687,0.4209451059795144,0.7031884057971014,0.9054805081418479,-0.06194673483312529,0.75,0.36,1.44,0.7083333333333334,0.68,1.3599999999999999,0.6736842105263158,0.8533333333333334,1.293473684210526,138,0.4791666666666667,0.7858026157852072,1.639935893812606,0.7507729468599035,0.1955249371632012,0.06715290485088685,0.4209451059795144,0.7031884057971014,0.9054805081418479,0.0619467348331253,0.8055555555555556,0.42028985507246375,1.681159420289855,0.6666666666666666,0.6956521739130435,1.391304347826087,0.5684210526315789,0.782608695652174,1.1862700228832952,0.7507729468599034,central_loco,CIMAS BORROWDALE OFFICE PARK PHARMACY,19,
CentralLOCO_CIMAS BORROWDALE OFFICE PARK PHARMACY_s23,288,150,0.5208333333333334,0.7187166614437701,1.3799359899720385,0.7507729468599034,0.1955249371632012,0.06715290485088687,0.4209451059795144,0.7031884057971014,0.9054805081418479,-0.06194673483312529,0.75,0.36,1.44,0.7083333333333334,0.68,1.3599999999999999,0.6736842105263158,0.8533333333333334,1.293473684210526,138,0.4791666666666667,0.7858026157852072,1.639935893812606,0.7507729468599035,0.1955249371632012,0.06715290485088685,0.4209451059795144,0.7031884057971014,0.9054805081418479,0.0619467348331253,0.8055555555555556,0.42028985507246375,1.681159420289855,0.6666666666666666,0.6956521739130435,1.391304347826087,0.5684210526315789,0.782608695652174,1.1862700228832952,0.7507729468599034,central_loco,CIMAS BORROWDALE OFFICE PARK PHARMACY,23,
CentralLOCO_CIMAS BORROWDALE OFFICE PARK PHARMACY_s37,288,150,0.5208333333333334,0.7187166614437701,1.3799359899720385,0.7507729468599034,0.1955249371632012,0.06715290485088687,0.4209451059795144,0.7031884057971014,0.9054805081418479,-0.06194673483312529,0.75,0.36,1.44,0.7083333333333334,0.68,1.3599999999999999,0.6736842105263158,0.8533333333333334,1.293473684210526,138,0.4791666666666667,0.7858026157852072,1.639935893812606,0.7507729468599035,0.1955249371632012,0.06715290485088685,0.4209451059795144,0.7031884057971014,0.9054805081418479,0.0619467348331253,0.8055555555555556,0.42028985507246375,1.681159420289855,0.6666666666666666,0.6956521739130435,1.391304347826087,0.5684210526315789,0.782608695652174,1.1862700228832952,0.7507729468599034,central_loco,CIMAS BORROWDALE OFFICE PARK PHARMACY,37,
CentralLOCO_CIMAS BULAWAYO PHARMACY_s7,1073,558,0.5200372786579683,0.8056503145658287,1.5492164651059752,0.8384591293454431,0.15753628039402728,0.0231360016547016,0.555545432308822,0.7729756063611373,1.1637431018426634,-0.1000969934281958,0.8208955223880597,0.3942652329749104,1.5785320708286525,0.7779850746268657,0.7473118279569892,1.4960178943989728,0.7146892655367232,0.9068100358422939,1.374303910252516,515,0.47996272134203166,0.8603437047259992,1.7925219323708683,0.8384591293454432,0.15753628039402728,0.023136001654701636,0.555545432308822,0.7729756063611373,1.1637431018426634,0.10009699342819581,0.9328358208955224,0.4854368932038835,1.9435589045065933,0.7388059701492538,0.7689320388349514,1.539298652369222,0.632768361581921,0.8699029126213592,1.3183698096648568,0.8384591293454431,central_loco,CIMAS BULAWAYO PHARMACY,7,
CentralLOCO_CIMAS BULAWAYO PHARMACY_s11,1073,558,0.5200372786579683,0.8056503145658287,1.5492164651059752,0.8384591293454431,0.15753628039402728,0.0231360016547016,0.555545432308822,0.7729756063611373,1.1637431018426634,-0.1000969934281958,0.8208955223880597,0.3942652329749104,1.5785320708286525,0.7779850746268657,0.7473118279569892,1.4960178943989728,0.7146892655367232,0.9068100358422939,1.374303910252516,515,0.47996272134203166,0.8603437047259992,1.7925219323708683,0.8384591293454432,0.15753628039402728,0.023136001654701636,0.555545432308822,0.7729756063611373,1.1637431018426634,0.10009699342819581,0.9328358208955224,0.4854368932038835,1.9435589045065933,0.7388059701492538,0.7689320388349514,1.539298652369222,0.632768361581921,0.8699029126213592,1.3183698096648568,0.8384591293454431,central_loco,CIMAS BULAWAYO PHARMACY,11,
CentralLOCO_CIMAS BULAWAYO PHARMACY_s19,1073,558,0.5200372786579683,0.8056503145658287,1.5492164651059752,0.8384591293454431,0.15753628039402728,0.0231360016547016,0.555545432308822,0.7729756063611373,1.1637431018426634,-0.1000969934281958,0.8208955223880597,0.3942652329749104,1.5785320708286525,0.7779850746268657,0.7473118279569892,1.4960178943989728,0.7146892655367232,0.9068100358422939,1.374303910252516,515,0.47996272134203166,0.8603437047259992,1.7925219323708683,0.8384591293454432,0.15753628039402728,0.023136001654701636,0.555545432308822,0.7729756063611373,1.1637431018426634,0.10009699342819581,0.9328358208955224,0.4854368932038835,1.9435589045065933,0.7388059701492538,0.7689320388349514,1.539298652369222,0.632768361581921,0.8699029126213592,1.3183698096648568,0.8384591293454431,central_loco,CIMAS BULAWAYO PHARMACY,19,
CentralLOCO_CIMAS BULAWAYO PHARMACY_s23,1073,558,0.5200372786579683,0.8056503145658287,1.5492164651059752,0.8384591293454431,0.15753628039402728,0.0231360016547016,0.555545432308822,0.7729756063611373,1.1637431018426634,-0.1000969934281958,0.8208955223880597,0.3942652329749104,1.5785320708286525,0.7779850746268657,0.7473118279569892,1.4960178943989728,0.7146892655367232,0.9068100358422939,1.374303910252516,515,0.47996272134203166,0.8603437047259992,1.7925219323708683,0.8384591293454432,0.15753628039402728,0.023136001654701636,0.555545432308822,0.7729756063611373,1.1637431018426634,0.10009699342819581,0.9328358208955224,0.4854368932038835,1.9435589045065933,0.7388059701492538,0.7689320388349514,1.539298652369222,0.632768361581921,0.8699029126213592,1.3183698096648568,0.8384591293454431,central_loco,CIMAS BULAWAYO PHARMACY,23,
CentralLOCO_CIMAS BULAWAYO PHARMACY_s37,1073,558,0.5200372786579683,0.8056503145658287,1.5492164651059752,0.8384591293454431,0.15753628039402728,0.0231360016547016,0.555545432308822,0.7729756063611373,1.1637431018426634,-0.1000969934281958,0.8208955223880597,0.3942652329749104,1.5785320708286525,0.7779850746268657,0.7473118279569892,1.4960178943989728,0.7146892655367232,0.9068100358422939,1.374303910252516,515,0.47996272134203166,0.8603437047259992,1.7925219323708683,0.8384591293454432,0.15753628039402728,0.023136001654701636,0.555545432308822,0.7729756063611373,1.1637431018426634,0.10009699342819581,0.9328358208955224,0.4854368932038835,1.9435589045065933,0.7388059701492538,0.7689320388349514,1.539298652369222,0.632768361581921,0.8699029126213592,1.3183698096648568,0.8384591293454431,central_loco,CIMAS BULAWAYO PHARMACY,37,
CentralLOCO_CIMAS CLINIC -MASVINGO PHARMACY_s7,296,141,0.47635135135135137,0.6916925501409573,1.4520637932037117,0.7498055364905056,0.202894656939171,0.040980023950473586,0.4116097267256436,0.7052390757263785,0.819525823473148,-0.08972601225686833,0.7297297297297297,0.3829787234042553,1.5319148936170213,0.6756756756756757,0.7092198581560284,1.4184397163120566,0.6153846153846154,0.851063829787234,1.2918712493180577,155,0.5236486486486487,0.7834028323894027,1.4960466992726655,0.7498055364905056,0.202894656939171,0.040980023950473565,0.4116097267256436,0.7052390757263785,0.819525823473148,0.08972601225686831,0.8378378378378378,0.4,1.5999999999999999,0.722972972972973,0.6903225806451613,1.3806451612903226,0.6512820512820513,0.8193548387096774,1.2437386269644333,0.7498055364905056,central_loco,CIMAS CLINIC -MASVINGO PHARMACY,7,
CentralLOCO_CIMAS CLINIC -MASVINGO PHARMACY_s11,296,141,0.47635135135135137,0.6916925501409573,1.4520637932037117,0.7498055364905056,0.202894656939171,0.040980023950473586,0.4116097267256436,0.7052390757263785,0.819525823473148,-0.08972601225686833,0.7297297297297297,0.3829787234042553,1.5319148936170213,0.6756756756756757,0.7092198581560284,1.4184397163120566,0.6153846153846154,0.851063829787234,1.2918712493180577,155,0.5236486486486487,0.7834028323894027,1.4960466992726655,0.7498055364905056,0.202894656939171,0.040980023950473565,0.4116097267256436,0.7052390757263785,0.819525823473148,0.08972601225686831,0.8378378378378378,0.4,1.5999999999999999,0.722972972972973,0.6903225806451613,1.3806451612903226,0.6512820512820513,0.8193548387096774,1.2437386269644333,0.7498055364905056,central_loco,CIMAS CLINIC -MASVINGO PHARMACY,11,
CentralLOCO_CIMAS CLINIC -MASVINGO PHARMACY_s19,296,141,0.47635135135135137,0.6916925501409573,1.4520637932037117,0.7498055364905056,0.202894656939171,0.040980023950473586,0.4116097267256436,0.7052390757263785,0.819525823473148,-0.08972601225686833,0.7297297297297297,0.3829787234042553,1.5319148936170213,0.6756756756756757,0.7092198581560284,1.4184397163120566,0.6153846153846154,0.851063829787234,1.2918712493180577,155,0.5236486486486487,0.7834028323894027,1.4960466992726655,0.7498055364905056,0.202894656939171,0.040980023950473565,0.4116097267256436,0.7052390757263785,0.819525823473148,0.08972601225686831,0.8378378378378378,0.4,1.5999999999999999,0.722972972972973,0.6903225806451613,1.3806451612903226,0.6512820512820513,0.8193548387096774,1.2437386269644333,0.7498055364905056,central_loco,CIMAS CLINIC -MASVINGO PHARMACY,19,
CentralLOCO_CIMAS CLINIC -MASVINGO PHARMACY_s23,296,141,0.47635135135135137,0.6916925501409573,1.4520637932037117,0.7498055364905056,0.202894656939171,0.040980023950473586,0.4116097267256436,0.7052390757263785,0.819525823473148,-0.08972601225686833,0.7297297297297297,0.3829787234042553,1.5319148936170213,0.6756756756756757,0.7092198581560284,1.4184397163120566,0.6153846153846154,0.851063829787234,1.2918712493180577,155,0.5236486486486487,0.7834028323894027,1.4960466992726655,0.7498055364905056,0.202894656939171,0.040980023950473565,0.4116097267256436,0.7052390757263785,0.819525823473148,0.08972601225686831,0.8378378378378378,0.4,1.5999999999999999,0.722972972972973,0.6903225806451613,1.3806451612903226,0.6512820512820513,0.8193548387096774,1.2437386269644333,0.7498055364905056,central_loco,CIMAS CLINIC -MASVINGO PHARMACY,23,
CentralLOCO_CIMAS CLINIC -MASVINGO PHARMACY_s37,296,141,0.47635135135135137,0.6916925501409573,1.4520637932037117,0.7498055364905056,0.202894656939171,0.040980023950473586,0.4116097267256436,0.7052390757263785,0.819525823473148,-0.08972601225686833,0.7297297297297297,0.3829787234042553,1.5319148936170213,0.6756756756756757,0.7092198581560284,1.4184397163120566,0.6153846153846154,0.851063829787234,1.2918712493180577,155,0.5236486486486487,0.7834028323894027,1.4960466992726655,0.7498055364905056,0.202894656939171,0.040980023950473565,0.4116097267256436,0.7052390757263785,0.819525823473148,0.08972601225686831,0.8378378378378378,0.4,1.5999999999999999,0.722972972972973,0.6903225806451613,1.3806451612903226,0.6512820512820513,0.8193548387096774,1.2437386269644333,0.7498055364905056,central_loco,CIMAS CLINIC -MASVINGO PHARMACY,37,
CentralLOCO_CIMAS FIFE AVENUE PHARMACY_s7,484,206,0.4256198347107438,0.6693545519194602,1.5726582676165959,0.7793706782147097,0.18948034298238045,0.08206749580926269,0.40106352335864864,0.6980512677236851,1.0014563003717414,-0.30865330860508916,0.6942148760330579,0.4077669902912621,1.6310679611650485,0.6115702479338843,0.7184466019417476,1.436893203883495,0.5799373040752351,0.8980582524271845,1.3625711416136592,278,0.5743801652892562,0.8571666824908188,1.4923333608832963,0.7793706782147098,0.18948034298238045,0.08206749580926273,0.40106352335864864,0.6980512677236851,1.0014563003717414,0.30865330860508916,0.9752066115702479,0.4244604316546763,1.6978417266187051,0.7603305785123967,0.6618705035971223,1.3237410071942446,0.7053291536050157,0.8093525179856115,1.2279831307367899,0.7793706782147097,central_loco,CIMAS FIFE AVENUE PHARMACY,7,
CentralLOCO_CIMAS FIFE AVENUE PHARMACY_s11,484,206,0.4256198347107438,0.6693545519194602,1.5726582676165959,0.7793706782147097,0.18948034298238045,0.08206749580926269,0.40106352335864864,0.6980512677236851,1.0014563003717414,-0.30865330860508916,0.6942148760330579,0.4077669902912621,1.6310679611650485,0.6115702479338843,0.7184466019417476,1.436893203883495,0.5799373040752351,0.8980582524271845,1.3625711416136592,278,0.5743801652892562,0.8571666824908188,1.4923333608832963,0.7793706782147098,0.18948034298238045,0.08206749580926273,0.40106352335864864,0.6980512677236851,1.0014563003717414,0.30865330860508916,0.9752066115702479,0.4244604316546763,1.6978417266187051,0.7603305785123967,0.6618705035971223,1.3237410071942446,0.7053291536050157,0.8093525179856115,1.2279831307367899,0.7793706782147097,central_loco,CIMAS FIFE AVENUE PHARMACY,11,
CentralLOCO_CIMAS FIFE AVENUE PHARMACY_s19,484,206,0.4256198347107438,0.6693545519194602,1.5726582676165959,0.7793706782147097,0.18948034298238045,0.08206749580926269,0.40106352335864864,0.6980512677236851,1.0014563003717414,-0.30865330860508916,0.6942148760330579,0.4077669902912621,1.6310679611650485,0.6115702479338843,0.7184466019417476,1.436893203883495,0.5799373040752351,0.8980582524271845,1.3625711416136592,278,0.5743801652892562,0.8571666824908188,1.4923333608832963,0.7793706782147098,0.18948034298238045,0.08206749580926273,0.40106352335864864,0.6980512677236851,1.0014563003717414,0.30865330860508916,0.9752066115702479,0.4244604316546763,1.6978417266187051,0.7603305785123967,0.6618705035971223,1.3237410071942446,0.7053291536050157,0.8093525179856115,1.2279831307367899,0.7793706782147097,central_loco,CIMAS FIFE AVENUE PHARMACY,19,
CentralLOCO_CIMAS FIFE AVENUE PHARMACY_s23,484,206,0.4256198347107438,0.6693545519194602,1.5726582676165959,0.7793706782147097,0.18948034298238045,0.08206749580926269,0.40106352335864864,0.6980512677236851,1.0014563003717414,-0.30865330860508916,0.6942148760330579,0.4077669902912621,1.6310679611650485,0.6115702479338843,0.7184466019417476,1.436893203883495,0.5799373040752351,0.8980582524271845,1.3625711416136592,278,0.5743801652892562,0.8571666824908188,1.4923333608832963,0.7793706782147098,0.18948034298238045,0.08206749580926273,0.40106352335864864,0.6980512677236851,1.0014563003717414,0.30865330860508916,0.9752066115702479,0.4244604316546763,1.6978417266187051,0.7603305785123967,0.6618705035971223,1.3237410071942446,0.7053291536050157,0.8093525179856115,1.2279831307367899,0.7793706782147097,central_loco,CIMAS FIFE AVENUE PHARMACY,23,
CentralLOCO_CIMAS FIFE AVENUE PHARMACY_s37,484,206,0.4256198347107438,0.6693545519194602,1.5726582676165959,0.7793706782147097,0.18948034298238045,0.08206749580926269,0.40106352335864864,0.6980512677236851,1.0014563003717414,-0.30865330860508916,0.6942148760330579,0.4077669902912621,1.6310679611650485,0.6115702479338843,0.7184466019417476,1.436893203883495,0.5799373040752351,0.8980582524271845,1.3625711416136592,278,0.5743801652892562,0.8571666824908188,1.4923333608832963,0.7793706782147098,0.18948034298238045,0.08206749580926273,0.40106352335864864,0.6980512677236851,1.0014563003717414,0.30865330860508916,0.9752066115702479,0.4244604316546763,1.6978417266187051,0.7603305785123967,0.6618705035971223,1.3237410071942446,0.7053291536050157,0.8093525179856115,1.2279831307367899,0.7793706782147097,central_loco,CIMAS FIFE AVENUE PHARMACY,37,
CentralLOCO_CIMAS FOURTH STREET PHARMACY_s7,2266,906,0.39982347749338043,0.6928594436000455,1.732913354522851,0.817159297493832,0.1701788576447274,0.035750601340297866,0.4975391481166984,0.7519721464744837,1.0833555724227133,-0.20273251537711165,0.7173144876325088,0.4481236203090508,1.794077956926341,0.6434245366284201,0.804635761589404,1.609271523178808,0.5698996655518395,0.9403973509933775,1.4253781922080222,1360,0.6001765225066196,0.8857012030374503,1.4757345044726928,0.817159297493832,0.1701788576447274,0.035750601340297845,0.4975391481166984,0.7519721464744837,1.0833555724227133,0.20273251537711168,0.9664310954063604,0.4022058823529412,1.6102447516108918,0.8437775816416593,0.7029411764705882,1.4058823529411766,0.7424749163879598,0.8161764705882353,1.237094235687586,0.817159297493832,central_loco,CIMAS FOURTH STREET PHARMACY,7,
CentralLOCO_CIMAS FOURTH STREET PHARMACY_s11,2266,906,0.39982347749338043,0.6928594436000455,1.732913354522851,0.817159297493832,0.1701788576447274,0.035750601340297866,0.4975391481166984,0.7519721464744837,1.0833555724227133,-0.20273251537711165,0.7173144876325088,0.4481236203090508,1.794077956926341,0.6434245366284201,0.804635761589404,1.609271523178808,0.5698996655518395,0.9403973509933775,1.4253781922080222,1360,0.6001765225066196,0.8857012030374503,1.4757345044726928,0.817159297493832,0.1701788576447274,0.035750601340297845,0.4975391481166984,0.7519721464744837,1.0833555724227133,0.20273251537711168,0.9664310954063604,0.4022058823529412,1.6102447516108918,0.8437775816416593,0.7029411764705882,1.4058823529411766,0.7424749163879598,0.8161764705882353,1.237094235687586,0.817159297493832,central_loco,CIMAS FOURTH STREET PHARMACY,11,
CentralLOCO_CIMAS FOURTH STREET PHARMACY_s19,2266,906,0.39982347749338043,0.6928594436000455,1.732913354522851,0.817159297493832,0.1701788576447274,0.035750601340297866,0.4975391481166984,0.7519721464744837,1.0833555724227133,-0.20273251537711165,0.7173144876325088,0.4481236203090508,1.794077956926341,0.6434245366284201,0.804635761589404,1.609271523178808,0.5698996655518395,0.9403973509933775,1.4253781922080222,1360,0.6001765225066196,0.8857012030374503,1.4757345044726928,0.817159297493832,0.1701788576447274,0.035750601340297845,0.4975391481166984,0.7519721464744837,1.0833555724227133,0.20273251537711168,0.9664310954063604,0.4022058823529412,1.6102447516108918,0.8437775816416593,0.7029411764705882,1.4058823529411766,0.7424749163879598,0.8161764705882353,1.237094235687586,0.817159297493832,central_loco,CIMAS FOURTH STREET PHARMACY,19,
CentralLOCO_CIMAS FOURTH STREET PHARMACY_s23,2266,906,0.39982347749338043,0.6928594436000455,1.732913354522851,0.817159297493832,0.1701788576447274,0.035750601340297866,0.4975391481166984,0.7519721464744837,1.0833555724227133,-0.20273251537711165,0.7173144876325088,0.4481236203090508,1.794077956926341,0.6434245366284201,0.804635761589404,1.609271523178808,0.5698996655518395,0.9403973509933775,1.4253781922080222,1360,0.6001765225066196,0.8857012030374503,1.4757345044726928,0.817159297493832,0.1701788576447274,0.035750601340297845,0.4975391481166984,0.7519721464744837,1.0833555724227133,0.20273251537711168,0.9664310954063604,0.4022058823529412,1.6102447516108918,0.8437775816416593,0.7029411764705882,1.4058823529411766,0.7424749163879598,0.8161764705882353,1.237094235687586,0.817159297493832,central_loco,CIMAS FOURTH STREET PHARMACY,23,
CentralLOCO_CIMAS FOURTH STREET PHARMACY_s37,2266,906,0.39982347749338043,0.6928594436000455,1.732913354522851,0.817159297493832,0.1701788576447274,0.035750601340297866,0.4975391481166984,0.7519721464744837,1.0833555724227133,-0.20273251537711165,0.7173144876325088,0.4481236203090508,1.794077956926341,0.6434245366284201,0.804635761589404,1.609271523178808,0.5698996655518395,0.9403973509933775,1.4253781922080222,1360,0.6001765225066196,0.8857012030374503,1.4757345044726928,0.817159297493832,0.1701788576447274,0.035750601340297845,0.4975391481166984,0.7519721464744837,1.0833555724227133,0.20273251537711168,0.9664310954063604,0.4022058823529412,1.6102447516108918,0.8437775816416593,0.7029411764705882,1.4058823529411766,0.7424749163879598,0.8161764705882353,1.237094235687586,0.817159297493832,central_loco,CIMAS FOURTH STREET PHARMACY,37,
CentralLOCO_CIMAS HCC  MUTARE PHARMACY_s7,813,419,0.5153751537515375,0.7401250976306254,1.4360899865720727,0.7826526779981342,0.1812893924349481,0.048491222475773164,0.4907138474827556,0.733481337000109,1.074031939228148,-0.2578961569663474,0.7389162561576355,0.35799522673031026,1.4337444302056268,0.7142857142857143,0.6921241050119332,1.3859529491987725,0.6921641791044776,0.8854415274463007,1.3430297795034374,394,0.48462484624846247,0.8169332653587889,1.6857023978088714,0.7826526779981342,0.1812893924349481,0.048491222475773164,0.4907138474827556,0.733481337000109,1.074031939228148,0.2578961569663474,0.9064039408866995,0.467005076142132,1.8703208221849916,0.6847290640394089,0.7055837563451777,1.4129054037158362,0.6044776119402985,0.8223350253807107,1.2473104023032047,0.7826526779981342,central_loco,CIMAS HCC  MUTARE PHARMACY,7,
CentralLOCO_CIMAS HCC  MUTARE PHARMACY_s11,813,419,0.5153751537515375,0.7401250976306254,1.4360899865720727,0.7826526779981342,0.1812893924349481,0.048491222475773164,0.4907138474827556,0.733481337000109,1.074031939228148,-0.2578961569663474,0.7389162561576355,0.35799522673031026,1.4337444302056268,0.7142857142857143,0.6921241050119332,1.3859529491987725,0.6921641791044776,0.8854415274463007,1.3430297795034374,394,0.48462484624846247,0.8169332653587889,1.6857023978088714,0.7826526779981342,0.1812893924349481,0.048491222475773164,0.4907138474827556,0.733481337000109,1.074031939228148,0.2578961569663474,0.9064039408866995,0.467005076142132,1.8703208221849916,0.6847290640394089,0.7055837563451777,1.4129054037158362,0.6044776119402985,0.8223350253807107,1.2473104023032047,0.7826526779981342,central_loco,CIMAS HCC  MUTARE PHARMACY,11,
CentralLOCO_CIMAS HCC  MUTARE PHARMACY_s19,813,419,0.5153751537515375,0.7401250976306254,1.4360899865720727,0.7826526779981342,0.1812893924349481,0.048491222475773164,0.4907138474827556,0.733481337000109,1.074031939228148,-0.2578961569663474,0.7389162561576355,0.35799522673031026,1.4337444302056268,0.7142857142857143,0.6921241050119332,1.3859529491987725,0.6921641791044776,0.8854415274463007,1.3430297795034374,394,0.48462484624846247,0.8169332653587889,1.6857023978088714,0.7826526779981342,0.1812893924349481,0.048491222475773164,0.4907138474827556,0.733481337000109,1.074031939228148,0.2578961569663474,0.9064039408866995,0.467005076142132,1.8703208221849916,0.6847290640394089,0.7055837563451777,1.4129054037158362,0.6044776119402985,0.8223350253807107,1.2473104023032047,0.7826526779981342,central_loco,CIMAS HCC  MUTARE PHARMACY,19,
CentralLOCO_CIMAS HCC  MUTARE PHARMACY_s23,813,419,0.5153751537515375,0.7401250976306254,1.4360899865720727,0.7826526779981342,0.1812893924349481,0.048491222475773164,0.4907138474827556,0.733481337000109,1.074031939228148,-0.2578961569663474,0.7389162561576355,0.35799522673031026,1.4337444302056268,0.7142857142857143,0.6921241050119332,1.3859529491987725,0.6921641791044776,0.8854415274463007,1.3430297795034374,394,0.48462484624846247,0.8169332653587889,1.6857023978088714,0.7826526779981342,0.1812893924349481,0.048491222475773164,0.4907138474827556,0.733481337000109,1.074031939228148,0.2578961569663474,0.9064039408866995,0.467005076142132,1.8703208221849916,0.6847290640394089,0.7055837563451777,1.4129054037158362,0.6044776119402985,0.8223350253807107,1.2473104023032047,0.7826526779981342,central_loco,CIMAS HCC  MUTARE PHARMACY,23,
CentralLOCO_CIMAS HCC  MUTARE PHARMACY_s37,813,419,0.5153751537515375,0.7401250976306254,1.4360899865720727,0.7826526779981342,0.1812893924349481,0.048491222475773164,0.4907138474827556,0.733481337000109,1.074031939228148,-0.2578961569663474,0.7389162561576355,0.35799522673031026,1.4337444302056268,0.7142857142857143,0.6921241050119332,1.3859529491987725,0.6921641791044776,0.8854415274463007,1.3430297795034374,394,0.48462484624846247,0.8169332653587889,1.6857023978088714,0.7826526779981342,0.1812893924349481,0.048491222475773164,0.4907138474827556,0.733481337000109,1.074031939228148,0.2578961569663474,0.9064039408866995,0.467005076142132,1.8703208221849916,0.6847290640394089,0.7055837563451777,1.4129054037158362,0.6044776119402985,0.8223350253807107,1.2473104023032047,0.7826526779981342,central_loco,CIMAS HCC  MUTARE PHARMACY,37,
CentralLOCO_CIMAS HCC CHINHOYI ST. PHARM_s7,1347,598,0.44394951744617667,0.7253676608864451,1.633896721093715,0.8223718581296802,0.1675817676302656,0.038553588515869666,0.5194545004606137,0.7598559506320579,1.0537395495107171,-0.13286402273202388,0.7559523809523809,0.42474916387959866,1.7027890587673196,0.6939078751857355,0.7809364548494984,1.5630332907611801,0.6344206974128234,0.9431438127090301,1.4290379254432661,749,0.5560504825538233,0.8711339784633776,1.5666454859681838,0.8223718581296803,0.1675817676302656,0.038553588515869666,0.5194545004606137,0.7598559506320579,1.0537395495107171,0.1328640227320239,0.9613095238095238,0.43124165554072097,1.7288169940873548,0.8053491827637445,0.7236315086782377,1.4483382499102322,0.7052868391451068,0.8371161548731643,1.268386344897809,0.8223718581296802,central_loco,CIMAS HCC CHINHOYI ST. PHARM,7,
CentralLOCO_CIMAS HCC CHINHOYI ST. PHARM_s11,1347,598,0.44394951744617667,0.7253676608864451,1.633896721093715,0.8223718581296802,0.1675817676302656,0.038553588515869666,0.5194545004606137,0.7598559506320579,1.0537395495107171,-0.13286402273202388,0.7559523809523809,0.42474916387959866,1.7027890587673196,0.6939078751857355,0.7809364548494984,1.5630332907611801,0.6344206974128234,0.9431438127090301,1.4290379254432661,749,0.5560504825538233,0.8711339784633776,1.5666454859681838,0.8223718581296803,0.1675817676302656,0.038553588515869666,0.5194545004606137,0.7598559506320579,1.0537395495107171,0.1328640227320239,0.9613095238095238,0.43124165554072097,1.7288169940873548,0.8053491827637445,0.7236315086782377,1.4483382499102322,0.7052868391451068,0.8371161548731643,1.268386344897809,0.8223718581296802,central_loco,CIMAS HCC CHINHOYI ST. PHARM,11,
CentralLOCO_CIMAS HCC CHINHOYI ST. PHARM_s19,1347,598,0.44394951744617667,0.7253676608864451,1.633896721093715,0.8223718581296802,0.1675817676302656,0.038553588515869666,0.5194545004606137,0.7598559506320579,1.0537395495107171,-0.13286402273202388,0.7559523809523809,0.42474916387959866,1.7027890587673196,0.6939078751857355,0.7809364548494984,1.5630332907611801,0.6344206974128234,0.9431438127090301,1.4290379254432661,749,0.5560504825538233,0.8711339784633776,1.5666454859681838,0.8223718581296803,0.1675817676302656,0.038553588515869666,0.5194545004606137,0.7598559506320579,1.0537395495107171,0.1328640227320239,0.9613095238095238,0.43124165554072097,1.7288169940873548,0.8053491827637445,0.7236315086782377,1.4483382499102322,0.7052868391451068,0.8371161548731643,1.268386344897809,0.8223718581296802,central_loco,CIMAS HCC CHINHOYI ST. PHARM,19,
CentralLOCO_CIMAS HCC CHINHOYI ST. PHARM_s23,1347,598,0.44394951744617667,0.7253676608864451,1.633896721093715,0.8223718581296802,0.1675817676302656,0.038553588515869666,0.5194545004606137,0.7598559506320579,1.0537395495107171,-0.13286402273202388,0.7559523809523809,0.42474916387959866,1.7027890587673196,0.6939078751857355,0.7809364548494984,1.5630332907611801,0.6344206974128234,0.9431438127090301,1.4290379254432661,749,0.5560504825538233,0.8711339784633776,1.5666454859681838,0.8223718581296803,0.1675817676302656,0.038553588515869666,0.5194545004606137,0.7598559506320579,1.0537395495107171,0.1328640227320239,0.9613095238095238,0.43124165554072097,1.7288169940873548,0.8053491827637445,0.7236315086782377,1.4483382499102322,0.7052868391451068,0.8371161548731643,1.268386344897809,0.8223718581296802,central_loco,CIMAS HCC CHINHOYI ST. PHARM,23,
CentralLOCO_CIMAS HCC CHINHOYI ST. PHARM_s37,1347,598,0.44394951744617667,0.7253676608864451,1.633896721093715,0.8223718581296802,0.1675817676302656,0.038553588515869666,0.5194545004606137,0.7598559506320579,1.0537395495107171,-0.13286402273202388,0.7559523809523809,0.42474916387959866,1.7027890587673196,0.6939078751857355,0.7809364548494984,1.5630332907611801,0.6344206974128234,0.9431438127090301,1.4290379254432661,749,0.5560504825538233,0.8711339784633776,1.5666454859681838,0.8223718581296803,0.1675817676302656,0.038553588515869666,0.5194545004606137,0.7598559506320579,1.0537395495107171,0.1328640227320239,0.9613095238095238,0.43124165554072097,1.7288169940873548,0.8053491827637445,0.7236315086782377,1.4483382499102322,0.7052868391451068,0.8371161548731643,1.268386344897809,0.8223718581296802,central_loco,CIMAS HCC CHINHOYI ST. PHARM,37,
CentralLOCO_CIMAS HCC CHITUNGWIZA PHARMACY_s7,619,333,0.5379644588045234,0.737315131552734,1.3705647640574847,0.7632982632982632,0.1897903318889871,0.031508911568489464,0.4127271019929484,0.7028339528339529,0.8671028714776652,0.0074139849865945085,0.7402597402597403,0.34234234234234234,1.3760383760383763,0.7378640776699029,0.6846846846846847,1.3715851774104202,0.7009803921568627,0.8588588588588588,1.3030236118471412,286,0.4620355411954766,0.7763127790972009,1.6802014344796061,0.7632982632982633,0.1897903318889871,0.03150891156848951,0.4127271019929484,0.7028339528339529,0.8671028714776652,-0.007413984986594512,0.8311688311688312,0.44755244755244755,1.79892834438289,0.6634304207119741,0.7167832167832168,1.4358861203521398,0.5759803921568627,0.8216783216783217,1.2466149047031398,0.7632982632982632,central_loco,CIMAS HCC CHITUNGWIZA PHARMACY,7,
CentralLOCO_CIMAS HCC CHITUNGWIZA PHARMACY_s11,619,333,0.5379644588045234,0.737315131552734,1.3705647640574847,0.7632982632982632,0.1897903318889871,0.031508911568489464,0.4127271019929484,0.7028339528339529,0.8671028714776652,0.0074139849865945085,0.7402597402597403,0.34234234234234234,1.3760383760383763,0.7378640776699029,0.6846846846846847,1.3715851774104202,0.7009803921568627,0.8588588588588588,1.3030236118471412,286,0.4620355411954766,0.7763127790972009,1.6802014344796061,0.7632982632982633,0.1897903318889871,0.03150891156848951,0.4127271019929484,0.7028339528339529,0.8671028714776652,-0.007413984986594512,0.8311688311688312,0.44755244755244755,1.79892834438289,0.6634304207119741,0.7167832167832168,1.4358861203521398,0.5759803921568627,0.8216783216783217,1.2466149047031398,0.7632982632982632,central_loco,CIMAS HCC CHITUNGWIZA PHARMACY,11,
CentralLOCO_CIMAS HCC CHITUNGWIZA PHARMACY_s19,619,333,0.5379644588045234,0.737315131552734,1.3705647640574847,0.7632982632982632,0.1897903318889871,0.031508911568489464,0.4127271019929484,0.7028339528339529,0.8671028714776652,0.0074139849865945085,0.7402597402597403,0.34234234234234234,1.3760383760383763,0.7378640776699029,0.6846846846846847,1.3715851774104202,0.7009803921568627,0.8588588588588588,1.3030236118471412,286,0.4620355411954766,0.7763127790972009,1.6802014344796061,0.7632982632982633,0.1897903318889871,0.03150891156848951,0.4127271019929484,0.7028339528339529,0.8671028714776652,-0.007413984986594512,0.8311688311688312,0.44755244755244755,1.79892834438289,0.6634304207119741,0.7167832167832168,1.4358861203521398,0.5759803921568627,0.8216783216783217,1.2466149047031398,0.7632982632982632,central_loco,CIMAS HCC CHITUNGWIZA PHARMACY,19,
CentralLOCO_CIMAS HCC CHITUNGWIZA PHARMACY_s23,619,333,0.5379644588045234,0.737315131552734,1.3705647640574847,0.7632982632982632,0.1897903318889871,0.031508911568489464,0.4127271019929484,0.7028339528339529,0.8671028714776652,0.0074139849865945085,0.7402597402597403,0.34234234234234234,1.3760383760383763,0.7378640776699029,0.6846846846846847,1.3715851774104202,0.7009803921568627,0.8588588588588588,1.3030236118471412,286,0.4620355411954766,0.7763127790972009,1.6802014344796061,0.7632982632982633,0.1897903318889871,0.03150891156848951,0.4127271019929484,0.7028339528339529,0.8671028714776652,-0.007413984986594512,0.8311688311688312,0.44755244755244755,1.79892834438289,0.6634304207119741,0.7167832167832168,1.4358861203521398,0.5759803921568627,0.8216783216783217,1.2466149047031398,0.7632982632982632,central_loco,CIMAS HCC CHITUNGWIZA PHARMACY,23,
CentralLOCO_CIMAS HCC CHITUNGWIZA PHARMACY_s37,619,333,0.5379644588045234,0.737315131552734,1.3705647640574847,0.7632982632982632,0.1897903318889871,0.031508911568489464,0.4127271019929484,0.7028339528339529,0.8671028714776652,0.0074139849865945085,0.7402597402597403,0.34234234234234234,1.3760383760383763,0.7378640776699029,0.6846846846846847,1.3715851774104202,0.7009803921568627,0.8588588588588588,1.3030236118471412,286,0.4620355411954766,0.7763127790972009,1.6802014344796061,0.7632982632982633,0.1897903318889871,0.03150891156848951,0.4127271019929484,0.7028339528339529,0.8671028714776652,-0.007413984986594512,0.8311688311688312,0.44755244755244755,1.79892834438289,0.6634304207119741,0.7167832167832168,1.4358861203521398,0.5759803921568627,0.8216783216783217,1.2466149047031398,0.7632982632982632,central_loco,CIMAS HCC CHITUNGWIZA PHARMACY,37,
CentralLOCO_CIMAS HCC GWERU PHARMACY_s7,406,217,0.5344827586206896,0.7795520302602998,1.4585167017773353,0.8129373613244582,0.1674548895668028,0.043947125445230946,0.5290892764268753,0.7616487455197132,1.0701209410953372,0.04567113264517749,0.7920792079207921,0.3686635944700461,1.4819546470776113,0.7832512315270936,0.7327188940092166,1.4654377880184333,0.7340823970037453,0.9032258064516129,1.373444484716685,189,0.46551724137931033,0.8255208232943184,1.7733410278174249,0.812937361324458,0.1674548895668028,0.04394712544523091,0.5290892764268753,0.7616487455197132,1.0701209410953372,-0.04567113264517756,0.900990099009901,0.48148148148148145,1.9354602126879357,0.7142857142857143,0.7671957671957672,1.5343915343915344,0.5917602996254682,0.8359788359788359,1.2711887917880427,0.8129373613244582,central_loco,CIMAS HCC GWERU PHARMACY,7,
CentralLOCO_CIMAS HCC GWERU PHARMACY_s11,406,217,0.5344827586206896,0.7795520302602998,1.4585167017773353,0.8129373613244582,0.1674548895668028,0.043947125445230946,0.5290892764268753,0.7616487455197132,1.0701209410953372,0.04567113264517749,0.7920792079207921,0.3686635944700461,1.4819546470776113,0.7832512315270936,0.7327188940092166,1.4654377880184333,0.7340823970037453,0.9032258064516129,1.373444484716685,189,0.46551724137931033,0.8255208232943184,1.7733410278174249,0.812937361324458,0.1674548895668028,0.04394712544523091,0.5290892764268753,0.7616487455197132,1.0701209410953372,-0.04567113264517756,0.900990099009901,0.48148148148148145,1.9354602126879357,0.7142857142857143,0.7671957671957672,1.5343915343915344,0.5917602996254682,0.8359788359788359,1.2711887917880427,0.8129373613244582,central_loco,CIMAS HCC GWERU PHARMACY,11,
CentralLOCO_CIMAS HCC GWERU PHARMACY_s19,406,217,0.5344827586206896,0.7795520302602998,1.4585167017773353,0.8129373613244582,0.1674548895668028,0.043947125445230946,0.5290892764268753,0.7616487455197132,1.0701209410953372,0.04567113264517749,0.7920792079207921,0.3686635944700461,1.4819546470776113,0.7832512315270936,0.7327188940092166,1.4654377880184333,0.7340823970037453,0.9032258064516129,1.373444484716685,189,0.46551724137931033,0.8255208232943184,1.7733410278174249,0.812937361324458,0.1674548895668028,0.04394712544523091,0.5290892764268753,0.7616487455197132,1.0701209410953372,-0.04567113264517756,0.900990099009901,0.48148148148148145,1.9354602126879357,0.7142857142857143,0.7671957671957672,1.5343915343915344,0.5917602996254682,0.8359788359788359,1.2711887917880427,0.8129373613244582,central_loco,CIMAS HCC GWERU PHARMACY,19,
CentralLOCO_CIMAS HCC GWERU PHARMACY_s23,406,217,0.5344827586206896,0.7795520302602998,1.4585167017773353,0.8129373613244582,0.1674548895668028,0.043947125445230946,0.5290892764268753,0.7616487455197132,1.0701209410953372,0.04567113264517749,0.7920792079207921,0.3686635944700461,1.4819546470776113,0.7832512315270936,0.7327188940092166,1.4654377880184333,0.7340823970037453,0.9032258064516129,1.373444484716685,189,0.46551724137931033,0.8255208232943184,1.7733410278174249,0.812937361324458,0.1674548895668028,0.04394712544523091,0.5290892764268753,0.7616487455197132,1.0701209410953372,-0.04567113264517756,0.900990099009901,0.48148148148148145,1.9354602126879357,0.7142857142857143,0.7671957671957672,1.5343915343915344,0.5917602996254682,0.8359788359788359,1.2711887917880427,0.8129373613244582,central_loco,CIMAS HCC GWERU PHARMACY,23,
CentralLOCO_CIMAS HCC GWERU PHARMACY_s37,406,217,0.5344827586206896,0.7795520302602998,1.4585167017773353,0.8129373613244582,0.1674548895668028,0.043947125445230946,0.5290892764268753,0.7616487455197132,1.0701209410953372,0.04567113264517749,0.7920792079207921,0.3686635944700461,1.4819546470776113,0.7832512315270936,0.7327188940092166,1.4654377880184333,0.7340823970037453,0.9032258064516129,1.373444484716685,189,0.46551724137931033,0.8255208232943184,1.7733410278174249,0.812937361324458,0.1674548895668028,0.04394712544523091,0.5290892764268753,0.7616487455197132,1.0701209410953372,-0.04567113264517756,0.900990099009901,0.48148148148148145,1.9354602126879357,0.7142857142857143,0.7671957671957672,1.5343915343915344,0.5917602996254682,0.8359788359788359,1.2711887917880427,0.8129373613244582,central_loco,CIMAS HCC GWERU PHARMACY,37,
CentralLOCO_CIMAS HIGH GLEN PHARMACY_s7,839,362,0.43146603098927294,0.7088805110204904,1.6429578694646174,0.8062649848848118,0.1769399790281548,0.046439041901362464,0.4734678183498319,0.735686901328515,1.0178755665145136,-0.2501727662901697,0.7416267942583732,0.4281767955801105,1.7188532607258982,0.6634844868735084,0.7679558011049724,1.537744432284181,0.6039783001808319,0.9226519337016574,1.3998281598113755,477,0.5685339690107271,0.869699669208069,1.5297233175378824,0.8062649848848118,0.1769399790281548,0.0464390419013624,0.4734678183498319,0.735686901328515,1.0178755665145136,0.2501727662901697,0.9473684210526315,0.41509433962264153,1.6663356504468718,0.801909307875895,0.7044025157232704,1.4104861830353792,0.705244122965642,0.8176100628930818,1.2404608368305527,0.8062649848848118,central_loco,CIMAS HIGH GLEN PHARMACY,7,
CentralLOCO_CIMAS HIGH GLEN PHARMACY_s11,839,362,0.43146603098927294,0.7088805110204904,1.6429578694646174,0.8062649848848118,0.1769399790281548,0.046439041901362464,0.4734678183498319,0.735686901328515,1.0178755665145136,-0.2501727662901697,0.7416267942583732,0.4281767955801105,1.7188532607258982,0.6634844868735084,0.7679558011049724,1.537744432284181,0.6039783001808319,0.9226519337016574,1.3998281598113755,477,0.5685339690107271,0.869699669208069,1.5297233175378824,0.8062649848848118,0.1769399790281548,0.0464390419013624,0.4734678183498319,0.735686901328515,1.0178755665145136,0.2501727662901697,0.9473684210526315,0.41509433962264153,1.6663356504468718,0.801909307875895,0.7044025157232704,1.4104861830353792,0.705244122965642,0.8176100628930818,1.2404608368305527,0.8062649848848118,central_loco,CIMAS HIGH GLEN PHARMACY,11,
CentralLOCO_CIMAS HIGH GLEN PHARMACY_s19,839,362,0.43146603098927294,0.7088805110204904,1.6429578694646174,0.8062649848848118,0.1769399790281548,0.046439041901362464,0.4734678183498319,0.735686901328515,1.0178755665145136,-0.2501727662901697,0.7416267942583732,0.4281767955801105,1.7188532607258982,0.6634844868735084,0.7679558011049724,1.537744432284181,0.6039783001808319,0.9226519337016574,1.3998281598113755,477,0.5685339690107271,0.869699669208069,1.5297233175378824,0.8062649848848118,0.1769399790281548,0.0464390419013624,0.4734678183498319,0.735686901328515,1.0178755665145136,0.2501727662901697,0.9473684210526315,0.41509433962264153,1.6663356504468718,0.801909307875895,0.7044025157232704,1.4104861830353792,0.705244122965642,0.8176100628930818,1.2404608368305527,0.8062649848848118,central_loco,CIMAS HIGH GLEN PHARMACY,19,
CentralLOCO_CIMAS HIGH GLEN PHARMACY_s23,839,362,0.43146603098927294,0.7088805110204904,1.6429578694646174,0.8062649848848118,0.1769399790281548,0.046439041901362464,0.4734678183498319,0.735686901328515,1.0178755665145136,-0.2501727662901697,0.7416267942583732,0.4281767955801105,1.7188532607258982,0.6634844868735084,0.7679558011049724,1.537744432284181,0.6039783001808319,0.9226519337016574,1.3998281598113755,477,0.5685339690107271,0.869699669208069,1.5297233175378824,0.8062649848848118,0.1769399790281548,0.0464390419013624,0.4734678183498319,0.735686901328515,1.0178755665145136,0.2501727662901697,0.9473684210526315,0.41509433962264153,1.6663356504468718,0.801909307875895,0.7044025157232704,1.4104861830353792,0.705244122965642,0.8176100628930818,1.2404608368305527,0.8062649848848118,central_loco,CIMAS HIGH GLEN PHARMACY,23,
CentralLOCO_CIMAS HIGH GLEN PHARMACY_s37,839,362,0.43146603098927294,0.7088805110204904,1.6429578694646174,0.8062649848848118,0.1769399790281548,0.046439041901362464,0.4734678183498319,0.735686901328515,1.0178755665145136,-0.2501727662901697,0.7416267942583732,0.4281767955801105,1.7188532607258982,0.6634844868735084,0.7679558011049724,1.537744432284181,0.6039783001808319,0.9226519337016574,1.3998281598113755,477,0.5685339690107271,0.869699669208069,1.5297233175378824,0.8062649848848118,0.1769399790281548,0.0464390419013624,0.4734678183498319,0.735686901328515,1.0178755665145136,0.2501727662901697,0.9473684210526315,0.41509433962264153,1.6663356504468718,0.801909307875895,0.7044025157232704,1.4104861830353792,0.705244122965642,0.8176100628930818,1.2404608368305527,0.8062649848848118,central_loco,CIMAS HIGH GLEN PHARMACY,37,
CentralLOCO_CIMAS KWEKWE CLINIC- PHARMACY_s7,378,125,0.3306878306878307,0.6413378950909047,1.9394057947548957,0.8208695652173914,0.1696111082332453,0.10101332976948214,0.46506606521309174,0.7426086956521739,1.1563948220375722,-0.6029901146770129,0.648936170212766,0.488,1.9623829787234042,0.5555555555555556,0.84,1.68,0.4779116465863454,0.952,1.4452048192771083,253,0.6693121693121693,0.9123902358851079,1.3631759255516633,0.8208695652173913,0.1696111082332453,0.10101332976948213,0.46506606521309174,0.7426086956521739,1.1563948220375722,0.6029901146770129,0.9787234042553191,0.36363636363636365,1.4622823984526112,0.8941798941798942,0.6679841897233202,1.3359683794466404,0.8273092369477911,0.8142292490118577,1.2360588599457116,0.8208695652173914,central_loco,CIMAS KWEKWE CLINIC- PHARMACY,7,
CentralLOCO_CIMAS KWEKWE CLINIC- PHARMACY_s11,378,125,0.3306878306878307,0.6413378950909047,1.9394057947548957,0.8208695652173914,0.1696111082332453,0.10101332976948214,0.46506606521309174,0.7426086956521739,1.1563948220375722,-0.6029901146770129,0.648936170212766,0.488,1.9623829787234042,0.5555555555555556,0.84,1.68,0.4779116465863454,0.952,1.4452048192771083,253,0.6693121693121693,0.9123902358851079,1.3631759255516633,0.8208695652173913,0.1696111082332453,0.10101332976948213,0.46506606521309174,0.7426086956521739,1.1563948220375722,0.6029901146770129,0.9787234042553191,0.36363636363636365,1.4622823984526112,0.8941798941798942,0.6679841897233202,1.3359683794466404,0.8273092369477911,0.8142292490118577,1.2360588599457116,0.8208695652173914,central_loco,CIMAS KWEKWE CLINIC- PHARMACY,11,
CentralLOCO_CIMAS KWEKWE CLINIC- PHARMACY_s19,378,125,0.3306878306878307,0.6413378950909047,1.9394057947548957,0.8208695652173914,0.1696111082332453,0.10101332976948214,0.46506606521309174,0.7426086956521739,1.1563948220375722,-0.6029901146770129,0.648936170212766,0.488,1.9623829787234042,0.5555555555555556,0.84,1.68,0.4779116465863454,0.952,1.4452048192771083,253,0.6693121693121693,0.9123902358851079,1.3631759255516633,0.8208695652173913,0.1696111082332453,0.10101332976948213,0.46506606521309174,0.7426086956521739,1.1563948220375722,0.6029901146770129,0.9787234042553191,0.36363636363636365,1.4622823984526112,0.8941798941798942,0.6679841897233202,1.3359683794466404,0.8273092369477911,0.8142292490118577,1.2360588599457116,0.8208695652173914,central_loco,CIMAS KWEKWE CLINIC- PHARMACY,19,
CentralLOCO_CIMAS KWEKWE CLINIC- PHARMACY_s23,378,125,0.3306878306878307,0.6413378950909047,1.9394057947548957,0.8208695652173914,0.1696111082332453,0.10101332976948214,0.46506606521309174,0.7426086956521739,1.1563948220375722,-0.6029901146770129,0.648936170212766,0.488,1.9623829787234042,0.5555555555555556,0.84,1.68,0.4779116465863454,0.952,1.4452048192771083,253,0.6693121693121693,0.9123902358851079,1.3631759255516633,0.8208695652173913,0.1696111082332453,0.10101332976948213,0.46506606521309174,0.7426086956521739,1.1563948220375722,0.6029901146770129,0.9787234042553191,0.36363636363636365,1.4622823984526112,0.8941798941798942,0.6679841897233202,1.3359683794466404,0.8273092369477911,0.8142292490118577,1.2360588599457116,0.8208695652173914,central_loco,CIMAS KWEKWE CLINIC- PHARMACY,23,
CentralLOCO_CIMAS KWEKWE CLINIC- PHARMACY_s37,378,125,0.3306878306878307,0.6413378950909047,1.9394057947548957,0.8208695652173914,0.1696111082332453,0.10101332976948214,0.46506606521309174,0.7426086956521739,1.1563948220375722,-0.6029901146770129,0.648936170212766,0.488,1.9623829787234042,0.5555555555555556,0.84,1.68,0.4779116465863454,0.952,1.4452048192771083,253,0.6693121693121693,0.9123902358851079,1.3631759255516633,0.8208695652173913,0.1696111082332453,0.10101332976948213,0.46506606521309174,0.7426086956521739,1.1563948220375722,0.6029901146770129,0.9787234042553191,0.36363636363636365,1.4622823984526112,0.8941798941798942,0.6679841897233202,1.3359683794466404,0.8273092369477911,0.8142292490118577,1.2360588599457116,0.8208695652173914,central_loco,CIMAS KWEKWE CLINIC- PHARMACY,37,
CentralLOCO_CIMAS MANRESA - PHARRMACY_s7,439,198,0.4510250569476082,0.6174822116757545,1.3690640955841222,0.7413554633471646,0.20472719680185136,0.08061060975639389,0.42928429791913,0.7089253531162245,0.77739245467413,-0.2738649948750677,0.6330275229357798,0.3484848484848485,1.4035307200444815,0.6301369863013698,0.696969696969697,1.397121903971219,0.6089965397923875,0.8888888888888888,1.350249903883122,241,0.5489749430523918,0.8110864660632675,1.4774562597584002,0.7413554633471646,0.20472719680185136,0.08061060975639386,0.42928429791913,0.7089253531162245,0.7773924546741301,0.27386499487506777,0.8807339449541285,0.3983402489626556,1.6043244889413377,0.730593607305936,0.6639004149377593,1.3308323386195267,0.6505190311418685,0.7800829875518672,1.1849703513331131,0.7413554633471646,central_loco,CIMAS MANRESA - PHARRMACY,7,
CentralLOCO_CIMAS MANRESA - PHARRMACY_s11,439,198,0.4510250569476082,0.6174822116757545,1.3690640955841222,0.7413554633471646,0.20472719680185136,0.08061060975639389,0.42928429791913,0.7089253531162245,0.77739245467413,-0.2738649948750677,0.6330275229357798,0.3484848484848485,1.4035307200444815,0.6301369863013698,0.696969696969697,1.397121903971219,0.6089965397923875,0.8888888888888888,1.350249903883122,241,0.5489749430523918,0.8110864660632675,1.4774562597584002,0.7413554633471646,0.20472719680185136,0.08061060975639386,0.42928429791913,0.7089253531162245,0.7773924546741301,0.27386499487506777,0.8807339449541285,0.3983402489626556,1.6043244889413377,0.730593607305936,0.6639004149377593,1.3308323386195267,0.6505190311418685,0.7800829875518672,1.1849703513331131,0.7413554633471646,central_loco,CIMAS MANRESA - PHARRMACY,11,
CentralLOCO_CIMAS MANRESA - PHARRMACY_s19,439,198,0.4510250569476082,0.6174822116757545,1.3690640955841222,0.7413554633471646,0.20472719680185136,0.08061060975639389,0.42928429791913,0.7089253531162245,0.77739245467413,-0.2738649948750677,0.6330275229357798,0.3484848484848485,1.4035307200444815,0.6301369863013698,0.696969696969697,1.397121903971219,0.6089965397923875,0.8888888888888888,1.350249903883122,241,0.5489749430523918,0.8110864660632675,1.4774562597584002,0.7413554633471646,0.20472719680185136,0.08061060975639386,0.42928429791913,0.7089253531162245,0.7773924546741301,0.27386499487506777,0.8807339449541285,0.3983402489626556,1.6043244889413377,0.730593607305936,0.6639004149377593,1.3308323386195267,0.6505190311418685,0.7800829875518672,1.1849703513331131,0.7413554633471646,central_loco,CIMAS MANRESA - PHARRMACY,19,
CentralLOCO_CIMAS MANRESA - PHARRMACY_s23,439,198,0.4510250569476082,0.6174822116757545,1.3690640955841222,0.7413554633471646,0.20472719680185136,0.08061060975639389,0.42928429791913,0.7089253531162245,0.77739245467413,-0.2738649948750677,0.6330275229357798,0.3484848484848485,1.4035307200444815,0.6301369863013698,0.696969696969697,1.397121903971219,0.6089965397923875,0.8888888888888888,1.350249903883122,241,0.5489749430523918,0.8110864660632675,1.4774562597584002,0.7413554633471646,0.20472719680185136,0.08061060975639386,0.42928429791913,0.7089253531162245,0.7773924546741301,0.27386499487506777,0.8807339449541285,0.3983402489626556,1.6043244889413377,0.730593607305936,0.6639004149377593,1.3308323386195267,0.6505190311418685,0.7800829875518672,1.1849703513331131,0.7413554633471646,central_loco,CIMAS MANRESA - PHARRMACY,23,
CentralLOCO_CIMAS MANRESA - PHARRMACY_s37,439,198,0.4510250569476082,0.6174822116757545,1.3690640955841222,0.7413554633471646,0.20472719680185136,0.08061060975639389,0.42928429791913,0.7089253531162245,0.77739245467413,-0.2738649948750677,0.6330275229357798,0.3484848484848485,1.4035307200444815,0.6301369863013698,0.696969696969697,1.397121903971219,0.6089965397923875,0.8888888888888888,1.350249903883122,241,0.5489749430523918,0.8110864660632675,1.4774562597584002,0.7413554633471646,0.20472719680185136,0.08061060975639386,0.42928429791913,0.7089253531162245,0.7773924546741301,0.27386499487506777,0.8807339449541285,0.3983402489626556,1.6043244889413377,0.730593607305936,0.6639004149377593,1.3308323386195267,0.6505190311418685,0.7800829875518672,1.1849703513331131,0.7413554633471646,central_loco,CIMAS MANRESA - PHARRMACY,37,
CentralLOCO_CLIQUE PHARMACY_s7,118,47,0.3983050847457627,0.8302837449892787,2.0845421682709553,0.8930176805513936,0.13477460499258032,0.0811411871294118,0.5786369669010224,0.7953251423434222,1.3856304282933847,-0.035412710016327856,0.8275862068965517,0.5106382978723404,2.0777696258253853,0.6949152542372882,0.8723404255319149,1.7446808510638299,0.6103896103896104,1.0,1.5324675324675325,71,0.6016949152542372,0.9372892086846871,1.5577482623210295,0.8930176805513935,0.13477460499258032,0.08114118712941179,0.5786369669010224,0.7953251423434222,1.3856304282933847,0.03541271001632778,1.0,0.4084507042253521,1.6619718309859157,0.8983050847457628,0.7464788732394366,1.4929577464788735,0.8051948051948052,0.8732394366197183,1.3382110846899582,0.8930176805513936,central_loco,CLIQUE PHARMACY,7,
CentralLOCO_CLIQUE PHARMACY_s11,118,47,0.3983050847457627,0.8302837449892787,2.0845421682709553,0.8930176805513936,0.13477460499258032,0.0811411871294118,0.5786369669010224,0.7953251423434222,1.3856304282933847,-0.035412710016327856,0.8275862068965517,0.5106382978723404,2.0777696258253853,0.6949152542372882,0.8723404255319149,1.7446808510638299,0.6103896103896104,1.0,1.5324675324675325,71,0.6016949152542372,0.9372892086846871,1.5577482623210295,0.8930176805513935,0.13477460499258032,0.08114118712941179,0.5786369669010224,0.7953251423434222,1.3856304282933847,0.03541271001632778,1.0,0.4084507042253521,1.6619718309859157,0.8983050847457628,0.7464788732394366,1.4929577464788735,0.8051948051948052,0.8732394366197183,1.3382110846899582,0.8930176805513936,central_loco,CLIQUE PHARMACY,11,
CentralLOCO_CLIQUE PHARMACY_s19,118,47,0.3983050847457627,0.8302837449892787,2.0845421682709553,0.8930176805513936,0.13477460499258032,0.0811411871294118,0.5786369669010224,0.7953251423434222,1.3856304282933847,-0.035412710016327856,0.8275862068965517,0.5106382978723404,2.0777696258253853,0.6949152542372882,0.8723404255319149,1.7446808510638299,0.6103896103896104,1.0,1.5324675324675325,71,0.6016949152542372,0.9372892086846871,1.5577482623210295,0.8930176805513935,0.13477460499258032,0.08114118712941179,0.5786369669010224,0.7953251423434222,1.3856304282933847,0.03541271001632778,1.0,0.4084507042253521,1.6619718309859157,0.8983050847457628,0.7464788732394366,1.4929577464788735,0.8051948051948052,0.8732394366197183,1.3382110846899582,0.8930176805513936,central_loco,CLIQUE PHARMACY,19,
CentralLOCO_CLIQUE PHARMACY_s23,118,47,0.3983050847457627,0.8302837449892787,2.0845421682709553,0.8930176805513936,0.13477460499258032,0.0811411871294118,0.5786369669010224,0.7953251423434222,1.3856304282933847,-0.035412710016327856,0.8275862068965517,0.5106382978723404,2.0777696258253853,0.6949152542372882,0.8723404255319149,1.7446808510638299,0.6103896103896104,1.0,1.5324675324675325,71,0.6016949152542372,0.9372892086846871,1.5577482623210295,0.8930176805513935,0.13477460499258032,0.08114118712941179,0.5786369669010224,0.7953251423434222,1.3856304282933847,0.03541271001632778,1.0,0.4084507042253521,1.6619718309859157,0.8983050847457628,0.7464788732394366,1.4929577464788735,0.8051948051948052,0.8732394366197183,1.3382110846899582,0.8930176805513936,central_loco,CLIQUE PHARMACY,23,
CentralLOCO_CLIQUE PHARMACY_s37,118,47,0.3983050847457627,0.8302837449892787,2.0845421682709553,0.8930176805513936,0.13477460499258032,0.0811411871294118,0.5786369669010224,0.7953251423434222,1.3856304282933847,-0.035412710016327856,0.8275862068965517,0.5106382978723404,2.0777696258253853,0.6949152542372882,0.8723404255319149,1.7446808510638299,0.6103896103896104,1.0,1.5324675324675325,71,0.6016949152542372,0.9372892086846871,1.5577482623210295,0.8930176805513935,0.13477460499258032,0.08114118712941179,0.5786369669010224,0.7953251423434222,1.3856304282933847,0.03541271001632778,1.0,0.4084507042253521,1.6619718309859157,0.8983050847457628,0.7464788732394366,1.4929577464788735,0.8051948051948052,0.8732394366197183,1.3382110846899582,0.8930176805513936,central_loco,CLIQUE PHARMACY,37,
CentralLOCO_FAREPLAN ENTERPRISE P/L T/A CHINHOYI TOWN PHARMACY_s7,103,41,0.39805825242718446,0.6130346147004346,1.5400625686376772,0.7427222659323367,0.19368805567735795,0.09000067301677743,0.4018472429139953,0.7047600314712825,0.8040139888906291,0.016815005350677235,0.56,0.34146341463414637,1.406829268292683,0.5882352941176471,0.7317073170731707,1.4777618364418939,0.5522388059701493,0.9024390243902439,1.387331634510375,62,0.6019417475728155,0.8494620835410702,1.4112031387859716,0.7427222659323367,0.19368805567735795,0.09000067301677744,0.4018472429139953,0.7047600314712825,0.8040139888906292,-0.016815005350677353,0.92,0.3709677419354839,1.5283870967741937,0.803921568627451,0.6612903225806451,1.3355471220746364,0.6716417910447762,0.7258064516129032,1.1157920077034185,0.7427222659323367,central_loco,FAREPLAN ENTERPRISE P/L T/A CHINHOYI TOWN PHARMACY,7,
CentralLOCO_FAREPLAN ENTERPRISE P/L T/A CHINHOYI TOWN PHARMACY_s11,103,41,0.39805825242718446,0.6130346147004346,1.5400625686376772,0.7427222659323367,0.19368805567735795,0.09000067301677743,0.4018472429139953,0.7047600314712825,0.8040139888906291,0.016815005350677235,0.56,0.34146341463414637,1.406829268292683,0.5882352941176471,0.7317073170731707,1.4777618364418939,0.5522388059701493,0.9024390243902439,1.387331634510375,62,0.6019417475728155,0.8494620835410702,1.4112031387859716,0.7427222659323367,0.19368805567735795,0.09000067301677744,0.4018472429139953,0.7047600314712825,0.8040139888906292,-0.016815005350677353,0.92,0.3709677419354839,1.5283870967741937,0.803921568627451,0.6612903225806451,1.3355471220746364,0.6716417910447762,0.7258064516129032,1.1157920077034185,0.7427222659323367,central_loco,FAREPLAN ENTERPRISE P/L T/A CHINHOYI TOWN PHARMACY,11,
CentralLOCO_FAREPLAN ENTERPRISE P/L T/A CHINHOYI TOWN PHARMACY_s19,103,41,0.39805825242718446,0.6130346147004346,1.5400625686376772,0.7427222659323367,0.19368805567735795,0.09000067301677743,0.4018472429139953,0.7047600314712825,0.8040139888906291,0.016815005350677235,0.56,0.34146341463414637,1.406829268292683,0.5882352941176471,0.7317073170731707,1.4777618364418939,0.5522388059701493,0.9024390243902439,1.387331634510375,62,0.6019417475728155,0.8494620835410702,1.4112031387859716,0.7427222659323367,0.19368805567735795,0.09000067301677744,0.4018472429139953,0.7047600314712825,0.8040139888906292,-0.016815005350677353,0.92,0.3709677419354839,1.5283870967741937,0.803921568627451,0.6612903225806451,1.3355471220746364,0.6716417910447762,0.7258064516129032,1.1157920077034185,0.7427222659323367,central_loco,FAREPLAN ENTERPRISE P/L T/A CHINHOYI TOWN PHARMACY,19,
CentralLOCO_FAREPLAN ENTERPRISE P/L T/A CHINHOYI TOWN PHARMACY_s23,103,41,0.39805825242718446,0.6130346147004346,1.5400625686376772,0.7427222659323367,0.19368805567735795,0.09000067301677743,0.4018472429139953,0.7047600314712825,0.8040139888906291,0.016815005350677235,0.56,0.34146341463414637,1.406829268292683,0.5882352941176471,0.7317073170731707,1.4777618364418939,0.5522388059701493,0.9024390243902439,1.387331634510375,62,0.6019417475728155,0.8494620835410702,1.4112031387859716,0.7427222659323367,0.19368805567735795,0.09000067301677744,0.4018472429139953,0.7047600314712825,0.8040139888906292,-0.016815005350677353,0.92,0.3709677419354839,1.5283870967741937,0.803921568627451,0.6612903225806451,1.3355471220746364,0.6716417910447762,0.7258064516129032,1.1157920077034185,0.7427222659323367,central_loco,FAREPLAN ENTERPRISE P/L T/A CHINHOYI TOWN PHARMACY,23,
CentralLOCO_FAREPLAN ENTERPRISE P/L T/A CHINHOYI TOWN PHARMACY_s37,103,41,0.39805825242718446,0.6130346147004346,1.5400625686376772,0.7427222659323367,0.19368805567735795,0.09000067301677743,0.4018472429139953,0.7047600314712825,0.8040139888906291,0.016815005350677235,0.56,0.34146341463414637,1.406829268292683,0.5882352941176471,0.7317073170731707,1.4777618364418939,0.5522388059701493,0.9024390243902439,1.387331634510375,62,0.6019417475728155,0.8494620835410702,1.4112031387859716,0.7427222659323367,0.19368805567735795,0.09000067301677744,0.4018472429139953,0.7047600314712825,0.8040139888906292,-0.016815005350677353,0.92,0.3709677419354839,1.5283870967741937,0.803921568627451,0.6612903225806451,1.3355471220746364,0.6716417910447762,0.7258064516129032,1.1157920077034185,0.7427222659323367,central_loco,FAREPLAN ENTERPRISE P/L T/A CHINHOYI TOWN PHARMACY,37,
CentralLOCO_HEALTHLINK PHARMACY_s7,273,138,0.5054945054945055,0.7318575859167974,1.4478052243136645,0.7924315619967794,0.17961801870901256,0.07034779441410725,0.45146726341959675,0.7247987117552335,0.9697738959543267,0.24632864926367193,0.7647058823529411,0.37681159420289856,1.5127877237851661,0.7205882352941176,0.7101449275362319,1.4255115089514068,0.7055555555555556,0.9202898550724637,1.3957729468599036,135,0.4945054945054945,0.8301844968195519,1.6788175380128716,0.7924315619967794,0.17961801870901256,0.07034779441410728,0.45146726341959675,0.7247987117552335,0.9697738959543267,-0.24632864926367198,0.9117647058823529,0.45925925925925926,1.8437908496732025,0.7132352941176471,0.7185185185185186,1.4423202614379085,0.6222222222222222,0.8296296296296296,1.2582716049382716,0.7924315619967794,central_loco,HEALTHLINK PHARMACY,7,
CentralLOCO_HEALTHLINK PHARMACY_s11,273,138,0.5054945054945055,0.7318575859167974,1.4478052243136645,0.7924315619967794,0.17961801870901256,0.07034779441410725,0.45146726341959675,0.7247987117552335,0.9697738959543267,0.24632864926367193,0.7647058823529411,0.37681159420289856,1.5127877237851661,0.7205882352941176,0.7101449275362319,1.4255115089514068,0.7055555555555556,0.9202898550724637,1.3957729468599036,135,0.4945054945054945,0.8301844968195519,1.6788175380128716,0.7924315619967794,0.17961801870901256,0.07034779441410728,0.45146726341959675,0.7247987117552335,0.9697738959543267,-0.24632864926367198,0.9117647058823529,0.45925925925925926,1.8437908496732025,0.7132352941176471,0.7185185185185186,1.4423202614379085,0.6222222222222222,0.8296296296296296,1.2582716049382716,0.7924315619967794,central_loco,HEALTHLINK PHARMACY,11,
CentralLOCO_HEALTHLINK PHARMACY_s19,273,138,0.5054945054945055,0.7318575859167974,1.4478052243136645,0.7924315619967794,0.17961801870901256,0.07034779441410725,0.45146726341959675,0.7247987117552335,0.9697738959543267,0.24632864926367193,0.7647058823529411,0.37681159420289856,1.5127877237851661,0.7205882352941176,0.7101449275362319,1.4255115089514068,0.7055555555555556,0.9202898550724637,1.3957729468599036,135,0.4945054945054945,0.8301844968195519,1.6788175380128716,0.7924315619967794,0.17961801870901256,0.07034779441410728,0.45146726341959675,0.7247987117552335,0.9697738959543267,-0.24632864926367198,0.9117647058823529,0.45925925925925926,1.8437908496732025,0.7132352941176471,0.7185185185185186,1.4423202614379085,0.6222222222222222,0.8296296296296296,1.2582716049382716,0.7924315619967794,central_loco,HEALTHLINK PHARMACY,19,
CentralLOCO_HEALTHLINK PHARMACY_s23,273,138,0.5054945054945055,0.7318575859167974,1.4478052243136645,0.7924315619967794,0.17961801870901256,0.07034779441410725,0.45146726341959675,0.7247987117552335,0.9697738959543267,0.24632864926367193,0.7647058823529411,0.37681159420289856,1.5127877237851661,0.7205882352941176,0.7101449275362319,1.4255115089514068,0.7055555555555556,0.9202898550724637,1.3957729468599036,135,0.4945054945054945,0.8301844968195519,1.6788175380128716,0.7924315619967794,0.17961801870901256,0.07034779441410728,0.45146726341959675,0.7247987117552335,0.9697738959543267,-0.24632864926367198,0.9117647058823529,0.45925925925925926,1.8437908496732025,0.7132352941176471,0.7185185185185186,1.4423202614379085,0.6222222222222222,0.8296296296296296,1.2582716049382716,0.7924315619967794,central_loco,HEALTHLINK PHARMACY,23,
CentralLOCO_HEALTHLINK PHARMACY_s37,273,138,0.5054945054945055,0.7318575859167974,1.4478052243136645,0.7924315619967794,0.17961801870901256,0.07034779441410725,0.45146726341959675,0.7247987117552335,0.9697738959543267,0.24632864926367193,0.7647058823529411,0.37681159420289856,1.5127877237851661,0.7205882352941176,0.7101449275362319,1.4255115089514068,0.7055555555555556,0.9202898550724637,1.3957729468599036,135,0.4945054945054945,0.8301844968195519,1.6788175380128716,0.7924315619967794,0.17961801870901256,0.07034779441410728,0.45146726341959675,0.7247987117552335,0.9697738959543267,-0.24632864926367198,0.9117647058823529,0.45925925925925926,1.8437908496732025,0.7132352941176471,0.7185185185185186,1.4423202614379085,0.6222222222222222,0.8296296296296296,1.2582716049382716,0.7924315619967794,central_loco,HEALTHLINK PHARMACY,37,
CentralLOCO_KENLINK KENSINGTON PHARMACY_s7,153,65,0.42483660130718953,0.6320344491462867,1.4877118572212595,0.7756993006993006,0.18791292396822118,0.07777940103826064,0.43349328875392323,0.7181818181818183,0.8120201444492153,-0.03879980118847019,0.6842105263157895,0.4,1.6105263157894738,0.6578947368421053,0.7692307692307693,1.5485829959514172,0.6,0.9230769230769231,1.4123076923076923,88,0.5751633986928104,0.8295954772457443,1.4423648638477147,0.7756993006993007,0.18791292396822118,0.07777940103826053,0.43349328875392323,0.7181818181818183,0.8120201444492153,0.038799801188470213,0.9473684210526315,0.4090909090909091,1.6471291866028708,0.8026315789473685,0.6931818181818182,1.3954844497607657,0.71,0.8068181818181818,1.2344318181818181,0.7756993006993006,central_loco,KENLINK KENSINGTON PHARMACY,7,
CentralLOCO_KENLINK KENSINGTON PHARMACY_s11,153,65,0.42483660130718953,0.6320344491462867,1.4877118572212595,0.7756993006993006,0.18791292396822118,0.07777940103826064,0.43349328875392323,0.7181818181818183,0.8120201444492153,-0.03879980118847019,0.6842105263157895,0.4,1.6105263157894738,0.6578947368421053,0.7692307692307693,1.5485829959514172,0.6,0.9230769230769231,1.4123076923076923,88,0.5751633986928104,0.8295954772457443,1.4423648638477147,0.7756993006993007,0.18791292396822118,0.07777940103826053,0.43349328875392323,0.7181818181818183,0.8120201444492153,0.038799801188470213,0.9473684210526315,0.4090909090909091,1.6471291866028708,0.8026315789473685,0.6931818181818182,1.3954844497607657,0.71,0.8068181818181818,1.2344318181818181,0.7756993006993006,central_loco,KENLINK KENSINGTON PHARMACY,11,
CentralLOCO_KENLINK KENSINGTON PHARMACY_s19,153,65,0.42483660130718953,0.6320344491462867,1.4877118572212595,0.7756993006993006,0.18791292396822118,0.07777940103826064,0.43349328875392323,0.7181818181818183,0.8120201444492153,-0.03879980118847019,0.6842105263157895,0.4,1.6105263157894738,0.6578947368421053,0.7692307692307693,1.5485829959514172,0.6,0.9230769230769231,1.4123076923076923,88,0.5751633986928104,0.8295954772457443,1.4423648638477147,0.7756993006993007,0.18791292396822118,0.07777940103826053,0.43349328875392323,0.7181818181818183,0.8120201444492153,0.038799801188470213,0.9473684210526315,0.4090909090909091,1.6471291866028708,0.8026315789473685,0.6931818181818182,1.3954844497607657,0.71,0.8068181818181818,1.2344318181818181,0.7756993006993006,central_loco,KENLINK KENSINGTON PHARMACY,19,
CentralLOCO_KENLINK KENSINGTON PHARMACY_s23,153,65,0.42483660130718953,0.6320344491462867,1.4877118572212595,0.7756993006993006,0.18791292396822118,0.07777940103826064,0.43349328875392323,0.7181818181818183,0.8120201444492153,-0.03879980118847019,0.6842105263157895,0.4,1.6105263157894738,0.6578947368421053,0.7692307692307693,1.5485829959514172,0.6,0.9230769230769231,1.4123076923076923,88,0.5751633986928104,0.8295954772457443,1.4423648638477147,0.7756993006993007,0.18791292396822118,0.07777940103826053,0.43349328875392323,0.7181818181818183,0.8120201444492153,0.038799801188470213,0.9473684210526315,0.4090909090909091,1.6471291866028708,0.8026315789473685,0.6931818181818182,1.3954844497607657,0.71,0.8068181818181818,1.2344318181818181,0.7756993006993006,central_loco,KENLINK KENSINGTON PHARMACY,23,
CentralLOCO_KENLINK KENSINGTON PHARMACY_s37,153,65,0.42483660130718953,0.6320344491462867,1.4877118572212595,0.7756993006993006,0.18791292396822118,0.07777940103826064,0.43349328875392323,0.7181818181818183,0.8120201444492153,-0.03879980118847019,0.6842105263157895,0.4,1.6105263157894738,0.6578947368421053,0.7692307692307693,1.5485829959514172,0.6,0.9230769230769231,1.4123076923076923,88,0.5751633986928104,0.8295954772457443,1.4423648638477147,0.7756993006993007,0.18791292396822118,0.07777940103826053,0.43349328875392323,0.7181818181818183,0.8120201444492153,0.038799801188470213,0.9473684210526315,0.4090909090909091,1.6471291866028708,0.8026315789473685,0.6931818181818182,1.3954844497607657,0.71,0.8068181818181818,1.2344318181818181,0.7756993006993006,central_loco,KENLINK KENSINGTON PHARMACY,37,
CentralLOCO_MEDICINE CHEST_s7,118,40,0.3389830508474576,0.563586641039714,1.6625805910671565,0.7560897435897436,0.20906640143121366,0.1490159838485131,0.3160162934157569,0.6483974358974359,1.01812282714293,-0.771868456032937,0.6206896551724138,0.45,1.831034482758621,0.4915254237288136,0.725,1.4500000000000002,0.4805194805194805,0.925,1.4175324675324676,78,0.6610169491525424,0.8623545551323273,1.3045876603283926,0.7560897435897436,0.20906640143121366,0.14901598384851314,0.3160162934157569,0.6483974358974359,1.0181228271429301,0.7718684560329371,0.896551724137931,0.3333333333333333,1.3563218390804597,0.8135593220338984,0.6153846153846154,1.2307692307692308,0.7922077922077922,0.782051282051282,1.1984681984681984,0.7560897435897436,central_loco,MEDICINE CHEST,7,
CentralLOCO_MEDICINE CHEST_s11,118,40,0.3389830508474576,0.563586641039714,1.6625805910671565,0.7560897435897436,0.20906640143121366,0.1490159838485131,0.3160162934157569,0.6483974358974359,1.01812282714293,-0.771868456032937,0.6206896551724138,0.45,1.831034482758621,0.4915254237288136,0.725,1.4500000000000002,0.4805194805194805,0.925,1.4175324675324676,78,0.6610169491525424,0.8623545551323273,1.3045876603283926,0.7560897435897436,0.20906640143121366,0.14901598384851314,0.3160162934157569,0.6483974358974359,1.0181228271429301,0.7718684560329371,0.896551724137931,0.3333333333333333,1.3563218390804597,0.8135593220338984,0.6153846153846154,1.2307692307692308,0.7922077922077922,0.782051282051282,1.1984681984681984,0.7560897435897436,central_loco,MEDICINE CHEST,11,
CentralLOCO_MEDICINE CHEST_s19,118,40,0.3389830508474576,0.563586641039714,1.6625805910671565,0.7560897435897436,0.20906640143121366,0.1490159838485131,0.3160162934157569,0.6483974358974359,1.01812282714293,-0.771868456032937,0.6206896551724138,0.45,1.831034482758621,0.4915254237288136,0.725,1.4500000000000002,0.4805194805194805,0.925,1.4175324675324676,78,0.6610169491525424,0.8623545551323273,1.3045876603283926,0.7560897435897436,0.20906640143121366,0.14901598384851314,0.3160162934157569,0.6483974358974359,1.0181228271429301,0.7718684560329371,0.896551724137931,0.3333333333333333,1.3563218390804597,0.8135593220338984,0.6153846153846154,1.2307692307692308,0.7922077922077922,0.782051282051282,1.1984681984681984,0.7560897435897436,central_loco,MEDICINE CHEST,19,
CentralLOCO_MEDICINE CHEST_s23,118,40,0.3389830508474576,0.563586641039714,1.6625805910671565,0.7560897435897436,0.20906640143121366,0.1490159838485131,0.3160162934157569,0.6483974358974359,1.01812282714293,-0.771868456032937,0.6206896551724138,0.45,1.831034482758621,0.4915254237288136,0.725,1.4500000000000002,0.4805194805194805,0.925,1.4175324675324676,78,0.6610169491525424,0.8623545551323273,1.3045876603283926,0.7560897435897436,0.20906640143121366,0.14901598384851314,0.3160162934157569,0.6483974358974359,1.0181228271429301,0.7718684560329371,0.896551724137931,0.3333333333333333,1.3563218390804597,0.8135593220338984,0.6153846153846154,1.2307692307692308,0.7922077922077922,0.782051282051282,1.1984681984681984,0.7560897435897436,central_loco,MEDICINE CHEST,23,
CentralLOCO_MEDICINE CHEST_s37,118,40,0.3389830508474576,0.563586641039714,1.6625805910671565,0.7560897435897436,0.20906640143121366,0.1490159838485131,0.3160162934157569,0.6483974358974359,1.01812282714293,-0.771868456032937,0.6206896551724138,0.45,1.831034482758621,0.4915254237288136,0.725,1.4500000000000002,0.4805194805194805,0.925,1.4175324675324676,78,0.6610169491525424,0.8623545551323273,1.3045876603283926,0.7560897435897436,0.20906640143121366,0.14901598384851314,0.3160162934157569,0.6483974358974359,1.0181228271429301,0.7718684560329371,0.896551724137931,0.3333333333333333,1.3563218390804597,0.8135593220338984,0.6153846153846154,1.2307692307692308,0.7922077922077922,0.782051282051282,1.1984681984681984,0.7560897435897436,central_loco,MEDICINE CHEST,37,
CentralLOCO_ROWLAND SQUARE PHARMACY_s7,1981,958,0.48359414437152953,0.7159071314534039,1.4803883375878844,0.7781403502327471,0.1908630914136155,0.04231375904035569,0.43552178417052473,0.7114130734239832,0.9210267903857373,-0.2075851585266468,0.7393939393939394,0.38204592901878914,1.5289555260327703,0.694949494949495,0.7181628392484343,1.4370510955062104,0.6411629686304514,0.8747390396659708,1.325828643900756,1023,0.5164058556284705,0.81308401477232,1.5745057998670242,0.7781403502327471,0.1908630914136155,0.0423137590403557,0.43552178417052473,0.7114130734239832,0.9210267903857374,0.2075851585266468,0.8888888888888888,0.43010752688172044,1.721299011621592,0.7282828282828283,0.7047898338220919,1.4102915765672364,0.6449885233358837,0.8240469208211144,1.2489953711909927,0.7781403502327471,central_loco,ROWLAND SQUARE PHARMACY,7,
CentralLOCO_ROWLAND SQUARE PHARMACY_s11,1981,958,0.48359414437152953,0.7159071314534039,1.4803883375878844,0.7781403502327471,0.1908630914136155,0.04231375904035569,0.43552178417052473,0.7114130734239832,0.9210267903857373,-0.2075851585266468,0.7393939393939394,0.38204592901878914,1.5289555260327703,0.694949494949495,0.7181628392484343,1.4370510955062104,0.6411629686304514,0.8747390396659708,1.325828643900756,1023,0.5164058556284705,0.81308401477232,1.5745057998670242,0.7781403502327471,0.1908630914136155,0.0423137590403557,0.43552178417052473,0.7114130734239832,0.9210267903857374,0.2075851585266468,0.8888888888888888,0.43010752688172044,1.721299011621592,0.7282828282828283,0.7047898338220919,1.4102915765672364,0.6449885233358837,0.8240469208211144,1.2489953711909927,0.7781403502327471,central_loco,ROWLAND SQUARE PHARMACY,11,
CentralLOCO_ROWLAND SQUARE PHARMACY_s19,1981,958,0.48359414437152953,0.7159071314534039,1.4803883375878844,0.7781403502327471,0.1908630914136155,0.04231375904035569,0.43552178417052473,0.7114130734239832,0.9210267903857373,-0.2075851585266468,0.7393939393939394,0.38204592901878914,1.5289555260327703,0.694949494949495,0.7181628392484343,1.4370510955062104,0.6411629686304514,0.8747390396659708,1.325828643900756,1023,0.5164058556284705,0.81308401477232,1.5745057998670242,0.7781403502327471,0.1908630914136155,0.0423137590403557,0.43552178417052473,0.7114130734239832,0.9210267903857374,0.2075851585266468,0.8888888888888888,0.43010752688172044,1.721299011621592,0.7282828282828283,0.7047898338220919,1.4102915765672364,0.6449885233358837,0.8240469208211144,1.2489953711909927,0.7781403502327471,central_loco,ROWLAND SQUARE PHARMACY,19,
CentralLOCO_ROWLAND SQUARE PHARMACY_s23,1981,958,0.48359414437152953,0.7159071314534039,1.4803883375878844,0.7781403502327471,0.1908630914136155,0.04231375904035569,0.43552178417052473,0.7114130734239832,0.9210267903857373,-0.2075851585266468,0.7393939393939394,0.38204592901878914,1.5289555260327703,0.694949494949495,0.7181628392484343,1.4370510955062104,0.6411629686304514,0.8747390396659708,1.325828643900756,1023,0.5164058556284705,0.81308401477232,1.5745057998670242,0.7781403502327471,0.1908630914136155,0.0423137590403557,0.43552178417052473,0.7114130734239832,0.9210267903857374,0.2075851585266468,0.8888888888888888,0.43010752688172044,1.721299011621592,0.7282828282828283,0.7047898338220919,1.4102915765672364,0.6449885233358837,0.8240469208211144,1.2489953711909927,0.7781403502327471,central_loco,ROWLAND SQUARE PHARMACY,23,
CentralLOCO_ROWLAND SQUARE PHARMACY_s37,1981,958,0.48359414437152953,0.7159071314534039,1.4803883375878844,0.7781403502327471,0.1908630914136155,0.04231375904035569,0.43552178417052473,0.7114130734239832,0.9210267903857373,-0.2075851585266468,0.7393939393939394,0.38204592901878914,1.5289555260327703,0.694949494949495,0.7181628392484343,1.4370510955062104,0.6411629686304514,0.8747390396659708,1.325828643900756,1023,0.5164058556284705,0.81308401477232,1.5745057998670242,0.7781403502327471,0.1908630914136155,0.0423137590403557,0.43552178417052473,0.7114130734239832,0.9210267903857374,0.2075851585266468,0.8888888888888888,0.43010752688172044,1.721299011621592,0.7282828282828283,0.7047898338220919,1.4102915765672364,0.6449885233358837,0.8240469208211144,1.2489953711909927,0.7781403502327471,central_loco,ROWLAND SQUARE PHARMACY,37,
CentralLOCO_SOMMERDRIFT INV T/A KENLINK THE BRIDGE_s7,121,59,0.48760330578512395,0.7084105633804342,1.4528420028649582,0.7375615090213232,0.2058589722722198,0.07203209254428787,0.35922328781987334,0.678922908693275,0.7583108002039484,0.10767292701221196,0.6666666666666666,0.3389830508474576,1.3672316384180792,0.6333333333333333,0.6440677966101694,1.2988700564971751,0.6455696202531646,0.864406779661017,1.323964814417507,62,0.512396694214876,0.773363646719095,1.50930647182275,0.7375615090213231,0.2058589722722198,0.07203209254428786,0.35922328781987334,0.678922908693275,0.7583108002039484,-0.10767292701221191,0.8333333333333334,0.4032258064516129,1.6263440860215055,0.6666666666666666,0.6451612903225806,1.3010752688172043,0.6075949367088608,0.7741935483870968,1.18579011841568,0.7375615090213232,central_loco,SOMMERDRIFT INV T/A KENLINK THE BRIDGE,7,
CentralLOCO_SOMMERDRIFT INV T/A KENLINK THE BRIDGE_s11,121,59,0.48760330578512395,0.7084105633804342,1.4528420028649582,0.7375615090213232,0.2058589722722198,0.07203209254428787,0.35922328781987334,0.678922908693275,0.7583108002039484,0.10767292701221196,0.6666666666666666,0.3389830508474576,1.3672316384180792,0.6333333333333333,0.6440677966101694,1.2988700564971751,0.6455696202531646,0.864406779661017,1.323964814417507,62,0.512396694214876,0.773363646719095,1.50930647182275,0.7375615090213231,0.2058589722722198,0.07203209254428786,0.35922328781987334,0.678922908693275,0.7583108002039484,-0.10767292701221191,0.8333333333333334,0.4032258064516129,1.6263440860215055,0.6666666666666666,0.6451612903225806,1.3010752688172043,0.6075949367088608,0.7741935483870968,1.18579011841568,0.7375615090213232,central_loco,SOMMERDRIFT INV T/A KENLINK THE BRIDGE,11,
CentralLOCO_SOMMERDRIFT INV T/A KENLINK THE BRIDGE_s19,121,59,0.48760330578512395,0.7084105633804342,1.4528420028649582,0.7375615090213232,0.2058589722722198,0.07203209254428787,0.35922328781987334,0.678922908693275,0.7583108002039484,0.10767292701221196,0.6666666666666666,0.3389830508474576,1.3672316384180792,0.6333333333333333,0.6440677966101694,1.2988700564971751,0.6455696202531646,0.864406779661017,1.323964814417507,62,0.512396694214876,0.773363646719095,1.50930647182275,0.7375615090213231,0.2058589722722198,0.07203209254428786,0.35922328781987334,0.678922908693275,0.7583108002039484,-0.10767292701221191,0.8333333333333334,0.4032258064516129,1.6263440860215055,0.6666666666666666,0.6451612903225806,1.3010752688172043,0.6075949367088608,0.7741935483870968,1.18579011841568,0.7375615090213232,central_loco,SOMMERDRIFT INV T/A KENLINK THE BRIDGE,19,
CentralLOCO_SOMMERDRIFT INV T/A KENLINK THE BRIDGE_s23,121,59,0.48760330578512395,0.7084105633804342,1.4528420028649582,0.7375615090213232,0.2058589722722198,0.07203209254428787,0.35922328781987334,0.678922908693275,0.7583108002039484,0.10767292701221196,0.6666666666666666,0.3389830508474576,1.3672316384180792,0.6333333333333333,0.6440677966101694,1.2988700564971751,0.6455696202531646,0.864406779661017,1.323964814417507,62,0.512396694214876,0.773363646719095,1.50930647182275,0.7375615090213231,0.2058589722722198,0.07203209254428786,0.35922328781987334,0.678922908693275,0.7583108002039484,-0.10767292701221191,0.8333333333333334,0.4032258064516129,1.6263440860215055,0.6666666666666666,0.6451612903225806,1.3010752688172043,0.6075949367088608,0.7741935483870968,1.18579011841568,0.7375615090213232,central_loco,SOMMERDRIFT INV T/A KENLINK THE BRIDGE,23,
CentralLOCO_SOMMERDRIFT INV T/A KENLINK THE BRIDGE_s37,121,59,0.48760330578512395,0.7084105633804342,1.4528420028649582,0.7375615090213232,0.2058589722722198,0.07203209254428787,0.35922328781987334,0.678922908693275,0.7583108002039484,0.10767292701221196,0.6666666666666666,0.3389830508474576,1.3672316384180792,0.6333333333333333,0.6440677966101694,1.2988700564971751,0.6455696202531646,0.864406779661017,1.323964814417507,62,0.512396694214876,0.773363646719095,1.50930647182275,0.7375615090213231,0.2058589722722198,0.07203209254428786,0.35922328781987334,0.678922908693275,0.7583108002039484,-0.10767292701221191,0.8333333333333334,0.4032258064516129,1.6263440860215055,0.6666666666666666,0.6451612903225806,1.3010752688172043,0.6075949367088608,0.7741935483870968,1.18579011841568,0.7375615090213232,central_loco,SOMMERDRIFT INV T/A KENLINK THE BRIDGE,37,
CentralLOCO_TRINITY PHARMACY -AVENUES_s7,188,62,0.32978723404255317,0.5936833632638358,1.8002011660258246,0.78584229390681,0.1763655619462217,0.06357037145847247,0.4756740012940056,0.7528161802355351,0.856007354298776,-0.20079626660306904,0.574468085106383,0.43548387096774194,1.741935483870968,0.5531914893617021,0.8387096774193549,1.67741935483871,0.4596774193548387,0.9193548387096774,1.3938605619146722,126,0.6702127659574468,0.8952571125333192,1.3357804536211428,0.78584229390681,0.1763655619462217,0.06357037145847244,0.4756740012940056,0.7528161802355351,0.8560073542987761,0.200796266603069,0.9787234042553191,0.36507936507936506,1.4603174603174602,0.8936170212765957,0.6666666666666666,1.3333333333333333,0.7903225806451613,0.7777777777777778,1.17921146953405,0.78584229390681,central_loco,TRINITY PHARMACY -AVENUES,7,
CentralLOCO_TRINITY PHARMACY -AVENUES_s11,188,62,0.32978723404255317,0.5936833632638358,1.8002011660258246,0.78584229390681,0.1763655619462217,0.06357037145847247,0.4756740012940056,0.7528161802355351,0.856007354298776,-0.20079626660306904,0.574468085106383,0.43548387096774194,1.741935483870968,0.5531914893617021,0.8387096774193549,1.67741935483871,0.4596774193548387,0.9193548387096774,1.3938605619146722,126,0.6702127659574468,0.8952571125333192,1.3357804536211428,0.78584229390681,0.1763655619462217,0.06357037145847244,0.4756740012940056,0.7528161802355351,0.8560073542987761,0.200796266603069,0.9787234042553191,0.36507936507936506,1.4603174603174602,0.8936170212765957,0.6666666666666666,1.3333333333333333,0.7903225806451613,0.7777777777777778,1.17921146953405,0.78584229390681,central_loco,TRINITY PHARMACY -AVENUES,11,
CentralLOCO_TRINITY PHARMACY -AVENUES_s19,188,62,0.32978723404255317,0.5936833632638358,1.8002011660258246,0.78584229390681,0.1763655619462217,0.06357037145847247,0.4756740012940056,0.7528161802355351,0.856007354298776,-0.20079626660306904,0.574468085106383,0.43548387096774194,1.741935483870968,0.5531914893617021,0.8387096774193549,1.67741935483871,0.4596774193548387,0.9193548387096774,1.3938605619146722,126,0.6702127659574468,0.8952571125333192,1.3357804536211428,0.78584229390681,0.1763655619462217,0.06357037145847244,0.4756740012940056,0.7528161802355351,0.8560073542987761,0.200796266603069,0.9787234042553191,0.36507936507936506,1.4603174603174602,0.8936170212765957,0.6666666666666666,1.3333333333333333,0.7903225806451613,0.7777777777777778,1.17921146953405,0.78584229390681,central_loco,TRINITY PHARMACY -AVENUES,19,
CentralLOCO_TRINITY PHARMACY -AVENUES_s23,188,62,0.32978723404255317,0.5936833632638358,1.8002011660258246,0.78584229390681,0.1763655619462217,0.06357037145847247,0.4756740012940056,0.7528161802355351,0.856007354298776,-0.20079626660306904,0.574468085106383,0.43548387096774194,1.741935483870968,0.5531914893617021,0.8387096774193549,1.67741935483871,0.4596774193548387,0.9193548387096774,1.3938605619146722,126,0.6702127659574468,0.8952571125333192,1.3357804536211428,0.78584229390681,0.1763655619462217,0.06357037145847244,0.4756740012940056,0.7528161802355351,0.8560073542987761,0.200796266603069,0.9787234042553191,0.36507936507936506,1.4603174603174602,0.8936170212765957,0.6666666666666666,1.3333333333333333,0.7903225806451613,0.7777777777777778,1.17921146953405,0.78584229390681,central_loco,TRINITY PHARMACY -AVENUES,23,
CentralLOCO_TRINITY PHARMACY -AVENUES_s37,188,62,0.32978723404255317,0.5936833632638358,1.8002011660258246,0.78584229390681,0.1763655619462217,0.06357037145847247,0.4756740012940056,0.7528161802355351,0.856007354298776,-0.20079626660306904,0.574468085106383,0.43548387096774194,1.741935483870968,0.5531914893617021,0.8387096774193549,1.67741935483871,0.4596774193548387,0.9193548387096774,1.3938605619146722,126,0.6702127659574468,0.8952571125333192,1.3357804536211428,0.78584229390681,0.1763655619462217,0.06357037145847244,0.4756740012940056,0.7528161802355351,0.8560073542987761,0.200796266603069,0.9787234042553191,0.36507936507936506,1.4603174603174602,0.8936170212765957,0.6666666666666666,1.3333333333333333,0.7903225806451613,0.7777777777777778,1.17921146953405,0.78584229390681,central_loco,TRINITY PHARMACY -AVENUES,37,
CentralLOCO_WATERSHED PHARMACY_s7,122,45,0.36885245901639346,0.557709699247105,1.5120129624032623,0.7215007215007215,0.21264311094245808,0.19565777742692975,0.36081443709591954,0.6819624819624819,0.6568874774264659,-0.3734103039831435,0.5333333333333333,0.35555555555555557,1.4459259259259258,0.5573770491803278,0.7555555555555555,1.5111111111111108,0.5,0.8888888888888888,1.3555555555555554,77,0.6311475409836066,0.8360771300095594,1.3246936345606006,0.7215007215007215,0.21264311094245808,0.19565777742692977,0.36081443709591954,0.6819624819624819,0.6568874774264659,0.3734103039831435,0.8666666666666667,0.33766233766233766,1.373160173160173,0.819672131147541,0.6493506493506493,1.2987012987012987,0.7,0.7272727272727273,1.109090909090909,0.7215007215007215,central_loco,WATERSHED PHARMACY,7,
CentralLOCO_WATERSHED PHARMACY_s11,122,45,0.36885245901639346,0.557709699247105,1.5120129624032623,0.7215007215007215,0.21264311094245808,0.19565777742692975,0.36081443709591954,0.6819624819624819,0.6568874774264659,-0.3734103039831435,0.5333333333333333,0.35555555555555557,1.4459259259259258,0.5573770491803278,0.7555555555555555,1.5111111111111108,0.5,0.8888888888888888,1.3555555555555554,77,0.6311475409836066,0.8360771300095594,1.3246936345606006,0.7215007215007215,0.21264311094245808,0.19565777742692977,0.36081443709591954,0.6819624819624819,0.6568874774264659,0.3734103039831435,0.8666666666666667,0.33766233766233766,1.373160173160173,0.819672131147541,0.6493506493506493,1.2987012987012987,0.7,0.7272727272727273,1.109090909090909,0.7215007215007215,central_loco,WATERSHED PHARMACY,11,
CentralLOCO_WATERSHED PHARMACY_s19,122,45,0.36885245901639346,0.557709699247105,1.5120129624032623,0.7215007215007215,0.21264311094245808,0.19565777742692975,0.36081443709591954,0.6819624819624819,0.6568874774264659,-0.3734103039831435,0.5333333333333333,0.35555555555555557,1.4459259259259258,0.5573770491803278,0.7555555555555555,1.5111111111111108,0.5,0.8888888888888888,1.3555555555555554,77,0.6311475409836066,0.8360771300095594,1.3246936345606006,0.7215007215007215,0.21264311094245808,0.19565777742692977,0.36081443709591954,0.6819624819624819,0.6568874774264659,0.3734103039831435,0.8666666666666667,0.33766233766233766,1.373160173160173,0.819672131147541,0.6493506493506493,1.2987012987012987,0.7,0.7272727272727273,1.109090909090909,0.7215007215007215,central_loco,WATERSHED PHARMACY,19,
CentralLOCO_WATERSHED PHARMACY_s23,122,45,0.36885245901639346,0.557709699247105,1.5120129624032623,0.7215007215007215,0.21264311094245808,0.19565777742692975,0.36081443709591954,0.6819624819624819,0.6568874774264659,-0.3734103039831435,0.5333333333333333,0.35555555555555557,1.4459259259259258,0.5573770491803278,0.7555555555555555,1.5111111111111108,0.5,0.8888888888888888,1.3555555555555554,77,0.6311475409836066,0.8360771300095594,1.3246936345606006,0.7215007215007215,0.21264311094245808,0.19565777742692977,0.36081443709591954,0.6819624819624819,0.6568874774264659,0.3734103039831435,0.8666666666666667,0.33766233766233766,1.373160173160173,0.819672131147541,0.6493506493506493,1.2987012987012987,0.7,0.7272727272727273,1.109090909090909,0.7215007215007215,central_loco,WATERSHED PHARMACY,23,
CentralLOCO_WATERSHED PHARMACY_s37,122,45,0.36885245901639346,0.557709699247105,1.5120129624032623,0.7215007215007215,0.21264311094245808,0.19565777742692975,0.36081443709591954,0.6819624819624819,0.6568874774264659,-0.3734103039831435,0.5333333333333333,0.35555555555555557,1.4459259259259258,0.5573770491803278,0.7555555555555555,1.5111111111111108,0.5,0.8888888888888888,1.3555555555555554,77,0.6311475409836066,0.8360771300095594,1.3246936345606006,0.7215007215007215,0.21264311094245808,0.19565777742692977,0.36081443709591954,0.6819624819624819,0.6568874774264659,0.3734103039831435,0.8666666666666667,0.33766233766233766,1.373160173160173,0.819672131147541,0.6493506493506493,1.2987012987012987,0.7,0.7272727272727273,1.109090909090909,0.7215007215007215,central_loco,WATERSHED PHARMACY,37,
FedAvg_ASHBRITTLE   PHARMACY_s7,110,42,0.38181818181818183,0.5486045024889635,1.4368213160425234,0.6498599439775911,0.2500739115099952,0.15477341671279113,0.28270654549934615,0.634453781512605,0.5077248014928166,-0.5155864159252433,0.5555555555555556,0.35714285714285715,1.4550264550264551,0.4727272727272727,0.6190476190476191,1.238095238095238,0.4583333333333333,0.7857142857142857,1.2003968253968254,68,0.6181818181818182,0.7724792298383119,1.2495987541502105,0.6498599439775911,0.2500739115099952,0.15477341671279113,0.28270654549934615,0.634453781512605,0.5077248014928166,0.5155864159252432,0.8148148148148148,0.3235294117647059,1.318082788671024,0.7090909090909091,0.5735294117647058,1.147058823529412,0.6527777777777778,0.6911764705882353,1.0559640522875817,0.6498599439775911,fl_loco_FedAvg,ASHBRITTLE   PHARMACY,7,FedAvg
FedProx_ASHBRITTLE   PHARMACY_s7,110,42,0.38181818181818183,0.548361763549416,1.4361855712008513,0.6495098039215687,0.25005599468168915,0.16695309769262562,0.28270654549934615,0.634453781512605,0.5082727794488446,-0.5159186398012258,0.5555555555555556,0.35714285714285715,1.4550264550264551,0.4727272727272727,0.6190476190476191,1.238095238095238,0.4583333333333333,0.7857142857142857,1.2003968253968254,68,0.6181818181818182,0.7723187489793015,1.2493391527606348,0.6495098039215687,0.25005599468168915,0.16695309769262567,0.28270654549934615,0.634453781512605,0.5082727794488446,0.5159186398012257,0.8148148148148148,0.3235294117647059,1.318082788671024,0.7090909090909091,0.5735294117647058,1.147058823529412,0.6527777777777778,0.6911764705882353,1.0559640522875817,0.6495098039215687,fl_loco_FedProx,ASHBRITTLE   PHARMACY,7,FedProx
FedAvg-equal_ASHBRITTLE   PHARMACY_s7,110,42,0.38181818181818183,0.546337755047204,1.430884596552201,0.638655462184874,0.250190092742079,0.17701670977991935,0.22912414981247128,0.6106442577030813,0.4984917751099386,-0.49845363880011306,0.5185185185185185,0.3333333333333333,1.3580246913580245,0.4727272727272727,0.6190476190476191,1.238095238095238,0.4583333333333333,0.7857142857142857,1.2003968253968254,68,0.6181818181818182,0.7627030471953962,1.2337843410513762,0.6386554621848739,0.250190092742079,0.17701670977991932,0.22912414981247128,0.6106442577030813,0.4984917751099386,0.49845363880011306,0.8148148148148148,0.3235294117647059,1.318082788671024,0.7090909090909091,0.5735294117647058,1.147058823529412,0.6527777777777778,0.6911764705882353,1.0559640522875817,0.638655462184874,fl_loco_FedAvg-equal,ASHBRITTLE   PHARMACY,7,FedAvg-equal
SCAFFOLD_ASHBRITTLE   PHARMACY_s7,110,42,0.38181818181818183,0.546337755047204,1.430884596552201,0.638655462184874,0.2502845649337271,0.1771626779047664,0.22912414981247128,0.6106442577030813,0.4980267450519142,-0.4990105979266595,0.5185185185185185,0.3333333333333333,1.3580246913580245,0.4727272727272727,0.6190476190476191,1.238095238095238,0.4583333333333333,0.7857142857142857,1.2003968253968254,68,0.6181818181818182,0.7627030471953962,1.2337843410513762,0.6386554621848739,0.2502845649337271,0.1771626779047664,0.22912414981247128,0.6106442577030813,0.4980267450519142,0.49901059792665947,0.8148148148148148,0.3235294117647059,1.318082788671024,0.7090909090909091,0.5735294117647058,1.147058823529412,0.6527777777777778,0.6911764705882353,1.0559640522875817,0.638655462184874,fl_loco_SCAFFOLD,ASHBRITTLE   PHARMACY,7,SCAFFOLD
FedAdam_ASHBRITTLE   PHARMACY_s7,110,42,0.38181818181818183,0.5374771344589513,1.4076782092972533,0.6505602240896359,0.2472093070806517,0.15787041015175857,0.22866478019001177,0.607843137254902,0.4907169966161225,-0.486785898034851,0.5925925925925926,0.38095238095238093,1.5520282186948853,0.4909090909090909,0.6428571428571429,1.2857142857142856,0.4861111111111111,0.8333333333333334,1.2731481481481481,68,0.6181818181818182,0.7628465135530706,1.2340164189829084,0.6505602240896359,0.2472093070806517,0.15787041015175857,0.22866478019001177,0.607843137254902,0.4907169966161225,0.486785898034851,0.8148148148148148,0.3235294117647059,1.318082788671024,0.7272727272727273,0.5882352941176471,1.1764705882352942,0.6666666666666666,0.7058823529411765,1.0784313725490196,0.6505602240896359,fl_loco_FedAdam,ASHBRITTLE   PHARMACY,7,FedAdam
FedAvg_ASHBRITTLE   PHARMACY_s11,110,42,0.38181818181818183,0.5486045024889635,1.4368213160425234,0.6498599439775911,0.2500739115099952,0.15477341671279113,0.28270654549934615,0.634453781512605,0.5077248014928166,-0.5155864159252433,0.5555555555555556,0.35714285714285715,1.4550264550264551,0.4727272727272727,0.6190476190476191,1.238095238095238,0.4583333333333333,0.7857142857142857,1.2003968253968254,68,0.6181818181818182,0.7724792298383119,1.2495987541502105,0.6498599439775911,0.2500739115099952,0.15477341671279113,0.28270654549934615,0.634453781512605,0.5077248014928166,0.5155864159252432,0.8148148148148148,0.3235294117647059,1.318082788671024,0.7090909090909091,0.5735294117647058,1.147058823529412,0.6527777777777778,0.6911764705882353,1.0559640522875817,0.6498599439775911,fl_loco_FedAvg,ASHBRITTLE   PHARMACY,11,FedAvg
FedProx_ASHBRITTLE   PHARMACY_s11,110,42,0.38181818181818183,0.548361763549416,1.4361855712008513,0.6495098039215687,0.25005599468168915,0.16695309769262562,0.28270654549934615,0.634453781512605,0.5082727794488446,-0.5159186398012258,0.5555555555555556,0.35714285714285715,1.4550264550264551,0.4727272727272727,0.6190476190476191,1.238095238095238,0.4583333333333333,0.7857142857142857,1.2003968253968254,68,0.6181818181818182,0.7723187489793015,1.2493391527606348,0.6495098039215687,0.25005599468168915,0.16695309769262567,0.28270654549934615,0.634453781512605,0.5082727794488446,0.5159186398012257,0.8148148148148148,0.3235294117647059,1.318082788671024,0.7090909090909091,0.5735294117647058,1.147058823529412,0.6527777777777778,0.6911764705882353,1.0559640522875817,0.6495098039215687,fl_loco_FedProx,ASHBRITTLE   PHARMACY,11,FedProx
FedAvg-equal_ASHBRITTLE   PHARMACY_s11,110,42,0.38181818181818183,0.546337755047204,1.430884596552201,0.638655462184874,0.250190092742079,0.17701670977991935,0.22912414981247128,0.6106442577030813,0.4984917751099386,-0.49845363880011306,0.5185185185185185,0.3333333333333333,1.3580246913580245,0.4727272727272727,0.6190476190476191,1.238095238095238,0.4583333333333333,0.7857142857142857,1.2003968253968254,68,0.6181818181818182,0.7627030471953962,1.2337843410513762,0.6386554621848739,0.250190092742079,0.17701670977991932,0.22912414981247128,0.6106442577030813,0.4984917751099386,0.49845363880011306,0.8148148148148148,0.3235294117647059,1.318082788671024,0.7090909090909091,0.5735294117647058,1.147058823529412,0.6527777777777778,0.6911764705882353,1.0559640522875817,0.638655462184874,fl_loco_FedAvg-equal,ASHBRITTLE   PHARMACY,11,FedAvg-equal
SCAFFOLD_ASHBRITTLE   PHARMACY_s11,110,42,0.38181818181818183,0.546337755047204,1.430884596552201,0.638655462184874,0.2502845649337271,0.1771626779047664,0.22912414981247128,0.6106442577030813,0.4980267450519142,-0.4990105979266595,0.5185185185185185,0.3333333333333333,1.3580246913580245,0.4727272727272727,0.6190476190476191,1.238095238095238,0.4583333333333333,0.7857142857142857,1.2003968253968254,68,0.6181818181818182,0.7627030471953962,1.2337843410513762,0.6386554621848739,0.2502845649337271,0.1771626779047664,0.22912414981247128,0.6106442577030813,0.4980267450519142,0.49901059792665947,0.8148148148148148,0.3235294117647059,1.318082788671024,0.7090909090909091,0.5735294117647058,1.147058823529412,0.6527777777777778,0.6911764705882353,1.0559640522875817,0.638655462184874,fl_loco_SCAFFOLD,ASHBRITTLE   PHARMACY,11,SCAFFOLD
FedAdam_ASHBRITTLE   PHARMACY_s11,110,42,0.38181818181818183,0.5374771344589513,1.4076782092972533,0.6505602240896359,0.2472093070806517,0.15787041015175857,0.22866478019001177,0.607843137254902,0.4907169966161225,-0.486785898034851,0.5925925925925926,0.38095238095238093,1.5520282186948853,0.4909090909090909,0.6428571428571429,1.2857142857142856,0.4861111111111111,0.8333333333333334,1.2731481481481481,68,0.6181818181818182,0.7628465135530706,1.2340164189829084,0.6505602240896359,0.2472093070806517,0.15787041015175857,0.22866478019001177,0.607843137254902,0.4907169966161225,0.486785898034851,0.8148148148148148,0.3235294117647059,1.318082788671024,0.7272727272727273,0.5882352941176471,1.1764705882352942,0.6666666666666666,0.7058823529411765,1.0784313725490196,0.6505602240896359,fl_loco_FedAdam,ASHBRITTLE   PHARMACY,11,FedAdam
FedAvg_ASHBRITTLE   PHARMACY_s19,110,42,0.38181818181818183,0.5486045024889635,1.4368213160425234,0.6498599439775911,0.2500739115099952,0.15477341671279113,0.28270654549934615,0.634453781512605,0.5077248014928166,-0.5155864159252433,0.5555555555555556,0.35714285714285715,1.4550264550264551,0.4727272727272727,0.6190476190476191,1.238095238095238,0.4583333333333333,0.7857142857142857,1.2003968253968254,68,0.6181818181818182,0.7724792298383119,1.2495987541502105,0.6498599439775911,0.2500739115099952,0.15477341671279113,0.28270654549934615,0.634453781512605,0.5077248014928166,0.5155864159252432,0.8148148148148148,0.3235294117647059,1.318082788671024,0.7090909090909091,0.5735294117647058,1.147058823529412,0.6527777777777778,0.6911764705882353,1.0559640522875817,0.6498599439775911,fl_loco_FedAvg,ASHBRITTLE   PHARMACY,19,FedAvg
FedProx_ASHBRITTLE   PHARMACY_s19,110,42,0.38181818181818183,0.548361763549416,1.4361855712008513,0.6495098039215687,0.25005599468168915,0.16695309769262562,0.28270654549934615,0.634453781512605,0.5082727794488446,-0.5159186398012258,0.5555555555555556,0.35714285714285715,1.4550264550264551,0.4727272727272727,0.6190476190476191,1.238095238095238,0.4583333333333333,0.7857142857142857,1.2003968253968254,68,0.6181818181818182,0.7723187489793015,1.2493391527606348,0.6495098039215687,0.25005599468168915,0.16695309769262567,0.28270654549934615,0.634453781512605,0.5082727794488446,0.5159186398012257,0.8148148148148148,0.3235294117647059,1.318082788671024,0.7090909090909091,0.5735294117647058,1.147058823529412,0.6527777777777778,0.6911764705882353,1.0559640522875817,0.6495098039215687,fl_loco_FedProx,ASHBRITTLE   PHARMACY,19,FedProx
FedAvg-equal_ASHBRITTLE   PHARMACY_s19,110,42,0.38181818181818183,0.546337755047204,1.430884596552201,0.638655462184874,0.250190092742079,0.17701670977991935,0.22912414981247128,0.6106442577030813,0.4984917751099386,-0.49845363880011306,0.5185185185185185,0.3333333333333333,1.3580246913580245,0.4727272727272727,0.6190476190476191,1.238095238095238,0.4583333333333333,0.7857142857142857,1.2003968253968254,68,0.6181818181818182,0.7627030471953962,1.2337843410513762,0.6386554621848739,0.250190092742079,0.17701670977991932,0.22912414981247128,0.6106442577030813,0.4984917751099386,0.49845363880011306,0.8148148148148148,0.3235294117647059,1.318082788671024,0.7090909090909091,0.5735294117647058,1.147058823529412,0.6527777777777778,0.6911764705882353,1.0559640522875817,0.638655462184874,fl_loco_FedAvg-equal,ASHBRITTLE   PHARMACY,19,FedAvg-equal
SCAFFOLD_ASHBRITTLE   PHARMACY_s19,110,42,0.38181818181818183,0.546337755047204,1.430884596552201,0.638655462184874,0.2502845649337271,0.1771626779047664,0.22912414981247128,0.6106442577030813,0.4980267450519142,-0.4990105979266595,0.5185185185185185,0.3333333333333333,1.3580246913580245,0.4727272727272727,0.6190476190476191,1.238095238095238,0.4583333333333333,0.7857142857142857,1.2003968253968254,68,0.6181818181818182,0.7627030471953962,1.2337843410513762,0.6386554621848739,0.2502845649337271,0.1771626779047664,0.22912414981247128,0.6106442577030813,0.4980267450519142,0.49901059792665947,0.8148148148148148,0.3235294117647059,1.318082788671024,0.7090909090909091,0.5735294117647058,1.147058823529412,0.6527777777777778,0.6911764705882353,1.0559640522875817,0.638655462184874,fl_loco_SCAFFOLD,ASHBRITTLE   PHARMACY,19,SCAFFOLD
FedAdam_ASHBRITTLE   PHARMACY_s19,110,42,0.38181818181818183,0.5374771344589513,1.4076782092972533,0.6505602240896359,0.2472093070806517,0.15787041015175857,0.22866478019001177,0.607843137254902,0.4907169966161225,-0.486785898034851,0.5925925925925926,0.38095238095238093,1.5520282186948853,0.4909090909090909,0.6428571428571429,1.2857142857142856,0.4861111111111111,0.8333333333333334,1.2731481481481481,68,0.6181818181818182,0.7628465135530706,1.2340164189829084,0.6505602240896359,0.2472093070806517,0.15787041015175857,0.22866478019001177,0.607843137254902,0.4907169966161225,0.486785898034851,0.8148148148148148,0.3235294117647059,1.318082788671024,0.7272727272727273,0.5882352941176471,1.1764705882352942,0.6666666666666666,0.7058823529411765,1.0784313725490196,0.6505602240896359,fl_loco_FedAdam,ASHBRITTLE   PHARMACY,19,FedAdam
FedAvg_ASHBRITTLE   PHARMACY_s23,110,42,0.38181818181818183,0.5486045024889635,1.4368213160425234,0.6498599439775911,0.2500739115099952,0.15477341671279113,0.28270654549934615,0.634453781512605,0.5077248014928166,-0.5155864159252433,0.5555555555555556,0.35714285714285715,1.4550264550264551,0.4727272727272727,0.6190476190476191,1.238095238095238,0.4583333333333333,0.7857142857142857,1.2003968253968254,68,0.6181818181818182,0.7724792298383119,1.2495987541502105,0.6498599439775911,0.2500739115099952,0.15477341671279113,0.28270654549934615,0.634453781512605,0.5077248014928166,0.5155864159252432,0.8148148148148148,0.3235294117647059,1.318082788671024,0.7090909090909091,0.5735294117647058,1.147058823529412,0.6527777777777778,0.6911764705882353,1.0559640522875817,0.6498599439775911,fl_loco_FedAvg,ASHBRITTLE   PHARMACY,23,FedAvg
FedProx_ASHBRITTLE   PHARMACY_s23,110,42,0.38181818181818183,0.548361763549416,1.4361855712008513,0.6495098039215687,0.25005599468168915,0.16695309769262562,0.28270654549934615,0.634453781512605,0.5082727794488446,-0.5159186398012258,0.5555555555555556,0.35714285714285715,1.4550264550264551,0.4727272727272727,0.6190476190476191,1.238095238095238,0.4583333333333333,0.7857142857142857,1.2003968253968254,68,0.6181818181818182,0.7723187489793015,1.2493391527606348,0.6495098039215687,0.25005599468168915,0.16695309769262567,0.28270654549934615,0.634453781512605,0.5082727794488446,0.5159186398012257,0.8148148148148148,0.3235294117647059,1.318082788671024,0.7090909090909091,0.5735294117647058,1.147058823529412,0.6527777777777778,0.6911764705882353,1.0559640522875817,0.6495098039215687,fl_loco_FedProx,ASHBRITTLE   PHARMACY,23,FedProx
FedAvg-equal_ASHBRITTLE   PHARMACY_s23,110,42,0.38181818181818183,0.546337755047204,1.430884596552201,0.638655462184874,0.250190092742079,0.17701670977991935,0.22912414981247128,0.6106442577030813,0.4984917751099386,-0.49845363880011306,0.5185185185185185,0.3333333333333333,1.3580246913580245,0.4727272727272727,0.6190476190476191,1.238095238095238,0.4583333333333333,0.7857142857142857,1.2003968253968254,68,0.6181818181818182,0.7627030471953962,1.2337843410513762,0.6386554621848739,0.250190092742079,0.17701670977991932,0.22912414981247128,0.6106442577030813,0.4984917751099386,0.49845363880011306,0.8148148148148148,0.3235294117647059,1.318082788671024,0.7090909090909091,0.5735294117647058,1.147058823529412,0.6527777777777778,0.6911764705882353,1.0559640522875817,0.638655462184874,fl_loco_FedAvg-equal,ASHBRITTLE   PHARMACY,23,FedAvg-equal
SCAFFOLD_ASHBRITTLE   PHARMACY_s23,110,42,0.38181818181818183,0.546337755047204,1.430884596552201,0.638655462184874,0.2502845649337271,0.1771626779047664,0.22912414981247128,0.6106442577030813,0.4980267450519142,-0.4990105979266595,0.5185185185185185,0.3333333333333333,1.3580246913580245,0.4727272727272727,0.6190476190476191,1.238095238095238,0.4583333333333333,0.7857142857142857,1.2003968253968254,68,0.6181818181818182,0.7627030471953962,1.2337843410513762,0.6386554621848739,0.2502845649337271,0.1771626779047664,0.22912414981247128,0.6106442577030813,0.4980267450519142,0.49901059792665947,0.8148148148148148,0.3235294117647059,1.318082788671024,0.7090909090909091,0.5735294117647058,1.147058823529412,0.6527777777777778,0.6911764705882353,1.0559640522875817,0.638655462184874,fl_loco_SCAFFOLD,ASHBRITTLE   PHARMACY,23,SCAFFOLD
FedAdam_ASHBRITTLE   PHARMACY_s23,110,42,0.38181818181818183,0.5374771344589513,1.4076782092972533,0.6505602240896359,0.2472093070806517,0.15787041015175857,0.22866478019001177,0.607843137254902,0.4907169966161225,-0.486785898034851,0.5925925925925926,0.38095238095238093,1.5520282186948853,0.4909090909090909,0.6428571428571429,1.2857142857142856,0.4861111111111111,0.8333333333333334,1.2731481481481481,68,0.6181818181818182,0.7628465135530706,1.2340164189829084,0.6505602240896359,0.2472093070806517,0.15787041015175857,0.22866478019001177,0.607843137254902,0.4907169966161225,0.486785898034851,0.8148148148148148,0.3235294117647059,1.318082788671024,0.7272727272727273,0.5882352941176471,1.1764705882352942,0.6666666666666666,0.7058823529411765,1.0784313725490196,0.6505602240896359,fl_loco_FedAdam,ASHBRITTLE   PHARMACY,23,FedAdam
FedAvg_ASHBRITTLE   PHARMACY_s37,110,42,0.38181818181818183,0.5486045024889635,1.4368213160425234,0.6498599439775911,0.2500739115099952,0.15477341671279113,0.28270654549934615,0.634453781512605,0.5077248014928166,-0.5155864159252433,0.5555555555555556,0.35714285714285715,1.4550264550264551,0.4727272727272727,0.6190476190476191,1.238095238095238,0.4583333333333333,0.7857142857142857,1.2003968253968254,68,0.6181818181818182,0.7724792298383119,1.2495987541502105,0.6498599439775911,0.2500739115099952,0.15477341671279113,0.28270654549934615,0.634453781512605,0.5077248014928166,0.5155864159252432,0.8148148148148148,0.3235294117647059,1.318082788671024,0.7090909090909091,0.5735294117647058,1.147058823529412,0.6527777777777778,0.6911764705882353,1.0559640522875817,0.6498599439775911,fl_loco_FedAvg,ASHBRITTLE   PHARMACY,37,FedAvg
FedProx_ASHBRITTLE   PHARMACY_s37,110,42,0.38181818181818183,0.548361763549416,1.4361855712008513,0.6495098039215687,0.25005599468168915,0.16695309769262562,0.28270654549934615,0.634453781512605,0.5082727794488446,-0.5159186398012258,0.5555555555555556,0.35714285714285715,1.4550264550264551,0.4727272727272727,0.6190476190476191,1.238095238095238,0.4583333333333333,0.7857142857142857,1.2003968253968254,68,0.6181818181818182,0.7723187489793015,1.2493391527606348,0.6495098039215687,0.25005599468168915,0.16695309769262567,0.28270654549934615,0.634453781512605,0.5082727794488446,0.5159186398012257,0.8148148148148148,0.3235294117647059,1.318082788671024,0.7090909090909091,0.5735294117647058,1.147058823529412,0.6527777777777778,0.6911764705882353,1.0559640522875817,0.6495098039215687,fl_loco_FedProx,ASHBRITTLE   PHARMACY,37,FedProx
FedAvg-equal_ASHBRITTLE   PHARMACY_s37,110,42,0.38181818181818183,0.546337755047204,1.430884596552201,0.638655462184874,0.250190092742079,0.17701670977991935,0.22912414981247128,0.6106442577030813,0.4984917751099386,-0.49845363880011306,0.5185185185185185,0.3333333333333333,1.3580246913580245,0.4727272727272727,0.6190476190476191,1.238095238095238,0.4583333333333333,0.7857142857142857,1.2003968253968254,68,0.6181818181818182,0.7627030471953962,1.2337843410513762,0.6386554621848739,0.250190092742079,0.17701670977991932,0.22912414981247128,0.6106442577030813,0.4984917751099386,0.49845363880011306,0.8148148148148148,0.3235294117647059,1.318082788671024,0.7090909090909091,0.5735294117647058,1.147058823529412,0.6527777777777778,0.6911764705882353,1.0559640522875817,0.638655462184874,fl_loco_FedAvg-equal,ASHBRITTLE   PHARMACY,37,FedAvg-equal
SCAFFOLD_ASHBRITTLE   PHARMACY_s37,110,42,0.38181818181818183,0.546337755047204,1.430884596552201,0.638655462184874,0.2502845649337271,0.1771626779047664,0.22912414981247128,0.6106442577030813,0.4980267450519142,-0.4990105979266595,0.5185185185185185,0.3333333333333333,1.3580246913580245,0.4727272727272727,0.6190476190476191,1.238095238095238,0.4583333333333333,0.7857142857142857,1.2003968253968254,68,0.6181818181818182,0.7627030471953962,1.2337843410513762,0.6386554621848739,0.2502845649337271,0.1771626779047664,0.22912414981247128,0.6106442577030813,0.4980267450519142,0.49901059792665947,0.8148148148148148,0.3235294117647059,1.318082788671024,0.7090909090909091,0.5735294117647058,1.147058823529412,0.6527777777777778,0.6911764705882353,1.0559640522875817,0.638655462184874,fl_loco_SCAFFOLD,ASHBRITTLE   PHARMACY,37,SCAFFOLD
FedAdam_ASHBRITTLE   PHARMACY_s37,110,42,0.38181818181818183,0.5374771344589513,1.4076782092972533,0.6505602240896359,0.2472093070806517,0.15787041015175857,0.22866478019001177,0.607843137254902,0.4907169966161225,-0.486785898034851,0.5925925925925926,0.38095238095238093,1.5520282186948853,0.4909090909090909,0.6428571428571429,1.2857142857142856,0.4861111111111111,0.8333333333333334,1.2731481481481481,68,0.6181818181818182,0.7628465135530706,1.2340164189829084,0.6505602240896359,0.2472093070806517,0.15787041015175857,0.22866478019001177,0.607843137254902,0.4907169966161225,0.486785898034851,0.8148148148148148,0.3235294117647059,1.318082788671024,0.7272727272727273,0.5882352941176471,1.1764705882352942,0.6666666666666666,0.7058823529411765,1.0784313725490196,0.6505602240896359,fl_loco_FedAdam,ASHBRITTLE   PHARMACY,37,FedAdam
FedAvg_BALLANTYNE PARK PHARMACY_s7,114,35,0.30701754385964913,0.43527105259067783,1.4177399998667792,0.6567811934900543,0.25755397336699465,0.21520144761674767,0.2676480231802716,0.6327305605786618,0.4680173844244907,-0.8404677479420122,0.42857142857142855,0.34285714285714286,1.3959183673469386,0.38596491228070173,0.6285714285714286,1.2571428571428571,0.4,0.8571428571428571,1.302857142857143,79,0.6929824561403509,0.837520851700158,1.208574393592633,0.6567811934900543,0.25755397336699465,0.2152014476167477,0.2676480231802716,0.6327305605786618,0.4680173844244907,0.8404677479420123,0.8928571428571429,0.31645569620253167,1.2884267631103075,0.7719298245614035,0.5569620253164557,1.1139240506329113,0.7466666666666667,0.7088607594936709,1.0774683544303798,0.6567811934900543,fl_loco_FedAvg,BALLANTYNE PARK PHARMACY,7,FedAvg
FedProx_BALLANTYNE PARK PHARMACY_s7,114,35,0.30701754385964913,0.43527105259067783,1.4177399998667792,0.6567811934900543,0.2575046778377788,0.21516385706597338,0.2676480231802716,0.6327305605786618,0.46839054584614637,-0.8406590214435726,0.42857142857142855,0.34285714285714286,1.3959183673469386,0.38596491228070173,0.6285714285714286,1.2571428571428571,0.4,0.8571428571428571,1.302857142857143,79,0.6929824561403509,0.837520851700158,1.208574393592633,0.6567811934900543,0.2575046778377788,0.2151638570659734,0.2676480231802716,0.6327305605786618,0.4683905458461464,0.8406590214435726,0.8928571428571429,0.31645569620253167,1.2884267631103075,0.7719298245614035,0.5569620253164557,1.1139240506329113,0.7466666666666667,0.7088607594936709,1.0774683544303798,0.6567811934900543,fl_loco_FedProx,BALLANTYNE PARK PHARMACY,7,FedProx
FedAvg-equal_BALLANTYNE PARK PHARMACY_s7,114,35,0.30701754385964913,0.43867352612196875,1.428822342225841,0.6603978300180832,0.25360505890148427,0.20972441986842344,0.2676480231802716,0.6327305605786618,0.5015610576394913,-0.8422981681164314,0.4642857142857143,0.37142857142857144,1.5122448979591836,0.38596491228070173,0.6285714285714286,1.2571428571428571,0.4,0.8571428571428571,1.302857142857143,79,0.6929824561403509,0.8416557390605064,1.2145411930746548,0.6603978300180833,0.25360505890148427,0.20972441986842344,0.2676480231802716,0.6327305605786618,0.5015610576394913,0.8422981681164314,0.8928571428571429,0.31645569620253167,1.2884267631103075,0.7719298245614035,0.5569620253164557,1.1139240506329113,0.7333333333333333,0.6962025316455697,1.0582278481012657,0.6603978300180832,fl_loco_FedAvg-equal,BALLANTYNE PARK PHARMACY,7,FedAvg-equal
SCAFFOLD_BALLANTYNE PARK PHARMACY_s7,114,35,0.30701754385964913,0.4392811195867051,1.4308013609395538,0.6603978300180832,0.25364983639093897,0.20990091250604642,0.2676480231802716,0.6327305605786618,0.5014295275764177,-0.8426067520781937,0.4642857142857143,0.37142857142857144,1.5122448979591836,0.38596491228070173,0.6285714285714286,1.2571428571428571,0.4,0.8571428571428571,1.302857142857143,79,0.6929824561403509,0.8416362243426189,1.2145130325956779,0.6603978300180833,0.25364983639093897,0.20990091250604645,0.2676480231802716,0.6327305605786618,0.5014295275764177,0.8426067520781937,0.8928571428571429,0.31645569620253167,1.2884267631103075,0.7719298245614035,0.5569620253164557,1.1139240506329113,0.7333333333333333,0.6962025316455697,1.0582278481012657,0.6603978300180832,fl_loco_SCAFFOLD,BALLANTYNE PARK PHARMACY,7,SCAFFOLD
FedAdam_BALLANTYNE PARK PHARMACY_s7,114,35,0.30701754385964913,0.4355487070479943,1.4186443600991814,0.661121157323689,0.2568569627185044,0.1908277422170745,0.25831178120454185,0.6311030741410488,0.4299028472230616,-0.8323183501921679,0.5,0.4,1.6285714285714286,0.38596491228070173,0.6285714285714286,1.2571428571428571,0.38666666666666666,0.8285714285714286,1.2594285714285713,79,0.6929824561403509,0.8266999690361725,1.192959448988907,0.6611211573236889,0.2568569627185044,0.1908277422170745,0.25831178120454185,0.6311030741410488,0.42990284722306155,0.8323183501921679,0.8928571428571429,0.31645569620253167,1.2884267631103075,0.7719298245614035,0.5569620253164557,1.1139240506329113,0.76,0.7215189873417721,1.0967088607594937,0.661121157323689,fl_loco_FedAdam,BALLANTYNE PARK PHARMACY,7,FedAdam
FedAvg_BALLANTYNE PARK PHARMACY_s11,114,35,0.30701754385964913,0.43527105259067783,1.4177399998667792,0.6567811934900543,0.25755397336699465,0.21520144761674767,0.2676480231802716,0.6327305605786618,0.4680173844244907,-0.8404677479420122,0.42857142857142855,0.34285714285714286,1.3959183673469386,0.38596491228070173,0.6285714285714286,1.2571428571428571,0.4,0.8571428571428571,1.302857142857143,79,0.6929824561403509,0.837520851700158,1.208574393592633,0.6567811934900543,0.25755397336699465,0.2152014476167477,0.2676480231802716,0.6327305605786618,0.4680173844244907,0.8404677479420123,0.8928571428571429,0.31645569620253167,1.2884267631103075,0.7719298245614035,0.5569620253164557,1.1139240506329113,0.7466666666666667,0.7088607594936709,1.0774683544303798,0.6567811934900543,fl_loco_FedAvg,BALLANTYNE PARK PHARMACY,11,FedAvg
FedProx_BALLANTYNE PARK PHARMACY_s11,114,35,0.30701754385964913,0.43527105259067783,1.4177399998667792,0.6567811934900543,0.2575046778377788,0.21516385706597338,0.2676480231802716,0.6327305605786618,0.46839054584614637,-0.8406590214435726,0.42857142857142855,0.34285714285714286,1.3959183673469386,0.38596491228070173,0.6285714285714286,1.2571428571428571,0.4,0.8571428571428571,1.302857142857143,79,0.6929824561403509,0.837520851700158,1.208574393592633,0.6567811934900543,0.2575046778377788,0.2151638570659734,0.2676480231802716,0.6327305605786618,0.4683905458461464,0.8406590214435726,0.8928571428571429,0.31645569620253167,1.2884267631103075,0.7719298245614035,0.5569620253164557,1.1139240506329113,0.7466666666666667,0.7088607594936709,1.0774683544303798,0.6567811934900543,fl_loco_FedProx,BALLANTYNE PARK PHARMACY,11,FedProx
FedAvg-equal_BALLANTYNE PARK PHARMACY_s11,114,35,0.30701754385964913,0.43867352612196875,1.428822342225841,0.6603978300180832,0.25360505890148427,0.20972441986842344,0.2676480231802716,0.6327305605786618,0.5015610576394913,-0.8422981681164314,0.4642857142857143,0.37142857142857144,1.5122448979591836,0.38596491228070173,0.6285714285714286,1.2571428571428571,0.4,0.8571428571428571,1.302857142857143,79,0.6929824561403509,0.8416557390605064,1.2145411930746548,0.6603978300180833,0.25360505890148427,0.20972441986842344,0.2676480231802716,0.6327305605786618,0.5015610576394913,0.8422981681164314,0.8928571428571429,0.31645569620253167,1.2884267631103075,0.7719298245614035,0.5569620253164557,1.1139240506329113,0.7333333333333333,0.6962025316455697,1.0582278481012657,0.6603978300180832,fl_loco_FedAvg-equal,BALLANTYNE PARK PHARMACY,11,FedAvg-equal
SCAFFOLD_BALLANTYNE PARK PHARMACY_s11,114,35,0.30701754385964913,0.4392811195867051,1.4308013609395538,0.6603978300180832,0.25364983639093897,0.20990091250604642,0.2676480231802716,0.6327305605786618,0.5014295275764177,-0.8426067520781937,0.4642857142857143,0.37142857142857144,1.5122448979591836,0.38596491228070173,0.6285714285714286,1.2571428571428571,0.4,0.8571428571428571,1.302857142857143,79,0.6929824561403509,0.8416362243426189,1.2145130325956779,0.6603978300180833,0.25364983639093897,0.20990091250604645,0.2676480231802716,0.6327305605786618,0.5014295275764177,0.8426067520781937,0.8928571428571429,0.31645569620253167,1.2884267631103075,0.7719298245614035,0.5569620253164557,1.1139240506329113,0.7333333333333333,0.6962025316455697,1.0582278481012657,0.6603978300180832,fl_loco_SCAFFOLD,BALLANTYNE PARK PHARMACY,11,SCAFFOLD
FedAdam_BALLANTYNE PARK PHARMACY_s11,114,35,0.30701754385964913,0.4355487070479943,1.4186443600991814,0.661121157323689,0.2568569627185044,0.1908277422170745,0.25831178120454185,0.6311030741410488,0.4299028472230616,-0.8323183501921679,0.5,0.4,1.6285714285714286,0.38596491228070173,0.6285714285714286,1.2571428571428571,0.38666666666666666,0.8285714285714286,1.2594285714285713,79,0.6929824561403509,0.8266999690361725,1.192959448988907,0.6611211573236889,0.2568569627185044,0.1908277422170745,0.25831178120454185,0.6311030741410488,0.42990284722306155,0.8323183501921679,0.8928571428571429,0.31645569620253167,1.2884267631103075,0.7719298245614035,0.5569620253164557,1.1139240506329113,0.76,0.7215189873417721,1.0967088607594937,0.661121157323689,fl_loco_FedAdam,BALLANTYNE PARK PHARMACY,11,FedAdam
FedAvg_BALLANTYNE PARK PHARMACY_s19,114,35,0.30701754385964913,0.43527105259067783,1.4177399998667792,0.6567811934900543,0.25755397336699465,0.21520144761674767,0.2676480231802716,0.6327305605786618,0.4680173844244907,-0.8404677479420122,0.42857142857142855,0.34285714285714286,1.3959183673469386,0.38596491228070173,0.6285714285714286,1.2571428571428571,0.4,0.8571428571428571,1.302857142857143,79,0.6929824561403509,0.837520851700158,1.208574393592633,0.6567811934900543,0.25755397336699465,0.2152014476167477,0.2676480231802716,0.6327305605786618,0.4680173844244907,0.8404677479420123,0.8928571428571429,0.31645569620253167,1.2884267631103075,0.7719298245614035,0.5569620253164557,1.1139240506329113,0.7466666666666667,0.7088607594936709,1.0774683544303798,0.6567811934900543,fl_loco_FedAvg,BALLANTYNE PARK PHARMACY,19,FedAvg
FedProx_BALLANTYNE PARK PHARMACY_s19,114,35,0.30701754385964913,0.43527105259067783,1.4177399998667792,0.6567811934900543,0.2575046778377788,0.21516385706597338,0.2676480231802716,0.6327305605786618,0.46839054584614637,-0.8406590214435726,0.42857142857142855,0.34285714285714286,1.3959183673469386,0.38596491228070173,0.6285714285714286,1.2571428571428571,0.4,0.8571428571428571,1.302857142857143,79,0.6929824561403509,0.837520851700158,1.208574393592633,0.6567811934900543,0.2575046778377788,0.2151638570659734,0.2676480231802716,0.6327305605786618,0.4683905458461464,0.8406590214435726,0.8928571428571429,0.31645569620253167,1.2884267631103075,0.7719298245614035,0.5569620253164557,1.1139240506329113,0.7466666666666667,0.7088607594936709,1.0774683544303798,0.6567811934900543,fl_loco_FedProx,BALLANTYNE PARK PHARMACY,19,FedProx
FedAvg-equal_BALLANTYNE PARK PHARMACY_s19,114,35,0.30701754385964913,0.43867352612196875,1.428822342225841,0.6603978300180832,0.25360505890148427,0.20972441986842344,0.2676480231802716,0.6327305605786618,0.5015610576394913,-0.8422981681164314,0.4642857142857143,0.37142857142857144,1.5122448979591836,0.38596491228070173,0.6285714285714286,1.2571428571428571,0.4,0.8571428571428571,1.302857142857143,79,0.6929824561403509,0.8416557390605064,1.2145411930746548,0.6603978300180833,0.25360505890148427,0.20972441986842344,0.2676480231802716,0.6327305605786618,0.5015610576394913,0.8422981681164314,0.8928571428571429,0.31645569620253167,1.2884267631103075,0.7719298245614035,0.5569620253164557,1.1139240506329113,0.7333333333333333,0.6962025316455697,1.0582278481012657,0.6603978300180832,fl_loco_FedAvg-equal,BALLANTYNE PARK PHARMACY,19,FedAvg-equal
SCAFFOLD_BALLANTYNE PARK PHARMACY_s19,114,35,0.30701754385964913,0.4392811195867051,1.4308013609395538,0.6603978300180832,0.25364983639093897,0.20990091250604642,0.2676480231802716,0.6327305605786618,0.5014295275764177,-0.8426067520781937,0.4642857142857143,0.37142857142857144,1.5122448979591836,0.38596491228070173,0.6285714285714286,1.2571428571428571,0.4,0.8571428571428571,1.302857142857143,79,0.6929824561403509,0.8416362243426189,1.2145130325956779,0.6603978300180833,0.25364983639093897,0.20990091250604645,0.2676480231802716,0.6327305605786618,0.5014295275764177,0.8426067520781937,0.8928571428571429,0.31645569620253167,1.2884267631103075,0.7719298245614035,0.5569620253164557,1.1139240506329113,0.7333333333333333,0.6962025316455697,1.0582278481012657,0.6603978300180832,fl_loco_SCAFFOLD,BALLANTYNE PARK PHARMACY,19,SCAFFOLD
FedAdam_BALLANTYNE PARK PHARMACY_s19,114,35,0.30701754385964913,0.4355487070479943,1.4186443600991814,0.661121157323689,0.2568569627185044,0.1908277422170745,0.25831178120454185,0.6311030741410488,0.4299028472230616,-0.8323183501921679,0.5,0.4,1.6285714285714286,0.38596491228070173,0.6285714285714286,1.2571428571428571,0.38666666666666666,0.8285714285714286,1.2594285714285713,79,0.6929824561403509,0.8266999690361725,1.192959448988907,0.6611211573236889,0.2568569627185044,0.1908277422170745,0.25831178120454185,0.6311030741410488,0.42990284722306155,0.8323183501921679,0.8928571428571429,0.31645569620253167,1.2884267631103075,0.7719298245614035,0.5569620253164557,1.1139240506329113,0.76,0.7215189873417721,1.0967088607594937,0.661121157323689,fl_loco_FedAdam,BALLANTYNE PARK PHARMACY,19,FedAdam
FedAvg_BALLANTYNE PARK PHARMACY_s23,114,35,0.30701754385964913,0.43527105259067783,1.4177399998667792,0.6567811934900543,0.25755397336699465,0.21520144761674767,0.2676480231802716,0.6327305605786618,0.4680173844244907,-0.8404677479420122,0.42857142857142855,0.34285714285714286,1.3959183673469386,0.38596491228070173,0.6285714285714286,1.2571428571428571,0.4,0.8571428571428571,1.302857142857143,79,0.6929824561403509,0.837520851700158,1.208574393592633,0.6567811934900543,0.25755397336699465,0.2152014476167477,0.2676480231802716,0.6327305605786618,0.4680173844244907,0.8404677479420123,0.8928571428571429,0.31645569620253167,1.2884267631103075,0.7719298245614035,0.5569620253164557,1.1139240506329113,0.7466666666666667,0.7088607594936709,1.0774683544303798,0.6567811934900543,fl_loco_FedAvg,BALLANTYNE PARK PHARMACY,23,FedAvg
FedProx_BALLANTYNE PARK PHARMACY_s23,114,35,0.30701754385964913,0.43527105259067783,1.4177399998667792,0.6567811934900543,0.2575046778377788,0.21516385706597338,0.2676480231802716,0.6327305605786618,0.46839054584614637,-0.8406590214435726,0.42857142857142855,0.34285714285714286,1.3959183673469386,0.38596491228070173,0.6285714285714286,1.2571428571428571,0.4,0.8571428571428571,1.302857142857143,79,0.6929824561403509,0.837520851700158,1.208574393592633,0.6567811934900543,0.2575046778377788,0.2151638570659734,0.2676480231802716,0.6327305605786618,0.4683905458461464,0.8406590214435726,0.8928571428571429,0.31645569620253167,1.2884267631103075,0.7719298245614035,0.5569620253164557,1.1139240506329113,0.7466666666666667,0.7088607594936709,1.0774683544303798,0.6567811934900543,fl_loco_FedProx,BALLANTYNE PARK PHARMACY,23,FedProx
FedAvg-equal_BALLANTYNE PARK PHARMACY_s23,114,35,0.30701754385964913,0.43867352612196875,1.428822342225841,0.6603978300180832,0.25360505890148427,0.20972441986842344,0.2676480231802716,0.6327305605786618,0.5015610576394913,-0.8422981681164314,0.4642857142857143,0.37142857142857144,1.5122448979591836,0.38596491228070173,0.6285714285714286,1.2571428571428571,0.4,0.8571428571428571,1.302857142857143,79,0.6929824561403509,0.8416557390605064,1.2145411930746548,0.6603978300180833,0.25360505890148427,0.20972441986842344,0.2676480231802716,0.6327305605786618,0.5015610576394913,0.8422981681164314,0.8928571428571429,0.31645569620253167,1.2884267631103075,0.7719298245614035,0.5569620253164557,1.1139240506329113,0.7333333333333333,0.6962025316455697,1.0582278481012657,0.6603978300180832,fl_loco_FedAvg-equal,BALLANTYNE PARK PHARMACY,23,FedAvg-equal
SCAFFOLD_BALLANTYNE PARK PHARMACY_s23,114,35,0.30701754385964913,0.4392811195867051,1.4308013609395538,0.6603978300180832,0.25364983639093897,0.20990091250604642,0.2676480231802716,0.6327305605786618,0.5014295275764177,-0.8426067520781937,0.4642857142857143,0.37142857142857144,1.5122448979591836,0.38596491228070173,0.6285714285714286,1.2571428571428571,0.4,0.8571428571428571,1.302857142857143,79,0.6929824561403509,0.8416362243426189,1.2145130325956779,0.6603978300180833,0.25364983639093897,0.20990091250604645,0.2676480231802716,0.6327305605786618,0.5014295275764177,0.8426067520781937,0.8928571428571429,0.31645569620253167,1.2884267631103075,0.7719298245614035,0.5569620253164557,1.1139240506329113,0.7333333333333333,0.6962025316455697,1.0582278481012657,0.6603978300180832,fl_loco_SCAFFOLD,BALLANTYNE PARK PHARMACY,23,SCAFFOLD
FedAdam_BALLANTYNE PARK PHARMACY_s23,114,35,0.30701754385964913,0.4355487070479943,1.4186443600991814,0.661121157323689,0.2568569627185044,0.1908277422170745,0.25831178120454185,0.6311030741410488,0.4299028472230616,-0.8323183501921679,0.5,0.4,1.6285714285714286,0.38596491228070173,0.6285714285714286,1.2571428571428571,0.38666666666666666,0.8285714285714286,1.2594285714285713,79,0.6929824561403509,0.8266999690361725,1.192959448988907,0.6611211573236889,0.2568569627185044,0.1908277422170745,0.25831178120454185,0.6311030741410488,0.42990284722306155,0.8323183501921679,0.8928571428571429,0.31645569620253167,1.2884267631103075,0.7719298245614035,0.5569620253164557,1.1139240506329113,0.76,0.7215189873417721,1.0967088607594937,0.661121157323689,fl_loco_FedAdam,BALLANTYNE PARK PHARMACY,23,FedAdam
FedAvg_BALLANTYNE PARK PHARMACY_s37,114,35,0.30701754385964913,0.43527105259067783,1.4177399998667792,0.6567811934900543,0.25755397336699465,0.21520144761674767,0.2676480231802716,0.6327305605786618,0.4680173844244907,-0.8404677479420122,0.42857142857142855,0.34285714285714286,1.3959183673469386,0.38596491228070173,0.6285714285714286,1.2571428571428571,0.4,0.8571428571428571,1.302857142857143,79,0.6929824561403509,0.837520851700158,1.208574393592633,0.6567811934900543,0.25755397336699465,0.2152014476167477,0.2676480231802716,0.6327305605786618,0.4680173844244907,0.8404677479420123,0.8928571428571429,0.31645569620253167,1.2884267631103075,0.7719298245614035,0.5569620253164557,1.1139240506329113,0.7466666666666667,0.7088607594936709,1.0774683544303798,0.6567811934900543,fl_loco_FedAvg,BALLANTYNE PARK PHARMACY,37,FedAvg
FedProx_BALLANTYNE PARK PHARMACY_s37,114,35,0.30701754385964913,0.43527105259067783,1.4177399998667792,0.6567811934900543,0.2575046778377788,0.21516385706597338,0.2676480231802716,0.6327305605786618,0.46839054584614637,-0.8406590214435726,0.42857142857142855,0.34285714285714286,1.3959183673469386,0.38596491228070173,0.6285714285714286,1.2571428571428571,0.4,0.8571428571428571,1.302857142857143,79,0.6929824561403509,0.837520851700158,1.208574393592633,0.6567811934900543,0.2575046778377788,0.2151638570659734,0.2676480231802716,0.6327305605786618,0.4683905458461464,0.8406590214435726,0.8928571428571429,0.31645569620253167,1.2884267631103075,0.7719298245614035,0.5569620253164557,1.1139240506329113,0.7466666666666667,0.7088607594936709,1.0774683544303798,0.6567811934900543,fl_loco_FedProx,BALLANTYNE PARK PHARMACY,37,FedProx
FedAvg-equal_BALLANTYNE PARK PHARMACY_s37,114,35,0.30701754385964913,0.43867352612196875,1.428822342225841,0.6603978300180832,0.25360505890148427,0.20972441986842344,0.2676480231802716,0.6327305605786618,0.5015610576394913,-0.8422981681164314,0.4642857142857143,0.37142857142857144,1.5122448979591836,0.38596491228070173,0.6285714285714286,1.2571428571428571,0.4,0.8571428571428571,1.302857142857143,79,0.6929824561403509,0.8416557390605064,1.2145411930746548,0.6603978300180833,0.25360505890148427,0.20972441986842344,0.2676480231802716,0.6327305605786618,0.5015610576394913,0.8422981681164314,0.8928571428571429,0.31645569620253167,1.2884267631103075,0.7719298245614035,0.5569620253164557,1.1139240506329113,0.7333333333333333,0.6962025316455697,1.0582278481012657,0.6603978300180832,fl_loco_FedAvg-equal,BALLANTYNE PARK PHARMACY,37,FedAvg-equal
SCAFFOLD_BALLANTYNE PARK PHARMACY_s37,114,35,0.30701754385964913,0.4392811195867051,1.4308013609395538,0.6603978300180832,0.25364983639093897,0.20990091250604642,0.2676480231802716,0.6327305605786618,0.5014295275764177,-0.8426067520781937,0.4642857142857143,0.37142857142857144,1.5122448979591836,0.38596491228070173,0.6285714285714286,1.2571428571428571,0.4,0.8571428571428571,1.302857142857143,79,0.6929824561403509,0.8416362243426189,1.2145130325956779,0.6603978300180833,0.25364983639093897,0.20990091250604645,0.2676480231802716,0.6327305605786618,0.5014295275764177,0.8426067520781937,0.8928571428571429,0.31645569620253167,1.2884267631103075,0.7719298245614035,0.5569620253164557,1.1139240506329113,0.7333333333333333,0.6962025316455697,1.0582278481012657,0.6603978300180832,fl_loco_SCAFFOLD,BALLANTYNE PARK PHARMACY,37,SCAFFOLD
FedAdam_BALLANTYNE PARK PHARMACY_s37,114,35,0.30701754385964913,0.4355487070479943,1.4186443600991814,0.661121157323689,0.2568569627185044,0.1908277422170745,0.25831178120454185,0.6311030741410488,0.4299028472230616,-0.8323183501921679,0.5,0.4,1.6285714285714286,0.38596491228070173,0.6285714285714286,1.2571428571428571,0.38666666666666666,0.8285714285714286,1.2594285714285713,79,0.6929824561403509,0.8266999690361725,1.192959448988907,0.6611211573236889,0.2568569627185044,0.1908277422170745,0.25831178120454185,0.6311030741410488,0.42990284722306155,0.8323183501921679,0.8928571428571429,0.31645569620253167,1.2884267631103075,0.7719298245614035,0.5569620253164557,1.1139240506329113,0.76,0.7215189873417721,1.0967088607594937,0.661121157323689,fl_loco_FedAdam,BALLANTYNE PARK PHARMACY,37,FedAdam
FedAvg_CIMAS BORROWDALE OFFICE PARK PHARMACY_s7,288,150,0.5208333333333334,0.7154168002373184,1.373600256455651,0.741304347826087,0.2016830662831487,0.06741794330746188,0.37486313554916345,0.6834782608695653,0.8269854161244573,-0.008545021373580668,0.7083333333333334,0.34,1.3599999999999999,0.7013888888888888,0.6733333333333333,1.3466666666666665,0.6736842105263158,0.8533333333333334,1.293473684210526,138,0.4791666666666667,0.7735585582186566,1.6143830780215442,0.741304347826087,0.2016830662831487,0.0674179433074619,0.37486313554916345,0.6834782608695653,0.8269854161244573,0.00854502137358067,0.7916666666666666,0.41304347826086957,1.652173913043478,0.6597222222222222,0.6884057971014492,1.3768115942028984,0.5631578947368421,0.7753623188405797,1.1752860411899313,0.741304347826087,fl_loco_FedAvg,CIMAS BORROWDALE OFFICE PARK PHARMACY,7,FedAvg
FedProx_CIMAS BORROWDALE OFFICE PARK PHARMACY_s7,288,150,0.5208333333333334,0.7152445734939141,1.373269581108315,0.7410628019323671,0.2017254328125827,0.06945142485749296,0.3675066775396222,0.6801449275362319,0.8268792879522597,-0.008187039002718784,0.7083333333333334,0.34,1.3599999999999999,0.7013888888888888,0.6733333333333333,1.3466666666666665,0.6736842105263158,0.8533333333333334,1.293473684210526,138,0.4791666666666667,0.7732559348473931,1.613751516203255,0.7410628019323671,0.2017254328125827,0.06945142485749294,0.3675066775396222,0.6801449275362319,0.8268792879522597,0.00818703900271881,0.7916666666666666,0.41304347826086957,1.652173913043478,0.6597222222222222,0.6884057971014492,1.3768115942028984,0.5631578947368421,0.7753623188405797,1.1752860411899313,0.7410628019323671,fl_loco_FedProx,CIMAS BORROWDALE OFFICE PARK PHARMACY,7,FedProx
FedAvg-equal_CIMAS BORROWDALE OFFICE PARK PHARMACY_s7,288,150,0.5208333333333334,0.7202923271910509,1.3829612682068175,0.7419806763285024,0.19959568324331803,0.07615442776187036,0.3971908368223309,0.6934782608695653,0.9321238907665523,-0.0730969459215886,0.7083333333333334,0.34,1.3599999999999999,0.7083333333333334,0.68,1.3599999999999999,0.6736842105263158,0.8533333333333334,1.293473684210526,138,0.4791666666666667,0.7733099192405586,1.613864179284644,0.7419806763285024,0.19959568324331803,0.07615442776187037,0.3971908368223309,0.6934782608695653,0.9321238907665522,0.07309694592158857,0.8055555555555556,0.42028985507246375,1.681159420289855,0.6666666666666666,0.6956521739130435,1.391304347826087,0.5526315789473685,0.7608695652173914,1.1533180778032037,0.7419806763285024,fl_loco_FedAvg-equal,CIMAS BORROWDALE OFFICE PARK PHARMACY,7,FedAvg-equal
SCAFFOLD_CIMAS BORROWDALE OFFICE PARK PHARMACY_s7,288,150,0.5208333333333334,0.7196627478799993,1.3817524759295985,0.7419806763285024,0.19964207796673442,0.07214583783961792,0.3971908368223309,0.6934782608695653,0.929811399566711,-0.07359620596006952,0.7083333333333334,0.34,1.3599999999999999,0.7083333333333334,0.68,1.3599999999999999,0.6736842105263158,0.8533333333333334,1.293473684210526,138,0.4791666666666667,0.7731205775848438,1.613469031481413,0.7419806763285024,0.19964207796673442,0.0721458378396179,0.3971908368223309,0.6934782608695653,0.9298113995667111,0.07359620596006947,0.8055555555555556,0.42028985507246375,1.681159420289855,0.6666666666666666,0.6956521739130435,1.391304347826087,0.5526315789473685,0.7608695652173914,1.1533180778032037,0.7419806763285024,fl_loco_SCAFFOLD,CIMAS BORROWDALE OFFICE PARK PHARMACY,7,SCAFFOLD
FedAdam_CIMAS BORROWDALE OFFICE PARK PHARMACY_s7,288,150,0.5208333333333334,0.7091008407427051,1.3614736142259936,0.7269082125603864,0.21105641042116335,0.08997523223513641,0.35291428843740175,0.6734782608695653,0.7027227948030246,0.0006219481815333087,0.7083333333333334,0.34,1.3599999999999999,0.6944444444444444,0.6666666666666666,1.3333333333333333,0.6631578947368421,0.84,1.2732631578947367,138,0.4791666666666667,0.7511021783798821,1.5675175896623628,0.7269082125603864,0.21105641042116335,0.0899752322351365,0.35291428843740175,0.6734782608695653,0.7027227948030246,-0.0006219481815333094,0.7777777777777778,0.4057971014492754,1.6231884057971013,0.6527777777777778,0.6811594202898551,1.3623188405797102,0.5631578947368421,0.7753623188405797,1.1752860411899313,0.7269082125603864,fl_loco_FedAdam,CIMAS BORROWDALE OFFICE PARK PHARMACY,7,FedAdam
FedAvg_CIMAS BORROWDALE OFFICE PARK PHARMACY_s11,288,150,0.5208333333333334,0.7154168002373184,1.373600256455651,0.741304347826087,0.2016830662831487,0.06741794330746188,0.37486313554916345,0.6834782608695653,0.8269854161244573,-0.008545021373580668,0.7083333333333334,0.34,1.3599999999999999,0.7013888888888888,0.6733333333333333,1.3466666666666665,0.6736842105263158,0.8533333333333334,1.293473684210526,138,0.4791666666666667,0.7735585582186566,1.6143830780215442,0.741304347826087,0.2016830662831487,0.0674179433074619,0.37486313554916345,0.6834782608695653,0.8269854161244573,0.00854502137358067,0.7916666666666666,0.41304347826086957,1.652173913043478,0.6597222222222222,0.6884057971014492,1.3768115942028984,0.5631578947368421,0.7753623188405797,1.1752860411899313,0.741304347826087,fl_loco_FedAvg,CIMAS BORROWDALE OFFICE PARK PHARMACY,11,FedAvg
FedProx_CIMAS BORROWDALE OFFICE PARK PHARMACY_s11,288,150,0.5208333333333334,0.7152445734939141,1.373269581108315,0.7410628019323671,0.2017254328125827,0.06945142485749296,0.3675066775396222,0.6801449275362319,0.8268792879522597,-0.008187039002718784,0.7083333333333334,0.34,1.3599999999999999,0.7013888888888888,0.6733333333333333,1.3466666666666665,0.6736842105263158,0.8533333333333334,1.293473684210526,138,0.4791666666666667,0.7732559348473931,1.613751516203255,0.7410628019323671,0.2017254328125827,0.06945142485749294,0.3675066775396222,0.6801449275362319,0.8268792879522597,0.00818703900271881,0.7916666666666666,0.41304347826086957,1.652173913043478,0.6597222222222222,0.6884057971014492,1.3768115942028984,0.5631578947368421,0.7753623188405797,1.1752860411899313,0.7410628019323671,fl_loco_FedProx,CIMAS BORROWDALE OFFICE PARK PHARMACY,11,FedProx
FedAvg-equal_CIMAS BORROWDALE OFFICE PARK PHARMACY_s11,288,150,0.5208333333333334,0.7202923271910509,1.3829612682068175,0.7419806763285024,0.19959568324331803,0.07615442776187036,0.3971908368223309,0.6934782608695653,0.9321238907665523,-0.0730969459215886,0.7083333333333334,0.34,1.3599999999999999,0.7083333333333334,0.68,1.3599999999999999,0.6736842105263158,0.8533333333333334,1.293473684210526,138,0.4791666666666667,0.7733099192405586,1.613864179284644,0.7419806763285024,0.19959568324331803,0.07615442776187037,0.3971908368223309,0.6934782608695653,0.9321238907665522,0.07309694592158857,0.8055555555555556,0.42028985507246375,1.681159420289855,0.6666666666666666,0.6956521739130435,1.391304347826087,0.5526315789473685,0.7608695652173914,1.1533180778032037,0.7419806763285024,fl_loco_FedAvg-equal,CIMAS BORROWDALE OFFICE PARK PHARMACY,11,FedAvg-equal
SCAFFOLD_CIMAS BORROWDALE OFFICE PARK PHARMACY_s11,288,150,0.5208333333333334,0.7196627478799993,1.3817524759295985,0.7419806763285024,0.19964207796673442,0.07214583783961792,0.3971908368223309,0.6934782608695653,0.929811399566711,-0.07359620596006952,0.7083333333333334,0.34,1.3599999999999999,0.7083333333333334,0.68,1.3599999999999999,0.6736842105263158,0.8533333333333334,1.293473684210526,138,0.4791666666666667,0.7731205775848438,1.613469031481413,0.7419806763285024,0.19964207796673442,0.0721458378396179,0.3971908368223309,0.6934782608695653,0.9298113995667111,0.07359620596006947,0.8055555555555556,0.42028985507246375,1.681159420289855,0.6666666666666666,0.6956521739130435,1.391304347826087,0.5526315789473685,0.7608695652173914,1.1533180778032037,0.7419806763285024,fl_loco_SCAFFOLD,CIMAS BORROWDALE OFFICE PARK PHARMACY,11,SCAFFOLD
FedAdam_CIMAS BORROWDALE OFFICE PARK PHARMACY_s11,288,150,0.5208333333333334,0.7091008407427051,1.3614736142259936,0.7269082125603864,0.21105641042116335,0.08997523223513641,0.35291428843740175,0.6734782608695653,0.7027227948030246,0.0006219481815333087,0.7083333333333334,0.34,1.3599999999999999,0.6944444444444444,0.6666666666666666,1.3333333333333333,0.6631578947368421,0.84,1.2732631578947367,138,0.4791666666666667,0.7511021783798821,1.5675175896623628,0.7269082125603864,0.21105641042116335,0.0899752322351365,0.35291428843740175,0.6734782608695653,0.7027227948030246,-0.0006219481815333094,0.7777777777777778,0.4057971014492754,1.6231884057971013,0.6527777777777778,0.6811594202898551,1.3623188405797102,0.5631578947368421,0.7753623188405797,1.1752860411899313,0.7269082125603864,fl_loco_FedAdam,CIMAS BORROWDALE OFFICE PARK PHARMACY,11,FedAdam
FedAvg_CIMAS BORROWDALE OFFICE PARK PHARMACY_s19,288,150,0.5208333333333334,0.7154168002373184,1.373600256455651,0.741304347826087,0.2016830662831487,0.06741794330746188,0.37486313554916345,0.6834782608695653,0.8269854161244573,-0.008545021373580668,0.7083333333333334,0.34,1.3599999999999999,0.7013888888888888,0.6733333333333333,1.3466666666666665,0.6736842105263158,0.8533333333333334,1.293473684210526,138,0.4791666666666667,0.7735585582186566,1.6143830780215442,0.741304347826087,0.2016830662831487,0.0674179433074619,0.37486313554916345,0.6834782608695653,0.8269854161244573,0.00854502137358067,0.7916666666666666,0.41304347826086957,1.652173913043478,0.6597222222222222,0.6884057971014492,1.3768115942028984,0.5631578947368421,0.7753623188405797,1.1752860411899313,0.741304347826087,fl_loco_FedAvg,CIMAS BORROWDALE OFFICE PARK PHARMACY,19,FedAvg
FedProx_CIMAS BORROWDALE OFFICE PARK PHARMACY_s19,288,150,0.5208333333333334,0.7152445734939141,1.373269581108315,0.7410628019323671,0.2017254328125827,0.06945142485749296,0.3675066775396222,0.6801449275362319,0.8268792879522597,-0.008187039002718784,0.7083333333333334,0.34,1.3599999999999999,0.7013888888888888,0.6733333333333333,1.3466666666666665,0.6736842105263158,0.8533333333333334,1.293473684210526,138,0.4791666666666667,0.7732559348473931,1.613751516203255,0.7410628019323671,0.2017254328125827,0.06945142485749294,0.3675066775396222,0.6801449275362319,0.8268792879522597,0.00818703900271881,0.7916666666666666,0.41304347826086957,1.652173913043478,0.6597222222222222,0.6884057971014492,1.3768115942028984,0.5631578947368421,0.7753623188405797,1.1752860411899313,0.7410628019323671,fl_loco_FedProx,CIMAS BORROWDALE OFFICE PARK PHARMACY,19,FedProx
FedAvg-equal_CIMAS BORROWDALE OFFICE PARK PHARMACY_s19,288,150,0.5208333333333334,0.7202923271910509,1.3829612682068175,0.7419806763285024,0.19959568324331803,0.07615442776187036,0.3971908368223309,0.6934782608695653,0.9321238907665523,-0.0730969459215886,0.7083333333333334,0.34,1.3599999999999999,0.7083333333333334,0.68,1.3599999999999999,0.6736842105263158,0.8533333333333334,1.293473684210526,138,0.4791666666666667,0.7733099192405586,1.613864179284644,0.7419806763285024,0.19959568324331803,0.07615442776187037,0.3971908368223309,0.6934782608695653,0.9321238907665522,0.07309694592158857,0.8055555555555556,0.42028985507246375,1.681159420289855,0.6666666666666666,0.6956521739130435,1.391304347826087,0.5526315789473685,0.7608695652173914,1.1533180778032037,0.7419806763285024,fl_loco_FedAvg-equal,CIMAS BORROWDALE OFFICE PARK PHARMACY,19,FedAvg-equal
SCAFFOLD_CIMAS BORROWDALE OFFICE PARK PHARMACY_s19,288,150,0.5208333333333334,0.7196627478799993,1.3817524759295985,0.7419806763285024,0.19964207796673442,0.07214583783961792,0.3971908368223309,0.6934782608695653,0.929811399566711,-0.07359620596006952,0.7083333333333334,0.34,1.3599999999999999,0.7083333333333334,0.68,1.3599999999999999,0.6736842105263158,0.8533333333333334,1.293473684210526,138,0.4791666666666667,0.7731205775848438,1.613469031481413,0.7419806763285024,0.19964207796673442,0.0721458378396179,0.3971908368223309,0.6934782608695653,0.9298113995667111,0.07359620596006947,0.8055555555555556,0.42028985507246375,1.681159420289855,0.6666666666666666,0.6956521739130435,1.391304347826087,0.5526315789473685,0.7608695652173914,1.1533180778032037,0.7419806763285024,fl_loco_SCAFFOLD,CIMAS BORROWDALE OFFICE PARK PHARMACY,19,SCAFFOLD
FedAdam_CIMAS BORROWDALE OFFICE PARK PHARMACY_s19,288,150,0.5208333333333334,0.7091008407427051,1.3614736142259936,0.7269082125603864,0.21105641042116335,0.08997523223513641,0.35291428843740175,0.6734782608695653,0.7027227948030246,0.0006219481815333087,0.7083333333333334,0.34,1.3599999999999999,0.6944444444444444,0.6666666666666666,1.3333333333333333,0.6631578947368421,0.84,1.2732631578947367,138,0.4791666666666667,0.7511021783798821,1.5675175896623628,0.7269082125603864,0.21105641042116335,0.0899752322351365,0.35291428843740175,0.6734782608695653,0.7027227948030246,-0.0006219481815333094,0.7777777777777778,0.4057971014492754,1.6231884057971013,0.6527777777777778,0.6811594202898551,1.3623188405797102,0.5631578947368421,0.7753623188405797,1.1752860411899313,0.7269082125603864,fl_loco_FedAdam,CIMAS BORROWDALE OFFICE PARK PHARMACY,19,FedAdam
FedAvg_CIMAS BORROWDALE OFFICE PARK PHARMACY_s23,288,150,0.5208333333333334,0.7154168002373184,1.373600256455651,0.741304347826087,0.2016830662831487,0.06741794330746188,0.37486313554916345,0.6834782608695653,0.8269854161244573,-0.008545021373580668,0.7083333333333334,0.34,1.3599999999999999,0.7013888888888888,0.6733333333333333,1.3466666666666665,0.6736842105263158,0.8533333333333334,1.293473684210526,138,0.4791666666666667,0.7735585582186566,1.6143830780215442,0.741304347826087,0.2016830662831487,0.0674179433074619,0.37486313554916345,0.6834782608695653,0.8269854161244573,0.00854502137358067,0.7916666666666666,0.41304347826086957,1.652173913043478,0.6597222222222222,0.6884057971014492,1.3768115942028984,0.5631578947368421,0.7753623188405797,1.1752860411899313,0.741304347826087,fl_loco_FedAvg,CIMAS BORROWDALE OFFICE PARK PHARMACY,23,FedAvg
FedProx_CIMAS BORROWDALE OFFICE PARK PHARMACY_s23,288,150,0.5208333333333334,0.7152445734939141,1.373269581108315,0.7410628019323671,0.2017254328125827,0.06945142485749296,0.3675066775396222,0.6801449275362319,0.8268792879522597,-0.008187039002718784,0.7083333333333334,0.34,1.3599999999999999,0.7013888888888888,0.6733333333333333,1.3466666666666665,0.6736842105263158,0.8533333333333334,1.293473684210526,138,0.4791666666666667,0.7732559348473931,1.613751516203255,0.7410628019323671,0.2017254328125827,0.06945142485749294,0.3675066775396222,0.6801449275362319,0.8268792879522597,0.00818703900271881,0.7916666666666666,0.41304347826086957,1.652173913043478,0.6597222222222222,0.6884057971014492,1.3768115942028984,0.5631578947368421,0.7753623188405797,1.1752860411899313,0.7410628019323671,fl_loco_FedProx,CIMAS BORROWDALE OFFICE PARK PHARMACY,23,FedProx
FedAvg-equal_CIMAS BORROWDALE OFFICE PARK PHARMACY_s23,288,150,0.5208333333333334,0.7202923271910509,1.3829612682068175,0.7419806763285024,0.19959568324331803,0.07615442776187036,0.3971908368223309,0.6934782608695653,0.9321238907665523,-0.0730969459215886,0.7083333333333334,0.34,1.3599999999999999,0.7083333333333334,0.68,1.3599999999999999,0.6736842105263158,0.8533333333333334,1.293473684210526,138,0.4791666666666667,0.7733099192405586,1.613864179284644,0.7419806763285024,0.19959568324331803,0.07615442776187037,0.3971908368223309,0.6934782608695653,0.9321238907665522,0.07309694592158857,0.8055555555555556,0.42028985507246375,1.681159420289855,0.6666666666666666,0.6956521739130435,1.391304347826087,0.5526315789473685,0.7608695652173914,1.1533180778032037,0.7419806763285024,fl_loco_FedAvg-equal,CIMAS BORROWDALE OFFICE PARK PHARMACY,23,FedAvg-equal
SCAFFOLD_CIMAS BORROWDALE OFFICE PARK PHARMACY_s23,288,150,0.5208333333333334,0.7196627478799993,1.3817524759295985,0.7419806763285024,0.19964207796673442,0.07214583783961792,0.3971908368223309,0.6934782608695653,0.929811399566711,-0.07359620596006952,0.7083333333333334,0.34,1.3599999999999999,0.7083333333333334,0.68,1.3599999999999999,0.6736842105263158,0.8533333333333334,1.293473684210526,138,0.4791666666666667,0.7731205775848438,1.613469031481413,0.7419806763285024,0.19964207796673442,0.0721458378396179,0.3971908368223309,0.6934782608695653,0.9298113995667111,0.07359620596006947,0.8055555555555556,0.42028985507246375,1.681159420289855,0.6666666666666666,0.6956521739130435,1.391304347826087,0.5526315789473685,0.7608695652173914,1.1533180778032037,0.7419806763285024,fl_loco_SCAFFOLD,CIMAS BORROWDALE OFFICE PARK PHARMACY,23,SCAFFOLD
FedAdam_CIMAS BORROWDALE OFFICE PARK PHARMACY_s23,288,150,0.5208333333333334,0.7091008407427051,1.3614736142259936,0.7269082125603864,0.21105641042116335,0.08997523223513641,0.35291428843740175,0.6734782608695653,0.7027227948030246,0.0006219481815333087,0.7083333333333334,0.34,1.3599999999999999,0.6944444444444444,0.6666666666666666,1.3333333333333333,0.6631578947368421,0.84,1.2732631578947367,138,0.4791666666666667,0.7511021783798821,1.5675175896623628,0.7269082125603864,0.21105641042116335,0.0899752322351365,0.35291428843740175,0.6734782608695653,0.7027227948030246,-0.0006219481815333094,0.7777777777777778,0.4057971014492754,1.6231884057971013,0.6527777777777778,0.6811594202898551,1.3623188405797102,0.5631578947368421,0.7753623188405797,1.1752860411899313,0.7269082125603864,fl_loco_FedAdam,CIMAS BORROWDALE OFFICE PARK PHARMACY,23,FedAdam
FedAvg_CIMAS BORROWDALE OFFICE PARK PHARMACY_s37,288,150,0.5208333333333334,0.7154168002373184,1.373600256455651,0.741304347826087,0.2016830662831487,0.06741794330746188,0.37486313554916345,0.6834782608695653,0.8269854161244573,-0.008545021373580668,0.7083333333333334,0.34,1.3599999999999999,0.7013888888888888,0.6733333333333333,1.3466666666666665,0.6736842105263158,0.8533333333333334,1.293473684210526,138,0.4791666666666667,0.7735585582186566,1.6143830780215442,0.741304347826087,0.2016830662831487,0.0674179433074619,0.37486313554916345,0.6834782608695653,0.8269854161244573,0.00854502137358067,0.7916666666666666,0.41304347826086957,1.652173913043478,0.6597222222222222,0.6884057971014492,1.3768115942028984,0.5631578947368421,0.7753623188405797,1.1752860411899313,0.741304347826087,fl_loco_FedAvg,CIMAS BORROWDALE OFFICE PARK PHARMACY,37,FedAvg
FedProx_CIMAS BORROWDALE OFFICE PARK PHARMACY_s37,288,150,0.5208333333333334,0.7152445734939141,1.373269581108315,0.7410628019323671,0.2017254328125827,0.06945142485749296,0.3675066775396222,0.6801449275362319,0.8268792879522597,-0.008187039002718784,0.7083333333333334,0.34,1.3599999999999999,0.7013888888888888,0.6733333333333333,1.3466666666666665,0.6736842105263158,0.8533333333333334,1.293473684210526,138,0.4791666666666667,0.7732559348473931,1.613751516203255,0.7410628019323671,0.2017254328125827,0.06945142485749294,0.3675066775396222,0.6801449275362319,0.8268792879522597,0.00818703900271881,0.7916666666666666,0.41304347826086957,1.652173913043478,0.6597222222222222,0.6884057971014492,1.3768115942028984,0.5631578947368421,0.7753623188405797,1.1752860411899313,0.7410628019323671,fl_loco_FedProx,CIMAS BORROWDALE OFFICE PARK PHARMACY,37,FedProx
FedAvg-equal_CIMAS BORROWDALE OFFICE PARK PHARMACY_s37,288,150,0.5208333333333334,0.7202923271910509,1.3829612682068175,0.7419806763285024,0.19959568324331803,0.07615442776187036,0.3971908368223309,0.6934782608695653,0.9321238907665523,-0.0730969459215886,0.7083333333333334,0.34,1.3599999999999999,0.7083333333333334,0.68,1.3599999999999999,0.6736842105263158,0.8533333333333334,1.293473684210526,138,0.4791666666666667,0.7733099192405586,1.613864179284644,0.7419806763285024,0.19959568324331803,0.07615442776187037,0.3971908368223309,0.6934782608695653,0.9321238907665522,0.07309694592158857,0.8055555555555556,0.42028985507246375,1.681159420289855,0.6666666666666666,0.6956521739130435,1.391304347826087,0.5526315789473685,0.7608695652173914,1.1533180778032037,0.7419806763285024,fl_loco_FedAvg-equal,CIMAS BORROWDALE OFFICE PARK PHARMACY,37,FedAvg-equal
SCAFFOLD_CIMAS BORROWDALE OFFICE PARK PHARMACY_s37,288,150,0.5208333333333334,0.7196627478799993,1.3817524759295985,0.7419806763285024,0.19964207796673442,0.07214583783961792,0.3971908368223309,0.6934782608695653,0.929811399566711,-0.07359620596006952,0.7083333333333334,0.34,1.3599999999999999,0.7083333333333334,0.68,1.3599999999999999,0.6736842105263158,0.8533333333333334,1.293473684210526,138,0.4791666666666667,0.7731205775848438,1.613469031481413,0.7419806763285024,0.19964207796673442,0.0721458378396179,0.3971908368223309,0.6934782608695653,0.9298113995667111,0.07359620596006947,0.8055555555555556,0.42028985507246375,1.681159420289855,0.6666666666666666,0.6956521739130435,1.391304347826087,0.5526315789473685,0.7608695652173914,1.1533180778032037,0.7419806763285024,fl_loco_SCAFFOLD,CIMAS BORROWDALE OFFICE PARK PHARMACY,37,SCAFFOLD
FedAdam_CIMAS BORROWDALE OFFICE PARK PHARMACY_s37,288,150,0.5208333333333334,0.7091008407427051,1.3614736142259936,0.7269082125603864,0.21105641042116335,0.08997523223513641,0.35291428843740175,0.6734782608695653,0.7027227948030246,0.0006219481815333087,0.7083333333333334,0.34,1.3599999999999999,0.6944444444444444,0.6666666666666666,1.3333333333333333,0.6631578947368421,0.84,1.2732631578947367,138,0.4791666666666667,0.7511021783798821,1.5675175896623628,0.7269082125603864,0.21105641042116335,0.0899752322351365,0.35291428843740175,0.6734782608695653,0.7027227948030246,-0.0006219481815333094,0.7777777777777778,0.4057971014492754,1.6231884057971013,0.6527777777777778,0.6811594202898551,1.3623188405797102,0.5631578947368421,0.7753623188405797,1.1752860411899313,0.7269082125603864,fl_loco_FedAdam,CIMAS BORROWDALE OFFICE PARK PHARMACY,37,FedAdam
FedAvg_CIMAS BULAWAYO PHARMACY_s7,1073,558,0.5200372786579683,0.8121558304867701,1.5617261758285024,0.8391411768799806,0.15806020604146537,0.037881554479084784,0.5543824401381091,0.7733496885548248,1.2126803867061413,-0.018973686284846268,0.835820895522388,0.4014336917562724,1.6072326539346278,0.7723880597014925,0.7419354838709677,1.4852551757342318,0.7161016949152542,0.9086021505376344,1.377019925885426,515,0.47996272134203166,0.8608415105567765,1.7935591084027596,0.8391411768799805,0.15806020604146537,0.037881554479084784,0.5543824401381091,0.7733496885548248,1.2126803867061413,0.018973686284846285,0.9477611940298507,0.49320388349514566,1.9746558469786988,0.7332089552238806,0.7631067961165049,1.5276372989421825,0.634180790960452,0.8718446601941747,1.3213125994185728,0.8391411768799806,fl_loco_FedAvg,CIMAS BULAWAYO PHARMACY,7,FedAvg
FedProx_CIMAS BULAWAYO PHARMACY_s7,1073,558,0.5200372786579683,0.8121326078523521,1.5616815201175156,0.8391376970456206,0.1580805378372149,0.038599274295005696,0.5543824401381091,0.7733496885548248,1.2136125838225973,-0.018773732389703136,0.835820895522388,0.4014336917562724,1.6072326539346278,0.7723880597014925,0.7419354838709677,1.4852551757342318,0.7161016949152542,0.9086021505376344,1.377019925885426,515,0.47996272134203166,0.8608385181349961,1.7935528737065065,0.8391376970456206,0.1580805378372149,0.03859927429500568,0.5543824401381091,0.7733496885548248,1.2136125838225973,0.018773732389703188,0.9514925373134329,0.49514563106796117,1.9824300825967254,0.7332089552238806,0.7631067961165049,1.5276372989421825,0.634180790960452,0.8718446601941747,1.3213125994185728,0.8391376970456206,fl_loco_FedProx,CIMAS BULAWAYO PHARMACY,7,FedProx
FedAvg-equal_CIMAS BULAWAYO PHARMACY_s7,1073,558,0.5200372786579683,0.8094399563311933,1.5565037153106995,0.8379093155165813,0.1593154307948065,0.04692738120905325,0.5486001931151177,0.7705867000730766,1.3270539503795096,-0.06021316236262518,0.8208955223880597,0.3942652329749104,1.5785320708286525,0.7761194029850746,0.7455197132616488,1.492430321510726,0.7175141242937854,0.910394265232975,1.3797359415183363,515,0.47996272134203166,0.8602090966380265,1.7922414770730144,0.8379093155165815,0.1593154307948065,0.046927381209053216,0.5486001931151177,0.7705867000730766,1.3270539503795098,0.0602131623626252,0.9440298507462687,0.4912621359223301,1.9668816113606724,0.7369402985074627,0.7669902912621359,1.5354115345602086,0.632768361581921,0.8699029126213592,1.3183698096648568,0.8379093155165813,fl_loco_FedAvg-equal,CIMAS BULAWAYO PHARMACY,7,FedAvg-equal
SCAFFOLD_CIMAS BULAWAYO PHARMACY_s7,1073,558,0.5200372786579683,0.8094493107626687,1.5565217033124434,0.8378884365104222,0.15928507134235134,0.04569196805845306,0.5486001931151177,0.7705867000730766,1.324978797767378,-0.06165015862613538,0.8208955223880597,0.3942652329749104,1.5785320708286525,0.7761194029850746,0.7455197132616488,1.492430321510726,0.7175141242937854,0.910394265232975,1.3797359415183363,515,0.47996272134203166,0.8601858733788554,1.792193091525266,0.837888436510422,0.15928507134235134,0.045691968058453034,0.5486001931151177,0.7705867000730766,1.324978797767378,0.06165015862613539,0.9440298507462687,0.4912621359223301,1.9668816113606724,0.7369402985074627,0.7669902912621359,1.5354115345602086,0.632768361581921,0.8699029126213592,1.3183698096648568,0.8378884365104222,fl_loco_SCAFFOLD,CIMAS BULAWAYO PHARMACY,7,SCAFFOLD
FedAdam_CIMAS BULAWAYO PHARMACY_s7,1073,558,0.5200372786579683,0.811785599468259,1.5610142441387846,0.8343494449664197,0.16166548246200224,0.040782635486638304,0.5444297017140353,0.7688694018164736,1.1499451130084313,-0.11210720979964947,0.835820895522388,0.4014336917562724,1.6072326539346278,0.7705223880597015,0.7401433691756273,1.4816676028459852,0.7146892655367232,0.9068100358422939,1.374303910252516,515,0.47996272134203166,0.8508132745839145,1.772665327434059,0.8343494449664196,0.16166548246200224,0.04078263548663831,0.5444297017140353,0.7688694018164736,1.1499451130084313,0.1121072097996495,0.914179104477612,0.47572815533980584,1.9046877264164614,0.7294776119402985,0.7592233009708738,1.5198630633241559,0.6299435028248588,0.8660194174757282,1.3124842301574242,0.8343494449664197,fl_loco_FedAdam,CIMAS BULAWAYO PHARMACY,7,FedAdam
FedAvg_CIMAS BULAWAYO PHARMACY_s11,1073,558,0.5200372786579683,0.8121558304867701,1.5617261758285024,0.8391411768799806,0.15806020604146537,0.037881554479084784,0.5543824401381091,0.7733496885548248,1.2126803867061413,-0.018973686284846268,0.835820895522388,0.4014336917562724,1.6072326539346278,0.7723880597014925,0.7419354838709677,1.4852551757342318,0.7161016949152542,0.9086021505376344,1.377019925885426,515,0.47996272134203166,0.8608415105567765,1.7935591084027596,0.8391411768799805,0.15806020604146537,0.037881554479084784,0.5543824401381091,0.7733496885548248,1.2126803867061413,0.018973686284846285,0.9477611940298507,0.49320388349514566,1.9746558469786988,0.7332089552238806,0.7631067961165049,1.5276372989421825,0.634180790960452,0.8718446601941747,1.3213125994185728,0.8391411768799806,fl_loco_FedAvg,CIMAS BULAWAYO PHARMACY,11,FedAvg
FedProx_CIMAS BULAWAYO PHARMACY_s11,1073,558,0.5200372786579683,0.8121326078523521,1.5616815201175156,0.8391376970456206,0.1580805378372149,0.038599274295005696,0.5543824401381091,0.7733496885548248,1.2136125838225973,-0.018773732389703136,0.835820895522388,0.4014336917562724,1.6072326539346278,0.7723880597014925,0.7419354838709677,1.4852551757342318,0.7161016949152542,0.9086021505376344,1.377019925885426,515,0.47996272134203166,0.8608385181349961,1.7935528737065065,0.8391376970456206,0.1580805378372149,0.03859927429500568,0.5543824401381091,0.7733496885548248,1.2136125838225973,0.018773732389703188,0.9514925373134329,0.49514563106796117,1.9824300825967254,0.7332089552238806,0.7631067961165049,1.5276372989421825,0.634180790960452,0.8718446601941747,1.3213125994185728,0.8391376970456206,fl_loco_FedProx,CIMAS BULAWAYO PHARMACY,11,FedProx
FedAvg-equal_CIMAS BULAWAYO PHARMACY_s11,1073,558,0.5200372786579683,0.8094399563311933,1.5565037153106995,0.8379093155165813,0.1593154307948065,0.04692738120905325,0.5486001931151177,0.7705867000730766,1.3270539503795096,-0.06021316236262518,0.8208955223880597,0.3942652329749104,1.5785320708286525,0.7761194029850746,0.7455197132616488,1.492430321510726,0.7175141242937854,0.910394265232975,1.3797359415183363,515,0.47996272134203166,0.8602090966380265,1.7922414770730144,0.8379093155165815,0.1593154307948065,0.046927381209053216,0.5486001931151177,0.7705867000730766,1.3270539503795098,0.0602131623626252,0.9440298507462687,0.4912621359223301,1.9668816113606724,0.7369402985074627,0.7669902912621359,1.5354115345602086,0.632768361581921,0.8699029126213592,1.3183698096648568,0.8379093155165813,fl_loco_FedAvg-equal,CIMAS BULAWAYO PHARMACY,11,FedAvg-equal
SCAFFOLD_CIMAS BULAWAYO PHARMACY_s11,1073,558,0.5200372786579683,0.8094493107626687,1.5565217033124434,0.8378884365104222,0.15928507134235134,0.04569196805845306,0.5486001931151177,0.7705867000730766,1.324978797767378,-0.06165015862613538,0.8208955223880597,0.3942652329749104,1.5785320708286525,0.7761194029850746,0.7455197132616488,1.492430321510726,0.7175141242937854,0.910394265232975,1.3797359415183363,515,0.47996272134203166,0.8601858733788554,1.792193091525266,0.837888436510422,0.15928507134235134,0.045691968058453034,0.5486001931151177,0.7705867000730766,1.324978797767378,0.06165015862613539,0.9440298507462687,0.4912621359223301,1.9668816113606724,0.7369402985074627,0.7669902912621359,1.5354115345602086,0.632768361581921,0.8699029126213592,1.3183698096648568,0.8378884365104222,fl_loco_SCAFFOLD,CIMAS BULAWAYO PHARMACY,11,SCAFFOLD
FedAdam_CIMAS BULAWAYO PHARMACY_s11,1073,558,0.5200372786579683,0.811785599468259,1.5610142441387846,0.8343494449664197,0.16166548246200224,0.040782635486638304,0.5444297017140353,0.7688694018164736,1.1499451130084313,-0.11210720979964947,0.835820895522388,0.4014336917562724,1.6072326539346278,0.7705223880597015,0.7401433691756273,1.4816676028459852,0.7146892655367232,0.9068100358422939,1.374303910252516,515,0.47996272134203166,0.8508132745839145,1.772665327434059,0.8343494449664196,0.16166548246200224,0.04078263548663831,0.5444297017140353,0.7688694018164736,1.1499451130084313,0.1121072097996495,0.914179104477612,0.47572815533980584,1.9046877264164614,0.7294776119402985,0.7592233009708738,1.5198630633241559,0.6299435028248588,0.8660194174757282,1.3124842301574242,0.8343494449664197,fl_loco_FedAdam,CIMAS BULAWAYO PHARMACY,11,FedAdam
FedAvg_CIMAS BULAWAYO PHARMACY_s19,1073,558,0.5200372786579683,0.8121558304867701,1.5617261758285024,0.8391411768799806,0.15806020604146537,0.037881554479084784,0.5543824401381091,0.7733496885548248,1.2126803867061413,-0.018973686284846268,0.835820895522388,0.4014336917562724,1.6072326539346278,0.7723880597014925,0.7419354838709677,1.4852551757342318,0.7161016949152542,0.9086021505376344,1.377019925885426,515,0.47996272134203166,0.8608415105567765,1.7935591084027596,0.8391411768799805,0.15806020604146537,0.037881554479084784,0.5543824401381091,0.7733496885548248,1.2126803867061413,0.018973686284846285,0.9477611940298507,0.49320388349514566,1.9746558469786988,0.7332089552238806,0.7631067961165049,1.5276372989421825,0.634180790960452,0.8718446601941747,1.3213125994185728,0.8391411768799806,fl_loco_FedAvg,CIMAS BULAWAYO PHARMACY,19,FedAvg
FedProx_CIMAS BULAWAYO PHARMACY_s19,1073,558,0.5200372786579683,0.8121326078523521,1.5616815201175156,0.8391376970456206,0.1580805378372149,0.038599274295005696,0.5543824401381091,0.7733496885548248,1.2136125838225973,-0.018773732389703136,0.835820895522388,0.4014336917562724,1.6072326539346278,0.7723880597014925,0.7419354838709677,1.4852551757342318,0.7161016949152542,0.9086021505376344,1.377019925885426,515,0.47996272134203166,0.8608385181349961,1.7935528737065065,0.8391376970456206,0.1580805378372149,0.03859927429500568,0.5543824401381091,0.7733496885548248,1.2136125838225973,0.018773732389703188,0.9514925373134329,0.49514563106796117,1.9824300825967254,0.7332089552238806,0.7631067961165049,1.5276372989421825,0.634180790960452,0.8718446601941747,1.3213125994185728,0.8391376970456206,fl_loco_FedProx,CIMAS BULAWAYO PHARMACY,19,FedProx
FedAvg-equal_CIMAS BULAWAYO PHARMACY_s19,1073,558,0.5200372786579683,0.8094399563311933,1.5565037153106995,0.8379093155165813,0.1593154307948065,0.04692738120905325,0.5486001931151177,0.7705867000730766,1.3270539503795096,-0.06021316236262518,0.8208955223880597,0.3942652329749104,1.5785320708286525,0.7761194029850746,0.7455197132616488,1.492430321510726,0.7175141242937854,0.910394265232975,1.3797359415183363,515,0.47996272134203166,0.8602090966380265,1.7922414770730144,0.8379093155165815,0.1593154307948065,0.046927381209053216,0.5486001931151177,0.7705867000730766,1.3270539503795098,0.0602131623626252,0.9440298507462687,0.4912621359223301,1.9668816113606724,0.7369402985074627,0.7669902912621359,1.5354115345602086,0.632768361581921,0.8699029126213592,1.3183698096648568,0.8379093155165813,fl_loco_FedAvg-equal,CIMAS BULAWAYO PHARMACY,19,FedAvg-equal
SCAFFOLD_CIMAS BULAWAYO PHARMACY_s19,1073,558,0.5200372786579683,0.8094493107626687,1.5565217033124434,0.8378884365104222,0.15928507134235134,0.04569196805845306,0.5486001931151177,0.7705867000730766,1.324978797767378,-0.06165015862613538,0.8208955223880597,0.3942652329749104,1.5785320708286525,0.7761194029850746,0.7455197132616488,1.492430321510726,0.7175141242937854,0.910394265232975,1.3797359415183363,515,0.47996272134203166,0.8601858733788554,1.792193091525266,0.837888436510422,0.15928507134235134,0.045691968058453034,0.5486001931151177,0.7705867000730766,1.324978797767378,0.06165015862613539,0.9440298507462687,0.4912621359223301,1.9668816113606724,0.7369402985074627,0.7669902912621359,1.5354115345602086,0.632768361581921,0.8699029126213592,1.3183698096648568,0.8378884365104222,fl_loco_SCAFFOLD,CIMAS BULAWAYO PHARMACY,19,SCAFFOLD
FedAdam_CIMAS BULAWAYO PHARMACY_s19,1073,558,0.5200372786579683,0.811785599468259,1.5610142441387846,0.8343494449664197,0.16166548246200224,0.040782635486638304,0.5444297017140353,0.7688694018164736,1.1499451130084313,-0.11210720979964947,0.835820895522388,0.4014336917562724,1.6072326539346278,0.7705223880597015,0.7401433691756273,1.4816676028459852,0.7146892655367232,0.9068100358422939,1.374303910252516,515,0.47996272134203166,0.8508132745839145,1.772665327434059,0.8343494449664196,0.16166548246200224,0.04078263548663831,0.5444297017140353,0.7688694018164736,1.1499451130084313,0.1121072097996495,0.914179104477612,0.47572815533980584,1.9046877264164614,0.7294776119402985,0.7592233009708738,1.5198630633241559,0.6299435028248588,0.8660194174757282,1.3124842301574242,0.8343494449664197,fl_loco_FedAdam,CIMAS BULAWAYO PHARMACY,19,FedAdam
FedAvg_CIMAS BULAWAYO PHARMACY_s23,1073,558,0.5200372786579683,0.8121558304867701,1.5617261758285024,0.8391411768799806,0.15806020604146537,0.037881554479084784,0.5543824401381091,0.7733496885548248,1.2126803867061413,-0.018973686284846268,0.835820895522388,0.4014336917562724,1.6072326539346278,0.7723880597014925,0.7419354838709677,1.4852551757342318,0.7161016949152542,0.9086021505376344,1.377019925885426,515,0.47996272134203166,0.8608415105567765,1.7935591084027596,0.8391411768799805,0.15806020604146537,0.037881554479084784,0.5543824401381091,0.7733496885548248,1.2126803867061413,0.018973686284846285,0.9477611940298507,0.49320388349514566,1.9746558469786988,0.7332089552238806,0.7631067961165049,1.5276372989421825,0.634180790960452,0.8718446601941747,1.3213125994185728,0.8391411768799806,fl_loco_FedAvg,CIMAS BULAWAYO PHARMACY,23,FedAvg
FedProx_CIMAS BULAWAYO PHARMACY_s23,1073,558,0.5200372786579683,0.8121326078523521,1.5616815201175156,0.8391376970456206,0.1580805378372149,0.038599274295005696,0.5543824401381091,0.7733496885548248,1.2136125838225973,-0.018773732389703136,0.835820895522388,0.4014336917562724,1.6072326539346278,0.7723880597014925,0.7419354838709677,1.4852551757342318,0.7161016949152542,0.9086021505376344,1.377019925885426,515,0.47996272134203166,0.8608385181349961,1.7935528737065065,0.8391376970456206,0.1580805378372149,0.03859927429500568,0.5543824401381091,0.7733496885548248,1.2136125838225973,0.018773732389703188,0.9514925373134329,0.49514563106796117,1.9824300825967254,0.7332089552238806,0.7631067961165049,1.5276372989421825,0.634180790960452,0.8718446601941747,1.3213125994185728,0.8391376970456206,fl_loco_FedProx,CIMAS BULAWAYO PHARMACY,23,FedProx
FedAvg-equal_CIMAS BULAWAYO PHARMACY_s23,1073,558,0.5200372786579683,0.8094399563311933,1.5565037153106995,0.8379093155165813,0.1593154307948065,0.04692738120905325,0.5486001931151177,0.7705867000730766,1.3270539503795096,-0.06021316236262518,0.8208955223880597,0.3942652329749104,1.5785320708286525,0.7761194029850746,0.7455197132616488,1.492430321510726,0.7175141242937854,0.910394265232975,1.3797359415183363,515,0.47996272134203166,0.8602090966380265,1.7922414770730144,0.8379093155165815,0.1593154307948065,0.046927381209053216,0.5486001931151177,0.7705867000730766,1.3270539503795098,0.0602131623626252,0.9440298507462687,0.4912621359223301,1.9668816113606724,0.7369402985074627,0.7669902912621359,1.5354115345602086,0.632768361581921,0.8699029126213592,1.3183698096648568,0.8379093155165813,fl_loco_FedAvg-equal,CIMAS BULAWAYO PHARMACY,23,FedAvg-equal
SCAFFOLD_CIMAS BULAWAYO PHARMACY_s23,1073,558,0.5200372786579683,0.8094493107626687,1.5565217033124434,0.8378884365104222,0.15928507134235134,0.04569196805845306,0.5486001931151177,0.7705867000730766,1.324978797767378,-0.06165015862613538,0.8208955223880597,0.3942652329749104,1.5785320708286525,0.7761194029850746,0.7455197132616488,1.492430321510726,0.7175141242937854,0.910394265232975,1.3797359415183363,515,0.47996272134203166,0.8601858733788554,1.792193091525266,0.837888436510422,0.15928507134235134,0.045691968058453034,0.5486001931151177,0.7705867000730766,1.324978797767378,0.06165015862613539,0.9440298507462687,0.4912621359223301,1.9668816113606724,0.7369402985074627,0.7669902912621359,1.5354115345602086,0.632768361581921,0.8699029126213592,1.3183698096648568,0.8378884365104222,fl_loco_SCAFFOLD,CIMAS BULAWAYO PHARMACY,23,SCAFFOLD
FedAdam_CIMAS BULAWAYO PHARMACY_s23,1073,558,0.5200372786579683,0.811785599468259,1.5610142441387846,0.8343494449664197,0.16166548246200224,0.040782635486638304,0.5444297017140353,0.7688694018164736,1.1499451130084313,-0.11210720979964947,0.835820895522388,0.4014336917562724,1.6072326539346278,0.7705223880597015,0.7401433691756273,1.4816676028459852,0.7146892655367232,0.9068100358422939,1.374303910252516,515,0.47996272134203166,0.8508132745839145,1.772665327434059,0.8343494449664196,0.16166548246200224,0.04078263548663831,0.5444297017140353,0.7688694018164736,1.1499451130084313,0.1121072097996495,0.914179104477612,0.47572815533980584,1.9046877264164614,0.7294776119402985,0.7592233009708738,1.5198630633241559,0.6299435028248588,0.8660194174757282,1.3124842301574242,0.8343494449664197,fl_loco_FedAdam,CIMAS BULAWAYO PHARMACY,23,FedAdam
FedAvg_CIMAS BULAWAYO PHARMACY_s37,1073,558,0.5200372786579683,0.8121558304867701,1.5617261758285024,0.8391411768799806,0.15806020604146537,0.037881554479084784,0.5543824401381091,0.7733496885548248,1.2126803867061413,-0.018973686284846268,0.835820895522388,0.4014336917562724,1.6072326539346278,0.7723880597014925,0.7419354838709677,1.4852551757342318,0.7161016949152542,0.9086021505376344,1.377019925885426,515,0.47996272134203166,0.8608415105567765,1.7935591084027596,0.8391411768799805,0.15806020604146537,0.037881554479084784,0.5543824401381091,0.7733496885548248,1.2126803867061413,0.018973686284846285,0.9477611940298507,0.49320388349514566,1.9746558469786988,0.7332089552238806,0.7631067961165049,1.5276372989421825,0.634180790960452,0.8718446601941747,1.3213125994185728,0.8391411768799806,fl_loco_FedAvg,CIMAS BULAWAYO PHARMACY,37,FedAvg
FedProx_CIMAS BULAWAYO PHARMACY_s37,1073,558,0.5200372786579683,0.8121326078523521,1.5616815201175156,0.8391376970456206,0.1580805378372149,0.038599274295005696,0.5543824401381091,0.7733496885548248,1.2136125838225973,-0.018773732389703136,0.835820895522388,0.4014336917562724,1.6072326539346278,0.7723880597014925,0.7419354838709677,1.4852551757342318,0.7161016949152542,0.9086021505376344,1.377019925885426,515,0.47996272134203166,0.8608385181349961,1.7935528737065065,0.8391376970456206,0.1580805378372149,0.03859927429500568,0.5543824401381091,0.7733496885548248,1.2136125838225973,0.018773732389703188,0.9514925373134329,0.49514563106796117,1.9824300825967254,0.7332089552238806,0.7631067961165049,1.5276372989421825,0.634180790960452,0.8718446601941747,1.3213125994185728,0.8391376970456206,fl_loco_FedProx,CIMAS BULAWAYO PHARMACY,37,FedProx
FedAvg-equal_CIMAS BULAWAYO PHARMACY_s37,1073,558,0.5200372786579683,0.8094399563311933,1.5565037153106995,0.8379093155165813,0.1593154307948065,0.04692738120905325,0.5486001931151177,0.7705867000730766,1.3270539503795096,-0.06021316236262518,0.8208955223880597,0.3942652329749104,1.5785320708286525,0.7761194029850746,0.7455197132616488,1.492430321510726,0.7175141242937854,0.910394265232975,1.3797359415183363,515,0.47996272134203166,0.8602090966380265,1.7922414770730144,0.8379093155165815,0.1593154307948065,0.046927381209053216,0.5486001931151177,0.7705867000730766,1.3270539503795098,0.0602131623626252,0.9440298507462687,0.4912621359223301,1.9668816113606724,0.7369402985074627,0.7669902912621359,1.5354115345602086,0.632768361581921,0.8699029126213592,1.3183698096648568,0.8379093155165813,fl_loco_FedAvg-equal,CIMAS BULAWAYO PHARMACY,37,FedAvg-equal
SCAFFOLD_CIMAS BULAWAYO PHARMACY_s37,1073,558,0.5200372786579683,0.8094493107626687,1.5565217033124434,0.8378884365104222,0.15928507134235134,0.04569196805845306,0.5486001931151177,0.7705867000730766,1.324978797767378,-0.06165015862613538,0.8208955223880597,0.3942652329749104,1.5785320708286525,0.7761194029850746,0.7455197132616488,1.492430321510726,0.7175141242937854,0.910394265232975,1.3797359415183363,515,0.47996272134203166,0.8601858733788554,1.792193091525266,0.837888436510422,0.15928507134235134,0.045691968058453034,0.5486001931151177,0.7705867000730766,1.324978797767378,0.06165015862613539,0.9440298507462687,0.4912621359223301,1.9668816113606724,0.7369402985074627,0.7669902912621359,1.5354115345602086,0.632768361581921,0.8699029126213592,1.3183698096648568,0.8378884365104222,fl_loco_SCAFFOLD,CIMAS BULAWAYO PHARMACY,37,SCAFFOLD
FedAdam_CIMAS BULAWAYO PHARMACY_s37,1073,558,0.5200372786579683,0.811785599468259,1.5610142441387846,0.8343494449664197,0.16166548246200224,0.040782635486638304,0.5444297017140353,0.7688694018164736,1.1499451130084313,-0.11210720979964947,0.835820895522388,0.4014336917562724,1.6072326539346278,0.7705223880597015,0.7401433691756273,1.4816676028459852,0.7146892655367232,0.9068100358422939,1.374303910252516,515,0.47996272134203166,0.8508132745839145,1.772665327434059,0.8343494449664196,0.16166548246200224,0.04078263548663831,0.5444297017140353,0.7688694018164736,1.1499451130084313,0.1121072097996495,0.914179104477612,0.47572815533980584,1.9046877264164614,0.7294776119402985,0.7592233009708738,1.5198630633241559,0.6299435028248588,0.8660194174757282,1.3124842301574242,0.8343494449664197,fl_loco_FedAdam,CIMAS BULAWAYO PHARMACY,37,FedAdam
FedAvg_CIMAS CLINIC -MASVINGO PHARMACY_s7,296,141,0.47635135135135137,0.695676154595037,1.4604265373058931,0.7531914893617021,0.2000432729458894,0.08325301262857827,0.40224284324615445,0.7010523907572638,0.8778619214078401,-0.04882186604114147,0.7027027027027027,0.36879432624113473,1.4751773049645391,0.6554054054054054,0.6879432624113475,1.3758865248226948,0.6307692307692307,0.8723404255319149,1.324168030551009,155,0.5236486486486487,0.7915700202173124,1.5116433934472544,0.7531914893617021,0.2000432729458894,0.08325301262857825,0.40224284324615445,0.7010523907572638,0.8778619214078401,0.04882186604114146,0.8243243243243243,0.3935483870967742,1.5741935483870968,0.7027027027027027,0.6709677419354839,1.3419354838709676,0.6410256410256411,0.8064516129032258,1.2241521918941274,0.7531914893617021,fl_loco_FedAvg,CIMAS CLINIC -MASVINGO PHARMACY,7,FedAvg
FedProx_CIMAS CLINIC -MASVINGO PHARMACY_s7,296,141,0.47635135135135137,0.6954197952644188,1.459888364526723,0.7530084648821779,0.20004362462788053,0.08317023082322407,0.40224284324615445,0.7010523907572638,0.8785789022218282,-0.0488024103345302,0.6891891891891891,0.3617021276595745,1.4468085106382977,0.6621621621621622,0.6950354609929078,1.3900709219858156,0.6307692307692307,0.8723404255319149,1.324168030551009,155,0.5236486486486487,0.7914682050218713,1.5114489592675735,0.753008464882178,0.20004362462788053,0.08317023082322399,0.40224284324615445,0.7010523907572638,0.8785789022218282,0.048802410334530144,0.8243243243243243,0.3935483870967742,1.5741935483870968,0.7094594594594594,0.6774193548387096,1.3548387096774193,0.6410256410256411,0.8064516129032258,1.2241521918941274,0.7530084648821779,fl_loco_FedProx,CIMAS CLINIC -MASVINGO PHARMACY,7,FedProx
FedAvg-equal_CIMAS CLINIC -MASVINGO PHARMACY_s7,296,141,0.47635135135135137,0.6879892106190957,1.4442894066897327,0.7511324639670556,0.19934045767785608,0.06194504366251439,0.42638286612668447,0.7123312743079386,0.9576753788249655,-0.07710758527066634,0.6891891891891891,0.3617021276595745,1.4468085106382977,0.668918918918919,0.7021276595744681,1.4042553191489362,0.6307692307692307,0.8723404255319149,1.324168030551009,155,0.5236486486486487,0.7924750854436765,1.5133717760730854,0.7511324639670556,0.19934045767785608,0.06194504366251447,0.42638286612668447,0.7123312743079386,0.9576753788249655,0.07710758527066641,0.8513513513513513,0.4064516129032258,1.625806451612903,0.7162162162162162,0.6838709677419355,1.367741935483871,0.6410256410256411,0.8064516129032258,1.2241521918941274,0.7511324639670556,fl_loco_FedAvg-equal,CIMAS CLINIC -MASVINGO PHARMACY,7,FedAvg-equal
SCAFFOLD_CIMAS CLINIC -MASVINGO PHARMACY_s7,296,141,0.47635135135135137,0.688128703020247,1.4445822418013694,0.7511324639670556,0.1993550015881511,0.06206593003146826,0.42638286612668447,0.7123312743079386,0.9562330468421194,-0.07808771933658294,0.6891891891891891,0.3617021276595745,1.4468085106382977,0.668918918918919,0.7021276595744681,1.4042553191489362,0.6307692307692307,0.8723404255319149,1.324168030551009,155,0.5236486486486487,0.7923935266462654,1.5132160250793196,0.7511324639670556,0.1993550015881511,0.06206593003146823,0.42638286612668447,0.7123312743079386,0.9562330468421194,0.07808771933658291,0.8513513513513513,0.4064516129032258,1.625806451612903,0.7162162162162162,0.6838709677419355,1.367741935483871,0.6410256410256411,0.8064516129032258,1.2241521918941274,0.7511324639670556,fl_loco_SCAFFOLD,CIMAS CLINIC -MASVINGO PHARMACY,7,SCAFFOLD
FedAdam_CIMAS CLINIC -MASVINGO PHARMACY_s7,296,141,0.47635135135135137,0.6768524905579936,1.4209101929444403,0.7431708991077557,0.2051814584891059,0.06682034472511979,0.3719881550509389,0.6852436513383665,0.8141084338300051,-0.10667770662504178,0.6756756756756757,0.3546099290780142,1.4184397163120566,0.6756756756756757,0.7092198581560284,1.4184397163120566,0.6205128205128205,0.8581560283687943,1.302636843062375,155,0.5236486486486487,0.788525508935494,1.505829358999395,0.7431708991077556,0.2051814584891059,0.06682034472511976,0.3719881550509389,0.6852436513383665,0.8141084338300051,0.1066777066250418,0.8378378378378378,0.4,1.5999999999999999,0.722972972972973,0.6903225806451613,1.3806451612903226,0.6256410256410256,0.7870967741935484,1.1947725392886683,0.7431708991077557,fl_loco_FedAdam,CIMAS CLINIC -MASVINGO PHARMACY,7,FedAdam
FedAvg_CIMAS CLINIC -MASVINGO PHARMACY_s11,296,141,0.47635135135135137,0.695676154595037,1.4604265373058931,0.7531914893617021,0.2000432729458894,0.08325301262857827,0.40224284324615445,0.7010523907572638,0.8778619214078401,-0.04882186604114147,0.7027027027027027,0.36879432624113473,1.4751773049645391,0.6554054054054054,0.6879432624113475,1.3758865248226948,0.6307692307692307,0.8723404255319149,1.324168030551009,155,0.5236486486486487,0.7915700202173124,1.5116433934472544,0.7531914893617021,0.2000432729458894,0.08325301262857825,0.40224284324615445,0.7010523907572638,0.8778619214078401,0.04882186604114146,0.8243243243243243,0.3935483870967742,1.5741935483870968,0.7027027027027027,0.6709677419354839,1.3419354838709676,0.6410256410256411,0.8064516129032258,1.2241521918941274,0.7531914893617021,fl_loco_FedAvg,CIMAS CLINIC -MASVINGO PHARMACY,11,FedAvg
FedProx_CIMAS CLINIC -MASVINGO PHARMACY_s11,296,141,0.47635135135135137,0.6954197952644188,1.459888364526723,0.7530084648821779,0.20004362462788053,0.08317023082322407,0.40224284324615445,0.7010523907572638,0.8785789022218282,-0.0488024103345302,0.6891891891891891,0.3617021276595745,1.4468085106382977,0.6621621621621622,0.6950354609929078,1.3900709219858156,0.6307692307692307,0.8723404255319149,1.324168030551009,155,0.5236486486486487,0.7914682050218713,1.5114489592675735,0.753008464882178,0.20004362462788053,0.08317023082322399,0.40224284324615445,0.7010523907572638,0.8785789022218282,0.048802410334530144,0.8243243243243243,0.3935483870967742,1.5741935483870968,0.7094594594594594,0.6774193548387096,1.3548387096774193,0.6410256410256411,0.8064516129032258,1.2241521918941274,0.7530084648821779,fl_loco_FedProx,CIMAS CLINIC -MASVINGO PHARMACY,11,FedProx
FedAvg-equal_CIMAS CLINIC -MASVINGO PHARMACY_s11,296,141,0.47635135135135137,0.6879892106190957,1.4442894066897327,0.7511324639670556,0.19934045767785608,0.06194504366251439,0.42638286612668447,0.7123312743079386,0.9576753788249655,-0.07710758527066634,0.6891891891891891,0.3617021276595745,1.4468085106382977,0.668918918918919,0.7021276595744681,1.4042553191489362,0.6307692307692307,0.8723404255319149,1.324168030551009,155,0.5236486486486487,0.7924750854436765,1.5133717760730854,0.7511324639670556,0.19934045767785608,0.06194504366251447,0.42638286612668447,0.7123312743079386,0.9576753788249655,0.07710758527066641,0.8513513513513513,0.4064516129032258,1.625806451612903,0.7162162162162162,0.6838709677419355,1.367741935483871,0.6410256410256411,0.8064516129032258,1.2241521918941274,0.7511324639670556,fl_loco_FedAvg-equal,CIMAS CLINIC -MASVINGO PHARMACY,11,FedAvg-equal
SCAFFOLD_CIMAS CLINIC -MASVINGO PHARMACY_s11,296,141,0.47635135135135137,0.688128703020247,1.4445822418013694,0.7511324639670556,0.1993550015881511,0.06206593003146826,0.42638286612668447,0.7123312743079386,0.9562330468421194,-0.07808771933658294,0.6891891891891891,0.3617021276595745,1.4468085106382977,0.668918918918919,0.7021276595744681,1.4042553191489362,0.6307692307692307,0.8723404255319149,1.324168030551009,155,0.5236486486486487,0.7923935266462654,1.5132160250793196,0.7511324639670556,0.1993550015881511,0.06206593003146823,0.42638286612668447,0.7123312743079386,0.9562330468421194,0.07808771933658291,0.8513513513513513,0.4064516129032258,1.625806451612903,0.7162162162162162,0.6838709677419355,1.367741935483871,0.6410256410256411,0.8064516129032258,1.2241521918941274,0.7511324639670556,fl_loco_SCAFFOLD,CIMAS CLINIC -MASVINGO PHARMACY,11,SCAFFOLD
FedAdam_CIMAS CLINIC -MASVINGO PHARMACY_s11,296,141,0.47635135135135137,0.6768524905579936,1.4209101929444403,0.7431708991077557,0.2051814584891059,0.06682034472511979,0.3719881550509389,0.6852436513383665,0.8141084338300051,-0.10667770662504178,0.6756756756756757,0.3546099290780142,1.4184397163120566,0.6756756756756757,0.7092198581560284,1.4184397163120566,0.6205128205128205,0.8581560283687943,1.302636843062375,155,0.5236486486486487,0.788525508935494,1.505829358999395,0.7431708991077556,0.2051814584891059,0.06682034472511976,0.3719881550509389,0.6852436513383665,0.8141084338300051,0.1066777066250418,0.8378378378378378,0.4,1.5999999999999999,0.722972972972973,0.6903225806451613,1.3806451612903226,0.6256410256410256,0.7870967741935484,1.1947725392886683,0.7431708991077557,fl_loco_FedAdam,CIMAS CLINIC -MASVINGO PHARMACY,11,FedAdam
FedAvg_CIMAS CLINIC -MASVINGO PHARMACY_s19,296,141,0.47635135135135137,0.695676154595037,1.4604265373058931,0.7531914893617021,0.2000432729458894,0.08325301262857827,0.40224284324615445,0.7010523907572638,0.8778619214078401,-0.04882186604114147,0.7027027027027027,0.36879432624113473,1.4751773049645391,0.6554054054054054,0.6879432624113475,1.3758865248226948,0.6307692307692307,0.8723404255319149,1.324168030551009,155,0.5236486486486487,0.7915700202173124,1.5116433934472544,0.7531914893617021,0.2000432729458894,0.08325301262857825,0.40224284324615445,0.7010523907572638,0.8778619214078401,0.04882186604114146,0.8243243243243243,0.3935483870967742,1.5741935483870968,0.7027027027027027,0.6709677419354839,1.3419354838709676,0.6410256410256411,0.8064516129032258,1.2241521918941274,0.7531914893617021,fl_loco_FedAvg,CIMAS CLINIC -MASVINGO PHARMACY,19,FedAvg
FedProx_CIMAS CLINIC -MASVINGO PHARMACY_s19,296,141,0.47635135135135137,0.6954197952644188,1.459888364526723,0.7530084648821779,0.20004362462788053,0.08317023082322407,0.40224284324615445,0.7010523907572638,0.8785789022218282,-0.0488024103345302,0.6891891891891891,0.3617021276595745,1.4468085106382977,0.6621621621621622,0.6950354609929078,1.3900709219858156,0.6307692307692307,0.8723404255319149,1.324168030551009,155,0.5236486486486487,0.7914682050218713,1.5114489592675735,0.753008464882178,0.20004362462788053,0.08317023082322399,0.40224284324615445,0.7010523907572638,0.8785789022218282,0.048802410334530144,0.8243243243243243,0.3935483870967742,1.5741935483870968,0.7094594594594594,0.6774193548387096,1.3548387096774193,0.6410256410256411,0.8064516129032258,1.2241521918941274,0.7530084648821779,fl_loco_FedProx,CIMAS CLINIC -MASVINGO PHARMACY,19,FedProx
FedAvg-equal_CIMAS CLINIC -MASVINGO PHARMACY_s19,296,141,0.47635135135135137,0.6879892106190957,1.4442894066897327,0.7511324639670556,0.19934045767785608,0.06194504366251439,0.42638286612668447,0.7123312743079386,0.9576753788249655,-0.07710758527066634,0.6891891891891891,0.3617021276595745,1.4468085106382977,0.668918918918919,0.7021276595744681,1.4042553191489362,0.6307692307692307,0.8723404255319149,1.324168030551009,155,0.5236486486486487,0.7924750854436765,1.5133717760730854,0.7511324639670556,0.19934045767785608,0.06194504366251447,0.42638286612668447,0.7123312743079386,0.9576753788249655,0.07710758527066641,0.8513513513513513,0.4064516129032258,1.625806451612903,0.7162162162162162,0.6838709677419355,1.367741935483871,0.6410256410256411,0.8064516129032258,1.2241521918941274,0.7511324639670556,fl_loco_FedAvg-equal,CIMAS CLINIC -MASVINGO PHARMACY,19,FedAvg-equal
SCAFFOLD_CIMAS CLINIC -MASVINGO PHARMACY_s19,296,141,0.47635135135135137,0.688128703020247,1.4445822418013694,0.7511324639670556,0.1993550015881511,0.06206593003146826,0.42638286612668447,0.7123312743079386,0.9562330468421194,-0.07808771933658294,0.6891891891891891,0.3617021276595745,1.4468085106382977,0.668918918918919,0.7021276595744681,1.4042553191489362,0.6307692307692307,0.8723404255319149,1.324168030551009,155,0.5236486486486487,0.7923935266462654,1.5132160250793196,0.7511324639670556,0.1993550015881511,0.06206593003146823,0.42638286612668447,0.7123312743079386,0.9562330468421194,0.07808771933658291,0.8513513513513513,0.4064516129032258,1.625806451612903,0.7162162162162162,0.6838709677419355,1.367741935483871,0.6410256410256411,0.8064516129032258,1.2241521918941274,0.7511324639670556,fl_loco_SCAFFOLD,CIMAS CLINIC -MASVINGO PHARMACY,19,SCAFFOLD
FedAdam_CIMAS CLINIC -MASVINGO PHARMACY_s19,296,141,0.47635135135135137,0.6768524905579936,1.4209101929444403,0.7431708991077557,0.2051814584891059,0.06682034472511979,0.3719881550509389,0.6852436513383665,0.8141084338300051,-0.10667770662504178,0.6756756756756757,0.3546099290780142,1.4184397163120566,0.6756756756756757,0.7092198581560284,1.4184397163120566,0.6205128205128205,0.8581560283687943,1.302636843062375,155,0.5236486486486487,0.788525508935494,1.505829358999395,0.7431708991077556,0.2051814584891059,0.06682034472511976,0.3719881550509389,0.6852436513383665,0.8141084338300051,0.1066777066250418,0.8378378378378378,0.4,1.5999999999999999,0.722972972972973,0.6903225806451613,1.3806451612903226,0.6256410256410256,0.7870967741935484,1.1947725392886683,0.7431708991077557,fl_loco_FedAdam,CIMAS CLINIC -MASVINGO PHARMACY,19,FedAdam
FedAvg_CIMAS CLINIC -MASVINGO PHARMACY_s23,296,141,0.47635135135135137,0.695676154595037,1.4604265373058931,0.7531914893617021,0.2000432729458894,0.08325301262857827,0.40224284324615445,0.7010523907572638,0.8778619214078401,-0.04882186604114147,0.7027027027027027,0.36879432624113473,1.4751773049645391,0.6554054054054054,0.6879432624113475,1.3758865248226948,0.6307692307692307,0.8723404255319149,1.324168030551009,155,0.5236486486486487,0.7915700202173124,1.5116433934472544,0.7531914893617021,0.2000432729458894,0.08325301262857825,0.40224284324615445,0.7010523907572638,0.8778619214078401,0.04882186604114146,0.8243243243243243,0.3935483870967742,1.5741935483870968,0.7027027027027027,0.6709677419354839,1.3419354838709676,0.6410256410256411,0.8064516129032258,1.2241521918941274,0.7531914893617021,fl_loco_FedAvg,CIMAS CLINIC -MASVINGO PHARMACY,23,FedAvg
FedProx_CIMAS CLINIC -MASVINGO PHARMACY_s23,296,141,0.47635135135135137,0.6954197952644188,1.459888364526723,0.7530084648821779,0.20004362462788053,0.08317023082322407,0.40224284324615445,0.7010523907572638,0.8785789022218282,-0.0488024103345302,0.6891891891891891,0.3617021276595745,1.4468085106382977,0.6621621621621622,0.6950354609929078,1.3900709219858156,0.6307692307692307,0.8723404255319149,1.324168030551009,155,0.5236486486486487,0.7914682050218713,1.5114489592675735,0.753008464882178,0.20004362462788053,0.08317023082322399,0.40224284324615445,0.7010523907572638,0.8785789022218282,0.048802410334530144,0.8243243243243243,0.3935483870967742,1.5741935483870968,0.7094594594594594,0.6774193548387096,1.3548387096774193,0.6410256410256411,0.8064516129032258,1.2241521918941274,0.7530084648821779,fl_loco_FedProx,CIMAS CLINIC -MASVINGO PHARMACY,23,FedProx
FedAvg-equal_CIMAS CLINIC -MASVINGO PHARMACY_s23,296,141,0.47635135135135137,0.6879892106190957,1.4442894066897327,0.7511324639670556,0.19934045767785608,0.06194504366251439,0.42638286612668447,0.7123312743079386,0.9576753788249655,-0.07710758527066634,0.6891891891891891,0.3617021276595745,1.4468085106382977,0.668918918918919,0.7021276595744681,1.4042553191489362,0.6307692307692307,0.8723404255319149,1.324168030551009,155,0.5236486486486487,0.7924750854436765,1.5133717760730854,0.7511324639670556,0.19934045767785608,0.06194504366251447,0.42638286612668447,0.7123312743079386,0.9576753788249655,0.07710758527066641,0.8513513513513513,0.4064516129032258,1.625806451612903,0.7162162162162162,0.6838709677419355,1.367741935483871,0.6410256410256411,0.8064516129032258,1.2241521918941274,0.7511324639670556,fl_loco_FedAvg-equal,CIMAS CLINIC -MASVINGO PHARMACY,23,FedAvg-equal
SCAFFOLD_CIMAS CLINIC -MASVINGO PHARMACY_s23,296,141,0.47635135135135137,0.688128703020247,1.4445822418013694,0.7511324639670556,0.1993550015881511,0.06206593003146826,0.42638286612668447,0.7123312743079386,0.9562330468421194,-0.07808771933658294,0.6891891891891891,0.3617021276595745,1.4468085106382977,0.668918918918919,0.7021276595744681,1.4042553191489362,0.6307692307692307,0.8723404255319149,1.324168030551009,155,0.5236486486486487,0.7923935266462654,1.5132160250793196,0.7511324639670556,0.1993550015881511,0.06206593003146823,0.42638286612668447,0.7123312743079386,0.9562330468421194,0.07808771933658291,0.8513513513513513,0.4064516129032258,1.625806451612903,0.7162162162162162,0.6838709677419355,1.367741935483871,0.6410256410256411,0.8064516129032258,1.2241521918941274,0.7511324639670556,fl_loco_SCAFFOLD,CIMAS CLINIC -MASVINGO PHARMACY,23,SCAFFOLD
FedAdam_CIMAS CLINIC -MASVINGO PHARMACY_s23,296,141,0.47635135135135137,0.6768524905579936,1.4209101929444403,0.7431708991077557,0.2051814584891059,0.06682034472511979,0.3719881550509389,0.6852436513383665,0.8141084338300051,-0.10667770662504178,0.6756756756756757,0.3546099290780142,1.4184397163120566,0.6756756756756757,0.7092198581560284,1.4184397163120566,0.6205128205128205,0.8581560283687943,1.302636843062375,155,0.5236486486486487,0.788525508935494,1.505829358999395,0.7431708991077556,0.2051814584891059,0.06682034472511976,0.3719881550509389,0.6852436513383665,0.8141084338300051,0.1066777066250418,0.8378378378378378,0.4,1.5999999999999999,0.722972972972973,0.6903225806451613,1.3806451612903226,0.6256410256410256,0.7870967741935484,1.1947725392886683,0.7431708991077557,fl_loco_FedAdam,CIMAS CLINIC -MASVINGO PHARMACY,23,FedAdam
FedAvg_CIMAS CLINIC -MASVINGO PHARMACY_s37,296,141,0.47635135135135137,0.695676154595037,1.4604265373058931,0.7531914893617021,0.2000432729458894,0.08325301262857827,0.40224284324615445,0.7010523907572638,0.8778619214078401,-0.04882186604114147,0.7027027027027027,0.36879432624113473,1.4751773049645391,0.6554054054054054,0.6879432624113475,1.3758865248226948,0.6307692307692307,0.8723404255319149,1.324168030551009,155,0.5236486486486487,0.7915700202173124,1.5116433934472544,0.7531914893617021,0.2000432729458894,0.08325301262857825,0.40224284324615445,0.7010523907572638,0.8778619214078401,0.04882186604114146,0.8243243243243243,0.3935483870967742,1.5741935483870968,0.7027027027027027,0.6709677419354839,1.3419354838709676,0.6410256410256411,0.8064516129032258,1.2241521918941274,0.7531914893617021,fl_loco_FedAvg,CIMAS CLINIC -MASVINGO PHARMACY,37,FedAvg
FedProx_CIMAS CLINIC -MASVINGO PHARMACY_s37,296,141,0.47635135135135137,0.6954197952644188,1.459888364526723,0.7530084648821779,0.20004362462788053,0.08317023082322407,0.40224284324615445,0.7010523907572638,0.8785789022218282,-0.0488024103345302,0.6891891891891891,0.3617021276595745,1.4468085106382977,0.6621621621621622,0.6950354609929078,1.3900709219858156,0.6307692307692307,0.8723404255319149,1.324168030551009,155,0.5236486486486487,0.7914682050218713,1.5114489592675735,0.753008464882178,0.20004362462788053,0.08317023082322399,0.40224284324615445,0.7010523907572638,0.8785789022218282,0.048802410334530144,0.8243243243243243,0.3935483870967742,1.5741935483870968,0.7094594594594594,0.6774193548387096,1.3548387096774193,0.6410256410256411,0.8064516129032258,1.2241521918941274,0.7530084648821779,fl_loco_FedProx,CIMAS CLINIC -MASVINGO PHARMACY,37,FedProx
FedAvg-equal_CIMAS CLINIC -MASVINGO PHARMACY_s37,296,141,0.47635135135135137,0.6879892106190957,1.4442894066897327,0.7511324639670556,0.19934045767785608,0.06194504366251439,0.42638286612668447,0.7123312743079386,0.9576753788249655,-0.07710758527066634,0.6891891891891891,0.3617021276595745,1.4468085106382977,0.668918918918919,0.7021276595744681,1.4042553191489362,0.6307692307692307,0.8723404255319149,1.324168030551009,155,0.5236486486486487,0.7924750854436765,1.5133717760730854,0.7511324639670556,0.19934045767785608,0.06194504366251447,0.42638286612668447,0.7123312743079386,0.9576753788249655,0.07710758527066641,0.8513513513513513,0.4064516129032258,1.625806451612903,0.7162162162162162,0.6838709677419355,1.367741935483871,0.6410256410256411,0.8064516129032258,1.2241521918941274,0.7511324639670556,fl_loco_FedAvg-equal,CIMAS CLINIC -MASVINGO PHARMACY,37,FedAvg-equal
SCAFFOLD_CIMAS CLINIC -MASVINGO PHARMACY_s37,296,141,0.47635135135135137,0.688128703020247,1.4445822418013694,0.7511324639670556,0.1993550015881511,0.06206593003146826,0.42638286612668447,0.7123312743079386,0.9562330468421194,-0.07808771933658294,0.6891891891891891,0.3617021276595745,1.4468085106382977,0.668918918918919,0.7021276595744681,1.4042553191489362,0.6307692307692307,0.8723404255319149,1.324168030551009,155,0.5236486486486487,0.7923935266462654,1.5132160250793196,0.7511324639670556,0.1993550015881511,0.06206593003146823,0.42638286612668447,0.7123312743079386,0.9562330468421194,0.07808771933658291,0.8513513513513513,0.4064516129032258,1.625806451612903,0.7162162162162162,0.6838709677419355,1.367741935483871,0.6410256410256411,0.8064516129032258,1.2241521918941274,0.7511324639670556,fl_loco_SCAFFOLD,CIMAS CLINIC -MASVINGO PHARMACY,37,SCAFFOLD
FedAdam_CIMAS CLINIC -MASVINGO PHARMACY_s37,296,141,0.47635135135135137,0.6768524905579936,1.4209101929444403,0.7431708991077557,0.2051814584891059,0.06682034472511979,0.3719881550509389,0.6852436513383665,0.8141084338300051,-0.10667770662504178,0.6756756756756757,0.3546099290780142,1.4184397163120566,0.6756756756756757,0.7092198581560284,1.4184397163120566,0.6205128205128205,0.8581560283687943,1.302636843062375,155,0.5236486486486487,0.788525508935494,1.505829358999395,0.7431708991077556,0.2051814584891059,0.06682034472511976,0.3719881550509389,0.6852436513383665,0.8141084338300051,0.1066777066250418,0.8378378378378378,0.4,1.5999999999999999,0.722972972972973,0.6903225806451613,1.3806451612903226,0.6256410256410256,0.7870967741935484,1.1947725392886683,0.7431708991077557,fl_loco_FedAdam,CIMAS CLINIC -MASVINGO PHARMACY,37,FedAdam
FedAvg_CIMAS FIFE AVENUE PHARMACY_s7,484,206,0.4256198347107438,0.6755597796225236,1.587237540472337,0.7830551093106098,0.18809719373226935,0.06884999422799162,0.42794565294743286,0.7118984424111197,1.0124106545102267,-0.32614070810072177,0.6942148760330579,0.4077669902912621,1.6310679611650485,0.6239669421487604,0.7330097087378641,1.4660194174757282,0.5799373040752351,0.8980582524271845,1.3625711416136592,278,0.5743801652892562,0.8589836890015865,1.495496782290532,0.7830551093106097,0.18809719373226935,0.06884999422799158,0.42794565294743286,0.7118984424111197,1.0124106545102267,0.32614070810072177,0.9752066115702479,0.4244604316546763,1.6978417266187051,0.7727272727272727,0.6726618705035972,1.3453237410071943,0.6927899686520376,0.7949640287769785,1.2061523195236914,0.7830551093106098,fl_loco_FedAvg,CIMAS FIFE AVENUE PHARMACY,7,FedAvg
FedProx_CIMAS FIFE AVENUE PHARMACY_s7,484,206,0.4256198347107438,0.6753776030371668,1.586809513931984,0.782967800516868,0.1881133604461742,0.0701525212769207,0.42794565294743286,0.7118984424111197,1.012880269045316,-0.32668433625503374,0.6942148760330579,0.4077669902912621,1.6310679611650485,0.6239669421487604,0.7330097087378641,1.4660194174757282,0.5799373040752351,0.8980582524271845,1.3625711416136592,278,0.5743801652892562,0.8589767540765427,1.4954847085361391,0.782967800516868,0.1881133604461742,0.0701525212769207,0.42794565294743286,0.7118984424111197,1.012880269045316,0.32668433625503374,0.9752066115702479,0.4244604316546763,1.6978417266187051,0.7727272727272727,0.6726618705035972,1.3453237410071943,0.6927899686520376,0.7949640287769785,1.2061523195236914,0.782967800516868,fl_loco_FedProx,CIMAS FIFE AVENUE PHARMACY,7,FedProx
FedAvg-equal_CIMAS FIFE AVENUE PHARMACY_s7,484,206,0.4256198347107438,0.6724065131881395,1.5798288950633956,0.785674373122861,0.18840605808202487,0.0871247152531562,0.4449298515333061,0.7186386812879793,1.1025082475960395,-0.4121470571131314,0.7024793388429752,0.41262135922330095,1.6504854368932038,0.6239669421487604,0.7330097087378641,1.4660194174757282,0.5830721003134797,0.9029126213592233,1.369936391027787,278,0.5743801652892562,0.861286375549403,1.4995057761363708,0.785674373122861,0.18840605808202487,0.08712471525315617,0.4449298515333061,0.7186386812879793,1.1025082475960395,0.4121470571131314,0.9752066115702479,0.4244604316546763,1.6978417266187051,0.7727272727272727,0.6726618705035972,1.3453237410071943,0.6990595611285266,0.802158273381295,1.2170677251302406,0.785674373122861,fl_loco_FedAvg-equal,CIMAS FIFE AVENUE PHARMACY,7,FedAvg-equal
SCAFFOLD_CIMAS FIFE AVENUE PHARMACY_s7,484,206,0.4256198347107438,0.6723130031039246,1.5796091917587354,0.7857442201578542,0.18845504896029766,0.08737274362266556,0.4449298515333061,0.7186386812879793,1.1004237310366314,-0.41343397305682267,0.7024793388429752,0.41262135922330095,1.6504854368932038,0.6239669421487604,0.7330097087378641,1.4660194174757282,0.5830721003134797,0.9029126213592233,1.369936391027787,278,0.5743801652892562,0.8613381695645123,1.4995959498892948,0.7857442201578543,0.18845504896029766,0.08737274362266564,0.4449298515333061,0.7186386812879793,1.1004237310366314,0.41343397305682267,0.9752066115702479,0.4244604316546763,1.6978417266187051,0.7727272727272727,0.6726618705035972,1.3453237410071943,0.6990595611285266,0.802158273381295,1.2170677251302406,0.7857442201578542,fl_loco_SCAFFOLD,CIMAS FIFE AVENUE PHARMACY,7,SCAFFOLD
FedAdam_CIMAS FIFE AVENUE PHARMACY_s7,484,206,0.4256198347107438,0.6796107137365966,1.5967552691675377,0.7795278340434448,0.19284417790369482,0.09786583547466453,0.4245124993742702,0.708388628902703,0.946151098850797,-0.42102986278076,0.6859504132231405,0.4029126213592233,1.6116504854368932,0.6239669421487604,0.7330097087378641,1.4660194174757282,0.5799373040752351,0.8980582524271845,1.3625711416136592,278,0.5743801652892562,0.8531477020424005,1.4853362870090716,0.7795278340434448,0.19284417790369482,0.09786583547466458,0.4245124993742702,0.708388628902703,0.9461510988507968,0.4210298627807599,0.9421487603305785,0.41007194244604317,1.6402877697841727,0.7727272727272727,0.6726618705035972,1.3453237410071943,0.6927899686520376,0.7949640287769785,1.2061523195236914,0.7795278340434448,fl_loco_FedAdam,CIMAS FIFE AVENUE PHARMACY,7,FedAdam
FedAvg_CIMAS FIFE AVENUE PHARMACY_s11,484,206,0.4256198347107438,0.6755597796225236,1.587237540472337,0.7830551093106098,0.18809719373226935,0.06884999422799162,0.42794565294743286,0.7118984424111197,1.0124106545102267,-0.32614070810072177,0.6942148760330579,0.4077669902912621,1.6310679611650485,0.6239669421487604,0.7330097087378641,1.4660194174757282,0.5799373040752351,0.8980582524271845,1.3625711416136592,278,0.5743801652892562,0.8589836890015865,1.495496782290532,0.7830551093106097,0.18809719373226935,0.06884999422799158,0.42794565294743286,0.7118984424111197,1.0124106545102267,0.32614070810072177,0.9752066115702479,0.4244604316546763,1.6978417266187051,0.7727272727272727,0.6726618705035972,1.3453237410071943,0.6927899686520376,0.7949640287769785,1.2061523195236914,0.7830551093106098,fl_loco_FedAvg,CIMAS FIFE AVENUE PHARMACY,11,FedAvg
FedProx_CIMAS FIFE AVENUE PHARMACY_s11,484,206,0.4256198347107438,0.6753776030371668,1.586809513931984,0.782967800516868,0.1881133604461742,0.0701525212769207,0.42794565294743286,0.7118984424111197,1.012880269045316,-0.32668433625503374,0.6942148760330579,0.4077669902912621,1.6310679611650485,0.6239669421487604,0.7330097087378641,1.4660194174757282,0.5799373040752351,0.8980582524271845,1.3625711416136592,278,0.5743801652892562,0.8589767540765427,1.4954847085361391,0.782967800516868,0.1881133604461742,0.0701525212769207,0.42794565294743286,0.7118984424111197,1.012880269045316,0.32668433625503374,0.9752066115702479,0.4244604316546763,1.6978417266187051,0.7727272727272727,0.6726618705035972,1.3453237410071943,0.6927899686520376,0.7949640287769785,1.2061523195236914,0.782967800516868,fl_loco_FedProx,CIMAS FIFE AVENUE PHARMACY,11,FedProx
FedAvg-equal_CIMAS FIFE AVENUE PHARMACY_s11,484,206,0.4256198347107438,0.6724065131881395,1.5798288950633956,0.785674373122861,0.18840605808202487,0.0871247152531562,0.4449298515333061,0.7186386812879793,1.1025082475960395,-0.4121470571131314,0.7024793388429752,0.41262135922330095,1.6504854368932038,0.6239669421487604,0.7330097087378641,1.4660194174757282,0.5830721003134797,0.9029126213592233,1.369936391027787,278,0.5743801652892562,0.861286375549403,1.4995057761363708,0.785674373122861,0.18840605808202487,0.08712471525315617,0.4449298515333061,0.7186386812879793,1.1025082475960395,0.4121470571131314,0.9752066115702479,0.4244604316546763,1.6978417266187051,0.7727272727272727,0.6726618705035972,1.3453237410071943,0.6990595611285266,0.802158273381295,1.2170677251302406,0.785674373122861,fl_loco_FedAvg-equal,CIMAS FIFE AVENUE PHARMACY,11,FedAvg-equal
SCAFFOLD_CIMAS FIFE AVENUE PHARMACY_s11,484,206,0.4256198347107438,0.6723130031039246,1.5796091917587354,0.7857442201578542,0.18845504896029766,0.08737274362266556,0.4449298515333061,0.7186386812879793,1.1004237310366314,-0.41343397305682267,0.7024793388429752,0.41262135922330095,1.6504854368932038,0.6239669421487604,0.7330097087378641,1.4660194174757282,0.5830721003134797,0.9029126213592233,1.369936391027787,278,0.5743801652892562,0.8613381695645123,1.4995959498892948,0.7857442201578543,0.18845504896029766,0.08737274362266564,0.4449298515333061,0.7186386812879793,1.1004237310366314,0.41343397305682267,0.9752066115702479,0.4244604316546763,1.6978417266187051,0.7727272727272727,0.6726618705035972,1.3453237410071943,0.6990595611285266,0.802158273381295,1.2170677251302406,0.7857442201578542,fl_loco_SCAFFOLD,CIMAS FIFE AVENUE PHARMACY,11,SCAFFOLD
FedAdam_CIMAS FIFE AVENUE PHARMACY_s11,484,206,0.4256198347107438,0.6796107137365966,1.5967552691675377,0.7795278340434448,0.19284417790369482,0.09786583547466453,0.4245124993742702,0.708388628902703,0.946151098850797,-0.42102986278076,0.6859504132231405,0.4029126213592233,1.6116504854368932,0.6239669421487604,0.7330097087378641,1.4660194174757282,0.5799373040752351,0.8980582524271845,1.3625711416136592,278,0.5743801652892562,0.8531477020424005,1.4853362870090716,0.7795278340434448,0.19284417790369482,0.09786583547466458,0.4245124993742702,0.708388628902703,0.9461510988507968,0.4210298627807599,0.9421487603305785,0.41007194244604317,1.6402877697841727,0.7727272727272727,0.6726618705035972,1.3453237410071943,0.6927899686520376,0.7949640287769785,1.2061523195236914,0.7795278340434448,fl_loco_FedAdam,CIMAS FIFE AVENUE PHARMACY,11,FedAdam
FedAvg_CIMAS FIFE AVENUE PHARMACY_s19,484,206,0.4256198347107438,0.6755597796225236,1.587237540472337,0.7830551093106098,0.18809719373226935,0.06884999422799162,0.42794565294743286,0.7118984424111197,1.0124106545102267,-0.32614070810072177,0.6942148760330579,0.4077669902912621,1.6310679611650485,0.6239669421487604,0.7330097087378641,1.4660194174757282,0.5799373040752351,0.8980582524271845,1.3625711416136592,278,0.5743801652892562,0.8589836890015865,1.495496782290532,0.7830551093106097,0.18809719373226935,0.06884999422799158,0.42794565294743286,0.7118984424111197,1.0124106545102267,0.32614070810072177,0.9752066115702479,0.4244604316546763,1.6978417266187051,0.7727272727272727,0.6726618705035972,1.3453237410071943,0.6927899686520376,0.7949640287769785,1.2061523195236914,0.7830551093106098,fl_loco_FedAvg,CIMAS FIFE AVENUE PHARMACY,19,FedAvg
FedProx_CIMAS FIFE AVENUE PHARMACY_s19,484,206,0.4256198347107438,0.6753776030371668,1.586809513931984,0.782967800516868,0.1881133604461742,0.0701525212769207,0.42794565294743286,0.7118984424111197,1.012880269045316,-0.32668433625503374,0.6942148760330579,0.4077669902912621,1.6310679611650485,0.6239669421487604,0.7330097087378641,1.4660194174757282,0.5799373040752351,0.8980582524271845,1.3625711416136592,278,0.5743801652892562,0.8589767540765427,1.4954847085361391,0.782967800516868,0.1881133604461742,0.0701525212769207,0.42794565294743286,0.7118984424111197,1.012880269045316,0.32668433625503374,0.9752066115702479,0.4244604316546763,1.6978417266187051,0.7727272727272727,0.6726618705035972,1.3453237410071943,0.6927899686520376,0.7949640287769785,1.2061523195236914,0.782967800516868,fl_loco_FedProx,CIMAS FIFE AVENUE PHARMACY,19,FedProx
FedAvg-equal_CIMAS FIFE AVENUE PHARMACY_s19,484,206,0.4256198347107438,0.6724065131881395,1.5798288950633956,0.785674373122861,0.18840605808202487,0.0871247152531562,0.4449298515333061,0.7186386812879793,1.1025082475960395,-0.4121470571131314,0.7024793388429752,0.41262135922330095,1.6504854368932038,0.6239669421487604,0.7330097087378641,1.4660194174757282,0.5830721003134797,0.9029126213592233,1.369936391027787,278,0.5743801652892562,0.861286375549403,1.4995057761363708,0.785674373122861,0.18840605808202487,0.08712471525315617,0.4449298515333061,0.7186386812879793,1.1025082475960395,0.4121470571131314,0.9752066115702479,0.4244604316546763,1.6978417266187051,0.7727272727272727,0.6726618705035972,1.3453237410071943,0.6990595611285266,0.802158273381295,1.2170677251302406,0.785674373122861,fl_loco_FedAvg-equal,CIMAS FIFE AVENUE PHARMACY,19,FedAvg-equal
SCAFFOLD_CIMAS FIFE AVENUE PHARMACY_s19,484,206,0.4256198347107438,0.6723130031039246,1.5796091917587354,0.7857442201578542,0.18845504896029766,0.08737274362266556,0.4449298515333061,0.7186386812879793,1.1004237310366314,-0.41343397305682267,0.7024793388429752,0.41262135922330095,1.6504854368932038,0.6239669421487604,0.7330097087378641,1.4660194174757282,0.5830721003134797,0.9029126213592233,1.369936391027787,278,0.5743801652892562,0.8613381695645123,1.4995959498892948,0.7857442201578543,0.18845504896029766,0.08737274362266564,0.4449298515333061,0.7186386812879793,1.1004237310366314,0.41343397305682267,0.9752066115702479,0.4244604316546763,1.6978417266187051,0.7727272727272727,0.6726618705035972,1.3453237410071943,0.6990595611285266,0.802158273381295,1.2170677251302406,0.7857442201578542,fl_loco_SCAFFOLD,CIMAS FIFE AVENUE PHARMACY,19,SCAFFOLD
FedAdam_CIMAS FIFE AVENUE PHARMACY_s19,484,206,0.4256198347107438,0.6796107137365966,1.5967552691675377,0.7795278340434448,0.19284417790369482,0.09786583547466453,0.4245124993742702,0.708388628902703,0.946151098850797,-0.42102986278076,0.6859504132231405,0.4029126213592233,1.6116504854368932,0.6239669421487604,0.7330097087378641,1.4660194174757282,0.5799373040752351,0.8980582524271845,1.3625711416136592,278,0.5743801652892562,0.8531477020424005,1.4853362870090716,0.7795278340434448,0.19284417790369482,0.09786583547466458,0.4245124993742702,0.708388628902703,0.9461510988507968,0.4210298627807599,0.9421487603305785,0.41007194244604317,1.6402877697841727,0.7727272727272727,0.6726618705035972,1.3453237410071943,0.6927899686520376,0.7949640287769785,1.2061523195236914,0.7795278340434448,fl_loco_FedAdam,CIMAS FIFE AVENUE PHARMACY,19,FedAdam
FedAvg_CIMAS FIFE AVENUE PHARMACY_s23,484,206,0.4256198347107438,0.6755597796225236,1.587237540472337,0.7830551093106098,0.18809719373226935,0.06884999422799162,0.42794565294743286,0.7118984424111197,1.0124106545102267,-0.32614070810072177,0.6942148760330579,0.4077669902912621,1.6310679611650485,0.6239669421487604,0.7330097087378641,1.4660194174757282,0.5799373040752351,0.8980582524271845,1.3625711416136592,278,0.5743801652892562,0.8589836890015865,1.495496782290532,0.7830551093106097,0.18809719373226935,0.06884999422799158,0.42794565294743286,0.7118984424111197,1.0124106545102267,0.32614070810072177,0.9752066115702479,0.4244604316546763,1.6978417266187051,0.7727272727272727,0.6726618705035972,1.3453237410071943,0.6927899686520376,0.7949640287769785,1.2061523195236914,0.7830551093106098,fl_loco_FedAvg,CIMAS FIFE AVENUE PHARMACY,23,FedAvg
FedProx_CIMAS FIFE AVENUE PHARMACY_s23,484,206,0.4256198347107438,0.6753776030371668,1.586809513931984,0.782967800516868,0.1881133604461742,0.0701525212769207,0.42794565294743286,0.7118984424111197,1.012880269045316,-0.32668433625503374,0.6942148760330579,0.4077669902912621,1.6310679611650485,0.6239669421487604,0.7330097087378641,1.4660194174757282,0.5799373040752351,0.8980582524271845,1.3625711416136592,278,0.5743801652892562,0.8589767540765427,1.4954847085361391,0.782967800516868,0.1881133604461742,0.0701525212769207,0.42794565294743286,0.7118984424111197,1.012880269045316,0.32668433625503374,0.9752066115702479,0.4244604316546763,1.6978417266187051,0.7727272727272727,0.6726618705035972,1.3453237410071943,0.6927899686520376,0.7949640287769785,1.2061523195236914,0.782967800516868,fl_loco_FedProx,CIMAS FIFE AVENUE PHARMACY,23,FedProx
FedAvg-equal_CIMAS FIFE AVENUE PHARMACY_s23,484,206,0.4256198347107438,0.6724065131881395,1.5798288950633956,0.785674373122861,0.18840605808202487,0.0871247152531562,0.4449298515333061,0.7186386812879793,1.1025082475960395,-0.4121470571131314,0.7024793388429752,0.41262135922330095,1.6504854368932038,0.6239669421487604,0.7330097087378641,1.4660194174757282,0.5830721003134797,0.9029126213592233,1.369936391027787,278,0.5743801652892562,0.861286375549403,1.4995057761363708,0.785674373122861,0.18840605808202487,0.08712471525315617,0.4449298515333061,0.7186386812879793,1.1025082475960395,0.4121470571131314,0.9752066115702479,0.4244604316546763,1.6978417266187051,0.7727272727272727,0.6726618705035972,1.3453237410071943,0.6990595611285266,0.802158273381295,1.2170677251302406,0.785674373122861,fl_loco_FedAvg-equal,CIMAS FIFE AVENUE PHARMACY,23,FedAvg-equal
SCAFFOLD_CIMAS FIFE AVENUE PHARMACY_s23,484,206,0.4256198347107438,0.6723130031039246,1.5796091917587354,0.7857442201578542,0.18845504896029766,0.08737274362266556,0.4449298515333061,0.7186386812879793,1.1004237310366314,-0.41343397305682267,0.7024793388429752,0.41262135922330095,1.6504854368932038,0.6239669421487604,0.7330097087378641,1.4660194174757282,0.5830721003134797,0.9029126213592233,1.369936391027787,278,0.5743801652892562,0.8613381695645123,1.4995959498892948,0.7857442201578543,0.18845504896029766,0.08737274362266564,0.4449298515333061,0.7186386812879793,1.1004237310366314,0.41343397305682267,0.9752066115702479,0.4244604316546763,1.6978417266187051,0.7727272727272727,0.6726618705035972,1.3453237410071943,0.6990595611285266,0.802158273381295,1.2170677251302406,0.7857442201578542,fl_loco_SCAFFOLD,CIMAS FIFE AVENUE PHARMACY,23,SCAFFOLD
FedAdam_CIMAS FIFE AVENUE PHARMACY_s23,484,206,0.4256198347107438,0.6796107137365966,1.5967552691675377,0.7795278340434448,0.19284417790369482,0.09786583547466453,0.4245124993742702,0.708388628902703,0.946151098850797,-0.42102986278076,0.6859504132231405,0.4029126213592233,1.6116504854368932,0.6239669421487604,0.7330097087378641,1.4660194174757282,0.5799373040752351,0.8980582524271845,1.3625711416136592,278,0.5743801652892562,0.8531477020424005,1.4853362870090716,0.7795278340434448,0.19284417790369482,0.09786583547466458,0.4245124993742702,0.708388628902703,0.9461510988507968,0.4210298627807599,0.9421487603305785,0.41007194244604317,1.6402877697841727,0.7727272727272727,0.6726618705035972,1.3453237410071943,0.6927899686520376,0.7949640287769785,1.2061523195236914,0.7795278340434448,fl_loco_FedAdam,CIMAS FIFE AVENUE PHARMACY,23,FedAdam
FedAvg_CIMAS FIFE AVENUE PHARMACY_s37,484,206,0.4256198347107438,0.6755597796225236,1.587237540472337,0.7830551093106098,0.18809719373226935,0.06884999422799162,0.42794565294743286,0.7118984424111197,1.0124106545102267,-0.32614070810072177,0.6942148760330579,0.4077669902912621,1.6310679611650485,0.6239669421487604,0.7330097087378641,1.4660194174757282,0.5799373040752351,0.8980582524271845,1.3625711416136592,278,0.5743801652892562,0.8589836890015865,1.495496782290532,0.7830551093106097,0.18809719373226935,0.06884999422799158,0.42794565294743286,0.7118984424111197,1.0124106545102267,0.32614070810072177,0.9752066115702479,0.4244604316546763,1.6978417266187051,0.7727272727272727,0.6726618705035972,1.3453237410071943,0.6927899686520376,0.7949640287769785,1.2061523195236914,0.7830551093106098,fl_loco_FedAvg,CIMAS FIFE AVENUE PHARMACY,37,FedAvg
FedProx_CIMAS FIFE AVENUE PHARMACY_s37,484,206,0.4256198347107438,0.6753776030371668,1.586809513931984,0.782967800516868,0.1881133604461742,0.0701525212769207,0.42794565294743286,0.7118984424111197,1.012880269045316,-0.32668433625503374,0.6942148760330579,0.4077669902912621,1.6310679611650485,0.6239669421487604,0.7330097087378641,1.4660194174757282,0.5799373040752351,0.8980582524271845,1.3625711416136592,278,0.5743801652892562,0.8589767540765427,1.4954847085361391,0.782967800516868,0.1881133604461742,0.0701525212769207,0.42794565294743286,0.7118984424111197,1.012880269045316,0.32668433625503374,0.9752066115702479,0.4244604316546763,1.6978417266187051,0.7727272727272727,0.6726618705035972,1.3453237410071943,0.6927899686520376,0.7949640287769785,1.2061523195236914,0.782967800516868,fl_loco_FedProx,CIMAS FIFE AVENUE PHARMACY,37,FedProx
FedAvg-equal_CIMAS FIFE AVENUE PHARMACY_s37,484,206,0.4256198347107438,0.6724065131881395,1.5798288950633956,0.785674373122861,0.18840605808202487,0.0871247152531562,0.4449298515333061,0.7186386812879793,1.1025082475960395,-0.4121470571131314,0.7024793388429752,0.41262135922330095,1.6504854368932038,0.6239669421487604,0.7330097087378641,1.4660194174757282,0.5830721003134797,0.9029126213592233,1.369936391027787,278,0.5743801652892562,0.861286375549403,1.4995057761363708,0.785674373122861,0.18840605808202487,0.08712471525315617,0.4449298515333061,0.7186386812879793,1.1025082475960395,0.4121470571131314,0.9752066115702479,0.4244604316546763,1.6978417266187051,0.7727272727272727,0.6726618705035972,1.3453237410071943,0.6990595611285266,0.802158273381295,1.2170677251302406,0.785674373122861,fl_loco_FedAvg-equal,CIMAS FIFE AVENUE PHARMACY,37,FedAvg-equal
SCAFFOLD_CIMAS FIFE AVENUE PHARMACY_s37,484,206,0.4256198347107438,0.6723130031039246,1.5796091917587354,0.7857442201578542,0.18845504896029766,0.08737274362266556,0.4449298515333061,0.7186386812879793,1.1004237310366314,-0.41343397305682267,0.7024793388429752,0.41262135922330095,1.6504854368932038,0.6239669421487604,0.7330097087378641,1.4660194174757282,0.5830721003134797,0.9029126213592233,1.369936391027787,278,0.5743801652892562,0.8613381695645123,1.4995959498892948,0.7857442201578543,0.18845504896029766,0.08737274362266564,0.4449298515333061,0.7186386812879793,1.1004237310366314,0.41343397305682267,0.9752066115702479,0.4244604316546763,1.6978417266187051,0.7727272727272727,0.6726618705035972,1.3453237410071943,0.6990595611285266,0.802158273381295,1.2170677251302406,0.7857442201578542,fl_loco_SCAFFOLD,CIMAS FIFE AVENUE PHARMACY,37,SCAFFOLD
FedAdam_CIMAS FIFE AVENUE PHARMACY_s37,484,206,0.4256198347107438,0.6796107137365966,1.5967552691675377,0.7795278340434448,0.19284417790369482,0.09786583547466453,0.4245124993742702,0.708388628902703,0.946151098850797,-0.42102986278076,0.6859504132231405,0.4029126213592233,1.6116504854368932,0.6239669421487604,0.7330097087378641,1.4660194174757282,0.5799373040752351,0.8980582524271845,1.3625711416136592,278,0.5743801652892562,0.8531477020424005,1.4853362870090716,0.7795278340434448,0.19284417790369482,0.09786583547466458,0.4245124993742702,0.708388628902703,0.9461510988507968,0.4210298627807599,0.9421487603305785,0.41007194244604317,1.6402877697841727,0.7727272727272727,0.6726618705035972,1.3453237410071943,0.6927899686520376,0.7949640287769785,1.2061523195236914,0.7795278340434448,fl_loco_FedAdam,CIMAS FIFE AVENUE PHARMACY,37,FedAdam
FedAvg_CIMAS FOURTH STREET PHARMACY_s7,2266,906,0.39982347749338043,0.681860265428102,1.705403268719734,0.8165554798078171,0.17047751195596192,0.04707790018030714,0.5105383030000352,0.7584096221269965,1.1137292244598895,-0.2045702507977205,0.7243816254416962,0.45253863134657835,1.8117536018221672,0.6293027360988526,0.7869757174392936,1.573951434878587,0.5705685618729097,0.9415011037527594,1.427051171306858,1360,0.6001765225066196,0.885900862944966,1.4760671731127153,0.8165554798078172,0.17047751195596192,0.04707790018030712,0.5105383030000352,0.7584096221269965,1.1137292244598895,0.2045702507977205,0.9611307420494699,0.4,1.6014134275618375,0.8296557811120918,0.6911764705882353,1.3823529411764708,0.7438127090301003,0.8176470588235294,1.2393232343104466,0.8165554798078171,fl_loco_FedAvg,CIMAS FOURTH STREET PHARMACY,7,FedAvg
FedProx_CIMAS FOURTH STREET PHARMACY_s7,2266,906,0.39982347749338043,0.6817465272737955,1.705118797795166,0.8165140890793403,0.17049159772096922,0.046725220631969155,0.5116876082417178,0.7589614985066875,1.1143350797469498,-0.20443532803087466,0.7243816254416962,0.45253863134657835,1.8117536018221672,0.6293027360988526,0.7869757174392936,1.573951434878587,0.5705685618729097,0.9415011037527594,1.427051171306858,1360,0.6001765225066196,0.8858701394360259,1.4760159823250256,0.8165140890793403,0.17049159772096922,0.04672522063196918,0.5116876082417178,0.7589614985066875,1.1143350797469498,0.20443532803087466,0.9611307420494699,0.4,1.6014134275618375,0.8296557811120918,0.6911764705882353,1.3823529411764708,0.7444816053511706,0.8183823529411764,1.2404377336218768,0.8165140890793403,fl_loco_FedProx,CIMAS FOURTH STREET PHARMACY,7,FedProx
FedAvg-equal_CIMAS FOURTH STREET PHARMACY_s7,2266,906,0.39982347749338043,0.6800064462336979,1.7007666745756724,0.8150970653161927,0.17192102261528827,0.05844437898209909,0.5156386322590524,0.7600693091806259,1.2041138684051917,-0.2619733207125883,0.7296819787985865,0.45584988962472406,1.8250103354940364,0.6275375110326566,0.7847682119205298,1.5695364238410594,0.57123745819398,0.9426048565121413,1.4287241504056938,1360,0.6001765225066196,0.8852400282764598,1.4749661059371013,0.8150970653161926,0.17192102261528827,0.058444378982099095,0.5156386322590524,0.7600693091806259,1.2041138684051917,0.26197332071258833,0.9628975265017667,0.4007352941176471,1.6043572022448556,0.8278905560458959,0.6897058823529412,1.3794117647058826,0.7431438127090301,0.8169117647058823,1.2382087349990163,0.8150970653161927,fl_loco_FedAvg-equal,CIMAS FOURTH STREET PHARMACY,7,FedAvg-equal
SCAFFOLD_CIMAS FOURTH STREET PHARMACY_s7,2266,906,0.39982347749338043,0.6800106099272518,1.7007770884052456,0.8151043695623944,0.17192093992457208,0.05919824327023448,0.5156386322590524,0.7600693091806259,1.202332319284288,-0.26385023125089296,0.7296819787985865,0.45584988962472406,1.8250103354940364,0.6284201235657546,0.7858719646799117,1.5717439293598232,0.57123745819398,0.9426048565121413,1.4287241504056938,1360,0.6001765225066196,0.8852424823897296,1.4749701949228877,0.8151043695623945,0.17192093992457208,0.059198243270234506,0.5156386322590524,0.7600693091806259,1.202332319284288,0.263850231250893,0.9628975265017667,0.4007352941176471,1.6043572022448556,0.8287731685789939,0.6904411764705882,1.3808823529411767,0.7431438127090301,0.8169117647058823,1.2382087349990163,0.8151043695623944,fl_loco_SCAFFOLD,CIMAS FOURTH STREET PHARMACY,7,SCAFFOLD
FedAdam_CIMAS FOURTH STREET PHARMACY_s7,2266,906,0.39982347749338043,0.6731352704358412,1.6835811510017837,0.8121120633683937,0.1738865728175297,0.054061015064650504,0.49908185628249,0.7528908583300871,1.0486650969656133,-0.2744847770187966,0.7137809187279152,0.445916114790287,1.7852401344784279,0.6328331862312445,0.7913907284768212,1.5827814569536425,0.5692307692307692,0.9392935982339956,1.4237052131091865,1360,0.6001765225066196,0.8817463201756564,1.4691449717044391,0.8121120633683936,0.1738865728175297,0.05406101506465055,0.49908185628249,0.7528908583300871,1.0486650969656133,0.2744847770187966,0.9522968197879859,0.3963235294117647,1.586694554146747,0.8331862312444837,0.6941176470588235,1.388235294117647,0.7438127090301003,0.8176470588235294,1.2393232343104466,0.8121120633683937,fl_loco_FedAdam,CIMAS FOURTH STREET PHARMACY,7,FedAdam
FedAvg_CIMAS FOURTH STREET PHARMACY_s11,2266,906,0.39982347749338043,0.681860265428102,1.705403268719734,0.8165554798078171,0.17047751195596192,0.04707790018030714,0.5105383030000352,0.7584096221269965,1.1137292244598895,-0.2045702507977205,0.7243816254416962,0.45253863134657835,1.8117536018221672,0.6293027360988526,0.7869757174392936,1.573951434878587,0.5705685618729097,0.9415011037527594,1.427051171306858,1360,0.6001765225066196,0.885900862944966,1.4760671731127153,0.8165554798078172,0.17047751195596192,0.04707790018030712,0.5105383030000352,0.7584096221269965,1.1137292244598895,0.2045702507977205,0.9611307420494699,0.4,1.6014134275618375,0.8296557811120918,0.6911764705882353,1.3823529411764708,0.7438127090301003,0.8176470588235294,1.2393232343104466,0.8165554798078171,fl_loco_FedAvg,CIMAS FOURTH STREET PHARMACY,11,FedAvg
FedProx_CIMAS FOURTH STREET PHARMACY_s11,2266,906,0.39982347749338043,0.6817465272737955,1.705118797795166,0.8165140890793403,0.17049159772096922,0.046725220631969155,0.5116876082417178,0.7589614985066875,1.1143350797469498,-0.20443532803087466,0.7243816254416962,0.45253863134657835,1.8117536018221672,0.6293027360988526,0.7869757174392936,1.573951434878587,0.5705685618729097,0.9415011037527594,1.427051171306858,1360,0.6001765225066196,0.8858701394360259,1.4760159823250256,0.8165140890793403,0.17049159772096922,0.04672522063196918,0.5116876082417178,0.7589614985066875,1.1143350797469498,0.20443532803087466,0.9611307420494699,0.4,1.6014134275618375,0.8296557811120918,0.6911764705882353,1.3823529411764708,0.7444816053511706,0.8183823529411764,1.2404377336218768,0.8165140890793403,fl_loco_FedProx,CIMAS FOURTH STREET PHARMACY,11,FedProx
FedAvg-equal_CIMAS FOURTH STREET PHARMACY_s11,2266,906,0.39982347749338043,0.6800064462336979,1.7007666745756724,0.8150970653161927,0.17192102261528827,0.05844437898209909,0.5156386322590524,0.7600693091806259,1.2041138684051917,-0.2619733207125883,0.7296819787985865,0.45584988962472406,1.8250103354940364,0.6275375110326566,0.7847682119205298,1.5695364238410594,0.57123745819398,0.9426048565121413,1.4287241504056938,1360,0.6001765225066196,0.8852400282764598,1.4749661059371013,0.8150970653161926,0.17192102261528827,0.058444378982099095,0.5156386322590524,0.7600693091806259,1.2041138684051917,0.26197332071258833,0.9628975265017667,0.4007352941176471,1.6043572022448556,0.8278905560458959,0.6897058823529412,1.3794117647058826,0.7431438127090301,0.8169117647058823,1.2382087349990163,0.8150970653161927,fl_loco_FedAvg-equal,CIMAS FOURTH STREET PHARMACY,11,FedAvg-equal
SCAFFOLD_CIMAS FOURTH STREET PHARMACY_s11,2266,906,0.39982347749338043,0.6800106099272518,1.7007770884052456,0.8151043695623944,0.17192093992457208,0.05919824327023448,0.5156386322590524,0.7600693091806259,1.202332319284288,-0.26385023125089296,0.7296819787985865,0.45584988962472406,1.8250103354940364,0.6284201235657546,0.7858719646799117,1.5717439293598232,0.57123745819398,0.9426048565121413,1.4287241504056938,1360,0.6001765225066196,0.8852424823897296,1.4749701949228877,0.8151043695623945,0.17192093992457208,0.059198243270234506,0.5156386322590524,0.7600693091806259,1.202332319284288,0.263850231250893,0.9628975265017667,0.4007352941176471,1.6043572022448556,0.8287731685789939,0.6904411764705882,1.3808823529411767,0.7431438127090301,0.8169117647058823,1.2382087349990163,0.8151043695623944,fl_loco_SCAFFOLD,CIMAS FOURTH STREET PHARMACY,11,SCAFFOLD
FedAdam_CIMAS FOURTH STREET PHARMACY_s11,2266,906,0.39982347749338043,0.6731352704358412,1.6835811510017837,0.8121120633683937,0.1738865728175297,0.054061015064650504,0.49908185628249,0.7528908583300871,1.0486650969656133,-0.2744847770187966,0.7137809187279152,0.445916114790287,1.7852401344784279,0.6328331862312445,0.7913907284768212,1.5827814569536425,0.5692307692307692,0.9392935982339956,1.4237052131091865,1360,0.6001765225066196,0.8817463201756564,1.4691449717044391,0.8121120633683936,0.1738865728175297,0.05406101506465055,0.49908185628249,0.7528908583300871,1.0486650969656133,0.2744847770187966,0.9522968197879859,0.3963235294117647,1.586694554146747,0.8331862312444837,0.6941176470588235,1.388235294117647,0.7438127090301003,0.8176470588235294,1.2393232343104466,0.8121120633683937,fl_loco_FedAdam,CIMAS FOURTH STREET PHARMACY,11,FedAdam
FedAvg_CIMAS FOURTH STREET PHARMACY_s19,2266,906,0.39982347749338043,0.681860265428102,1.705403268719734,0.8165554798078171,0.17047751195596192,0.04707790018030714,0.5105383030000352,0.7584096221269965,1.1137292244598895,-0.2045702507977205,0.7243816254416962,0.45253863134657835,1.8117536018221672,0.6293027360988526,0.7869757174392936,1.573951434878587,0.5705685618729097,0.9415011037527594,1.427051171306858,1360,0.6001765225066196,0.885900862944966,1.4760671731127153,0.8165554798078172,0.17047751195596192,0.04707790018030712,0.5105383030000352,0.7584096221269965,1.1137292244598895,0.2045702507977205,0.9611307420494699,0.4,1.6014134275618375,0.8296557811120918,0.6911764705882353,1.3823529411764708,0.7438127090301003,0.8176470588235294,1.2393232343104466,0.8165554798078171,fl_loco_FedAvg,CIMAS FOURTH STREET PHARMACY,19,FedAvg
FedProx_CIMAS FOURTH STREET PHARMACY_s19,2266,906,0.39982347749338043,0.6817465272737955,1.705118797795166,0.8165140890793403,0.17049159772096922,0.046725220631969155,0.5116876082417178,0.7589614985066875,1.1143350797469498,-0.20443532803087466,0.7243816254416962,0.45253863134657835,1.8117536018221672,0.6293027360988526,0.7869757174392936,1.573951434878587,0.5705685618729097,0.9415011037527594,1.427051171306858,1360,0.6001765225066196,0.8858701394360259,1.4760159823250256,0.8165140890793403,0.17049159772096922,0.04672522063196918,0.5116876082417178,0.7589614985066875,1.1143350797469498,0.20443532803087466,0.9611307420494699,0.4,1.6014134275618375,0.8296557811120918,0.6911764705882353,1.3823529411764708,0.7444816053511706,0.8183823529411764,1.2404377336218768,0.8165140890793403,fl_loco_FedProx,CIMAS FOURTH STREET PHARMACY,19,FedProx
FedAvg-equal_CIMAS FOURTH STREET PHARMACY_s19,2266,906,0.39982347749338043,0.6800064462336979,1.7007666745756724,0.8150970653161927,0.17192102261528827,0.05844437898209909,0.5156386322590524,0.7600693091806259,1.2041138684051917,-0.2619733207125883,0.7296819787985865,0.45584988962472406,1.8250103354940364,0.6275375110326566,0.7847682119205298,1.5695364238410594,0.57123745819398,0.9426048565121413,1.4287241504056938,1360,0.6001765225066196,0.8852400282764598,1.4749661059371013,0.8150970653161926,0.17192102261528827,0.058444378982099095,0.5156386322590524,0.7600693091806259,1.2041138684051917,0.26197332071258833,0.9628975265017667,0.4007352941176471,1.6043572022448556,0.8278905560458959,0.6897058823529412,1.3794117647058826,0.7431438127090301,0.8169117647058823,1.2382087349990163,0.8150970653161927,fl_loco_FedAvg-equal,CIMAS FOURTH STREET PHARMACY,19,FedAvg-equal
SCAFFOLD_CIMAS FOURTH STREET PHARMACY_s19,2266,906,0.39982347749338043,0.6800106099272518,1.7007770884052456,0.8151043695623944,0.17192093992457208,0.05919824327023448,0.5156386322590524,0.7600693091806259,1.202332319284288,-0.26385023125089296,0.7296819787985865,0.45584988962472406,1.8250103354940364,0.6284201235657546,0.7858719646799117,1.5717439293598232,0.57123745819398,0.9426048565121413,1.4287241504056938,1360,0.6001765225066196,0.8852424823897296,1.4749701949228877,0.8151043695623945,0.17192093992457208,0.059198243270234506,0.5156386322590524,0.7600693091806259,1.202332319284288,0.263850231250893,0.9628975265017667,0.4007352941176471,1.6043572022448556,0.8287731685789939,0.6904411764705882,1.3808823529411767,0.7431438127090301,0.8169117647058823,1.2382087349990163,0.8151043695623944,fl_loco_SCAFFOLD,CIMAS FOURTH STREET PHARMACY,19,SCAFFOLD
FedAdam_CIMAS FOURTH STREET PHARMACY_s19,2266,906,0.39982347749338043,0.6731352704358412,1.6835811510017837,0.8121120633683937,0.1738865728175297,0.054061015064650504,0.49908185628249,0.7528908583300871,1.0486650969656133,-0.2744847770187966,0.7137809187279152,0.445916114790287,1.7852401344784279,0.6328331862312445,0.7913907284768212,1.5827814569536425,0.5692307692307692,0.9392935982339956,1.4237052131091865,1360,0.6001765225066196,0.8817463201756564,1.4691449717044391,0.8121120633683936,0.1738865728175297,0.05406101506465055,0.49908185628249,0.7528908583300871,1.0486650969656133,0.2744847770187966,0.9522968197879859,0.3963235294117647,1.586694554146747,0.8331862312444837,0.6941176470588235,1.388235294117647,0.7438127090301003,0.8176470588235294,1.2393232343104466,0.8121120633683937,fl_loco_FedAdam,CIMAS FOURTH STREET PHARMACY,19,FedAdam
FedAvg_CIMAS FOURTH STREET PHARMACY_s23,2266,906,0.39982347749338043,0.681860265428102,1.705403268719734,0.8165554798078171,0.17047751195596192,0.04707790018030714,0.5105383030000352,0.7584096221269965,1.1137292244598895,-0.2045702507977205,0.7243816254416962,0.45253863134657835,1.8117536018221672,0.6293027360988526,0.7869757174392936,1.573951434878587,0.5705685618729097,0.9415011037527594,1.427051171306858,1360,0.6001765225066196,0.885900862944966,1.4760671731127153,0.8165554798078172,0.17047751195596192,0.04707790018030712,0.5105383030000352,0.7584096221269965,1.1137292244598895,0.2045702507977205,0.9611307420494699,0.4,1.6014134275618375,0.8296557811120918,0.6911764705882353,1.3823529411764708,0.7438127090301003,0.8176470588235294,1.2393232343104466,0.8165554798078171,fl_loco_FedAvg,CIMAS FOURTH STREET PHARMACY,23,FedAvg
FedProx_CIMAS FOURTH STREET PHARMACY_s23,2266,906,0.39982347749338043,0.6817465272737955,1.705118797795166,0.8165140890793403,0.17049159772096922,0.046725220631969155,0.5116876082417178,0.7589614985066875,1.1143350797469498,-0.20443532803087466,0.7243816254416962,0.45253863134657835,1.8117536018221672,0.6293027360988526,0.7869757174392936,1.573951434878587,0.5705685618729097,0.9415011037527594,1.427051171306858,1360,0.6001765225066196,0.8858701394360259,1.4760159823250256,0.8165140890793403,0.17049159772096922,0.04672522063196918,0.5116876082417178,0.7589614985066875,1.1143350797469498,0.20443532803087466,0.9611307420494699,0.4,1.6014134275618375,0.8296557811120918,0.6911764705882353,1.3823529411764708,0.7444816053511706,0.8183823529411764,1.2404377336218768,0.8165140890793403,fl_loco_FedProx,CIMAS FOURTH STREET PHARMACY,23,FedProx
FedAvg-equal_CIMAS FOURTH STREET PHARMACY_s23,2266,906,0.39982347749338043,0.6800064462336979,1.7007666745756724,0.8150970653161927,0.17192102261528827,0.05844437898209909,0.5156386322590524,0.7600693091806259,1.2041138684051917,-0.2619733207125883,0.7296819787985865,0.45584988962472406,1.8250103354940364,0.6275375110326566,0.7847682119205298,1.5695364238410594,0.57123745819398,0.9426048565121413,1.4287241504056938,1360,0.6001765225066196,0.8852400282764598,1.4749661059371013,0.8150970653161926,0.17192102261528827,0.058444378982099095,0.5156386322590524,0.7600693091806259,1.2041138684051917,0.26197332071258833,0.9628975265017667,0.4007352941176471,1.6043572022448556,0.8278905560458959,0.6897058823529412,1.3794117647058826,0.7431438127090301,0.8169117647058823,1.2382087349990163,0.8150970653161927,fl_loco_FedAvg-equal,CIMAS FOURTH STREET PHARMACY,23,FedAvg-equal
SCAFFOLD_CIMAS FOURTH STREET PHARMACY_s23,2266,906,0.39982347749338043,0.6800106099272518,1.7007770884052456,0.8151043695623944,0.17192093992457208,0.05919824327023448,0.5156386322590524,0.7600693091806259,1.202332319284288,-0.26385023125089296,0.7296819787985865,0.45584988962472406,1.8250103354940364,0.6284201235657546,0.7858719646799117,1.5717439293598232,0.57123745819398,0.9426048565121413,1.4287241504056938,1360,0.6001765225066196,0.8852424823897296,1.4749701949228877,0.8151043695623945,0.17192093992457208,0.059198243270234506,0.5156386322590524,0.7600693091806259,1.202332319284288,0.263850231250893,0.9628975265017667,0.4007352941176471,1.6043572022448556,0.8287731685789939,0.6904411764705882,1.3808823529411767,0.7431438127090301,0.8169117647058823,1.2382087349990163,0.8151043695623944,fl_loco_SCAFFOLD,CIMAS FOURTH STREET PHARMACY,23,SCAFFOLD
FedAdam_CIMAS FOURTH STREET PHARMACY_s23,2266,906,0.39982347749338043,0.6731352704358412,1.6835811510017837,0.8121120633683937,0.1738865728175297,0.054061015064650504,0.49908185628249,0.7528908583300871,1.0486650969656133,-0.2744847770187966,0.7137809187279152,0.445916114790287,1.7852401344784279,0.6328331862312445,0.7913907284768212,1.5827814569536425,0.5692307692307692,0.9392935982339956,1.4237052131091865,1360,0.6001765225066196,0.8817463201756564,1.4691449717044391,0.8121120633683936,0.1738865728175297,0.05406101506465055,0.49908185628249,0.7528908583300871,1.0486650969656133,0.2744847770187966,0.9522968197879859,0.3963235294117647,1.586694554146747,0.8331862312444837,0.6941176470588235,1.388235294117647,0.7438127090301003,0.8176470588235294,1.2393232343104466,0.8121120633683937,fl_loco_FedAdam,CIMAS FOURTH STREET PHARMACY,23,FedAdam
FedAvg_CIMAS FOURTH STREET PHARMACY_s37,2266,906,0.39982347749338043,0.681860265428102,1.705403268719734,0.8165554798078171,0.17047751195596192,0.04707790018030714,0.5105383030000352,0.7584096221269965,1.1137292244598895,-0.2045702507977205,0.7243816254416962,0.45253863134657835,1.8117536018221672,0.6293027360988526,0.7869757174392936,1.573951434878587,0.5705685618729097,0.9415011037527594,1.427051171306858,1360,0.6001765225066196,0.885900862944966,1.4760671731127153,0.8165554798078172,0.17047751195596192,0.04707790018030712,0.5105383030000352,0.7584096221269965,1.1137292244598895,0.2045702507977205,0.9611307420494699,0.4,1.6014134275618375,0.8296557811120918,0.6911764705882353,1.3823529411764708,0.7438127090301003,0.8176470588235294,1.2393232343104466,0.8165554798078171,fl_loco_FedAvg,CIMAS FOURTH STREET PHARMACY,37,FedAvg
FedProx_CIMAS FOURTH STREET PHARMACY_s37,2266,906,0.39982347749338043,0.6817465272737955,1.705118797795166,0.8165140890793403,0.17049159772096922,0.046725220631969155,0.5116876082417178,0.7589614985066875,1.1143350797469498,-0.20443532803087466,0.7243816254416962,0.45253863134657835,1.8117536018221672,0.6293027360988526,0.7869757174392936,1.573951434878587,0.5705685618729097,0.9415011037527594,1.427051171306858,1360,0.6001765225066196,0.8858701394360259,1.4760159823250256,0.8165140890793403,0.17049159772096922,0.04672522063196918,0.5116876082417178,0.7589614985066875,1.1143350797469498,0.20443532803087466,0.9611307420494699,0.4,1.6014134275618375,0.8296557811120918,0.6911764705882353,1.3823529411764708,0.7444816053511706,0.8183823529411764,1.2404377336218768,0.8165140890793403,fl_loco_FedProx,CIMAS FOURTH STREET PHARMACY,37,FedProx
FedAvg-equal_CIMAS FOURTH STREET PHARMACY_s37,2266,906,0.39982347749338043,0.6800064462336979,1.7007666745756724,0.8150970653161927,0.17192102261528827,0.05844437898209909,0.5156386322590524,0.7600693091806259,1.2041138684051917,-0.2619733207125883,0.7296819787985865,0.45584988962472406,1.8250103354940364,0.6275375110326566,0.7847682119205298,1.5695364238410594,0.57123745819398,0.9426048565121413,1.4287241504056938,1360,0.6001765225066196,0.8852400282764598,1.4749661059371013,0.8150970653161926,0.17192102261528827,0.058444378982099095,0.5156386322590524,0.7600693091806259,1.2041138684051917,0.26197332071258833,0.9628975265017667,0.4007352941176471,1.6043572022448556,0.8278905560458959,0.6897058823529412,1.3794117647058826,0.7431438127090301,0.8169117647058823,1.2382087349990163,0.8150970653161927,fl_loco_FedAvg-equal,CIMAS FOURTH STREET PHARMACY,37,FedAvg-equal
SCAFFOLD_CIMAS FOURTH STREET PHARMACY_s37,2266,906,0.39982347749338043,0.6800106099272518,1.7007770884052456,0.8151043695623944,0.17192093992457208,0.05919824327023448,0.5156386322590524,0.7600693091806259,1.202332319284288,-0.26385023125089296,0.7296819787985865,0.45584988962472406,1.8250103354940364,0.6284201235657546,0.7858719646799117,1.5717439293598232,0.57123745819398,0.9426048565121413,1.4287241504056938,1360,0.6001765225066196,0.8852424823897296,1.4749701949228877,0.8151043695623945,0.17192093992457208,0.059198243270234506,0.5156386322590524,0.7600693091806259,1.202332319284288,0.263850231250893,0.9628975265017667,0.4007352941176471,1.6043572022448556,0.8287731685789939,0.6904411764705882,1.3808823529411767,0.7431438127090301,0.8169117647058823,1.2382087349990163,0.8151043695623944,fl_loco_SCAFFOLD,CIMAS FOURTH STREET PHARMACY,37,SCAFFOLD
FedAdam_CIMAS FOURTH STREET PHARMACY_s37,2266,906,0.39982347749338043,0.6731352704358412,1.6835811510017837,0.8121120633683937,0.1738865728175297,0.054061015064650504,0.49908185628249,0.7528908583300871,1.0486650969656133,-0.2744847770187966,0.7137809187279152,0.445916114790287,1.7852401344784279,0.6328331862312445,0.7913907284768212,1.5827814569536425,0.5692307692307692,0.9392935982339956,1.4237052131091865,1360,0.6001765225066196,0.8817463201756564,1.4691449717044391,0.8121120633683936,0.1738865728175297,0.05406101506465055,0.49908185628249,0.7528908583300871,1.0486650969656133,0.2744847770187966,0.9522968197879859,0.3963235294117647,1.586694554146747,0.8331862312444837,0.6941176470588235,1.388235294117647,0.7438127090301003,0.8176470588235294,1.2393232343104466,0.8121120633683937,fl_loco_FedAdam,CIMAS FOURTH STREET PHARMACY,37,FedAdam
FedAvg_CIMAS HCC  MUTARE PHARMACY_s7,813,419,0.5153751537515375,0.7270331362627376,1.410687207116004,0.7767708951697903,0.18299385174902688,0.049465728388578656,0.4825750265644964,0.7329694825727198,1.0541202209665963,-0.1463947659136848,0.7339901477832512,0.3556085918854415,1.4241861340042559,0.7167487684729064,0.6945107398568019,1.390732097299458,0.6865671641791045,0.8782816229116945,1.3321697004238948,394,0.48462484624846247,0.811402333095969,1.6742895858046265,0.7767708951697903,0.18299385174902688,0.04946572838857864,0.4825750265644964,0.7329694825727198,1.0541202209665963,0.1463947659136848,0.8817733990147784,0.4543147208121827,1.81949688679953,0.687192118226601,0.7081218274111675,1.4179877972543822,0.5988805970149254,0.8147208121827412,1.2357612319115086,0.7767708951697903,fl_loco_FedAvg,CIMAS HCC  MUTARE PHARMACY,7,FedAvg
FedProx_CIMAS HCC  MUTARE PHARMACY_s7,813,419,0.5153751537515375,0.7266505191504767,1.4099448020747913,0.7767406079255661,0.1830159490482459,0.050449707085756974,0.4825750265644964,0.7329694825727198,1.0546423179624078,-0.14616578060905533,0.7339901477832512,0.3556085918854415,1.4241861340042559,0.7167487684729064,0.6945107398568019,1.390732097299458,0.6884328358208955,0.8806682577565632,1.3357897267837424,394,0.48462484624846247,0.8113516951554993,1.6741850968563985,0.7767406079255661,0.1830159490482459,0.050449707085756926,0.4825750265644964,0.7329694825727198,1.0546423179624078,0.1461657806090553,0.8817733990147784,0.4543147208121827,1.81949688679953,0.687192118226601,0.7081218274111675,1.4179877972543822,0.5988805970149254,0.8147208121827412,1.2357612319115086,0.7767406079255661,fl_loco_FedProx,CIMAS HCC  MUTARE PHARMACY,7,FedProx
FedAvg-equal_CIMAS HCC  MUTARE PHARMACY_s7,813,419,0.5153751537515375,0.7248181023177321,1.406389301155886,0.7721006021104152,0.1842654064295772,0.05640068098029756,0.48417587759094866,0.7327423282410379,1.1511994879636112,-0.183894247141416,0.7192118226600985,0.34844868735083534,1.3955112454001435,0.7192118226600985,0.6968973747016707,1.3955112454001435,0.6940298507462687,0.8878281622911695,1.346649805863285,394,0.48462484624846247,0.8093676966233401,1.670091211560344,0.7721006021104151,0.1842654064295772,0.05640068098029762,0.48417587759094866,0.7327423282410379,1.1511994879636112,0.18389424714141597,0.8916256157635468,0.4593908629441624,1.8398264609537147,0.687192118226601,0.7081218274111675,1.4179877972543822,0.5914179104477612,0.8045685279187818,1.2203623380559132,0.7721006021104152,fl_loco_FedAvg-equal,CIMAS HCC  MUTARE PHARMACY,7,FedAvg-equal
SCAFFOLD_CIMAS HCC  MUTARE PHARMACY_s7,813,419,0.5153751537515375,0.7248065599817859,1.4063669051675225,0.7720945446615703,0.18424441361522087,0.05732484067901639,0.48417587759094866,0.7327423282410379,1.1497212243098578,-0.1853307776847298,0.7241379310344828,0.35083532219570407,1.4050695416015142,0.7192118226600985,0.6968973747016707,1.3955112454001435,0.6940298507462687,0.8878281622911695,1.346649805863285,394,0.48462484624846247,0.8092889851329215,1.669928794195597,0.7720945446615703,0.18424441361522087,0.05732484067901637,0.48417587759094866,0.7327423282410379,1.1497212243098578,0.1853307776847298,0.8916256157635468,0.4593908629441624,1.8398264609537147,0.687192118226601,0.7081218274111675,1.4179877972543822,0.5914179104477612,0.8045685279187818,1.2203623380559132,0.7720945446615703,fl_loco_SCAFFOLD,CIMAS HCC  MUTARE PHARMACY,7,SCAFFOLD
FedAdam_CIMAS HCC  MUTARE PHARMACY_s7,813,419,0.5153751537515375,0.7150884076950998,1.387510442616029,0.7730092194371418,0.18791527380213346,0.057721069589248074,0.48189289772655686,0.7314732927080431,0.9608972108698676,-0.20148300325967158,0.7093596059113301,0.3436754176610978,1.3763946529974018,0.7315270935960592,0.7088305489260143,1.4194069859035705,0.6865671641791045,0.8782816229116945,1.3321697004238948,394,0.48462484624846247,0.8043846543848753,1.659808944200263,0.7730092194371418,0.18791527380213346,0.05772106958924806,0.48189289772655686,0.7314732927080431,0.9608972108698677,0.20148300325967158,0.8719211822660099,0.44923857868020306,1.7991673126453454,0.7019704433497537,0.7233502538071066,1.4484821584856593,0.6007462686567164,0.817258883248731,1.2396109553754073,0.7730092194371418,fl_loco_FedAdam,CIMAS HCC  MUTARE PHARMACY,7,FedAdam
FedAvg_CIMAS HCC  MUTARE PHARMACY_s11,813,419,0.5153751537515375,0.7270331362627376,1.410687207116004,0.7767708951697903,0.18299385174902688,0.049465728388578656,0.4825750265644964,0.7329694825727198,1.0541202209665963,-0.1463947659136848,0.7339901477832512,0.3556085918854415,1.4241861340042559,0.7167487684729064,0.6945107398568019,1.390732097299458,0.6865671641791045,0.8782816229116945,1.3321697004238948,394,0.48462484624846247,0.811402333095969,1.6742895858046265,0.7767708951697903,0.18299385174902688,0.04946572838857864,0.4825750265644964,0.7329694825727198,1.0541202209665963,0.1463947659136848,0.8817733990147784,0.4543147208121827,1.81949688679953,0.687192118226601,0.7081218274111675,1.4179877972543822,0.5988805970149254,0.8147208121827412,1.2357612319115086,0.7767708951697903,fl_loco_FedAvg,CIMAS HCC  MUTARE PHARMACY,11,FedAvg
FedProx_CIMAS HCC  MUTARE PHARMACY_s11,813,419,0.5153751537515375,0.7266505191504767,1.4099448020747913,0.7767406079255661,0.1830159490482459,0.050449707085756974,0.4825750265644964,0.7329694825727198,1.0546423179624078,-0.14616578060905533,0.7339901477832512,0.3556085918854415,1.4241861340042559,0.7167487684729064,0.6945107398568019,1.390732097299458,0.6884328358208955,0.8806682577565632,1.3357897267837424,394,0.48462484624846247,0.8113516951554993,1.6741850968563985,0.7767406079255661,0.1830159490482459,0.050449707085756926,0.4825750265644964,0.7329694825727198,1.0546423179624078,0.1461657806090553,0.8817733990147784,0.4543147208121827,1.81949688679953,0.687192118226601,0.7081218274111675,1.4179877972543822,0.5988805970149254,0.8147208121827412,1.2357612319115086,0.7767406079255661,fl_loco_FedProx,CIMAS HCC  MUTARE PHARMACY,11,FedProx
FedAvg-equal_CIMAS HCC  MUTARE PHARMACY_s11,813,419,0.5153751537515375,0.7248181023177321,1.406389301155886,0.7721006021104152,0.1842654064295772,0.05640068098029756,0.48417587759094866,0.7327423282410379,1.1511994879636112,-0.183894247141416,0.7192118226600985,0.34844868735083534,1.3955112454001435,0.7192118226600985,0.6968973747016707,1.3955112454001435,0.6940298507462687,0.8878281622911695,1.346649805863285,394,0.48462484624846247,0.8093676966233401,1.670091211560344,0.7721006021104151,0.1842654064295772,0.05640068098029762,0.48417587759094866,0.7327423282410379,1.1511994879636112,0.18389424714141597,0.8916256157635468,0.4593908629441624,1.8398264609537147,0.687192118226601,0.7081218274111675,1.4179877972543822,0.5914179104477612,0.8045685279187818,1.2203623380559132,0.7721006021104152,fl_loco_FedAvg-equal,CIMAS HCC  MUTARE PHARMACY,11,FedAvg-equal
SCAFFOLD_CIMAS HCC  MUTARE PHARMACY_s11,813,419,0.5153751537515375,0.7248065599817859,1.4063669051675225,0.7720945446615703,0.18424441361522087,0.05732484067901639,0.48417587759094866,0.7327423282410379,1.1497212243098578,-0.1853307776847298,0.7241379310344828,0.35083532219570407,1.4050695416015142,0.7192118226600985,0.6968973747016707,1.3955112454001435,0.6940298507462687,0.8878281622911695,1.346649805863285,394,0.48462484624846247,0.8092889851329215,1.669928794195597,0.7720945446615703,0.18424441361522087,0.05732484067901637,0.48417587759094866,0.7327423282410379,1.1497212243098578,0.1853307776847298,0.8916256157635468,0.4593908629441624,1.8398264609537147,0.687192118226601,0.7081218274111675,1.4179877972543822,0.5914179104477612,0.8045685279187818,1.2203623380559132,0.7720945446615703,fl_loco_SCAFFOLD,CIMAS HCC  MUTARE PHARMACY,11,SCAFFOLD
FedAdam_CIMAS HCC  MUTARE PHARMACY_s11,813,419,0.5153751537515375,0.7150884076950998,1.387510442616029,0.7730092194371418,0.18791527380213346,0.057721069589248074,0.48189289772655686,0.7314732927080431,0.9608972108698676,-0.20148300325967158,0.7093596059113301,0.3436754176610978,1.3763946529974018,0.7315270935960592,0.7088305489260143,1.4194069859035705,0.6865671641791045,0.8782816229116945,1.3321697004238948,394,0.48462484624846247,0.8043846543848753,1.659808944200263,0.7730092194371418,0.18791527380213346,0.05772106958924806,0.48189289772655686,0.7314732927080431,0.9608972108698677,0.20148300325967158,0.8719211822660099,0.44923857868020306,1.7991673126453454,0.7019704433497537,0.7233502538071066,1.4484821584856593,0.6007462686567164,0.817258883248731,1.2396109553754073,0.7730092194371418,fl_loco_FedAdam,CIMAS HCC  MUTARE PHARMACY,11,FedAdam
FedAvg_CIMAS HCC  MUTARE PHARMACY_s19,813,419,0.5153751537515375,0.7270331362627376,1.410687207116004,0.7767708951697903,0.18299385174902688,0.049465728388578656,0.4825750265644964,0.7329694825727198,1.0541202209665963,-0.1463947659136848,0.7339901477832512,0.3556085918854415,1.4241861340042559,0.7167487684729064,0.6945107398568019,1.390732097299458,0.6865671641791045,0.8782816229116945,1.3321697004238948,394,0.48462484624846247,0.811402333095969,1.6742895858046265,0.7767708951697903,0.18299385174902688,0.04946572838857864,0.4825750265644964,0.7329694825727198,1.0541202209665963,0.1463947659136848,0.8817733990147784,0.4543147208121827,1.81949688679953,0.687192118226601,0.7081218274111675,1.4179877972543822,0.5988805970149254,0.8147208121827412,1.2357612319115086,0.7767708951697903,fl_loco_FedAvg,CIMAS HCC  MUTARE PHARMACY,19,FedAvg
FedProx_CIMAS HCC  MUTARE PHARMACY_s19,813,419,0.5153751537515375,0.7266505191504767,1.4099448020747913,0.7767406079255661,0.1830159490482459,0.050449707085756974,0.4825750265644964,0.7329694825727198,1.0546423179624078,-0.14616578060905533,0.7339901477832512,0.3556085918854415,1.4241861340042559,0.7167487684729064,0.6945107398568019,1.390732097299458,0.6884328358208955,0.8806682577565632,1.3357897267837424,394,0.48462484624846247,0.8113516951554993,1.6741850968563985,0.7767406079255661,0.1830159490482459,0.050449707085756926,0.4825750265644964,0.7329694825727198,1.0546423179624078,0.1461657806090553,0.8817733990147784,0.4543147208121827,1.81949688679953,0.687192118226601,0.7081218274111675,1.4179877972543822,0.5988805970149254,0.8147208121827412,1.2357612319115086,0.7767406079255661,fl_loco_FedProx,CIMAS HCC  MUTARE PHARMACY,19,FedProx
FedAvg-equal_CIMAS HCC  MUTARE PHARMACY_s19,813,419,0.5153751537515375,0.7248181023177321,1.406389301155886,0.7721006021104152,0.1842654064295772,0.05640068098029756,0.48417587759094866,0.7327423282410379,1.1511994879636112,-0.183894247141416,0.7192118226600985,0.34844868735083534,1.3955112454001435,0.7192118226600985,0.6968973747016707,1.3955112454001435,0.6940298507462687,0.8878281622911695,1.346649805863285,394,0.48462484624846247,0.8093676966233401,1.670091211560344,0.7721006021104151,0.1842654064295772,0.05640068098029762,0.48417587759094866,0.7327423282410379,1.1511994879636112,0.18389424714141597,0.8916256157635468,0.4593908629441624,1.8398264609537147,0.687192118226601,0.7081218274111675,1.4179877972543822,0.5914179104477612,0.8045685279187818,1.2203623380559132,0.7721006021104152,fl_loco_FedAvg-equal,CIMAS HCC  MUTARE PHARMACY,19,FedAvg-equal
SCAFFOLD_CIMAS HCC  MUTARE PHARMACY_s19,813,419,0.5153751537515375,0.7248065599817859,1.4063669051675225,0.7720945446615703,0.18424441361522087,0.05732484067901639,0.48417587759094866,0.7327423282410379,1.1497212243098578,-0.1853307776847298,0.7241379310344828,0.35083532219570407,1.4050695416015142,0.7192118226600985,0.6968973747016707,1.3955112454001435,0.6940298507462687,0.8878281622911695,1.346649805863285,394,0.48462484624846247,0.8092889851329215,1.669928794195597,0.7720945446615703,0.18424441361522087,0.05732484067901637,0.48417587759094866,0.7327423282410379,1.1497212243098578,0.1853307776847298,0.8916256157635468,0.4593908629441624,1.8398264609537147,0.687192118226601,0.7081218274111675,1.4179877972543822,0.5914179104477612,0.8045685279187818,1.2203623380559132,0.7720945446615703,fl_loco_SCAFFOLD,CIMAS HCC  MUTARE PHARMACY,19,SCAFFOLD
FedAdam_CIMAS HCC  MUTARE PHARMACY_s19,813,419,0.5153751537515375,0.7150884076950998,1.387510442616029,0.7730092194371418,0.18791527380213346,0.057721069589248074,0.48189289772655686,0.7314732927080431,0.9608972108698676,-0.20148300325967158,0.7093596059113301,0.3436754176610978,1.3763946529974018,0.7315270935960592,0.7088305489260143,1.4194069859035705,0.6865671641791045,0.8782816229116945,1.3321697004238948,394,0.48462484624846247,0.8043846543848753,1.659808944200263,0.7730092194371418,0.18791527380213346,0.05772106958924806,0.48189289772655686,0.7314732927080431,0.9608972108698677,0.20148300325967158,0.8719211822660099,0.44923857868020306,1.7991673126453454,0.7019704433497537,0.7233502538071066,1.4484821584856593,0.6007462686567164,0.817258883248731,1.2396109553754073,0.7730092194371418,fl_loco_FedAdam,CIMAS HCC  MUTARE PHARMACY,19,FedAdam
FedAvg_CIMAS HCC  MUTARE PHARMACY_s23,813,419,0.5153751537515375,0.7270331362627376,1.410687207116004,0.7767708951697903,0.18299385174902688,0.049465728388578656,0.4825750265644964,0.7329694825727198,1.0541202209665963,-0.1463947659136848,0.7339901477832512,0.3556085918854415,1.4241861340042559,0.7167487684729064,0.6945107398568019,1.390732097299458,0.6865671641791045,0.8782816229116945,1.3321697004238948,394,0.48462484624846247,0.811402333095969,1.6742895858046265,0.7767708951697903,0.18299385174902688,0.04946572838857864,0.4825750265644964,0.7329694825727198,1.0541202209665963,0.1463947659136848,0.8817733990147784,0.4543147208121827,1.81949688679953,0.687192118226601,0.7081218274111675,1.4179877972543822,0.5988805970149254,0.8147208121827412,1.2357612319115086,0.7767708951697903,fl_loco_FedAvg,CIMAS HCC  MUTARE PHARMACY,23,FedAvg
FedProx_CIMAS HCC  MUTARE PHARMACY_s23,813,419,0.5153751537515375,0.7266505191504767,1.4099448020747913,0.7767406079255661,0.1830159490482459,0.050449707085756974,0.4825750265644964,0.7329694825727198,1.0546423179624078,-0.14616578060905533,0.7339901477832512,0.3556085918854415,1.4241861340042559,0.7167487684729064,0.6945107398568019,1.390732097299458,0.6884328358208955,0.8806682577565632,1.3357897267837424,394,0.48462484624846247,0.8113516951554993,1.6741850968563985,0.7767406079255661,0.1830159490482459,0.050449707085756926,0.4825750265644964,0.7329694825727198,1.0546423179624078,0.1461657806090553,0.8817733990147784,0.4543147208121827,1.81949688679953,0.687192118226601,0.7081218274111675,1.4179877972543822,0.5988805970149254,0.8147208121827412,1.2357612319115086,0.7767406079255661,fl_loco_FedProx,CIMAS HCC  MUTARE PHARMACY,23,FedProx
FedAvg-equal_CIMAS HCC  MUTARE PHARMACY_s23,813,419,0.5153751537515375,0.7248181023177321,1.406389301155886,0.7721006021104152,0.1842654064295772,0.05640068098029756,0.48417587759094866,0.7327423282410379,1.1511994879636112,-0.183894247141416,0.7192118226600985,0.34844868735083534,1.3955112454001435,0.7192118226600985,0.6968973747016707,1.3955112454001435,0.6940298507462687,0.8878281622911695,1.346649805863285,394,0.48462484624846247,0.8093676966233401,1.670091211560344,0.7721006021104151,0.1842654064295772,0.05640068098029762,0.48417587759094866,0.7327423282410379,1.1511994879636112,0.18389424714141597,0.8916256157635468,0.4593908629441624,1.8398264609537147,0.687192118226601,0.7081218274111675,1.4179877972543822,0.5914179104477612,0.8045685279187818,1.2203623380559132,0.7721006021104152,fl_loco_FedAvg-equal,CIMAS HCC  MUTARE PHARMACY,23,FedAvg-equal
SCAFFOLD_CIMAS HCC  MUTARE PHARMACY_s23,813,419,0.5153751537515375,0.7248065599817859,1.4063669051675225,0.7720945446615703,0.18424441361522087,0.05732484067901639,0.48417587759094866,0.7327423282410379,1.1497212243098578,-0.1853307776847298,0.7241379310344828,0.35083532219570407,1.4050695416015142,0.7192118226600985,0.6968973747016707,1.3955112454001435,0.6940298507462687,0.8878281622911695,1.346649805863285,394,0.48462484624846247,0.8092889851329215,1.669928794195597,0.7720945446615703,0.18424441361522087,0.05732484067901637,0.48417587759094866,0.7327423282410379,1.1497212243098578,0.1853307776847298,0.8916256157635468,0.4593908629441624,1.8398264609537147,0.687192118226601,0.7081218274111675,1.4179877972543822,0.5914179104477612,0.8045685279187818,1.2203623380559132,0.7720945446615703,fl_loco_SCAFFOLD,CIMAS HCC  MUTARE PHARMACY,23,SCAFFOLD
FedAdam_CIMAS HCC  MUTARE PHARMACY_s23,813,419,0.5153751537515375,0.7150884076950998,1.387510442616029,0.7730092194371418,0.18791527380213346,0.057721069589248074,0.48189289772655686,0.7314732927080431,0.9608972108698676,-0.20148300325967158,0.7093596059113301,0.3436754176610978,1.3763946529974018,0.7315270935960592,0.7088305489260143,1.4194069859035705,0.6865671641791045,0.8782816229116945,1.3321697004238948,394,0.48462484624846247,0.8043846543848753,1.659808944200263,0.7730092194371418,0.18791527380213346,0.05772106958924806,0.48189289772655686,0.7314732927080431,0.9608972108698677,0.20148300325967158,0.8719211822660099,0.44923857868020306,1.7991673126453454,0.7019704433497537,0.7233502538071066,1.4484821584856593,0.6007462686567164,0.817258883248731,1.2396109553754073,0.7730092194371418,fl_loco_FedAdam,CIMAS HCC  MUTARE PHARMACY,23,FedAdam
FedAvg_CIMAS HCC  MUTARE PHARMACY_s37,813,419,0.5153751537515375,0.7270331362627376,1.410687207116004,0.7767708951697903,0.18299385174902688,0.049465728388578656,0.4825750265644964,0.7329694825727198,1.0541202209665963,-0.1463947659136848,0.7339901477832512,0.3556085918854415,1.4241861340042559,0.7167487684729064,0.6945107398568019,1.390732097299458,0.6865671641791045,0.8782816229116945,1.3321697004238948,394,0.48462484624846247,0.811402333095969,1.6742895858046265,0.7767708951697903,0.18299385174902688,0.04946572838857864,0.4825750265644964,0.7329694825727198,1.0541202209665963,0.1463947659136848,0.8817733990147784,0.4543147208121827,1.81949688679953,0.687192118226601,0.7081218274111675,1.4179877972543822,0.5988805970149254,0.8147208121827412,1.2357612319115086,0.7767708951697903,fl_loco_FedAvg,CIMAS HCC  MUTARE PHARMACY,37,FedAvg
FedProx_CIMAS HCC  MUTARE PHARMACY_s37,813,419,0.5153751537515375,0.7266505191504767,1.4099448020747913,0.7767406079255661,0.1830159490482459,0.050449707085756974,0.4825750265644964,0.7329694825727198,1.0546423179624078,-0.14616578060905533,0.7339901477832512,0.3556085918854415,1.4241861340042559,0.7167487684729064,0.6945107398568019,1.390732097299458,0.6884328358208955,0.8806682577565632,1.3357897267837424,394,0.48462484624846247,0.8113516951554993,1.6741850968563985,0.7767406079255661,0.1830159490482459,0.050449707085756926,0.4825750265644964,0.7329694825727198,1.0546423179624078,0.1461657806090553,0.8817733990147784,0.4543147208121827,1.81949688679953,0.687192118226601,0.7081218274111675,1.4179877972543822,0.5988805970149254,0.8147208121827412,1.2357612319115086,0.7767406079255661,fl_loco_FedProx,CIMAS HCC  MUTARE PHARMACY,37,FedProx
FedAvg-equal_CIMAS HCC  MUTARE PHARMACY_s37,813,419,0.5153751537515375,0.7248181023177321,1.406389301155886,0.7721006021104152,0.1842654064295772,0.05640068098029756,0.48417587759094866,0.7327423282410379,1.1511994879636112,-0.183894247141416,0.7192118226600985,0.34844868735083534,1.3955112454001435,0.7192118226600985,0.6968973747016707,1.3955112454001435,0.6940298507462687,0.8878281622911695,1.346649805863285,394,0.48462484624846247,0.8093676966233401,1.670091211560344,0.7721006021104151,0.1842654064295772,0.05640068098029762,0.48417587759094866,0.7327423282410379,1.1511994879636112,0.18389424714141597,0.8916256157635468,0.4593908629441624,1.8398264609537147,0.687192118226601,0.7081218274111675,1.4179877972543822,0.5914179104477612,0.8045685279187818,1.2203623380559132,0.7721006021104152,fl_loco_FedAvg-equal,CIMAS HCC  MUTARE PHARMACY,37,FedAvg-equal
SCAFFOLD_CIMAS HCC  MUTARE PHARMACY_s37,813,419,0.5153751537515375,0.7248065599817859,1.4063669051675225,0.7720945446615703,0.18424441361522087,0.05732484067901639,0.48417587759094866,0.7327423282410379,1.1497212243098578,-0.1853307776847298,0.7241379310344828,0.35083532219570407,1.4050695416015142,0.7192118226600985,0.6968973747016707,1.3955112454001435,0.6940298507462687,0.8878281622911695,1.346649805863285,394,0.48462484624846247,0.8092889851329215,1.669928794195597,0.7720945446615703,0.18424441361522087,0.05732484067901637,0.48417587759094866,0.7327423282410379,1.1497212243098578,0.1853307776847298,0.8916256157635468,0.4593908629441624,1.8398264609537147,0.687192118226601,0.7081218274111675,1.4179877972543822,0.5914179104477612,0.8045685279187818,1.2203623380559132,0.7720945446615703,fl_loco_SCAFFOLD,CIMAS HCC  MUTARE PHARMACY,37,SCAFFOLD
FedAdam_CIMAS HCC  MUTARE PHARMACY_s37,813,419,0.5153751537515375,0.7150884076950998,1.387510442616029,0.7730092194371418,0.18791527380213346,0.057721069589248074,0.48189289772655686,0.7314732927080431,0.9608972108698676,-0.20148300325967158,0.7093596059113301,0.3436754176610978,1.3763946529974018,0.7315270935960592,0.7088305489260143,1.4194069859035705,0.6865671641791045,0.8782816229116945,1.3321697004238948,394,0.48462484624846247,0.8043846543848753,1.659808944200263,0.7730092194371418,0.18791527380213346,0.05772106958924806,0.48189289772655686,0.7314732927080431,0.9608972108698677,0.20148300325967158,0.8719211822660099,0.44923857868020306,1.7991673126453454,0.7019704433497537,0.7233502538071066,1.4484821584856593,0.6007462686567164,0.817258883248731,1.2396109553754073,0.7730092194371418,fl_loco_FedAdam,CIMAS HCC  MUTARE PHARMACY,37,FedAdam
FedAvg_CIMAS HCC CHINHOYI ST. PHARM_s7,1347,598,0.44394951744617667,0.7293925588973295,1.6429628375162255,0.8230416475032485,0.1675988397708955,0.03495122501245185,0.5027766215056483,0.7519937397019885,1.106076090076373,-0.07307691156216112,0.7589285714285714,0.42642140468227424,1.7094929526994744,0.6939078751857355,0.7809364548494984,1.5630332907611801,0.6321709786276716,0.939799331103679,1.423970415069354,749,0.5560504825538233,0.8735895255287631,1.5710615365650789,0.8230416475032485,0.1675988397708955,0.03495122501245182,0.5027766215056483,0.7519937397019885,1.106076090076373,0.07307691156216113,0.9583333333333334,0.42990654205607476,1.723464619492657,0.8068350668647846,0.7249666221628839,1.4510104607034244,0.7075365579302587,0.8397863818424566,1.2724322343552184,0.8230416475032485,fl_loco_FedAvg,CIMAS HCC CHINHOYI ST. PHARM,7,FedAvg
FedProx_CIMAS HCC CHINHOYI ST. PHARM_s7,1347,598,0.44394951744617667,0.7293849723484802,1.6429457487515098,0.8229947622470987,0.16760521065944858,0.034901731011718194,0.5027766215056483,0.7519937397019885,1.1070690054725116,-0.07292921895504946,0.7589285714285714,0.42642140468227424,1.7094929526994744,0.6939078751857355,0.7809364548494984,1.5630332907611801,0.6321709786276716,0.939799331103679,1.423970415069354,749,0.5560504825538233,0.8735383281999209,1.5709694633982558,0.8229947622470988,0.16760521065944858,0.03490173101171817,0.5027766215056483,0.7519937397019885,1.1070690054725116,0.07292921895504945,0.9583333333333334,0.42990654205607476,1.723464619492657,0.8068350668647846,0.7249666221628839,1.4510104607034244,0.7064116985376828,0.8384512683578104,1.2704092896265138,0.8229947622470987,fl_loco_FedProx,CIMAS HCC CHINHOYI ST. PHARM,7,FedProx
FedAvg-equal_CIMAS HCC CHINHOYI ST. PHARM_s7,1347,598,0.44394951744617667,0.723629760414658,1.6299820857500742,0.8210322793825434,0.16878008241245165,0.03801971232838348,0.5107197063998167,0.7551830534357962,1.2042544572486085,-0.1257389838040715,0.7440476190476191,0.4180602006688963,1.6759734830387005,0.6953937592867756,0.782608695652174,1.5663802571225531,0.6332958380202475,0.9414715719063546,1.42650417025631,749,0.5560504825538233,0.8730426376004887,1.570078014483122,0.8210322793825435,0.16878008241245165,0.0380197123283835,0.5107197063998167,0.7551830534357962,1.2042544572486085,0.12573898380407153,0.9583333333333334,0.42990654205607476,1.723464619492657,0.8068350668647846,0.7249666221628839,1.4510104607034244,0.7052868391451068,0.8371161548731643,1.268386344897809,0.8210322793825434,fl_loco_FedAvg-equal,CIMAS HCC CHINHOYI ST. PHARM,7,FedAvg-equal
SCAFFOLD_CIMAS HCC CHINHOYI ST. PHARM_s7,1347,598,0.44394951744617667,0.7237473343444494,1.6302469220099889,0.8211037235823907,0.16874557001983892,0.036912352921598,0.5107197063998167,0.7551830534357962,1.202598373537016,-0.12777343948111805,0.7440476190476191,0.4180602006688963,1.6759734830387005,0.6953937592867756,0.782608695652174,1.5663802571225531,0.6332958380202475,0.9414715719063546,1.42650417025631,749,0.5560504825538233,0.873082695834715,1.5701500551259828,0.8211037235823908,0.16874557001983892,0.03691235292159807,0.5107197063998167,0.7551830534357962,1.2025983735370158,0.12777343948111805,0.9613095238095238,0.43124165554072097,1.7288169940873548,0.8068350668647846,0.7249666221628839,1.4510104607034244,0.7052868391451068,0.8371161548731643,1.268386344897809,0.8211037235823907,fl_loco_SCAFFOLD,CIMAS HCC CHINHOYI ST. PHARM,7,SCAFFOLD
FedAdam_CIMAS HCC CHINHOYI ST. PHARM_s7,1347,598,0.44394951744617667,0.7347230428533297,1.6549697971963797,0.8218672834682588,0.16956201315354155,0.03917878440285644,0.5169551187796698,0.7585208371474117,1.0833786938894117,-0.15780456825788153,0.7619047619047619,0.4280936454849498,1.7161968466316293,0.6864784546805349,0.7725752508361204,1.5462984589543154,0.6265466816647919,0.931438127090301,1.4113016391345732,749,0.5560504825538233,0.8715558239075372,1.5674041319138219,0.8218672834682585,0.16956201315354155,0.03917878440285642,0.5169551187796698,0.7585208371474117,1.0833786938894117,0.15780456825788156,0.9613095238095238,0.43124165554072097,1.7288169940873548,0.7979197622585439,0.7169559412550067,1.4349771959442705,0.7052868391451068,0.8371161548731643,1.268386344897809,0.8218672834682588,fl_loco_FedAdam,CIMAS HCC CHINHOYI ST. PHARM,7,FedAdam
FedAvg_CIMAS HCC CHINHOYI ST. PHARM_s11,1347,598,0.44394951744617667,0.7293925588973295,1.6429628375162255,0.8230416475032485,0.1675988397708955,0.03495122501245185,0.5027766215056483,0.7519937397019885,1.106076090076373,-0.07307691156216112,0.7589285714285714,0.42642140468227424,1.7094929526994744,0.6939078751857355,0.7809364548494984,1.5630332907611801,0.6321709786276716,0.939799331103679,1.423970415069354,749,0.5560504825538233,0.8735895255287631,1.5710615365650789,0.8230416475032485,0.1675988397708955,0.03495122501245182,0.5027766215056483,0.7519937397019885,1.106076090076373,0.07307691156216113,0.9583333333333334,0.42990654205607476,1.723464619492657,0.8068350668647846,0.7249666221628839,1.4510104607034244,0.7075365579302587,0.8397863818424566,1.2724322343552184,0.8230416475032485,fl_loco_FedAvg,CIMAS HCC CHINHOYI ST. PHARM,11,FedAvg
FedProx_CIMAS HCC CHINHOYI ST. PHARM_s11,1347,598,0.44394951744617667,0.7293849723484802,1.6429457487515098,0.8229947622470987,0.16760521065944858,0.034901731011718194,0.5027766215056483,0.7519937397019885,1.1070690054725116,-0.07292921895504946,0.7589285714285714,0.42642140468227424,1.7094929526994744,0.6939078751857355,0.7809364548494984,1.5630332907611801,0.6321709786276716,0.939799331103679,1.423970415069354,749,0.5560504825538233,0.8735383281999209,1.5709694633982558,0.8229947622470988,0.16760521065944858,0.03490173101171817,0.5027766215056483,0.7519937397019885,1.1070690054725116,0.07292921895504945,0.9583333333333334,0.42990654205607476,1.723464619492657,0.8068350668647846,0.7249666221628839,1.4510104607034244,0.7064116985376828,0.8384512683578104,1.2704092896265138,0.8229947622470987,fl_loco_FedProx,CIMAS HCC CHINHOYI ST. PHARM,11,FedProx
FedAvg-equal_CIMAS HCC CHINHOYI ST. PHARM_s11,1347,598,0.44394951744617667,0.723629760414658,1.6299820857500742,0.8210322793825434,0.16878008241245165,0.03801971232838348,0.5107197063998167,0.7551830534357962,1.2042544572486085,-0.1257389838040715,0.7440476190476191,0.4180602006688963,1.6759734830387005,0.6953937592867756,0.782608695652174,1.5663802571225531,0.6332958380202475,0.9414715719063546,1.42650417025631,749,0.5560504825538233,0.8730426376004887,1.570078014483122,0.8210322793825435,0.16878008241245165,0.0380197123283835,0.5107197063998167,0.7551830534357962,1.2042544572486085,0.12573898380407153,0.9583333333333334,0.42990654205607476,1.723464619492657,0.8068350668647846,0.7249666221628839,1.4510104607034244,0.7052868391451068,0.8371161548731643,1.268386344897809,0.8210322793825434,fl_loco_FedAvg-equal,CIMAS HCC CHINHOYI ST. PHARM,11,FedAvg-equal
SCAFFOLD_CIMAS HCC CHINHOYI ST. PHARM_s11,1347,598,0.44394951744617667,0.7237473343444494,1.6302469220099889,0.8211037235823907,0.16874557001983892,0.036912352921598,0.5107197063998167,0.7551830534357962,1.202598373537016,-0.12777343948111805,0.7440476190476191,0.4180602006688963,1.6759734830387005,0.6953937592867756,0.782608695652174,1.5663802571225531,0.6332958380202475,0.9414715719063546,1.42650417025631,749,0.5560504825538233,0.873082695834715,1.5701500551259828,0.8211037235823908,0.16874557001983892,0.03691235292159807,0.5107197063998167,0.7551830534357962,1.2025983735370158,0.12777343948111805,0.9613095238095238,0.43124165554072097,1.7288169940873548,0.8068350668647846,0.7249666221628839,1.4510104607034244,0.7052868391451068,0.8371161548731643,1.268386344897809,0.8211037235823907,fl_loco_SCAFFOLD,CIMAS HCC CHINHOYI ST. PHARM,11,SCAFFOLD
FedAdam_CIMAS HCC CHINHOYI ST. PHARM_s11,1347,598,0.44394951744617667,0.7347230428533297,1.6549697971963797,0.8218672834682588,0.16956201315354155,0.03917878440285644,0.5169551187796698,0.7585208371474117,1.0833786938894117,-0.15780456825788153,0.7619047619047619,0.4280936454849498,1.7161968466316293,0.6864784546805349,0.7725752508361204,1.5462984589543154,0.6265466816647919,0.931438127090301,1.4113016391345732,749,0.5560504825538233,0.8715558239075372,1.5674041319138219,0.8218672834682585,0.16956201315354155,0.03917878440285642,0.5169551187796698,0.7585208371474117,1.0833786938894117,0.15780456825788156,0.9613095238095238,0.43124165554072097,1.7288169940873548,0.7979197622585439,0.7169559412550067,1.4349771959442705,0.7052868391451068,0.8371161548731643,1.268386344897809,0.8218672834682588,fl_loco_FedAdam,CIMAS HCC CHINHOYI ST. PHARM,11,FedAdam
FedAvg_CIMAS HCC CHINHOYI ST. PHARM_s19,1347,598,0.44394951744617667,0.7293925588973295,1.6429628375162255,0.8230416475032485,0.1675988397708955,0.03495122501245185,0.5027766215056483,0.7519937397019885,1.106076090076373,-0.07307691156216112,0.7589285714285714,0.42642140468227424,1.7094929526994744,0.6939078751857355,0.7809364548494984,1.5630332907611801,0.6321709786276716,0.939799331103679,1.423970415069354,749,0.5560504825538233,0.8735895255287631,1.5710615365650789,0.8230416475032485,0.1675988397708955,0.03495122501245182,0.5027766215056483,0.7519937397019885,1.106076090076373,0.07307691156216113,0.9583333333333334,0.42990654205607476,1.723464619492657,0.8068350668647846,0.7249666221628839,1.4510104607034244,0.7075365579302587,0.8397863818424566,1.2724322343552184,0.8230416475032485,fl_loco_FedAvg,CIMAS HCC CHINHOYI ST. PHARM,19,FedAvg
FedProx_CIMAS HCC CHINHOYI ST. PHARM_s19,1347,598,0.44394951744617667,0.7293849723484802,1.6429457487515098,0.8229947622470987,0.16760521065944858,0.034901731011718194,0.5027766215056483,0.7519937397019885,1.1070690054725116,-0.07292921895504946,0.7589285714285714,0.42642140468227424,1.7094929526994744,0.6939078751857355,0.7809364548494984,1.5630332907611801,0.6321709786276716,0.939799331103679,1.423970415069354,749,0.5560504825538233,0.8735383281999209,1.5709694633982558,0.8229947622470988,0.16760521065944858,0.03490173101171817,0.5027766215056483,0.7519937397019885,1.1070690054725116,0.07292921895504945,0.9583333333333334,0.42990654205607476,1.723464619492657,0.8068350668647846,0.7249666221628839,1.4510104607034244,0.7064116985376828,0.8384512683578104,1.2704092896265138,0.8229947622470987,fl_loco_FedProx,CIMAS HCC CHINHOYI ST. PHARM,19,FedProx
FedAvg-equal_CIMAS HCC CHINHOYI ST. PHARM_s19,1347,598,0.44394951744617667,0.723629760414658,1.6299820857500742,0.8210322793825434,0.16878008241245165,0.03801971232838348,0.5107197063998167,0.7551830534357962,1.2042544572486085,-0.1257389838040715,0.7440476190476191,0.4180602006688963,1.6759734830387005,0.6953937592867756,0.782608695652174,1.5663802571225531,0.6332958380202475,0.9414715719063546,1.42650417025631,749,0.5560504825538233,0.8730426376004887,1.570078014483122,0.8210322793825435,0.16878008241245165,0.0380197123283835,0.5107197063998167,0.7551830534357962,1.2042544572486085,0.12573898380407153,0.9583333333333334,0.42990654205607476,1.723464619492657,0.8068350668647846,0.7249666221628839,1.4510104607034244,0.7052868391451068,0.8371161548731643,1.268386344897809,0.8210322793825434,fl_loco_FedAvg-equal,CIMAS HCC CHINHOYI ST. PHARM,19,FedAvg-equal
SCAFFOLD_CIMAS HCC CHINHOYI ST. PHARM_s19,1347,598,0.44394951744617667,0.7237473343444494,1.6302469220099889,0.8211037235823907,0.16874557001983892,0.036912352921598,0.5107197063998167,0.7551830534357962,1.202598373537016,-0.12777343948111805,0.7440476190476191,0.4180602006688963,1.6759734830387005,0.6953937592867756,0.782608695652174,1.5663802571225531,0.6332958380202475,0.9414715719063546,1.42650417025631,749,0.5560504825538233,0.873082695834715,1.5701500551259828,0.8211037235823908,0.16874557001983892,0.03691235292159807,0.5107197063998167,0.7551830534357962,1.2025983735370158,0.12777343948111805,0.9613095238095238,0.43124165554072097,1.7288169940873548,0.8068350668647846,0.7249666221628839,1.4510104607034244,0.7052868391451068,0.8371161548731643,1.268386344897809,0.8211037235823907,fl_loco_SCAFFOLD,CIMAS HCC CHINHOYI ST. PHARM,19,SCAFFOLD
FedAdam_CIMAS HCC CHINHOYI ST. PHARM_s19,1347,598,0.44394951744617667,0.7347230428533297,1.6549697971963797,0.8218672834682588,0.16956201315354155,0.03917878440285644,0.5169551187796698,0.7585208371474117,1.0833786938894117,-0.15780456825788153,0.7619047619047619,0.4280936454849498,1.7161968466316293,0.6864784546805349,0.7725752508361204,1.5462984589543154,0.6265466816647919,0.931438127090301,1.4113016391345732,749,0.5560504825538233,0.8715558239075372,1.5674041319138219,0.8218672834682585,0.16956201315354155,0.03917878440285642,0.5169551187796698,0.7585208371474117,1.0833786938894117,0.15780456825788156,0.9613095238095238,0.43124165554072097,1.7288169940873548,0.7979197622585439,0.7169559412550067,1.4349771959442705,0.7052868391451068,0.8371161548731643,1.268386344897809,0.8218672834682588,fl_loco_FedAdam,CIMAS HCC CHINHOYI ST. PHARM,19,FedAdam
FedAvg_CIMAS HCC CHINHOYI ST. PHARM_s23,1347,598,0.44394951744617667,0.7293925588973295,1.6429628375162255,0.8230416475032485,0.1675988397708955,0.03495122501245185,0.5027766215056483,0.7519937397019885,1.106076090076373,-0.07307691156216112,0.7589285714285714,0.42642140468227424,1.7094929526994744,0.6939078751857355,0.7809364548494984,1.5630332907611801,0.6321709786276716,0.939799331103679,1.423970415069354,749,0.5560504825538233,0.8735895255287631,1.5710615365650789,0.8230416475032485,0.1675988397708955,0.03495122501245182,0.5027766215056483,0.7519937397019885,1.106076090076373,0.07307691156216113,0.9583333333333334,0.42990654205607476,1.723464619492657,0.8068350668647846,0.7249666221628839,1.4510104607034244,0.7075365579302587,0.8397863818424566,1.2724322343552184,0.8230416475032485,fl_loco_FedAvg,CIMAS HCC CHINHOYI ST. PHARM,23,FedAvg
FedProx_CIMAS HCC CHINHOYI ST. PHARM_s23,1347,598,0.44394951744617667,0.7293849723484802,1.6429457487515098,0.8229947622470987,0.16760521065944858,0.034901731011718194,0.5027766215056483,0.7519937397019885,1.1070690054725116,-0.07292921895504946,0.7589285714285714,0.42642140468227424,1.7094929526994744,0.6939078751857355,0.7809364548494984,1.5630332907611801,0.6321709786276716,0.939799331103679,1.423970415069354,749,0.5560504825538233,0.8735383281999209,1.5709694633982558,0.8229947622470988,0.16760521065944858,0.03490173101171817,0.5027766215056483,0.7519937397019885,1.1070690054725116,0.07292921895504945,0.9583333333333334,0.42990654205607476,1.723464619492657,0.8068350668647846,0.7249666221628839,1.4510104607034244,0.7064116985376828,0.8384512683578104,1.2704092896265138,0.8229947622470987,fl_loco_FedProx,CIMAS HCC CHINHOYI ST. PHARM,23,FedProx
FedAvg-equal_CIMAS HCC CHINHOYI ST. PHARM_s23,1347,598,0.44394951744617667,0.723629760414658,1.6299820857500742,0.8210322793825434,0.16878008241245165,0.03801971232838348,0.5107197063998167,0.7551830534357962,1.2042544572486085,-0.1257389838040715,0.7440476190476191,0.4180602006688963,1.6759734830387005,0.6953937592867756,0.782608695652174,1.5663802571225531,0.6332958380202475,0.9414715719063546,1.42650417025631,749,0.5560504825538233,0.8730426376004887,1.570078014483122,0.8210322793825435,0.16878008241245165,0.0380197123283835,0.5107197063998167,0.7551830534357962,1.2042544572486085,0.12573898380407153,0.9583333333333334,0.42990654205607476,1.723464619492657,0.8068350668647846,0.7249666221628839,1.4510104607034244,0.7052868391451068,0.8371161548731643,1.268386344897809,0.8210322793825434,fl_loco_FedAvg-equal,CIMAS HCC CHINHOYI ST. PHARM,23,FedAvg-equal
SCAFFOLD_CIMAS HCC CHINHOYI ST. PHARM_s23,1347,598,0.44394951744617667,0.7237473343444494,1.6302469220099889,0.8211037235823907,0.16874557001983892,0.036912352921598,0.5107197063998167,0.7551830534357962,1.202598373537016,-0.12777343948111805,0.7440476190476191,0.4180602006688963,1.6759734830387005,0.6953937592867756,0.782608695652174,1.5663802571225531,0.6332958380202475,0.9414715719063546,1.42650417025631,749,0.5560504825538233,0.873082695834715,1.5701500551259828,0.8211037235823908,0.16874557001983892,0.03691235292159807,0.5107197063998167,0.7551830534357962,1.2025983735370158,0.12777343948111805,0.9613095238095238,0.43124165554072097,1.7288169940873548,0.8068350668647846,0.7249666221628839,1.4510104607034244,0.7052868391451068,0.8371161548731643,1.268386344897809,0.8211037235823907,fl_loco_SCAFFOLD,CIMAS HCC CHINHOYI ST. PHARM,23,SCAFFOLD
FedAdam_CIMAS HCC CHINHOYI ST. PHARM_s23,1347,598,0.44394951744617667,0.7347230428533297,1.6549697971963797,0.8218672834682588,0.16956201315354155,0.03917878440285644,0.5169551187796698,0.7585208371474117,1.0833786938894117,-0.15780456825788153,0.7619047619047619,0.4280936454849498,1.7161968466316293,0.6864784546805349,0.7725752508361204,1.5462984589543154,0.6265466816647919,0.931438127090301,1.4113016391345732,749,0.5560504825538233,0.8715558239075372,1.5674041319138219,0.8218672834682585,0.16956201315354155,0.03917878440285642,0.5169551187796698,0.7585208371474117,1.0833786938894117,0.15780456825788156,0.9613095238095238,0.43124165554072097,1.7288169940873548,0.7979197622585439,0.7169559412550067,1.4349771959442705,0.7052868391451068,0.8371161548731643,1.268386344897809,0.8218672834682588,fl_loco_FedAdam,CIMAS HCC CHINHOYI ST. PHARM,23,FedAdam
FedAvg_CIMAS HCC CHINHOYI ST. PHARM_s37,1347,598,0.44394951744617667,0.7293925588973295,1.6429628375162255,0.8230416475032485,0.1675988397708955,0.03495122501245185,0.5027766215056483,0.7519937397019885,1.106076090076373,-0.07307691156216112,0.7589285714285714,0.42642140468227424,1.7094929526994744,0.6939078751857355,0.7809364548494984,1.5630332907611801,0.6321709786276716,0.939799331103679,1.423970415069354,749,0.5560504825538233,0.8735895255287631,1.5710615365650789,0.8230416475032485,0.1675988397708955,0.03495122501245182,0.5027766215056483,0.7519937397019885,1.106076090076373,0.07307691156216113,0.9583333333333334,0.42990654205607476,1.723464619492657,0.8068350668647846,0.7249666221628839,1.4510104607034244,0.7075365579302587,0.8397863818424566,1.2724322343552184,0.8230416475032485,fl_loco_FedAvg,CIMAS HCC CHINHOYI ST. PHARM,37,FedAvg
FedProx_CIMAS HCC CHINHOYI ST. PHARM_s37,1347,598,0.44394951744617667,0.7293849723484802,1.6429457487515098,0.8229947622470987,0.16760521065944858,0.034901731011718194,0.5027766215056483,0.7519937397019885,1.1070690054725116,-0.07292921895504946,0.7589285714285714,0.42642140468227424,1.7094929526994744,0.6939078751857355,0.7809364548494984,1.5630332907611801,0.6321709786276716,0.939799331103679,1.423970415069354,749,0.5560504825538233,0.8735383281999209,1.5709694633982558,0.8229947622470988,0.16760521065944858,0.03490173101171817,0.5027766215056483,0.7519937397019885,1.1070690054725116,0.07292921895504945,0.9583333333333334,0.42990654205607476,1.723464619492657,0.8068350668647846,0.7249666221628839,1.4510104607034244,0.7064116985376828,0.8384512683578104,1.2704092896265138,0.8229947622470987,fl_loco_FedProx,CIMAS HCC CHINHOYI ST. PHARM,37,FedProx
FedAvg-equal_CIMAS HCC CHINHOYI ST. PHARM_s37,1347,598,0.44394951744617667,0.723629760414658,1.6299820857500742,0.8210322793825434,0.16878008241245165,0.03801971232838348,0.5107197063998167,0.7551830534357962,1.2042544572486085,-0.1257389838040715,0.7440476190476191,0.4180602006688963,1.6759734830387005,0.6953937592867756,0.782608695652174,1.5663802571225531,0.6332958380202475,0.9414715719063546,1.42650417025631,749,0.5560504825538233,0.8730426376004887,1.570078014483122,0.8210322793825435,0.16878008241245165,0.0380197123283835,0.5107197063998167,0.7551830534357962,1.2042544572486085,0.12573898380407153,0.9583333333333334,0.42990654205607476,1.723464619492657,0.8068350668647846,0.7249666221628839,1.4510104607034244,0.7052868391451068,0.8371161548731643,1.268386344897809,0.8210322793825434,fl_loco_FedAvg-equal,CIMAS HCC CHINHOYI ST. PHARM,37,FedAvg-equal
SCAFFOLD_CIMAS HCC CHINHOYI ST. PHARM_s37,1347,598,0.44394951744617667,0.7237473343444494,1.6302469220099889,0.8211037235823907,0.16874557001983892,0.036912352921598,0.5107197063998167,0.7551830534357962,1.202598373537016,-0.12777343948111805,0.7440476190476191,0.4180602006688963,1.6759734830387005,0.6953937592867756,0.782608695652174,1.5663802571225531,0.6332958380202475,0.9414715719063546,1.42650417025631,749,0.5560504825538233,0.873082695834715,1.5701500551259828,0.8211037235823908,0.16874557001983892,0.03691235292159807,0.5107197063998167,0.7551830534357962,1.2025983735370158,0.12777343948111805,0.9613095238095238,0.43124165554072097,1.7288169940873548,0.8068350668647846,0.7249666221628839,1.4510104607034244,0.7052868391451068,0.8371161548731643,1.268386344897809,0.8211037235823907,fl_loco_SCAFFOLD,CIMAS HCC CHINHOYI ST. PHARM,37,SCAFFOLD
FedAdam_CIMAS HCC CHINHOYI ST. PHARM_s37,1347,598,0.44394951744617667,0.7347230428533297,1.6549697971963797,0.8218672834682588,0.16956201315354155,0.03917878440285644,0.5169551187796698,0.7585208371474117,1.0833786938894117,-0.15780456825788153,0.7619047619047619,0.4280936454849498,1.7161968466316293,0.6864784546805349,0.7725752508361204,1.5462984589543154,0.6265466816647919,0.931438127090301,1.4113016391345732,749,0.5560504825538233,0.8715558239075372,1.5674041319138219,0.8218672834682585,0.16956201315354155,0.03917878440285642,0.5169551187796698,0.7585208371474117,1.0833786938894117,0.15780456825788156,0.9613095238095238,0.43124165554072097,1.7288169940873548,0.7979197622585439,0.7169559412550067,1.4349771959442705,0.7052868391451068,0.8371161548731643,1.268386344897809,0.8218672834682588,fl_loco_FedAdam,CIMAS HCC CHINHOYI ST. PHARM,37,FedAdam
FedAvg_CIMAS HCC CHITUNGWIZA PHARMACY_s7,619,333,0.5379644588045234,0.7557334507506409,1.4048018198638041,0.7682017682017682,0.19022648338921433,0.029311147134962353,0.4094038503141311,0.7023194523194524,0.903835330430168,0.052073017048129715,0.7662337662337663,0.35435435435435436,1.4243204243204246,0.7346278317152104,0.6816816816816816,1.365569452948094,0.6887254901960784,0.8438438438438438,1.2802434787728907,286,0.4620355411954766,0.7733080255774745,1.6736981392743242,0.7682017682017682,0.19022648338921433,0.029311147134962367,0.4094038503141311,0.7023194523194524,0.903835330430168,-0.052073017048129694,0.8246753246753247,0.44405594405594406,1.7848742166923985,0.6601941747572816,0.7132867132867133,1.4288817978138368,0.5759803921568627,0.8216783216783217,1.2466149047031398,0.7682017682017682,fl_loco_FedAvg,CIMAS HCC CHITUNGWIZA PHARMACY,7,FedAvg
FedProx_CIMAS HCC CHITUNGWIZA PHARMACY_s7,619,333,0.5379644588045234,0.7559559103594005,1.405215340878285,0.7683592683592684,0.1902275264642254,0.02922945678827572,0.4094038503141311,0.7023194523194524,0.9046770561724427,0.05221353672739684,0.7662337662337663,0.35435435435435436,1.4243204243204246,0.7346278317152104,0.6816816816816816,1.365569452948094,0.6887254901960784,0.8438438438438438,1.2802434787728907,286,0.4620355411954766,0.7734067220613214,1.6739117515942585,0.7683592683592685,0.1902275264642254,0.02922945678827574,0.4094038503141311,0.7023194523194524,0.9046770561724427,-0.052213536727396835,0.8246753246753247,0.44405594405594406,1.7848742166923985,0.6601941747572816,0.7132867132867133,1.4288817978138368,0.5759803921568627,0.8216783216783217,1.2466149047031398,0.7683592683592684,fl_loco_FedProx,CIMAS HCC CHITUNGWIZA PHARMACY,7,FedProx
FedAvg-equal_CIMAS HCC CHITUNGWIZA PHARMACY_s7,619,333,0.5379644588045234,0.7568031536229218,1.4067902465242903,0.77009177009177,0.18921926425841987,0.04404012880087857,0.40945010155988937,0.7025662025662025,1.0064660164387473,0.016933266143518883,0.7792207792207793,0.36036036036036034,1.4484614484614486,0.7475728155339806,0.6936936936936937,1.3896323507973996,0.6862745098039216,0.8408408408408409,1.2756874521580406,286,0.4620355411954766,0.7734980572433456,1.6741094315861222,0.7700917700917701,0.1892192642584199,0.044040128800878556,0.40945010155988937,0.7025662025662025,1.0064660164387473,-0.016933266143518876,0.8181818181818182,0.4405594405594406,1.7708200890019072,0.6699029126213593,0.7237762237762237,1.4498947654287462,0.5759803921568627,0.8216783216783217,1.2466149047031398,0.77009177009177,fl_loco_FedAvg-equal,CIMAS HCC CHITUNGWIZA PHARMACY,7,FedAvg-equal
SCAFFOLD_CIMAS HCC CHITUNGWIZA PHARMACY_s7,619,333,0.5379644588045234,0.7566716078672555,1.4065457215310246,0.7700707700707701,0.1892281785523819,0.043202864104544034,0.40945010155988937,0.7025662025662025,1.004740831911975,0.015952583683089952,0.7792207792207793,0.36036036036036034,1.4484614484614486,0.7475728155339806,0.6936936936936937,1.3896323507973996,0.6862745098039216,0.8408408408408409,1.2756874521580406,286,0.4620355411954766,0.7738821435515291,1.6749407232811067,0.7700707700707701,0.1892281785523819,0.043202864104544006,0.40945010155988937,0.7025662025662025,1.004740831911975,-0.01595258368308993,0.8181818181818182,0.4405594405594406,1.7708200890019072,0.6731391585760518,0.7272727272727273,1.4568990879670491,0.5759803921568627,0.8216783216783217,1.2466149047031398,0.7700707700707701,fl_loco_SCAFFOLD,CIMAS HCC CHITUNGWIZA PHARMACY,7,SCAFFOLD
FedAdam_CIMAS HCC CHITUNGWIZA PHARMACY_s7,619,333,0.5379644588045234,0.760762256111774,1.4141496592588232,0.7712992712992712,0.19117210262825426,0.027646066033015095,0.41597354166946543,0.7048289548289548,0.8901164843386417,-0.023211924198767754,0.7987012987012987,0.36936936936936937,1.4846729846729847,0.7443365695792881,0.6906906906906907,1.383616626335073,0.6887254901960784,0.8438438438438438,1.2802434787728907,286,0.4620355411954766,0.7721357454375373,1.6711609315588656,0.7712992712992712,0.19117210262825426,0.02764606603301506,0.41597354166946543,0.7048289548289548,0.8901164843386417,0.023211924198767754,0.7987012987012987,0.43006993006993005,1.728657705930433,0.6699029126213593,0.7237762237762237,1.4498947654287462,0.5808823529411765,0.8286713286713286,1.2572243932538052,0.7712992712992712,fl_loco_FedAdam,CIMAS HCC CHITUNGWIZA PHARMACY,7,FedAdam
FedAvg_CIMAS HCC CHITUNGWIZA PHARMACY_s11,619,333,0.5379644588045234,0.7557334507506409,1.4048018198638041,0.7682017682017682,0.19022648338921433,0.029311147134962353,0.4094038503141311,0.7023194523194524,0.903835330430168,0.052073017048129715,0.7662337662337663,0.35435435435435436,1.4243204243204246,0.7346278317152104,0.6816816816816816,1.365569452948094,0.6887254901960784,0.8438438438438438,1.2802434787728907,286,0.4620355411954766,0.7733080255774745,1.6736981392743242,0.7682017682017682,0.19022648338921433,0.029311147134962367,0.4094038503141311,0.7023194523194524,0.903835330430168,-0.052073017048129694,0.8246753246753247,0.44405594405594406,1.7848742166923985,0.6601941747572816,0.7132867132867133,1.4288817978138368,0.5759803921568627,0.8216783216783217,1.2466149047031398,0.7682017682017682,fl_loco_FedAvg,CIMAS HCC CHITUNGWIZA PHARMACY,11,FedAvg
FedProx_CIMAS HCC CHITUNGWIZA PHARMACY_s11,619,333,0.5379644588045234,0.7559559103594005,1.405215340878285,0.7683592683592684,0.1902275264642254,0.02922945678827572,0.4094038503141311,0.7023194523194524,0.9046770561724427,0.05221353672739684,0.7662337662337663,0.35435435435435436,1.4243204243204246,0.7346278317152104,0.6816816816816816,1.365569452948094,0.6887254901960784,0.8438438438438438,1.2802434787728907,286,0.4620355411954766,0.7734067220613214,1.6739117515942585,0.7683592683592685,0.1902275264642254,0.02922945678827574,0.4094038503141311,0.7023194523194524,0.9046770561724427,-0.052213536727396835,0.8246753246753247,0.44405594405594406,1.7848742166923985,0.6601941747572816,0.7132867132867133,1.4288817978138368,0.5759803921568627,0.8216783216783217,1.2466149047031398,0.7683592683592684,fl_loco_FedProx,CIMAS HCC CHITUNGWIZA PHARMACY,11,FedProx
FedAvg-equal_CIMAS HCC CHITUNGWIZA PHARMACY_s11,619,333,0.5379644588045234,0.7568031536229218,1.4067902465242903,0.77009177009177,0.18921926425841987,0.04404012880087857,0.40945010155988937,0.7025662025662025,1.0064660164387473,0.016933266143518883,0.7792207792207793,0.36036036036036034,1.4484614484614486,0.7475728155339806,0.6936936936936937,1.3896323507973996,0.6862745098039216,0.8408408408408409,1.2756874521580406,286,0.4620355411954766,0.7734980572433456,1.6741094315861222,0.7700917700917701,0.1892192642584199,0.044040128800878556,0.40945010155988937,0.7025662025662025,1.0064660164387473,-0.016933266143518876,0.8181818181818182,0.4405594405594406,1.7708200890019072,0.6699029126213593,0.7237762237762237,1.4498947654287462,0.5759803921568627,0.8216783216783217,1.2466149047031398,0.77009177009177,fl_loco_FedAvg-equal,CIMAS HCC CHITUNGWIZA PHARMACY,11,FedAvg-equal
SCAFFOLD_CIMAS HCC CHITUNGWIZA PHARMACY_s11,619,333,0.5379644588045234,0.7566716078672555,1.4065457215310246,0.7700707700707701,0.1892281785523819,0.043202864104544034,0.40945010155988937,0.7025662025662025,1.004740831911975,0.015952583683089952,0.7792207792207793,0.36036036036036034,1.4484614484614486,0.7475728155339806,0.6936936936936937,1.3896323507973996,0.6862745098039216,0.8408408408408409,1.2756874521580406,286,0.4620355411954766,0.7738821435515291,1.6749407232811067,0.7700707700707701,0.1892281785523819,0.043202864104544006,0.40945010155988937,0.7025662025662025,1.004740831911975,-0.01595258368308993,0.8181818181818182,0.4405594405594406,1.7708200890019072,0.6731391585760518,0.7272727272727273,1.4568990879670491,0.5759803921568627,0.8216783216783217,1.2466149047031398,0.7700707700707701,fl_loco_SCAFFOLD,CIMAS HCC CHITUNGWIZA PHARMACY,11,SCAFFOLD
FedAdam_CIMAS HCC CHITUNGWIZA PHARMACY_s11,619,333,0.5379644588045234,0.760762256111774,1.4141496592588232,0.7712992712992712,0.19117210262825426,0.027646066033015095,0.41597354166946543,0.7048289548289548,0.8901164843386417,-0.023211924198767754,0.7987012987012987,0.36936936936936937,1.4846729846729847,0.7443365695792881,0.6906906906906907,1.383616626335073,0.6887254901960784,0.8438438438438438,1.2802434787728907,286,0.4620355411954766,0.7721357454375373,1.6711609315588656,0.7712992712992712,0.19117210262825426,0.02764606603301506,0.41597354166946543,0.7048289548289548,0.8901164843386417,0.023211924198767754,0.7987012987012987,0.43006993006993005,1.728657705930433,0.6699029126213593,0.7237762237762237,1.4498947654287462,0.5808823529411765,0.8286713286713286,1.2572243932538052,0.7712992712992712,fl_loco_FedAdam,CIMAS HCC CHITUNGWIZA PHARMACY,11,FedAdam
FedAvg_CIMAS HCC CHITUNGWIZA PHARMACY_s19,619,333,0.5379644588045234,0.7557334507506409,1.4048018198638041,0.7682017682017682,0.19022648338921433,0.029311147134962353,0.4094038503141311,0.7023194523194524,0.903835330430168,0.052073017048129715,0.7662337662337663,0.35435435435435436,1.4243204243204246,0.7346278317152104,0.6816816816816816,1.365569452948094,0.6887254901960784,0.8438438438438438,1.2802434787728907,286,0.4620355411954766,0.7733080255774745,1.6736981392743242,0.7682017682017682,0.19022648338921433,0.029311147134962367,0.4094038503141311,0.7023194523194524,0.903835330430168,-0.052073017048129694,0.8246753246753247,0.44405594405594406,1.7848742166923985,0.6601941747572816,0.7132867132867133,1.4288817978138368,0.5759803921568627,0.8216783216783217,1.2466149047031398,0.7682017682017682,fl_loco_FedAvg,CIMAS HCC CHITUNGWIZA PHARMACY,19,FedAvg
FedProx_CIMAS HCC CHITUNGWIZA PHARMACY_s19,619,333,0.5379644588045234,0.7559559103594005,1.405215340878285,0.7683592683592684,0.1902275264642254,0.02922945678827572,0.4094038503141311,0.7023194523194524,0.9046770561724427,0.05221353672739684,0.7662337662337663,0.35435435435435436,1.4243204243204246,0.7346278317152104,0.6816816816816816,1.365569452948094,0.6887254901960784,0.8438438438438438,1.2802434787728907,286,0.4620355411954766,0.7734067220613214,1.6739117515942585,0.7683592683592685,0.1902275264642254,0.02922945678827574,0.4094038503141311,0.7023194523194524,0.9046770561724427,-0.052213536727396835,0.8246753246753247,0.44405594405594406,1.7848742166923985,0.6601941747572816,0.7132867132867133,1.4288817978138368,0.5759803921568627,0.8216783216783217,1.2466149047031398,0.7683592683592684,fl_loco_FedProx,CIMAS HCC CHITUNGWIZA PHARMACY,19,FedProx
FedAvg-equal_CIMAS HCC CHITUNGWIZA PHARMACY_s19,619,333,0.5379644588045234,0.7568031536229218,1.4067902465242903,0.77009177009177,0.18921926425841987,0.04404012880087857,0.40945010155988937,0.7025662025662025,1.0064660164387473,0.016933266143518883,0.7792207792207793,0.36036036036036034,1.4484614484614486,0.7475728155339806,0.6936936936936937,1.3896323507973996,0.6862745098039216,0.8408408408408409,1.2756874521580406,286,0.4620355411954766,0.7734980572433456,1.6741094315861222,0.7700917700917701,0.1892192642584199,0.044040128800878556,0.40945010155988937,0.7025662025662025,1.0064660164387473,-0.016933266143518876,0.8181818181818182,0.4405594405594406,1.7708200890019072,0.6699029126213593,0.7237762237762237,1.4498947654287462,0.5759803921568627,0.8216783216783217,1.2466149047031398,0.77009177009177,fl_loco_FedAvg-equal,CIMAS HCC CHITUNGWIZA PHARMACY,19,FedAvg-equal
SCAFFOLD_CIMAS HCC CHITUNGWIZA PHARMACY_s19,619,333,0.5379644588045234,0.7566716078672555,1.4065457215310246,0.7700707700707701,0.1892281785523819,0.043202864104544034,0.40945010155988937,0.7025662025662025,1.004740831911975,0.015952583683089952,0.7792207792207793,0.36036036036036034,1.4484614484614486,0.7475728155339806,0.6936936936936937,1.3896323507973996,0.6862745098039216,0.8408408408408409,1.2756874521580406,286,0.4620355411954766,0.7738821435515291,1.6749407232811067,0.7700707700707701,0.1892281785523819,0.043202864104544006,0.40945010155988937,0.7025662025662025,1.004740831911975,-0.01595258368308993,0.8181818181818182,0.4405594405594406,1.7708200890019072,0.6731391585760518,0.7272727272727273,1.4568990879670491,0.5759803921568627,0.8216783216783217,1.2466149047031398,0.7700707700707701,fl_loco_SCAFFOLD,CIMAS HCC CHITUNGWIZA PHARMACY,19,SCAFFOLD
FedAdam_CIMAS HCC CHITUNGWIZA PHARMACY_s19,619,333,0.5379644588045234,0.760762256111774,1.4141496592588232,0.7712992712992712,0.19117210262825426,0.027646066033015095,0.41597354166946543,0.7048289548289548,0.8901164843386417,-0.023211924198767754,0.7987012987012987,0.36936936936936937,1.4846729846729847,0.7443365695792881,0.6906906906906907,1.383616626335073,0.6887254901960784,0.8438438438438438,1.2802434787728907,286,0.4620355411954766,0.7721357454375373,1.6711609315588656,0.7712992712992712,0.19117210262825426,0.02764606603301506,0.41597354166946543,0.7048289548289548,0.8901164843386417,0.023211924198767754,0.7987012987012987,0.43006993006993005,1.728657705930433,0.6699029126213593,0.7237762237762237,1.4498947654287462,0.5808823529411765,0.8286713286713286,1.2572243932538052,0.7712992712992712,fl_loco_FedAdam,CIMAS HCC CHITUNGWIZA PHARMACY,19,FedAdam
FedAvg_CIMAS HCC CHITUNGWIZA PHARMACY_s23,619,333,0.5379644588045234,0.7557334507506409,1.4048018198638041,0.7682017682017682,0.19022648338921433,0.029311147134962353,0.4094038503141311,0.7023194523194524,0.903835330430168,0.052073017048129715,0.7662337662337663,0.35435435435435436,1.4243204243204246,0.7346278317152104,0.6816816816816816,1.365569452948094,0.6887254901960784,0.8438438438438438,1.2802434787728907,286,0.4620355411954766,0.7733080255774745,1.6736981392743242,0.7682017682017682,0.19022648338921433,0.029311147134962367,0.4094038503141311,0.7023194523194524,0.903835330430168,-0.052073017048129694,0.8246753246753247,0.44405594405594406,1.7848742166923985,0.6601941747572816,0.7132867132867133,1.4288817978138368,0.5759803921568627,0.8216783216783217,1.2466149047031398,0.7682017682017682,fl_loco_FedAvg,CIMAS HCC CHITUNGWIZA PHARMACY,23,FedAvg
FedProx_CIMAS HCC CHITUNGWIZA PHARMACY_s23,619,333,0.5379644588045234,0.7559559103594005,1.405215340878285,0.7683592683592684,0.1902275264642254,0.02922945678827572,0.4094038503141311,0.7023194523194524,0.9046770561724427,0.05221353672739684,0.7662337662337663,0.35435435435435436,1.4243204243204246,0.7346278317152104,0.6816816816816816,1.365569452948094,0.6887254901960784,0.8438438438438438,1.2802434787728907,286,0.4620355411954766,0.7734067220613214,1.6739117515942585,0.7683592683592685,0.1902275264642254,0.02922945678827574,0.4094038503141311,0.7023194523194524,0.9046770561724427,-0.052213536727396835,0.8246753246753247,0.44405594405594406,1.7848742166923985,0.6601941747572816,0.7132867132867133,1.4288817978138368,0.5759803921568627,0.8216783216783217,1.2466149047031398,0.7683592683592684,fl_loco_FedProx,CIMAS HCC CHITUNGWIZA PHARMACY,23,FedProx
FedAvg-equal_CIMAS HCC CHITUNGWIZA PHARMACY_s23,619,333,0.5379644588045234,0.7568031536229218,1.4067902465242903,0.77009177009177,0.18921926425841987,0.04404012880087857,0.40945010155988937,0.7025662025662025,1.0064660164387473,0.016933266143518883,0.7792207792207793,0.36036036036036034,1.4484614484614486,0.7475728155339806,0.6936936936936937,1.3896323507973996,0.6862745098039216,0.8408408408408409,1.2756874521580406,286,0.4620355411954766,0.7734980572433456,1.6741094315861222,0.7700917700917701,0.1892192642584199,0.044040128800878556,0.40945010155988937,0.7025662025662025,1.0064660164387473,-0.016933266143518876,0.8181818181818182,0.4405594405594406,1.7708200890019072,0.6699029126213593,0.7237762237762237,1.4498947654287462,0.5759803921568627,0.8216783216783217,1.2466149047031398,0.77009177009177,fl_loco_FedAvg-equal,CIMAS HCC CHITUNGWIZA PHARMACY,23,FedAvg-equal
SCAFFOLD_CIMAS HCC CHITUNGWIZA PHARMACY_s23,619,333,0.5379644588045234,0.7566716078672555,1.4065457215310246,0.7700707700707701,0.1892281785523819,0.043202864104544034,0.40945010155988937,0.7025662025662025,1.004740831911975,0.015952583683089952,0.7792207792207793,0.36036036036036034,1.4484614484614486,0.7475728155339806,0.6936936936936937,1.3896323507973996,0.6862745098039216,0.8408408408408409,1.2756874521580406,286,0.4620355411954766,0.7738821435515291,1.6749407232811067,0.7700707700707701,0.1892281785523819,0.043202864104544006,0.40945010155988937,0.7025662025662025,1.004740831911975,-0.01595258368308993,0.8181818181818182,0.4405594405594406,1.7708200890019072,0.6731391585760518,0.7272727272727273,1.4568990879670491,0.5759803921568627,0.8216783216783217,1.2466149047031398,0.7700707700707701,fl_loco_SCAFFOLD,CIMAS HCC CHITUNGWIZA PHARMACY,23,SCAFFOLD
FedAdam_CIMAS HCC CHITUNGWIZA PHARMACY_s23,619,333,0.5379644588045234,0.760762256111774,1.4141496592588232,0.7712992712992712,0.19117210262825426,0.027646066033015095,0.41597354166946543,0.7048289548289548,0.8901164843386417,-0.023211924198767754,0.7987012987012987,0.36936936936936937,1.4846729846729847,0.7443365695792881,0.6906906906906907,1.383616626335073,0.6887254901960784,0.8438438438438438,1.2802434787728907,286,0.4620355411954766,0.7721357454375373,1.6711609315588656,0.7712992712992712,0.19117210262825426,0.02764606603301506,0.41597354166946543,0.7048289548289548,0.8901164843386417,0.023211924198767754,0.7987012987012987,0.43006993006993005,1.728657705930433,0.6699029126213593,0.7237762237762237,1.4498947654287462,0.5808823529411765,0.8286713286713286,1.2572243932538052,0.7712992712992712,fl_loco_FedAdam,CIMAS HCC CHITUNGWIZA PHARMACY,23,FedAdam
FedAvg_CIMAS HCC CHITUNGWIZA PHARMACY_s37,619,333,0.5379644588045234,0.7557334507506409,1.4048018198638041,0.7682017682017682,0.19022648338921433,0.029311147134962353,0.4094038503141311,0.7023194523194524,0.903835330430168,0.052073017048129715,0.7662337662337663,0.35435435435435436,1.4243204243204246,0.7346278317152104,0.6816816816816816,1.365569452948094,0.6887254901960784,0.8438438438438438,1.2802434787728907,286,0.4620355411954766,0.7733080255774745,1.6736981392743242,0.7682017682017682,0.19022648338921433,0.029311147134962367,0.4094038503141311,0.7023194523194524,0.903835330430168,-0.052073017048129694,0.8246753246753247,0.44405594405594406,1.7848742166923985,0.6601941747572816,0.7132867132867133,1.4288817978138368,0.5759803921568627,0.8216783216783217,1.2466149047031398,0.7682017682017682,fl_loco_FedAvg,CIMAS HCC CHITUNGWIZA PHARMACY,37,FedAvg
FedProx_CIMAS HCC CHITUNGWIZA PHARMACY_s37,619,333,0.5379644588045234,0.7559559103594005,1.405215340878285,0.7683592683592684,0.1902275264642254,0.02922945678827572,0.4094038503141311,0.7023194523194524,0.9046770561724427,0.05221353672739684,0.7662337662337663,0.35435435435435436,1.4243204243204246,0.7346278317152104,0.6816816816816816,1.365569452948094,0.6887254901960784,0.8438438438438438,1.2802434787728907,286,0.4620355411954766,0.7734067220613214,1.6739117515942585,0.7683592683592685,0.1902275264642254,0.02922945678827574,0.4094038503141311,0.7023194523194524,0.9046770561724427,-0.052213536727396835,0.8246753246753247,0.44405594405594406,1.7848742166923985,0.6601941747572816,0.7132867132867133,1.4288817978138368,0.5759803921568627,0.8216783216783217,1.2466149047031398,0.7683592683592684,fl_loco_FedProx,CIMAS HCC CHITUNGWIZA PHARMACY,37,FedProx
FedAvg-equal_CIMAS HCC CHITUNGWIZA PHARMACY_s37,619,333,0.5379644588045234,0.7568031536229218,1.4067902465242903,0.77009177009177,0.18921926425841987,0.04404012880087857,0.40945010155988937,0.7025662025662025,1.0064660164387473,0.016933266143518883,0.7792207792207793,0.36036036036036034,1.4484614484614486,0.7475728155339806,0.6936936936936937,1.3896323507973996,0.6862745098039216,0.8408408408408409,1.2756874521580406,286,0.4620355411954766,0.7734980572433456,1.6741094315861222,0.7700917700917701,0.1892192642584199,0.044040128800878556,0.40945010155988937,0.7025662025662025,1.0064660164387473,-0.016933266143518876,0.8181818181818182,0.4405594405594406,1.7708200890019072,0.6699029126213593,0.7237762237762237,1.4498947654287462,0.5759803921568627,0.8216783216783217,1.2466149047031398,0.77009177009177,fl_loco_FedAvg-equal,CIMAS HCC CHITUNGWIZA PHARMACY,37,FedAvg-equal
SCAFFOLD_CIMAS HCC CHITUNGWIZA PHARMACY_s37,619,333,0.5379644588045234,0.7566716078672555,1.4065457215310246,0.7700707700707701,0.1892281785523819,0.043202864104544034,0.40945010155988937,0.7025662025662025,1.004740831911975,0.015952583683089952,0.7792207792207793,0.36036036036036034,1.4484614484614486,0.7475728155339806,0.6936936936936937,1.3896323507973996,0.6862745098039216,0.8408408408408409,1.2756874521580406,286,0.4620355411954766,0.7738821435515291,1.6749407232811067,0.7700707700707701,0.1892281785523819,0.043202864104544006,0.40945010155988937,0.7025662025662025,1.004740831911975,-0.01595258368308993,0.8181818181818182,0.4405594405594406,1.7708200890019072,0.6731391585760518,0.7272727272727273,1.4568990879670491,0.5759803921568627,0.8216783216783217,1.2466149047031398,0.7700707700707701,fl_loco_SCAFFOLD,CIMAS HCC CHITUNGWIZA PHARMACY,37,SCAFFOLD
FedAdam_CIMAS HCC CHITUNGWIZA PHARMACY_s37,619,333,0.5379644588045234,0.760762256111774,1.4141496592588232,0.7712992712992712,0.19117210262825426,0.027646066033015095,0.41597354166946543,0.7048289548289548,0.8901164843386417,-0.023211924198767754,0.7987012987012987,0.36936936936936937,1.4846729846729847,0.7443365695792881,0.6906906906906907,1.383616626335073,0.6887254901960784,0.8438438438438438,1.2802434787728907,286,0.4620355411954766,0.7721357454375373,1.6711609315588656,0.7712992712992712,0.19117210262825426,0.02764606603301506,0.41597354166946543,0.7048289548289548,0.8901164843386417,0.023211924198767754,0.7987012987012987,0.43006993006993005,1.728657705930433,0.6699029126213593,0.7237762237762237,1.4498947654287462,0.5808823529411765,0.8286713286713286,1.2572243932538052,0.7712992712992712,fl_loco_FedAdam,CIMAS HCC CHITUNGWIZA PHARMACY,37,FedAdam
FedAvg_CIMAS HCC GWERU PHARMACY_s7,406,217,0.5344827586206896,0.7634243620026122,1.4283423547145648,0.8015751103308707,0.17379079493998567,0.060106373410171846,0.49904323135097034,0.7485065710872163,1.059567407345814,0.1370596961240242,0.7821782178217822,0.3640552995391705,1.463430213989141,0.7684729064039408,0.7188940092165899,1.4377880184331797,0.7265917602996255,0.8940092165898618,1.3594297450767188,189,0.46551724137931033,0.8155517203636558,1.7519259178182236,0.8015751103308706,0.17379079493998567,0.060106373410171846,0.49904323135097034,0.7485065710872163,1.059567407345814,-0.1370596961240242,0.8910891089108911,0.47619047619047616,1.9141914191419143,0.6995073891625616,0.7513227513227513,1.5026455026455028,0.5917602996254682,0.8359788359788359,1.2711887917880427,0.8015751103308707,fl_loco_FedAvg,CIMAS HCC GWERU PHARMACY,7,FedAvg
FedProx_CIMAS HCC GWERU PHARMACY_s7,406,217,0.5344827586206896,0.7631004357664908,1.4277362991760152,0.8014288152537,0.1738472812681899,0.06116265249130508,0.49904323135097034,0.7485065710872163,1.0600244849268234,0.13724251831500875,0.7821782178217822,0.3640552995391705,1.463430213989141,0.7684729064039408,0.7188940092165899,1.4377880184331797,0.7265917602996255,0.8940092165898618,1.3594297450767188,189,0.46551724137931033,0.8154533936278692,1.7517146974228301,0.8014288152536999,0.1738472812681899,0.06116265249130506,0.49904323135097034,0.7485065710872163,1.0600244849268237,-0.13724251831500872,0.8910891089108911,0.47619047619047616,1.9141914191419143,0.6995073891625616,0.7513227513227513,1.5026455026455028,0.5917602996254682,0.8359788359788359,1.2711887917880427,0.8014288152537,fl_loco_FedProx,CIMAS HCC GWERU PHARMACY,7,FedProx
FedAvg-equal_CIMAS HCC GWERU PHARMACY_s7,406,217,0.5344827586206896,0.7689296956214949,1.4386426563240875,0.8025747933582035,0.17417698576800364,0.054090932137293345,0.49894680794626406,0.7481652159071515,1.1788335691497527,0.10697687902632222,0.7623762376237624,0.3548387096774194,1.4263813478122007,0.7635467980295566,0.7142857142857143,1.4285714285714286,0.7303370786516854,0.8986175115207373,1.3664371148967018,189,0.46551724137931033,0.8166029134907439,1.7541840363875238,0.8025747933582035,0.17417698576800364,0.05409093213729327,0.49894680794626406,0.7481652159071515,1.1788335691497527,-0.1069768790263223,0.8811881188118812,0.4708994708994709,1.892922625595893,0.6945812807881774,0.746031746031746,1.492063492063492,0.599250936329588,0.8465608465608465,1.2872797891524483,0.8025747933582035,fl_loco_FedAvg-equal,CIMAS HCC GWERU PHARMACY,7,FedAvg-equal
SCAFFOLD_CIMAS HCC GWERU PHARMACY_s7,406,217,0.5344827586206896,0.7692488838317667,1.439239847169112,0.8027210884353742,0.17414102342346904,0.054773090235005116,0.49894680794626406,0.7481652159071515,1.1768806376931487,0.10588359642167913,0.7623762376237624,0.3548387096774194,1.4263813478122007,0.7635467980295566,0.7142857142857143,1.4285714285714286,0.7303370786516854,0.8986175115207373,1.3664371148967018,189,0.46551724137931033,0.8166876369019975,1.7543660348265133,0.8027210884353742,0.17414102342346902,0.05477309023500509,0.49894680794626406,0.7481652159071515,1.1768806376931487,-0.10588359642167913,0.8811881188118812,0.4708994708994709,1.892922625595893,0.6945812807881774,0.746031746031746,1.492063492063492,0.599250936329588,0.8465608465608465,1.2872797891524483,0.8027210884353742,fl_loco_SCAFFOLD,CIMAS HCC GWERU PHARMACY,7,SCAFFOLD
FedAdam_CIMAS HCC GWERU PHARMACY_s7,406,217,0.5344827586206896,0.7612749797257878,1.4243209298095387,0.7925048155462902,0.1785609069423526,0.058249094081448065,0.50898296604134,0.7534562211981567,0.9860506737816875,0.0707322159425988,0.7722772277227723,0.35944700460829493,1.444905780900671,0.7586206896551724,0.7096774193548387,1.4193548387096775,0.7191011235955056,0.8847926267281107,1.3454150054367524,189,0.46551724137931033,0.8072540315644654,1.7341012529903332,0.7925048155462902,0.1785609069423526,0.05824909408144813,0.50898296604134,0.7534562211981567,0.9860506737816875,-0.07073221594259871,0.8712871287128713,0.4656084656084656,1.8716538320498717,0.6896551724137931,0.7407407407407407,1.4814814814814816,0.5842696629213483,0.8253968253968254,1.2550977944236372,0.7925048155462902,fl_loco_FedAdam,CIMAS HCC GWERU PHARMACY,7,FedAdam
FedAvg_CIMAS HCC GWERU PHARMACY_s11,406,217,0.5344827586206896,0.7634243620026122,1.4283423547145648,0.8015751103308707,0.17379079493998567,0.060106373410171846,0.49904323135097034,0.7485065710872163,1.059567407345814,0.1370596961240242,0.7821782178217822,0.3640552995391705,1.463430213989141,0.7684729064039408,0.7188940092165899,1.4377880184331797,0.7265917602996255,0.8940092165898618,1.3594297450767188,189,0.46551724137931033,0.8155517203636558,1.7519259178182236,0.8015751103308706,0.17379079493998567,0.060106373410171846,0.49904323135097034,0.7485065710872163,1.059567407345814,-0.1370596961240242,0.8910891089108911,0.47619047619047616,1.9141914191419143,0.6995073891625616,0.7513227513227513,1.5026455026455028,0.5917602996254682,0.8359788359788359,1.2711887917880427,0.8015751103308707,fl_loco_FedAvg,CIMAS HCC GWERU PHARMACY,11,FedAvg
FedProx_CIMAS HCC GWERU PHARMACY_s11,406,217,0.5344827586206896,0.7631004357664908,1.4277362991760152,0.8014288152537,0.1738472812681899,0.06116265249130508,0.49904323135097034,0.7485065710872163,1.0600244849268234,0.13724251831500875,0.7821782178217822,0.3640552995391705,1.463430213989141,0.7684729064039408,0.7188940092165899,1.4377880184331797,0.7265917602996255,0.8940092165898618,1.3594297450767188,189,0.46551724137931033,0.8154533936278692,1.7517146974228301,0.8014288152536999,0.1738472812681899,0.06116265249130506,0.49904323135097034,0.7485065710872163,1.0600244849268237,-0.13724251831500872,0.8910891089108911,0.47619047619047616,1.9141914191419143,0.6995073891625616,0.7513227513227513,1.5026455026455028,0.5917602996254682,0.8359788359788359,1.2711887917880427,0.8014288152537,fl_loco_FedProx,CIMAS HCC GWERU PHARMACY,11,FedProx
FedAvg-equal_CIMAS HCC GWERU PHARMACY_s11,406,217,0.5344827586206896,0.7689296956214949,1.4386426563240875,0.8025747933582035,0.17417698576800364,0.054090932137293345,0.49894680794626406,0.7481652159071515,1.1788335691497527,0.10697687902632222,0.7623762376237624,0.3548387096774194,1.4263813478122007,0.7635467980295566,0.7142857142857143,1.4285714285714286,0.7303370786516854,0.8986175115207373,1.3664371148967018,189,0.46551724137931033,0.8166029134907439,1.7541840363875238,0.8025747933582035,0.17417698576800364,0.05409093213729327,0.49894680794626406,0.7481652159071515,1.1788335691497527,-0.1069768790263223,0.8811881188118812,0.4708994708994709,1.892922625595893,0.6945812807881774,0.746031746031746,1.492063492063492,0.599250936329588,0.8465608465608465,1.2872797891524483,0.8025747933582035,fl_loco_FedAvg-equal,CIMAS HCC GWERU PHARMACY,11,FedAvg-equal
SCAFFOLD_CIMAS HCC GWERU PHARMACY_s11,406,217,0.5344827586206896,0.7692488838317667,1.439239847169112,0.8027210884353742,0.17414102342346904,0.054773090235005116,0.49894680794626406,0.7481652159071515,1.1768806376931487,0.10588359642167913,0.7623762376237624,0.3548387096774194,1.4263813478122007,0.7635467980295566,0.7142857142857143,1.4285714285714286,0.7303370786516854,0.8986175115207373,1.3664371148967018,189,0.46551724137931033,0.8166876369019975,1.7543660348265133,0.8027210884353742,0.17414102342346902,0.05477309023500509,0.49894680794626406,0.7481652159071515,1.1768806376931487,-0.10588359642167913,0.8811881188118812,0.4708994708994709,1.892922625595893,0.6945812807881774,0.746031746031746,1.492063492063492,0.599250936329588,0.8465608465608465,1.2872797891524483,0.8027210884353742,fl_loco_SCAFFOLD,CIMAS HCC GWERU PHARMACY,11,SCAFFOLD
FedAdam_CIMAS HCC GWERU PHARMACY_s11,406,217,0.5344827586206896,0.7612749797257878,1.4243209298095387,0.7925048155462902,0.1785609069423526,0.058249094081448065,0.50898296604134,0.7534562211981567,0.9860506737816875,0.0707322159425988,0.7722772277227723,0.35944700460829493,1.444905780900671,0.7586206896551724,0.7096774193548387,1.4193548387096775,0.7191011235955056,0.8847926267281107,1.3454150054367524,189,0.46551724137931033,0.8072540315644654,1.7341012529903332,0.7925048155462902,0.1785609069423526,0.05824909408144813,0.50898296604134,0.7534562211981567,0.9860506737816875,-0.07073221594259871,0.8712871287128713,0.4656084656084656,1.8716538320498717,0.6896551724137931,0.7407407407407407,1.4814814814814816,0.5842696629213483,0.8253968253968254,1.2550977944236372,0.7925048155462902,fl_loco_FedAdam,CIMAS HCC GWERU PHARMACY,11,FedAdam
FedAvg_CIMAS HCC GWERU PHARMACY_s19,406,217,0.5344827586206896,0.7634243620026122,1.4283423547145648,0.8015751103308707,0.17379079493998567,0.060106373410171846,0.49904323135097034,0.7485065710872163,1.059567407345814,0.1370596961240242,0.7821782178217822,0.3640552995391705,1.463430213989141,0.7684729064039408,0.7188940092165899,1.4377880184331797,0.7265917602996255,0.8940092165898618,1.3594297450767188,189,0.46551724137931033,0.8155517203636558,1.7519259178182236,0.8015751103308706,0.17379079493998567,0.060106373410171846,0.49904323135097034,0.7485065710872163,1.059567407345814,-0.1370596961240242,0.8910891089108911,0.47619047619047616,1.9141914191419143,0.6995073891625616,0.7513227513227513,1.5026455026455028,0.5917602996254682,0.8359788359788359,1.2711887917880427,0.8015751103308707,fl_loco_FedAvg,CIMAS HCC GWERU PHARMACY,19,FedAvg
FedProx_CIMAS HCC GWERU PHARMACY_s19,406,217,0.5344827586206896,0.7631004357664908,1.4277362991760152,0.8014288152537,0.1738472812681899,0.06116265249130508,0.49904323135097034,0.7485065710872163,1.0600244849268234,0.13724251831500875,0.7821782178217822,0.3640552995391705,1.463430213989141,0.7684729064039408,0.7188940092165899,1.4377880184331797,0.7265917602996255,0.8940092165898618,1.3594297450767188,189,0.46551724137931033,0.8154533936278692,1.7517146974228301,0.8014288152536999,0.1738472812681899,0.06116265249130506,0.49904323135097034,0.7485065710872163,1.0600244849268237,-0.13724251831500872,0.8910891089108911,0.47619047619047616,1.9141914191419143,0.6995073891625616,0.7513227513227513,1.5026455026455028,0.5917602996254682,0.8359788359788359,1.2711887917880427,0.8014288152537,fl_loco_FedProx,CIMAS HCC GWERU PHARMACY,19,FedProx
FedAvg-equal_CIMAS HCC GWERU PHARMACY_s19,406,217,0.5344827586206896,0.7689296956214949,1.4386426563240875,0.8025747933582035,0.17417698576800364,0.054090932137293345,0.49894680794626406,0.7481652159071515,1.1788335691497527,0.10697687902632222,0.7623762376237624,0.3548387096774194,1.4263813478122007,0.7635467980295566,0.7142857142857143,1.4285714285714286,0.7303370786516854,0.8986175115207373,1.3664371148967018,189,0.46551724137931033,0.8166029134907439,1.7541840363875238,0.8025747933582035,0.17417698576800364,0.05409093213729327,0.49894680794626406,0.7481652159071515,1.1788335691497527,-0.1069768790263223,0.8811881188118812,0.4708994708994709,1.892922625595893,0.6945812807881774,0.746031746031746,1.492063492063492,0.599250936329588,0.8465608465608465,1.2872797891524483,0.8025747933582035,fl_loco_FedAvg-equal,CIMAS HCC GWERU PHARMACY,19,FedAvg-equal
SCAFFOLD_CIMAS HCC GWERU PHARMACY_s19,406,217,0.5344827586206896,0.7692488838317667,1.439239847169112,0.8027210884353742,0.17414102342346904,0.054773090235005116,0.49894680794626406,0.7481652159071515,1.1768806376931487,0.10588359642167913,0.7623762376237624,0.3548387096774194,1.4263813478122007,0.7635467980295566,0.7142857142857143,1.4285714285714286,0.7303370786516854,0.8986175115207373,1.3664371148967018,189,0.46551724137931033,0.8166876369019975,1.7543660348265133,0.8027210884353742,0.17414102342346902,0.05477309023500509,0.49894680794626406,0.7481652159071515,1.1768806376931487,-0.10588359642167913,0.8811881188118812,0.4708994708994709,1.892922625595893,0.6945812807881774,0.746031746031746,1.492063492063492,0.599250936329588,0.8465608465608465,1.2872797891524483,0.8027210884353742,fl_loco_SCAFFOLD,CIMAS HCC GWERU PHARMACY,19,SCAFFOLD
FedAdam_CIMAS HCC GWERU PHARMACY_s19,406,217,0.5344827586206896,0.7612749797257878,1.4243209298095387,0.7925048155462902,0.1785609069423526,0.058249094081448065,0.50898296604134,0.7534562211981567,0.9860506737816875,0.0707322159425988,0.7722772277227723,0.35944700460829493,1.444905780900671,0.7586206896551724,0.7096774193548387,1.4193548387096775,0.7191011235955056,0.8847926267281107,1.3454150054367524,189,0.46551724137931033,0.8072540315644654,1.7341012529903332,0.7925048155462902,0.1785609069423526,0.05824909408144813,0.50898296604134,0.7534562211981567,0.9860506737816875,-0.07073221594259871,0.8712871287128713,0.4656084656084656,1.8716538320498717,0.6896551724137931,0.7407407407407407,1.4814814814814816,0.5842696629213483,0.8253968253968254,1.2550977944236372,0.7925048155462902,fl_loco_FedAdam,CIMAS HCC GWERU PHARMACY,19,FedAdam
FedAvg_CIMAS HCC GWERU PHARMACY_s23,406,217,0.5344827586206896,0.7634243620026122,1.4283423547145648,0.8015751103308707,0.17379079493998567,0.060106373410171846,0.49904323135097034,0.7485065710872163,1.059567407345814,0.1370596961240242,0.7821782178217822,0.3640552995391705,1.463430213989141,0.7684729064039408,0.7188940092165899,1.4377880184331797,0.7265917602996255,0.8940092165898618,1.3594297450767188,189,0.46551724137931033,0.8155517203636558,1.7519259178182236,0.8015751103308706,0.17379079493998567,0.060106373410171846,0.49904323135097034,0.7485065710872163,1.059567407345814,-0.1370596961240242,0.8910891089108911,0.47619047619047616,1.9141914191419143,0.6995073891625616,0.7513227513227513,1.5026455026455028,0.5917602996254682,0.8359788359788359,1.2711887917880427,0.8015751103308707,fl_loco_FedAvg,CIMAS HCC GWERU PHARMACY,23,FedAvg
FedProx_CIMAS HCC GWERU PHARMACY_s23,406,217,0.5344827586206896,0.7631004357664908,1.4277362991760152,0.8014288152537,0.1738472812681899,0.06116265249130508,0.49904323135097034,0.7485065710872163,1.0600244849268234,0.13724251831500875,0.7821782178217822,0.3640552995391705,1.463430213989141,0.7684729064039408,0.7188940092165899,1.4377880184331797,0.7265917602996255,0.8940092165898618,1.3594297450767188,189,0.46551724137931033,0.8154533936278692,1.7517146974228301,0.8014288152536999,0.1738472812681899,0.06116265249130506,0.49904323135097034,0.7485065710872163,1.0600244849268237,-0.13724251831500872,0.8910891089108911,0.47619047619047616,1.9141914191419143,0.6995073891625616,0.7513227513227513,1.5026455026455028,0.5917602996254682,0.8359788359788359,1.2711887917880427,0.8014288152537,fl_loco_FedProx,CIMAS HCC GWERU PHARMACY,23,FedProx
FedAvg-equal_CIMAS HCC GWERU PHARMACY_s23,406,217,0.5344827586206896,0.7689296956214949,1.4386426563240875,0.8025747933582035,0.17417698576800364,0.054090932137293345,0.49894680794626406,0.7481652159071515,1.1788335691497527,0.10697687902632222,0.7623762376237624,0.3548387096774194,1.4263813478122007,0.7635467980295566,0.7142857142857143,1.4285714285714286,0.7303370786516854,0.8986175115207373,1.3664371148967018,189,0.46551724137931033,0.8166029134907439,1.7541840363875238,0.8025747933582035,0.17417698576800364,0.05409093213729327,0.49894680794626406,0.7481652159071515,1.1788335691497527,-0.1069768790263223,0.8811881188118812,0.4708994708994709,1.892922625595893,0.6945812807881774,0.746031746031746,1.492063492063492,0.599250936329588,0.8465608465608465,1.2872797891524483,0.8025747933582035,fl_loco_FedAvg-equal,CIMAS HCC GWERU PHARMACY,23,FedAvg-equal
SCAFFOLD_CIMAS HCC GWERU PHARMACY_s23,406,217,0.5344827586206896,0.7692488838317667,1.439239847169112,0.8027210884353742,0.17414102342346904,0.054773090235005116,0.49894680794626406,0.7481652159071515,1.1768806376931487,0.10588359642167913,0.7623762376237624,0.3548387096774194,1.4263813478122007,0.7635467980295566,0.7142857142857143,1.4285714285714286,0.7303370786516854,0.8986175115207373,1.3664371148967018,189,0.46551724137931033,0.8166876369019975,1.7543660348265133,0.8027210884353742,0.17414102342346902,0.05477309023500509,0.49894680794626406,0.7481652159071515,1.1768806376931487,-0.10588359642167913,0.8811881188118812,0.4708994708994709,1.892922625595893,0.6945812807881774,0.746031746031746,1.492063492063492,0.599250936329588,0.8465608465608465,1.2872797891524483,0.8027210884353742,fl_loco_SCAFFOLD,CIMAS HCC GWERU PHARMACY,23,SCAFFOLD
FedAdam_CIMAS HCC GWERU PHARMACY_s23,406,217,0.5344827586206896,0.7612749797257878,1.4243209298095387,0.7925048155462902,0.1785609069423526,0.058249094081448065,0.50898296604134,0.7534562211981567,0.9860506737816875,0.0707322159425988,0.7722772277227723,0.35944700460829493,1.444905780900671,0.7586206896551724,0.7096774193548387,1.4193548387096775,0.7191011235955056,0.8847926267281107,1.3454150054367524,189,0.46551724137931033,0.8072540315644654,1.7341012529903332,0.7925048155462902,0.1785609069423526,0.05824909408144813,0.50898296604134,0.7534562211981567,0.9860506737816875,-0.07073221594259871,0.8712871287128713,0.4656084656084656,1.8716538320498717,0.6896551724137931,0.7407407407407407,1.4814814814814816,0.5842696629213483,0.8253968253968254,1.2550977944236372,0.7925048155462902,fl_loco_FedAdam,CIMAS HCC GWERU PHARMACY,23,FedAdam
FedAvg_CIMAS HCC GWERU PHARMACY_s37,406,217,0.5344827586206896,0.7634243620026122,1.4283423547145648,0.8015751103308707,0.17379079493998567,0.060106373410171846,0.49904323135097034,0.7485065710872163,1.059567407345814,0.1370596961240242,0.7821782178217822,0.3640552995391705,1.463430213989141,0.7684729064039408,0.7188940092165899,1.4377880184331797,0.7265917602996255,0.8940092165898618,1.3594297450767188,189,0.46551724137931033,0.8155517203636558,1.7519259178182236,0.8015751103308706,0.17379079493998567,0.060106373410171846,0.49904323135097034,0.7485065710872163,1.059567407345814,-0.1370596961240242,0.8910891089108911,0.47619047619047616,1.9141914191419143,0.6995073891625616,0.7513227513227513,1.5026455026455028,0.5917602996254682,0.8359788359788359,1.2711887917880427,0.8015751103308707,fl_loco_FedAvg,CIMAS HCC GWERU PHARMACY,37,FedAvg
FedProx_CIMAS HCC GWERU PHARMACY_s37,406,217,0.5344827586206896,0.7631004357664908,1.4277362991760152,0.8014288152537,0.1738472812681899,0.06116265249130508,0.49904323135097034,0.7485065710872163,1.0600244849268234,0.13724251831500875,0.7821782178217822,0.3640552995391705,1.463430213989141,0.7684729064039408,0.7188940092165899,1.4377880184331797,0.7265917602996255,0.8940092165898618,1.3594297450767188,189,0.46551724137931033,0.8154533936278692,1.7517146974228301,0.8014288152536999,0.1738472812681899,0.06116265249130506,0.49904323135097034,0.7485065710872163,1.0600244849268237,-0.13724251831500872,0.8910891089108911,0.47619047619047616,1.9141914191419143,0.6995073891625616,0.7513227513227513,1.5026455026455028,0.5917602996254682,0.8359788359788359,1.2711887917880427,0.8014288152537,fl_loco_FedProx,CIMAS HCC GWERU PHARMACY,37,FedProx
FedAvg-equal_CIMAS HCC GWERU PHARMACY_s37,406,217,0.5344827586206896,0.7689296956214949,1.4386426563240875,0.8025747933582035,0.17417698576800364,0.054090932137293345,0.49894680794626406,0.7481652159071515,1.1788335691497527,0.10697687902632222,0.7623762376237624,0.3548387096774194,1.4263813478122007,0.7635467980295566,0.7142857142857143,1.4285714285714286,0.7303370786516854,0.8986175115207373,1.3664371148967018,189,0.46551724137931033,0.8166029134907439,1.7541840363875238,0.8025747933582035,0.17417698576800364,0.05409093213729327,0.49894680794626406,0.7481652159071515,1.1788335691497527,-0.1069768790263223,0.8811881188118812,0.4708994708994709,1.892922625595893,0.6945812807881774,0.746031746031746,1.492063492063492,0.599250936329588,0.8465608465608465,1.2872797891524483,0.8025747933582035,fl_loco_FedAvg-equal,CIMAS HCC GWERU PHARMACY,37,FedAvg-equal
SCAFFOLD_CIMAS HCC GWERU PHARMACY_s37,406,217,0.5344827586206896,0.7692488838317667,1.439239847169112,0.8027210884353742,0.17414102342346904,0.054773090235005116,0.49894680794626406,0.7481652159071515,1.1768806376931487,0.10588359642167913,0.7623762376237624,0.3548387096774194,1.4263813478122007,0.7635467980295566,0.7142857142857143,1.4285714285714286,0.7303370786516854,0.8986175115207373,1.3664371148967018,189,0.46551724137931033,0.8166876369019975,1.7543660348265133,0.8027210884353742,0.17414102342346902,0.05477309023500509,0.49894680794626406,0.7481652159071515,1.1768806376931487,-0.10588359642167913,0.8811881188118812,0.4708994708994709,1.892922625595893,0.6945812807881774,0.746031746031746,1.492063492063492,0.599250936329588,0.8465608465608465,1.2872797891524483,0.8027210884353742,fl_loco_SCAFFOLD,CIMAS HCC GWERU PHARMACY,37,SCAFFOLD
FedAdam_CIMAS HCC GWERU PHARMACY_s37,406,217,0.5344827586206896,0.7612749797257878,1.4243209298095387,0.7925048155462902,0.1785609069423526,0.058249094081448065,0.50898296604134,0.7534562211981567,0.9860506737816875,0.0707322159425988,0.7722772277227723,0.35944700460829493,1.444905780900671,0.7586206896551724,0.7096774193548387,1.4193548387096775,0.7191011235955056,0.8847926267281107,1.3454150054367524,189,0.46551724137931033,0.8072540315644654,1.7341012529903332,0.7925048155462902,0.1785609069423526,0.05824909408144813,0.50898296604134,0.7534562211981567,0.9860506737816875,-0.07073221594259871,0.8712871287128713,0.4656084656084656,1.8716538320498717,0.6896551724137931,0.7407407407407407,1.4814814814814816,0.5842696629213483,0.8253968253968254,1.2550977944236372,0.7925048155462902,fl_loco_FedAdam,CIMAS HCC GWERU PHARMACY,37,FedAdam
FedAvg_CIMAS HIGH GLEN PHARMACY_s7,839,362,0.43146603098927294,0.7070359738280638,1.638682823319739,0.8080602754323176,0.17615069611065343,0.04394121126925557,0.4694649227296358,0.7339726884186386,1.0594315283816285,-0.20741674346440597,0.7272727272727273,0.4198895027624309,1.6855851330989453,0.6587112171837709,0.7624309392265194,1.5266815226994028,0.6021699819168174,0.919889502762431,1.3956370575364911,477,0.5685339690107271,0.8712758998948227,1.5324957652238076,0.8080602754323175,0.17615069611065343,0.04394121126925563,0.4694649227296358,0.7339726884186386,1.0594315283816285,0.20741674346440597,0.9569377990430622,0.4192872117400419,1.683167323683709,0.7971360381861575,0.70020964360587,1.402090431945883,0.7106690777576854,0.8238993710691824,1.2500028432677108,0.8080602754323176,fl_loco_FedAvg,CIMAS HIGH GLEN PHARMACY,7,FedAvg
FedProx_CIMAS HIGH GLEN PHARMACY_s7,839,362,0.43146603098927294,0.7073612826579236,1.6394367849447458,0.8081008142511321,0.1761590482761375,0.04393504544787389,0.4724208585968214,0.7353539038882518,1.060203018881597,-0.20754951349898657,0.7272727272727273,0.4198895027624309,1.6855851330989453,0.6587112171837709,0.7624309392265194,1.5266815226994028,0.6021699819168174,0.919889502762431,1.3956370575364911,477,0.5685339690107271,0.8712534194284,1.5324562241099111,0.8081008142511321,0.1761590482761375,0.04393504544787399,0.4724208585968214,0.7353539038882518,1.060203018881597,0.20754951349898662,0.9569377990430622,0.4192872117400419,1.683167323683709,0.7971360381861575,0.70020964360587,1.402090431945883,0.7106690777576854,0.8238993710691824,1.2500028432677108,0.8081008142511321,fl_loco_FedProx,CIMAS HIGH GLEN PHARMACY,7,FedProx
FedAvg-equal_CIMAS HIGH GLEN PHARMACY_s7,839,362,0.43146603098927294,0.705794854137061,1.635806305582857,0.8073247854338234,0.17664909642707263,0.04532588861140057,0.47399992161853804,0.7349224550308675,1.1634115124896807,-0.24709866500366687,0.7464114832535885,0.430939226519337,1.7299426366015491,0.6587112171837709,0.7624309392265194,1.5266815226994028,0.6039783001808319,0.9226519337016574,1.3998281598113755,477,0.5685339690107271,0.8702026199069649,1.530607962477869,0.8073247854338232,0.17664909642707263,0.0453258886114006,0.47399992161853804,0.7349224550308675,1.1634115124896807,0.2470986650036669,0.9521531100478469,0.4171907756813417,1.6747514870652904,0.7947494033412887,0.6981132075471698,1.3978925564011346,0.7106690777576854,0.8238993710691824,1.2500028432677108,0.8073247854338234,fl_loco_FedAvg-equal,CIMAS HIGH GLEN PHARMACY,7,FedAvg-equal
SCAFFOLD_CIMAS HIGH GLEN PHARMACY_s7,839,362,0.43146603098927294,0.7056750147058033,1.6355285561827873,0.8072668728355167,0.1766609684276883,0.04548081114016789,0.47399992161853804,0.7349224550308675,1.161574422864174,-0.24837524638059374,0.7464114832535885,0.430939226519337,1.7299426366015491,0.6587112171837709,0.7624309392265194,1.5266815226994028,0.6021699819168174,0.919889502762431,1.3956370575364911,477,0.5685339690107271,0.8701428782080886,1.5305028822150657,0.8072668728355166,0.1766609684276883,0.04548081114016797,0.47399992161853804,0.7349224550308675,1.161574422864174,0.24837524638059377,0.9521531100478469,0.4171907756813417,1.6747514870652904,0.7947494033412887,0.6981132075471698,1.3978925564011346,0.7106690777576854,0.8238993710691824,1.2500028432677108,0.8072668728355167,fl_loco_SCAFFOLD,CIMAS HIGH GLEN PHARMACY,7,SCAFFOLD
FedAdam_CIMAS HIGH GLEN PHARMACY_s7,839,362,0.43146603098927294,0.7107256285801402,1.6472342607147448,0.8060159607120934,0.17972282247496776,0.05426917709741262,0.48158069008948234,0.7391153271482678,1.0154637868843164,-0.294513764203983,0.7416267942583732,0.4281767955801105,1.7188532607258982,0.6563245823389021,0.7596685082872928,1.5211500679070136,0.6003616636528029,0.9171270718232044,1.3914459552616065,477,0.5685339690107271,0.8660039503663665,1.523222881252372,0.8060159607120934,0.17972282247496776,0.05426917709741262,0.48158069008948234,0.7391153271482678,1.0154637868843164,0.29451376420398295,0.937799043062201,0.4109014675052411,1.6495039772100348,0.7923627684964201,0.6960167714884696,1.3936946808563866,0.7142857142857143,0.8280922431865828,1.2563641808924828,0.8060159607120934,fl_loco_FedAdam,CIMAS HIGH GLEN PHARMACY,7,FedAdam
FedAvg_CIMAS HIGH GLEN PHARMACY_s11,839,362,0.43146603098927294,0.7070359738280638,1.638682823319739,0.8080602754323176,0.17615069611065343,0.04394121126925557,0.4694649227296358,0.7339726884186386,1.0594315283816285,-0.20741674346440597,0.7272727272727273,0.4198895027624309,1.6855851330989453,0.6587112171837709,0.7624309392265194,1.5266815226994028,0.6021699819168174,0.919889502762431,1.3956370575364911,477,0.5685339690107271,0.8712758998948227,1.5324957652238076,0.8080602754323175,0.17615069611065343,0.04394121126925563,0.4694649227296358,0.7339726884186386,1.0594315283816285,0.20741674346440597,0.9569377990430622,0.4192872117400419,1.683167323683709,0.7971360381861575,0.70020964360587,1.402090431945883,0.7106690777576854,0.8238993710691824,1.2500028432677108,0.8080602754323176,fl_loco_FedAvg,CIMAS HIGH GLEN PHARMACY,11,FedAvg
FedProx_CIMAS HIGH GLEN PHARMACY_s11,839,362,0.43146603098927294,0.7073612826579236,1.6394367849447458,0.8081008142511321,0.1761590482761375,0.04393504544787389,0.4724208585968214,0.7353539038882518,1.060203018881597,-0.20754951349898657,0.7272727272727273,0.4198895027624309,1.6855851330989453,0.6587112171837709,0.7624309392265194,1.5266815226994028,0.6021699819168174,0.919889502762431,1.3956370575364911,477,0.5685339690107271,0.8712534194284,1.5324562241099111,0.8081008142511321,0.1761590482761375,0.04393504544787399,0.4724208585968214,0.7353539038882518,1.060203018881597,0.20754951349898662,0.9569377990430622,0.4192872117400419,1.683167323683709,0.7971360381861575,0.70020964360587,1.402090431945883,0.7106690777576854,0.8238993710691824,1.2500028432677108,0.8081008142511321,fl_loco_FedProx,CIMAS HIGH GLEN PHARMACY,11,FedProx
FedAvg-equal_CIMAS HIGH GLEN PHARMACY_s11,839,362,0.43146603098927294,0.705794854137061,1.635806305582857,0.8073247854338234,0.17664909642707263,0.04532588861140057,0.47399992161853804,0.7349224550308675,1.1634115124896807,-0.24709866500366687,0.7464114832535885,0.430939226519337,1.7299426366015491,0.6587112171837709,0.7624309392265194,1.5266815226994028,0.6039783001808319,0.9226519337016574,1.3998281598113755,477,0.5685339690107271,0.8702026199069649,1.530607962477869,0.8073247854338232,0.17664909642707263,0.0453258886114006,0.47399992161853804,0.7349224550308675,1.1634115124896807,0.2470986650036669,0.9521531100478469,0.4171907756813417,1.6747514870652904,0.7947494033412887,0.6981132075471698,1.3978925564011346,0.7106690777576854,0.8238993710691824,1.2500028432677108,0.8073247854338234,fl_loco_FedAvg-equal,CIMAS HIGH GLEN PHARMACY,11,FedAvg-equal
SCAFFOLD_CIMAS HIGH GLEN PHARMACY_s11,839,362,0.43146603098927294,0.7056750147058033,1.6355285561827873,0.8072668728355167,0.1766609684276883,0.04548081114016789,0.47399992161853804,0.7349224550308675,1.161574422864174,-0.24837524638059374,0.7464114832535885,0.430939226519337,1.7299426366015491,0.6587112171837709,0.7624309392265194,1.5266815226994028,0.6021699819168174,0.919889502762431,1.3956370575364911,477,0.5685339690107271,0.8701428782080886,1.5305028822150657,0.8072668728355166,0.1766609684276883,0.04548081114016797,0.47399992161853804,0.7349224550308675,1.161574422864174,0.24837524638059377,0.9521531100478469,0.4171907756813417,1.6747514870652904,0.7947494033412887,0.6981132075471698,1.3978925564011346,0.7106690777576854,0.8238993710691824,1.2500028432677108,0.8072668728355167,fl_loco_SCAFFOLD,CIMAS HIGH GLEN PHARMACY,11,SCAFFOLD
FedAdam_CIMAS HIGH GLEN PHARMACY_s11,839,362,0.43146603098927294,0.7107256285801402,1.6472342607147448,0.8060159607120934,0.17972282247496776,0.05426917709741262,0.48158069008948234,0.7391153271482678,1.0154637868843164,-0.294513764203983,0.7416267942583732,0.4281767955801105,1.7188532607258982,0.6563245823389021,0.7596685082872928,1.5211500679070136,0.6003616636528029,0.9171270718232044,1.3914459552616065,477,0.5685339690107271,0.8660039503663665,1.523222881252372,0.8060159607120934,0.17972282247496776,0.05426917709741262,0.48158069008948234,0.7391153271482678,1.0154637868843164,0.29451376420398295,0.937799043062201,0.4109014675052411,1.6495039772100348,0.7923627684964201,0.6960167714884696,1.3936946808563866,0.7142857142857143,0.8280922431865828,1.2563641808924828,0.8060159607120934,fl_loco_FedAdam,CIMAS HIGH GLEN PHARMACY,11,FedAdam
FedAvg_CIMAS HIGH GLEN PHARMACY_s19,839,362,0.43146603098927294,0.7070359738280638,1.638682823319739,0.8080602754323176,0.17615069611065343,0.04394121126925557,0.4694649227296358,0.7339726884186386,1.0594315283816285,-0.20741674346440597,0.7272727272727273,0.4198895027624309,1.6855851330989453,0.6587112171837709,0.7624309392265194,1.5266815226994028,0.6021699819168174,0.919889502762431,1.3956370575364911,477,0.5685339690107271,0.8712758998948227,1.5324957652238076,0.8080602754323175,0.17615069611065343,0.04394121126925563,0.4694649227296358,0.7339726884186386,1.0594315283816285,0.20741674346440597,0.9569377990430622,0.4192872117400419,1.683167323683709,0.7971360381861575,0.70020964360587,1.402090431945883,0.7106690777576854,0.8238993710691824,1.2500028432677108,0.8080602754323176,fl_loco_FedAvg,CIMAS HIGH GLEN PHARMACY,19,FedAvg
FedProx_CIMAS HIGH GLEN PHARMACY_s19,839,362,0.43146603098927294,0.7073612826579236,1.6394367849447458,0.8081008142511321,0.1761590482761375,0.04393504544787389,0.4724208585968214,0.7353539038882518,1.060203018881597,-0.20754951349898657,0.7272727272727273,0.4198895027624309,1.6855851330989453,0.6587112171837709,0.7624309392265194,1.5266815226994028,0.6021699819168174,0.919889502762431,1.3956370575364911,477,0.5685339690107271,0.8712534194284,1.5324562241099111,0.8081008142511321,0.1761590482761375,0.04393504544787399,0.4724208585968214,0.7353539038882518,1.060203018881597,0.20754951349898662,0.9569377990430622,0.4192872117400419,1.683167323683709,0.7971360381861575,0.70020964360587,1.402090431945883,0.7106690777576854,0.8238993710691824,1.2500028432677108,0.8081008142511321,fl_loco_FedProx,CIMAS HIGH GLEN PHARMACY,19,FedProx
FedAvg-equal_CIMAS HIGH GLEN PHARMACY_s19,839,362,0.43146603098927294,0.705794854137061,1.635806305582857,0.8073247854338234,0.17664909642707263,0.04532588861140057,0.47399992161853804,0.7349224550308675,1.1634115124896807,-0.24709866500366687,0.7464114832535885,0.430939226519337,1.7299426366015491,0.6587112171837709,0.7624309392265194,1.5266815226994028,0.6039783001808319,0.9226519337016574,1.3998281598113755,477,0.5685339690107271,0.8702026199069649,1.530607962477869,0.8073247854338232,0.17664909642707263,0.0453258886114006,0.47399992161853804,0.7349224550308675,1.1634115124896807,0.2470986650036669,0.9521531100478469,0.4171907756813417,1.6747514870652904,0.7947494033412887,0.6981132075471698,1.3978925564011346,0.7106690777576854,0.8238993710691824,1.2500028432677108,0.8073247854338234,fl_loco_FedAvg-equal,CIMAS HIGH GLEN PHARMACY,19,FedAvg-equal
SCAFFOLD_CIMAS HIGH GLEN PHARMACY_s19,839,362,0.43146603098927294,0.7056750147058033,1.6355285561827873,0.8072668728355167,0.1766609684276883,0.04548081114016789,0.47399992161853804,0.7349224550308675,1.161574422864174,-0.24837524638059374,0.7464114832535885,0.430939226519337,1.7299426366015491,0.6587112171837709,0.7624309392265194,1.5266815226994028,0.6021699819168174,0.919889502762431,1.3956370575364911,477,0.5685339690107271,0.8701428782080886,1.5305028822150657,0.8072668728355166,0.1766609684276883,0.04548081114016797,0.47399992161853804,0.7349224550308675,1.161574422864174,0.24837524638059377,0.9521531100478469,0.4171907756813417,1.6747514870652904,0.7947494033412887,0.6981132075471698,1.3978925564011346,0.7106690777576854,0.8238993710691824,1.2500028432677108,0.8072668728355167,fl_loco_SCAFFOLD,CIMAS HIGH GLEN PHARMACY,19,SCAFFOLD
FedAdam_CIMAS HIGH GLEN PHARMACY_s19,839,362,0.43146603098927294,0.7107256285801402,1.6472342607147448,0.8060159607120934,0.17972282247496776,0.05426917709741262,0.48158069008948234,0.7391153271482678,1.0154637868843164,-0.294513764203983,0.7416267942583732,0.4281767955801105,1.7188532607258982,0.6563245823389021,0.7596685082872928,1.5211500679070136,0.6003616636528029,0.9171270718232044,1.3914459552616065,477,0.5685339690107271,0.8660039503663665,1.523222881252372,0.8060159607120934,0.17972282247496776,0.05426917709741262,0.48158069008948234,0.7391153271482678,1.0154637868843164,0.29451376420398295,0.937799043062201,0.4109014675052411,1.6495039772100348,0.7923627684964201,0.6960167714884696,1.3936946808563866,0.7142857142857143,0.8280922431865828,1.2563641808924828,0.8060159607120934,fl_loco_FedAdam,CIMAS HIGH GLEN PHARMACY,19,FedAdam
FedAvg_CIMAS HIGH GLEN PHARMACY_s23,839,362,0.43146603098927294,0.7070359738280638,1.638682823319739,0.8080602754323176,0.17615069611065343,0.04394121126925557,0.4694649227296358,0.7339726884186386,1.0594315283816285,-0.20741674346440597,0.7272727272727273,0.4198895027624309,1.6855851330989453,0.6587112171837709,0.7624309392265194,1.5266815226994028,0.6021699819168174,0.919889502762431,1.3956370575364911,477,0.5685339690107271,0.8712758998948227,1.5324957652238076,0.8080602754323175,0.17615069611065343,0.04394121126925563,0.4694649227296358,0.7339726884186386,1.0594315283816285,0.20741674346440597,0.9569377990430622,0.4192872117400419,1.683167323683709,0.7971360381861575,0.70020964360587,1.402090431945883,0.7106690777576854,0.8238993710691824,1.2500028432677108,0.8080602754323176,fl_loco_FedAvg,CIMAS HIGH GLEN PHARMACY,23,FedAvg
FedProx_CIMAS HIGH GLEN PHARMACY_s23,839,362,0.43146603098927294,0.7073612826579236,1.6394367849447458,0.8081008142511321,0.1761590482761375,0.04393504544787389,0.4724208585968214,0.7353539038882518,1.060203018881597,-0.20754951349898657,0.7272727272727273,0.4198895027624309,1.6855851330989453,0.6587112171837709,0.7624309392265194,1.5266815226994028,0.6021699819168174,0.919889502762431,1.3956370575364911,477,0.5685339690107271,0.8712534194284,1.5324562241099111,0.8081008142511321,0.1761590482761375,0.04393504544787399,0.4724208585968214,0.7353539038882518,1.060203018881597,0.20754951349898662,0.9569377990430622,0.4192872117400419,1.683167323683709,0.7971360381861575,0.70020964360587,1.402090431945883,0.7106690777576854,0.8238993710691824,1.2500028432677108,0.8081008142511321,fl_loco_FedProx,CIMAS HIGH GLEN PHARMACY,23,FedProx
FedAvg-equal_CIMAS HIGH GLEN PHARMACY_s23,839,362,0.43146603098927294,0.705794854137061,1.635806305582857,0.8073247854338234,0.17664909642707263,0.04532588861140057,0.47399992161853804,0.7349224550308675,1.1634115124896807,-0.24709866500366687,0.7464114832535885,0.430939226519337,1.7299426366015491,0.6587112171837709,0.7624309392265194,1.5266815226994028,0.6039783001808319,0.9226519337016574,1.3998281598113755,477,0.5685339690107271,0.8702026199069649,1.530607962477869,0.8073247854338232,0.17664909642707263,0.0453258886114006,0.47399992161853804,0.7349224550308675,1.1634115124896807,0.2470986650036669,0.9521531100478469,0.4171907756813417,1.6747514870652904,0.7947494033412887,0.6981132075471698,1.3978925564011346,0.7106690777576854,0.8238993710691824,1.2500028432677108,0.8073247854338234,fl_loco_FedAvg-equal,CIMAS HIGH GLEN PHARMACY,23,FedAvg-equal
SCAFFOLD_CIMAS HIGH GLEN PHARMACY_s23,839,362,0.43146603098927294,0.7056750147058033,1.6355285561827873,0.8072668728355167,0.1766609684276883,0.04548081114016789,0.47399992161853804,0.7349224550308675,1.161574422864174,-0.24837524638059374,0.7464114832535885,0.430939226519337,1.7299426366015491,0.6587112171837709,0.7624309392265194,1.5266815226994028,0.6021699819168174,0.919889502762431,1.3956370575364911,477,0.5685339690107271,0.8701428782080886,1.5305028822150657,0.8072668728355166,0.1766609684276883,0.04548081114016797,0.47399992161853804,0.7349224550308675,1.161574422864174,0.24837524638059377,0.9521531100478469,0.4171907756813417,1.6747514870652904,0.7947494033412887,0.6981132075471698,1.3978925564011346,0.7106690777576854,0.8238993710691824,1.2500028432677108,0.8072668728355167,fl_loco_SCAFFOLD,CIMAS HIGH GLEN PHARMACY,23,SCAFFOLD
FedAdam_CIMAS HIGH GLEN PHARMACY_s23,839,362,0.43146603098927294,0.7107256285801402,1.6472342607147448,0.8060159607120934,0.17972282247496776,0.05426917709741262,0.48158069008948234,0.7391153271482678,1.0154637868843164,-0.294513764203983,0.7416267942583732,0.4281767955801105,1.7188532607258982,0.6563245823389021,0.7596685082872928,1.5211500679070136,0.6003616636528029,0.9171270718232044,1.3914459552616065,477,0.5685339690107271,0.8660039503663665,1.523222881252372,0.8060159607120934,0.17972282247496776,0.05426917709741262,0.48158069008948234,0.7391153271482678,1.0154637868843164,0.29451376420398295,0.937799043062201,0.4109014675052411,1.6495039772100348,0.7923627684964201,0.6960167714884696,1.3936946808563866,0.7142857142857143,0.8280922431865828,1.2563641808924828,0.8060159607120934,fl_loco_FedAdam,CIMAS HIGH GLEN PHARMACY,23,FedAdam
FedAvg_CIMAS HIGH GLEN PHARMACY_s37,839,362,0.43146603098927294,0.7070359738280638,1.638682823319739,0.8080602754323176,0.17615069611065343,0.04394121126925557,0.4694649227296358,0.7339726884186386,1.0594315283816285,-0.20741674346440597,0.7272727272727273,0.4198895027624309,1.6855851330989453,0.6587112171837709,0.7624309392265194,1.5266815226994028,0.6021699819168174,0.919889502762431,1.3956370575364911,477,0.5685339690107271,0.8712758998948227,1.5324957652238076,0.8080602754323175,0.17615069611065343,0.04394121126925563,0.4694649227296358,0.7339726884186386,1.0594315283816285,0.20741674346440597,0.9569377990430622,0.4192872117400419,1.683167323683709,0.7971360381861575,0.70020964360587,1.402090431945883,0.7106690777576854,0.8238993710691824,1.2500028432677108,0.8080602754323176,fl_loco_FedAvg,CIMAS HIGH GLEN PHARMACY,37,FedAvg
FedProx_CIMAS HIGH GLEN PHARMACY_s37,839,362,0.43146603098927294,0.7073612826579236,1.6394367849447458,0.8081008142511321,0.1761590482761375,0.04393504544787389,0.4724208585968214,0.7353539038882518,1.060203018881597,-0.20754951349898657,0.7272727272727273,0.4198895027624309,1.6855851330989453,0.6587112171837709,0.7624309392265194,1.5266815226994028,0.6021699819168174,0.919889502762431,1.3956370575364911,477,0.5685339690107271,0.8712534194284,1.5324562241099111,0.8081008142511321,0.1761590482761375,0.04393504544787399,0.4724208585968214,0.7353539038882518,1.060203018881597,0.20754951349898662,0.9569377990430622,0.4192872117400419,1.683167323683709,0.7971360381861575,0.70020964360587,1.402090431945883,0.7106690777576854,0.8238993710691824,1.2500028432677108,0.8081008142511321,fl_loco_FedProx,CIMAS HIGH GLEN PHARMACY,37,FedProx
FedAvg-equal_CIMAS HIGH GLEN PHARMACY_s37,839,362,0.43146603098927294,0.705794854137061,1.635806305582857,0.8073247854338234,0.17664909642707263,0.04532588861140057,0.47399992161853804,0.7349224550308675,1.1634115124896807,-0.24709866500366687,0.7464114832535885,0.430939226519337,1.7299426366015491,0.6587112171837709,0.7624309392265194,1.5266815226994028,0.6039783001808319,0.9226519337016574,1.3998281598113755,477,0.5685339690107271,0.8702026199069649,1.530607962477869,0.8073247854338232,0.17664909642707263,0.0453258886114006,0.47399992161853804,0.7349224550308675,1.1634115124896807,0.2470986650036669,0.9521531100478469,0.4171907756813417,1.6747514870652904,0.7947494033412887,0.6981132075471698,1.3978925564011346,0.7106690777576854,0.8238993710691824,1.2500028432677108,0.8073247854338234,fl_loco_FedAvg-equal,CIMAS HIGH GLEN PHARMACY,37,FedAvg-equal
SCAFFOLD_CIMAS HIGH GLEN PHARMACY_s37,839,362,0.43146603098927294,0.7056750147058033,1.6355285561827873,0.8072668728355167,0.1766609684276883,0.04548081114016789,0.47399992161853804,0.7349224550308675,1.161574422864174,-0.24837524638059374,0.7464114832535885,0.430939226519337,1.7299426366015491,0.6587112171837709,0.7624309392265194,1.5266815226994028,0.6021699819168174,0.919889502762431,1.3956370575364911,477,0.5685339690107271,0.8701428782080886,1.5305028822150657,0.8072668728355166,0.1766609684276883,0.04548081114016797,0.47399992161853804,0.7349224550308675,1.161574422864174,0.24837524638059377,0.9521531100478469,0.4171907756813417,1.6747514870652904,0.7947494033412887,0.6981132075471698,1.3978925564011346,0.7106690777576854,0.8238993710691824,1.2500028432677108,0.8072668728355167,fl_loco_SCAFFOLD,CIMAS HIGH GLEN PHARMACY,37,SCAFFOLD
FedAdam_CIMAS HIGH GLEN PHARMACY_s37,839,362,0.43146603098927294,0.7107256285801402,1.6472342607147448,0.8060159607120934,0.17972282247496776,0.05426917709741262,0.48158069008948234,0.7391153271482678,1.0154637868843164,-0.294513764203983,0.7416267942583732,0.4281767955801105,1.7188532607258982,0.6563245823389021,0.7596685082872928,1.5211500679070136,0.6003616636528029,0.9171270718232044,1.3914459552616065,477,0.5685339690107271,0.8660039503663665,1.523222881252372,0.8060159607120934,0.17972282247496776,0.05426917709741262,0.48158069008948234,0.7391153271482678,1.0154637868843164,0.29451376420398295,0.937799043062201,0.4109014675052411,1.6495039772100348,0.7923627684964201,0.6960167714884696,1.3936946808563866,0.7142857142857143,0.8280922431865828,1.2563641808924828,0.8060159607120934,fl_loco_FedAdam,CIMAS HIGH GLEN PHARMACY,37,FedAdam
FedAvg_CIMAS KWEKWE CLINIC- PHARMACY_s7,378,125,0.3306878306878307,0.6351948302644669,1.9208291667197477,0.8205849802371542,0.16853236266444177,0.09369276626485498,0.4689863309930727,0.7464664031620554,1.1609555819056614,-0.5407252920415858,0.648936170212766,0.488,1.9623829787234042,0.5555555555555556,0.84,1.68,0.4779116465863454,0.952,1.4452048192771083,253,0.6693121693121693,0.9128367423134578,1.3638430379228736,0.8205849802371542,0.16853236266444177,0.09369276626485493,0.4689863309930727,0.7464664031620554,1.1609555819056614,0.5407252920415858,0.9680851063829787,0.35968379446640314,1.4463880245563872,0.8941798941798942,0.6679841897233202,1.3359683794466404,0.8273092369477911,0.8142292490118577,1.2360588599457116,0.8205849802371542,fl_loco_FedAvg,CIMAS KWEKWE CLINIC- PHARMACY,7,FedAvg
FedProx_CIMAS KWEKWE CLINIC- PHARMACY_s7,378,125,0.3306878306878307,0.6350128069155087,1.9202787281124982,0.8204268774703557,0.1685455125382059,0.09375502655453051,0.4689863309930727,0.7464664031620554,1.1617557363974613,-0.5409239053737113,0.648936170212766,0.488,1.9623829787234042,0.5555555555555556,0.84,1.68,0.4779116465863454,0.952,1.4452048192771083,253,0.6693121693121693,0.9127527072230748,1.3637174835190604,0.8204268774703558,0.1685455125382059,0.09375502655453047,0.4689863309930727,0.7464664031620554,1.1617557363974613,0.5409239053737114,0.9680851063829787,0.35968379446640314,1.4463880245563872,0.8941798941798942,0.6679841897233202,1.3359683794466404,0.8273092369477911,0.8142292490118577,1.2360588599457116,0.8204268774703557,fl_loco_FedProx,CIMAS KWEKWE CLINIC- PHARMACY,7,FedProx
FedAvg-equal_CIMAS KWEKWE CLINIC- PHARMACY_s7,378,125,0.3306878306878307,0.6431394832454467,1.9448537973342306,0.8214703557312253,0.16959293235779477,0.09948254111287703,0.4551908046174478,0.7366798418972332,1.2800312766525386,-0.5653285704039762,0.648936170212766,0.488,1.9623829787234042,0.544973544973545,0.824,1.6480000000000001,0.4779116465863454,0.952,1.4452048192771083,253,0.6693121693121693,0.9125602822277266,1.3634299868856943,0.8214703557312253,0.16959293235779477,0.09948254111287703,0.4551908046174478,0.7366798418972332,1.2800312766525386,0.5653285704039762,0.9680851063829787,0.35968379446640314,1.4463880245563872,0.8835978835978836,0.6600790513833992,1.3201581027667983,0.8192771084337349,0.8063241106719368,1.224058288489928,0.8214703557312253,fl_loco_FedAvg-equal,CIMAS KWEKWE CLINIC- PHARMACY,7,FedAvg-equal
SCAFFOLD_CIMAS KWEKWE CLINIC- PHARMACY_s7,378,125,0.3306878306878307,0.642610846357427,1.9432551993848592,0.8212806324110672,0.16963034543855254,0.09964174702379112,0.4551908046174478,0.7366798418972332,1.277982823892355,-0.5668233787940095,0.648936170212766,0.488,1.9623829787234042,0.5396825396825397,0.816,1.632,0.4779116465863454,0.952,1.4452048192771083,253,0.6693121693121693,0.9124598708802019,1.363279965188602,0.8212806324110672,0.16963034543855252,0.09964174702379108,0.4551908046174478,0.7366798418972332,1.277982823892355,0.5668233787940093,0.9680851063829787,0.35968379446640314,1.4463880245563872,0.8783068783068783,0.6561264822134387,1.3122529644268774,0.8192771084337349,0.8063241106719368,1.224058288489928,0.8212806324110672,fl_loco_SCAFFOLD,CIMAS KWEKWE CLINIC- PHARMACY,7,SCAFFOLD
FedAdam_CIMAS KWEKWE CLINIC- PHARMACY_s7,378,125,0.3306878306878307,0.6223141610634513,1.8818780230558767,0.8071778656126481,0.17751598207091943,0.10894639515401919,0.444100196508232,0.7325849802371542,1.0118195458018286,-0.632546375170598,0.6276595744680851,0.472,1.8980425531914893,0.544973544973545,0.824,1.6480000000000001,0.46987951807228917,0.936,1.4209156626506023,253,0.6693121693121693,0.9015097415384671,1.3469196928914646,0.8071778656126483,0.17751598207091943,0.10894639515401922,0.444100196508232,0.7325849802371542,1.0118195458018286,0.632546375170598,0.9680851063829787,0.35968379446640314,1.4463880245563872,0.8835978835978836,0.6600790513833992,1.3201581027667983,0.8152610441767069,0.8023715415019763,1.2180580027620365,0.8071778656126481,fl_loco_FedAdam,CIMAS KWEKWE CLINIC- PHARMACY,7,FedAdam
FedAvg_CIMAS KWEKWE CLINIC- PHARMACY_s11,378,125,0.3306878306878307,0.6351948302644669,1.9208291667197477,0.8205849802371542,0.16853236266444177,0.09369276626485498,0.4689863309930727,0.7464664031620554,1.1609555819056614,-0.5407252920415858,0.648936170212766,0.488,1.9623829787234042,0.5555555555555556,0.84,1.68,0.4779116465863454,0.952,1.4452048192771083,253,0.6693121693121693,0.9128367423134578,1.3638430379228736,0.8205849802371542,0.16853236266444177,0.09369276626485493,0.4689863309930727,0.7464664031620554,1.1609555819056614,0.5407252920415858,0.9680851063829787,0.35968379446640314,1.4463880245563872,0.8941798941798942,0.6679841897233202,1.3359683794466404,0.8273092369477911,0.8142292490118577,1.2360588599457116,0.8205849802371542,fl_loco_FedAvg,CIMAS KWEKWE CLINIC- PHARMACY,11,FedAvg
FedProx_CIMAS KWEKWE CLINIC- PHARMACY_s11,378,125,0.3306878306878307,0.6350128069155087,1.9202787281124982,0.8204268774703557,0.1685455125382059,0.09375502655453051,0.4689863309930727,0.7464664031620554,1.1617557363974613,-0.5409239053737113,0.648936170212766,0.488,1.9623829787234042,0.5555555555555556,0.84,1.68,0.4779116465863454,0.952,1.4452048192771083,253,0.6693121693121693,0.9127527072230748,1.3637174835190604,0.8204268774703558,0.1685455125382059,0.09375502655453047,0.4689863309930727,0.7464664031620554,1.1617557363974613,0.5409239053737114,0.9680851063829787,0.35968379446640314,1.4463880245563872,0.8941798941798942,0.6679841897233202,1.3359683794466404,0.8273092369477911,0.8142292490118577,1.2360588599457116,0.8204268774703557,fl_loco_FedProx,CIMAS KWEKWE CLINIC- PHARMACY,11,FedProx
FedAvg-equal_CIMAS KWEKWE CLINIC- PHARMACY_s11,378,125,0.3306878306878307,0.6431394832454467,1.9448537973342306,0.8214703557312253,0.16959293235779477,0.09948254111287703,0.4551908046174478,0.7366798418972332,1.2800312766525386,-0.5653285704039762,0.648936170212766,0.488,1.9623829787234042,0.544973544973545,0.824,1.6480000000000001,0.4779116465863454,0.952,1.4452048192771083,253,0.6693121693121693,0.9125602822277266,1.3634299868856943,0.8214703557312253,0.16959293235779477,0.09948254111287703,0.4551908046174478,0.7366798418972332,1.2800312766525386,0.5653285704039762,0.9680851063829787,0.35968379446640314,1.4463880245563872,0.8835978835978836,0.6600790513833992,1.3201581027667983,0.8192771084337349,0.8063241106719368,1.224058288489928,0.8214703557312253,fl_loco_FedAvg-equal,CIMAS KWEKWE CLINIC- PHARMACY,11,FedAvg-equal
SCAFFOLD_CIMAS KWEKWE CLINIC- PHARMACY_s11,378,125,0.3306878306878307,0.642610846357427,1.9432551993848592,0.8212806324110672,0.16963034543855254,0.09964174702379112,0.4551908046174478,0.7366798418972332,1.277982823892355,-0.5668233787940095,0.648936170212766,0.488,1.9623829787234042,0.5396825396825397,0.816,1.632,0.4779116465863454,0.952,1.4452048192771083,253,0.6693121693121693,0.9124598708802019,1.363279965188602,0.8212806324110672,0.16963034543855252,0.09964174702379108,0.4551908046174478,0.7366798418972332,1.277982823892355,0.5668233787940093,0.9680851063829787,0.35968379446640314,1.4463880245563872,0.8783068783068783,0.6561264822134387,1.3122529644268774,0.8192771084337349,0.8063241106719368,1.224058288489928,0.8212806324110672,fl_loco_SCAFFOLD,CIMAS KWEKWE CLINIC- PHARMACY,11,SCAFFOLD
FedAdam_CIMAS KWEKWE CLINIC- PHARMACY_s11,378,125,0.3306878306878307,0.6223141610634513,1.8818780230558767,0.8071778656126481,0.17751598207091943,0.10894639515401919,0.444100196508232,0.7325849802371542,1.0118195458018286,-0.632546375170598,0.6276595744680851,0.472,1.8980425531914893,0.544973544973545,0.824,1.6480000000000001,0.46987951807228917,0.936,1.4209156626506023,253,0.6693121693121693,0.9015097415384671,1.3469196928914646,0.8071778656126483,0.17751598207091943,0.10894639515401922,0.444100196508232,0.7325849802371542,1.0118195458018286,0.632546375170598,0.9680851063829787,0.35968379446640314,1.4463880245563872,0.8835978835978836,0.6600790513833992,1.3201581027667983,0.8152610441767069,0.8023715415019763,1.2180580027620365,0.8071778656126481,fl_loco_FedAdam,CIMAS KWEKWE CLINIC- PHARMACY,11,FedAdam
FedAvg_CIMAS KWEKWE CLINIC- PHARMACY_s19,378,125,0.3306878306878307,0.6351948302644669,1.9208291667197477,0.8205849802371542,0.16853236266444177,0.09369276626485498,0.4689863309930727,0.7464664031620554,1.1609555819056614,-0.5407252920415858,0.648936170212766,0.488,1.9623829787234042,0.5555555555555556,0.84,1.68,0.4779116465863454,0.952,1.4452048192771083,253,0.6693121693121693,0.9128367423134578,1.3638430379228736,0.8205849802371542,0.16853236266444177,0.09369276626485493,0.4689863309930727,0.7464664031620554,1.1609555819056614,0.5407252920415858,0.9680851063829787,0.35968379446640314,1.4463880245563872,0.8941798941798942,0.6679841897233202,1.3359683794466404,0.8273092369477911,0.8142292490118577,1.2360588599457116,0.8205849802371542,fl_loco_FedAvg,CIMAS KWEKWE CLINIC- PHARMACY,19,FedAvg
FedProx_CIMAS KWEKWE CLINIC- PHARMACY_s19,378,125,0.3306878306878307,0.6350128069155087,1.9202787281124982,0.8204268774703557,0.1685455125382059,0.09375502655453051,0.4689863309930727,0.7464664031620554,1.1617557363974613,-0.5409239053737113,0.648936170212766,0.488,1.9623829787234042,0.5555555555555556,0.84,1.68,0.4779116465863454,0.952,1.4452048192771083,253,0.6693121693121693,0.9127527072230748,1.3637174835190604,0.8204268774703558,0.1685455125382059,0.09375502655453047,0.4689863309930727,0.7464664031620554,1.1617557363974613,0.5409239053737114,0.9680851063829787,0.35968379446640314,1.4463880245563872,0.8941798941798942,0.6679841897233202,1.3359683794466404,0.8273092369477911,0.8142292490118577,1.2360588599457116,0.8204268774703557,fl_loco_FedProx,CIMAS KWEKWE CLINIC- PHARMACY,19,FedProx
FedAvg-equal_CIMAS KWEKWE CLINIC- PHARMACY_s19,378,125,0.3306878306878307,0.6431394832454467,1.9448537973342306,0.8214703557312253,0.16959293235779477,0.09948254111287703,0.4551908046174478,0.7366798418972332,1.2800312766525386,-0.5653285704039762,0.648936170212766,0.488,1.9623829787234042,0.544973544973545,0.824,1.6480000000000001,0.4779116465863454,0.952,1.4452048192771083,253,0.6693121693121693,0.9125602822277266,1.3634299868856943,0.8214703557312253,0.16959293235779477,0.09948254111287703,0.4551908046174478,0.7366798418972332,1.2800312766525386,0.5653285704039762,0.9680851063829787,0.35968379446640314,1.4463880245563872,0.8835978835978836,0.6600790513833992,1.3201581027667983,0.8192771084337349,0.8063241106719368,1.224058288489928,0.8214703557312253,fl_loco_FedAvg-equal,CIMAS KWEKWE CLINIC- PHARMACY,19,FedAvg-equal
SCAFFOLD_CIMAS KWEKWE CLINIC- PHARMACY_s19,378,125,0.3306878306878307,0.642610846357427,1.9432551993848592,0.8212806324110672,0.16963034543855254,0.09964174702379112,0.4551908046174478,0.7366798418972332,1.277982823892355,-0.5668233787940095,0.648936170212766,0.488,1.9623829787234042,0.5396825396825397,0.816,1.632,0.4779116465863454,0.952,1.4452048192771083,253,0.6693121693121693,0.9124598708802019,1.363279965188602,0.8212806324110672,0.16963034543855252,0.09964174702379108,0.4551908046174478,0.7366798418972332,1.277982823892355,0.5668233787940093,0.9680851063829787,0.35968379446640314,1.4463880245563872,0.8783068783068783,0.6561264822134387,1.3122529644268774,0.8192771084337349,0.8063241106719368,1.224058288489928,0.8212806324110672,fl_loco_SCAFFOLD,CIMAS KWEKWE CLINIC- PHARMACY,19,SCAFFOLD
FedAdam_CIMAS KWEKWE CLINIC- PHARMACY_s19,378,125,0.3306878306878307,0.6223141610634513,1.8818780230558767,0.8071778656126481,0.17751598207091943,0.10894639515401919,0.444100196508232,0.7325849802371542,1.0118195458018286,-0.632546375170598,0.6276595744680851,0.472,1.8980425531914893,0.544973544973545,0.824,1.6480000000000001,0.46987951807228917,0.936,1.4209156626506023,253,0.6693121693121693,0.9015097415384671,1.3469196928914646,0.8071778656126483,0.17751598207091943,0.10894639515401922,0.444100196508232,0.7325849802371542,1.0118195458018286,0.632546375170598,0.9680851063829787,0.35968379446640314,1.4463880245563872,0.8835978835978836,0.6600790513833992,1.3201581027667983,0.8152610441767069,0.8023715415019763,1.2180580027620365,0.8071778656126481,fl_loco_FedAdam,CIMAS KWEKWE CLINIC- PHARMACY,19,FedAdam
FedAvg_CIMAS KWEKWE CLINIC- PHARMACY_s23,378,125,0.3306878306878307,0.6351948302644669,1.9208291667197477,0.8205849802371542,0.16853236266444177,0.09369276626485498,0.4689863309930727,0.7464664031620554,1.1609555819056614,-0.5407252920415858,0.648936170212766,0.488,1.9623829787234042,0.5555555555555556,0.84,1.68,0.4779116465863454,0.952,1.4452048192771083,253,0.6693121693121693,0.9128367423134578,1.3638430379228736,0.8205849802371542,0.16853236266444177,0.09369276626485493,0.4689863309930727,0.7464664031620554,1.1609555819056614,0.5407252920415858,0.9680851063829787,0.35968379446640314,1.4463880245563872,0.8941798941798942,0.6679841897233202,1.3359683794466404,0.8273092369477911,0.8142292490118577,1.2360588599457116,0.8205849802371542,fl_loco_FedAvg,CIMAS KWEKWE CLINIC- PHARMACY,23,FedAvg
FedProx_CIMAS KWEKWE CLINIC- PHARMACY_s23,378,125,0.3306878306878307,0.6350128069155087,1.9202787281124982,0.8204268774703557,0.1685455125382059,0.09375502655453051,0.4689863309930727,0.7464664031620554,1.1617557363974613,-0.5409239053737113,0.648936170212766,0.488,1.9623829787234042,0.5555555555555556,0.84,1.68,0.4779116465863454,0.952,1.4452048192771083,253,0.6693121693121693,0.9127527072230748,1.3637174835190604,0.8204268774703558,0.1685455125382059,0.09375502655453047,0.4689863309930727,0.7464664031620554,1.1617557363974613,0.5409239053737114,0.9680851063829787,0.35968379446640314,1.4463880245563872,0.8941798941798942,0.6679841897233202,1.3359683794466404,0.8273092369477911,0.8142292490118577,1.2360588599457116,0.8204268774703557,fl_loco_FedProx,CIMAS KWEKWE CLINIC- PHARMACY,23,FedProx
FedAvg-equal_CIMAS KWEKWE CLINIC- PHARMACY_s23,378,125,0.3306878306878307,0.6431394832454467,1.9448537973342306,0.8214703557312253,0.16959293235779477,0.09948254111287703,0.4551908046174478,0.7366798418972332,1.2800312766525386,-0.5653285704039762,0.648936170212766,0.488,1.9623829787234042,0.544973544973545,0.824,1.6480000000000001,0.4779116465863454,0.952,1.4452048192771083,253,0.6693121693121693,0.9125602822277266,1.3634299868856943,0.8214703557312253,0.16959293235779477,0.09948254111287703,0.4551908046174478,0.7366798418972332,1.2800312766525386,0.5653285704039762,0.9680851063829787,0.35968379446640314,1.4463880245563872,0.8835978835978836,0.6600790513833992,1.3201581027667983,0.8192771084337349,0.8063241106719368,1.224058288489928,0.8214703557312253,fl_loco_FedAvg-equal,CIMAS KWEKWE CLINIC- PHARMACY,23,FedAvg-equal
SCAFFOLD_CIMAS KWEKWE CLINIC- PHARMACY_s23,378,125,0.3306878306878307,0.642610846357427,1.9432551993848592,0.8212806324110672,0.16963034543855254,0.09964174702379112,0.4551908046174478,0.7366798418972332,1.277982823892355,-0.5668233787940095,0.648936170212766,0.488,1.9623829787234042,0.5396825396825397,0.816,1.632,0.4779116465863454,0.952,1.4452048192771083,253,0.6693121693121693,0.9124598708802019,1.363279965188602,0.8212806324110672,0.16963034543855252,0.09964174702379108,0.4551908046174478,0.7366798418972332,1.277982823892355,0.5668233787940093,0.9680851063829787,0.35968379446640314,1.4463880245563872,0.8783068783068783,0.6561264822134387,1.3122529644268774,0.8192771084337349,0.8063241106719368,1.224058288489928,0.8212806324110672,fl_loco_SCAFFOLD,CIMAS KWEKWE CLINIC- PHARMACY,23,SCAFFOLD
FedAdam_CIMAS KWEKWE CLINIC- PHARMACY_s23,378,125,0.3306878306878307,0.6223141610634513,1.8818780230558767,0.8071778656126481,0.17751598207091943,0.10894639515401919,0.444100196508232,0.7325849802371542,1.0118195458018286,-0.632546375170598,0.6276595744680851,0.472,1.8980425531914893,0.544973544973545,0.824,1.6480000000000001,0.46987951807228917,0.936,1.4209156626506023,253,0.6693121693121693,0.9015097415384671,1.3469196928914646,0.8071778656126483,0.17751598207091943,0.10894639515401922,0.444100196508232,0.7325849802371542,1.0118195458018286,0.632546375170598,0.9680851063829787,0.35968379446640314,1.4463880245563872,0.8835978835978836,0.6600790513833992,1.3201581027667983,0.8152610441767069,0.8023715415019763,1.2180580027620365,0.8071778656126481,fl_loco_FedAdam,CIMAS KWEKWE CLINIC- PHARMACY,23,FedAdam
FedAvg_CIMAS KWEKWE CLINIC- PHARMACY_s37,378,125,0.3306878306878307,0.6351948302644669,1.9208291667197477,0.8205849802371542,0.16853236266444177,0.09369276626485498,0.4689863309930727,0.7464664031620554,1.1609555819056614,-0.5407252920415858,0.648936170212766,0.488,1.9623829787234042,0.5555555555555556,0.84,1.68,0.4779116465863454,0.952,1.4452048192771083,253,0.6693121693121693,0.9128367423134578,1.3638430379228736,0.8205849802371542,0.16853236266444177,0.09369276626485493,0.4689863309930727,0.7464664031620554,1.1609555819056614,0.5407252920415858,0.9680851063829787,0.35968379446640314,1.4463880245563872,0.8941798941798942,0.6679841897233202,1.3359683794466404,0.8273092369477911,0.8142292490118577,1.2360588599457116,0.8205849802371542,fl_loco_FedAvg,CIMAS KWEKWE CLINIC- PHARMACY,37,FedAvg
FedProx_CIMAS KWEKWE CLINIC- PHARMACY_s37,378,125,0.3306878306878307,0.6350128069155087,1.9202787281124982,0.8204268774703557,0.1685455125382059,0.09375502655453051,0.4689863309930727,0.7464664031620554,1.1617557363974613,-0.5409239053737113,0.648936170212766,0.488,1.9623829787234042,0.5555555555555556,0.84,1.68,0.4779116465863454,0.952,1.4452048192771083,253,0.6693121693121693,0.9127527072230748,1.3637174835190604,0.8204268774703558,0.1685455125382059,0.09375502655453047,0.4689863309930727,0.7464664031620554,1.1617557363974613,0.5409239053737114,0.9680851063829787,0.35968379446640314,1.4463880245563872,0.8941798941798942,0.6679841897233202,1.3359683794466404,0.8273092369477911,0.8142292490118577,1.2360588599457116,0.8204268774703557,fl_loco_FedProx,CIMAS KWEKWE CLINIC- PHARMACY,37,FedProx
FedAvg-equal_CIMAS KWEKWE CLINIC- PHARMACY_s37,378,125,0.3306878306878307,0.6431394832454467,1.9448537973342306,0.8214703557312253,0.16959293235779477,0.09948254111287703,0.4551908046174478,0.7366798418972332,1.2800312766525386,-0.5653285704039762,0.648936170212766,0.488,1.9623829787234042,0.544973544973545,0.824,1.6480000000000001,0.4779116465863454,0.952,1.4452048192771083,253,0.6693121693121693,0.9125602822277266,1.3634299868856943,0.8214703557312253,0.16959293235779477,0.09948254111287703,0.4551908046174478,0.7366798418972332,1.2800312766525386,0.5653285704039762,0.9680851063829787,0.35968379446640314,1.4463880245563872,0.8835978835978836,0.6600790513833992,1.3201581027667983,0.8192771084337349,0.8063241106719368,1.224058288489928,0.8214703557312253,fl_loco_FedAvg-equal,CIMAS KWEKWE CLINIC- PHARMACY,37,FedAvg-equal
SCAFFOLD_CIMAS KWEKWE CLINIC- PHARMACY_s37,378,125,0.3306878306878307,0.642610846357427,1.9432551993848592,0.8212806324110672,0.16963034543855254,0.09964174702379112,0.4551908046174478,0.7366798418972332,1.277982823892355,-0.5668233787940095,0.648936170212766,0.488,1.9623829787234042,0.5396825396825397,0.816,1.632,0.4779116465863454,0.952,1.4452048192771083,253,0.6693121693121693,0.9124598708802019,1.363279965188602,0.8212806324110672,0.16963034543855252,0.09964174702379108,0.4551908046174478,0.7366798418972332,1.277982823892355,0.5668233787940093,0.9680851063829787,0.35968379446640314,1.4463880245563872,0.8783068783068783,0.6561264822134387,1.3122529644268774,0.8192771084337349,0.8063241106719368,1.224058288489928,0.8212806324110672,fl_loco_SCAFFOLD,CIMAS KWEKWE CLINIC- PHARMACY,37,SCAFFOLD
FedAdam_CIMAS KWEKWE CLINIC- PHARMACY_s37,378,125,0.3306878306878307,0.6223141610634513,1.8818780230558767,0.8071778656126481,0.17751598207091943,0.10894639515401919,0.444100196508232,0.7325849802371542,1.0118195458018286,-0.632546375170598,0.6276595744680851,0.472,1.8980425531914893,0.544973544973545,0.824,1.6480000000000001,0.46987951807228917,0.936,1.4209156626506023,253,0.6693121693121693,0.9015097415384671,1.3469196928914646,0.8071778656126483,0.17751598207091943,0.10894639515401922,0.444100196508232,0.7325849802371542,1.0118195458018286,0.632546375170598,0.9680851063829787,0.35968379446640314,1.4463880245563872,0.8835978835978836,0.6600790513833992,1.3201581027667983,0.8152610441767069,0.8023715415019763,1.2180580027620365,0.8071778656126481,fl_loco_FedAdam,CIMAS KWEKWE CLINIC- PHARMACY,37,FedAdam
FedAvg_CIMAS MANRESA - PHARRMACY_s7,439,198,0.4510250569476082,0.6215800026412199,1.378149601815634,0.7435978037637789,0.20420165331691817,0.060851439268128665,0.4462069426237063,0.7176746720315185,0.8077312441228294,-0.26318964326320415,0.6513761467889908,0.35858585858585856,1.4442127699008434,0.639269406392694,0.7070707070707071,1.4173700475070337,0.5986159169550173,0.8737373737373737,1.3272342805214776,241,0.5489749430523918,0.8132313367466242,1.4813633063558838,0.7435978037637789,0.20420165331691817,0.06085143926812877,0.4462069426237063,0.7176746720315185,0.8077312441228294,0.2631896432632042,0.8807339449541285,0.3983402489626556,1.6043244889413377,0.7397260273972602,0.6721991701244814,1.3474677428522708,0.6539792387543253,0.7842323651452282,1.1912733851168,0.7435978037637789,fl_loco_FedAvg,CIMAS MANRESA - PHARRMACY,7,FedAvg
FedProx_CIMAS MANRESA - PHARRMACY_s7,439,198,0.4510250569476082,0.6217427994969026,1.3785105503996982,0.7435978037637789,0.20420228727345485,0.060803848935262556,0.4462069426237063,0.7176746720315185,0.8082981417108405,-0.26314472660074917,0.6513761467889908,0.35858585858585856,1.4442127699008434,0.639269406392694,0.7070707070707071,1.4173700475070337,0.5986159169550173,0.8737373737373737,1.3272342805214776,241,0.5489749430523918,0.813164054079781,1.481240745813377,0.7435978037637788,0.20420228727345485,0.060803848935262486,0.4462069426237063,0.7176746720315185,0.8082981417108405,0.2631447266007491,0.8807339449541285,0.3983402489626556,1.6043244889413377,0.7397260273972602,0.6721991701244814,1.3474677428522708,0.6539792387543253,0.7842323651452282,1.1912733851168,0.7435978037637789,fl_loco_FedProx,CIMAS MANRESA - PHARRMACY,7,FedProx
FedAvg-equal_CIMAS MANRESA - PHARRMACY_s7,439,198,0.4510250569476082,0.6202764918647788,1.3752594945890804,0.7442893666960058,0.20347211433024187,0.07708844297301652,0.4407451537448865,0.7139758581667295,0.8874098509501962,-0.30698015472383383,0.6605504587155964,0.36363636363636365,1.4645537948290244,0.639269406392694,0.7070707070707071,1.4173700475070337,0.5986159169550173,0.8737373737373737,1.3272342805214776,241,0.5489749430523918,0.8125813280249544,1.4801792655724273,0.7442893666960058,0.20347211433024187,0.07708844297301652,0.4407451537448865,0.7139758581667295,0.8874098509501962,0.30698015472383383,0.8899082568807339,0.4024896265560166,1.62103620236781,0.7351598173515982,0.6680497925311203,1.3391500407358987,0.657439446366782,0.7883817427385892,1.1975764189004867,0.7442893666960058,fl_loco_FedAvg-equal,CIMAS MANRESA - PHARRMACY,7,FedAvg-equal
SCAFFOLD_CIMAS MANRESA - PHARRMACY_s7,439,198,0.4510250569476082,0.620300795682059,1.3753133803253732,0.7443103231484974,0.20349911300914603,0.07719909234632552,0.4407451537448865,0.7139758581667295,0.8867731489085141,-0.30829075017402224,0.6605504587155964,0.36363636363636365,1.4645537948290244,0.639269406392694,0.7070707070707071,1.4173700475070337,0.5986159169550173,0.8737373737373737,1.3272342805214776,241,0.5489749430523918,0.8126386760673154,1.4802837294338236,0.7443103231484975,0.20349911300914603,0.07719909234632556,0.4407451537448865,0.7139758581667295,0.8867731489085141,0.3082907501740223,0.8899082568807339,0.4024896265560166,1.62103620236781,0.7351598173515982,0.6680497925311203,1.3391500407358987,0.657439446366782,0.7883817427385892,1.1975764189004867,0.7443103231484974,fl_loco_SCAFFOLD,CIMAS MANRESA - PHARRMACY,7,SCAFFOLD
FedAdam_CIMAS MANRESA - PHARRMACY_s7,439,198,0.4510250569476082,0.626120370019597,1.3882163759525408,0.7422775472568004,0.2098079889141204,0.08111984761482607,0.4068232262297159,0.6964772203361415,0.748496182206968,-0.3465772569904223,0.6513761467889908,0.35858585858585856,1.4442127699008434,0.6255707762557078,0.6919191919191919,1.3869978322033116,0.5951557093425606,0.8686868686868687,1.3195624060675963,241,0.5489749430523918,0.809761290936684,1.4750423515402666,0.7422775472568004,0.2098079889141204,0.08111984761482603,0.4068232262297159,0.6964772203361415,0.748496182206968,0.3465772569904223,0.8807339449541285,0.3983402489626556,1.6043244889413377,0.726027397260274,0.6597510373443983,1.3225146365031546,0.657439446366782,0.7883817427385892,1.1975764189004867,0.7422775472568004,fl_loco_FedAdam,CIMAS MANRESA - PHARRMACY,7,FedAdam
FedAvg_CIMAS MANRESA - PHARRMACY_s11,439,198,0.4510250569476082,0.6215800026412199,1.378149601815634,0.7435978037637789,0.20420165331691817,0.060851439268128665,0.4462069426237063,0.7176746720315185,0.8077312441228294,-0.26318964326320415,0.6513761467889908,0.35858585858585856,1.4442127699008434,0.639269406392694,0.7070707070707071,1.4173700475070337,0.5986159169550173,0.8737373737373737,1.3272342805214776,241,0.5489749430523918,0.8132313367466242,1.4813633063558838,0.7435978037637789,0.20420165331691817,0.06085143926812877,0.4462069426237063,0.7176746720315185,0.8077312441228294,0.2631896432632042,0.8807339449541285,0.3983402489626556,1.6043244889413377,0.7397260273972602,0.6721991701244814,1.3474677428522708,0.6539792387543253,0.7842323651452282,1.1912733851168,0.7435978037637789,fl_loco_FedAvg,CIMAS MANRESA - PHARRMACY,11,FedAvg
FedProx_CIMAS MANRESA - PHARRMACY_s11,439,198,0.4510250569476082,0.6217427994969026,1.3785105503996982,0.7435978037637789,0.20420228727345485,0.060803848935262556,0.4462069426237063,0.7176746720315185,0.8082981417108405,-0.26314472660074917,0.6513761467889908,0.35858585858585856,1.4442127699008434,0.639269406392694,0.7070707070707071,1.4173700475070337,0.5986159169550173,0.8737373737373737,1.3272342805214776,241,0.5489749430523918,0.813164054079781,1.481240745813377,0.7435978037637788,0.20420228727345485,0.060803848935262486,0.4462069426237063,0.7176746720315185,0.8082981417108405,0.2631447266007491,0.8807339449541285,0.3983402489626556,1.6043244889413377,0.7397260273972602,0.6721991701244814,1.3474677428522708,0.6539792387543253,0.7842323651452282,1.1912733851168,0.7435978037637789,fl_loco_FedProx,CIMAS MANRESA - PHARRMACY,11,FedProx
FedAvg-equal_CIMAS MANRESA - PHARRMACY_s11,439,198,0.4510250569476082,0.6202764918647788,1.3752594945890804,0.7442893666960058,0.20347211433024187,0.07708844297301652,0.4407451537448865,0.7139758581667295,0.8874098509501962,-0.30698015472383383,0.6605504587155964,0.36363636363636365,1.4645537948290244,0.639269406392694,0.7070707070707071,1.4173700475070337,0.5986159169550173,0.8737373737373737,1.3272342805214776,241,0.5489749430523918,0.8125813280249544,1.4801792655724273,0.7442893666960058,0.20347211433024187,0.07708844297301652,0.4407451537448865,0.7139758581667295,0.8874098509501962,0.30698015472383383,0.8899082568807339,0.4024896265560166,1.62103620236781,0.7351598173515982,0.6680497925311203,1.3391500407358987,0.657439446366782,0.7883817427385892,1.1975764189004867,0.7442893666960058,fl_loco_FedAvg-equal,CIMAS MANRESA - PHARRMACY,11,FedAvg-equal
SCAFFOLD_CIMAS MANRESA - PHARRMACY_s11,439,198,0.4510250569476082,0.620300795682059,1.3753133803253732,0.7443103231484974,0.20349911300914603,0.07719909234632552,0.4407451537448865,0.7139758581667295,0.8867731489085141,-0.30829075017402224,0.6605504587155964,0.36363636363636365,1.4645537948290244,0.639269406392694,0.7070707070707071,1.4173700475070337,0.5986159169550173,0.8737373737373737,1.3272342805214776,241,0.5489749430523918,0.8126386760673154,1.4802837294338236,0.7443103231484975,0.20349911300914603,0.07719909234632556,0.4407451537448865,0.7139758581667295,0.8867731489085141,0.3082907501740223,0.8899082568807339,0.4024896265560166,1.62103620236781,0.7351598173515982,0.6680497925311203,1.3391500407358987,0.657439446366782,0.7883817427385892,1.1975764189004867,0.7443103231484974,fl_loco_SCAFFOLD,CIMAS MANRESA - PHARRMACY,11,SCAFFOLD
FedAdam_CIMAS MANRESA - PHARRMACY_s11,439,198,0.4510250569476082,0.626120370019597,1.3882163759525408,0.7422775472568004,0.2098079889141204,0.08111984761482607,0.4068232262297159,0.6964772203361415,0.748496182206968,-0.3465772569904223,0.6513761467889908,0.35858585858585856,1.4442127699008434,0.6255707762557078,0.6919191919191919,1.3869978322033116,0.5951557093425606,0.8686868686868687,1.3195624060675963,241,0.5489749430523918,0.809761290936684,1.4750423515402666,0.7422775472568004,0.2098079889141204,0.08111984761482603,0.4068232262297159,0.6964772203361415,0.748496182206968,0.3465772569904223,0.8807339449541285,0.3983402489626556,1.6043244889413377,0.726027397260274,0.6597510373443983,1.3225146365031546,0.657439446366782,0.7883817427385892,1.1975764189004867,0.7422775472568004,fl_loco_FedAdam,CIMAS MANRESA - PHARRMACY,11,FedAdam
FedAvg_CIMAS MANRESA - PHARRMACY_s19,439,198,0.4510250569476082,0.6215800026412199,1.378149601815634,0.7435978037637789,0.20420165331691817,0.060851439268128665,0.4462069426237063,0.7176746720315185,0.8077312441228294,-0.26318964326320415,0.6513761467889908,0.35858585858585856,1.4442127699008434,0.639269406392694,0.7070707070707071,1.4173700475070337,0.5986159169550173,0.8737373737373737,1.3272342805214776,241,0.5489749430523918,0.8132313367466242,1.4813633063558838,0.7435978037637789,0.20420165331691817,0.06085143926812877,0.4462069426237063,0.7176746720315185,0.8077312441228294,0.2631896432632042,0.8807339449541285,0.3983402489626556,1.6043244889413377,0.7397260273972602,0.6721991701244814,1.3474677428522708,0.6539792387543253,0.7842323651452282,1.1912733851168,0.7435978037637789,fl_loco_FedAvg,CIMAS MANRESA - PHARRMACY,19,FedAvg
FedProx_CIMAS MANRESA - PHARRMACY_s19,439,198,0.4510250569476082,0.6217427994969026,1.3785105503996982,0.7435978037637789,0.20420228727345485,0.060803848935262556,0.4462069426237063,0.7176746720315185,0.8082981417108405,-0.26314472660074917,0.6513761467889908,0.35858585858585856,1.4442127699008434,0.639269406392694,0.7070707070707071,1.4173700475070337,0.5986159169550173,0.8737373737373737,1.3272342805214776,241,0.5489749430523918,0.813164054079781,1.481240745813377,0.7435978037637788,0.20420228727345485,0.060803848935262486,0.4462069426237063,0.7176746720315185,0.8082981417108405,0.2631447266007491,0.8807339449541285,0.3983402489626556,1.6043244889413377,0.7397260273972602,0.6721991701244814,1.3474677428522708,0.6539792387543253,0.7842323651452282,1.1912733851168,0.7435978037637789,fl_loco_FedProx,CIMAS MANRESA - PHARRMACY,19,FedProx
FedAvg-equal_CIMAS MANRESA - PHARRMACY_s19,439,198,0.4510250569476082,0.6202764918647788,1.3752594945890804,0.7442893666960058,0.20347211433024187,0.07708844297301652,0.4407451537448865,0.7139758581667295,0.8874098509501962,-0.30698015472383383,0.6605504587155964,0.36363636363636365,1.4645537948290244,0.639269406392694,0.7070707070707071,1.4173700475070337,0.5986159169550173,0.8737373737373737,1.3272342805214776,241,0.5489749430523918,0.8125813280249544,1.4801792655724273,0.7442893666960058,0.20347211433024187,0.07708844297301652,0.4407451537448865,0.7139758581667295,0.8874098509501962,0.30698015472383383,0.8899082568807339,0.4024896265560166,1.62103620236781,0.7351598173515982,0.6680497925311203,1.3391500407358987,0.657439446366782,0.7883817427385892,1.1975764189004867,0.7442893666960058,fl_loco_FedAvg-equal,CIMAS MANRESA - PHARRMACY,19,FedAvg-equal
SCAFFOLD_CIMAS MANRESA - PHARRMACY_s19,439,198,0.4510250569476082,0.620300795682059,1.3753133803253732,0.7443103231484974,0.20349911300914603,0.07719909234632552,0.4407451537448865,0.7139758581667295,0.8867731489085141,-0.30829075017402224,0.6605504587155964,0.36363636363636365,1.4645537948290244,0.639269406392694,0.7070707070707071,1.4173700475070337,0.5986159169550173,0.8737373737373737,1.3272342805214776,241,0.5489749430523918,0.8126386760673154,1.4802837294338236,0.7443103231484975,0.20349911300914603,0.07719909234632556,0.4407451537448865,0.7139758581667295,0.8867731489085141,0.3082907501740223,0.8899082568807339,0.4024896265560166,1.62103620236781,0.7351598173515982,0.6680497925311203,1.3391500407358987,0.657439446366782,0.7883817427385892,1.1975764189004867,0.7443103231484974,fl_loco_SCAFFOLD,CIMAS MANRESA - PHARRMACY,19,SCAFFOLD
FedAdam_CIMAS MANRESA - PHARRMACY_s19,439,198,0.4510250569476082,0.626120370019597,1.3882163759525408,0.7422775472568004,0.2098079889141204,0.08111984761482607,0.4068232262297159,0.6964772203361415,0.748496182206968,-0.3465772569904223,0.6513761467889908,0.35858585858585856,1.4442127699008434,0.6255707762557078,0.6919191919191919,1.3869978322033116,0.5951557093425606,0.8686868686868687,1.3195624060675963,241,0.5489749430523918,0.809761290936684,1.4750423515402666,0.7422775472568004,0.2098079889141204,0.08111984761482603,0.4068232262297159,0.6964772203361415,0.748496182206968,0.3465772569904223,0.8807339449541285,0.3983402489626556,1.6043244889413377,0.726027397260274,0.6597510373443983,1.3225146365031546,0.657439446366782,0.7883817427385892,1.1975764189004867,0.7422775472568004,fl_loco_FedAdam,CIMAS MANRESA - PHARRMACY,19,FedAdam
FedAvg_CIMAS MANRESA - PHARRMACY_s23,439,198,0.4510250569476082,0.6215800026412199,1.378149601815634,0.7435978037637789,0.20420165331691817,0.060851439268128665,0.4462069426237063,0.7176746720315185,0.8077312441228294,-0.26318964326320415,0.6513761467889908,0.35858585858585856,1.4442127699008434,0.639269406392694,0.7070707070707071,1.4173700475070337,0.5986159169550173,0.8737373737373737,1.3272342805214776,241,0.5489749430523918,0.8132313367466242,1.4813633063558838,0.7435978037637789,0.20420165331691817,0.06085143926812877,0.4462069426237063,0.7176746720315185,0.8077312441228294,0.2631896432632042,0.8807339449541285,0.3983402489626556,1.6043244889413377,0.7397260273972602,0.6721991701244814,1.3474677428522708,0.6539792387543253,0.7842323651452282,1.1912733851168,0.7435978037637789,fl_loco_FedAvg,CIMAS MANRESA - PHARRMACY,23,FedAvg
FedProx_CIMAS MANRESA - PHARRMACY_s23,439,198,0.4510250569476082,0.6217427994969026,1.3785105503996982,0.7435978037637789,0.20420228727345485,0.060803848935262556,0.4462069426237063,0.7176746720315185,0.8082981417108405,-0.26314472660074917,0.6513761467889908,0.35858585858585856,1.4442127699008434,0.639269406392694,0.7070707070707071,1.4173700475070337,0.5986159169550173,0.8737373737373737,1.3272342805214776,241,0.5489749430523918,0.813164054079781,1.481240745813377,0.7435978037637788,0.20420228727345485,0.060803848935262486,0.4462069426237063,0.7176746720315185,0.8082981417108405,0.2631447266007491,0.8807339449541285,0.3983402489626556,1.6043244889413377,0.7397260273972602,0.6721991701244814,1.3474677428522708,0.6539792387543253,0.7842323651452282,1.1912733851168,0.7435978037637789,fl_loco_FedProx,CIMAS MANRESA - PHARRMACY,23,FedProx
FedAvg-equal_CIMAS MANRESA - PHARRMACY_s23,439,198,0.4510250569476082,0.6202764918647788,1.3752594945890804,0.7442893666960058,0.20347211433024187,0.07708844297301652,0.4407451537448865,0.7139758581667295,0.8874098509501962,-0.30698015472383383,0.6605504587155964,0.36363636363636365,1.4645537948290244,0.639269406392694,0.7070707070707071,1.4173700475070337,0.5986159169550173,0.8737373737373737,1.3272342805214776,241,0.5489749430523918,0.8125813280249544,1.4801792655724273,0.7442893666960058,0.20347211433024187,0.07708844297301652,0.4407451537448865,0.7139758581667295,0.8874098509501962,0.30698015472383383,0.8899082568807339,0.4024896265560166,1.62103620236781,0.7351598173515982,0.6680497925311203,1.3391500407358987,0.657439446366782,0.7883817427385892,1.1975764189004867,0.7442893666960058,fl_loco_FedAvg-equal,CIMAS MANRESA - PHARRMACY,23,FedAvg-equal
SCAFFOLD_CIMAS MANRESA - PHARRMACY_s23,439,198,0.4510250569476082,0.620300795682059,1.3753133803253732,0.7443103231484974,0.20349911300914603,0.07719909234632552,0.4407451537448865,0.7139758581667295,0.8867731489085141,-0.30829075017402224,0.6605504587155964,0.36363636363636365,1.4645537948290244,0.639269406392694,0.7070707070707071,1.4173700475070337,0.5986159169550173,0.8737373737373737,1.3272342805214776,241,0.5489749430523918,0.8126386760673154,1.4802837294338236,0.7443103231484975,0.20349911300914603,0.07719909234632556,0.4407451537448865,0.7139758581667295,0.8867731489085141,0.3082907501740223,0.8899082568807339,0.4024896265560166,1.62103620236781,0.7351598173515982,0.6680497925311203,1.3391500407358987,0.657439446366782,0.7883817427385892,1.1975764189004867,0.7443103231484974,fl_loco_SCAFFOLD,CIMAS MANRESA - PHARRMACY,23,SCAFFOLD
FedAdam_CIMAS MANRESA - PHARRMACY_s23,439,198,0.4510250569476082,0.626120370019597,1.3882163759525408,0.7422775472568004,0.2098079889141204,0.08111984761482607,0.4068232262297159,0.6964772203361415,0.748496182206968,-0.3465772569904223,0.6513761467889908,0.35858585858585856,1.4442127699008434,0.6255707762557078,0.6919191919191919,1.3869978322033116,0.5951557093425606,0.8686868686868687,1.3195624060675963,241,0.5489749430523918,0.809761290936684,1.4750423515402666,0.7422775472568004,0.2098079889141204,0.08111984761482603,0.4068232262297159,0.6964772203361415,0.748496182206968,0.3465772569904223,0.8807339449541285,0.3983402489626556,1.6043244889413377,0.726027397260274,0.6597510373443983,1.3225146365031546,0.657439446366782,0.7883817427385892,1.1975764189004867,0.7422775472568004,fl_loco_FedAdam,CIMAS MANRESA - PHARRMACY,23,FedAdam
FedAvg_CIMAS MANRESA - PHARRMACY_s37,439,198,0.4510250569476082,0.6215800026412199,1.378149601815634,0.7435978037637789,0.20420165331691817,0.060851439268128665,0.4462069426237063,0.7176746720315185,0.8077312441228294,-0.26318964326320415,0.6513761467889908,0.35858585858585856,1.4442127699008434,0.639269406392694,0.7070707070707071,1.4173700475070337,0.5986159169550173,0.8737373737373737,1.3272342805214776,241,0.5489749430523918,0.8132313367466242,1.4813633063558838,0.7435978037637789,0.20420165331691817,0.06085143926812877,0.4462069426237063,0.7176746720315185,0.8077312441228294,0.2631896432632042,0.8807339449541285,0.3983402489626556,1.6043244889413377,0.7397260273972602,0.6721991701244814,1.3474677428522708,0.6539792387543253,0.7842323651452282,1.1912733851168,0.7435978037637789,fl_loco_FedAvg,CIMAS MANRESA - PHARRMACY,37,FedAvg
FedProx_CIMAS MANRESA - PHARRMACY_s37,439,198,0.4510250569476082,0.6217427994969026,1.3785105503996982,0.7435978037637789,0.20420228727345485,0.060803848935262556,0.4462069426237063,0.7176746720315185,0.8082981417108405,-0.26314472660074917,0.6513761467889908,0.35858585858585856,1.4442127699008434,0.639269406392694,0.7070707070707071,1.4173700475070337,0.5986159169550173,0.8737373737373737,1.3272342805214776,241,0.5489749430523918,0.813164054079781,1.481240745813377,0.7435978037637788,0.20420228727345485,0.060803848935262486,0.4462069426237063,0.7176746720315185,0.8082981417108405,0.2631447266007491,0.8807339449541285,0.3983402489626556,1.6043244889413377,0.7397260273972602,0.6721991701244814,1.3474677428522708,0.6539792387543253,0.7842323651452282,1.1912733851168,0.7435978037637789,fl_loco_FedProx,CIMAS MANRESA - PHARRMACY,37,FedProx
FedAvg-equal_CIMAS MANRESA - PHARRMACY_s37,439,198,0.4510250569476082,0.6202764918647788,1.3752594945890804,0.7442893666960058,0.20347211433024187,0.07708844297301652,0.4407451537448865,0.7139758581667295,0.8874098509501962,-0.30698015472383383,0.6605504587155964,0.36363636363636365,1.4645537948290244,0.639269406392694,0.7070707070707071,1.4173700475070337,0.5986159169550173,0.8737373737373737,1.3272342805214776,241,0.5489749430523918,0.8125813280249544,1.4801792655724273,0.7442893666960058,0.20347211433024187,0.07708844297301652,0.4407451537448865,0.7139758581667295,0.8874098509501962,0.30698015472383383,0.8899082568807339,0.4024896265560166,1.62103620236781,0.7351598173515982,0.6680497925311203,1.3391500407358987,0.657439446366782,0.7883817427385892,1.1975764189004867,0.7442893666960058,fl_loco_FedAvg-equal,CIMAS MANRESA - PHARRMACY,37,FedAvg-equal
SCAFFOLD_CIMAS MANRESA - PHARRMACY_s37,439,198,0.4510250569476082,0.620300795682059,1.3753133803253732,0.7443103231484974,0.20349911300914603,0.07719909234632552,0.4407451537448865,0.7139758581667295,0.8867731489085141,-0.30829075017402224,0.6605504587155964,0.36363636363636365,1.4645537948290244,0.639269406392694,0.7070707070707071,1.4173700475070337,0.5986159169550173,0.8737373737373737,1.3272342805214776,241,0.5489749430523918,0.8126386760673154,1.4802837294338236,0.7443103231484975,0.20349911300914603,0.07719909234632556,0.4407451537448865,0.7139758581667295,0.8867731489085141,0.3082907501740223,0.8899082568807339,0.4024896265560166,1.62103620236781,0.7351598173515982,0.6680497925311203,1.3391500407358987,0.657439446366782,0.7883817427385892,1.1975764189004867,0.7443103231484974,fl_loco_SCAFFOLD,CIMAS MANRESA - PHARRMACY,37,SCAFFOLD
FedAdam_CIMAS MANRESA - PHARRMACY_s37,439,198,0.4510250569476082,0.626120370019597,1.3882163759525408,0.7422775472568004,0.2098079889141204,0.08111984761482607,0.4068232262297159,0.6964772203361415,0.748496182206968,-0.3465772569904223,0.6513761467889908,0.35858585858585856,1.4442127699008434,0.6255707762557078,0.6919191919191919,1.3869978322033116,0.5951557093425606,0.8686868686868687,1.3195624060675963,241,0.5489749430523918,0.809761290936684,1.4750423515402666,0.7422775472568004,0.2098079889141204,0.08111984761482603,0.4068232262297159,0.6964772203361415,0.748496182206968,0.3465772569904223,0.8807339449541285,0.3983402489626556,1.6043244889413377,0.726027397260274,0.6597510373443983,1.3225146365031546,0.657439446366782,0.7883817427385892,1.1975764189004867,0.7422775472568004,fl_loco_FedAdam,CIMAS MANRESA - PHARRMACY,37,FedAdam
FedAvg_CLIQUE PHARMACY_s7,118,47,0.3983050847457627,0.8107963161527876,2.035616283106999,0.8831285585855558,0.13928077683219445,0.09465905037215602,0.5786369669010224,0.7953251423434222,1.4267429933930902,-0.3111805323144687,0.8620689655172413,0.5319148936170213,2.164343360234776,0.6779661016949152,0.851063829787234,1.702127659574468,0.5844155844155844,0.9574468085106383,1.467256148107212,71,0.6016949152542372,0.9290592920417617,1.5440703726891252,0.8831285585855558,0.13928077683219445,0.09465905037215608,0.5786369669010224,0.7953251423434222,1.4267429933930904,0.31118053231446874,1.0,0.4084507042253521,1.6619718309859157,0.8813559322033898,0.7323943661971831,1.4647887323943662,0.8051948051948052,0.8732394366197183,1.3382110846899582,0.8831285585855558,fl_loco_FedAvg,CLIQUE PHARMACY,7,FedAvg
FedProx_CLIQUE PHARMACY_s7,118,47,0.3983050847457627,0.8107963161527876,2.035616283106999,0.8831285585855558,0.13933041508824917,0.09474934310268619,0.5786369669010224,0.7953251423434222,1.4271553731165152,-0.31188074999328413,0.8620689655172413,0.5319148936170213,2.164343360234776,0.6779661016949152,0.851063829787234,1.702127659574468,0.5844155844155844,0.9574468085106383,1.467256148107212,71,0.6016949152542372,0.9290592920417617,1.5440703726891252,0.8831285585855558,0.13933041508824914,0.09474934310268615,0.5786369669010224,0.7953251423434222,1.4271553731165154,0.3118807499932842,1.0,0.4084507042253521,1.6619718309859157,0.8813559322033898,0.7323943661971831,1.4647887323943662,0.8051948051948052,0.8732394366197183,1.3382110846899582,0.8831285585855558,fl_loco_FedProx,CLIQUE PHARMACY,7,FedProx
FedAvg-equal_CLIQUE PHARMACY_s7,118,47,0.3983050847457627,0.8299718256308849,2.083759051583924,0.8876236140245729,0.14188206699915046,0.11372269781472058,0.5652454903313403,0.7882828888222955,1.5341370087408426,-0.31446221176996225,0.8620689655172413,0.5319148936170213,2.164343360234776,0.6779661016949152,0.851063829787234,1.702127659574468,0.5844155844155844,0.9574468085106383,1.467256148107212,71,0.6016949152542372,0.9303498446508967,1.546215234771913,0.8876236140245729,0.14188206699915046,0.11372269781472052,0.5652454903313403,0.7882828888222955,1.5341370087408428,0.3144622117699623,1.0,0.4084507042253521,1.6619718309859157,0.8813559322033898,0.7323943661971831,1.4647887323943662,0.8051948051948052,0.8732394366197183,1.3382110846899582,0.8876236140245729,fl_loco_FedAvg-equal,CLIQUE PHARMACY,7,FedAvg-equal
SCAFFOLD_CLIQUE PHARMACY_s7,118,47,0.3983050847457627,0.8303018299730474,2.0845875731238213,0.887923284387174,0.14184392900978993,0.11364597262780506,0.5652454903313403,0.7882828888222955,1.5328524176969667,-0.3149620253662748,0.8620689655172413,0.5319148936170213,2.164343360234776,0.6779661016949152,0.851063829787234,1.702127659574468,0.5844155844155844,0.9574468085106383,1.467256148107212,71,0.6016949152542372,0.9305248074712974,1.5465060180508887,0.887923284387174,0.14184392900978993,0.11364597262780507,0.5652454903313403,0.7882828888222955,1.5328524176969665,0.3149620253662748,1.0,0.4084507042253521,1.6619718309859157,0.8813559322033898,0.7323943661971831,1.4647887323943662,0.8051948051948052,0.8732394366197183,1.3382110846899582,0.887923284387174,fl_loco_SCAFFOLD,CLIQUE PHARMACY,7,SCAFFOLD
FedAdam_CLIQUE PHARMACY_s7,118,47,0.3983050847457627,0.8007952509370347,2.0105072257568106,0.8717410848067126,0.14493864819788363,0.09170475373108054,0.5786369669010224,0.7953251423434222,1.2483266538138764,-0.2664379904563722,0.7931034482758621,0.48936170212765956,1.9911958914159942,0.6779661016949152,0.851063829787234,1.702127659574468,0.5584415584415584,0.9148936170212766,1.4020447637468914,71,0.6016949152542372,0.9178541391355507,1.5254477241971125,0.8717410848067126,0.14493864819788363,0.09170475373108053,0.5786369669010224,0.7953251423434222,1.2483266538138764,0.26643799045637206,1.0,0.4084507042253521,1.6619718309859157,0.8813559322033898,0.7323943661971831,1.4647887323943662,0.8181818181818182,0.8873239436619719,1.359795134443022,0.8717410848067126,fl_loco_FedAdam,CLIQUE PHARMACY,7,FedAdam
FedAvg_CLIQUE PHARMACY_s11,118,47,0.3983050847457627,0.8107963161527876,2.035616283106999,0.8831285585855558,0.13928077683219445,0.09465905037215602,0.5786369669010224,0.7953251423434222,1.4267429933930902,-0.3111805323144687,0.8620689655172413,0.5319148936170213,2.164343360234776,0.6779661016949152,0.851063829787234,1.702127659574468,0.5844155844155844,0.9574468085106383,1.467256148107212,71,0.6016949152542372,0.9290592920417617,1.5440703726891252,0.8831285585855558,0.13928077683219445,0.09465905037215608,0.5786369669010224,0.7953251423434222,1.4267429933930904,0.31118053231446874,1.0,0.4084507042253521,1.6619718309859157,0.8813559322033898,0.7323943661971831,1.4647887323943662,0.8051948051948052,0.8732394366197183,1.3382110846899582,0.8831285585855558,fl_loco_FedAvg,CLIQUE PHARMACY,11,FedAvg
FedProx_CLIQUE PHARMACY_s11,118,47,0.3983050847457627,0.8107963161527876,2.035616283106999,0.8831285585855558,0.13933041508824917,0.09474934310268619,0.5786369669010224,0.7953251423434222,1.4271553731165152,-0.31188074999328413,0.8620689655172413,0.5319148936170213,2.164343360234776,0.6779661016949152,0.851063829787234,1.702127659574468,0.5844155844155844,0.9574468085106383,1.467256148107212,71,0.6016949152542372,0.9290592920417617,1.5440703726891252,0.8831285585855558,0.13933041508824914,0.09474934310268615,0.5786369669010224,0.7953251423434222,1.4271553731165154,0.3118807499932842,1.0,0.4084507042253521,1.6619718309859157,0.8813559322033898,0.7323943661971831,1.4647887323943662,0.8051948051948052,0.8732394366197183,1.3382110846899582,0.8831285585855558,fl_loco_FedProx,CLIQUE PHARMACY,11,FedProx
FedAvg-equal_CLIQUE PHARMACY_s11,118,47,0.3983050847457627,0.8299718256308849,2.083759051583924,0.8876236140245729,0.14188206699915046,0.11372269781472058,0.5652454903313403,0.7882828888222955,1.5341370087408426,-0.31446221176996225,0.8620689655172413,0.5319148936170213,2.164343360234776,0.6779661016949152,0.851063829787234,1.702127659574468,0.5844155844155844,0.9574468085106383,1.467256148107212,71,0.6016949152542372,0.9303498446508967,1.546215234771913,0.8876236140245729,0.14188206699915046,0.11372269781472052,0.5652454903313403,0.7882828888222955,1.5341370087408428,0.3144622117699623,1.0,0.4084507042253521,1.6619718309859157,0.8813559322033898,0.7323943661971831,1.4647887323943662,0.8051948051948052,0.8732394366197183,1.3382110846899582,0.8876236140245729,fl_loco_FedAvg-equal,CLIQUE PHARMACY,11,FedAvg-equal
SCAFFOLD_CLIQUE PHARMACY_s11,118,47,0.3983050847457627,0.8303018299730474,2.0845875731238213,0.887923284387174,0.14184392900978993,0.11364597262780506,0.5652454903313403,0.7882828888222955,1.5328524176969667,-0.3149620253662748,0.8620689655172413,0.5319148936170213,2.164343360234776,0.6779661016949152,0.851063829787234,1.702127659574468,0.5844155844155844,0.9574468085106383,1.467256148107212,71,0.6016949152542372,0.9305248074712974,1.5465060180508887,0.887923284387174,0.14184392900978993,0.11364597262780507,0.5652454903313403,0.7882828888222955,1.5328524176969665,0.3149620253662748,1.0,0.4084507042253521,1.6619718309859157,0.8813559322033898,0.7323943661971831,1.4647887323943662,0.8051948051948052,0.8732394366197183,1.3382110846899582,0.887923284387174,fl_loco_SCAFFOLD,CLIQUE PHARMACY,11,SCAFFOLD
FedAdam_CLIQUE PHARMACY_s11,118,47,0.3983050847457627,0.8007952509370347,2.0105072257568106,0.8717410848067126,0.14493864819788363,0.09170475373108054,0.5786369669010224,0.7953251423434222,1.2483266538138764,-0.2664379904563722,0.7931034482758621,0.48936170212765956,1.9911958914159942,0.6779661016949152,0.851063829787234,1.702127659574468,0.5584415584415584,0.9148936170212766,1.4020447637468914,71,0.6016949152542372,0.9178541391355507,1.5254477241971125,0.8717410848067126,0.14493864819788363,0.09170475373108053,0.5786369669010224,0.7953251423434222,1.2483266538138764,0.26643799045637206,1.0,0.4084507042253521,1.6619718309859157,0.8813559322033898,0.7323943661971831,1.4647887323943662,0.8181818181818182,0.8873239436619719,1.359795134443022,0.8717410848067126,fl_loco_FedAdam,CLIQUE PHARMACY,11,FedAdam
FedAvg_CLIQUE PHARMACY_s19,118,47,0.3983050847457627,0.8107963161527876,2.035616283106999,0.8831285585855558,0.13928077683219445,0.09465905037215602,0.5786369669010224,0.7953251423434222,1.4267429933930902,-0.3111805323144687,0.8620689655172413,0.5319148936170213,2.164343360234776,0.6779661016949152,0.851063829787234,1.702127659574468,0.5844155844155844,0.9574468085106383,1.467256148107212,71,0.6016949152542372,0.9290592920417617,1.5440703726891252,0.8831285585855558,0.13928077683219445,0.09465905037215608,0.5786369669010224,0.7953251423434222,1.4267429933930904,0.31118053231446874,1.0,0.4084507042253521,1.6619718309859157,0.8813559322033898,0.7323943661971831,1.4647887323943662,0.8051948051948052,0.8732394366197183,1.3382110846899582,0.8831285585855558,fl_loco_FedAvg,CLIQUE PHARMACY,19,FedAvg
FedProx_CLIQUE PHARMACY_s19,118,47,0.3983050847457627,0.8107963161527876,2.035616283106999,0.8831285585855558,0.13933041508824917,0.09474934310268619,0.5786369669010224,0.7953251423434222,1.4271553731165152,-0.31188074999328413,0.8620689655172413,0.5319148936170213,2.164343360234776,0.6779661016949152,0.851063829787234,1.702127659574468,0.5844155844155844,0.9574468085106383,1.467256148107212,71,0.6016949152542372,0.9290592920417617,1.5440703726891252,0.8831285585855558,0.13933041508824914,0.09474934310268615,0.5786369669010224,0.7953251423434222,1.4271553731165154,0.3118807499932842,1.0,0.4084507042253521,1.6619718309859157,0.8813559322033898,0.7323943661971831,1.4647887323943662,0.8051948051948052,0.8732394366197183,1.3382110846899582,0.8831285585855558,fl_loco_FedProx,CLIQUE PHARMACY,19,FedProx
FedAvg-equal_CLIQUE PHARMACY_s19,118,47,0.3983050847457627,0.8299718256308849,2.083759051583924,0.8876236140245729,0.14188206699915046,0.11372269781472058,0.5652454903313403,0.7882828888222955,1.5341370087408426,-0.31446221176996225,0.8620689655172413,0.5319148936170213,2.164343360234776,0.6779661016949152,0.851063829787234,1.702127659574468,0.5844155844155844,0.9574468085106383,1.467256148107212,71,0.6016949152542372,0.9303498446508967,1.546215234771913,0.8876236140245729,0.14188206699915046,0.11372269781472052,0.5652454903313403,0.7882828888222955,1.5341370087408428,0.3144622117699623,1.0,0.4084507042253521,1.6619718309859157,0.8813559322033898,0.7323943661971831,1.4647887323943662,0.8051948051948052,0.8732394366197183,1.3382110846899582,0.8876236140245729,fl_loco_FedAvg-equal,CLIQUE PHARMACY,19,FedAvg-equal
SCAFFOLD_CLIQUE PHARMACY_s19,118,47,0.3983050847457627,0.8303018299730474,2.0845875731238213,0.887923284387174,0.14184392900978993,0.11364597262780506,0.5652454903313403,0.7882828888222955,1.5328524176969667,-0.3149620253662748,0.8620689655172413,0.5319148936170213,2.164343360234776,0.6779661016949152,0.851063829787234,1.702127659574468,0.5844155844155844,0.9574468085106383,1.467256148107212,71,0.6016949152542372,0.9305248074712974,1.5465060180508887,0.887923284387174,0.14184392900978993,0.11364597262780507,0.5652454903313403,0.7882828888222955,1.5328524176969665,0.3149620253662748,1.0,0.4084507042253521,1.6619718309859157,0.8813559322033898,0.7323943661971831,1.4647887323943662,0.8051948051948052,0.8732394366197183,1.3382110846899582,0.887923284387174,fl_loco_SCAFFOLD,CLIQUE PHARMACY,19,SCAFFOLD
FedAdam_CLIQUE PHARMACY_s19,118,47,0.3983050847457627,0.8007952509370347,2.0105072257568106,0.8717410848067126,0.14493864819788363,0.09170475373108054,0.5786369669010224,0.7953251423434222,1.2483266538138764,-0.2664379904563722,0.7931034482758621,0.48936170212765956,1.9911958914159942,0.6779661016949152,0.851063829787234,1.702127659574468,0.5584415584415584,0.9148936170212766,1.4020447637468914,71,0.6016949152542372,0.9178541391355507,1.5254477241971125,0.8717410848067126,0.14493864819788363,0.09170475373108053,0.5786369669010224,0.7953251423434222,1.2483266538138764,0.26643799045637206,1.0,0.4084507042253521,1.6619718309859157,0.8813559322033898,0.7323943661971831,1.4647887323943662,0.8181818181818182,0.8873239436619719,1.359795134443022,0.8717410848067126,fl_loco_FedAdam,CLIQUE PHARMACY,19,FedAdam
FedAvg_CLIQUE PHARMACY_s23,118,47,0.3983050847457627,0.8107963161527876,2.035616283106999,0.8831285585855558,0.13928077683219445,0.09465905037215602,0.5786369669010224,0.7953251423434222,1.4267429933930902,-0.3111805323144687,0.8620689655172413,0.5319148936170213,2.164343360234776,0.6779661016949152,0.851063829787234,1.702127659574468,0.5844155844155844,0.9574468085106383,1.467256148107212,71,0.6016949152542372,0.9290592920417617,1.5440703726891252,0.8831285585855558,0.13928077683219445,0.09465905037215608,0.5786369669010224,0.7953251423434222,1.4267429933930904,0.31118053231446874,1.0,0.4084507042253521,1.6619718309859157,0.8813559322033898,0.7323943661971831,1.4647887323943662,0.8051948051948052,0.8732394366197183,1.3382110846899582,0.8831285585855558,fl_loco_FedAvg,CLIQUE PHARMACY,23,FedAvg
FedProx_CLIQUE PHARMACY_s23,118,47,0.3983050847457627,0.8107963161527876,2.035616283106999,0.8831285585855558,0.13933041508824917,0.09474934310268619,0.5786369669010224,0.7953251423434222,1.4271553731165152,-0.31188074999328413,0.8620689655172413,0.5319148936170213,2.164343360234776,0.6779661016949152,0.851063829787234,1.702127659574468,0.5844155844155844,0.9574468085106383,1.467256148107212,71,0.6016949152542372,0.9290592920417617,1.5440703726891252,0.8831285585855558,0.13933041508824914,0.09474934310268615,0.5786369669010224,0.7953251423434222,1.4271553731165154,0.3118807499932842,1.0,0.4084507042253521,1.6619718309859157,0.8813559322033898,0.7323943661971831,1.4647887323943662,0.8051948051948052,0.8732394366197183,1.3382110846899582,0.8831285585855558,fl_loco_FedProx,CLIQUE PHARMACY,23,FedProx
FedAvg-equal_CLIQUE PHARMACY_s23,118,47,0.3983050847457627,0.8299718256308849,2.083759051583924,0.8876236140245729,0.14188206699915046,0.11372269781472058,0.5652454903313403,0.7882828888222955,1.5341370087408426,-0.31446221176996225,0.8620689655172413,0.5319148936170213,2.164343360234776,0.6779661016949152,0.851063829787234,1.702127659574468,0.5844155844155844,0.9574468085106383,1.467256148107212,71,0.6016949152542372,0.9303498446508967,1.546215234771913,0.8876236140245729,0.14188206699915046,0.11372269781472052,0.5652454903313403,0.7882828888222955,1.5341370087408428,0.3144622117699623,1.0,0.4084507042253521,1.6619718309859157,0.8813559322033898,0.7323943661971831,1.4647887323943662,0.8051948051948052,0.8732394366197183,1.3382110846899582,0.8876236140245729,fl_loco_FedAvg-equal,CLIQUE PHARMACY,23,FedAvg-equal
SCAFFOLD_CLIQUE PHARMACY_s23,118,47,0.3983050847457627,0.8303018299730474,2.0845875731238213,0.887923284387174,0.14184392900978993,0.11364597262780506,0.5652454903313403,0.7882828888222955,1.5328524176969667,-0.3149620253662748,0.8620689655172413,0.5319148936170213,2.164343360234776,0.6779661016949152,0.851063829787234,1.702127659574468,0.5844155844155844,0.9574468085106383,1.467256148107212,71,0.6016949152542372,0.9305248074712974,1.5465060180508887,0.887923284387174,0.14184392900978993,0.11364597262780507,0.5652454903313403,0.7882828888222955,1.5328524176969665,0.3149620253662748,1.0,0.4084507042253521,1.6619718309859157,0.8813559322033898,0.7323943661971831,1.4647887323943662,0.8051948051948052,0.8732394366197183,1.3382110846899582,0.887923284387174,fl_loco_SCAFFOLD,CLIQUE PHARMACY,23,SCAFFOLD
FedAdam_CLIQUE PHARMACY_s23,118,47,0.3983050847457627,0.8007952509370347,2.0105072257568106,0.8717410848067126,0.14493864819788363,0.09170475373108054,0.5786369669010224,0.7953251423434222,1.2483266538138764,-0.2664379904563722,0.7931034482758621,0.48936170212765956,1.9911958914159942,0.6779661016949152,0.851063829787234,1.702127659574468,0.5584415584415584,0.9148936170212766,1.4020447637468914,71,0.6016949152542372,0.9178541391355507,1.5254477241971125,0.8717410848067126,0.14493864819788363,0.09170475373108053,0.5786369669010224,0.7953251423434222,1.2483266538138764,0.26643799045637206,1.0,0.4084507042253521,1.6619718309859157,0.8813559322033898,0.7323943661971831,1.4647887323943662,0.8181818181818182,0.8873239436619719,1.359795134443022,0.8717410848067126,fl_loco_FedAdam,CLIQUE PHARMACY,23,FedAdam
FedAvg_CLIQUE PHARMACY_s37,118,47,0.3983050847457627,0.8107963161527876,2.035616283106999,0.8831285585855558,0.13928077683219445,0.09465905037215602,0.5786369669010224,0.7953251423434222,1.4267429933930902,-0.3111805323144687,0.8620689655172413,0.5319148936170213,2.164343360234776,0.6779661016949152,0.851063829787234,1.702127659574468,0.5844155844155844,0.9574468085106383,1.467256148107212,71,0.6016949152542372,0.9290592920417617,1.5440703726891252,0.8831285585855558,0.13928077683219445,0.09465905037215608,0.5786369669010224,0.7953251423434222,1.4267429933930904,0.31118053231446874,1.0,0.4084507042253521,1.6619718309859157,0.8813559322033898,0.7323943661971831,1.4647887323943662,0.8051948051948052,0.8732394366197183,1.3382110846899582,0.8831285585855558,fl_loco_FedAvg,CLIQUE PHARMACY,37,FedAvg
FedProx_CLIQUE PHARMACY_s37,118,47,0.3983050847457627,0.8107963161527876,2.035616283106999,0.8831285585855558,0.13933041508824917,0.09474934310268619,0.5786369669010224,0.7953251423434222,1.4271553731165152,-0.31188074999328413,0.8620689655172413,0.5319148936170213,2.164343360234776,0.6779661016949152,0.851063829787234,1.702127659574468,0.5844155844155844,0.9574468085106383,1.467256148107212,71,0.6016949152542372,0.9290592920417617,1.5440703726891252,0.8831285585855558,0.13933041508824914,0.09474934310268615,0.5786369669010224,0.7953251423434222,1.4271553731165154,0.3118807499932842,1.0,0.4084507042253521,1.6619718309859157,0.8813559322033898,0.7323943661971831,1.4647887323943662,0.8051948051948052,0.8732394366197183,1.3382110846899582,0.8831285585855558,fl_loco_FedProx,CLIQUE PHARMACY,37,FedProx
FedAvg-equal_CLIQUE PHARMACY_s37,118,47,0.3983050847457627,0.8299718256308849,2.083759051583924,0.8876236140245729,0.14188206699915046,0.11372269781472058,0.5652454903313403,0.7882828888222955,1.5341370087408426,-0.31446221176996225,0.8620689655172413,0.5319148936170213,2.164343360234776,0.6779661016949152,0.851063829787234,1.702127659574468,0.5844155844155844,0.9574468085106383,1.467256148107212,71,0.6016949152542372,0.9303498446508967,1.546215234771913,0.8876236140245729,0.14188206699915046,0.11372269781472052,0.5652454903313403,0.7882828888222955,1.5341370087408428,0.3144622117699623,1.0,0.4084507042253521,1.6619718309859157,0.8813559322033898,0.7323943661971831,1.4647887323943662,0.8051948051948052,0.8732394366197183,1.3382110846899582,0.8876236140245729,fl_loco_FedAvg-equal,CLIQUE PHARMACY,37,FedAvg-equal
SCAFFOLD_CLIQUE PHARMACY_s37,118,47,0.3983050847457627,0.8303018299730474,2.0845875731238213,0.887923284387174,0.14184392900978993,0.11364597262780506,0.5652454903313403,0.7882828888222955,1.5328524176969667,-0.3149620253662748,0.8620689655172413,0.5319148936170213,2.164343360234776,0.6779661016949152,0.851063829787234,1.702127659574468,0.5844155844155844,0.9574468085106383,1.467256148107212,71,0.6016949152542372,0.9305248074712974,1.5465060180508887,0.887923284387174,0.14184392900978993,0.11364597262780507,0.5652454903313403,0.7882828888222955,1.5328524176969665,0.3149620253662748,1.0,0.4084507042253521,1.6619718309859157,0.8813559322033898,0.7323943661971831,1.4647887323943662,0.8051948051948052,0.8732394366197183,1.3382110846899582,0.887923284387174,fl_loco_SCAFFOLD,CLIQUE PHARMACY,37,SCAFFOLD
FedAdam_CLIQUE PHARMACY_s37,118,47,0.3983050847457627,0.8007952509370347,2.0105072257568106,0.8717410848067126,0.14493864819788363,0.09170475373108054,0.5786369669010224,0.7953251423434222,1.2483266538138764,-0.2664379904563722,0.7931034482758621,0.48936170212765956,1.9911958914159942,0.6779661016949152,0.851063829787234,1.702127659574468,0.5584415584415584,0.9148936170212766,1.4020447637468914,71,0.6016949152542372,0.9178541391355507,1.5254477241971125,0.8717410848067126,0.14493864819788363,0.09170475373108053,0.5786369669010224,0.7953251423434222,1.2483266538138764,0.26643799045637206,1.0,0.4084507042253521,1.6619718309859157,0.8813559322033898,0.7323943661971831,1.4647887323943662,0.8181818181818182,0.8873239436619719,1.359795134443022,0.8717410848067126,fl_loco_FedAdam,CLIQUE PHARMACY,37,FedAdam
FedAvg_FAREPLAN ENTERPRISE P/L T/A CHINHOYI TOWN PHARMACY_s7,103,41,0.39805825242718446,0.6050552437435582,1.5200168318435732,0.7446892210857592,0.194378545406127,0.13184047423709253,0.47296601356233237,0.737411487018096,0.8693831146289844,-0.2514747798140693,0.56,0.34146341463414637,1.406829268292683,0.5882352941176471,0.7317073170731707,1.4777618364418939,0.5522388059701493,0.9024390243902439,1.387331634510375,62,0.6019417475728155,0.8513425978343875,1.4143272189829341,0.7446892210857593,0.194378545406127,0.13184047423709255,0.47296601356233237,0.737411487018096,0.8693831146289844,0.2514747798140693,0.92,0.3709677419354839,1.5283870967741937,0.7843137254901961,0.6451612903225806,1.3029728020240354,0.6716417910447762,0.7258064516129032,1.1157920077034185,0.7446892210857592,fl_loco_FedAvg,FAREPLAN ENTERPRISE P/L T/A CHINHOYI TOWN PHARMACY,7,FedAvg
FedProx_FAREPLAN ENTERPRISE P/L T/A CHINHOYI TOWN PHARMACY_s7,103,41,0.39805825242718446,0.6050552437435582,1.5200168318435732,0.7446892210857592,0.1943955989890024,0.13184728458308032,0.47296601356233237,0.737411487018096,0.870065530371222,-0.25229759793922996,0.56,0.34146341463414637,1.406829268292683,0.5882352941176471,0.7317073170731707,1.4777618364418939,0.5522388059701493,0.9024390243902439,1.387331634510375,62,0.6019417475728155,0.8513425978343875,1.4143272189829341,0.7446892210857593,0.1943955989890024,0.13184728458308034,0.47296601356233237,0.737411487018096,0.870065530371222,0.25229759793923,0.92,0.3709677419354839,1.5283870967741937,0.7843137254901961,0.6451612903225806,1.3029728020240354,0.6716417910447762,0.7258064516129032,1.1157920077034185,0.7446892210857592,fl_loco_FedProx,FAREPLAN ENTERPRISE P/L T/A CHINHOYI TOWN PHARMACY,7,FedProx
FedAvg-equal_FAREPLAN ENTERPRISE P/L T/A CHINHOYI TOWN PHARMACY_s7,103,41,0.39805825242718446,0.6172853986762332,1.550741367406147,0.7498033044846577,0.19241501170039085,0.10026876381986086,0.47296601356233237,0.737411487018096,0.963299904478439,-0.2313158234458458,0.56,0.34146341463414637,1.406829268292683,0.5882352941176471,0.7317073170731707,1.4777618364418939,0.5522388059701493,0.9024390243902439,1.387331634510375,62,0.6019417475728155,0.8530496195826294,1.4171630776937232,0.7498033044846578,0.19241501170039085,0.10026876381986084,0.47296601356233237,0.737411487018096,0.963299904478439,0.23131582344584575,0.92,0.3709677419354839,1.5283870967741937,0.803921568627451,0.6612903225806451,1.3355471220746364,0.7014925373134329,0.7580645161290323,1.1653827636013483,0.7498033044846577,fl_loco_FedAvg-equal,FAREPLAN ENTERPRISE P/L T/A CHINHOYI TOWN PHARMACY,7,FedAvg-equal
SCAFFOLD_FAREPLAN ENTERPRISE P/L T/A CHINHOYI TOWN PHARMACY_s7,103,41,0.39805825242718446,0.6170110526816848,1.5500521567369154,0.7494099134539733,0.19245608633840253,0.10008568505565754,0.47296601356233237,0.737411487018096,0.9615532232016,-0.23134586529753076,0.56,0.34146341463414637,1.406829268292683,0.5882352941176471,0.7317073170731707,1.4777618364418939,0.5522388059701493,0.9024390243902439,1.387331634510375,62,0.6019417475728155,0.8528002642573728,1.4167488261049903,0.7494099134539732,0.19245608633840253,0.10008568505565758,0.47296601356233237,0.737411487018096,0.9615532232016,0.23134586529753068,0.92,0.3709677419354839,1.5283870967741937,0.7843137254901961,0.6451612903225806,1.3029728020240354,0.7014925373134329,0.7580645161290323,1.1653827636013483,0.7494099134539733,fl_loco_SCAFFOLD,FAREPLAN ENTERPRISE P/L T/A CHINHOYI TOWN PHARMACY,7,SCAFFOLD
FedAdam_FAREPLAN ENTERPRISE P/L T/A CHINHOYI TOWN PHARMACY_s7,103,41,0.39805825242718446,0.6266821349039202,1.5743478023196045,0.7525570416994493,0.19407661925645475,0.09212367787617803,0.4068835133381609,0.7049567269866247,0.8552905763874564,-0.23843353172165604,0.6,0.36585365853658536,1.5073170731707317,0.5882352941176471,0.7317073170731707,1.4777618364418939,0.5522388059701493,0.9024390243902439,1.387331634510375,62,0.6019417475728155,0.8543524069254704,1.4193273856987656,0.7525570416994493,0.19407661925645475,0.09212367787617805,0.4068835133381609,0.7049567269866247,0.8552905763874565,0.23843353172165604,0.96,0.3870967741935484,1.5948387096774195,0.7843137254901961,0.6451612903225806,1.3029728020240354,0.7164179104477612,0.7741935483870968,1.190178141550313,0.7525570416994493,fl_loco_FedAdam,FAREPLAN ENTERPRISE P/L T/A CHINHOYI TOWN PHARMACY,7,FedAdam
FedAvg_FAREPLAN ENTERPRISE P/L T/A CHINHOYI TOWN PHARMACY_s11,103,41,0.39805825242718446,0.6050552437435582,1.5200168318435732,0.7446892210857592,0.194378545406127,0.13184047423709253,0.47296601356233237,0.737411487018096,0.8693831146289844,-0.2514747798140693,0.56,0.34146341463414637,1.406829268292683,0.5882352941176471,0.7317073170731707,1.4777618364418939,0.5522388059701493,0.9024390243902439,1.387331634510375,62,0.6019417475728155,0.8513425978343875,1.4143272189829341,0.7446892210857593,0.194378545406127,0.13184047423709255,0.47296601356233237,0.737411487018096,0.8693831146289844,0.2514747798140693,0.92,0.3709677419354839,1.5283870967741937,0.7843137254901961,0.6451612903225806,1.3029728020240354,0.6716417910447762,0.7258064516129032,1.1157920077034185,0.7446892210857592,fl_loco_FedAvg,FAREPLAN ENTERPRISE P/L T/A CHINHOYI TOWN PHARMACY,11,FedAvg
FedProx_FAREPLAN ENTERPRISE P/L T/A CHINHOYI TOWN PHARMACY_s11,103,41,0.39805825242718446,0.6050552437435582,1.5200168318435732,0.7446892210857592,0.1943955989890024,0.13184728458308032,0.47296601356233237,0.737411487018096,0.870065530371222,-0.25229759793922996,0.56,0.34146341463414637,1.406829268292683,0.5882352941176471,0.7317073170731707,1.4777618364418939,0.5522388059701493,0.9024390243902439,1.387331634510375,62,0.6019417475728155,0.8513425978343875,1.4143272189829341,0.7446892210857593,0.1943955989890024,0.13184728458308034,0.47296601356233237,0.737411487018096,0.870065530371222,0.25229759793923,0.92,0.3709677419354839,1.5283870967741937,0.7843137254901961,0.6451612903225806,1.3029728020240354,0.6716417910447762,0.7258064516129032,1.1157920077034185,0.7446892210857592,fl_loco_FedProx,FAREPLAN ENTERPRISE P/L T/A CHINHOYI TOWN PHARMACY,11,FedProx
FedAvg-equal_FAREPLAN ENTERPRISE P/L T/A CHINHOYI TOWN PHARMACY_s11,103,41,0.39805825242718446,0.6172853986762332,1.550741367406147,0.7498033044846577,0.19241501170039085,0.10026876381986086,0.47296601356233237,0.737411487018096,0.963299904478439,-0.2313158234458458,0.56,0.34146341463414637,1.406829268292683,0.5882352941176471,0.7317073170731707,1.4777618364418939,0.5522388059701493,0.9024390243902439,1.387331634510375,62,0.6019417475728155,0.8530496195826294,1.4171630776937232,0.7498033044846578,0.19241501170039085,0.10026876381986084,0.47296601356233237,0.737411487018096,0.963299904478439,0.23131582344584575,0.92,0.3709677419354839,1.5283870967741937,0.803921568627451,0.6612903225806451,1.3355471220746364,0.7014925373134329,0.7580645161290323,1.1653827636013483,0.7498033044846577,fl_loco_FedAvg-equal,FAREPLAN ENTERPRISE P/L T/A CHINHOYI TOWN PHARMACY,11,FedAvg-equal
SCAFFOLD_FAREPLAN ENTERPRISE P/L T/A CHINHOYI TOWN PHARMACY_s11,103,41,0.39805825242718446,0.6170110526816848,1.5500521567369154,0.7494099134539733,0.19245608633840253,0.10008568505565754,0.47296601356233237,0.737411487018096,0.9615532232016,-0.23134586529753076,0.56,0.34146341463414637,1.406829268292683,0.5882352941176471,0.7317073170731707,1.4777618364418939,0.5522388059701493,0.9024390243902439,1.387331634510375,62,0.6019417475728155,0.8528002642573728,1.4167488261049903,0.7494099134539732,0.19245608633840253,0.10008568505565758,0.47296601356233237,0.737411487018096,0.9615532232016,0.23134586529753068,0.92,0.3709677419354839,1.5283870967741937,0.7843137254901961,0.6451612903225806,1.3029728020240354,0.7014925373134329,0.7580645161290323,1.1653827636013483,0.7494099134539733,fl_loco_SCAFFOLD,FAREPLAN ENTERPRISE P/L T/A CHINHOYI TOWN PHARMACY,11,SCAFFOLD
FedAdam_FAREPLAN ENTERPRISE P/L T/A CHINHOYI TOWN PHARMACY_s11,103,41,0.39805825242718446,0.6266821349039202,1.5743478023196045,0.7525570416994493,0.19407661925645475,0.09212367787617803,0.4068835133381609,0.7049567269866247,0.8552905763874564,-0.23843353172165604,0.6,0.36585365853658536,1.5073170731707317,0.5882352941176471,0.7317073170731707,1.4777618364418939,0.5522388059701493,0.9024390243902439,1.387331634510375,62,0.6019417475728155,0.8543524069254704,1.4193273856987656,0.7525570416994493,0.19407661925645475,0.09212367787617805,0.4068835133381609,0.7049567269866247,0.8552905763874565,0.23843353172165604,0.96,0.3870967741935484,1.5948387096774195,0.7843137254901961,0.6451612903225806,1.3029728020240354,0.7164179104477612,0.7741935483870968,1.190178141550313,0.7525570416994493,fl_loco_FedAdam,FAREPLAN ENTERPRISE P/L T/A CHINHOYI TOWN PHARMACY,11,FedAdam
FedAvg_FAREPLAN ENTERPRISE P/L T/A CHINHOYI TOWN PHARMACY_s19,103,41,0.39805825242718446,0.6050552437435582,1.5200168318435732,0.7446892210857592,0.194378545406127,0.13184047423709253,0.47296601356233237,0.737411487018096,0.8693831146289844,-0.2514747798140693,0.56,0.34146341463414637,1.406829268292683,0.5882352941176471,0.7317073170731707,1.4777618364418939,0.5522388059701493,0.9024390243902439,1.387331634510375,62,0.6019417475728155,0.8513425978343875,1.4143272189829341,0.7446892210857593,0.194378545406127,0.13184047423709255,0.47296601356233237,0.737411487018096,0.8693831146289844,0.2514747798140693,0.92,0.3709677419354839,1.5283870967741937,0.7843137254901961,0.6451612903225806,1.3029728020240354,0.6716417910447762,0.7258064516129032,1.1157920077034185,0.7446892210857592,fl_loco_FedAvg,FAREPLAN ENTERPRISE P/L T/A CHINHOYI TOWN PHARMACY,19,FedAvg
FedProx_FAREPLAN ENTERPRISE P/L T/A CHINHOYI TOWN PHARMACY_s19,103,41,0.39805825242718446,0.6050552437435582,1.5200168318435732,0.7446892210857592,0.1943955989890024,0.13184728458308032,0.47296601356233237,0.737411487018096,0.870065530371222,-0.25229759793922996,0.56,0.34146341463414637,1.406829268292683,0.5882352941176471,0.7317073170731707,1.4777618364418939,0.5522388059701493,0.9024390243902439,1.387331634510375,62,0.6019417475728155,0.8513425978343875,1.4143272189829341,0.7446892210857593,0.1943955989890024,0.13184728458308034,0.47296601356233237,0.737411487018096,0.870065530371222,0.25229759793923,0.92,0.3709677419354839,1.5283870967741937,0.7843137254901961,0.6451612903225806,1.3029728020240354,0.6716417910447762,0.7258064516129032,1.1157920077034185,0.7446892210857592,fl_loco_FedProx,FAREPLAN ENTERPRISE P/L T/A CHINHOYI TOWN PHARMACY,19,FedProx
FedAvg-equal_FAREPLAN ENTERPRISE P/L T/A CHINHOYI TOWN PHARMACY_s19,103,41,0.39805825242718446,0.6172853986762332,1.550741367406147,0.7498033044846577,0.19241501170039085,0.10026876381986086,0.47296601356233237,0.737411487018096,0.963299904478439,-0.2313158234458458,0.56,0.34146341463414637,1.406829268292683,0.5882352941176471,0.7317073170731707,1.4777618364418939,0.5522388059701493,0.9024390243902439,1.387331634510375,62,0.6019417475728155,0.8530496195826294,1.4171630776937232,0.7498033044846578,0.19241501170039085,0.10026876381986084,0.47296601356233237,0.737411487018096,0.963299904478439,0.23131582344584575,0.92,0.3709677419354839,1.5283870967741937,0.803921568627451,0.6612903225806451,1.3355471220746364,0.7014925373134329,0.7580645161290323,1.1653827636013483,0.7498033044846577,fl_loco_FedAvg-equal,FAREPLAN ENTERPRISE P/L T/A CHINHOYI TOWN PHARMACY,19,FedAvg-equal
SCAFFOLD_FAREPLAN ENTERPRISE P/L T/A CHINHOYI TOWN PHARMACY_s19,103,41,0.39805825242718446,0.6170110526816848,1.5500521567369154,0.7494099134539733,0.19245608633840253,0.10008568505565754,0.47296601356233237,0.737411487018096,0.9615532232016,-0.23134586529753076,0.56,0.34146341463414637,1.406829268292683,0.5882352941176471,0.7317073170731707,1.4777618364418939,0.5522388059701493,0.9024390243902439,1.387331634510375,62,0.6019417475728155,0.8528002642573728,1.4167488261049903,0.7494099134539732,0.19245608633840253,0.10008568505565758,0.47296601356233237,0.737411487018096,0.9615532232016,0.23134586529753068,0.92,0.3709677419354839,1.5283870967741937,0.7843137254901961,0.6451612903225806,1.3029728020240354,0.7014925373134329,0.7580645161290323,1.1653827636013483,0.7494099134539733,fl_loco_SCAFFOLD,FAREPLAN ENTERPRISE P/L T/A CHINHOYI TOWN PHARMACY,19,SCAFFOLD
FedAdam_FAREPLAN ENTERPRISE P/L T/A CHINHOYI TOWN PHARMACY_s19,103,41,0.39805825242718446,0.6266821349039202,1.5743478023196045,0.7525570416994493,0.19407661925645475,0.09212367787617803,0.4068835133381609,0.7049567269866247,0.8552905763874564,-0.23843353172165604,0.6,0.36585365853658536,1.5073170731707317,0.5882352941176471,0.7317073170731707,1.4777618364418939,0.5522388059701493,0.9024390243902439,1.387331634510375,62,0.6019417475728155,0.8543524069254704,1.4193273856987656,0.7525570416994493,0.19407661925645475,0.09212367787617805,0.4068835133381609,0.7049567269866247,0.8552905763874565,0.23843353172165604,0.96,0.3870967741935484,1.5948387096774195,0.7843137254901961,0.6451612903225806,1.3029728020240354,0.7164179104477612,0.7741935483870968,1.190178141550313,0.7525570416994493,fl_loco_FedAdam,FAREPLAN ENTERPRISE P/L T/A CHINHOYI TOWN PHARMACY,19,FedAdam
FedAvg_FAREPLAN ENTERPRISE P/L T/A CHINHOYI TOWN PHARMACY_s23,103,41,0.39805825242718446,0.6050552437435582,1.5200168318435732,0.7446892210857592,0.194378545406127,0.13184047423709253,0.47296601356233237,0.737411487018096,0.8693831146289844,-0.2514747798140693,0.56,0.34146341463414637,1.406829268292683,0.5882352941176471,0.7317073170731707,1.4777618364418939,0.5522388059701493,0.9024390243902439,1.387331634510375,62,0.6019417475728155,0.8513425978343875,1.4143272189829341,0.7446892210857593,0.194378545406127,0.13184047423709255,0.47296601356233237,0.737411487018096,0.8693831146289844,0.2514747798140693,0.92,0.3709677419354839,1.5283870967741937,0.7843137254901961,0.6451612903225806,1.3029728020240354,0.6716417910447762,0.7258064516129032,1.1157920077034185,0.7446892210857592,fl_loco_FedAvg,FAREPLAN ENTERPRISE P/L T/A CHINHOYI TOWN PHARMACY,23,FedAvg
FedProx_FAREPLAN ENTERPRISE P/L T/A CHINHOYI TOWN PHARMACY_s23,103,41,0.39805825242718446,0.6050552437435582,1.5200168318435732,0.7446892210857592,0.1943955989890024,0.13184728458308032,0.47296601356233237,0.737411487018096,0.870065530371222,-0.25229759793922996,0.56,0.34146341463414637,1.406829268292683,0.5882352941176471,0.7317073170731707,1.4777618364418939,0.5522388059701493,0.9024390243902439,1.387331634510375,62,0.6019417475728155,0.8513425978343875,1.4143272189829341,0.7446892210857593,0.1943955989890024,0.13184728458308034,0.47296601356233237,0.737411487018096,0.870065530371222,0.25229759793923,0.92,0.3709677419354839,1.5283870967741937,0.7843137254901961,0.6451612903225806,1.3029728020240354,0.6716417910447762,0.7258064516129032,1.1157920077034185,0.7446892210857592,fl_loco_FedProx,FAREPLAN ENTERPRISE P/L T/A CHINHOYI TOWN PHARMACY,23,FedProx
FedAvg-equal_FAREPLAN ENTERPRISE P/L T/A CHINHOYI TOWN PHARMACY_s23,103,41,0.39805825242718446,0.6172853986762332,1.550741367406147,0.7498033044846577,0.19241501170039085,0.10026876381986086,0.47296601356233237,0.737411487018096,0.963299904478439,-0.2313158234458458,0.56,0.34146341463414637,1.406829268292683,0.5882352941176471,0.7317073170731707,1.4777618364418939,0.5522388059701493,0.9024390243902439,1.387331634510375,62,0.6019417475728155,0.8530496195826294,1.4171630776937232,0.7498033044846578,0.19241501170039085,0.10026876381986084,0.47296601356233237,0.737411487018096,0.963299904478439,0.23131582344584575,0.92,0.3709677419354839,1.5283870967741937,0.803921568627451,0.6612903225806451,1.3355471220746364,0.7014925373134329,0.7580645161290323,1.1653827636013483,0.7498033044846577,fl_loco_FedAvg-equal,FAREPLAN ENTERPRISE P/L T/A CHINHOYI TOWN PHARMACY,23,FedAvg-equal
SCAFFOLD_FAREPLAN ENTERPRISE P/L T/A CHINHOYI TOWN PHARMACY_s23,103,41,0.39805825242718446,0.6170110526816848,1.5500521567369154,0.7494099134539733,0.19245608633840253,0.10008568505565754,0.47296601356233237,0.737411487018096,0.9615532232016,-0.23134586529753076,0.56,0.34146341463414637,1.406829268292683,0.5882352941176471,0.7317073170731707,1.4777618364418939,0.5522388059701493,0.9024390243902439,1.387331634510375,62,0.6019417475728155,0.8528002642573728,1.4167488261049903,0.7494099134539732,0.19245608633840253,0.10008568505565758,0.47296601356233237,0.737411487018096,0.9615532232016,0.23134586529753068,0.92,0.3709677419354839,1.5283870967741937,0.7843137254901961,0.6451612903225806,1.3029728020240354,0.7014925373134329,0.7580645161290323,1.1653827636013483,0.7494099134539733,fl_loco_SCAFFOLD,FAREPLAN ENTERPRISE P/L T/A CHINHOYI TOWN PHARMACY,23,SCAFFOLD
FedAdam_FAREPLAN ENTERPRISE P/L T/A CHINHOYI TOWN PHARMACY_s23,103,41,0.39805825242718446,0.6266821349039202,1.5743478023196045,0.7525570416994493,0.19407661925645475,0.09212367787617803,0.4068835133381609,0.7049567269866247,0.8552905763874564,-0.23843353172165604,0.6,0.36585365853658536,1.5073170731707317,0.5882352941176471,0.7317073170731707,1.4777618364418939,0.5522388059701493,0.9024390243902439,1.387331634510375,62,0.6019417475728155,0.8543524069254704,1.4193273856987656,0.7525570416994493,0.19407661925645475,0.09212367787617805,0.4068835133381609,0.7049567269866247,0.8552905763874565,0.23843353172165604,0.96,0.3870967741935484,1.5948387096774195,0.7843137254901961,0.6451612903225806,1.3029728020240354,0.7164179104477612,0.7741935483870968,1.190178141550313,0.7525570416994493,fl_loco_FedAdam,FAREPLAN ENTERPRISE P/L T/A CHINHOYI TOWN PHARMACY,23,FedAdam
FedAvg_FAREPLAN ENTERPRISE P/L T/A CHINHOYI TOWN PHARMACY_s37,103,41,0.39805825242718446,0.6050552437435582,1.5200168318435732,0.7446892210857592,0.194378545406127,0.13184047423709253,0.47296601356233237,0.737411487018096,0.8693831146289844,-0.2514747798140693,0.56,0.34146341463414637,1.406829268292683,0.5882352941176471,0.7317073170731707,1.4777618364418939,0.5522388059701493,0.9024390243902439,1.387331634510375,62,0.6019417475728155,0.8513425978343875,1.4143272189829341,0.7446892210857593,0.194378545406127,0.13184047423709255,0.47296601356233237,0.737411487018096,0.8693831146289844,0.2514747798140693,0.92,0.3709677419354839,1.5283870967741937,0.7843137254901961,0.6451612903225806,1.3029728020240354,0.6716417910447762,0.7258064516129032,1.1157920077034185,0.7446892210857592,fl_loco_FedAvg,FAREPLAN ENTERPRISE P/L T/A CHINHOYI TOWN PHARMACY,37,FedAvg
FedProx_FAREPLAN ENTERPRISE P/L T/A CHINHOYI TOWN PHARMACY_s37,103,41,0.39805825242718446,0.6050552437435582,1.5200168318435732,0.7446892210857592,0.1943955989890024,0.13184728458308032,0.47296601356233237,0.737411487018096,0.870065530371222,-0.25229759793922996,0.56,0.34146341463414637,1.406829268292683,0.5882352941176471,0.7317073170731707,1.4777618364418939,0.5522388059701493,0.9024390243902439,1.387331634510375,62,0.6019417475728155,0.8513425978343875,1.4143272189829341,0.7446892210857593,0.1943955989890024,0.13184728458308034,0.47296601356233237,0.737411487018096,0.870065530371222,0.25229759793923,0.92,0.3709677419354839,1.5283870967741937,0.7843137254901961,0.6451612903225806,1.3029728020240354,0.6716417910447762,0.7258064516129032,1.1157920077034185,0.7446892210857592,fl_loco_FedProx,FAREPLAN ENTERPRISE P/L T/A CHINHOYI TOWN PHARMACY,37,FedProx
FedAvg-equal_FAREPLAN ENTERPRISE P/L T/A CHINHOYI TOWN PHARMACY_s37,103,41,0.39805825242718446,0.6172853986762332,1.550741367406147,0.7498033044846577,0.19241501170039085,0.10026876381986086,0.47296601356233237,0.737411487018096,0.963299904478439,-0.2313158234458458,0.56,0.34146341463414637,1.406829268292683,0.5882352941176471,0.7317073170731707,1.4777618364418939,0.5522388059701493,0.9024390243902439,1.387331634510375,62,0.6019417475728155,0.8530496195826294,1.4171630776937232,0.7498033044846578,0.19241501170039085,0.10026876381986084,0.47296601356233237,0.737411487018096,0.963299904478439,0.23131582344584575,0.92,0.3709677419354839,1.5283870967741937,0.803921568627451,0.6612903225806451,1.3355471220746364,0.7014925373134329,0.7580645161290323,1.1653827636013483,0.7498033044846577,fl_loco_FedAvg-equal,FAREPLAN ENTERPRISE P/L T/A CHINHOYI TOWN PHARMACY,37,FedAvg-equal
SCAFFOLD_FAREPLAN ENTERPRISE P/L T/A CHINHOYI TOWN PHARMACY_s37,103,41,0.39805825242718446,0.6170110526816848,1.5500521567369154,0.7494099134539733,0.19245608633840253,0.10008568505565754,0.47296601356233237,0.737411487018096,0.9615532232016,-0.23134586529753076,0.56,0.34146341463414637,1.406829268292683,0.5882352941176471,0.7317073170731707,1.4777618364418939,0.5522388059701493,0.9024390243902439,1.387331634510375,62,0.6019417475728155,0.8528002642573728,1.4167488261049903,0.7494099134539732,0.19245608633840253,0.10008568505565758,0.47296601356233237,0.737411487018096,0.9615532232016,0.23134586529753068,0.92,0.3709677419354839,1.5283870967741937,0.7843137254901961,0.6451612903225806,1.3029728020240354,0.7014925373134329,0.7580645161290323,1.1653827636013483,0.7494099134539733,fl_loco_SCAFFOLD,FAREPLAN ENTERPRISE P/L T/A CHINHOYI TOWN PHARMACY,37,SCAFFOLD
FedAdam_FAREPLAN ENTERPRISE P/L T/A CHINHOYI TOWN PHARMACY_s37,103,41,0.39805825242718446,0.6266821349039202,1.5743478023196045,0.7525570416994493,0.19407661925645475,0.09212367787617803,0.4068835133381609,0.7049567269866247,0.8552905763874564,-0.23843353172165604,0.6,0.36585365853658536,1.5073170731707317,0.5882352941176471,0.7317073170731707,1.4777618364418939,0.5522388059701493,0.9024390243902439,1.387331634510375,62,0.6019417475728155,0.8543524069254704,1.4193273856987656,0.7525570416994493,0.19407661925645475,0.09212367787617805,0.4068835133381609,0.7049567269866247,0.8552905763874565,0.23843353172165604,0.96,0.3870967741935484,1.5948387096774195,0.7843137254901961,0.6451612903225806,1.3029728020240354,0.7164179104477612,0.7741935483870968,1.190178141550313,0.7525570416994493,fl_loco_FedAdam,FAREPLAN ENTERPRISE P/L T/A CHINHOYI TOWN PHARMACY,37,FedAdam
FedAvg_HEALTHLINK PHARMACY_s7,273,138,0.5054945054945055,0.7241186571221359,1.432495604306834,0.7906602254428342,0.17740025942379795,0.058999130921762184,0.4758668672668006,0.7355072463768115,1.0600680409157732,0.02835671823252993,0.7352941176470589,0.36231884057971014,1.45460358056266,0.7352941176470589,0.7246376811594203,1.45460358056266,0.6833333333333333,0.8913043478260869,1.3518115942028985,135,0.4945054945054945,0.8285566455225767,1.675525660945655,0.7906602254428341,0.17740025942379795,0.058999130921762136,0.4758668672668006,0.7355072463768115,1.0600680409157732,-0.02835671823252991,0.9264705882352942,0.4666666666666667,1.8735294117647059,0.7205882352941176,0.725925925925926,1.45718954248366,0.6166666666666667,0.8222222222222222,1.247037037037037,0.7906602254428342,fl_loco_FedAvg,HEALTHLINK PHARMACY,7,FedAvg
FedProx_HEALTHLINK PHARMACY_s7,273,138,0.5054945054945055,0.7246101212340226,1.433467848528175,0.7907139023081052,0.1774103404850002,0.06413660436277678,0.4758668672668006,0.7355072463768115,1.0608515901725504,0.027375034770436894,0.7352941176470589,0.36231884057971014,1.45460358056266,0.7352941176470589,0.7246376811594203,1.45460358056266,0.6833333333333333,0.8913043478260869,1.3518115942028985,135,0.4945054945054945,0.828507043019325,1.6754253536613015,0.7907139023081051,0.1774103404850002,0.06413660436277682,0.4758668672668006,0.7355072463768115,1.0608515901725504,-0.027375034770436873,0.9264705882352942,0.4666666666666667,1.8735294117647059,0.7205882352941176,0.725925925925926,1.45718954248366,0.6166666666666667,0.8222222222222222,1.247037037037037,0.7907139023081052,fl_loco_FedProx,HEALTHLINK PHARMACY,7,FedProx
FedAvg-equal_HEALTHLINK PHARMACY_s7,273,138,0.5054945054945055,0.7232911499663691,1.4308585792812956,0.7908212560386474,0.17883598117734428,0.062459169436924845,0.4828482106624473,0.7392109500805153,1.1291055199344742,0.01948384339704297,0.7205882352941176,0.35507246376811596,1.4255115089514068,0.7279411764705882,0.717391304347826,1.4400575447570332,0.6833333333333333,0.8913043478260869,1.3518115942028985,135,0.4945054945054945,0.8281351377486201,1.6746732785583207,0.7908212560386473,0.17883598117734428,0.062459169436924825,0.4828482106624473,0.7392109500805153,1.1291055199344742,-0.01948384339704301,0.9264705882352942,0.4666666666666667,1.8735294117647059,0.7205882352941176,0.725925925925926,1.45718954248366,0.6166666666666667,0.8222222222222222,1.247037037037037,0.7908212560386474,fl_loco_FedAvg-equal,HEALTHLINK PHARMACY,7,FedAvg-equal
SCAFFOLD_HEALTHLINK PHARMACY_s7,273,138,0.5054945054945055,0.7235805125584929,1.43143101397441,0.7909286097691894,0.17880826814564005,0.06210599788732652,0.4828482106624473,0.7392109500805153,1.1270261358616873,0.018609337940390637,0.7205882352941176,0.35507246376811596,1.4255115089514068,0.7352941176470589,0.7246376811594203,1.45460358056266,0.6833333333333333,0.8913043478260869,1.3518115942028985,135,0.4945054945054945,0.8282372212954511,1.6748797141752454,0.7909286097691894,0.17880826814564005,0.06210599788732654,0.4828482106624473,0.7392109500805153,1.1270261358616873,-0.018609337940390627,0.9264705882352942,0.4666666666666667,1.8735294117647059,0.7205882352941176,0.725925925925926,1.45718954248366,0.6166666666666667,0.8222222222222222,1.247037037037037,0.7909286097691894,fl_loco_SCAFFOLD,HEALTHLINK PHARMACY,7,SCAFFOLD
FedAdam_HEALTHLINK PHARMACY_s7,273,138,0.5054945054945055,0.7323083843149546,1.4486970211448016,0.7902844873859367,0.18128866412256858,0.07193005118724806,0.4519665300889176,0.7247181964573268,0.9784904564416366,0.019636907321082538,0.7647058823529411,0.37681159420289856,1.5127877237851661,0.7205882352941176,0.7101449275362319,1.4255115089514068,0.6944444444444444,0.9057971014492754,1.373792270531401,135,0.4945054945054945,0.8229516630116898,1.6641911407569725,0.7902844873859365,0.18128866412256855,0.0719300511872481,0.4519665300889176,0.7247181964573268,0.9784904564416366,-0.01963690732108254,0.9264705882352942,0.4666666666666667,1.8735294117647059,0.7058823529411765,0.7111111111111111,1.427450980392157,0.6222222222222222,0.8296296296296296,1.2582716049382716,0.7902844873859367,fl_loco_FedAdam,HEALTHLINK PHARMACY,7,FedAdam
FedAvg_HEALTHLINK PHARMACY_s11,273,138,0.5054945054945055,0.7241186571221359,1.432495604306834,0.7906602254428342,0.17740025942379795,0.058999130921762184,0.4758668672668006,0.7355072463768115,1.0600680409157732,0.02835671823252993,0.7352941176470589,0.36231884057971014,1.45460358056266,0.7352941176470589,0.7246376811594203,1.45460358056266,0.6833333333333333,0.8913043478260869,1.3518115942028985,135,0.4945054945054945,0.8285566455225767,1.675525660945655,0.7906602254428341,0.17740025942379795,0.058999130921762136,0.4758668672668006,0.7355072463768115,1.0600680409157732,-0.02835671823252991,0.9264705882352942,0.4666666666666667,1.8735294117647059,0.7205882352941176,0.725925925925926,1.45718954248366,0.6166666666666667,0.8222222222222222,1.247037037037037,0.7906602254428342,fl_loco_FedAvg,HEALTHLINK PHARMACY,11,FedAvg
FedProx_HEALTHLINK PHARMACY_s11,273,138,0.5054945054945055,0.7246101212340226,1.433467848528175,0.7907139023081052,0.1774103404850002,0.06413660436277678,0.4758668672668006,0.7355072463768115,1.0608515901725504,0.027375034770436894,0.7352941176470589,0.36231884057971014,1.45460358056266,0.7352941176470589,0.7246376811594203,1.45460358056266,0.6833333333333333,0.8913043478260869,1.3518115942028985,135,0.4945054945054945,0.828507043019325,1.6754253536613015,0.7907139023081051,0.1774103404850002,0.06413660436277682,0.4758668672668006,0.7355072463768115,1.0608515901725504,-0.027375034770436873,0.9264705882352942,0.4666666666666667,1.8735294117647059,0.7205882352941176,0.725925925925926,1.45718954248366,0.6166666666666667,0.8222222222222222,1.247037037037037,0.7907139023081052,fl_loco_FedProx,HEALTHLINK PHARMACY,11,FedProx
FedAvg-equal_HEALTHLINK PHARMACY_s11,273,138,0.5054945054945055,0.7232911499663691,1.4308585792812956,0.7908212560386474,0.17883598117734428,0.062459169436924845,0.4828482106624473,0.7392109500805153,1.1291055199344742,0.01948384339704297,0.7205882352941176,0.35507246376811596,1.4255115089514068,0.7279411764705882,0.717391304347826,1.4400575447570332,0.6833333333333333,0.8913043478260869,1.3518115942028985,135,0.4945054945054945,0.8281351377486201,1.6746732785583207,0.7908212560386473,0.17883598117734428,0.062459169436924825,0.4828482106624473,0.7392109500805153,1.1291055199344742,-0.01948384339704301,0.9264705882352942,0.4666666666666667,1.8735294117647059,0.7205882352941176,0.725925925925926,1.45718954248366,0.6166666666666667,0.8222222222222222,1.247037037037037,0.7908212560386474,fl_loco_FedAvg-equal,HEALTHLINK PHARMACY,11,FedAvg-equal
SCAFFOLD_HEALTHLINK PHARMACY_s11,273,138,0.5054945054945055,0.7235805125584929,1.43143101397441,0.7909286097691894,0.17880826814564005,0.06210599788732652,0.4828482106624473,0.7392109500805153,1.1270261358616873,0.018609337940390637,0.7205882352941176,0.35507246376811596,1.4255115089514068,0.7352941176470589,0.7246376811594203,1.45460358056266,0.6833333333333333,0.8913043478260869,1.3518115942028985,135,0.4945054945054945,0.8282372212954511,1.6748797141752454,0.7909286097691894,0.17880826814564005,0.06210599788732654,0.4828482106624473,0.7392109500805153,1.1270261358616873,-0.018609337940390627,0.9264705882352942,0.4666666666666667,1.8735294117647059,0.7205882352941176,0.725925925925926,1.45718954248366,0.6166666666666667,0.8222222222222222,1.247037037037037,0.7909286097691894,fl_loco_SCAFFOLD,HEALTHLINK PHARMACY,11,SCAFFOLD
FedAdam_HEALTHLINK PHARMACY_s11,273,138,0.5054945054945055,0.7323083843149546,1.4486970211448016,0.7902844873859367,0.18128866412256858,0.07193005118724806,0.4519665300889176,0.7247181964573268,0.9784904564416366,0.019636907321082538,0.7647058823529411,0.37681159420289856,1.5127877237851661,0.7205882352941176,0.7101449275362319,1.4255115089514068,0.6944444444444444,0.9057971014492754,1.373792270531401,135,0.4945054945054945,0.8229516630116898,1.6641911407569725,0.7902844873859365,0.18128866412256855,0.0719300511872481,0.4519665300889176,0.7247181964573268,0.9784904564416366,-0.01963690732108254,0.9264705882352942,0.4666666666666667,1.8735294117647059,0.7058823529411765,0.7111111111111111,1.427450980392157,0.6222222222222222,0.8296296296296296,1.2582716049382716,0.7902844873859367,fl_loco_FedAdam,HEALTHLINK PHARMACY,11,FedAdam
FedAvg_HEALTHLINK PHARMACY_s19,273,138,0.5054945054945055,0.7241186571221359,1.432495604306834,0.7906602254428342,0.17740025942379795,0.058999130921762184,0.4758668672668006,0.7355072463768115,1.0600680409157732,0.02835671823252993,0.7352941176470589,0.36231884057971014,1.45460358056266,0.7352941176470589,0.7246376811594203,1.45460358056266,0.6833333333333333,0.8913043478260869,1.3518115942028985,135,0.4945054945054945,0.8285566455225767,1.675525660945655,0.7906602254428341,0.17740025942379795,0.058999130921762136,0.4758668672668006,0.7355072463768115,1.0600680409157732,-0.02835671823252991,0.9264705882352942,0.4666666666666667,1.8735294117647059,0.7205882352941176,0.725925925925926,1.45718954248366,0.6166666666666667,0.8222222222222222,1.247037037037037,0.7906602254428342,fl_loco_FedAvg,HEALTHLINK PHARMACY,19,FedAvg
FedProx_HEALTHLINK PHARMACY_s19,273,138,0.5054945054945055,0.7246101212340226,1.433467848528175,0.7907139023081052,0.1774103404850002,0.06413660436277678,0.4758668672668006,0.7355072463768115,1.0608515901725504,0.027375034770436894,0.7352941176470589,0.36231884057971014,1.45460358056266,0.7352941176470589,0.7246376811594203,1.45460358056266,0.6833333333333333,0.8913043478260869,1.3518115942028985,135,0.4945054945054945,0.828507043019325,1.6754253536613015,0.7907139023081051,0.1774103404850002,0.06413660436277682,0.4758668672668006,0.7355072463768115,1.0608515901725504,-0.027375034770436873,0.9264705882352942,0.4666666666666667,1.8735294117647059,0.7205882352941176,0.725925925925926,1.45718954248366,0.6166666666666667,0.8222222222222222,1.247037037037037,0.7907139023081052,fl_loco_FedProx,HEALTHLINK PHARMACY,19,FedProx
FedAvg-equal_HEALTHLINK PHARMACY_s19,273,138,0.5054945054945055,0.7232911499663691,1.4308585792812956,0.7908212560386474,0.17883598117734428,0.062459169436924845,0.4828482106624473,0.7392109500805153,1.1291055199344742,0.01948384339704297,0.7205882352941176,0.35507246376811596,1.4255115089514068,0.7279411764705882,0.717391304347826,1.4400575447570332,0.6833333333333333,0.8913043478260869,1.3518115942028985,135,0.4945054945054945,0.8281351377486201,1.6746732785583207,0.7908212560386473,0.17883598117734428,0.062459169436924825,0.4828482106624473,0.7392109500805153,1.1291055199344742,-0.01948384339704301,0.9264705882352942,0.4666666666666667,1.8735294117647059,0.7205882352941176,0.725925925925926,1.45718954248366,0.6166666666666667,0.8222222222222222,1.247037037037037,0.7908212560386474,fl_loco_FedAvg-equal,HEALTHLINK PHARMACY,19,FedAvg-equal
SCAFFOLD_HEALTHLINK PHARMACY_s19,273,138,0.5054945054945055,0.7235805125584929,1.43143101397441,0.7909286097691894,0.17880826814564005,0.06210599788732652,0.4828482106624473,0.7392109500805153,1.1270261358616873,0.018609337940390637,0.7205882352941176,0.35507246376811596,1.4255115089514068,0.7352941176470589,0.7246376811594203,1.45460358056266,0.6833333333333333,0.8913043478260869,1.3518115942028985,135,0.4945054945054945,0.8282372212954511,1.6748797141752454,0.7909286097691894,0.17880826814564005,0.06210599788732654,0.4828482106624473,0.7392109500805153,1.1270261358616873,-0.018609337940390627,0.9264705882352942,0.4666666666666667,1.8735294117647059,0.7205882352941176,0.725925925925926,1.45718954248366,0.6166666666666667,0.8222222222222222,1.247037037037037,0.7909286097691894,fl_loco_SCAFFOLD,HEALTHLINK PHARMACY,19,SCAFFOLD
FedAdam_HEALTHLINK PHARMACY_s19,273,138,0.5054945054945055,0.7323083843149546,1.4486970211448016,0.7902844873859367,0.18128866412256858,0.07193005118724806,0.4519665300889176,0.7247181964573268,0.9784904564416366,0.019636907321082538,0.7647058823529411,0.37681159420289856,1.5127877237851661,0.7205882352941176,0.7101449275362319,1.4255115089514068,0.6944444444444444,0.9057971014492754,1.373792270531401,135,0.4945054945054945,0.8229516630116898,1.6641911407569725,0.7902844873859365,0.18128866412256855,0.0719300511872481,0.4519665300889176,0.7247181964573268,0.9784904564416366,-0.01963690732108254,0.9264705882352942,0.4666666666666667,1.8735294117647059,0.7058823529411765,0.7111111111111111,1.427450980392157,0.6222222222222222,0.8296296296296296,1.2582716049382716,0.7902844873859367,fl_loco_FedAdam,HEALTHLINK PHARMACY,19,FedAdam
FedAvg_HEALTHLINK PHARMACY_s23,273,138,0.5054945054945055,0.7241186571221359,1.432495604306834,0.7906602254428342,0.17740025942379795,0.058999130921762184,0.4758668672668006,0.7355072463768115,1.0600680409157732,0.02835671823252993,0.7352941176470589,0.36231884057971014,1.45460358056266,0.7352941176470589,0.7246376811594203,1.45460358056266,0.6833333333333333,0.8913043478260869,1.3518115942028985,135,0.4945054945054945,0.8285566455225767,1.675525660945655,0.7906602254428341,0.17740025942379795,0.058999130921762136,0.4758668672668006,0.7355072463768115,1.0600680409157732,-0.02835671823252991,0.9264705882352942,0.4666666666666667,1.8735294117647059,0.7205882352941176,0.725925925925926,1.45718954248366,0.6166666666666667,0.8222222222222222,1.247037037037037,0.7906602254428342,fl_loco_FedAvg,HEALTHLINK PHARMACY,23,FedAvg
FedProx_HEALTHLINK PHARMACY_s23,273,138,0.5054945054945055,0.7246101212340226,1.433467848528175,0.7907139023081052,0.1774103404850002,0.06413660436277678,0.4758668672668006,0.7355072463768115,1.0608515901725504,0.027375034770436894,0.7352941176470589,0.36231884057971014,1.45460358056266,0.7352941176470589,0.7246376811594203,1.45460358056266,0.6833333333333333,0.8913043478260869,1.3518115942028985,135,0.4945054945054945,0.828507043019325,1.6754253536613015,0.7907139023081051,0.1774103404850002,0.06413660436277682,0.4758668672668006,0.7355072463768115,1.0608515901725504,-0.027375034770436873,0.9264705882352942,0.4666666666666667,1.8735294117647059,0.7205882352941176,0.725925925925926,1.45718954248366,0.6166666666666667,0.8222222222222222,1.247037037037037,0.7907139023081052,fl_loco_FedProx,HEALTHLINK PHARMACY,23,FedProx
FedAvg-equal_HEALTHLINK PHARMACY_s23,273,138,0.5054945054945055,0.7232911499663691,1.4308585792812956,0.7908212560386474,0.17883598117734428,0.062459169436924845,0.4828482106624473,0.7392109500805153,1.1291055199344742,0.01948384339704297,0.7205882352941176,0.35507246376811596,1.4255115089514068,0.7279411764705882,0.717391304347826,1.4400575447570332,0.6833333333333333,0.8913043478260869,1.3518115942028985,135,0.4945054945054945,0.8281351377486201,1.6746732785583207,0.7908212560386473,0.17883598117734428,0.062459169436924825,0.4828482106624473,0.7392109500805153,1.1291055199344742,-0.01948384339704301,0.9264705882352942,0.4666666666666667,1.8735294117647059,0.7205882352941176,0.725925925925926,1.45718954248366,0.6166666666666667,0.8222222222222222,1.247037037037037,0.7908212560386474,fl_loco_FedAvg-equal,HEALTHLINK PHARMACY,23,FedAvg-equal
SCAFFOLD_HEALTHLINK PHARMACY_s23,273,138,0.5054945054945055,0.7235805125584929,1.43143101397441,0.7909286097691894,0.17880826814564005,0.06210599788732652,0.4828482106624473,0.7392109500805153,1.1270261358616873,0.018609337940390637,0.7205882352941176,0.35507246376811596,1.4255115089514068,0.7352941176470589,0.7246376811594203,1.45460358056266,0.6833333333333333,0.8913043478260869,1.3518115942028985,135,0.4945054945054945,0.8282372212954511,1.6748797141752454,0.7909286097691894,0.17880826814564005,0.06210599788732654,0.4828482106624473,0.7392109500805153,1.1270261358616873,-0.018609337940390627,0.9264705882352942,0.4666666666666667,1.8735294117647059,0.7205882352941176,0.725925925925926,1.45718954248366,0.6166666666666667,0.8222222222222222,1.247037037037037,0.7909286097691894,fl_loco_SCAFFOLD,HEALTHLINK PHARMACY,23,SCAFFOLD
FedAdam_HEALTHLINK PHARMACY_s23,273,138,0.5054945054945055,0.7323083843149546,1.4486970211448016,0.7902844873859367,0.18128866412256858,0.07193005118724806,0.4519665300889176,0.7247181964573268,0.9784904564416366,0.019636907321082538,0.7647058823529411,0.37681159420289856,1.5127877237851661,0.7205882352941176,0.7101449275362319,1.4255115089514068,0.6944444444444444,0.9057971014492754,1.373792270531401,135,0.4945054945054945,0.8229516630116898,1.6641911407569725,0.7902844873859365,0.18128866412256855,0.0719300511872481,0.4519665300889176,0.7247181964573268,0.9784904564416366,-0.01963690732108254,0.9264705882352942,0.4666666666666667,1.8735294117647059,0.7058823529411765,0.7111111111111111,1.427450980392157,0.6222222222222222,0.8296296296296296,1.2582716049382716,0.7902844873859367,fl_loco_FedAdam,HEALTHLINK PHARMACY,23,FedAdam
FedAvg_HEALTHLINK PHARMACY_s37,273,138,0.5054945054945055,0.7241186571221359,1.432495604306834,0.7906602254428342,0.17740025942379795,0.058999130921762184,0.4758668672668006,0.7355072463768115,1.0600680409157732,0.02835671823252993,0.7352941176470589,0.36231884057971014,1.45460358056266,0.7352941176470589,0.7246376811594203,1.45460358056266,0.6833333333333333,0.8913043478260869,1.3518115942028985,135,0.4945054945054945,0.8285566455225767,1.675525660945655,0.7906602254428341,0.17740025942379795,0.058999130921762136,0.4758668672668006,0.7355072463768115,1.0600680409157732,-0.02835671823252991,0.9264705882352942,0.4666666666666667,1.8735294117647059,0.7205882352941176,0.725925925925926,1.45718954248366,0.6166666666666667,0.8222222222222222,1.247037037037037,0.7906602254428342,fl_loco_FedAvg,HEALTHLINK PHARMACY,37,FedAvg
FedProx_HEALTHLINK PHARMACY_s37,273,138,0.5054945054945055,0.7246101212340226,1.433467848528175,0.7907139023081052,0.1774103404850002,0.06413660436277678,0.4758668672668006,0.7355072463768115,1.0608515901725504,0.027375034770436894,0.7352941176470589,0.36231884057971014,1.45460358056266,0.7352941176470589,0.7246376811594203,1.45460358056266,0.6833333333333333,0.8913043478260869,1.3518115942028985,135,0.4945054945054945,0.828507043019325,1.6754253536613015,0.7907139023081051,0.1774103404850002,0.06413660436277682,0.4758668672668006,0.7355072463768115,1.0608515901725504,-0.027375034770436873,0.9264705882352942,0.4666666666666667,1.8735294117647059,0.7205882352941176,0.725925925925926,1.45718954248366,0.6166666666666667,0.8222222222222222,1.247037037037037,0.7907139023081052,fl_loco_FedProx,HEALTHLINK PHARMACY,37,FedProx
FedAvg-equal_HEALTHLINK PHARMACY_s37,273,138,0.5054945054945055,0.7232911499663691,1.4308585792812956,0.7908212560386474,0.17883598117734428,0.062459169436924845,0.4828482106624473,0.7392109500805153,1.1291055199344742,0.01948384339704297,0.7205882352941176,0.35507246376811596,1.4255115089514068,0.7279411764705882,0.717391304347826,1.4400575447570332,0.6833333333333333,0.8913043478260869,1.3518115942028985,135,0.4945054945054945,0.8281351377486201,1.6746732785583207,0.7908212560386473,0.17883598117734428,0.062459169436924825,0.4828482106624473,0.7392109500805153,1.1291055199344742,-0.01948384339704301,0.9264705882352942,0.4666666666666667,1.8735294117647059,0.7205882352941176,0.725925925925926,1.45718954248366,0.6166666666666667,0.8222222222222222,1.247037037037037,0.7908212560386474,fl_loco_FedAvg-equal,HEALTHLINK PHARMACY,37,FedAvg-equal
SCAFFOLD_HEALTHLINK PHARMACY_s37,273,138,0.5054945054945055,0.7235805125584929,1.43143101397441,0.7909286097691894,0.17880826814564005,0.06210599788732652,0.4828482106624473,0.7392109500805153,1.1270261358616873,0.018609337940390637,0.7205882352941176,0.35507246376811596,1.4255115089514068,0.7352941176470589,0.7246376811594203,1.45460358056266,0.6833333333333333,0.8913043478260869,1.3518115942028985,135,0.4945054945054945,0.8282372212954511,1.6748797141752454,0.7909286097691894,0.17880826814564005,0.06210599788732654,0.4828482106624473,0.7392109500805153,1.1270261358616873,-0.018609337940390627,0.9264705882352942,0.4666666666666667,1.8735294117647059,0.7205882352941176,0.725925925925926,1.45718954248366,0.6166666666666667,0.8222222222222222,1.247037037037037,0.7909286097691894,fl_loco_SCAFFOLD,HEALTHLINK PHARMACY,37,SCAFFOLD
FedAdam_HEALTHLINK PHARMACY_s37,273,138,0.5054945054945055,0.7323083843149546,1.4486970211448016,0.7902844873859367,0.18128866412256858,0.07193005118724806,0.4519665300889176,0.7247181964573268,0.9784904564416366,0.019636907321082538,0.7647058823529411,0.37681159420289856,1.5127877237851661,0.7205882352941176,0.7101449275362319,1.4255115089514068,0.6944444444444444,0.9057971014492754,1.373792270531401,135,0.4945054945054945,0.8229516630116898,1.6641911407569725,0.7902844873859365,0.18128866412256855,0.0719300511872481,0.4519665300889176,0.7247181964573268,0.9784904564416366,-0.01963690732108254,0.9264705882352942,0.4666666666666667,1.8735294117647059,0.7058823529411765,0.7111111111111111,1.427450980392157,0.6222222222222222,0.8296296296296296,1.2582716049382716,0.7902844873859367,fl_loco_FedAdam,HEALTHLINK PHARMACY,37,FedAdam
FedAvg_KENLINK KENSINGTON PHARMACY_s7,153,65,0.42483660130718953,0.6326222770320922,1.4890955136293862,0.772902097902098,0.19060160863659792,0.09227481606183964,0.48076082385755664,0.7359265734265734,0.9468449592980294,-0.35456785545920044,0.6578947368421053,0.38461538461538464,1.5485829959514172,0.6447368421052632,0.7538461538461538,1.5176113360323886,0.6,0.9230769230769231,1.4123076923076923,88,0.5751633986928104,0.8532934498153106,1.4835670207016198,0.7729020979020979,0.19060160863659792,0.09227481606183958,0.48076082385755664,0.7359265734265734,0.9468449592980295,0.35456785545920055,0.9473684210526315,0.4090909090909091,1.6471291866028708,0.7894736842105263,0.6818181818181818,1.3726076555023925,0.69,0.7840909090909091,1.199659090909091,0.772902097902098,fl_loco_FedAvg,KENLINK KENSINGTON PHARMACY,7,FedAvg
FedProx_KENLINK KENSINGTON PHARMACY_s7,153,65,0.42483660130718953,0.6330971014507056,1.4902131772608918,0.7734265734265735,0.19054521100159524,0.09225060507446335,0.48076082385755664,0.7359265734265734,0.9482876180549541,-0.35561172939091984,0.6578947368421053,0.38461538461538464,1.5485829959514172,0.6447368421052632,0.7538461538461538,1.5176113360323886,0.6,0.9230769230769231,1.4123076923076923,88,0.5751633986928104,0.8535753164577469,1.4840570842958554,0.7734265734265733,0.19054521100159524,0.09225060507446325,0.48076082385755664,0.7359265734265734,0.948287618054954,0.3556117293909198,0.9473684210526315,0.4090909090909091,1.6471291866028708,0.7894736842105263,0.6818181818181818,1.3726076555023925,0.69,0.7840909090909091,1.199659090909091,0.7734265734265735,fl_loco_FedProx,KENLINK KENSINGTON PHARMACY,7,FedProx
FedAvg-equal_KENLINK KENSINGTON PHARMACY_s7,153,65,0.42483660130718953,0.6453350991616289,1.5190195411035265,0.7701048951048951,0.19396475487917797,0.0771486767611633,0.453507616725209,0.7225524475524476,0.9164460190061434,-0.32236372626215976,0.7105263157894737,0.4153846153846154,1.6724696356275304,0.6447368421052632,0.7538461538461538,1.5176113360323886,0.59,0.9076923076923077,1.3887692307692308,88,0.5751633986928104,0.815921424498487,1.4185906585030514,0.7701048951048951,0.19396475487917797,0.07714867676116326,0.453507616725209,0.7225524475524476,0.9164460190061434,0.32236372626215987,0.9210526315789473,0.3977272727272727,1.6013755980861244,0.7894736842105263,0.6818181818181818,1.3726076555023925,0.7,0.7954545454545454,1.2170454545454545,0.7701048951048951,fl_loco_FedAvg-equal,KENLINK KENSINGTON PHARMACY,7,FedAvg-equal
SCAFFOLD_KENLINK KENSINGTON PHARMACY_s7,153,65,0.42483660130718953,0.637692142455713,1.5010291968572937,0.76993006993007,0.19400273923848696,0.07728715553190307,0.453507616725209,0.7225524475524476,0.9143718150961738,-0.3226949788452721,0.7105263157894737,0.4153846153846154,1.6724696356275304,0.6447368421052632,0.7538461538461538,1.5176113360323886,0.59,0.9076923076923077,1.3887692307692308,88,0.5751633986928104,0.8158157560834336,1.4184069395541516,0.7699300699300698,0.19400273923848696,0.07728715553190314,0.453507616725209,0.7225524475524476,0.9143718150961739,0.3226949788452721,0.9210526315789473,0.3977272727272727,1.6013755980861244,0.7894736842105263,0.6818181818181818,1.3726076555023925,0.7,0.7954545454545454,1.2170454545454545,0.76993006993007,fl_loco_SCAFFOLD,KENLINK KENSINGTON PHARMACY,7,SCAFFOLD
FedAdam_KENLINK KENSINGTON PHARMACY_s7,153,65,0.42483660130718953,0.6616968868139317,1.5575326720389469,0.784965034965035,0.1872087375371579,0.08605136656805157,0.4262544095928614,0.7091783216783216,0.9352403288583464,-0.28299908512477645,0.6842105263157895,0.4,1.6105263157894738,0.631578947368421,0.7384615384615385,1.4866396761133602,0.6,0.9230769230769231,1.4123076923076923,88,0.5751633986928104,0.863599002564901,1.5014846294594302,0.7849650349650349,0.1872087375371579,0.08605136656805151,0.4262544095928614,0.7091783216783216,0.9352403288583463,0.2829990851247764,0.9473684210526315,0.4090909090909091,1.6471291866028708,0.7763157894736842,0.6704545454545454,1.349730861244019,0.71,0.8068181818181818,1.2344318181818181,0.784965034965035,fl_loco_FedAdam,KENLINK KENSINGTON PHARMACY,7,FedAdam
FedAvg_KENLINK KENSINGTON PHARMACY_s11,153,65,0.42483660130718953,0.6326222770320922,1.4890955136293862,0.772902097902098,0.19060160863659792,0.09227481606183964,0.48076082385755664,0.7359265734265734,0.9468449592980294,-0.35456785545920044,0.6578947368421053,0.38461538461538464,1.5485829959514172,0.6447368421052632,0.7538461538461538,1.5176113360323886,0.6,0.9230769230769231,1.4123076923076923,88,0.5751633986928104,0.8532934498153106,1.4835670207016198,0.7729020979020979,0.19060160863659792,0.09227481606183958,0.48076082385755664,0.7359265734265734,0.9468449592980295,0.35456785545920055,0.9473684210526315,0.4090909090909091,1.6471291866028708,0.7894736842105263,0.6818181818181818,1.3726076555023925,0.69,0.7840909090909091,1.199659090909091,0.772902097902098,fl_loco_FedAvg,KENLINK KENSINGTON PHARMACY,11,FedAvg
FedProx_KENLINK KENSINGTON PHARMACY_s11,153,65,0.42483660130718953,0.6330971014507056,1.4902131772608918,0.7734265734265735,0.19054521100159524,0.09225060507446335,0.48076082385755664,0.7359265734265734,0.9482876180549541,-0.35561172939091984,0.6578947368421053,0.38461538461538464,1.5485829959514172,0.6447368421052632,0.7538461538461538,1.5176113360323886,0.6,0.9230769230769231,1.4123076923076923,88,0.5751633986928104,0.8535753164577469,1.4840570842958554,0.7734265734265733,0.19054521100159524,0.09225060507446325,0.48076082385755664,0.7359265734265734,0.948287618054954,0.3556117293909198,0.9473684210526315,0.4090909090909091,1.6471291866028708,0.7894736842105263,0.6818181818181818,1.3726076555023925,0.69,0.7840909090909091,1.199659090909091,0.7734265734265735,fl_loco_FedProx,KENLINK KENSINGTON PHARMACY,11,FedProx
FedAvg-equal_KENLINK KENSINGTON PHARMACY_s11,153,65,0.42483660130718953,0.6453350991616289,1.5190195411035265,0.7701048951048951,0.19396475487917797,0.0771486767611633,0.453507616725209,0.7225524475524476,0.9164460190061434,-0.32236372626215976,0.7105263157894737,0.4153846153846154,1.6724696356275304,0.6447368421052632,0.7538461538461538,1.5176113360323886,0.59,0.9076923076923077,1.3887692307692308,88,0.5751633986928104,0.815921424498487,1.4185906585030514,0.7701048951048951,0.19396475487917797,0.07714867676116326,0.453507616725209,0.7225524475524476,0.9164460190061434,0.32236372626215987,0.9210526315789473,0.3977272727272727,1.6013755980861244,0.7894736842105263,0.6818181818181818,1.3726076555023925,0.7,0.7954545454545454,1.2170454545454545,0.7701048951048951,fl_loco_FedAvg-equal,KENLINK KENSINGTON PHARMACY,11,FedAvg-equal
SCAFFOLD_KENLINK KENSINGTON PHARMACY_s11,153,65,0.42483660130718953,0.637692142455713,1.5010291968572937,0.76993006993007,0.19400273923848696,0.07728715553190307,0.453507616725209,0.7225524475524476,0.9143718150961738,-0.3226949788452721,0.7105263157894737,0.4153846153846154,1.6724696356275304,0.6447368421052632,0.7538461538461538,1.5176113360323886,0.59,0.9076923076923077,1.3887692307692308,88,0.5751633986928104,0.8158157560834336,1.4184069395541516,0.7699300699300698,0.19400273923848696,0.07728715553190314,0.453507616725209,0.7225524475524476,0.9143718150961739,0.3226949788452721,0.9210526315789473,0.3977272727272727,1.6013755980861244,0.7894736842105263,0.6818181818181818,1.3726076555023925,0.7,0.7954545454545454,1.2170454545454545,0.76993006993007,fl_loco_SCAFFOLD,KENLINK KENSINGTON PHARMACY,11,SCAFFOLD
FedAdam_KENLINK KENSINGTON PHARMACY_s11,153,65,0.42483660130718953,0.6616968868139317,1.5575326720389469,0.784965034965035,0.1872087375371579,0.08605136656805157,0.4262544095928614,0.7091783216783216,0.9352403288583464,-0.28299908512477645,0.6842105263157895,0.4,1.6105263157894738,0.631578947368421,0.7384615384615385,1.4866396761133602,0.6,0.9230769230769231,1.4123076923076923,88,0.5751633986928104,0.863599002564901,1.5014846294594302,0.7849650349650349,0.1872087375371579,0.08605136656805151,0.4262544095928614,0.7091783216783216,0.9352403288583463,0.2829990851247764,0.9473684210526315,0.4090909090909091,1.6471291866028708,0.7763157894736842,0.6704545454545454,1.349730861244019,0.71,0.8068181818181818,1.2344318181818181,0.784965034965035,fl_loco_FedAdam,KENLINK KENSINGTON PHARMACY,11,FedAdam
FedAvg_KENLINK KENSINGTON PHARMACY_s19,153,65,0.42483660130718953,0.6326222770320922,1.4890955136293862,0.772902097902098,0.19060160863659792,0.09227481606183964,0.48076082385755664,0.7359265734265734,0.9468449592980294,-0.35456785545920044,0.6578947368421053,0.38461538461538464,1.5485829959514172,0.6447368421052632,0.7538461538461538,1.5176113360323886,0.6,0.9230769230769231,1.4123076923076923,88,0.5751633986928104,0.8532934498153106,1.4835670207016198,0.7729020979020979,0.19060160863659792,0.09227481606183958,0.48076082385755664,0.7359265734265734,0.9468449592980295,0.35456785545920055,0.9473684210526315,0.4090909090909091,1.6471291866028708,0.7894736842105263,0.6818181818181818,1.3726076555023925,0.69,0.7840909090909091,1.199659090909091,0.772902097902098,fl_loco_FedAvg,KENLINK KENSINGTON PHARMACY,19,FedAvg
FedProx_KENLINK KENSINGTON PHARMACY_s19,153,65,0.42483660130718953,0.6330971014507056,1.4902131772608918,0.7734265734265735,0.19054521100159524,0.09225060507446335,0.48076082385755664,0.7359265734265734,0.9482876180549541,-0.35561172939091984,0.6578947368421053,0.38461538461538464,1.5485829959514172,0.6447368421052632,0.7538461538461538,1.5176113360323886,0.6,0.9230769230769231,1.4123076923076923,88,0.5751633986928104,0.8535753164577469,1.4840570842958554,0.7734265734265733,0.19054521100159524,0.09225060507446325,0.48076082385755664,0.7359265734265734,0.948287618054954,0.3556117293909198,0.9473684210526315,0.4090909090909091,1.6471291866028708,0.7894736842105263,0.6818181818181818,1.3726076555023925,0.69,0.7840909090909091,1.199659090909091,0.7734265734265735,fl_loco_FedProx,KENLINK KENSINGTON PHARMACY,19,FedProx
FedAvg-equal_KENLINK KENSINGTON PHARMACY_s19,153,65,0.42483660130718953,0.6453350991616289,1.5190195411035265,0.7701048951048951,0.19396475487917797,0.0771486767611633,0.453507616725209,0.7225524475524476,0.9164460190061434,-0.32236372626215976,0.7105263157894737,0.4153846153846154,1.6724696356275304,0.6447368421052632,0.7538461538461538,1.5176113360323886,0.59,0.9076923076923077,1.3887692307692308,88,0.5751633986928104,0.815921424498487,1.4185906585030514,0.7701048951048951,0.19396475487917797,0.07714867676116326,0.453507616725209,0.7225524475524476,0.9164460190061434,0.32236372626215987,0.9210526315789473,0.3977272727272727,1.6013755980861244,0.7894736842105263,0.6818181818181818,1.3726076555023925,0.7,0.7954545454545454,1.2170454545454545,0.7701048951048951,fl_loco_FedAvg-equal,KENLINK KENSINGTON PHARMACY,19,FedAvg-equal
SCAFFOLD_KENLINK KENSINGTON PHARMACY_s19,153,65,0.42483660130718953,0.637692142455713,1.5010291968572937,0.76993006993007,0.19400273923848696,0.07728715553190307,0.453507616725209,0.7225524475524476,0.9143718150961738,-0.3226949788452721,0.7105263157894737,0.4153846153846154,1.6724696356275304,0.6447368421052632,0.7538461538461538,1.5176113360323886,0.59,0.9076923076923077,1.3887692307692308,88,0.5751633986928104,0.8158157560834336,1.4184069395541516,0.7699300699300698,0.19400273923848696,0.07728715553190314,0.453507616725209,0.7225524475524476,0.9143718150961739,0.3226949788452721,0.9210526315789473,0.3977272727272727,1.6013755980861244,0.7894736842105263,0.6818181818181818,1.3726076555023925,0.7,0.7954545454545454,1.2170454545454545,0.76993006993007,fl_loco_SCAFFOLD,KENLINK KENSINGTON PHARMACY,19,SCAFFOLD
FedAdam_KENLINK KENSINGTON PHARMACY_s19,153,65,0.42483660130718953,0.6616968868139317,1.5575326720389469,0.784965034965035,0.1872087375371579,0.08605136656805157,0.4262544095928614,0.7091783216783216,0.9352403288583464,-0.28299908512477645,0.6842105263157895,0.4,1.6105263157894738,0.631578947368421,0.7384615384615385,1.4866396761133602,0.6,0.9230769230769231,1.4123076923076923,88,0.5751633986928104,0.863599002564901,1.5014846294594302,0.7849650349650349,0.1872087375371579,0.08605136656805151,0.4262544095928614,0.7091783216783216,0.9352403288583463,0.2829990851247764,0.9473684210526315,0.4090909090909091,1.6471291866028708,0.7763157894736842,0.6704545454545454,1.349730861244019,0.71,0.8068181818181818,1.2344318181818181,0.784965034965035,fl_loco_FedAdam,KENLINK KENSINGTON PHARMACY,19,FedAdam
FedAvg_KENLINK KENSINGTON PHARMACY_s23,153,65,0.42483660130718953,0.6326222770320922,1.4890955136293862,0.772902097902098,0.19060160863659792,0.09227481606183964,0.48076082385755664,0.7359265734265734,0.9468449592980294,-0.35456785545920044,0.6578947368421053,0.38461538461538464,1.5485829959514172,0.6447368421052632,0.7538461538461538,1.5176113360323886,0.6,0.9230769230769231,1.4123076923076923,88,0.5751633986928104,0.8532934498153106,1.4835670207016198,0.7729020979020979,0.19060160863659792,0.09227481606183958,0.48076082385755664,0.7359265734265734,0.9468449592980295,0.35456785545920055,0.9473684210526315,0.4090909090909091,1.6471291866028708,0.7894736842105263,0.6818181818181818,1.3726076555023925,0.69,0.7840909090909091,1.199659090909091,0.772902097902098,fl_loco_FedAvg,KENLINK KENSINGTON PHARMACY,23,FedAvg
FedProx_KENLINK KENSINGTON PHARMACY_s23,153,65,0.42483660130718953,0.6330971014507056,1.4902131772608918,0.7734265734265735,0.19054521100159524,0.09225060507446335,0.48076082385755664,0.7359265734265734,0.9482876180549541,-0.35561172939091984,0.6578947368421053,0.38461538461538464,1.5485829959514172,0.6447368421052632,0.7538461538461538,1.5176113360323886,0.6,0.9230769230769231,1.4123076923076923,88,0.5751633986928104,0.8535753164577469,1.4840570842958554,0.7734265734265733,0.19054521100159524,0.09225060507446325,0.48076082385755664,0.7359265734265734,0.948287618054954,0.3556117293909198,0.9473684210526315,0.4090909090909091,1.6471291866028708,0.7894736842105263,0.6818181818181818,1.3726076555023925,0.69,0.7840909090909091,1.199659090909091,0.7734265734265735,fl_loco_FedProx,KENLINK KENSINGTON PHARMACY,23,FedProx
FedAvg-equal_KENLINK KENSINGTON PHARMACY_s23,153,65,0.42483660130718953,0.6453350991616289,1.5190195411035265,0.7701048951048951,0.19396475487917797,0.0771486767611633,0.453507616725209,0.7225524475524476,0.9164460190061434,-0.32236372626215976,0.7105263157894737,0.4153846153846154,1.6724696356275304,0.6447368421052632,0.7538461538461538,1.5176113360323886,0.59,0.9076923076923077,1.3887692307692308,88,0.5751633986928104,0.815921424498487,1.4185906585030514,0.7701048951048951,0.19396475487917797,0.07714867676116326,0.453507616725209,0.7225524475524476,0.9164460190061434,0.32236372626215987,0.9210526315789473,0.3977272727272727,1.6013755980861244,0.7894736842105263,0.6818181818181818,1.3726076555023925,0.7,0.7954545454545454,1.2170454545454545,0.7701048951048951,fl_loco_FedAvg-equal,KENLINK KENSINGTON PHARMACY,23,FedAvg-equal
SCAFFOLD_KENLINK KENSINGTON PHARMACY_s23,153,65,0.42483660130718953,0.637692142455713,1.5010291968572937,0.76993006993007,0.19400273923848696,0.07728715553190307,0.453507616725209,0.7225524475524476,0.9143718150961738,-0.3226949788452721,0.7105263157894737,0.4153846153846154,1.6724696356275304,0.6447368421052632,0.7538461538461538,1.5176113360323886,0.59,0.9076923076923077,1.3887692307692308,88,0.5751633986928104,0.8158157560834336,1.4184069395541516,0.7699300699300698,0.19400273923848696,0.07728715553190314,0.453507616725209,0.7225524475524476,0.9143718150961739,0.3226949788452721,0.9210526315789473,0.3977272727272727,1.6013755980861244,0.7894736842105263,0.6818181818181818,1.3726076555023925,0.7,0.7954545454545454,1.2170454545454545,0.76993006993007,fl_loco_SCAFFOLD,KENLINK KENSINGTON PHARMACY,23,SCAFFOLD
FedAdam_KENLINK KENSINGTON PHARMACY_s23,153,65,0.42483660130718953,0.6616968868139317,1.5575326720389469,0.784965034965035,0.1872087375371579,0.08605136656805157,0.4262544095928614,0.7091783216783216,0.9352403288583464,-0.28299908512477645,0.6842105263157895,0.4,1.6105263157894738,0.631578947368421,0.7384615384615385,1.4866396761133602,0.6,0.9230769230769231,1.4123076923076923,88,0.5751633986928104,0.863599002564901,1.5014846294594302,0.7849650349650349,0.1872087375371579,0.08605136656805151,0.4262544095928614,0.7091783216783216,0.9352403288583463,0.2829990851247764,0.9473684210526315,0.4090909090909091,1.6471291866028708,0.7763157894736842,0.6704545454545454,1.349730861244019,0.71,0.8068181818181818,1.2344318181818181,0.784965034965035,fl_loco_FedAdam,KENLINK KENSINGTON PHARMACY,23,FedAdam
FedAvg_KENLINK KENSINGTON PHARMACY_s37,153,65,0.42483660130718953,0.6326222770320922,1.4890955136293862,0.772902097902098,0.19060160863659792,0.09227481606183964,0.48076082385755664,0.7359265734265734,0.9468449592980294,-0.35456785545920044,0.6578947368421053,0.38461538461538464,1.5485829959514172,0.6447368421052632,0.7538461538461538,1.5176113360323886,0.6,0.9230769230769231,1.4123076923076923,88,0.5751633986928104,0.8532934498153106,1.4835670207016198,0.7729020979020979,0.19060160863659792,0.09227481606183958,0.48076082385755664,0.7359265734265734,0.9468449592980295,0.35456785545920055,0.9473684210526315,0.4090909090909091,1.6471291866028708,0.7894736842105263,0.6818181818181818,1.3726076555023925,0.69,0.7840909090909091,1.199659090909091,0.772902097902098,fl_loco_FedAvg,KENLINK KENSINGTON PHARMACY,37,FedAvg
FedProx_KENLINK KENSINGTON PHARMACY_s37,153,65,0.42483660130718953,0.6330971014507056,1.4902131772608918,0.7734265734265735,0.19054521100159524,0.09225060507446335,0.48076082385755664,0.7359265734265734,0.9482876180549541,-0.35561172939091984,0.6578947368421053,0.38461538461538464,1.5485829959514172,0.6447368421052632,0.7538461538461538,1.5176113360323886,0.6,0.9230769230769231,1.4123076923076923,88,0.5751633986928104,0.8535753164577469,1.4840570842958554,0.7734265734265733,0.19054521100159524,0.09225060507446325,0.48076082385755664,0.7359265734265734,0.948287618054954,0.3556117293909198,0.9473684210526315,0.4090909090909091,1.6471291866028708,0.7894736842105263,0.6818181818181818,1.3726076555023925,0.69,0.7840909090909091,1.199659090909091,0.7734265734265735,fl_loco_FedProx,KENLINK KENSINGTON PHARMACY,37,FedProx
FedAvg-equal_KENLINK KENSINGTON PHARMACY_s37,153,65,0.42483660130718953,0.6453350991616289,1.5190195411035265,0.7701048951048951,0.19396475487917797,0.0771486767611633,0.453507616725209,0.7225524475524476,0.9164460190061434,-0.32236372626215976,0.7105263157894737,0.4153846153846154,1.6724696356275304,0.6447368421052632,0.7538461538461538,1.5176113360323886,0.59,0.9076923076923077,1.3887692307692308,88,0.5751633986928104,0.815921424498487,1.4185906585030514,0.7701048951048951,0.19396475487917797,0.07714867676116326,0.453507616725209,0.7225524475524476,0.9164460190061434,0.32236372626215987,0.9210526315789473,0.3977272727272727,1.6013755980861244,0.7894736842105263,0.6818181818181818,1.3726076555023925,0.7,0.7954545454545454,1.2170454545454545,0.7701048951048951,fl_loco_FedAvg-equal,KENLINK KENSINGTON PHARMACY,37,FedAvg-equal
SCAFFOLD_KENLINK KENSINGTON PHARMACY_s37,153,65,0.42483660130718953,0.637692142455713,1.5010291968572937,0.76993006993007,0.19400273923848696,0.07728715553190307,0.453507616725209,0.7225524475524476,0.9143718150961738,-0.3226949788452721,0.7105263157894737,0.4153846153846154,1.6724696356275304,0.6447368421052632,0.7538461538461538,1.5176113360323886,0.59,0.9076923076923077,1.3887692307692308,88,0.5751633986928104,0.8158157560834336,1.4184069395541516,0.7699300699300698,0.19400273923848696,0.07728715553190314,0.453507616725209,0.7225524475524476,0.9143718150961739,0.3226949788452721,0.9210526315789473,0.3977272727272727,1.6013755980861244,0.7894736842105263,0.6818181818181818,1.3726076555023925,0.7,0.7954545454545454,1.2170454545454545,0.76993006993007,fl_loco_SCAFFOLD,KENLINK KENSINGTON PHARMACY,37,SCAFFOLD
FedAdam_KENLINK KENSINGTON PHARMACY_s37,153,65,0.42483660130718953,0.6616968868139317,1.5575326720389469,0.784965034965035,0.1872087375371579,0.08605136656805157,0.4262544095928614,0.7091783216783216,0.9352403288583464,-0.28299908512477645,0.6842105263157895,0.4,1.6105263157894738,0.631578947368421,0.7384615384615385,1.4866396761133602,0.6,0.9230769230769231,1.4123076923076923,88,0.5751633986928104,0.863599002564901,1.5014846294594302,0.7849650349650349,0.1872087375371579,0.08605136656805151,0.4262544095928614,0.7091783216783216,0.9352403288583463,0.2829990851247764,0.9473684210526315,0.4090909090909091,1.6471291866028708,0.7763157894736842,0.6704545454545454,1.349730861244019,0.71,0.8068181818181818,1.2344318181818181,0.784965034965035,fl_loco_FedAdam,KENLINK KENSINGTON PHARMACY,37,FedAdam
FedAvg_MEDICINE CHEST_s7,118,40,0.3389830508474576,0.5244609874699963,1.547159913036489,0.7467948717948718,0.23017952076640164,0.20169070521199087,0.25087744231893605,0.6032051282051282,1.0242590632219923,-0.9995799545973363,0.5862068965517241,0.425,1.7293103448275862,0.5084745762711864,0.75,1.5,0.4675324675324675,0.9,1.3792207792207793,78,0.6610169491525424,0.857110309020654,1.296654057236374,0.7467948717948718,0.23017952076640164,0.2016907052119908,0.25087744231893605,0.6032051282051282,1.0242590632219921,0.9995799545973363,0.896551724137931,0.3333333333333333,1.3563218390804597,0.8305084745762712,0.6282051282051282,1.2564102564102564,0.7922077922077922,0.782051282051282,1.1984681984681984,0.7467948717948718,fl_loco_FedAvg,MEDICINE CHEST,7,FedAvg
FedProx_MEDICINE CHEST_s7,118,40,0.3389830508474576,0.5230706325419054,1.5430583659986212,0.7461538461538461,0.2302340611719048,0.201643077169808,0.25087744231893605,0.6032051282051282,1.0237470924092684,-0.9987856860056646,0.5862068965517241,0.425,1.7293103448275862,0.5084745762711864,0.75,1.5,0.4675324675324675,0.9,1.3792207792207793,78,0.6610169491525424,0.8568742471717847,1.2962969380291103,0.7461538461538462,0.2302340611719048,0.20164307716980795,0.25087744231893605,0.6032051282051282,1.0237470924092684,0.9987856860056646,0.896551724137931,0.3333333333333333,1.3563218390804597,0.8305084745762712,0.6282051282051282,1.2564102564102564,0.7922077922077922,0.782051282051282,1.1984681984681984,0.7461538461538461,fl_loco_FedProx,MEDICINE CHEST,7,FedProx
FedAvg-equal_MEDICINE CHEST_s7,118,40,0.3389830508474576,0.5334555958938842,1.5736940078869586,0.7528846153846154,0.2275814987799779,0.20525348932134366,0.2280729454491257,0.5903846153846154,1.174330998381127,-1.0432000098235699,0.6551724137931034,0.475,1.9327586206896552,0.5254237288135594,0.775,1.5500000000000003,0.4675324675324675,0.9,1.3792207792207793,78,0.6610169491525424,0.8597608736236242,1.3006638857383033,0.7528846153846155,0.2275814987799779,0.20525348932134366,0.2280729454491257,0.5903846153846154,1.174330998381127,1.0432000098235696,0.896551724137931,0.3333333333333333,1.3563218390804597,0.847457627118644,0.6410256410256411,1.282051282051282,0.7922077922077922,0.782051282051282,1.1984681984681984,0.7528846153846154,fl_loco_FedAvg-equal,MEDICINE CHEST,7,FedAvg-equal
SCAFFOLD_MEDICINE CHEST_s7,118,40,0.3389830508474576,0.5335735820497273,1.5740420670466955,0.7532051282051282,0.22757561520738026,0.20532947862427217,0.2280729454491257,0.5903846153846154,1.1736976950517832,-1.0435970945971753,0.6551724137931034,0.475,1.9327586206896552,0.5254237288135594,0.775,1.5500000000000003,0.4675324675324675,0.9,1.3792207792207793,78,0.6610169491525424,0.8600640403849671,1.3011225226336682,0.7532051282051282,0.22757561520738026,0.20532947862427214,0.2280729454491257,0.5903846153846154,1.1736976950517832,1.0435970945971755,0.896551724137931,0.3333333333333333,1.3563218390804597,0.847457627118644,0.6410256410256411,1.282051282051282,0.7922077922077922,0.782051282051282,1.1984681984681984,0.7532051282051282,fl_loco_SCAFFOLD,MEDICINE CHEST,7,SCAFFOLD
FedAdam_MEDICINE CHEST_s7,118,40,0.3389830508474576,0.5010350306295184,1.4780533403570792,0.719551282051282,0.23558658462412363,0.19993912002286765,0.2511112853423271,0.6099358974358975,0.8510967363061189,-0.8887759233133712,0.5862068965517241,0.425,1.7293103448275862,0.5084745762711864,0.75,1.5,0.44155844155844154,0.85,1.3025974025974025,78,0.6610169491525424,0.8424887560681862,1.2745342720005892,0.719551282051282,0.23558658462412363,0.19993912002286762,0.2511112853423271,0.6099358974358975,0.8510967363061189,0.8887759233133711,0.896551724137931,0.3333333333333333,1.3563218390804597,0.8305084745762712,0.6282051282051282,1.2564102564102564,0.7532467532467533,0.7435897435897436,1.1395271395271396,0.719551282051282,fl_loco_FedAdam,MEDICINE CHEST,7,FedAdam
FedAvg_MEDICINE CHEST_s11,118,40,0.3389830508474576,0.5244609874699963,1.547159913036489,0.7467948717948718,0.23017952076640164,0.20169070521199087,0.25087744231893605,0.6032051282051282,1.0242590632219923,-0.9995799545973363,0.5862068965517241,0.425,1.7293103448275862,0.5084745762711864,0.75,1.5,0.4675324675324675,0.9,1.3792207792207793,78,0.6610169491525424,0.857110309020654,1.296654057236374,0.7467948717948718,0.23017952076640164,0.2016907052119908,0.25087744231893605,0.6032051282051282,1.0242590632219921,0.9995799545973363,0.896551724137931,0.3333333333333333,1.3563218390804597,0.8305084745762712,0.6282051282051282,1.2564102564102564,0.7922077922077922,0.782051282051282,1.1984681984681984,0.7467948717948718,fl_loco_FedAvg,MEDICINE CHEST,11,FedAvg
FedProx_MEDICINE CHEST_s11,118,40,0.3389830508474576,0.5230706325419054,1.5430583659986212,0.7461538461538461,0.2302340611719048,0.201643077169808,0.25087744231893605,0.6032051282051282,1.0237470924092684,-0.9987856860056646,0.5862068965517241,0.425,1.7293103448275862,0.5084745762711864,0.75,1.5,0.4675324675324675,0.9,1.3792207792207793,78,0.6610169491525424,0.8568742471717847,1.2962969380291103,0.7461538461538462,0.2302340611719048,0.20164307716980795,0.25087744231893605,0.6032051282051282,1.0237470924092684,0.9987856860056646,0.896551724137931,0.3333333333333333,1.3563218390804597,0.8305084745762712,0.6282051282051282,1.2564102564102564,0.7922077922077922,0.782051282051282,1.1984681984681984,0.7461538461538461,fl_loco_FedProx,MEDICINE CHEST,11,FedProx
FedAvg-equal_MEDICINE CHEST_s11,118,40,0.3389830508474576,0.5334555958938842,1.5736940078869586,0.7528846153846154,0.2275814987799779,0.20525348932134366,0.2280729454491257,0.5903846153846154,1.174330998381127,-1.0432000098235699,0.6551724137931034,0.475,1.9327586206896552,0.5254237288135594,0.775,1.5500000000000003,0.4675324675324675,0.9,1.3792207792207793,78,0.6610169491525424,0.8597608736236242,1.3006638857383033,0.7528846153846155,0.2275814987799779,0.20525348932134366,0.2280729454491257,0.5903846153846154,1.174330998381127,1.0432000098235696,0.896551724137931,0.3333333333333333,1.3563218390804597,0.847457627118644,0.6410256410256411,1.282051282051282,0.7922077922077922,0.782051282051282,1.1984681984681984,0.7528846153846154,fl_loco_FedAvg-equal,MEDICINE CHEST,11,FedAvg-equal
SCAFFOLD_MEDICINE CHEST_s11,118,40,0.3389830508474576,0.5335735820497273,1.5740420670466955,0.7532051282051282,0.22757561520738026,0.20532947862427217,0.2280729454491257,0.5903846153846154,1.1736976950517832,-1.0435970945971753,0.6551724137931034,0.475,1.9327586206896552,0.5254237288135594,0.775,1.5500000000000003,0.4675324675324675,0.9,1.3792207792207793,78,0.6610169491525424,0.8600640403849671,1.3011225226336682,0.7532051282051282,0.22757561520738026,0.20532947862427214,0.2280729454491257,0.5903846153846154,1.1736976950517832,1.0435970945971755,0.896551724137931,0.3333333333333333,1.3563218390804597,0.847457627118644,0.6410256410256411,1.282051282051282,0.7922077922077922,0.782051282051282,1.1984681984681984,0.7532051282051282,fl_loco_SCAFFOLD,MEDICINE CHEST,11,SCAFFOLD
FedAdam_MEDICINE CHEST_s11,118,40,0.3389830508474576,0.5010350306295184,1.4780533403570792,0.719551282051282,0.23558658462412363,0.19993912002286765,0.2511112853423271,0.6099358974358975,0.8510967363061189,-0.8887759233133712,0.5862068965517241,0.425,1.7293103448275862,0.5084745762711864,0.75,1.5,0.44155844155844154,0.85,1.3025974025974025,78,0.6610169491525424,0.8424887560681862,1.2745342720005892,0.719551282051282,0.23558658462412363,0.19993912002286762,0.2511112853423271,0.6099358974358975,0.8510967363061189,0.8887759233133711,0.896551724137931,0.3333333333333333,1.3563218390804597,0.8305084745762712,0.6282051282051282,1.2564102564102564,0.7532467532467533,0.7435897435897436,1.1395271395271396,0.719551282051282,fl_loco_FedAdam,MEDICINE CHEST,11,FedAdam
FedAvg_MEDICINE CHEST_s19,118,40,0.3389830508474576,0.5244609874699963,1.547159913036489,0.7467948717948718,0.23017952076640164,0.20169070521199087,0.25087744231893605,0.6032051282051282,1.0242590632219923,-0.9995799545973363,0.5862068965517241,0.425,1.7293103448275862,0.5084745762711864,0.75,1.5,0.4675324675324675,0.9,1.3792207792207793,78,0.6610169491525424,0.857110309020654,1.296654057236374,0.7467948717948718,0.23017952076640164,0.2016907052119908,0.25087744231893605,0.6032051282051282,1.0242590632219921,0.9995799545973363,0.896551724137931,0.3333333333333333,1.3563218390804597,0.8305084745762712,0.6282051282051282,1.2564102564102564,0.7922077922077922,0.782051282051282,1.1984681984681984,0.7467948717948718,fl_loco_FedAvg,MEDICINE CHEST,19,FedAvg
FedProx_MEDICINE CHEST_s19,118,40,0.3389830508474576,0.5230706325419054,1.5430583659986212,0.7461538461538461,0.2302340611719048,0.201643077169808,0.25087744231893605,0.6032051282051282,1.0237470924092684,-0.9987856860056646,0.5862068965517241,0.425,1.7293103448275862,0.5084745762711864,0.75,1.5,0.4675324675324675,0.9,1.3792207792207793,78,0.6610169491525424,0.8568742471717847,1.2962969380291103,0.7461538461538462,0.2302340611719048,0.20164307716980795,0.25087744231893605,0.6032051282051282,1.0237470924092684,0.9987856860056646,0.896551724137931,0.3333333333333333,1.3563218390804597,0.8305084745762712,0.6282051282051282,1.2564102564102564,0.7922077922077922,0.782051282051282,1.1984681984681984,0.7461538461538461,fl_loco_FedProx,MEDICINE CHEST,19,FedProx
FedAvg-equal_MEDICINE CHEST_s19,118,40,0.3389830508474576,0.5334555958938842,1.5736940078869586,0.7528846153846154,0.2275814987799779,0.20525348932134366,0.2280729454491257,0.5903846153846154,1.174330998381127,-1.0432000098235699,0.6551724137931034,0.475,1.9327586206896552,0.5254237288135594,0.775,1.5500000000000003,0.4675324675324675,0.9,1.3792207792207793,78,0.6610169491525424,0.8597608736236242,1.3006638857383033,0.7528846153846155,0.2275814987799779,0.20525348932134366,0.2280729454491257,0.5903846153846154,1.174330998381127,1.0432000098235696,0.896551724137931,0.3333333333333333,1.3563218390804597,0.847457627118644,0.6410256410256411,1.282051282051282,0.7922077922077922,0.782051282051282,1.1984681984681984,0.7528846153846154,fl_loco_FedAvg-equal,MEDICINE CHEST,19,FedAvg-equal
SCAFFOLD_MEDICINE CHEST_s19,118,40,0.3389830508474576,0.5335735820497273,1.5740420670466955,0.7532051282051282,0.22757561520738026,0.20532947862427217,0.2280729454491257,0.5903846153846154,1.1736976950517832,-1.0435970945971753,0.6551724137931034,0.475,1.9327586206896552,0.5254237288135594,0.775,1.5500000000000003,0.4675324675324675,0.9,1.3792207792207793,78,0.6610169491525424,0.8600640403849671,1.3011225226336682,0.7532051282051282,0.22757561520738026,0.20532947862427214,0.2280729454491257,0.5903846153846154,1.1736976950517832,1.0435970945971755,0.896551724137931,0.3333333333333333,1.3563218390804597,0.847457627118644,0.6410256410256411,1.282051282051282,0.7922077922077922,0.782051282051282,1.1984681984681984,0.7532051282051282,fl_loco_SCAFFOLD,MEDICINE CHEST,19,SCAFFOLD
FedAdam_MEDICINE CHEST_s19,118,40,0.3389830508474576,0.5010350306295184,1.4780533403570792,0.719551282051282,0.23558658462412363,0.19993912002286765,0.2511112853423271,0.6099358974358975,0.8510967363061189,-0.8887759233133712,0.5862068965517241,0.425,1.7293103448275862,0.5084745762711864,0.75,1.5,0.44155844155844154,0.85,1.3025974025974025,78,0.6610169491525424,0.8424887560681862,1.2745342720005892,0.719551282051282,0.23558658462412363,0.19993912002286762,0.2511112853423271,0.6099358974358975,0.8510967363061189,0.8887759233133711,0.896551724137931,0.3333333333333333,1.3563218390804597,0.8305084745762712,0.6282051282051282,1.2564102564102564,0.7532467532467533,0.7435897435897436,1.1395271395271396,0.719551282051282,fl_loco_FedAdam,MEDICINE CHEST,19,FedAdam
FedAvg_MEDICINE CHEST_s23,118,40,0.3389830508474576,0.5244609874699963,1.547159913036489,0.7467948717948718,0.23017952076640164,0.20169070521199087,0.25087744231893605,0.6032051282051282,1.0242590632219923,-0.9995799545973363,0.5862068965517241,0.425,1.7293103448275862,0.5084745762711864,0.75,1.5,0.4675324675324675,0.9,1.3792207792207793,78,0.6610169491525424,0.857110309020654,1.296654057236374,0.7467948717948718,0.23017952076640164,0.2016907052119908,0.25087744231893605,0.6032051282051282,1.0242590632219921,0.9995799545973363,0.896551724137931,0.3333333333333333,1.3563218390804597,0.8305084745762712,0.6282051282051282,1.2564102564102564,0.7922077922077922,0.782051282051282,1.1984681984681984,0.7467948717948718,fl_loco_FedAvg,MEDICINE CHEST,23,FedAvg
FedProx_MEDICINE CHEST_s23,118,40,0.3389830508474576,0.5230706325419054,1.5430583659986212,0.7461538461538461,0.2302340611719048,0.201643077169808,0.25087744231893605,0.6032051282051282,1.0237470924092684,-0.9987856860056646,0.5862068965517241,0.425,1.7293103448275862,0.5084745762711864,0.75,1.5,0.4675324675324675,0.9,1.3792207792207793,78,0.6610169491525424,0.8568742471717847,1.2962969380291103,0.7461538461538462,0.2302340611719048,0.20164307716980795,0.25087744231893605,0.6032051282051282,1.0237470924092684,0.9987856860056646,0.896551724137931,0.3333333333333333,1.3563218390804597,0.8305084745762712,0.6282051282051282,1.2564102564102564,0.7922077922077922,0.782051282051282,1.1984681984681984,0.7461538461538461,fl_loco_FedProx,MEDICINE CHEST,23,FedProx
FedAvg-equal_MEDICINE CHEST_s23,118,40,0.3389830508474576,0.5334555958938842,1.5736940078869586,0.7528846153846154,0.2275814987799779,0.20525348932134366,0.2280729454491257,0.5903846153846154,1.174330998381127,-1.0432000098235699,0.6551724137931034,0.475,1.9327586206896552,0.5254237288135594,0.775,1.5500000000000003,0.4675324675324675,0.9,1.3792207792207793,78,0.6610169491525424,0.8597608736236242,1.3006638857383033,0.7528846153846155,0.2275814987799779,0.20525348932134366,0.2280729454491257,0.5903846153846154,1.174330998381127,1.0432000098235696,0.896551724137931,0.3333333333333333,1.3563218390804597,0.847457627118644,0.6410256410256411,1.282051282051282,0.7922077922077922,0.782051282051282,1.1984681984681984,0.7528846153846154,fl_loco_FedAvg-equal,MEDICINE CHEST,23,FedAvg-equal
SCAFFOLD_MEDICINE CHEST_s23,118,40,0.3389830508474576,0.5335735820497273,1.5740420670466955,0.7532051282051282,0.22757561520738026,0.20532947862427217,0.2280729454491257,0.5903846153846154,1.1736976950517832,-1.0435970945971753,0.6551724137931034,0.475,1.9327586206896552,0.5254237288135594,0.775,1.5500000000000003,0.4675324675324675,0.9,1.3792207792207793,78,0.6610169491525424,0.8600640403849671,1.3011225226336682,0.7532051282051282,0.22757561520738026,0.20532947862427214,0.2280729454491257,0.5903846153846154,1.1736976950517832,1.0435970945971755,0.896551724137931,0.3333333333333333,1.3563218390804597,0.847457627118644,0.6410256410256411,1.282051282051282,0.7922077922077922,0.782051282051282,1.1984681984681984,0.7532051282051282,fl_loco_SCAFFOLD,MEDICINE CHEST,23,SCAFFOLD
FedAdam_MEDICINE CHEST_s23,118,40,0.3389830508474576,0.5010350306295184,1.4780533403570792,0.719551282051282,0.23558658462412363,0.19993912002286765,0.2511112853423271,0.6099358974358975,0.8510967363061189,-0.8887759233133712,0.5862068965517241,0.425,1.7293103448275862,0.5084745762711864,0.75,1.5,0.44155844155844154,0.85,1.3025974025974025,78,0.6610169491525424,0.8424887560681862,1.2745342720005892,0.719551282051282,0.23558658462412363,0.19993912002286762,0.2511112853423271,0.6099358974358975,0.8510967363061189,0.8887759233133711,0.896551724137931,0.3333333333333333,1.3563218390804597,0.8305084745762712,0.6282051282051282,1.2564102564102564,0.7532467532467533,0.7435897435897436,1.1395271395271396,0.719551282051282,fl_loco_FedAdam,MEDICINE CHEST,23,FedAdam
FedAvg_MEDICINE CHEST_s37,118,40,0.3389830508474576,0.5244609874699963,1.547159913036489,0.7467948717948718,0.23017952076640164,0.20169070521199087,0.25087744231893605,0.6032051282051282,1.0242590632219923,-0.9995799545973363,0.5862068965517241,0.425,1.7293103448275862,0.5084745762711864,0.75,1.5,0.4675324675324675,0.9,1.3792207792207793,78,0.6610169491525424,0.857110309020654,1.296654057236374,0.7467948717948718,0.23017952076640164,0.2016907052119908,0.25087744231893605,0.6032051282051282,1.0242590632219921,0.9995799545973363,0.896551724137931,0.3333333333333333,1.3563218390804597,0.8305084745762712,0.6282051282051282,1.2564102564102564,0.7922077922077922,0.782051282051282,1.1984681984681984,0.7467948717948718,fl_loco_FedAvg,MEDICINE CHEST,37,FedAvg
FedProx_MEDICINE CHEST_s37,118,40,0.3389830508474576,0.5230706325419054,1.5430583659986212,0.7461538461538461,0.2302340611719048,0.201643077169808,0.25087744231893605,0.6032051282051282,1.0237470924092684,-0.9987856860056646,0.5862068965517241,0.425,1.7293103448275862,0.5084745762711864,0.75,1.5,0.4675324675324675,0.9,1.3792207792207793,78,0.6610169491525424,0.8568742471717847,1.2962969380291103,0.7461538461538462,0.2302340611719048,0.20164307716980795,0.25087744231893605,0.6032051282051282,1.0237470924092684,0.9987856860056646,0.896551724137931,0.3333333333333333,1.3563218390804597,0.8305084745762712,0.6282051282051282,1.2564102564102564,0.7922077922077922,0.782051282051282,1.1984681984681984,0.7461538461538461,fl_loco_FedProx,MEDICINE CHEST,37,FedProx
FedAvg-equal_MEDICINE CHEST_s37,118,40,0.3389830508474576,0.5334555958938842,1.5736940078869586,0.7528846153846154,0.2275814987799779,0.20525348932134366,0.2280729454491257,0.5903846153846154,1.174330998381127,-1.0432000098235699,0.6551724137931034,0.475,1.9327586206896552,0.5254237288135594,0.775,1.5500000000000003,0.4675324675324675,0.9,1.3792207792207793,78,0.6610169491525424,0.8597608736236242,1.3006638857383033,0.7528846153846155,0.2275814987799779,0.20525348932134366,0.2280729454491257,0.5903846153846154,1.174330998381127,1.0432000098235696,0.896551724137931,0.3333333333333333,1.3563218390804597,0.847457627118644,0.6410256410256411,1.282051282051282,0.7922077922077922,0.782051282051282,1.1984681984681984,0.7528846153846154,fl_loco_FedAvg-equal,MEDICINE CHEST,37,FedAvg-equal
SCAFFOLD_MEDICINE CHEST_s37,118,40,0.3389830508474576,0.5335735820497273,1.5740420670466955,0.7532051282051282,0.22757561520738026,0.20532947862427217,0.2280729454491257,0.5903846153846154,1.1736976950517832,-1.0435970945971753,0.6551724137931034,0.475,1.9327586206896552,0.5254237288135594,0.775,1.5500000000000003,0.4675324675324675,0.9,1.3792207792207793,78,0.6610169491525424,0.8600640403849671,1.3011225226336682,0.7532051282051282,0.22757561520738026,0.20532947862427214,0.2280729454491257,0.5903846153846154,1.1736976950517832,1.0435970945971755,0.896551724137931,0.3333333333333333,1.3563218390804597,0.847457627118644,0.6410256410256411,1.282051282051282,0.7922077922077922,0.782051282051282,1.1984681984681984,0.7532051282051282,fl_loco_SCAFFOLD,MEDICINE CHEST,37,SCAFFOLD
FedAdam_MEDICINE CHEST_s37,118,40,0.3389830508474576,0.5010350306295184,1.4780533403570792,0.719551282051282,0.23558658462412363,0.19993912002286765,0.2511112853423271,0.6099358974358975,0.8510967363061189,-0.8887759233133712,0.5862068965517241,0.425,1.7293103448275862,0.5084745762711864,0.75,1.5,0.44155844155844154,0.85,1.3025974025974025,78,0.6610169491525424,0.8424887560681862,1.2745342720005892,0.719551282051282,0.23558658462412363,0.19993912002286762,0.2511112853423271,0.6099358974358975,0.8510967363061189,0.8887759233133711,0.896551724137931,0.3333333333333333,1.3563218390804597,0.8305084745762712,0.6282051282051282,1.2564102564102564,0.7532467532467533,0.7435897435897436,1.1395271395271396,0.719551282051282,fl_loco_FedAdam,MEDICINE CHEST,37,FedAdam
FedAvg_ROWLAND SQUARE PHARMACY_s7,1981,958,0.48359414437152953,0.7051990089749679,1.4582455498741247,0.7705528583702197,0.19344616427776398,0.04572397172413279,0.4307225549574185,0.7104600452637357,0.9028416366905623,-0.17682602942967549,0.7373737373737373,0.38100208768267224,1.5247780519179266,0.6909090909090909,0.7139874739039666,1.4286961472765232,0.6365723029839326,0.8684759916492694,1.3163358373811802,1023,0.5164058556284705,0.8076108492692566,1.5639072261998017,0.7705528583702199,0.19344616427776398,0.04572397172413285,0.4307225549574185,0.7104600452637357,0.9028416366905623,0.1768260294296755,0.8666666666666667,0.41935483870967744,1.6782665363310523,0.7242424242424242,0.7008797653958945,1.4024674901507745,0.6411629686304514,0.8191593352883676,1.2415873322159572,0.7705528583702197,fl_loco_FedAvg,ROWLAND SQUARE PHARMACY,7,FedAvg
FedProx_ROWLAND SQUARE PHARMACY_s7,1981,958,0.48359414437152953,0.7049838459018933,1.4578006249808462,0.7704855137678898,0.19347246918073335,0.04573574849141713,0.4307225549574185,0.7104600452637357,0.9031435392190224,-0.17701287752872746,0.7353535353535353,0.37995824634655534,1.5206005778030829,0.6909090909090909,0.7139874739039666,1.4286961472765232,0.6358071920428462,0.8674321503131524,1.3147537029612508,1023,0.5164058556284705,0.8075753075335319,1.5638384010009057,0.7704855137678898,0.19347246918073335,0.045735748491417164,0.4307225549574185,0.7104600452637357,0.9031435392190224,0.1770128775287275,0.8666666666666667,0.41935483870967744,1.6782665363310523,0.7242424242424242,0.7008797653958945,1.4024674901507745,0.6411629686304514,0.8191593352883676,1.2415873322159572,0.7704855137678898,fl_loco_FedProx,ROWLAND SQUARE PHARMACY,7,FedProx
FedAvg-equal_ROWLAND SQUARE PHARMACY_s7,1981,958,0.48359414437152953,0.7095742500459126,1.4672928907525604,0.7718171002230534,0.19315568676752518,0.0512868977932522,0.4203278512511292,0.7031041780183136,1.0154773158922754,-0.24802216886650286,0.7393939393939394,0.38204592901878914,1.5289555260327703,0.693939393939394,0.7171189979123174,1.4349623584487885,0.6388676358071921,0.8716075156576201,1.3210822406409681,1023,0.5164058556284705,0.8078887522855989,1.564445374660578,0.7718171002230536,0.19315568676752518,0.05128689779325213,0.4203278512511292,0.7031041780183136,1.0154773158922754,0.24802216886650283,0.8626262626262626,0.4173998044965787,1.6704424499145905,0.7262626262626263,0.7028347996089932,1.4063795333590055,0.6442234123947972,0.823069403714565,1.2475137633959854,0.7718171002230534,fl_loco_FedAvg-equal,ROWLAND SQUARE PHARMACY,7,FedAvg-equal
SCAFFOLD_ROWLAND SQUARE PHARMACY_s7,1981,958,0.48359414437152953,0.7094197163734219,1.466973338346293,0.7717915909039892,0.19318393505353157,0.05065658959257899,0.4203278512511292,0.7031041780183136,1.0137098187866083,-0.24833371314394853,0.7393939393939394,0.38204592901878914,1.5289555260327703,0.692929292929293,0.7160751565762005,1.4328736213913666,0.6388676358071921,0.8716075156576201,1.3210822406409681,1023,0.5164058556284705,0.8078974260149586,1.5644621710025737,0.7717915909039891,0.19318393505353157,0.05065658959257902,0.4203278512511292,0.7031041780183136,1.0137098187866083,0.24833371314394853,0.8606060606060606,0.41642228739002934,1.6665304067063595,0.7252525252525253,0.7018572825024438,1.40442351175489,0.6442234123947972,0.823069403714565,1.2475137633959854,0.7717915909039892,fl_loco_SCAFFOLD,ROWLAND SQUARE PHARMACY,7,SCAFFOLD
FedAdam_ROWLAND SQUARE PHARMACY_s7,1981,958,0.48359414437152953,0.6949776755799879,1.4371093688141503,0.7605368793327578,0.20047763289408635,0.06346523187445312,0.41954213847749083,0.7041725083007324,0.8104818236822455,-0.24473600369375473,0.7070707070707071,0.3653444676409186,1.4621159401952721,0.6868686868686869,0.7098121085594989,1.4203411990468358,0.6296863045141545,0.8590814196242171,1.3020966276018164,1023,0.5164058556284705,0.795826749381642,1.5410877717742255,0.7605368793327578,0.20047763289408635,0.06346523187445312,0.41954213847749083,0.7041725083007324,0.8104818236822456,0.24473600369375473,0.8545454545454545,0.41348973607038125,1.6547942770816668,0.7202020202020202,0.696969696969697,1.3946434037343127,0.6342769701606733,0.8103616813294232,1.2282528620608932,0.7605368793327578,fl_loco_FedAdam,ROWLAND SQUARE PHARMACY,7,FedAdam
FedAvg_ROWLAND SQUARE PHARMACY_s11,1981,958,0.48359414437152953,0.7051990089749679,1.4582455498741247,0.7705528583702197,0.19344616427776398,0.04572397172413279,0.4307225549574185,0.7104600452637357,0.9028416366905623,-0.17682602942967549,0.7373737373737373,0.38100208768267224,1.5247780519179266,0.6909090909090909,0.7139874739039666,1.4286961472765232,0.6365723029839326,0.8684759916492694,1.3163358373811802,1023,0.5164058556284705,0.8076108492692566,1.5639072261998017,0.7705528583702199,0.19344616427776398,0.04572397172413285,0.4307225549574185,0.7104600452637357,0.9028416366905623,0.1768260294296755,0.8666666666666667,0.41935483870967744,1.6782665363310523,0.7242424242424242,0.7008797653958945,1.4024674901507745,0.6411629686304514,0.8191593352883676,1.2415873322159572,0.7705528583702197,fl_loco_FedAvg,ROWLAND SQUARE PHARMACY,11,FedAvg
FedProx_ROWLAND SQUARE PHARMACY_s11,1981,958,0.48359414437152953,0.7049838459018933,1.4578006249808462,0.7704855137678898,0.19347246918073335,0.04573574849141713,0.4307225549574185,0.7104600452637357,0.9031435392190224,-0.17701287752872746,0.7353535353535353,0.37995824634655534,1.5206005778030829,0.6909090909090909,0.7139874739039666,1.4286961472765232,0.6358071920428462,0.8674321503131524,1.3147537029612508,1023,0.5164058556284705,0.8075753075335319,1.5638384010009057,0.7704855137678898,0.19347246918073335,0.045735748491417164,0.4307225549574185,0.7104600452637357,0.9031435392190224,0.1770128775287275,0.8666666666666667,0.41935483870967744,1.6782665363310523,0.7242424242424242,0.7008797653958945,1.4024674901507745,0.6411629686304514,0.8191593352883676,1.2415873322159572,0.7704855137678898,fl_loco_FedProx,ROWLAND SQUARE PHARMACY,11,FedProx
FedAvg-equal_ROWLAND SQUARE PHARMACY_s11,1981,958,0.48359414437152953,0.7095742500459126,1.4672928907525604,0.7718171002230534,0.19315568676752518,0.0512868977932522,0.4203278512511292,0.7031041780183136,1.0154773158922754,-0.24802216886650286,0.7393939393939394,0.38204592901878914,1.5289555260327703,0.693939393939394,0.7171189979123174,1.4349623584487885,0.6388676358071921,0.8716075156576201,1.3210822406409681,1023,0.5164058556284705,0.8078887522855989,1.564445374660578,0.7718171002230536,0.19315568676752518,0.05128689779325213,0.4203278512511292,0.7031041780183136,1.0154773158922754,0.24802216886650283,0.8626262626262626,0.4173998044965787,1.6704424499145905,0.7262626262626263,0.7028347996089932,1.4063795333590055,0.6442234123947972,0.823069403714565,1.2475137633959854,0.7718171002230534,fl_loco_FedAvg-equal,ROWLAND SQUARE PHARMACY,11,FedAvg-equal
SCAFFOLD_ROWLAND SQUARE PHARMACY_s11,1981,958,0.48359414437152953,0.7094197163734219,1.466973338346293,0.7717915909039892,0.19318393505353157,0.05065658959257899,0.4203278512511292,0.7031041780183136,1.0137098187866083,-0.24833371314394853,0.7393939393939394,0.38204592901878914,1.5289555260327703,0.692929292929293,0.7160751565762005,1.4328736213913666,0.6388676358071921,0.8716075156576201,1.3210822406409681,1023,0.5164058556284705,0.8078974260149586,1.5644621710025737,0.7717915909039891,0.19318393505353157,0.05065658959257902,0.4203278512511292,0.7031041780183136,1.0137098187866083,0.24833371314394853,0.8606060606060606,0.41642228739002934,1.6665304067063595,0.7252525252525253,0.7018572825024438,1.40442351175489,0.6442234123947972,0.823069403714565,1.2475137633959854,0.7717915909039892,fl_loco_SCAFFOLD,ROWLAND SQUARE PHARMACY,11,SCAFFOLD
FedAdam_ROWLAND SQUARE PHARMACY_s11,1981,958,0.48359414437152953,0.6949776755799879,1.4371093688141503,0.7605368793327578,0.20047763289408635,0.06346523187445312,0.41954213847749083,0.7041725083007324,0.8104818236822455,-0.24473600369375473,0.7070707070707071,0.3653444676409186,1.4621159401952721,0.6868686868686869,0.7098121085594989,1.4203411990468358,0.6296863045141545,0.8590814196242171,1.3020966276018164,1023,0.5164058556284705,0.795826749381642,1.5410877717742255,0.7605368793327578,0.20047763289408635,0.06346523187445312,0.41954213847749083,0.7041725083007324,0.8104818236822456,0.24473600369375473,0.8545454545454545,0.41348973607038125,1.6547942770816668,0.7202020202020202,0.696969696969697,1.3946434037343127,0.6342769701606733,0.8103616813294232,1.2282528620608932,0.7605368793327578,fl_loco_FedAdam,ROWLAND SQUARE PHARMACY,11,FedAdam
FedAvg_ROWLAND SQUARE PHARMACY_s19,1981,958,0.48359414437152953,0.7051990089749679,1.4582455498741247,0.7705528583702197,0.19344616427776398,0.04572397172413279,0.4307225549574185,0.7104600452637357,0.9028416366905623,-0.17682602942967549,0.7373737373737373,0.38100208768267224,1.5247780519179266,0.6909090909090909,0.7139874739039666,1.4286961472765232,0.6365723029839326,0.8684759916492694,1.3163358373811802,1023,0.5164058556284705,0.8076108492692566,1.5639072261998017,0.7705528583702199,0.19344616427776398,0.04572397172413285,0.4307225549574185,0.7104600452637357,0.9028416366905623,0.1768260294296755,0.8666666666666667,0.41935483870967744,1.6782665363310523,0.7242424242424242,0.7008797653958945,1.4024674901507745,0.6411629686304514,0.8191593352883676,1.2415873322159572,0.7705528583702197,fl_loco_FedAvg,ROWLAND SQUARE PHARMACY,19,FedAvg
FedProx_ROWLAND SQUARE PHARMACY_s19,1981,958,0.48359414437152953,0.7049838459018933,1.4578006249808462,0.7704855137678898,0.19347246918073335,0.04573574849141713,0.4307225549574185,0.7104600452637357,0.9031435392190224,-0.17701287752872746,0.7353535353535353,0.37995824634655534,1.5206005778030829,0.6909090909090909,0.7139874739039666,1.4286961472765232,0.6358071920428462,0.8674321503131524,1.3147537029612508,1023,0.5164058556284705,0.8075753075335319,1.5638384010009057,0.7704855137678898,0.19347246918073335,0.045735748491417164,0.4307225549574185,0.7104600452637357,0.9031435392190224,0.1770128775287275,0.8666666666666667,0.41935483870967744,1.6782665363310523,0.7242424242424242,0.7008797653958945,1.4024674901507745,0.6411629686304514,0.8191593352883676,1.2415873322159572,0.7704855137678898,fl_loco_FedProx,ROWLAND SQUARE PHARMACY,19,FedProx
FedAvg-equal_ROWLAND SQUARE PHARMACY_s19,1981,958,0.48359414437152953,0.7095742500459126,1.4672928907525604,0.7718171002230534,0.19315568676752518,0.0512868977932522,0.4203278512511292,0.7031041780183136,1.0154773158922754,-0.24802216886650286,0.7393939393939394,0.38204592901878914,1.5289555260327703,0.693939393939394,0.7171189979123174,1.4349623584487885,0.6388676358071921,0.8716075156576201,1.3210822406409681,1023,0.5164058556284705,0.8078887522855989,1.564445374660578,0.7718171002230536,0.19315568676752518,0.05128689779325213,0.4203278512511292,0.7031041780183136,1.0154773158922754,0.24802216886650283,0.8626262626262626,0.4173998044965787,1.6704424499145905,0.7262626262626263,0.7028347996089932,1.4063795333590055,0.6442234123947972,0.823069403714565,1.2475137633959854,0.7718171002230534,fl_loco_FedAvg-equal,ROWLAND SQUARE PHARMACY,19,FedAvg-equal
SCAFFOLD_ROWLAND SQUARE PHARMACY_s19,1981,958,0.48359414437152953,0.7094197163734219,1.466973338346293,0.7717915909039892,0.19318393505353157,0.05065658959257899,0.4203278512511292,0.7031041780183136,1.0137098187866083,-0.24833371314394853,0.7393939393939394,0.38204592901878914,1.5289555260327703,0.692929292929293,0.7160751565762005,1.4328736213913666,0.6388676358071921,0.8716075156576201,1.3210822406409681,1023,0.5164058556284705,0.8078974260149586,1.5644621710025737,0.7717915909039891,0.19318393505353157,0.05065658959257902,0.4203278512511292,0.7031041780183136,1.0137098187866083,0.24833371314394853,0.8606060606060606,0.41642228739002934,1.6665304067063595,0.7252525252525253,0.7018572825024438,1.40442351175489,0.6442234123947972,0.823069403714565,1.2475137633959854,0.7717915909039892,fl_loco_SCAFFOLD,ROWLAND SQUARE PHARMACY,19,SCAFFOLD
FedAdam_ROWLAND SQUARE PHARMACY_s19,1981,958,0.48359414437152953,0.6949776755799879,1.4371093688141503,0.7605368793327578,0.20047763289408635,0.06346523187445312,0.41954213847749083,0.7041725083007324,0.8104818236822455,-0.24473600369375473,0.7070707070707071,0.3653444676409186,1.4621159401952721,0.6868686868686869,0.7098121085594989,1.4203411990468358,0.6296863045141545,0.8590814196242171,1.3020966276018164,1023,0.5164058556284705,0.795826749381642,1.5410877717742255,0.7605368793327578,0.20047763289408635,0.06346523187445312,0.41954213847749083,0.7041725083007324,0.8104818236822456,0.24473600369375473,0.8545454545454545,0.41348973607038125,1.6547942770816668,0.7202020202020202,0.696969696969697,1.3946434037343127,0.6342769701606733,0.8103616813294232,1.2282528620608932,0.7605368793327578,fl_loco_FedAdam,ROWLAND SQUARE PHARMACY,19,FedAdam
FedAvg_ROWLAND SQUARE PHARMACY_s23,1981,958,0.48359414437152953,0.7051990089749679,1.4582455498741247,0.7705528583702197,0.19344616427776398,0.04572397172413279,0.4307225549574185,0.7104600452637357,0.9028416366905623,-0.17682602942967549,0.7373737373737373,0.38100208768267224,1.5247780519179266,0.6909090909090909,0.7139874739039666,1.4286961472765232,0.6365723029839326,0.8684759916492694,1.3163358373811802,1023,0.5164058556284705,0.8076108492692566,1.5639072261998017,0.7705528583702199,0.19344616427776398,0.04572397172413285,0.4307225549574185,0.7104600452637357,0.9028416366905623,0.1768260294296755,0.8666666666666667,0.41935483870967744,1.6782665363310523,0.7242424242424242,0.7008797653958945,1.4024674901507745,0.6411629686304514,0.8191593352883676,1.2415873322159572,0.7705528583702197,fl_loco_FedAvg,ROWLAND SQUARE PHARMACY,23,FedAvg
FedProx_ROWLAND SQUARE PHARMACY_s23,1981,958,0.48359414437152953,0.7049838459018933,1.4578006249808462,0.7704855137678898,0.19347246918073335,0.04573574849141713,0.4307225549574185,0.7104600452637357,0.9031435392190224,-0.17701287752872746,0.7353535353535353,0.37995824634655534,1.5206005778030829,0.6909090909090909,0.7139874739039666,1.4286961472765232,0.6358071920428462,0.8674321503131524,1.3147537029612508,1023,0.5164058556284705,0.8075753075335319,1.5638384010009057,0.7704855137678898,0.19347246918073335,0.045735748491417164,0.4307225549574185,0.7104600452637357,0.9031435392190224,0.1770128775287275,0.8666666666666667,0.41935483870967744,1.6782665363310523,0.7242424242424242,0.7008797653958945,1.4024674901507745,0.6411629686304514,0.8191593352883676,1.2415873322159572,0.7704855137678898,fl_loco_FedProx,ROWLAND SQUARE PHARMACY,23,FedProx
FedAvg-equal_ROWLAND SQUARE PHARMACY_s23,1981,958,0.48359414437152953,0.7095742500459126,1.4672928907525604,0.7718171002230534,0.19315568676752518,0.0512868977932522,0.4203278512511292,0.7031041780183136,1.0154773158922754,-0.24802216886650286,0.7393939393939394,0.38204592901878914,1.5289555260327703,0.693939393939394,0.7171189979123174,1.4349623584487885,0.6388676358071921,0.8716075156576201,1.3210822406409681,1023,0.5164058556284705,0.8078887522855989,1.564445374660578,0.7718171002230536,0.19315568676752518,0.05128689779325213,0.4203278512511292,0.7031041780183136,1.0154773158922754,0.24802216886650283,0.8626262626262626,0.4173998044965787,1.6704424499145905,0.7262626262626263,0.7028347996089932,1.4063795333590055,0.6442234123947972,0.823069403714565,1.2475137633959854,0.7718171002230534,fl_loco_FedAvg-equal,ROWLAND SQUARE PHARMACY,23,FedAvg-equal
SCAFFOLD_ROWLAND SQUARE PHARMACY_s23,1981,958,0.48359414437152953,0.7094197163734219,1.466973338346293,0.7717915909039892,0.19318393505353157,0.05065658959257899,0.4203278512511292,0.7031041780183136,1.0137098187866083,-0.24833371314394853,0.7393939393939394,0.38204592901878914,1.5289555260327703,0.692929292929293,0.7160751565762005,1.4328736213913666,0.6388676358071921,0.8716075156576201,1.3210822406409681,1023,0.5164058556284705,0.8078974260149586,1.5644621710025737,0.7717915909039891,0.19318393505353157,0.05065658959257902,0.4203278512511292,0.7031041780183136,1.0137098187866083,0.24833371314394853,0.8606060606060606,0.41642228739002934,1.6665304067063595,0.7252525252525253,0.7018572825024438,1.40442351175489,0.6442234123947972,0.823069403714565,1.2475137633959854,0.7717915909039892,fl_loco_SCAFFOLD,ROWLAND SQUARE PHARMACY,23,SCAFFOLD
FedAdam_ROWLAND SQUARE PHARMACY_s23,1981,958,0.48359414437152953,0.6949776755799879,1.4371093688141503,0.7605368793327578,0.20047763289408635,0.06346523187445312,0.41954213847749083,0.7041725083007324,0.8104818236822455,-0.24473600369375473,0.7070707070707071,0.3653444676409186,1.4621159401952721,0.6868686868686869,0.7098121085594989,1.4203411990468358,0.6296863045141545,0.8590814196242171,1.3020966276018164,1023,0.5164058556284705,0.795826749381642,1.5410877717742255,0.7605368793327578,0.20047763289408635,0.06346523187445312,0.41954213847749083,0.7041725083007324,0.8104818236822456,0.24473600369375473,0.8545454545454545,0.41348973607038125,1.6547942770816668,0.7202020202020202,0.696969696969697,1.3946434037343127,0.6342769701606733,0.8103616813294232,1.2282528620608932,0.7605368793327578,fl_loco_FedAdam,ROWLAND SQUARE PHARMACY,23,FedAdam
FedAvg_ROWLAND SQUARE PHARMACY_s37,1981,958,0.48359414437152953,0.7051990089749679,1.4582455498741247,0.7705528583702197,0.19344616427776398,0.04572397172413279,0.4307225549574185,0.7104600452637357,0.9028416366905623,-0.17682602942967549,0.7373737373737373,0.38100208768267224,1.5247780519179266,0.6909090909090909,0.7139874739039666,1.4286961472765232,0.6365723029839326,0.8684759916492694,1.3163358373811802,1023,0.5164058556284705,0.8076108492692566,1.5639072261998017,0.7705528583702199,0.19344616427776398,0.04572397172413285,0.4307225549574185,0.7104600452637357,0.9028416366905623,0.1768260294296755,0.8666666666666667,0.41935483870967744,1.6782665363310523,0.7242424242424242,0.7008797653958945,1.4024674901507745,0.6411629686304514,0.8191593352883676,1.2415873322159572,0.7705528583702197,fl_loco_FedAvg,ROWLAND SQUARE PHARMACY,37,FedAvg
FedProx_ROWLAND SQUARE PHARMACY_s37,1981,958,0.48359414437152953,0.7049838459018933,1.4578006249808462,0.7704855137678898,0.19347246918073335,0.04573574849141713,0.4307225549574185,0.7104600452637357,0.9031435392190224,-0.17701287752872746,0.7353535353535353,0.37995824634655534,1.5206005778030829,0.6909090909090909,0.7139874739039666,1.4286961472765232,0.6358071920428462,0.8674321503131524,1.3147537029612508,1023,0.5164058556284705,0.8075753075335319,1.5638384010009057,0.7704855137678898,0.19347246918073335,0.045735748491417164,0.4307225549574185,0.7104600452637357,0.9031435392190224,0.1770128775287275,0.8666666666666667,0.41935483870967744,1.6782665363310523,0.7242424242424242,0.7008797653958945,1.4024674901507745,0.6411629686304514,0.8191593352883676,1.2415873322159572,0.7704855137678898,fl_loco_FedProx,ROWLAND SQUARE PHARMACY,37,FedProx
FedAvg-equal_ROWLAND SQUARE PHARMACY_s37,1981,958,0.48359414437152953,0.7095742500459126,1.4672928907525604,0.7718171002230534,0.19315568676752518,0.0512868977932522,0.4203278512511292,0.7031041780183136,1.0154773158922754,-0.24802216886650286,0.7393939393939394,0.38204592901878914,1.5289555260327703,0.693939393939394,0.7171189979123174,1.4349623584487885,0.6388676358071921,0.8716075156576201,1.3210822406409681,1023,0.5164058556284705,0.8078887522855989,1.564445374660578,0.7718171002230536,0.19315568676752518,0.05128689779325213,0.4203278512511292,0.7031041780183136,1.0154773158922754,0.24802216886650283,0.8626262626262626,0.4173998044965787,1.6704424499145905,0.7262626262626263,0.7028347996089932,1.4063795333590055,0.6442234123947972,0.823069403714565,1.2475137633959854,0.7718171002230534,fl_loco_FedAvg-equal,ROWLAND SQUARE PHARMACY,37,FedAvg-equal
SCAFFOLD_ROWLAND SQUARE PHARMACY_s37,1981,958,0.48359414437152953,0.7094197163734219,1.466973338346293,0.7717915909039892,0.19318393505353157,0.05065658959257899,0.4203278512511292,0.7031041780183136,1.0137098187866083,-0.24833371314394853,0.7393939393939394,0.38204592901878914,1.5289555260327703,0.692929292929293,0.7160751565762005,1.4328736213913666,0.6388676358071921,0.8716075156576201,1.3210822406409681,1023,0.5164058556284705,0.8078974260149586,1.5644621710025737,0.7717915909039891,0.19318393505353157,0.05065658959257902,0.4203278512511292,0.7031041780183136,1.0137098187866083,0.24833371314394853,0.8606060606060606,0.41642228739002934,1.6665304067063595,0.7252525252525253,0.7018572825024438,1.40442351175489,0.6442234123947972,0.823069403714565,1.2475137633959854,0.7717915909039892,fl_loco_SCAFFOLD,ROWLAND SQUARE PHARMACY,37,SCAFFOLD
FedAdam_ROWLAND SQUARE PHARMACY_s37,1981,958,0.48359414437152953,0.6949776755799879,1.4371093688141503,0.7605368793327578,0.20047763289408635,0.06346523187445312,0.41954213847749083,0.7041725083007324,0.8104818236822455,-0.24473600369375473,0.7070707070707071,0.3653444676409186,1.4621159401952721,0.6868686868686869,0.7098121085594989,1.4203411990468358,0.6296863045141545,0.8590814196242171,1.3020966276018164,1023,0.5164058556284705,0.795826749381642,1.5410877717742255,0.7605368793327578,0.20047763289408635,0.06346523187445312,0.41954213847749083,0.7041725083007324,0.8104818236822456,0.24473600369375473,0.8545454545454545,0.41348973607038125,1.6547942770816668,0.7202020202020202,0.696969696969697,1.3946434037343127,0.6342769701606733,0.8103616813294232,1.2282528620608932,0.7605368793327578,fl_loco_FedAdam,ROWLAND SQUARE PHARMACY,37,FedAdam
FedAvg_SOMMERDRIFT INV T/A KENLINK THE BRIDGE_s7,121,59,0.48760330578512395,0.6708298290921242,1.3757696494940175,0.7173318753417168,0.2128782622899323,0.08473855706071617,0.3703532654320637,0.6805631492618918,0.7485573668471515,-0.16231005493946532,0.6333333333333333,0.3220338983050847,1.2988700564971751,0.65,0.6610169491525424,1.3330508474576273,0.620253164556962,0.8305084745762712,1.2720446256168203,62,0.512396694214876,0.7635627341683242,1.490178884425278,0.7173318753417167,0.2128782622899323,0.08473855706071627,0.3703532654320637,0.6805631492618918,0.7485573668471514,0.1623100549394653,0.8333333333333334,0.4032258064516129,1.6263440860215055,0.6833333333333333,0.6612903225806451,1.3336021505376345,0.6075949367088608,0.7741935483870968,1.18579011841568,0.7173318753417168,fl_loco_FedAvg,SOMMERDRIFT INV T/A KENLINK THE BRIDGE,7,FedAvg
FedProx_SOMMERDRIFT INV T/A KENLINK THE BRIDGE_s7,121,59,0.48760330578512395,0.6705436250408897,1.3751826886431806,0.7167851284855112,0.21286120398482064,0.08465056736983269,0.3703532654320637,0.6805631492618918,0.7491896810578763,-0.16258912421578675,0.6333333333333333,0.3220338983050847,1.2988700564971751,0.65,0.6610169491525424,1.3330508474576273,0.620253164556962,0.8305084745762712,1.2720446256168203,62,0.512396694214876,0.7633142728676131,1.489693984144858,0.7167851284855112,0.21286120398482064,0.0846505673698327,0.3703532654320637,0.6805631492618918,0.7491896810578763,0.16258912421578672,0.8333333333333334,0.4032258064516129,1.6263440860215055,0.6833333333333333,0.6612903225806451,1.3336021505376345,0.6075949367088608,0.7741935483870968,1.18579011841568,0.7167851284855112,fl_loco_FedProx,SOMMERDRIFT INV T/A KENLINK THE BRIDGE,7,FedProx
FedAvg-equal_SOMMERDRIFT INV T/A KENLINK THE BRIDGE_s7,121,59,0.48760330578512395,0.6950735547767684,1.4254898326777792,0.7271733187534172,0.21030220548675804,0.0843339579085725,0.35933289314363875,0.6729086932750137,0.8262598193663729,-0.17841735735423264,0.6666666666666666,0.3389830508474576,1.3672316384180792,0.65,0.6610169491525424,1.3330508474576273,0.620253164556962,0.8305084745762712,1.2720446256168203,62,0.512396694214876,0.7657123843885703,1.4943741695325323,0.7271733187534173,0.21030220548675804,0.08433395790857252,0.35933289314363875,0.6729086932750137,0.826259819366373,0.17841735735423267,0.8333333333333334,0.4032258064516129,1.6263440860215055,0.6666666666666666,0.6451612903225806,1.3010752688172043,0.620253164556962,0.7903225806451613,1.2104940792160066,0.7271733187534172,fl_loco_FedAvg-equal,SOMMERDRIFT INV T/A KENLINK THE BRIDGE,7,FedAvg-equal
SCAFFOLD_SOMMERDRIFT INV T/A KENLINK THE BRIDGE_s7,121,59,0.48760330578512395,0.6951736625291127,1.4256951384071634,0.7274466921815199,0.2103557149177029,0.0944471183581498,0.35933289314363875,0.6729086932750137,0.8246320562213673,-0.17868083622871864,0.6666666666666666,0.3389830508474576,1.3672316384180792,0.65,0.6610169491525424,1.3330508474576273,0.620253164556962,0.8305084745762712,1.2720446256168203,62,0.512396694214876,0.7662334761999845,1.4953911390354537,0.72744669218152,0.2103557149177029,0.09444711835814978,0.35933289314363875,0.6729086932750137,0.8246320562213674,0.17868083622871866,0.8333333333333334,0.4032258064516129,1.6263440860215055,0.6666666666666666,0.6451612903225806,1.3010752688172043,0.620253164556962,0.7903225806451613,1.2104940792160066,0.7274466921815199,fl_loco_SCAFFOLD,SOMMERDRIFT INV T/A KENLINK THE BRIDGE,7,SCAFFOLD
FedAdam_SOMMERDRIFT INV T/A KENLINK THE BRIDGE_s7,121,59,0.48760330578512395,0.7051606075133018,1.4461768391374494,0.7288135593220338,0.2112904969661325,0.08889241633399664,0.3703532654320637,0.6805631492618918,0.730652545277199,-0.11574228225610142,0.6333333333333333,0.3220338983050847,1.2988700564971751,0.6666666666666666,0.6779661016949152,1.3672316384180792,0.620253164556962,0.8305084745762712,1.2720446256168203,62,0.512396694214876,0.7645660590717542,1.49213698625294,0.7288135593220338,0.2112904969661325,0.08889241633399671,0.3703532654320637,0.6805631492618918,0.730652545277199,0.11574228225610145,0.8333333333333334,0.4032258064516129,1.6263440860215055,0.6833333333333333,0.6612903225806451,1.3336021505376345,0.6075949367088608,0.7741935483870968,1.18579011841568,0.7288135593220338,fl_loco_FedAdam,SOMMERDRIFT INV T/A KENLINK THE BRIDGE,7,FedAdam
FedAvg_SOMMERDRIFT INV T/A KENLINK THE BRIDGE_s11,121,59,0.48760330578512395,0.6708298290921242,1.3757696494940175,0.7173318753417168,0.2128782622899323,0.08473855706071617,0.3703532654320637,0.6805631492618918,0.7485573668471515,-0.16231005493946532,0.6333333333333333,0.3220338983050847,1.2988700564971751,0.65,0.6610169491525424,1.3330508474576273,0.620253164556962,0.8305084745762712,1.2720446256168203,62,0.512396694214876,0.7635627341683242,1.490178884425278,0.7173318753417167,0.2128782622899323,0.08473855706071627,0.3703532654320637,0.6805631492618918,0.7485573668471514,0.1623100549394653,0.8333333333333334,0.4032258064516129,1.6263440860215055,0.6833333333333333,0.6612903225806451,1.3336021505376345,0.6075949367088608,0.7741935483870968,1.18579011841568,0.7173318753417168,fl_loco_FedAvg,SOMMERDRIFT INV T/A KENLINK THE BRIDGE,11,FedAvg
FedProx_SOMMERDRIFT INV T/A KENLINK THE BRIDGE_s11,121,59,0.48760330578512395,0.6705436250408897,1.3751826886431806,0.7167851284855112,0.21286120398482064,0.08465056736983269,0.3703532654320637,0.6805631492618918,0.7491896810578763,-0.16258912421578675,0.6333333333333333,0.3220338983050847,1.2988700564971751,0.65,0.6610169491525424,1.3330508474576273,0.620253164556962,0.8305084745762712,1.2720446256168203,62,0.512396694214876,0.7633142728676131,1.489693984144858,0.7167851284855112,0.21286120398482064,0.0846505673698327,0.3703532654320637,0.6805631492618918,0.7491896810578763,0.16258912421578672,0.8333333333333334,0.4032258064516129,1.6263440860215055,0.6833333333333333,0.6612903225806451,1.3336021505376345,0.6075949367088608,0.7741935483870968,1.18579011841568,0.7167851284855112,fl_loco_FedProx,SOMMERDRIFT INV T/A KENLINK THE BRIDGE,11,FedProx
FedAvg-equal_SOMMERDRIFT INV T/A KENLINK THE BRIDGE_s11,121,59,0.48760330578512395,0.6950735547767684,1.4254898326777792,0.7271733187534172,0.21030220548675804,0.0843339579085725,0.35933289314363875,0.6729086932750137,0.8262598193663729,-0.17841735735423264,0.6666666666666666,0.3389830508474576,1.3672316384180792,0.65,0.6610169491525424,1.3330508474576273,0.620253164556962,0.8305084745762712,1.2720446256168203,62,0.512396694214876,0.7657123843885703,1.4943741695325323,0.7271733187534173,0.21030220548675804,0.08433395790857252,0.35933289314363875,0.6729086932750137,0.826259819366373,0.17841735735423267,0.8333333333333334,0.4032258064516129,1.6263440860215055,0.6666666666666666,0.6451612903225806,1.3010752688172043,0.620253164556962,0.7903225806451613,1.2104940792160066,0.7271733187534172,fl_loco_FedAvg-equal,SOMMERDRIFT INV T/A KENLINK THE BRIDGE,11,FedAvg-equal
SCAFFOLD_SOMMERDRIFT INV T/A KENLINK THE BRIDGE_s11,121,59,0.48760330578512395,0.6951736625291127,1.4256951384071634,0.7274466921815199,0.2103557149177029,0.0944471183581498,0.35933289314363875,0.6729086932750137,0.8246320562213673,-0.17868083622871864,0.6666666666666666,0.3389830508474576,1.3672316384180792,0.65,0.6610169491525424,1.3330508474576273,0.620253164556962,0.8305084745762712,1.2720446256168203,62,0.512396694214876,0.7662334761999845,1.4953911390354537,0.72744669218152,0.2103557149177029,0.09444711835814978,0.35933289314363875,0.6729086932750137,0.8246320562213674,0.17868083622871866,0.8333333333333334,0.4032258064516129,1.6263440860215055,0.6666666666666666,0.6451612903225806,1.3010752688172043,0.620253164556962,0.7903225806451613,1.2104940792160066,0.7274466921815199,fl_loco_SCAFFOLD,SOMMERDRIFT INV T/A KENLINK THE BRIDGE,11,SCAFFOLD
FedAdam_SOMMERDRIFT INV T/A KENLINK THE BRIDGE_s11,121,59,0.48760330578512395,0.7051606075133018,1.4461768391374494,0.7288135593220338,0.2112904969661325,0.08889241633399664,0.3703532654320637,0.6805631492618918,0.730652545277199,-0.11574228225610142,0.6333333333333333,0.3220338983050847,1.2988700564971751,0.6666666666666666,0.6779661016949152,1.3672316384180792,0.620253164556962,0.8305084745762712,1.2720446256168203,62,0.512396694214876,0.7645660590717542,1.49213698625294,0.7288135593220338,0.2112904969661325,0.08889241633399671,0.3703532654320637,0.6805631492618918,0.730652545277199,0.11574228225610145,0.8333333333333334,0.4032258064516129,1.6263440860215055,0.6833333333333333,0.6612903225806451,1.3336021505376345,0.6075949367088608,0.7741935483870968,1.18579011841568,0.7288135593220338,fl_loco_FedAdam,SOMMERDRIFT INV T/A KENLINK THE BRIDGE,11,FedAdam
FedAvg_SOMMERDRIFT INV T/A KENLINK THE BRIDGE_s19,121,59,0.48760330578512395,0.6708298290921242,1.3757696494940175,0.7173318753417168,0.2128782622899323,0.08473855706071617,0.3703532654320637,0.6805631492618918,0.7485573668471515,-0.16231005493946532,0.6333333333333333,0.3220338983050847,1.2988700564971751,0.65,0.6610169491525424,1.3330508474576273,0.620253164556962,0.8305084745762712,1.2720446256168203,62,0.512396694214876,0.7635627341683242,1.490178884425278,0.7173318753417167,0.2128782622899323,0.08473855706071627,0.3703532654320637,0.6805631492618918,0.7485573668471514,0.1623100549394653,0.8333333333333334,0.4032258064516129,1.6263440860215055,0.6833333333333333,0.6612903225806451,1.3336021505376345,0.6075949367088608,0.7741935483870968,1.18579011841568,0.7173318753417168,fl_loco_FedAvg,SOMMERDRIFT INV T/A KENLINK THE BRIDGE,19,FedAvg
FedProx_SOMMERDRIFT INV T/A KENLINK THE BRIDGE_s19,121,59,0.48760330578512395,0.6705436250408897,1.3751826886431806,0.7167851284855112,0.21286120398482064,0.08465056736983269,0.3703532654320637,0.6805631492618918,0.7491896810578763,-0.16258912421578675,0.6333333333333333,0.3220338983050847,1.2988700564971751,0.65,0.6610169491525424,1.3330508474576273,0.620253164556962,0.8305084745762712,1.2720446256168203,62,0.512396694214876,0.7633142728676131,1.489693984144858,0.7167851284855112,0.21286120398482064,0.0846505673698327,0.3703532654320637,0.6805631492618918,0.7491896810578763,0.16258912421578672,0.8333333333333334,0.4032258064516129,1.6263440860215055,0.6833333333333333,0.6612903225806451,1.3336021505376345,0.6075949367088608,0.7741935483870968,1.18579011841568,0.7167851284855112,fl_loco_FedProx,SOMMERDRIFT INV T/A KENLINK THE BRIDGE,19,FedProx
FedAvg-equal_SOMMERDRIFT INV T/A KENLINK THE BRIDGE_s19,121,59,0.48760330578512395,0.6950735547767684,1.4254898326777792,0.7271733187534172,0.21030220548675804,0.0843339579085725,0.35933289314363875,0.6729086932750137,0.8262598193663729,-0.17841735735423264,0.6666666666666666,0.3389830508474576,1.3672316384180792,0.65,0.6610169491525424,1.3330508474576273,0.620253164556962,0.8305084745762712,1.2720446256168203,62,0.512396694214876,0.7657123843885703,1.4943741695325323,0.7271733187534173,0.21030220548675804,0.08433395790857252,0.35933289314363875,0.6729086932750137,0.826259819366373,0.17841735735423267,0.8333333333333334,0.4032258064516129,1.6263440860215055,0.6666666666666666,0.6451612903225806,1.3010752688172043,0.620253164556962,0.7903225806451613,1.2104940792160066,0.7271733187534172,fl_loco_FedAvg-equal,SOMMERDRIFT INV T/A KENLINK THE BRIDGE,19,FedAvg-equal
SCAFFOLD_SOMMERDRIFT INV T/A KENLINK THE BRIDGE_s19,121,59,0.48760330578512395,0.6951736625291127,1.4256951384071634,0.7274466921815199,0.2103557149177029,0.0944471183581498,0.35933289314363875,0.6729086932750137,0.8246320562213673,-0.17868083622871864,0.6666666666666666,0.3389830508474576,1.3672316384180792,0.65,0.6610169491525424,1.3330508474576273,0.620253164556962,0.8305084745762712,1.2720446256168203,62,0.512396694214876,0.7662334761999845,1.4953911390354537,0.72744669218152,0.2103557149177029,0.09444711835814978,0.35933289314363875,0.6729086932750137,0.8246320562213674,0.17868083622871866,0.8333333333333334,0.4032258064516129,1.6263440860215055,0.6666666666666666,0.6451612903225806,1.3010752688172043,0.620253164556962,0.7903225806451613,1.2104940792160066,0.7274466921815199,fl_loco_SCAFFOLD,SOMMERDRIFT INV T/A KENLINK THE BRIDGE,19,SCAFFOLD
FedAdam_SOMMERDRIFT INV T/A KENLINK THE BRIDGE_s19,121,59,0.48760330578512395,0.7051606075133018,1.4461768391374494,0.7288135593220338,0.2112904969661325,0.08889241633399664,0.3703532654320637,0.6805631492618918,0.730652545277199,-0.11574228225610142,0.6333333333333333,0.3220338983050847,1.2988700564971751,0.6666666666666666,0.6779661016949152,1.3672316384180792,0.620253164556962,0.8305084745762712,1.2720446256168203,62,0.512396694214876,0.7645660590717542,1.49213698625294,0.7288135593220338,0.2112904969661325,0.08889241633399671,0.3703532654320637,0.6805631492618918,0.730652545277199,0.11574228225610145,0.8333333333333334,0.4032258064516129,1.6263440860215055,0.6833333333333333,0.6612903225806451,1.3336021505376345,0.6075949367088608,0.7741935483870968,1.18579011841568,0.7288135593220338,fl_loco_FedAdam,SOMMERDRIFT INV T/A KENLINK THE BRIDGE,19,FedAdam
FedAvg_SOMMERDRIFT INV T/A KENLINK THE BRIDGE_s23,121,59,0.48760330578512395,0.6708298290921242,1.3757696494940175,0.7173318753417168,0.2128782622899323,0.08473855706071617,0.3703532654320637,0.6805631492618918,0.7485573668471515,-0.16231005493946532,0.6333333333333333,0.3220338983050847,1.2988700564971751,0.65,0.6610169491525424,1.3330508474576273,0.620253164556962,0.8305084745762712,1.2720446256168203,62,0.512396694214876,0.7635627341683242,1.490178884425278,0.7173318753417167,0.2128782622899323,0.08473855706071627,0.3703532654320637,0.6805631492618918,0.7485573668471514,0.1623100549394653,0.8333333333333334,0.4032258064516129,1.6263440860215055,0.6833333333333333,0.6612903225806451,1.3336021505376345,0.6075949367088608,0.7741935483870968,1.18579011841568,0.7173318753417168,fl_loco_FedAvg,SOMMERDRIFT INV T/A KENLINK THE BRIDGE,23,FedAvg
FedProx_SOMMERDRIFT INV T/A KENLINK THE BRIDGE_s23,121,59,0.48760330578512395,0.6705436250408897,1.3751826886431806,0.7167851284855112,0.21286120398482064,0.08465056736983269,0.3703532654320637,0.6805631492618918,0.7491896810578763,-0.16258912421578675,0.6333333333333333,0.3220338983050847,1.2988700564971751,0.65,0.6610169491525424,1.3330508474576273,0.620253164556962,0.8305084745762712,1.2720446256168203,62,0.512396694214876,0.7633142728676131,1.489693984144858,0.7167851284855112,0.21286120398482064,0.0846505673698327,0.3703532654320637,0.6805631492618918,0.7491896810578763,0.16258912421578672,0.8333333333333334,0.4032258064516129,1.6263440860215055,0.6833333333333333,0.6612903225806451,1.3336021505376345,0.6075949367088608,0.7741935483870968,1.18579011841568,0.7167851284855112,fl_loco_FedProx,SOMMERDRIFT INV T/A KENLINK THE BRIDGE,23,FedProx
FedAvg-equal_SOMMERDRIFT INV T/A KENLINK THE BRIDGE_s23,121,59,0.48760330578512395,0.6950735547767684,1.4254898326777792,0.7271733187534172,0.21030220548675804,0.0843339579085725,0.35933289314363875,0.6729086932750137,0.8262598193663729,-0.17841735735423264,0.6666666666666666,0.3389830508474576,1.3672316384180792,0.65,0.6610169491525424,1.3330508474576273,0.620253164556962,0.8305084745762712,1.2720446256168203,62,0.512396694214876,0.7657123843885703,1.4943741695325323,0.7271733187534173,0.21030220548675804,0.08433395790857252,0.35933289314363875,0.6729086932750137,0.826259819366373,0.17841735735423267,0.8333333333333334,0.4032258064516129,1.6263440860215055,0.6666666666666666,0.6451612903225806,1.3010752688172043,0.620253164556962,0.7903225806451613,1.2104940792160066,0.7271733187534172,fl_loco_FedAvg-equal,SOMMERDRIFT INV T/A KENLINK THE BRIDGE,23,FedAvg-equal
SCAFFOLD_SOMMERDRIFT INV T/A KENLINK THE BRIDGE_s23,121,59,0.48760330578512395,0.6951736625291127,1.4256951384071634,0.7274466921815199,0.2103557149177029,0.0944471183581498,0.35933289314363875,0.6729086932750137,0.8246320562213673,-0.17868083622871864,0.6666666666666666,0.3389830508474576,1.3672316384180792,0.65,0.6610169491525424,1.3330508474576273,0.620253164556962,0.8305084745762712,1.2720446256168203,62,0.512396694214876,0.7662334761999845,1.4953911390354537,0.72744669218152,0.2103557149177029,0.09444711835814978,0.35933289314363875,0.6729086932750137,0.8246320562213674,0.17868083622871866,0.8333333333333334,0.4032258064516129,1.6263440860215055,0.6666666666666666,0.6451612903225806,1.3010752688172043,0.620253164556962,0.7903225806451613,1.2104940792160066,0.7274466921815199,fl_loco_SCAFFOLD,SOMMERDRIFT INV T/A KENLINK THE BRIDGE,23,SCAFFOLD
FedAdam_SOMMERDRIFT INV T/A KENLINK THE BRIDGE_s23,121,59,0.48760330578512395,0.7051606075133018,1.4461768391374494,0.7288135593220338,0.2112904969661325,0.08889241633399664,0.3703532654320637,0.6805631492618918,0.730652545277199,-0.11574228225610142,0.6333333333333333,0.3220338983050847,1.2988700564971751,0.6666666666666666,0.6779661016949152,1.3672316384180792,0.620253164556962,0.8305084745762712,1.2720446256168203,62,0.512396694214876,0.7645660590717542,1.49213698625294,0.7288135593220338,0.2112904969661325,0.08889241633399671,0.3703532654320637,0.6805631492618918,0.730652545277199,0.11574228225610145,0.8333333333333334,0.4032258064516129,1.6263440860215055,0.6833333333333333,0.6612903225806451,1.3336021505376345,0.6075949367088608,0.7741935483870968,1.18579011841568,0.7288135593220338,fl_loco_FedAdam,SOMMERDRIFT INV T/A KENLINK THE BRIDGE,23,FedAdam
FedAvg_SOMMERDRIFT INV T/A KENLINK THE BRIDGE_s37,121,59,0.48760330578512395,0.6708298290921242,1.3757696494940175,0.7173318753417168,0.2128782622899323,0.08473855706071617,0.3703532654320637,0.6805631492618918,0.7485573668471515,-0.16231005493946532,0.6333333333333333,0.3220338983050847,1.2988700564971751,0.65,0.6610169491525424,1.3330508474576273,0.620253164556962,0.8305084745762712,1.2720446256168203,62,0.512396694214876,0.7635627341683242,1.490178884425278,0.7173318753417167,0.2128782622899323,0.08473855706071627,0.3703532654320637,0.6805631492618918,0.7485573668471514,0.1623100549394653,0.8333333333333334,0.4032258064516129,1.6263440860215055,0.6833333333333333,0.6612903225806451,1.3336021505376345,0.6075949367088608,0.7741935483870968,1.18579011841568,0.7173318753417168,fl_loco_FedAvg,SOMMERDRIFT INV T/A KENLINK THE BRIDGE,37,FedAvg
FedProx_SOMMERDRIFT INV T/A KENLINK THE BRIDGE_s37,121,59,0.48760330578512395,0.6705436250408897,1.3751826886431806,0.7167851284855112,0.21286120398482064,0.08465056736983269,0.3703532654320637,0.6805631492618918,0.7491896810578763,-0.16258912421578675,0.6333333333333333,0.3220338983050847,1.2988700564971751,0.65,0.6610169491525424,1.3330508474576273,0.620253164556962,0.8305084745762712,1.2720446256168203,62,0.512396694214876,0.7633142728676131,1.489693984144858,0.7167851284855112,0.21286120398482064,0.0846505673698327,0.3703532654320637,0.6805631492618918,0.7491896810578763,0.16258912421578672,0.8333333333333334,0.4032258064516129,1.6263440860215055,0.6833333333333333,0.6612903225806451,1.3336021505376345,0.6075949367088608,0.7741935483870968,1.18579011841568,0.7167851284855112,fl_loco_FedProx,SOMMERDRIFT INV T/A KENLINK THE BRIDGE,37,FedProx
FedAvg-equal_SOMMERDRIFT INV T/A KENLINK THE BRIDGE_s37,121,59,0.48760330578512395,0.6950735547767684,1.4254898326777792,0.7271733187534172,0.21030220548675804,0.0843339579085725,0.35933289314363875,0.6729086932750137,0.8262598193663729,-0.17841735735423264,0.6666666666666666,0.3389830508474576,1.3672316384180792,0.65,0.6610169491525424,1.3330508474576273,0.620253164556962,0.8305084745762712,1.2720446256168203,62,0.512396694214876,0.7657123843885703,1.4943741695325323,0.7271733187534173,0.21030220548675804,0.08433395790857252,0.35933289314363875,0.6729086932750137,0.826259819366373,0.17841735735423267,0.8333333333333334,0.4032258064516129,1.6263440860215055,0.6666666666666666,0.6451612903225806,1.3010752688172043,0.620253164556962,0.7903225806451613,1.2104940792160066,0.7271733187534172,fl_loco_FedAvg-equal,SOMMERDRIFT INV T/A KENLINK THE BRIDGE,37,FedAvg-equal
SCAFFOLD_SOMMERDRIFT INV T/A KENLINK THE BRIDGE_s37,121,59,0.48760330578512395,0.6951736625291127,1.4256951384071634,0.7274466921815199,0.2103557149177029,0.0944471183581498,0.35933289314363875,0.6729086932750137,0.8246320562213673,-0.17868083622871864,0.6666666666666666,0.3389830508474576,1.3672316384180792,0.65,0.6610169491525424,1.3330508474576273,0.620253164556962,0.8305084745762712,1.2720446256168203,62,0.512396694214876,0.7662334761999845,1.4953911390354537,0.72744669218152,0.2103557149177029,0.09444711835814978,0.35933289314363875,0.6729086932750137,0.8246320562213674,0.17868083622871866,0.8333333333333334,0.4032258064516129,1.6263440860215055,0.6666666666666666,0.6451612903225806,1.3010752688172043,0.620253164556962,0.7903225806451613,1.2104940792160066,0.7274466921815199,fl_loco_SCAFFOLD,SOMMERDRIFT INV T/A KENLINK THE BRIDGE,37,SCAFFOLD
FedAdam_SOMMERDRIFT INV T/A KENLINK THE BRIDGE_s37,121,59,0.48760330578512395,0.7051606075133018,1.4461768391374494,0.7288135593220338,0.2112904969661325,0.08889241633399664,0.3703532654320637,0.6805631492618918,0.730652545277199,-0.11574228225610142,0.6333333333333333,0.3220338983050847,1.2988700564971751,0.6666666666666666,0.6779661016949152,1.3672316384180792,0.620253164556962,0.8305084745762712,1.2720446256168203,62,0.512396694214876,0.7645660590717542,1.49213698625294,0.7288135593220338,0.2112904969661325,0.08889241633399671,0.3703532654320637,0.6805631492618918,0.730652545277199,0.11574228225610145,0.8333333333333334,0.4032258064516129,1.6263440860215055,0.6833333333333333,0.6612903225806451,1.3336021505376345,0.6075949367088608,0.7741935483870968,1.18579011841568,0.7288135593220338,fl_loco_FedAdam,SOMMERDRIFT INV T/A KENLINK THE BRIDGE,37,FedAdam
FedAvg_TRINITY PHARMACY -AVENUES_s7,188,62,0.32978723404255317,0.617141453202995,1.871332148421985,0.7955709165386584,0.175008673134679,0.11852449460312564,0.5008421855596721,0.76510496671787,0.9756513243174396,-0.4878025970707324,0.6382978723404256,0.4838709677419355,1.9354838709677422,0.5531914893617021,0.8387096774193549,1.67741935483871,0.47580645161290325,0.9516129032258065,1.4427679500520294,126,0.6702127659574468,0.9014129826083979,1.3449654026220539,0.7955709165386585,0.175008673134679,0.11852449460312565,0.5008421855596721,0.76510496671787,0.9756513243174396,0.4878025970707325,0.9787234042553191,0.36507936507936506,1.4603174603174602,0.8936170212765957,0.6666666666666666,1.3333333333333333,0.7741935483870968,0.7619047619047619,1.1551459293394777,0.7955709165386584,fl_loco_FedAvg,TRINITY PHARMACY -AVENUES,7,FedAvg
FedProx_TRINITY PHARMACY -AVENUES_s7,188,62,0.32978723404255317,0.6159565814293287,1.867739311430868,0.7951868919610856,0.17499606970343562,0.11866331619346943,0.5008421855596721,0.76510496671787,0.9765605228570399,-0.4886616986497309,0.6382978723404256,0.4838709677419355,1.9354838709677422,0.5531914893617021,0.8387096774193549,1.67741935483871,0.47580645161290325,0.9516129032258065,1.4427679500520294,126,0.6702127659574468,0.9012870550274761,1.3447775106759166,0.7951868919610856,0.17499606970343562,0.11866331619346948,0.5008421855596721,0.76510496671787,0.9765605228570399,0.48866169864973086,0.9787234042553191,0.36507936507936506,1.4603174603174602,0.8936170212765957,0.6666666666666666,1.3333333333333333,0.7741935483870968,0.7619047619047619,1.1551459293394777,0.7951868919610856,fl_loco_FedProx,TRINITY PHARMACY -AVENUES,7,FedProx
FedAvg-equal_TRINITY PHARMACY -AVENUES_s7,188,62,0.32978723404255317,0.6041730298954335,1.8320085422635728,0.7946748591909882,0.17582261604483707,0.1226687170030575,0.4869620526361715,0.7571684587813621,1.0493791798416081,-0.4834907384548146,0.6170212765957447,0.46774193548387094,1.870967741935484,0.5531914893617021,0.8387096774193549,1.67741935483871,0.47580645161290325,0.9516129032258065,1.4427679500520294,126,0.6702127659574468,0.9013731687487034,1.3449059978155258,0.7946748591909882,0.17582261604483707,0.12266871700305751,0.4869620526361715,0.7571684587813621,1.0493791798416083,0.48349073845481466,0.9787234042553191,0.36507936507936506,1.4603174603174602,0.8936170212765957,0.6666666666666666,1.3333333333333333,0.7903225806451613,0.7777777777777778,1.17921146953405,0.7946748591909882,fl_loco_FedAvg-equal,TRINITY PHARMACY -AVENUES,7,FedAvg-equal
SCAFFOLD_TRINITY PHARMACY -AVENUES_s7,188,62,0.32978723404255317,0.6050047763417101,1.8345306121329277,0.7949308755760369,0.17579358512834048,0.12261844001271574,0.4869620526361715,0.7571684587813621,1.048349236906344,-0.48381245724986177,0.5957446808510638,0.45161290322580644,1.8064516129032258,0.5531914893617021,0.8387096774193549,1.67741935483871,0.47580645161290325,0.9516129032258065,1.4427679500520294,126,0.6702127659574468,0.9014478289393516,1.3450173955603024,0.7949308755760369,0.17579358512834048,0.12261844001271578,0.4869620526361715,0.7571684587813621,1.048349236906344,0.4838124572498617,0.9787234042553191,0.36507936507936506,1.4603174603174602,0.8936170212765957,0.6666666666666666,1.3333333333333333,0.7903225806451613,0.7777777777777778,1.17921146953405,0.7949308755760369,fl_loco_SCAFFOLD,TRINITY PHARMACY -AVENUES,7,SCAFFOLD
FedAdam_TRINITY PHARMACY -AVENUES_s7,188,62,0.32978723404255317,0.6228875391122397,1.8887557637596948,0.8032514080901177,0.17399000987240854,0.11799531274814812,0.4938814711176939,0.761136712749616,0.9282867729331219,-0.4698974731164355,0.6170212765957447,0.46774193548387094,1.870967741935484,0.5638297872340425,0.8548387096774194,1.7096774193548387,0.4838709677419355,0.967741935483871,1.4672216441207078,126,0.6702127659574468,0.9078298819320425,1.354539823835111,0.8032514080901177,0.17399000987240854,0.11799531274814808,0.4938814711176939,0.761136712749616,0.928286772933122,0.4698974731164357,0.9787234042553191,0.36507936507936506,1.4603174603174602,0.9042553191489362,0.6746031746031746,1.3492063492063493,0.782258064516129,0.7698412698412699,1.167178699436764,0.8032514080901177,fl_loco_FedAdam,TRINITY PHARMACY -AVENUES,7,FedAdam
FedAvg_TRINITY PHARMACY -AVENUES_s11,188,62,0.32978723404255317,0.617141453202995,1.871332148421985,0.7955709165386584,0.175008673134679,0.11852449460312564,0.5008421855596721,0.76510496671787,0.9756513243174396,-0.4878025970707324,0.6382978723404256,0.4838709677419355,1.9354838709677422,0.5531914893617021,0.8387096774193549,1.67741935483871,0.47580645161290325,0.9516129032258065,1.4427679500520294,126,0.6702127659574468,0.9014129826083979,1.3449654026220539,0.7955709165386585,0.175008673134679,0.11852449460312565,0.5008421855596721,0.76510496671787,0.9756513243174396,0.4878025970707325,0.9787234042553191,0.36507936507936506,1.4603174603174602,0.8936170212765957,0.6666666666666666,1.3333333333333333,0.7741935483870968,0.7619047619047619,1.1551459293394777,0.7955709165386584,fl_loco_FedAvg,TRINITY PHARMACY -AVENUES,11,FedAvg
FedProx_TRINITY PHARMACY -AVENUES_s11,188,62,0.32978723404255317,0.6159565814293287,1.867739311430868,0.7951868919610856,0.17499606970343562,0.11866331619346943,0.5008421855596721,0.76510496671787,0.9765605228570399,-0.4886616986497309,0.6382978723404256,0.4838709677419355,1.9354838709677422,0.5531914893617021,0.8387096774193549,1.67741935483871,0.47580645161290325,0.9516129032258065,1.4427679500520294,126,0.6702127659574468,0.9012870550274761,1.3447775106759166,0.7951868919610856,0.17499606970343562,0.11866331619346948,0.5008421855596721,0.76510496671787,0.9765605228570399,0.48866169864973086,0.9787234042553191,0.36507936507936506,1.4603174603174602,0.8936170212765957,0.6666666666666666,1.3333333333333333,0.7741935483870968,0.7619047619047619,1.1551459293394777,0.7951868919610856,fl_loco_FedProx,TRINITY PHARMACY -AVENUES,11,FedProx
FedAvg-equal_TRINITY PHARMACY -AVENUES_s11,188,62,0.32978723404255317,0.6041730298954335,1.8320085422635728,0.7946748591909882,0.17582261604483707,0.1226687170030575,0.4869620526361715,0.7571684587813621,1.0493791798416081,-0.4834907384548146,0.6170212765957447,0.46774193548387094,1.870967741935484,0.5531914893617021,0.8387096774193549,1.67741935483871,0.47580645161290325,0.9516129032258065,1.4427679500520294,126,0.6702127659574468,0.9013731687487034,1.3449059978155258,0.7946748591909882,0.17582261604483707,0.12266871700305751,0.4869620526361715,0.7571684587813621,1.0493791798416083,0.48349073845481466,0.9787234042553191,0.36507936507936506,1.4603174603174602,0.8936170212765957,0.6666666666666666,1.3333333333333333,0.7903225806451613,0.7777777777777778,1.17921146953405,0.7946748591909882,fl_loco_FedAvg-equal,TRINITY PHARMACY -AVENUES,11,FedAvg-equal
SCAFFOLD_TRINITY PHARMACY -AVENUES_s11,188,62,0.32978723404255317,0.6050047763417101,1.8345306121329277,0.7949308755760369,0.17579358512834048,0.12261844001271574,0.4869620526361715,0.7571684587813621,1.048349236906344,-0.48381245724986177,0.5957446808510638,0.45161290322580644,1.8064516129032258,0.5531914893617021,0.8387096774193549,1.67741935483871,0.47580645161290325,0.9516129032258065,1.4427679500520294,126,0.6702127659574468,0.9014478289393516,1.3450173955603024,0.7949308755760369,0.17579358512834048,0.12261844001271578,0.4869620526361715,0.7571684587813621,1.048349236906344,0.4838124572498617,0.9787234042553191,0.36507936507936506,1.4603174603174602,0.8936170212765957,0.6666666666666666,1.3333333333333333,0.7903225806451613,0.7777777777777778,1.17921146953405,0.7949308755760369,fl_loco_SCAFFOLD,TRINITY PHARMACY -AVENUES,11,SCAFFOLD
FedAdam_TRINITY PHARMACY -AVENUES_s11,188,62,0.32978723404255317,0.6228875391122397,1.8887557637596948,0.8032514080901177,0.17399000987240854,0.11799531274814812,0.4938814711176939,0.761136712749616,0.9282867729331219,-0.4698974731164355,0.6170212765957447,0.46774193548387094,1.870967741935484,0.5638297872340425,0.8548387096774194,1.7096774193548387,0.4838709677419355,0.967741935483871,1.4672216441207078,126,0.6702127659574468,0.9078298819320425,1.354539823835111,0.8032514080901177,0.17399000987240854,0.11799531274814808,0.4938814711176939,0.761136712749616,0.928286772933122,0.4698974731164357,0.9787234042553191,0.36507936507936506,1.4603174603174602,0.9042553191489362,0.6746031746031746,1.3492063492063493,0.782258064516129,0.7698412698412699,1.167178699436764,0.8032514080901177,fl_loco_FedAdam,TRINITY PHARMACY -AVENUES,11,FedAdam
FedAvg_TRINITY PHARMACY -AVENUES_s19,188,62,0.32978723404255317,0.617141453202995,1.871332148421985,0.7955709165386584,0.175008673134679,0.11852449460312564,0.5008421855596721,0.76510496671787,0.9756513243174396,-0.4878025970707324,0.6382978723404256,0.4838709677419355,1.9354838709677422,0.5531914893617021,0.8387096774193549,1.67741935483871,0.47580645161290325,0.9516129032258065,1.4427679500520294,126,0.6702127659574468,0.9014129826083979,1.3449654026220539,0.7955709165386585,0.175008673134679,0.11852449460312565,0.5008421855596721,0.76510496671787,0.9756513243174396,0.4878025970707325,0.9787234042553191,0.36507936507936506,1.4603174603174602,0.8936170212765957,0.6666666666666666,1.3333333333333333,0.7741935483870968,0.7619047619047619,1.1551459293394777,0.7955709165386584,fl_loco_FedAvg,TRINITY PHARMACY -AVENUES,19,FedAvg
FedProx_TRINITY PHARMACY -AVENUES_s19,188,62,0.32978723404255317,0.6159565814293287,1.867739311430868,0.7951868919610856,0.17499606970343562,0.11866331619346943,0.5008421855596721,0.76510496671787,0.9765605228570399,-0.4886616986497309,0.6382978723404256,0.4838709677419355,1.9354838709677422,0.5531914893617021,0.8387096774193549,1.67741935483871,0.47580645161290325,0.9516129032258065,1.4427679500520294,126,0.6702127659574468,0.9012870550274761,1.3447775106759166,0.7951868919610856,0.17499606970343562,0.11866331619346948,0.5008421855596721,0.76510496671787,0.9765605228570399,0.48866169864973086,0.9787234042553191,0.36507936507936506,1.4603174603174602,0.8936170212765957,0.6666666666666666,1.3333333333333333,0.7741935483870968,0.7619047619047619,1.1551459293394777,0.7951868919610856,fl_loco_FedProx,TRINITY PHARMACY -AVENUES,19,FedProx
FedAvg-equal_TRINITY PHARMACY -AVENUES_s19,188,62,0.32978723404255317,0.6041730298954335,1.8320085422635728,0.7946748591909882,0.17582261604483707,0.1226687170030575,0.4869620526361715,0.7571684587813621,1.0493791798416081,-0.4834907384548146,0.6170212765957447,0.46774193548387094,1.870967741935484,0.5531914893617021,0.8387096774193549,1.67741935483871,0.47580645161290325,0.9516129032258065,1.4427679500520294,126,0.6702127659574468,0.9013731687487034,1.3449059978155258,0.7946748591909882,0.17582261604483707,0.12266871700305751,0.4869620526361715,0.7571684587813621,1.0493791798416083,0.48349073845481466,0.9787234042553191,0.36507936507936506,1.4603174603174602,0.8936170212765957,0.6666666666666666,1.3333333333333333,0.7903225806451613,0.7777777777777778,1.17921146953405,0.7946748591909882,fl_loco_FedAvg-equal,TRINITY PHARMACY -AVENUES,19,FedAvg-equal
SCAFFOLD_TRINITY PHARMACY -AVENUES_s19,188,62,0.32978723404255317,0.6050047763417101,1.8345306121329277,0.7949308755760369,0.17579358512834048,0.12261844001271574,0.4869620526361715,0.7571684587813621,1.048349236906344,-0.48381245724986177,0.5957446808510638,0.45161290322580644,1.8064516129032258,0.5531914893617021,0.8387096774193549,1.67741935483871,0.47580645161290325,0.9516129032258065,1.4427679500520294,126,0.6702127659574468,0.9014478289393516,1.3450173955603024,0.7949308755760369,0.17579358512834048,0.12261844001271578,0.4869620526361715,0.7571684587813621,1.048349236906344,0.4838124572498617,0.9787234042553191,0.36507936507936506,1.4603174603174602,0.8936170212765957,0.6666666666666666,1.3333333333333333,0.7903225806451613,0.7777777777777778,1.17921146953405,0.7949308755760369,fl_loco_SCAFFOLD,TRINITY PHARMACY -AVENUES,19,SCAFFOLD
FedAdam_TRINITY PHARMACY -AVENUES_s19,188,62,0.32978723404255317,0.6228875391122397,1.8887557637596948,0.8032514080901177,0.17399000987240854,0.11799531274814812,0.4938814711176939,0.761136712749616,0.9282867729331219,-0.4698974731164355,0.6170212765957447,0.46774193548387094,1.870967741935484,0.5638297872340425,0.8548387096774194,1.7096774193548387,0.4838709677419355,0.967741935483871,1.4672216441207078,126,0.6702127659574468,0.9078298819320425,1.354539823835111,0.8032514080901177,0.17399000987240854,0.11799531274814808,0.4938814711176939,0.761136712749616,0.928286772933122,0.4698974731164357,0.9787234042553191,0.36507936507936506,1.4603174603174602,0.9042553191489362,0.6746031746031746,1.3492063492063493,0.782258064516129,0.7698412698412699,1.167178699436764,0.8032514080901177,fl_loco_FedAdam,TRINITY PHARMACY -AVENUES,19,FedAdam
FedAvg_TRINITY PHARMACY -AVENUES_s23,188,62,0.32978723404255317,0.617141453202995,1.871332148421985,0.7955709165386584,0.175008673134679,0.11852449460312564,0.5008421855596721,0.76510496671787,0.9756513243174396,-0.4878025970707324,0.6382978723404256,0.4838709677419355,1.9354838709677422,0.5531914893617021,0.8387096774193549,1.67741935483871,0.47580645161290325,0.9516129032258065,1.4427679500520294,126,0.6702127659574468,0.9014129826083979,1.3449654026220539,0.7955709165386585,0.175008673134679,0.11852449460312565,0.5008421855596721,0.76510496671787,0.9756513243174396,0.4878025970707325,0.9787234042553191,0.36507936507936506,1.4603174603174602,0.8936170212765957,0.6666666666666666,1.3333333333333333,0.7741935483870968,0.7619047619047619,1.1551459293394777,0.7955709165386584,fl_loco_FedAvg,TRINITY PHARMACY -AVENUES,23,FedAvg
FedProx_TRINITY PHARMACY -AVENUES_s23,188,62,0.32978723404255317,0.6159565814293287,1.867739311430868,0.7951868919610856,0.17499606970343562,0.11866331619346943,0.5008421855596721,0.76510496671787,0.9765605228570399,-0.4886616986497309,0.6382978723404256,0.4838709677419355,1.9354838709677422,0.5531914893617021,0.8387096774193549,1.67741935483871,0.47580645161290325,0.9516129032258065,1.4427679500520294,126,0.6702127659574468,0.9012870550274761,1.3447775106759166,0.7951868919610856,0.17499606970343562,0.11866331619346948,0.5008421855596721,0.76510496671787,0.9765605228570399,0.48866169864973086,0.9787234042553191,0.36507936507936506,1.4603174603174602,0.8936170212765957,0.6666666666666666,1.3333333333333333,0.7741935483870968,0.7619047619047619,1.1551459293394777,0.7951868919610856,fl_loco_FedProx,TRINITY PHARMACY -AVENUES,23,FedProx
FedAvg-equal_TRINITY PHARMACY -AVENUES_s23,188,62,0.32978723404255317,0.6041730298954335,1.8320085422635728,0.7946748591909882,0.17582261604483707,0.1226687170030575,0.4869620526361715,0.7571684587813621,1.0493791798416081,-0.4834907384548146,0.6170212765957447,0.46774193548387094,1.870967741935484,0.5531914893617021,0.8387096774193549,1.67741935483871,0.47580645161290325,0.9516129032258065,1.4427679500520294,126,0.6702127659574468,0.9013731687487034,1.3449059978155258,0.7946748591909882,0.17582261604483707,0.12266871700305751,0.4869620526361715,0.7571684587813621,1.0493791798416083,0.48349073845481466,0.9787234042553191,0.36507936507936506,1.4603174603174602,0.8936170212765957,0.6666666666666666,1.3333333333333333,0.7903225806451613,0.7777777777777778,1.17921146953405,0.7946748591909882,fl_loco_FedAvg-equal,TRINITY PHARMACY -AVENUES,23,FedAvg-equal
SCAFFOLD_TRINITY PHARMACY -AVENUES_s23,188,62,0.32978723404255317,0.6050047763417101,1.8345306121329277,0.7949308755760369,0.17579358512834048,0.12261844001271574,0.4869620526361715,0.7571684587813621,1.048349236906344,-0.48381245724986177,0.5957446808510638,0.45161290322580644,1.8064516129032258,0.5531914893617021,0.8387096774193549,1.67741935483871,0.47580645161290325,0.9516129032258065,1.4427679500520294,126,0.6702127659574468,0.9014478289393516,1.3450173955603024,0.7949308755760369,0.17579358512834048,0.12261844001271578,0.4869620526361715,0.7571684587813621,1.048349236906344,0.4838124572498617,0.9787234042553191,0.36507936507936506,1.4603174603174602,0.8936170212765957,0.6666666666666666,1.3333333333333333,0.7903225806451613,0.7777777777777778,1.17921146953405,0.7949308755760369,fl_loco_SCAFFOLD,TRINITY PHARMACY -AVENUES,23,SCAFFOLD
FedAdam_TRINITY PHARMACY -AVENUES_s23,188,62,0.32978723404255317,0.6228875391122397,1.8887557637596948,0.8032514080901177,0.17399000987240854,0.11799531274814812,0.4938814711176939,0.761136712749616,0.9282867729331219,-0.4698974731164355,0.6170212765957447,0.46774193548387094,1.870967741935484,0.5638297872340425,0.8548387096774194,1.7096774193548387,0.4838709677419355,0.967741935483871,1.4672216441207078,126,0.6702127659574468,0.9078298819320425,1.354539823835111,0.8032514080901177,0.17399000987240854,0.11799531274814808,0.4938814711176939,0.761136712749616,0.928286772933122,0.4698974731164357,0.9787234042553191,0.36507936507936506,1.4603174603174602,0.9042553191489362,0.6746031746031746,1.3492063492063493,0.782258064516129,0.7698412698412699,1.167178699436764,0.8032514080901177,fl_loco_FedAdam,TRINITY PHARMACY -AVENUES,23,FedAdam
FedAvg_TRINITY PHARMACY -AVENUES_s37,188,62,0.32978723404255317,0.617141453202995,1.871332148421985,0.7955709165386584,0.175008673134679,0.11852449460312564,0.5008421855596721,0.76510496671787,0.9756513243174396,-0.4878025970707324,0.6382978723404256,0.4838709677419355,1.9354838709677422,0.5531914893617021,0.8387096774193549,1.67741935483871,0.47580645161290325,0.9516129032258065,1.4427679500520294,126,0.6702127659574468,0.9014129826083979,1.3449654026220539,0.7955709165386585,0.175008673134679,0.11852449460312565,0.5008421855596721,0.76510496671787,0.9756513243174396,0.4878025970707325,0.9787234042553191,0.36507936507936506,1.4603174603174602,0.8936170212765957,0.6666666666666666,1.3333333333333333,0.7741935483870968,0.7619047619047619,1.1551459293394777,0.7955709165386584,fl_loco_FedAvg,TRINITY PHARMACY -AVENUES,37,FedAvg
FedProx_TRINITY PHARMACY -AVENUES_s37,188,62,0.32978723404255317,0.6159565814293287,1.867739311430868,0.7951868919610856,0.17499606970343562,0.11866331619346943,0.5008421855596721,0.76510496671787,0.9765605228570399,-0.4886616986497309,0.6382978723404256,0.4838709677419355,1.9354838709677422,0.5531914893617021,0.8387096774193549,1.67741935483871,0.47580645161290325,0.9516129032258065,1.4427679500520294,126,0.6702127659574468,0.9012870550274761,1.3447775106759166,0.7951868919610856,0.17499606970343562,0.11866331619346948,0.5008421855596721,0.76510496671787,0.9765605228570399,0.48866169864973086,0.9787234042553191,0.36507936507936506,1.4603174603174602,0.8936170212765957,0.6666666666666666,1.3333333333333333,0.7741935483870968,0.7619047619047619,1.1551459293394777,0.7951868919610856,fl_loco_FedProx,TRINITY PHARMACY -AVENUES,37,FedProx
FedAvg-equal_TRINITY PHARMACY -AVENUES_s37,188,62,0.32978723404255317,0.6041730298954335,1.8320085422635728,0.7946748591909882,0.17582261604483707,0.1226687170030575,0.4869620526361715,0.7571684587813621,1.0493791798416081,-0.4834907384548146,0.6170212765957447,0.46774193548387094,1.870967741935484,0.5531914893617021,0.8387096774193549,1.67741935483871,0.47580645161290325,0.9516129032258065,1.4427679500520294,126,0.6702127659574468,0.9013731687487034,1.3449059978155258,0.7946748591909882,0.17582261604483707,0.12266871700305751,0.4869620526361715,0.7571684587813621,1.0493791798416083,0.48349073845481466,0.9787234042553191,0.36507936507936506,1.4603174603174602,0.8936170212765957,0.6666666666666666,1.3333333333333333,0.7903225806451613,0.7777777777777778,1.17921146953405,0.7946748591909882,fl_loco_FedAvg-equal,TRINITY PHARMACY -AVENUES,37,FedAvg-equal
SCAFFOLD_TRINITY PHARMACY -AVENUES_s37,188,62,0.32978723404255317,0.6050047763417101,1.8345306121329277,0.7949308755760369,0.17579358512834048,0.12261844001271574,0.4869620526361715,0.7571684587813621,1.048349236906344,-0.48381245724986177,0.5957446808510638,0.45161290322580644,1.8064516129032258,0.5531914893617021,0.8387096774193549,1.67741935483871,0.47580645161290325,0.9516129032258065,1.4427679500520294,126,0.6702127659574468,0.9014478289393516,1.3450173955603024,0.7949308755760369,0.17579358512834048,0.12261844001271578,0.4869620526361715,0.7571684587813621,1.048349236906344,0.4838124572498617,0.9787234042553191,0.36507936507936506,1.4603174603174602,0.8936170212765957,0.6666666666666666,1.3333333333333333,0.7903225806451613,0.7777777777777778,1.17921146953405,0.7949308755760369,fl_loco_SCAFFOLD,TRINITY PHARMACY -AVENUES,37,SCAFFOLD
FedAdam_TRINITY PHARMACY -AVENUES_s37,188,62,0.32978723404255317,0.6228875391122397,1.8887557637596948,0.8032514080901177,0.17399000987240854,0.11799531274814812,0.4938814711176939,0.761136712749616,0.9282867729331219,-0.4698974731164355,0.6170212765957447,0.46774193548387094,1.870967741935484,0.5638297872340425,0.8548387096774194,1.7096774193548387,0.4838709677419355,0.967741935483871,1.4672216441207078,126,0.6702127659574468,0.9078298819320425,1.354539823835111,0.8032514080901177,0.17399000987240854,0.11799531274814808,0.4938814711176939,0.761136712749616,0.928286772933122,0.4698974731164357,0.9787234042553191,0.36507936507936506,1.4603174603174602,0.9042553191489362,0.6746031746031746,1.3492063492063493,0.782258064516129,0.7698412698412699,1.167178699436764,0.8032514080901177,fl_loco_FedAdam,TRINITY PHARMACY -AVENUES,37,FedAdam
FedAvg_WATERSHED PHARMACY_s7,122,45,0.36885245901639346,0.5181945777271929,1.4048830773937229,0.7168831168831169,0.2236563572088321,0.1839181913146339,0.38917532226161444,0.6893217893217893,0.6306978947748407,-0.549168603700275,0.5333333333333333,0.35555555555555557,1.4459259259259258,0.5409836065573771,0.7333333333333333,1.4666666666666668,0.5125,0.9111111111111111,1.3894444444444443,77,0.6311475409836066,0.8414852606435144,1.3332623610195942,0.7168831168831169,0.2236563572088321,0.18391819131463402,0.38917532226161444,0.6893217893217893,0.6306978947748407,0.549168603700275,0.9,0.35064935064935066,1.425974025974026,0.8032786885245902,0.6363636363636364,1.2727272727272727,0.7,0.7272727272727273,1.109090909090909,0.7168831168831169,fl_loco_FedAvg,WATERSHED PHARMACY,7,FedAvg
FedProx_WATERSHED PHARMACY_s7,122,45,0.36885245901639346,0.5181945777271929,1.4048830773937229,0.7168831168831169,0.22366452084742144,0.183911355094518,0.38917532226161444,0.6893217893217893,0.6304259326758845,-0.5492135288415132,0.5333333333333333,0.35555555555555557,1.4459259259259258,0.5409836065573771,0.7333333333333333,1.4666666666666668,0.5125,0.9111111111111111,1.3894444444444443,77,0.6311475409836066,0.8414852606435144,1.3332623610195942,0.7168831168831169,0.22366452084742142,0.183911355094518,0.38917532226161444,0.6893217893217893,0.6304259326758845,0.5492135288415132,0.9,0.35064935064935066,1.425974025974026,0.8032786885245902,0.6363636363636364,1.2727272727272727,0.7,0.7272727272727273,1.109090909090909,0.7168831168831169,fl_loco_FedProx,WATERSHED PHARMACY,7,FedProx
FedAvg-equal_WATERSHED PHARMACY_s7,122,45,0.36885245901639346,0.5255627957918039,1.4248591352577793,0.720923520923521,0.21991150231029163,0.16912962547264895,0.38917532226161444,0.6893217893217893,0.689675086383392,-0.5493517418604567,0.5666666666666667,0.37777777777777777,1.5362962962962963,0.5573770491803278,0.7555555555555555,1.5111111111111108,0.5,0.8888888888888888,1.3555555555555554,77,0.6311475409836066,0.8433712618068336,1.3362505706549832,0.720923520923521,0.21991150231029163,0.16912962547264895,0.38917532226161444,0.6893217893217893,0.689675086383392,0.5493517418604567,0.9,0.35064935064935066,1.425974025974026,0.819672131147541,0.6493506493506493,1.2987012987012987,0.7,0.7272727272727273,1.109090909090909,0.720923520923521,fl_loco_FedAvg-equal,WATERSHED PHARMACY,7,FedAvg-equal
SCAFFOLD_WATERSHED PHARMACY_s7,122,45,0.36885245901639346,0.5255627957918039,1.4248591352577793,0.720923520923521,0.21996568170621614,0.17084059600588686,0.38917532226161444,0.6893217893217893,0.6889457352263375,-0.5492651987782607,0.5666666666666667,0.37777777777777777,1.5362962962962963,0.5573770491803278,0.7555555555555555,1.5111111111111108,0.5,0.8888888888888888,1.3555555555555554,77,0.6311475409836066,0.8433712618068336,1.3362505706549832,0.720923520923521,0.21996568170621614,0.1708405960058868,0.38917532226161444,0.6893217893217893,0.6889457352263376,0.5492651987782609,0.9,0.35064935064935066,1.425974025974026,0.819672131147541,0.6493506493506493,1.2987012987012987,0.7,0.7272727272727273,1.109090909090909,0.720923520923521,fl_loco_SCAFFOLD,WATERSHED PHARMACY,7,SCAFFOLD
FedAdam_WATERSHED PHARMACY_s7,122,45,0.36885245901639346,0.5110856735619428,1.3856100483234892,0.7174603174603175,0.22065560224128372,0.1637693394356245,0.4083694083694084,0.7041847041847041,0.557562302797004,-0.517018595883312,0.5,0.3333333333333333,1.3555555555555554,0.5573770491803278,0.7555555555555555,1.5111111111111108,0.5125,0.9111111111111111,1.3894444444444443,77,0.6311475409836066,0.8427477096152189,1.3352626048448923,0.7174603174603176,0.22065560224128372,0.16376933943562447,0.4083694083694084,0.7041847041847041,0.557562302797004,0.517018595883312,0.9,0.35064935064935066,1.425974025974026,0.819672131147541,0.6493506493506493,1.2987012987012987,0.7125,0.7402597402597403,1.1288961038961038,0.7174603174603175,fl_loco_FedAdam,WATERSHED PHARMACY,7,FedAdam
FedAvg_WATERSHED PHARMACY_s11,122,45,0.36885245901639346,0.5181945777271929,1.4048830773937229,0.7168831168831169,0.2236563572088321,0.1839181913146339,0.38917532226161444,0.6893217893217893,0.6306978947748407,-0.549168603700275,0.5333333333333333,0.35555555555555557,1.4459259259259258,0.5409836065573771,0.7333333333333333,1.4666666666666668,0.5125,0.9111111111111111,1.3894444444444443,77,0.6311475409836066,0.8414852606435144,1.3332623610195942,0.7168831168831169,0.2236563572088321,0.18391819131463402,0.38917532226161444,0.6893217893217893,0.6306978947748407,0.549168603700275,0.9,0.35064935064935066,1.425974025974026,0.8032786885245902,0.6363636363636364,1.2727272727272727,0.7,0.7272727272727273,1.109090909090909,0.7168831168831169,fl_loco_FedAvg,WATERSHED PHARMACY,11,FedAvg
FedProx_WATERSHED PHARMACY_s11,122,45,0.36885245901639346,0.5181945777271929,1.4048830773937229,0.7168831168831169,0.22366452084742144,0.183911355094518,0.38917532226161444,0.6893217893217893,0.6304259326758845,-0.5492135288415132,0.5333333333333333,0.35555555555555557,1.4459259259259258,0.5409836065573771,0.7333333333333333,1.4666666666666668,0.5125,0.9111111111111111,1.3894444444444443,77,0.6311475409836066,0.8414852606435144,1.3332623610195942,0.7168831168831169,0.22366452084742142,0.183911355094518,0.38917532226161444,0.6893217893217893,0.6304259326758845,0.5492135288415132,0.9,0.35064935064935066,1.425974025974026,0.8032786885245902,0.6363636363636364,1.2727272727272727,0.7,0.7272727272727273,1.109090909090909,0.7168831168831169,fl_loco_FedProx,WATERSHED PHARMACY,11,FedProx
FedAvg-equal_WATERSHED PHARMACY_s11,122,45,0.36885245901639346,0.5255627957918039,1.4248591352577793,0.720923520923521,0.21991150231029163,0.16912962547264895,0.38917532226161444,0.6893217893217893,0.689675086383392,-0.5493517418604567,0.5666666666666667,0.37777777777777777,1.5362962962962963,0.5573770491803278,0.7555555555555555,1.5111111111111108,0.5,0.8888888888888888,1.3555555555555554,77,0.6311475409836066,0.8433712618068336,1.3362505706549832,0.720923520923521,0.21991150231029163,0.16912962547264895,0.38917532226161444,0.6893217893217893,0.689675086383392,0.5493517418604567,0.9,0.35064935064935066,1.425974025974026,0.819672131147541,0.6493506493506493,1.2987012987012987,0.7,0.7272727272727273,1.109090909090909,0.720923520923521,fl_loco_FedAvg-equal,WATERSHED PHARMACY,11,FedAvg-equal
SCAFFOLD_WATERSHED PHARMACY_s11,122,45,0.36885245901639346,0.5255627957918039,1.4248591352577793,0.720923520923521,0.21996568170621614,0.17084059600588686,0.38917532226161444,0.6893217893217893,0.6889457352263375,-0.5492651987782607,0.5666666666666667,0.37777777777777777,1.5362962962962963,0.5573770491803278,0.7555555555555555,1.5111111111111108,0.5,0.8888888888888888,1.3555555555555554,77,0.6311475409836066,0.8433712618068336,1.3362505706549832,0.720923520923521,0.21996568170621614,0.1708405960058868,0.38917532226161444,0.6893217893217893,0.6889457352263376,0.5492651987782609,0.9,0.35064935064935066,1.425974025974026,0.819672131147541,0.6493506493506493,1.2987012987012987,0.7,0.7272727272727273,1.109090909090909,0.720923520923521,fl_loco_SCAFFOLD,WATERSHED PHARMACY,11,SCAFFOLD
FedAdam_WATERSHED PHARMACY_s11,122,45,0.36885245901639346,0.5110856735619428,1.3856100483234892,0.7174603174603175,0.22065560224128372,0.1637693394356245,0.4083694083694084,0.7041847041847041,0.557562302797004,-0.517018595883312,0.5,0.3333333333333333,1.3555555555555554,0.5573770491803278,0.7555555555555555,1.5111111111111108,0.5125,0.9111111111111111,1.3894444444444443,77,0.6311475409836066,0.8427477096152189,1.3352626048448923,0.7174603174603176,0.22065560224128372,0.16376933943562447,0.4083694083694084,0.7041847041847041,0.557562302797004,0.517018595883312,0.9,0.35064935064935066,1.425974025974026,0.819672131147541,0.6493506493506493,1.2987012987012987,0.7125,0.7402597402597403,1.1288961038961038,0.7174603174603175,fl_loco_FedAdam,WATERSHED PHARMACY,11,FedAdam
FedAvg_WATERSHED PHARMACY_s19,122,45,0.36885245901639346,0.5181945777271929,1.4048830773937229,0.7168831168831169,0.2236563572088321,0.1839181913146339,0.38917532226161444,0.6893217893217893,0.6306978947748407,-0.549168603700275,0.5333333333333333,0.35555555555555557,1.4459259259259258,0.5409836065573771,0.7333333333333333,1.4666666666666668,0.5125,0.9111111111111111,1.3894444444444443,77,0.6311475409836066,0.8414852606435144,1.3332623610195942,0.7168831168831169,0.2236563572088321,0.18391819131463402,0.38917532226161444,0.6893217893217893,0.6306978947748407,0.549168603700275,0.9,0.35064935064935066,1.425974025974026,0.8032786885245902,0.6363636363636364,1.2727272727272727,0.7,0.7272727272727273,1.109090909090909,0.7168831168831169,fl_loco_FedAvg,WATERSHED PHARMACY,19,FedAvg
FedProx_WATERSHED PHARMACY_s19,122,45,0.36885245901639346,0.5181945777271929,1.4048830773937229,0.7168831168831169,0.22366452084742144,0.183911355094518,0.38917532226161444,0.6893217893217893,0.6304259326758845,-0.5492135288415132,0.5333333333333333,0.35555555555555557,1.4459259259259258,0.5409836065573771,0.7333333333333333,1.4666666666666668,0.5125,0.9111111111111111,1.3894444444444443,77,0.6311475409836066,0.8414852606435144,1.3332623610195942,0.7168831168831169,0.22366452084742142,0.183911355094518,0.38917532226161444,0.6893217893217893,0.6304259326758845,0.5492135288415132,0.9,0.35064935064935066,1.425974025974026,0.8032786885245902,0.6363636363636364,1.2727272727272727,0.7,0.7272727272727273,1.109090909090909,0.7168831168831169,fl_loco_FedProx,WATERSHED PHARMACY,19,FedProx
FedAvg-equal_WATERSHED PHARMACY_s19,122,45,0.36885245901639346,0.5255627957918039,1.4248591352577793,0.720923520923521,0.21991150231029163,0.16912962547264895,0.38917532226161444,0.6893217893217893,0.689675086383392,-0.5493517418604567,0.5666666666666667,0.37777777777777777,1.5362962962962963,0.5573770491803278,0.7555555555555555,1.5111111111111108,0.5,0.8888888888888888,1.3555555555555554,77,0.6311475409836066,0.8433712618068336,1.3362505706549832,0.720923520923521,0.21991150231029163,0.16912962547264895,0.38917532226161444,0.6893217893217893,0.689675086383392,0.5493517418604567,0.9,0.35064935064935066,1.425974025974026,0.819672131147541,0.6493506493506493,1.2987012987012987,0.7,0.7272727272727273,1.109090909090909,0.720923520923521,fl_loco_FedAvg-equal,WATERSHED PHARMACY,19,FedAvg-equal
SCAFFOLD_WATERSHED PHARMACY_s19,122,45,0.36885245901639346,0.5255627957918039,1.4248591352577793,0.720923520923521,0.21996568170621614,0.17084059600588686,0.38917532226161444,0.6893217893217893,0.6889457352263375,-0.5492651987782607,0.5666666666666667,0.37777777777777777,1.5362962962962963,0.5573770491803278,0.7555555555555555,1.5111111111111108,0.5,0.8888888888888888,1.3555555555555554,77,0.6311475409836066,0.8433712618068336,1.3362505706549832,0.720923520923521,0.21996568170621614,0.1708405960058868,0.38917532226161444,0.6893217893217893,0.6889457352263376,0.5492651987782609,0.9,0.35064935064935066,1.425974025974026,0.819672131147541,0.6493506493506493,1.2987012987012987,0.7,0.7272727272727273,1.109090909090909,0.720923520923521,fl_loco_SCAFFOLD,WATERSHED PHARMACY,19,SCAFFOLD
FedAdam_WATERSHED PHARMACY_s19,122,45,0.36885245901639346,0.5110856735619428,1.3856100483234892,0.7174603174603175,0.22065560224128372,0.1637693394356245,0.4083694083694084,0.7041847041847041,0.557562302797004,-0.517018595883312,0.5,0.3333333333333333,1.3555555555555554,0.5573770491803278,0.7555555555555555,1.5111111111111108,0.5125,0.9111111111111111,1.3894444444444443,77,0.6311475409836066,0.8427477096152189,1.3352626048448923,0.7174603174603176,0.22065560224128372,0.16376933943562447,0.4083694083694084,0.7041847041847041,0.557562302797004,0.517018595883312,0.9,0.35064935064935066,1.425974025974026,0.819672131147541,0.6493506493506493,1.2987012987012987,0.7125,0.7402597402597403,1.1288961038961038,0.7174603174603175,fl_loco_FedAdam,WATERSHED PHARMACY,19,FedAdam
FedAvg_WATERSHED PHARMACY_s23,122,45,0.36885245901639346,0.5181945777271929,1.4048830773937229,0.7168831168831169,0.2236563572088321,0.1839181913146339,0.38917532226161444,0.6893217893217893,0.6306978947748407,-0.549168603700275,0.5333333333333333,0.35555555555555557,1.4459259259259258,0.5409836065573771,0.7333333333333333,1.4666666666666668,0.5125,0.9111111111111111,1.3894444444444443,77,0.6311475409836066,0.8414852606435144,1.3332623610195942,0.7168831168831169,0.2236563572088321,0.18391819131463402,0.38917532226161444,0.6893217893217893,0.6306978947748407,0.549168603700275,0.9,0.35064935064935066,1.425974025974026,0.8032786885245902,0.6363636363636364,1.2727272727272727,0.7,0.7272727272727273,1.109090909090909,0.7168831168831169,fl_loco_FedAvg,WATERSHED PHARMACY,23,FedAvg
FedProx_WATERSHED PHARMACY_s23,122,45,0.36885245901639346,0.5181945777271929,1.4048830773937229,0.7168831168831169,0.22366452084742144,0.183911355094518,0.38917532226161444,0.6893217893217893,0.6304259326758845,-0.5492135288415132,0.5333333333333333,0.35555555555555557,1.4459259259259258,0.5409836065573771,0.7333333333333333,1.4666666666666668,0.5125,0.9111111111111111,1.3894444444444443,77,0.6311475409836066,0.8414852606435144,1.3332623610195942,0.7168831168831169,0.22366452084742142,0.183911355094518,0.38917532226161444,0.6893217893217893,0.6304259326758845,0.5492135288415132,0.9,0.35064935064935066,1.425974025974026,0.8032786885245902,0.6363636363636364,1.2727272727272727,0.7,0.7272727272727273,1.109090909090909,0.7168831168831169,fl_loco_FedProx,WATERSHED PHARMACY,23,FedProx
FedAvg-equal_WATERSHED PHARMACY_s23,122,45,0.36885245901639346,0.5255627957918039,1.4248591352577793,0.720923520923521,0.21991150231029163,0.16912962547264895,0.38917532226161444,0.6893217893217893,0.689675086383392,-0.5493517418604567,0.5666666666666667,0.37777777777777777,1.5362962962962963,0.5573770491803278,0.7555555555555555,1.5111111111111108,0.5,0.8888888888888888,1.3555555555555554,77,0.6311475409836066,0.8433712618068336,1.3362505706549832,0.720923520923521,0.21991150231029163,0.16912962547264895,0.38917532226161444,0.6893217893217893,0.689675086383392,0.5493517418604567,0.9,0.35064935064935066,1.425974025974026,0.819672131147541,0.6493506493506493,1.2987012987012987,0.7,0.7272727272727273,1.109090909090909,0.720923520923521,fl_loco_FedAvg-equal,WATERSHED PHARMACY,23,FedAvg-equal
SCAFFOLD_WATERSHED PHARMACY_s23,122,45,0.36885245901639346,0.5255627957918039,1.4248591352577793,0.720923520923521,0.21996568170621614,0.17084059600588686,0.38917532226161444,0.6893217893217893,0.6889457352263375,-0.5492651987782607,0.5666666666666667,0.37777777777777777,1.5362962962962963,0.5573770491803278,0.7555555555555555,1.5111111111111108,0.5,0.8888888888888888,1.3555555555555554,77,0.6311475409836066,0.8433712618068336,1.3362505706549832,0.720923520923521,0.21996568170621614,0.1708405960058868,0.38917532226161444,0.6893217893217893,0.6889457352263376,0.5492651987782609,0.9,0.35064935064935066,1.425974025974026,0.819672131147541,0.6493506493506493,1.2987012987012987,0.7,0.7272727272727273,1.109090909090909,0.720923520923521,fl_loco_SCAFFOLD,WATERSHED PHARMACY,23,SCAFFOLD
FedAdam_WATERSHED PHARMACY_s23,122,45,0.36885245901639346,0.5110856735619428,1.3856100483234892,0.7174603174603175,0.22065560224128372,0.1637693394356245,0.4083694083694084,0.7041847041847041,0.557562302797004,-0.517018595883312,0.5,0.3333333333333333,1.3555555555555554,0.5573770491803278,0.7555555555555555,1.5111111111111108,0.5125,0.9111111111111111,1.3894444444444443,77,0.6311475409836066,0.8427477096152189,1.3352626048448923,0.7174603174603176,0.22065560224128372,0.16376933943562447,0.4083694083694084,0.7041847041847041,0.557562302797004,0.517018595883312,0.9,0.35064935064935066,1.425974025974026,0.819672131147541,0.6493506493506493,1.2987012987012987,0.7125,0.7402597402597403,1.1288961038961038,0.7174603174603175,fl_loco_FedAdam,WATERSHED PHARMACY,23,FedAdam
FedAvg_WATERSHED PHARMACY_s37,122,45,0.36885245901639346,0.5181945777271929,1.4048830773937229,0.7168831168831169,0.2236563572088321,0.1839181913146339,0.38917532226161444,0.6893217893217893,0.6306978947748407,-0.549168603700275,0.5333333333333333,0.35555555555555557,1.4459259259259258,0.5409836065573771,0.7333333333333333,1.4666666666666668,0.5125,0.9111111111111111,1.3894444444444443,77,0.6311475409836066,0.8414852606435144,1.3332623610195942,0.7168831168831169,0.2236563572088321,0.18391819131463402,0.38917532226161444,0.6893217893217893,0.6306978947748407,0.549168603700275,0.9,0.35064935064935066,1.425974025974026,0.8032786885245902,0.6363636363636364,1.2727272727272727,0.7,0.7272727272727273,1.109090909090909,0.7168831168831169,fl_loco_FedAvg,WATERSHED PHARMACY,37,FedAvg
FedProx_WATERSHED PHARMACY_s37,122,45,0.36885245901639346,0.5181945777271929,1.4048830773937229,0.7168831168831169,0.22366452084742144,0.183911355094518,0.38917532226161444,0.6893217893217893,0.6304259326758845,-0.5492135288415132,0.5333333333333333,0.35555555555555557,1.4459259259259258,0.5409836065573771,0.7333333333333333,1.4666666666666668,0.5125,0.9111111111111111,1.3894444444444443,77,0.6311475409836066,0.8414852606435144,1.3332623610195942,0.7168831168831169,0.22366452084742142,0.183911355094518,0.38917532226161444,0.6893217893217893,0.6304259326758845,0.5492135288415132,0.9,0.35064935064935066,1.425974025974026,0.8032786885245902,0.6363636363636364,1.2727272727272727,0.7,0.7272727272727273,1.109090909090909,0.7168831168831169,fl_loco_FedProx,WATERSHED PHARMACY,37,FedProx
FedAvg-equal_WATERSHED PHARMACY_s37,122,45,0.36885245901639346,0.5255627957918039,1.4248591352577793,0.720923520923521,0.21991150231029163,0.16912962547264895,0.38917532226161444,0.6893217893217893,0.689675086383392,-0.5493517418604567,0.5666666666666667,0.37777777777777777,1.5362962962962963,0.5573770491803278,0.7555555555555555,1.5111111111111108,0.5,0.8888888888888888,1.3555555555555554,77,0.6311475409836066,0.8433712618068336,1.3362505706549832,0.720923520923521,0.21991150231029163,0.16912962547264895,0.38917532226161444,0.6893217893217893,0.689675086383392,0.5493517418604567,0.9,0.35064935064935066,1.425974025974026,0.819672131147541,0.6493506493506493,1.2987012987012987,0.7,0.7272727272727273,1.109090909090909,0.720923520923521,fl_loco_FedAvg-equal,WATERSHED PHARMACY,37,FedAvg-equal
SCAFFOLD_WATERSHED PHARMACY_s37,122,45,0.36885245901639346,0.5255627957918039,1.4248591352577793,0.720923520923521,0.21996568170621614,0.17084059600588686,0.38917532226161444,0.6893217893217893,0.6889457352263375,-0.5492651987782607,0.5666666666666667,0.37777777777777777,1.5362962962962963,0.5573770491803278,0.7555555555555555,1.5111111111111108,0.5,0.8888888888888888,1.3555555555555554,77,0.6311475409836066,0.8433712618068336,1.3362505706549832,0.720923520923521,0.21996568170621614,0.1708405960058868,0.38917532226161444,0.6893217893217893,0.6889457352263376,0.5492651987782609,0.9,0.35064935064935066,1.425974025974026,0.819672131147541,0.6493506493506493,1.2987012987012987,0.7,0.7272727272727273,1.109090909090909,0.720923520923521,fl_loco_SCAFFOLD,WATERSHED PHARMACY,37,SCAFFOLD
FedAdam_WATERSHED PHARMACY_s37,122,45,0.36885245901639346,0.5110856735619428,1.3856100483234892,0.7174603174603175,0.22065560224128372,0.1637693394356245,0.4083694083694084,0.7041847041847041,0.557562302797004,-0.517018595883312,0.5,0.3333333333333333,1.3555555555555554,0.5573770491803278,0.7555555555555555,1.5111111111111108,0.5125,0.9111111111111111,1.3894444444444443,77,0.6311475409836066,0.8427477096152189,1.3352626048448923,0.7174603174603176,0.22065560224128372,0.16376933943562447,0.4083694083694084,0.7041847041847041,0.557562302797004,0.517018595883312,0.9,0.35064935064935066,1.425974025974026,0.819672131147541,0.6493506493506493,1.2987012987012987,0.7125,0.7402597402597403,1.1288961038961038,0.7174603174603175,fl_loco_FedAdam,WATERSHED PHARMACY,37,FedAdam
Central_LongTail_s7,3716,1199,0.32265877287405814,0.614758422427742,1.9052896561647117,0.8066502246773649,0.16677618905424443,0.04018325743814813,0.4417999764518133,0.7362449107536642,0.9164358484257359,-0.2635757916881225,0.6361679224973089,0.49291075896580483,1.971643035863219,0.5285252960172229,0.8190158465387823,1.6380316930775647,0.46084828711256115,0.9424520433694745,1.4282837655632004,2517,0.6773412271259419,0.9004788338627034,1.3294316037480356,0.8066502246773649,0.16677618905424443,0.04018325743814807,0.4417999764518133,0.7362449107536642,0.916435848425736,0.26357579168812245,0.9709364908503767,0.3583631307111641,1.4334525228446562,0.8832077502691066,0.6519666269368296,1.303933253873659,0.8197389885807504,0.798569725864124,1.2102304654612905,0.8066502246773649,long_tail_central,other,7,
Central_LongTail_s11,3716,1199,0.32265877287405814,0.614758422427742,1.9052896561647117,0.8066502246773649,0.16677618905424443,0.04018325743814813,0.4417999764518133,0.7362449107536642,0.9164358484257359,-0.2635757916881225,0.6361679224973089,0.49291075896580483,1.971643035863219,0.5285252960172229,0.8190158465387823,1.6380316930775647,0.46084828711256115,0.9424520433694745,1.4282837655632004,2517,0.6773412271259419,0.9004788338627034,1.3294316037480356,0.8066502246773649,0.16677618905424443,0.04018325743814807,0.4417999764518133,0.7362449107536642,0.916435848425736,0.26357579168812245,0.9709364908503767,0.3583631307111641,1.4334525228446562,0.8832077502691066,0.6519666269368296,1.303933253873659,0.8197389885807504,0.798569725864124,1.2102304654612905,0.8066502246773649,long_tail_central,other,11,
Central_LongTail_s19,3716,1199,0.32265877287405814,0.614758422427742,1.9052896561647117,0.8066502246773649,0.16677618905424443,0.04018325743814813,0.4417999764518133,0.7362449107536642,0.9164358484257359,-0.2635757916881225,0.6361679224973089,0.49291075896580483,1.971643035863219,0.5285252960172229,0.8190158465387823,1.6380316930775647,0.46084828711256115,0.9424520433694745,1.4282837655632004,2517,0.6773412271259419,0.9004788338627034,1.3294316037480356,0.8066502246773649,0.16677618905424443,0.04018325743814807,0.4417999764518133,0.7362449107536642,0.916435848425736,0.26357579168812245,0.9709364908503767,0.3583631307111641,1.4334525228446562,0.8832077502691066,0.6519666269368296,1.303933253873659,0.8197389885807504,0.798569725864124,1.2102304654612905,0.8066502246773649,long_tail_central,other,19,
Central_LongTail_s23,3716,1199,0.32265877287405814,0.614758422427742,1.9052896561647117,0.8066502246773649,0.16677618905424443,0.04018325743814813,0.4417999764518133,0.7362449107536642,0.9164358484257359,-0.2635757916881225,0.6361679224973089,0.49291075896580483,1.971643035863219,0.5285252960172229,0.8190158465387823,1.6380316930775647,0.46084828711256115,0.9424520433694745,1.4282837655632004,2517,0.6773412271259419,0.9004788338627034,1.3294316037480356,0.8066502246773649,0.16677618905424443,0.04018325743814807,0.4417999764518133,0.7362449107536642,0.916435848425736,0.26357579168812245,0.9709364908503767,0.3583631307111641,1.4334525228446562,0.8832077502691066,0.6519666269368296,1.303933253873659,0.8197389885807504,0.798569725864124,1.2102304654612905,0.8066502246773649,long_tail_central,other,23,
Central_LongTail_s37,3716,1199,0.32265877287405814,0.614758422427742,1.9052896561647117,0.8066502246773649,0.16677618905424443,0.04018325743814813,0.4417999764518133,0.7362449107536642,0.9164358484257359,-0.2635757916881225,0.6361679224973089,0.49291075896580483,1.971643035863219,0.5285252960172229,0.8190158465387823,1.6380316930775647,0.46084828711256115,0.9424520433694745,1.4282837655632004,2517,0.6773412271259419,0.9004788338627034,1.3294316037480356,0.8066502246773649,0.16677618905424443,0.04018325743814807,0.4417999764518133,0.7362449107536642,0.916435848425736,0.26357579168812245,0.9709364908503767,0.3583631307111641,1.4334525228446562,0.8832077502691066,0.6519666269368296,1.303933253873659,0.8197389885807504,0.798569725864124,1.2102304654612905,0.8066502246773649,long_tail_central,other,37,
FedAvg_LongTail_s7,3716,1199,0.32265877287405814,0.61034474638543,1.8916105734514244,0.8030987284795336,0.17320047930919236,0.08146363618656878,0.4293473408821694,0.7282126245450867,0.9687218138986207,-0.485857385611065,0.6243272335844995,0.4837364470391993,1.9349457881567973,0.5269106566200216,0.8165137614678899,1.6330275229357798,0.45840130505709625,0.9374478732276897,1.42069995795844,2517,0.6773412271259419,0.8987993403007666,1.3269520653784856,0.8030987284795336,0.17320047930919236,0.08146363618656881,0.4293473408821694,0.7282126245450867,0.9687218138986207,0.485857385611065,0.9677072120559742,0.35717123559793407,1.4286849423917363,0.8815931108719053,0.6507747318235996,1.301549463647199,0.817699836867863,0.7965832340087405,1.2072199419153669,0.8030987284795336,long_tail_fedavg,other,7,
FedAvg_LongTail_s11,3716,1199,0.32265877287405814,0.61034474638543,1.8916105734514244,0.8030987284795336,0.17320047930919236,0.08146363618656878,0.4293473408821694,0.7282126245450867,0.9687218138986207,-0.485857385611065,0.6243272335844995,0.4837364470391993,1.9349457881567973,0.5269106566200216,0.8165137614678899,1.6330275229357798,0.45840130505709625,0.9374478732276897,1.42069995795844,2517,0.6773412271259419,0.8987993403007666,1.3269520653784856,0.8030987284795336,0.17320047930919236,0.08146363618656881,0.4293473408821694,0.7282126245450867,0.9687218138986207,0.485857385611065,0.9677072120559742,0.35717123559793407,1.4286849423917363,0.8815931108719053,0.6507747318235996,1.301549463647199,0.817699836867863,0.7965832340087405,1.2072199419153669,0.8030987284795336,long_tail_fedavg,other,11,
FedAvg_LongTail_s19,3716,1199,0.32265877287405814,0.61034474638543,1.8916105734514244,0.8030987284795336,0.17320047930919236,0.08146363618656878,0.4293473408821694,0.7282126245450867,0.9687218138986207,-0.485857385611065,0.6243272335844995,0.4837364470391993,1.9349457881567973,0.5269106566200216,0.8165137614678899,1.6330275229357798,0.45840130505709625,0.9374478732276897,1.42069995795844,2517,0.6773412271259419,0.8987993403007666,1.3269520653784856,0.8030987284795336,0.17320047930919236,0.08146363618656881,0.4293473408821694,0.7282126245450867,0.9687218138986207,0.485857385611065,0.9677072120559742,0.35717123559793407,1.4286849423917363,0.8815931108719053,0.6507747318235996,1.301549463647199,0.817699836867863,0.7965832340087405,1.2072199419153669,0.8030987284795336,long_tail_fedavg,other,19,
FedAvg_LongTail_s23,3716,1199,0.32265877287405814,0.61034474638543,1.8916105734514244,0.8030987284795336,0.17320047930919236,0.08146363618656878,0.4293473408821694,0.7282126245450867,0.9687218138986207,-0.485857385611065,0.6243272335844995,0.4837364470391993,1.9349457881567973,0.5269106566200216,0.8165137614678899,1.6330275229357798,0.45840130505709625,0.9374478732276897,1.42069995795844,2517,0.6773412271259419,0.8987993403007666,1.3269520653784856,0.8030987284795336,0.17320047930919236,0.08146363618656881,0.4293473408821694,0.7282126245450867,0.9687218138986207,0.485857385611065,0.9677072120559742,0.35717123559793407,1.4286849423917363,0.8815931108719053,0.6507747318235996,1.301549463647199,0.817699836867863,0.7965832340087405,1.2072199419153669,0.8030987284795336,long_tail_fedavg,other,23,
FedAvg_LongTail_s37,3716,1199,0.32265877287405814,0.61034474638543,1.8916105734514244,0.8030987284795336,0.17320047930919236,0.08146363618656878,0.4293473408821694,0.7282126245450867,0.9687218138986207,-0.485857385611065,0.6243272335844995,0.4837364470391993,1.9349457881567973,0.5269106566200216,0.8165137614678899,1.6330275229357798,0.45840130505709625,0.9374478732276897,1.42069995795844,2517,0.6773412271259419,0.8987993403007666,1.3269520653784856,0.8030987284795336,0.17320047930919236,0.08146363618656881,0.4293473408821694,0.7282126245450867,0.9687218138986207,0.485857385611065,0.9677072120559742,0.35717123559793407,1.4286849423917363,0.8815931108719053,0.6507747318235996,1.301549463647199,0.817699836867863,0.7965832340087405,1.2072199419153669,0.8030987284795336,long_tail_fedavg,other,37,
