model_seed,crn_idx,scenario,round,n_attend,participation_clinical,active_clients,auroc,pr_auc,comm_cost_params,comm_cost_bytes,chain_hash
7,0,C0,1,336,0.8358,2,0.56315,0.20721,48,192,3dc72d6819408ecc
7,0,C0,2,332,0.8259,2,0.54802,0.23457,48,192,ea04cd143d17441a
7,0,C0,3,322,0.801,2,0.55759,0.18534,48,192,a623814588b4986d
7,0,C0,4,340,0.8458,2,0.55899,0.19055,48,192,479eec8a414217d2
7,0,C0,5,319,0.7935,2,0.55283,0.16505,48,192,42d94e10586defba
7,0,C0,6,328,0.8159,2,0.56345,0.22735,48,192,68c209c7c93fa644
7,0,C0,7,321,0.7985,2,0.55423,0.1872,48,192,0806d3156c9a15ec
7,0,C0,8,328,0.8159,2,0.55298,0.22934,48,192,b397cdf28dc1baf4
7,0,C0,9,333,0.8284,2,0.5425,0.21466,48,192,80621604275e4e02
7,0,C0,10,328,0.8159,2,0.55879,0.19714,48,192,906c213bcfa96fe4
7,0,C0,11,328,0.8159,2,0.54641,0.20106,48,192,7d1e8af3a979daad
7,0,C0,12,332,0.8259,2,0.56265,0.21044,48,192,ed75db2b1cc2a345
7,0,C0,13,338,0.8408,2,0.56105,0.20414,48,192,af55330c457a20be
7,0,C0,14,323,0.8035,2,0.54581,0.17989,48,192,c8c484f04657c6ab
7,0,C0,15,322,0.801,2,0.55734,0.22231,48,192,d57d4405530578bb
7,0,C0,16,313,0.7786,2,0.56806,0.20195,48,192,6a1af621894fb394
7,0,C0,17,336,0.8358,2,0.55443,0.19711,48,192,45181aa901f6cc3c
7,0,C0,18,330,0.8209,2,0.55764,0.21325,48,192,6f40463da7b569b8
7,0,C0,19,320,0.796,2,0.53939,0.21507,48,192,8f79ca740637d7ac
7,0,C0,20,329,0.8184,2,0.54842,0.23537,48,192,c69ad37806729c03
7,0,C1,1,356,0.8856,2,0.56591,0.22858,48,192,d0ead1ae2ee8a7cc
7,0,C1,2,351,0.8731,2,0.54631,0.21824,48,192,969c0bb542a68e09
7,0,C1,3,342,0.8507,2,0.56135,0.22594,48,192,0ed0334f7c8e1ecd
7,0,C1,4,360,0.8955,2,0.5615,0.22122,48,192,8c010e8eea193707
7,0,C1,5,329,0.8184,2,0.55423,0.16598,48,192,36b1e244fda5eaf9
7,0,C1,6,339,0.8433,2,0.5623,0.21342,48,192,6399975b9f0a9f5c
7,0,C1,7,342,0.8507,2,0.55528,0.20161,48,192,43330df54d56b5f5
7,0,C1,8,350,0.8706,2,0.55067,0.21743,48,192,5deff7069f7d279f
7,0,C1,9,350,0.8706,2,0.53188,0.20859,48,192,be1c4ab4e37314a0
7,0,C1,10,351,0.8731,2,0.5617,0.23499,48,192,11a95ee18777fa88
7,0,C1,11,354,0.8806,2,0.55904,0.21886,48,192,7899cf3881f5c0a4
7,0,C1,12,343,0.8532,2,0.55197,0.22976,48,192,76e3992ae97688a3
7,0,C1,13,353,0.8781,2,0.56586,0.24056,48,192,b74d1fed4d82111e
7,0,C1,14,333,0.8284,2,0.54601,0.19964,48,192,69d9e460732eb84d
7,0,C1,15,335,0.8333,2,0.55719,0.2273,48,192,d4f14ac6b8bdc710
7,0,C1,16,339,0.8433,2,0.55964,0.19417,48,192,86c34884ca18182d
7,0,C1,17,356,0.8856,2,0.56902,0.21279,48,192,f87afd6698c87786
7,0,C1,18,348,0.8657,2,0.55994,0.20048,48,192,ee8b364fffac99aa
7,0,C1,19,340,0.8458,2,0.53874,0.20713,48,192,37b4c22ebc768b67
7,0,C1,20,350,0.8706,2,0.54135,0.23239,48,192,806d7b81494755f6
7,0,C2,1,358,0.8905,2,0.56616,0.22393,48,192,66211fce7b536466
7,0,C2,2,356,0.8856,2,0.55278,0.24436,48,192,f20c0c5ecbea727d
7,0,C2,3,345,0.8582,2,0.56155,0.23044,48,192,164c2e2127aa9de7
7,0,C2,4,361,0.898,2,0.5611,0.21799,48,192,d6f822f72022eaf2
7,0,C2,5,334,0.8308,2,0.56541,0.18393,48,192,96beee323b757b13
7,0,C2,6,340,0.8458,2,0.56305,0.2331,48,192,e8c6f2e931910e76
7,0,C2,7,350,0.8706,2,0.55769,0.22283,48,192,ac4a31b18419d148
7,0,C2,8,359,0.893,2,0.55904,0.22973,48,192,e272049a5aa808f1
7,0,C2,9,353,0.8781,2,0.53929,0.20365,48,192,238e534624342f29
7,0,C2,10,357,0.8881,2,0.56395,0.23171,48,192,a14ef2f2708b6379
7,0,C2,11,356,0.8856,2,0.55854,0.21618,48,192,f48e1f65512403fe
7,0,C2,12,345,0.8582,2,0.5622,0.22844,48,192,81940e0a5f605996
7,0,C2,13,352,0.8756,2,0.57037,0.22044,48,192,26b0f50039b0e3aa
7,0,C2,14,342,0.8507,2,0.54882,0.21552,48,192,18e74b6487bd85b9
7,0,C2,15,337,0.8383,2,0.55714,0.23071,48,192,e5eb00779cf164bc
7,0,C2,16,353,0.8781,2,0.56335,0.22196,48,192,0230a086728cfd29
7,0,C2,17,358,0.8905,2,0.55358,0.21708,48,192,396cb1c2faddf844
7,0,C2,18,354,0.8806,2,0.55488,0.21183,48,192,9a60b0cce5b61498
7,0,C2,19,348,0.8657,2,0.55734,0.22956,48,192,1c229466ed39c742
7,0,C2,20,353,0.8781,2,0.54055,0.22593,48,192,4ab63cd091b5bbc0
7,0,C3,1,366,0.9104,2,0.56841,0.22962,48,192,afcf24d6cd670831
7,0,C3,2,364,0.9055,2,0.55388,0.24268,48,192,499b8512bd2c926c
7,0,C3,3,353,0.8781,2,0.56325,0.23056,48,192,1a0d641156d604a9
7,0,C3,4,367,0.9129,2,0.5628,0.21544,48,192,f70cbd3b0ea41098
7,0,C3,5,340,0.8458,2,0.56721,0.18882,48,192,e2cfbf047ab03408
7,0,C3,6,350,0.8706,2,0.56496,0.21731,48,192,91d8ec10caf645af
7,0,C3,7,355,0.8831,2,0.55834,0.21631,48,192,a9a6aac0f5ae8f5a
7,0,C3,8,363,0.903,2,0.55814,0.22675,48,192,1892dd4af85f4ca7
7,0,C3,9,365,0.908,2,0.5404,0.21404,48,192,8fd8c3f6a5eee9bb
7,0,C3,10,364,0.9055,2,0.56541,0.23312,48,192,9c8d35986220eddd
7,0,C3,11,361,0.898,2,0.55939,0.22577,48,192,fab57bc0a1f2d833
7,0,C3,12,356,0.8856,2,0.55122,0.24092,48,192,f266c568f8b6652b
7,0,C3,13,359,0.893,2,0.57122,0.23152,48,192,9bb855dae7f6a280
7,0,C3,14,348,0.8657,2,0.54636,0.22338,48,192,f4e75c007100ef91
7,0,C3,15,346,0.8607,2,0.55684,0.23139,48,192,a9e3bcbf9b1eec60
7,0,C3,16,357,0.8881,2,0.5628,0.22416,48,192,9e2601e2440d489d
7,0,C3,17,365,0.908,2,0.56215,0.21852,48,192,9b01dc63bf1aacea
7,0,C3,18,356,0.8856,2,0.55458,0.21112,48,192,267a73d402f10146
7,0,C3,19,353,0.8781,2,0.55749,0.22851,48,192,76405c961ae3b3a3
7,0,C3,20,362,0.9005,2,0.54255,0.22393,48,192,4b569203882a48bc
7,1,C0,1,326,0.8109,2,0.55849,0.23056,48,192,5b0c0966292597e0
7,1,C0,2,337,0.8383,2,0.55613,0.24819,48,192,74e19f36e72ef791
7,1,C0,3,336,0.8358,2,0.54706,0.22364,48,192,7d046a438f1c689f
7,1,C0,4,336,0.8358,2,0.55769,0.23101,48,192,989ba53380d93774
7,1,C0,5,332,0.8259,2,0.56115,0.18498,48,192,991b110eee2f8a4b
7,1,C0,6,332,0.8259,2,0.55719,0.2114,48,192,c71c6790e39ba71e
7,1,C0,7,332,0.8259,2,0.57884,0.20855,48,192,48d94a86bc63e705
7,1,C0,8,314,0.7811,2,0.55498,0.18471,48,192,a41454e94944583e
7,1,C0,9,324,0.806,2,0.55899,0.22641,48,192,2999047ce7f12177
7,1,C0,10,319,0.7935,2,0.57353,0.21003,48,192,347f0b0a92055ff9
7,1,C0,11,328,0.8159,2,0.56135,0.19847,48,192,e769e812b50b10ce
7,1,C0,12,318,0.791,2,0.53288,0.16243,48,192,aee64fab855e5be6
7,1,C0,13,327,0.8134,2,0.54952,0.19181,48,192,dd7df5212d1f4420
7,1,C0,14,321,0.7985,2,0.5397,0.16222,48,192,ef1c6345241697de
7,1,C0,15,327,0.8134,2,0.57323,0.19666,48,192,831cef9afc196383
7,1,C0,16,313,0.7786,2,0.55122,0.21529,48,192,314c980d4d65b01f
7,1,C0,17,321,0.7985,2,0.55884,0.20201,48,192,1289b31c53440fef
7,1,C0,18,330,0.8209,2,0.56305,0.23014,48,192,a439ec4cba4f5d06
7,1,C0,19,324,0.806,2,0.54686,0.2103,48,192,66858cda0f825bca
7,1,C0,20,327,0.8134,2,0.5617,0.20121,48,192,299a64e7d0a4d3dd
7,1,C1,1,342,0.8507,2,0.55974,0.23164,48,192,ac85a355c31dfb3e
7,1,C1,2,351,0.8731,2,0.56902,0.24054,48,192,360e74947c45ea88
7,1,C1,3,351,0.8731,2,0.55618,0.20965,48,192,6c06f9adc0951a52
7,1,C1,4,348,0.8657,2,0.56019,0.23587,48,192,5476c44058a882ed
7,1,C1,5,351,0.8731,2,0.57854,0.20041,48,192,fe1e8802faf500cb
7,1,C1,6,350,0.8706,2,0.55734,0.21689,48,192,970faee7155b3c5f
7,1,C1,7,339,0.8433,2,0.57668,0.21473,48,192,c6bde03ccdb1968c
7,1,C1,8,337,0.8383,2,0.54827,0.20987,48,192,0d9a983af52cb79e
7,1,C1,9,348,0.8657,2,0.5632,0.20915,48,192,575c8bc39633e9a4
7,1,C1,10,345,0.8582,2,0.58145,0.21549,48,192,e81590ae251008c8
7,1,C1,11,344,0.8557,2,0.55999,0.21952,48,192,86a645e32ca5cc71
7,1,C1,12,336,0.8358,2,0.54391,0.21212,48,192,897ae1b9912f629d
7,1,C1,13,352,0.8756,2,0.55563,0.22947,48,192,96bae36b9a9566d2
7,1,C1,14,343,0.8532,2,0.54691,0.1679,48,192,f6effb2573001b9f
7,1,C1,15,341,0.8483,2,0.56671,0.20529,48,192,620e71203ab35ba1
7,1,C1,16,337,0.8383,2,0.53689,0.2123,48,192,4e1330e03ae6f433
7,1,C1,17,339,0.8433,2,0.55749,0.21184,48,192,ca12d6844b4fe424
7,1,C1,18,353,0.8781,2,0.56761,0.207,48,192,527ca114bfe628b9
7,1,C1,19,330,0.8209,2,0.54982,0.2264,48,192,71f71d659991a1d8
7,1,C1,20,347,0.8632,2,0.55107,0.23266,48,192,86df7c5d4f856cd4
7,1,C2,1,349,0.8682,2,0.56806,0.22591,48,192,82d8eec6090de139
7,1,C2,2,356,0.8856,2,0.55854,0.23317,48,192,d6061ad6f979d620
7,1,C2,3,355,0.8831,2,0.55644,0.20692,48,192,096b898ea0df28d5
7,1,C2,4,351,0.8731,2,0.56295,0.23371,48,192,e499e386ef03847f
7,1,C2,5,355,0.8831,2,0.57102,0.2162,48,192,725c5be4a99aa087
7,1,C2,6,351,0.8731,2,0.55603,0.21765,48,192,a1562ce1990a13d7
7,1,C2,7,349,0.8682,2,0.56606,0.22749,48,192,cfa0d70201554f9b
7,1,C2,8,344,0.8557,2,0.54872,0.21358,48,192,b3d2d4979409ee16
7,1,C2,9,351,0.8731,2,0.55929,0.21204,48,192,6e85b7c55c45b977
7,1,C2,10,345,0.8582,2,0.56491,0.23333,48,192,bfa0f62b9d07be07
7,1,C2,11,353,0.8781,2,0.56265,0.21025,48,192,47b490b1cabd50cd
7,1,C2,12,337,0.8383,2,0.5425,0.21425,48,192,b7fafb3058f3b85f
7,1,C2,13,355,0.8831,2,0.55393,0.22054,48,192,e7945738190df41c
7,1,C2,14,349,0.8682,2,0.56861,0.23875,48,192,b92dab5b5b56a614
7,1,C2,15,340,0.8458,2,0.55403,0.22396,48,192,3c17c5806f04b0d4
7,1,C2,16,344,0.8557,2,0.55543,0.23329,48,192,8f6ac79f2ceaafdc
7,1,C2,17,347,0.8632,2,0.56029,0.20962,48,192,7aa5e9dc29f83599
7,1,C2,18,355,0.8831,2,0.56786,0.20033,48,192,638758cfaab5c6c1
7,1,C2,19,335,0.8333,2,0.55503,0.22942,48,192,b90677f8b1faf5a5
7,1,C2,20,354,0.8806,2,0.56065,0.23437,48,192,178a4edc0ee92783
7,1,C3,1,358,0.8905,2,0.56455,0.23684,48,192,149f414a423582c8
7,1,C3,2,360,0.8955,2,0.55809,0.23431,48,192,404abfa5a42ae1cb
7,1,C3,3,363,0.903,2,0.54952,0.20286,48,192,a43391db51bd0a5e
7,1,C3,4,362,0.9005,2,0.56626,0.22471,48,192,2d5f0a60f8194e6e
7,1,C3,5,362,0.9005,2,0.57162,0.22169,48,192,0d00e78714a2b342
7,1,C3,6,362,0.9005,2,0.56335,0.21192,48,192,4fb5140dc4e0e94c
7,1,C3,7,355,0.8831,2,0.56435,0.22976,48,192,25a17bb1b58e64bc
7,1,C3,8,359,0.893,2,0.55273,0.22646,48,192,cdd3c73563c89e87
7,1,C3,9,361,0.898,2,0.5614,0.2156,48,192,0afbf8a306cd9e69
7,1,C3,10,354,0.8806,2,0.57102,0.23403,48,192,328ab8a43ec79b18
7,1,C3,11,360,0.8955,2,0.56415,0.22393,48,192,d7da22a0195a440d
7,1,C3,12,346,0.8607,2,0.54902,0.22395,48,192,99142d5ff96cac31
7,1,C3,13,362,0.9005,2,0.55353,0.21711,48,192,ae976c25101b11aa
7,1,C3,14,357,0.8881,2,0.56265,0.23213,48,192,30317039e2bd6919
7,1,C3,15,352,0.8756,2,0.56786,0.22402,48,192,4bbb1278afd0b85f
7,1,C3,16,351,0.8731,2,0.55729,0.23163,48,192,03d53be6dd3af12f
7,1,C3,17,354,0.8806,2,0.5633,0.20893,48,192,a877aa18469b715c
7,1,C3,18,361,0.898,2,0.56681,0.20022,48,192,3c77184c31f65d52
7,1,C3,19,342,0.8507,2,0.55483,0.23037,48,192,0a474652956a16d4
7,1,C3,20,357,0.8881,2,0.55804,0.23372,48,192,dc3fc8e994341061
7,2,C0,1,336,0.8358,2,0.54962,0.2214,48,192,5f0746101ff4cb06
7,2,C0,2,320,0.796,2,0.54506,0.22598,48,192,48cb6b697d22a167
7,2,C0,3,316,0.7861,2,0.55989,0.20374,48,192,1e8eb2795b70b648
7,2,C0,4,334,0.8308,2,0.5426,0.21263,48,192,4b7eb6e69ba69c57
7,2,C0,5,324,0.806,2,0.53559,0.18775,48,192,156bdbbe90cd3d5a
7,2,C0,6,321,0.7985,2,0.53293,0.19587,48,192,0258d76f13a8dc9d
7,2,C0,7,327,0.8134,2,0.55553,0.22777,48,192,ac2bd9caf0a16634
7,2,C0,8,333,0.8284,2,0.54621,0.20376,48,192,ed9a6f12d5ba980a
7,2,C0,9,343,0.8532,2,0.55007,0.22751,48,192,4d7355554a34a2ac
7,2,C0,10,316,0.7861,2,0.56496,0.21961,48,192,ef7fe51eb14b9483
7,2,C0,11,320,0.796,2,0.56165,0.21794,48,192,c14d8b254f249ed5
7,2,C0,12,328,0.8159,2,0.53383,0.16212,48,192,6a3bc6c8c509bfc3
7,2,C0,13,322,0.801,2,0.57012,0.22274,48,192,01a02b87840fe396
7,2,C0,14,314,0.7811,2,0.53168,0.18238,48,192,a6589f602d1277e8
7,2,C0,15,335,0.8333,2,0.55062,0.21112,48,192,69b59826d7d8edfc
7,2,C0,16,326,0.8109,2,0.54225,0.20835,48,192,b68caf30a63f8a53
7,2,C0,17,326,0.8109,2,0.57754,0.20455,48,192,6b3bbe0ad9c0995d
7,2,C0,18,335,0.8333,2,0.56245,0.23599,48,192,21a115634bf5ed64
7,2,C0,19,323,0.8035,2,0.55719,0.22204,48,192,9aabb45fc08d706b
7,2,C0,20,324,0.806,2,0.56526,0.19909,48,192,e16ccc5feea3603c
7,2,C1,1,352,0.8756,2,0.55548,0.22705,48,192,38be7c1ab98bc335
7,2,C1,2,343,0.8532,2,0.54531,0.22019,48,192,f701077742dc98c2
7,2,C1,3,331,0.8234,2,0.54882,0.22459,48,192,7c71466e03a32688
7,2,C1,4,353,0.8781,2,0.54406,0.22414,48,192,626bec2c8fc443ee
7,2,C1,5,336,0.8358,2,0.56215,0.19478,48,192,5469d9ddbc2c581e
7,2,C1,6,341,0.8483,2,0.53854,0.20409,48,192,27ff4bc9ff95ad53
7,2,C1,7,347,0.8632,2,0.56526,0.20345,48,192,d43045d50bb0b073
7,2,C1,8,343,0.8532,2,0.54476,0.19929,48,192,6d9d5363c772e233
7,2,C1,9,355,0.8831,2,0.54696,0.21589,48,192,7c65b47e38d9b52b
7,2,C1,10,337,0.8383,2,0.56345,0.22274,48,192,d9eb233ca71b99a4
7,2,C1,11,336,0.8358,2,0.55608,0.22493,48,192,daddd04fbb73952f
7,2,C1,12,345,0.8582,2,0.5431,0.1867,48,192,cd3e26a7e63b017b
7,2,C1,13,338,0.8408,2,0.55087,0.24158,48,192,370d1858a2f06a93
7,2,C1,14,335,0.8333,2,0.54987,0.2137,48,192,5b7a5920f893e090
7,2,C1,15,351,0.8731,2,0.55518,0.22771,48,192,55ece501e47d388f
7,2,C1,16,347,0.8632,2,0.56315,0.22714,48,192,9a16ece796b64fd1
7,2,C1,17,352,0.8756,2,0.57668,0.20624,48,192,09029ea829375a14
7,2,C1,18,348,0.8657,2,0.55323,0.22309,48,192,2a4ab233df034107
7,2,C1,19,341,0.8483,2,0.55072,0.21947,48,192,fc127a16a9f33753
7,2,C1,20,345,0.8582,2,0.5642,0.20075,48,192,17549ef14b85f69f
7,2,C2,1,359,0.893,2,0.55849,0.22389,48,192,b8c6a4d893def754
7,2,C2,2,347,0.8632,2,0.55453,0.2335,48,192,9a0ae9f7e85ee709
7,2,C2,3,337,0.8383,2,0.55483,0.19901,48,192,c6cd46cdd55afc4e
7,2,C2,4,362,0.9005,2,0.5434,0.22549,48,192,e8342d17ed1a3b29
7,2,C2,5,347,0.8632,2,0.5637,0.1982,48,192,216f26916572f1d4
7,2,C2,6,343,0.8532,2,0.53874,0.20481,48,192,0b6f064c9c75e9d3
7,2,C2,7,353,0.8781,2,0.55814,0.2289,48,192,fa00d6e68d92e015
7,2,C2,8,348,0.8657,2,0.55694,0.23156,48,192,d645c4151aa26654
7,2,C2,9,367,0.9129,2,0.55243,0.22269,48,192,7d0c45c7e7fab45d
7,2,C2,10,340,0.8458,2,0.55914,0.23798,48,192,88d4fb90bf8ca521
7,2,C2,11,347,0.8632,2,0.55373,0.22767,48,192,b7752dd23125802f
7,2,C2,12,352,0.8756,2,0.57403,0.19834,48,192,ee66f1e3f4339d44
7,2,C2,13,343,0.8532,2,0.54967,0.2408,48,192,bede954a46bfdde7
7,2,C2,14,343,0.8532,2,0.55538,0.23217,48,192,34c3355325d5762a
7,2,C2,15,355,0.8831,2,0.55543,0.22666,48,192,0d3e0228ec9d19b8
7,2,C2,16,353,0.8781,2,0.56425,0.22063,48,192,8be986613eef306b
7,2,C2,17,356,0.8856,2,0.57393,0.2101,48,192,79281b4664a63468
7,2,C2,18,353,0.8781,2,0.563,0.22481,48,192,85300455b146141f
7,2,C2,19,346,0.8607,2,0.55027,0.22273,48,192,2f491d54e78caabc
7,2,C2,20,357,0.8881,2,0.56435,0.20618,48,192,f777f464fdaad1da
7,2,C3,1,364,0.9055,2,0.55634,0.22153,48,192,58a5cc21be545464
7,2,C3,2,357,0.8881,2,0.55423,0.23738,48,192,aa53b4e5482a48aa
7,2,C3,3,340,0.8458,2,0.55899,0.20806,48,192,db47eff5d0ca7447
7,2,C3,4,364,0.9055,2,0.54566,0.22298,48,192,730900a353abce0c
7,2,C3,5,351,0.8731,2,0.56285,0.20005,48,192,60f0eea9550400d2
7,2,C3,6,354,0.8806,2,0.53383,0.20271,48,192,caa763eaff58074a
7,2,C3,7,357,0.8881,2,0.55944,0.23474,48,192,f056dba07dfb5593
7,2,C3,8,354,0.8806,2,0.55253,0.23225,48,192,a5232aa67c10c0fe
7,2,C3,9,373,0.9279,2,0.55588,0.22604,48,192,efa4d546fd5dfc48
7,2,C3,10,349,0.8682,2,0.55373,0.23992,48,192,f4da20e7268e229e
7,2,C3,11,352,0.8756,2,0.55313,0.22805,48,192,8d4430af29b5152d
7,2,C3,12,362,0.9005,2,0.57548,0.21717,48,192,66cbfa21754a300b
7,2,C3,13,352,0.8756,2,0.563,0.25127,48,192,bc2b237dad3353f3
7,2,C3,14,350,0.8706,2,0.55543,0.22884,48,192,215b8727c5115cbc
7,2,C3,15,363,0.903,2,0.55824,0.22407,48,192,06ae2352dc826f19
7,2,C3,16,361,0.898,2,0.56385,0.22687,48,192,9dd749ddfec7a721
7,2,C3,17,360,0.8955,2,0.57483,0.20823,48,192,f646b27a8c29c761
7,2,C3,18,358,0.8905,2,0.5624,0.21806,48,192,f2ba92a59c760e99
7,2,C3,19,355,0.8831,2,0.55177,0.2264,48,192,394019500e4354c8
7,2,C3,20,370,0.9204,2,0.56471,0.21814,48,192,50b2801795c61cd8
7,3,C0,1,334,0.8308,2,0.56039,0.2041,48,192,24499966b970a097
7,3,C0,2,324,0.806,2,0.56315,0.20961,48,192,0d672ac2497b1045
7,3,C0,3,318,0.791,2,0.56185,0.22827,48,192,e74b12b143a452b7
7,3,C0,4,323,0.8035,2,0.55343,0.17426,48,192,5971962e0664b210
7,3,C0,5,336,0.8358,2,0.53739,0.19533,48,192,b3a41fe3b71b6068
7,3,C0,6,330,0.8209,2,0.53734,0.21558,48,192,0eb9b82f5c925f08
7,3,C0,7,325,0.8085,2,0.55664,0.22796,48,192,d16790d08d829780
7,3,C0,8,328,0.8159,2,0.55764,0.16194,48,192,162150b092f8df94
7,3,C0,9,331,0.8234,2,0.55483,0.22841,48,192,f66fe61d861b2f78
7,3,C0,10,319,0.7935,2,0.56546,0.19644,48,192,520eadf569ee042c
7,3,C0,11,331,0.8234,2,0.5631,0.20402,48,192,d0d556b821b9cfb3
7,3,C0,12,328,0.8159,2,0.57473,0.21853,48,192,bc91cb7b9c8f43ee
7,3,C0,13,330,0.8209,2,0.56731,0.21194,48,192,1ed30284c1cf65d9
7,3,C0,14,324,0.806,2,0.53599,0.20942,48,192,43a72c8464b619a7
7,3,C0,15,334,0.8308,2,0.55679,0.23276,48,192,da51f19744827c95
7,3,C0,16,323,0.8035,2,0.57142,0.17752,48,192,375513a5dc5698a1
7,3,C0,17,328,0.8159,2,0.54516,0.19946,48,192,44b55395409ecc8b
7,3,C0,18,321,0.7985,2,0.55699,0.20697,48,192,89bace4263e73c25
7,3,C0,19,319,0.7935,2,0.54997,0.22611,48,192,e3b37ac75ee69384
7,3,C0,20,327,0.8134,2,0.5397,0.21955,48,192,ae85b20f763e09f4
7,3,C1,1,351,0.8731,2,0.55909,0.18891,48,192,82fb4c8577c69f29
7,3,C1,2,343,0.8532,2,0.57097,0.20992,48,192,58a9ef3bf8abfdfd
7,3,C1,3,339,0.8433,2,0.56105,0.23226,48,192,c7cf152635192ed7
7,3,C1,4,340,0.8458,2,0.55629,0.22685,48,192,07f8325684cf1667
7,3,C1,5,350,0.8706,2,0.54526,0.20919,48,192,fc5a182aa0c841bb
7,3,C1,6,356,0.8856,2,0.542,0.22088,48,192,2c99ad36074dbe32
7,3,C1,7,347,0.8632,2,0.55759,0.23363,48,192,02d12a594b993b57
7,3,C1,8,343,0.8532,2,0.562,0.2103,48,192,f55d963f2b6f8daf
7,3,C1,9,353,0.8781,2,0.55463,0.22974,48,192,f9052ecf59e32ac9
7,3,C1,10,341,0.8483,2,0.55413,0.22712,48,192,3cb2d667e8f9fb23
7,3,C1,11,349,0.8682,2,0.5616,0.19485,48,192,4ad4bd19cd7ec508
7,3,C1,12,349,0.8682,2,0.5623,0.21842,48,192,6a25df98e612d8f1
7,3,C1,13,344,0.8557,2,0.56155,0.21219,48,192,4f5c75bfcbf5883b
7,3,C1,14,339,0.8433,2,0.53153,0.20854,48,192,efd4c01341eae5bc
7,3,C1,15,343,0.8532,2,0.55994,0.21377,48,192,de5e547e5cdd7f3d
7,3,C1,16,349,0.8682,2,0.54917,0.2075,48,192,c2c7cb5edb3af9c8
7,3,C1,17,344,0.8557,2,0.54491,0.20021,48,192,d706801cbcdcceb0
7,3,C1,18,337,0.8383,2,0.5407,0.22155,48,192,184b0256eef0a292
7,3,C1,19,335,0.8333,2,0.54947,0.2203,48,192,43f86d3dac5d7498
7,3,C1,20,354,0.8806,2,0.5605,0.22056,48,192,c75cebf2a117fd27
7,3,C2,1,354,0.8806,2,0.55924,0.19469,48,192,0be9add7a524be4c
7,3,C2,2,342,0.8507,2,0.56145,0.23605,48,192,9a01e89b023b9848
7,3,C2,3,344,0.8557,2,0.56506,0.21867,48,192,ddf8fba7631eba1b
7,3,C2,4,351,0.8731,2,0.56255,0.20919,48,192,7c7a1d9219c64a69
7,3,C2,5,359,0.893,2,0.54561,0.20607,48,192,46794ff1d7cd0e73
7,3,C2,6,357,0.8881,2,0.53934,0.21399,48,192,900a0a8e3d7e4659
7,3,C2,7,346,0.8607,2,0.55699,0.21598,48,192,7893ef27ed45be64
7,3,C2,8,348,0.8657,2,0.56711,0.19996,48,192,96a05d5e2061c336
7,3,C2,9,351,0.8731,2,0.55694,0.23152,48,192,997d58d726470642
7,3,C2,10,349,0.8682,2,0.56125,0.23176,48,192,851f5d4f74c3a5c3
7,3,C2,11,360,0.8955,2,0.55914,0.207,48,192,74ffd85479a812bb
7,3,C2,12,360,0.8955,2,0.56811,0.22916,48,192,312990433e0c5e92
7,3,C2,13,350,0.8706,2,0.55443,0.22008,48,192,943ee244a725de2c
7,3,C2,14,352,0.8756,2,0.53879,0.20944,48,192,5d5c80694395feba
7,3,C2,15,350,0.8706,2,0.55919,0.21448,48,192,343682dc2de5a1a9
7,3,C2,16,354,0.8806,2,0.54521,0.21766,48,192,e03bf996c2028bf3
7,3,C2,17,345,0.8582,2,0.55077,0.21857,48,192,83c69475cc4bc076
7,3,C2,18,346,0.8607,2,0.55353,0.2191,48,192,7037f363f2c11236
7,3,C2,19,337,0.8383,2,0.55338,0.22225,48,192,a728e38386d4f1f6
7,3,C2,20,352,0.8756,2,0.55578,0.21884,48,192,d8e5e1e391409689
7,3,C3,1,356,0.8856,2,0.55899,0.19221,48,192,c59eb4e72e46923c
7,3,C3,2,358,0.8905,2,0.56285,0.23401,48,192,4ff143df2921523f
7,3,C3,3,350,0.8706,2,0.56626,0.22436,48,192,7a48ab3f5cc82e81
7,3,C3,4,356,0.8856,2,0.56235,0.21046,48,192,e18ed7a3e25a1766
7,3,C3,5,360,0.8955,2,0.54651,0.20666,48,192,78220fac5cff9587
7,3,C3,6,364,0.9055,2,0.54085,0.21644,48,192,04107e0a6a17b497
7,3,C3,7,357,0.8881,2,0.56065,0.23472,48,192,f2ed46c02856905f
7,3,C3,8,354,0.8806,2,0.56686,0.19615,48,192,06a0a8a730e7644b
7,3,C3,9,359,0.893,2,0.55468,0.22998,48,192,9e7596eeede352f0
7,3,C3,10,356,0.8856,2,0.56375,0.2272,48,192,5c92b39a248dcf34
7,3,C3,11,368,0.9154,2,0.5625,0.20464,48,192,f25a0fdf3ddcde8b
7,3,C3,12,362,0.9005,2,0.56771,0.2306,48,192,ca89a9bcecc0827c
7,3,C3,13,358,0.8905,2,0.55784,0.22498,48,192,555199deb66ac6e0
7,3,C3,14,362,0.9005,2,0.54055,0.21329,48,192,ecf0e26e04827dc1
7,3,C3,15,353,0.8781,2,0.55739,0.21246,48,192,cc6ec49cee1f5b84
7,3,C3,16,358,0.8905,2,0.54591,0.22111,48,192,8a569621e82db4f7
7,3,C3,17,356,0.8856,2,0.55228,0.21976,48,192,450e8a5f7409ac0c
7,3,C3,18,350,0.8706,2,0.55588,0.22171,48,192,f77007e8d6767365
7,3,C3,19,343,0.8532,2,0.54942,0.21561,48,192,11ae9ccc800e79da
7,3,C3,20,358,0.8905,2,0.55689,0.22255,48,192,08826a156c40c4d8
7,4,C0,1,330,0.8209,2,0.53874,0.18979,48,192,58afba9d83ed14da
7,4,C0,2,313,0.7786,2,0.56972,0.21566,48,192,7889355365a0945f
7,4,C0,3,331,0.8234,2,0.55298,0.22503,48,192,3e0c31ddc7f18a24
7,4,C0,4,331,0.8234,2,0.55478,0.2276,48,192,f6f5729fdeff15ce
7,4,C0,5,327,0.8134,2,0.56039,0.20292,48,192,485eaf7defe136cc
7,4,C0,6,319,0.7935,2,0.55388,0.20954,48,192,9f65f3dbde0ae9b0
7,4,C0,7,330,0.8209,2,0.57944,0.19866,48,192,8c38f2ea2f6f3662
7,4,C0,8,318,0.791,2,0.5615,0.19748,48,192,5c19df2a4d00c302
7,4,C0,9,333,0.8284,2,0.54496,0.16398,48,192,9582abaa42d266ae
7,4,C0,10,331,0.8234,2,0.56992,0.20287,48,192,3688180c09effeee
7,4,C0,11,335,0.8333,2,0.55498,0.22594,48,192,4e070d4555baebfa
7,4,C0,12,334,0.8308,2,0.56531,0.19084,48,192,fcffa27559e1a965
7,4,C0,13,329,0.8184,2,0.5423,0.20318,48,192,17a082a1339513ba
7,4,C0,14,319,0.7935,2,0.54761,0.20753,48,192,7d88fcd6ba9e34bc
7,4,C0,15,317,0.7886,2,0.54691,0.21024,48,192,192954d6652d5226
7,4,C0,16,331,0.8234,2,0.56731,0.20993,48,192,baabe74a10e843d4
7,4,C0,17,328,0.8159,2,0.54616,0.16983,48,192,44374275146f2872
7,4,C0,18,318,0.791,2,0.55228,0.19015,48,192,4c80bb2cd3958dcc
7,4,C0,19,323,0.8035,2,0.54591,0.16703,48,192,aeb850f47481141f
7,4,C0,20,330,0.8209,2,0.54285,0.22076,48,192,1608291d82346425
7,4,C1,1,351,0.8731,2,0.55228,0.23499,48,192,4f8b33a9254def30
7,4,C1,2,338,0.8408,2,0.56831,0.21174,48,192,9603973283ef7cb1
7,4,C1,3,350,0.8706,2,0.55664,0.23679,48,192,4cf3de8d1227bbbf
7,4,C1,4,348,0.8657,2,0.54997,0.22525,48,192,15c4687131fe63ba
7,4,C1,5,345,0.8582,2,0.55202,0.22304,48,192,12416a0134fcdf4f
7,4,C1,6,339,0.8433,2,0.55759,0.23364,48,192,4bd190b6193461e3
7,4,C1,7,347,0.8632,2,0.57267,0.2028,48,192,1e855b4b76250acd
7,4,C1,8,337,0.8383,2,0.56681,0.19628,48,192,8bb852ffd4a19eb9
7,4,C1,9,349,0.8682,2,0.54937,0.22439,48,192,5ea128fd6647ec91
7,4,C1,10,350,0.8706,2,0.56851,0.19872,48,192,da467f0875a2bb3f
7,4,C1,11,343,0.8532,2,0.55659,0.23032,48,192,598f27ce99feb052
7,4,C1,12,353,0.8781,2,0.56666,0.21065,48,192,a7a236cd2facc6ce
7,4,C1,13,338,0.8408,2,0.56019,0.19494,48,192,37bd22cf5ddad8e6
7,4,C1,14,338,0.8408,2,0.54997,0.21553,48,192,070f8922b1208dad
7,4,C1,15,340,0.8458,2,0.55223,0.21916,48,192,d1a0207fe187104d
7,4,C1,16,355,0.8831,2,0.56506,0.19489,48,192,963c8505a711e43f
7,4,C1,17,350,0.8706,2,0.55072,0.18463,48,192,1c77cf1fe8fc9459
7,4,C1,18,331,0.8234,2,0.5397,0.21055,48,192,bd9e0384a4e0eae0
7,4,C1,19,347,0.8632,2,0.55588,0.17498,48,192,242576e7b58be939
7,4,C1,20,341,0.8483,2,0.54982,0.22574,48,192,ef4859ecd1314c17
7,4,C2,1,354,0.8806,2,0.55644,0.23091,48,192,c3b6061b9d8c6411
7,4,C2,2,348,0.8657,2,0.5625,0.2319,48,192,9dcce77daf09827e
7,4,C2,3,355,0.8831,2,0.55473,0.22974,48,192,7cb45a53a76d10cf
7,4,C2,4,356,0.8856,2,0.55418,0.23073,48,192,8dec6babb222b3aa
7,4,C2,5,347,0.8632,2,0.54791,0.21693,48,192,15b82090e866f048
7,4,C2,6,343,0.8532,2,0.55809,0.23402,48,192,98f7aa33843c24d3
7,4,C2,7,349,0.8682,2,0.57227,0.21501,48,192,4eb46bfb120c038b
7,4,C2,8,343,0.8532,2,0.55603,0.23247,48,192,c8de211413049ac8
7,4,C2,9,360,0.8955,2,0.55553,0.20828,48,192,326ca18007d30cca
7,4,C2,10,362,0.9005,2,0.55864,0.23296,48,192,086a82e1f69e7967
7,4,C2,11,352,0.8756,2,0.5622,0.20738,48,192,81e171cc1dfd1b73
7,4,C2,12,355,0.8831,2,0.55729,0.2355,48,192,11e326652a59abbd
7,4,C2,13,347,0.8632,2,0.56706,0.1934,48,192,e2a236e091e2a1d0
7,4,C2,14,341,0.8483,2,0.54721,0.21239,48,192,ef0dca1af1f12779
7,4,C2,15,338,0.8408,2,0.56034,0.2376,48,192,78031c52f2eb2f84
7,4,C2,16,361,0.898,2,0.56676,0.22045,48,192,79765d185a62b51b
7,4,C2,17,357,0.8881,2,0.56275,0.18652,48,192,ae71d1ad85c5fd51
7,4,C2,18,334,0.8308,2,0.54451,0.21409,48,192,5f9661893b265cd2
7,4,C2,19,351,0.8731,2,0.56706,0.19757,48,192,2505b9ae395e50a6
7,4,C2,20,340,0.8458,2,0.5435,0.22094,48,192,274563ec49206722
7,4,C3,1,361,0.898,2,0.55182,0.22125,48,192,b2c2ef014c4d3d90
7,4,C3,2,359,0.893,2,0.56666,0.2242,48,192,1f7f1815c990e935
7,4,C3,3,365,0.908,2,0.55588,0.22992,48,192,061e49e90c96f5f9
7,4,C3,4,366,0.9104,2,0.55844,0.23446,48,192,b584f0f368acfc06
7,4,C3,5,360,0.8955,2,0.55353,0.222,48,192,2f66d8fa0bd3e5e5
7,4,C3,6,352,0.8756,2,0.5624,0.24005,48,192,0a9d9bddaa341c1d
7,4,C3,7,356,0.8856,2,0.57323,0.21834,48,192,c334e9496c1255b1
7,4,C3,8,354,0.8806,2,0.55734,0.23488,48,192,cb2cc2f5d2dfca2c
7,4,C3,9,368,0.9154,2,0.55448,0.21745,48,192,2513f7361207f6d9
7,4,C3,10,366,0.9104,2,0.55939,0.2308,48,192,92eea24adbd609a5
7,4,C3,11,362,0.9005,2,0.55839,0.21737,48,192,be9370f4d62731b7
7,4,C3,12,362,0.9005,2,0.55859,0.23556,48,192,627ef383437dbd2e
7,4,C3,13,352,0.8756,2,0.56866,0.19605,48,192,8d16e2ca83135922
7,4,C3,14,350,0.8706,2,0.55162,0.21711,48,192,54df3cad34e041c5
7,4,C3,15,351,0.8731,2,0.56195,0.24094,48,192,5cacf29ae1f7c87a
7,4,C3,16,369,0.9179,2,0.56821,0.20879,48,192,40f67f9613b2366b
7,4,C3,17,363,0.903,2,0.56661,0.19304,48,192,60f168c788a0e84f
7,4,C3,18,343,0.8532,2,0.54576,0.21538,48,192,8f11963bfe9ef0e0
7,4,C3,19,359,0.893,2,0.56726,0.19619,48,192,b387a9242d38ebef
7,4,C3,20,357,0.8881,2,0.54606,0.22095,48,192,6a661979dc8b09ba
11,0,C0,1,321,0.7985,2,0.53894,0.21795,48,192,d4f08b39fb543d19
11,0,C0,2,333,0.8284,2,0.55543,0.22207,48,192,ba8f953bf5e18079
11,0,C0,3,336,0.8358,2,0.55398,0.22601,48,192,83b39b46d8695a0e
11,0,C0,4,321,0.7985,2,0.56255,0.19328,48,192,b9d5883d6ba3b472
11,0,C0,5,313,0.7786,2,0.54376,0.22643,48,192,bba9c5fdc105fcce
11,0,C0,6,329,0.8184,2,0.54977,0.18586,48,192,21e86eadb3dfeb32
11,0,C0,7,336,0.8358,2,0.55869,0.2262,48,192,b559edc9181fe921
11,0,C0,8,328,0.8159,2,0.55268,0.17764,48,192,dcc689a0757ea218
11,0,C0,9,327,0.8134,2,0.56756,0.22302,48,192,686df4d39b1da5c4
11,0,C0,10,322,0.801,2,0.5606,0.17361,48,192,f9dc583694a0c91b
11,0,C0,11,329,0.8184,2,0.55573,0.22934,48,192,34c2d8037c1f7950
11,0,C0,12,329,0.8184,2,0.56305,0.18282,48,192,f43c38bfc3a23e0d
11,0,C0,13,313,0.7786,2,0.55037,0.22762,48,192,d591e39c01d81b10
11,0,C0,14,319,0.7935,2,0.56606,0.21376,48,192,d3590444d928ec28
11,0,C0,15,336,0.8358,2,0.5638,0.22557,48,192,a4908aac513b1e42
11,0,C0,16,321,0.7985,2,0.55654,0.19716,48,192,922027fcd211c0de
11,0,C0,17,337,0.8383,2,0.5634,0.19396,48,192,d403e42c52099bd9
11,0,C0,18,329,0.8184,2,0.55784,0.21716,48,192,01319efdf065a369
11,0,C0,19,326,0.8109,2,0.56571,0.21997,48,192,0b1e98260fe9abea
11,0,C0,20,326,0.8109,2,0.57919,0.20679,48,192,fd1a8f3861f38443
11,0,C1,1,343,0.8532,2,0.54376,0.21894,48,192,e2f564a04f6c971b
11,0,C1,2,356,0.8856,2,0.55553,0.22812,48,192,57be979d1af8d6fc
11,0,C1,3,348,0.8657,2,0.54711,0.20752,48,192,00c45c216c6ff484
11,0,C1,4,340,0.8458,2,0.56531,0.22841,48,192,243234c42223c380
11,0,C1,5,331,0.8234,2,0.54927,0.23163,48,192,db23819a96bd282e
11,0,C1,6,357,0.8881,2,0.56315,0.18385,48,192,903c515c85afaa6c
11,0,C1,7,356,0.8856,2,0.55142,0.23728,48,192,945b1bd4bec56735
11,0,C1,8,350,0.8706,2,0.55884,0.23379,48,192,f62fff6ae240ddb8
11,0,C1,9,343,0.8532,2,0.57673,0.21199,48,192,10365885ef2468d4
11,0,C1,10,342,0.8507,2,0.54807,0.23619,48,192,6ed60b204351b79b
11,0,C1,11,352,0.8756,2,0.55974,0.23889,48,192,b5110c321b9e47af
11,0,C1,12,353,0.8781,2,0.55774,0.20175,48,192,9955a3d479832410
11,0,C1,13,330,0.8209,2,0.55909,0.23284,48,192,3ce89f5d93aeaeaa
11,0,C1,14,332,0.8259,2,0.57368,0.19977,48,192,9dc92da9bc58ba56
11,0,C1,15,347,0.8632,2,0.55523,0.22077,48,192,40294e1bb343d3f6
11,0,C1,16,340,0.8458,2,0.55839,0.21609,48,192,b1ac121075a71338
11,0,C1,17,353,0.8781,2,0.56466,0.19256,48,192,a63887884b46bbb4
11,0,C1,18,341,0.8483,2,0.56887,0.22228,48,192,7d328f2fd833515e
11,0,C1,19,349,0.8682,2,0.5641,0.2312,48,192,7c06c14b75083654
11,0,C1,20,345,0.8582,2,0.55493,0.22497,48,192,1c44e7cdf51e2b34
11,0,C2,1,352,0.8756,2,0.54185,0.22151,48,192,1cc3f0b9b5b8be6e
11,0,C2,2,362,0.9005,2,0.55443,0.22545,48,192,91eaea06962b7fe3
11,0,C2,3,353,0.8781,2,0.54957,0.20006,48,192,54854d498d12ecf6
11,0,C2,4,349,0.8682,2,0.55538,0.22788,48,192,407717590408dadc
11,0,C2,5,337,0.8383,2,0.55368,0.23451,48,192,337b88cc8ff4b3df
11,0,C2,6,358,0.8905,2,0.57082,0.19123,48,192,29fd6cf93b4aaac9
11,0,C2,7,356,0.8856,2,0.55478,0.22499,48,192,09ece801b3ac539f
11,0,C2,8,359,0.893,2,0.56506,0.22216,48,192,77b62081245ec831
11,0,C2,9,343,0.8532,2,0.56155,0.24684,48,192,85cb8ce29f6c0b95
11,0,C2,10,351,0.8731,2,0.55117,0.23778,48,192,d182988a73e84541
11,0,C2,11,357,0.8881,2,0.5635,0.22696,48,192,fdffd26ebba89173
11,0,C2,12,355,0.8831,2,0.56521,0.22805,48,192,1cba6478e245b045
11,0,C2,13,341,0.8483,2,0.55819,0.24062,48,192,9366a3a470b5765d
11,0,C2,14,339,0.8433,2,0.57468,0.19829,48,192,bcc0e82efa164a22
11,0,C2,15,354,0.8806,2,0.56566,0.23093,48,192,b4cee244965a0ae0
11,0,C2,16,346,0.8607,2,0.55398,0.22246,48,192,cee43d13095f9b58
11,0,C2,17,360,0.8955,2,0.55258,0.22242,48,192,ae9d0cd8cadf2d0f
11,0,C2,18,349,0.8682,2,0.57298,0.21001,48,192,7107da5ddd209bcb
11,0,C2,19,352,0.8756,2,0.56034,0.20965,48,192,8a6bd4c6a6b66a0a
11,0,C2,20,344,0.8557,2,0.55849,0.22569,48,192,532ca08fffc93ac8
11,0,C3,1,355,0.8831,2,0.5427,0.21726,48,192,a4b43285df9265b4
11,0,C3,2,371,0.9229,2,0.55518,0.22422,48,192,7e4667cc23db061c
11,0,C3,3,363,0.903,2,0.54862,0.20392,48,192,064d990778c5ee3d
11,0,C3,4,351,0.8731,2,0.55538,0.22848,48,192,121acba8bfbe7685
11,0,C3,5,346,0.8607,2,0.55228,0.2402,48,192,bb49bffcf6537daa
11,0,C3,6,364,0.9055,2,0.57047,0.19098,48,192,55e7fadc7928c3d6
11,0,C3,7,370,0.9204,2,0.55623,0.23786,48,192,41e23ac8fb40f113
11,0,C3,8,364,0.9055,2,0.564,0.23277,48,192,0f93bc8339e00b12
11,0,C3,9,354,0.8806,2,0.55809,0.2349,48,192,2d383644e405bc89
11,0,C3,10,353,0.8781,2,0.55117,0.23595,48,192,37a3cc950328015a
11,0,C3,11,369,0.9179,2,0.56616,0.22778,48,192,752b3526959b4ea4
11,0,C3,12,367,0.9129,2,0.55969,0.23756,48,192,4792f0f932973ab0
11,0,C3,13,352,0.8756,2,0.55669,0.2333,48,192,fa879fd19cef876f
11,0,C3,14,349,0.8682,2,0.57267,0.19998,48,192,d6cc5cfbf1d6eb32
11,0,C3,15,362,0.9005,2,0.55754,0.23693,48,192,5b595bc0cc1f03e6
11,0,C3,16,350,0.8706,2,0.55538,0.22535,48,192,a113b78d1e4f5697
11,0,C3,17,363,0.903,2,0.55102,0.20539,48,192,263d85e8f1469092
11,0,C3,18,353,0.8781,2,0.57152,0.20683,48,192,66452ae8fe2160c6
11,0,C3,19,364,0.9055,2,0.5622,0.22724,48,192,32aea17f30d7bfbf
11,0,C3,20,354,0.8806,2,0.55629,0.22803,48,192,e297de9258b027f2
11,1,C0,1,330,0.8209,2,0.54295,0.21463,48,192,6300a124595625b7
11,1,C0,2,327,0.8134,2,0.55092,0.19184,48,192,60dd4f3be90d384a
11,1,C0,3,326,0.8109,2,0.56105,0.20139,48,192,53847ec0d63f530e
11,1,C0,4,325,0.8085,2,0.53358,0.1861,48,192,6534b6da770a5b47
11,1,C0,5,327,0.8134,2,0.55313,0.22608,48,192,b5825b3f594a1894
11,1,C0,6,337,0.8383,2,0.55363,0.2148,48,192,49063f28d6ddf326
11,1,C0,7,334,0.8308,2,0.56596,0.21299,48,192,6c0d66c1de801ff0
11,1,C0,8,315,0.7836,2,0.55388,0.21272,48,192,e338d879d76e2503
11,1,C0,9,324,0.806,2,0.55578,0.22655,48,192,00cb93c02ad13c72
11,1,C0,10,327,0.8134,2,0.54867,0.22772,48,192,58bc88787c891bde
11,1,C0,11,319,0.7935,2,0.54797,0.19954,48,192,8975130a7a36b232
11,1,C0,12,344,0.8557,2,0.56746,0.19134,48,192,371e1996f38494cc
11,1,C0,13,336,0.8358,2,0.55839,0.23481,48,192,685a834d535b3c69
11,1,C0,14,329,0.8184,2,0.5425,0.19386,48,192,47a5c68491bd0108
11,1,C0,15,323,0.8035,2,0.55408,0.21227,48,192,706d37ace2d1495d
11,1,C0,16,341,0.8483,2,0.5419,0.2174,48,192,a25a1bbd77477793
11,1,C0,17,330,0.8209,2,0.55343,0.22234,48,192,8c0ea396d12b4c18
11,1,C0,18,326,0.8109,2,0.57022,0.22716,48,192,e3e80b1d4583e718
11,1,C0,19,327,0.8134,2,0.55894,0.23462,48,192,6936aecb611b778b
11,1,C0,20,340,0.8458,2,0.5612,0.21074,48,192,8d4abff6922d724d
11,1,C1,1,349,0.8682,2,0.54065,0.21371,48,192,9e25fb15c8048b4b
11,1,C1,2,344,0.8557,2,0.54481,0.21294,48,192,5f19c087e1fefecb
11,1,C1,3,352,0.8756,2,0.56175,0.21512,48,192,ad5656aa57b897c3
11,1,C1,4,338,0.8408,2,0.54761,0.21969,48,192,38f2c3bd4e1eca9e
11,1,C1,5,350,0.8706,2,0.55774,0.2315,48,192,3e2c156031829124
11,1,C1,6,353,0.8781,2,0.55313,0.22027,48,192,0dd00e8270c9accd
11,1,C1,7,354,0.8806,2,0.5608,0.21142,48,192,1dbaf1e4bb5161f6
11,1,C1,8,334,0.8308,2,0.55553,0.20248,48,192,08c9f64c96dad93a
11,1,C1,9,342,0.8507,2,0.55714,0.24439,48,192,e9695c5d9ca5a5ae
11,1,C1,10,347,0.8632,2,0.55719,0.23657,48,192,25e80e5cc82f71d0
11,1,C1,11,336,0.8358,2,0.5422,0.21131,48,192,09a660a0374ebe9a
11,1,C1,12,354,0.8806,2,0.56601,0.19947,48,192,8a3d7f19938a76d1
11,1,C1,13,352,0.8756,2,0.55964,0.22808,48,192,8680e3156d5cf140
11,1,C1,14,344,0.8557,2,0.54641,0.2187,48,192,d5fc410bc0c3e9aa
11,1,C1,15,341,0.8483,2,0.56796,0.21043,48,192,89e413a290f20621
11,1,C1,16,359,0.893,2,0.55959,0.21667,48,192,a3042ea779d10133
11,1,C1,17,339,0.8433,2,0.56982,0.2069,48,192,2ab3d52b790af970
11,1,C1,18,342,0.8507,2,0.56791,0.23985,48,192,23c44bba462ec0e0
11,1,C1,19,347,0.8632,2,0.56014,0.23978,48,192,648c4b0d3f5463f5
11,1,C1,20,356,0.8856,2,0.57418,0.20089,48,192,cb31e03e7d6fc451
11,1,C2,1,356,0.8856,2,0.54536,0.23563,48,192,9b5534858d3f0966
11,1,C2,2,350,0.8706,2,0.55172,0.21777,48,192,849aa61748625af4
11,1,C2,3,353,0.8781,2,0.5627,0.20819,48,192,fa7e417cca54e56b
11,1,C2,4,354,0.8806,2,0.55132,0.22074,48,192,4e32110eb407b9d4
11,1,C2,5,353,0.8781,2,0.55458,0.22559,48,192,c289589b223c84fe
11,1,C2,6,353,0.8781,2,0.55233,0.22033,48,192,3eb4db625470ac29
11,1,C2,7,360,0.8955,2,0.55528,0.22832,48,192,89e77046938bf9db
11,1,C2,8,347,0.8632,2,0.56586,0.21271,48,192,cffced525d55b7dd
11,1,C2,9,343,0.8532,2,0.55629,0.23991,48,192,dfff2f12aed6ca40
11,1,C2,10,347,0.8632,2,0.55538,0.23092,48,192,f5b973007777c98c
11,1,C2,11,343,0.8532,2,0.55433,0.23125,48,192,2518c27c54b43400
11,1,C2,12,360,0.8955,2,0.57282,0.20647,48,192,f7a931409709ea6c
11,1,C2,13,354,0.8806,2,0.55458,0.23234,48,192,9757e0973db0cc48
11,1,C2,14,347,0.8632,2,0.54676,0.21971,48,192,261e0f768925ca41
11,1,C2,15,346,0.8607,2,0.57002,0.22701,48,192,22d1e4ed51565b86
11,1,C2,16,367,0.9129,2,0.55363,0.2304,48,192,6f0b855de6e8c0ff
11,1,C2,17,350,0.8706,2,0.57217,0.20535,48,192,15e303e2273697a1
11,1,C2,18,345,0.8582,2,0.56115,0.25914,48,192,43240cdb603f8420
11,1,C2,19,350,0.8706,2,0.56085,0.2379,48,192,904bc095f6aa8b75
11,1,C2,20,364,0.9055,2,0.56501,0.2175,48,192,b352108d3874f14c
11,1,C3,1,364,0.9055,2,0.54862,0.22952,48,192,b748eed3b21824f3
11,1,C3,2,358,0.8905,2,0.55423,0.22191,48,192,fddfedba56a7eaed
11,1,C3,3,362,0.9005,2,0.5628,0.20497,48,192,8327b08e03c632e9
11,1,C3,4,361,0.898,2,0.55293,0.22038,48,192,c188ad80328df579
11,1,C3,5,361,0.898,2,0.55388,0.22277,48,192,4f6fd71ea1f3de11
11,1,C3,6,361,0.898,2,0.55223,0.21707,48,192,0f92fdedb9a92bb5
11,1,C3,7,367,0.9129,2,0.55739,0.22651,48,192,6139b69845ed83af
11,1,C3,8,353,0.8781,2,0.56801,0.21965,48,192,34d547c11551fede
11,1,C3,9,348,0.8657,2,0.55819,0.23875,48,192,dc83d0d949d0e3e1
11,1,C3,10,356,0.8856,2,0.55764,0.23082,48,192,6cbdd205a5698450
11,1,C3,11,351,0.8731,2,0.55197,0.2381,48,192,950e554afef52f41
11,1,C3,12,365,0.908,2,0.57558,0.20264,48,192,35b73b006b822b39
11,1,C3,13,363,0.903,2,0.55994,0.23533,48,192,01b48793e27c4fff
11,1,C3,14,352,0.8756,2,0.55022,0.22282,48,192,d20f2eff345987a8
11,1,C3,15,351,0.8731,2,0.57027,0.22899,48,192,bdfaf6e181ff1301
11,1,C3,16,372,0.9254,2,0.55408,0.23183,48,192,769e0a548e4c4cab
11,1,C3,17,354,0.8806,2,0.56836,0.2072,48,192,a1cecd3976777579
11,1,C3,18,354,0.8806,2,0.56571,0.25345,48,192,956eeb2bba5546e1
11,1,C3,19,356,0.8856,2,0.5624,0.2396,48,192,fdd7d5f48303b182
11,1,C3,20,369,0.9179,2,0.56616,0.22376,48,192,5aa2353383655037
11,2,C0,1,327,0.8134,2,0.53899,0.19649,48,192,d7bd8993cb7f80cb
11,2,C0,2,330,0.8209,2,0.54165,0.16603,48,192,52ba938d6bdae501
11,2,C0,3,321,0.7985,2,0.55709,0.18925,48,192,7789d45b6755f45a
11,2,C0,4,320,0.796,2,0.57067,0.20001,48,192,11f37f80371ad167
11,2,C0,5,334,0.8308,2,0.54401,0.22233,48,192,dfd383c3d3affe4c
11,2,C0,6,316,0.7861,2,0.53468,0.16204,48,192,c3c9347bd6a59fbb
11,2,C0,7,327,0.8134,2,0.55002,0.21053,48,192,abfa42d3d95c7ad6
11,2,C0,8,324,0.806,2,0.56255,0.19811,48,192,a8204879053f3387
11,2,C0,9,330,0.8209,2,0.56335,0.24914,48,192,20b7addabdeafaf6
11,2,C0,10,338,0.8408,2,0.5607,0.19236,48,192,dd48e5810269da63
11,2,C0,11,316,0.7861,2,0.55904,0.20544,48,192,c0f6bc5f62711a99
11,2,C0,12,323,0.8035,2,0.53102,0.20877,48,192,a8e5632d56aa3960
11,2,C0,13,318,0.791,2,0.53699,0.19853,48,192,4491fb23aed08a71
11,2,C0,14,340,0.8458,2,0.5417,0.21496,48,192,eb51137d44abb577
11,2,C0,15,329,0.8184,2,0.56055,0.22671,48,192,0c91e0cdbc76c58e
11,2,C0,16,321,0.7985,2,0.54977,0.18935,48,192,0244fec794889737
11,2,C0,17,326,0.8109,2,0.54676,0.2138,48,192,bd6c56d9582a612c
11,2,C0,18,312,0.7761,2,0.56461,0.19399,48,192,97eeead8ffbc94ce
11,2,C0,19,326,0.8109,2,0.5428,0.21345,48,192,3149c6cb46709f37
11,2,C0,20,328,0.8159,2,0.56987,0.18645,48,192,72959c358cb00698
11,2,C1,1,341,0.8483,2,0.52571,0.20111,48,192,c574dd58a79b9b93
11,2,C1,2,351,0.8731,2,0.56696,0.19701,48,192,bedbdd20f20600c7
11,2,C1,3,344,0.8557,2,0.55829,0.23667,48,192,45cbc21895e9e0b8
11,2,C1,4,344,0.8557,2,0.5644,0.19694,48,192,a2ed5a5ae7a6c567
11,2,C1,5,351,0.8731,2,0.55298,0.2315,48,192,02fa0897f3fe95d8
11,2,C1,6,338,0.8408,2,0.55192,0.18268,48,192,2501e840eb867b2c
11,2,C1,7,350,0.8706,2,0.54872,0.21635,48,192,654872f30974ef97
11,2,C1,8,345,0.8582,2,0.57122,0.20321,48,192,fa06f80d4e4fe2dc
11,2,C1,9,351,0.8731,2,0.5632,0.22654,48,192,b1e0b48a87180ae3
11,2,C1,10,349,0.8682,2,0.55989,0.19559,48,192,45d937982ca8939e
11,2,C1,11,336,0.8358,2,0.57904,0.21186,48,192,d96646e950906819
11,2,C1,12,342,0.8507,2,0.54701,0.22071,48,192,1eb6e6af2d17c056
11,2,C1,13,336,0.8358,2,0.5425,0.19948,48,192,20e5128e8ba3176e
11,2,C1,14,351,0.8731,2,0.54496,0.21711,48,192,1e9d2feb684c8e92
11,2,C1,15,348,0.8657,2,0.5611,0.23515,48,192,7eebd1dbb2bfc9ac
11,2,C1,16,345,0.8582,2,0.55288,0.23291,48,192,23778a600003e9c1
11,2,C1,17,344,0.8557,2,0.55989,0.1955,48,192,98755ff904532815
11,2,C1,18,339,0.8433,2,0.57408,0.21947,48,192,a81d75803de54ddf
11,2,C1,19,354,0.8806,2,0.55112,0.20843,48,192,d5f79f0348ae7767
11,2,C1,20,341,0.8483,2,0.5606,0.20098,48,192,c49fdd88b557c885
11,2,C2,1,350,0.8706,2,0.54055,0.20607,48,192,5e71ffc28adf76b7
11,2,C2,2,357,0.8881,2,0.5636,0.20129,48,192,d11a81ac5caad57a
11,2,C2,3,353,0.8781,2,0.55258,0.23498,48,192,faa517460fc8fbb7
11,2,C2,4,356,0.8856,2,0.56761,0.20629,48,192,4967d4f8fd164cb0
11,2,C2,5,350,0.8706,2,0.54486,0.20955,48,192,e4c02c5ea20bbdf0
11,2,C2,6,344,0.8557,2,0.5627,0.18467,48,192,90c7ab7e357db345
11,2,C2,7,349,0.8682,2,0.54897,0.22034,48,192,e0359e168045ab16
11,2,C2,8,348,0.8657,2,0.57237,0.2155,48,192,b89dd6ee3d5d0b06
11,2,C2,9,358,0.8905,2,0.57172,0.22152,48,192,038906e10af280d3
11,2,C2,10,360,0.8955,2,0.55874,0.22318,48,192,ec7fdfd18069bbee
11,2,C2,11,348,0.8657,2,0.56556,0.23465,48,192,47689944cd98de30
11,2,C2,12,346,0.8607,2,0.54541,0.2212,48,192,732d4aa25c916a69
11,2,C2,13,348,0.8657,2,0.55313,0.21807,48,192,8ce5152db4df5181
11,2,C2,14,360,0.8955,2,0.54746,0.21536,48,192,789e1ae2dc259bba
11,2,C2,15,350,0.8706,2,0.56285,0.2337,48,192,fbdcedf0e0a33cfe
11,2,C2,16,349,0.8682,2,0.55353,0.23295,48,192,da5a41191fe29c40
11,2,C2,17,350,0.8706,2,0.5644,0.19481,48,192,69545288c482869e
11,2,C2,18,344,0.8557,2,0.56902,0.23676,48,192,e82c73cdc2868260
11,2,C2,19,354,0.8806,2,0.54797,0.21253,48,192,bb66e297301f1e01
11,2,C2,20,345,0.8582,2,0.56826,0.20415,48,192,090f36040bce82c4
11,2,C3,1,357,0.8881,2,0.53403,0.20375,48,192,a396d175e4bf8e67
11,2,C3,2,361,0.898,2,0.5618,0.20682,48,192,83b3794d8d609e23
11,2,C3,3,358,0.8905,2,0.55573,0.22678,48,192,98d41eaa3249e25f
11,2,C3,4,358,0.8905,2,0.56741,0.2028,48,192,e32b9c413482a59e
11,2,C3,5,363,0.903,2,0.55002,0.22428,48,192,9a65730c7720948c
11,2,C3,6,346,0.8607,2,0.5627,0.18615,48,192,2ccbf09cf7b29624
11,2,C3,7,360,0.8955,2,0.55258,0.21883,48,192,f3e5d1249f0fd47c
11,2,C3,8,358,0.8905,2,0.57839,0.21157,48,192,72776d723f483865
11,2,C3,9,365,0.908,2,0.56831,0.21167,48,192,e1fdd908d3c28f6f
11,2,C3,10,367,0.9129,2,0.5608,0.23035,48,192,41c5f7fab9dbaefb
11,2,C3,11,353,0.8781,2,0.56375,0.23811,48,192,c7001b4aad60e963
11,2,C3,12,352,0.8756,2,0.54586,0.22111,48,192,814c4b10c2fb9036
11,2,C3,13,353,0.8781,2,0.55488,0.21856,48,192,bf0d556c75cc3e25
11,2,C3,14,367,0.9129,2,0.54305,0.216,48,192,7cba3d361604e49a
11,2,C3,15,356,0.8856,2,0.562,0.23484,48,192,3e2c7405b04487b2
11,2,C3,16,356,0.8856,2,0.55207,0.23047,48,192,fc617772be1f0bff
11,2,C3,17,358,0.8905,2,0.56591,0.19533,48,192,74b5fddcabbdcc6f
11,2,C3,18,350,0.8706,2,0.57007,0.23641,48,192,f8e839a2ee83bd51
11,2,C3,19,360,0.8955,2,0.55167,0.21459,48,192,9f800cf1004dd4b6
11,2,C3,20,352,0.8756,2,0.56395,0.20565,48,192,d1e3688eb8c8d022
11,3,C0,1,332,0.8259,2,0.52035,0.19514,48,192,3bc340c45e8ebf84
11,3,C0,2,330,0.8209,2,0.54887,0.19801,48,192,f0990e4e5dbdcc72
11,3,C0,3,328,0.8159,2,0.54771,0.22284,48,192,cdd8f952316d660f
11,3,C0,4,315,0.7836,2,0.5421,0.20441,48,192,fdd1550eaac4e73f
11,3,C0,5,318,0.791,2,0.56009,0.20861,48,192,6f3fa4543645e661
11,3,C0,6,334,0.8308,2,0.5406,0.20335,48,192,acb4882466abba54
11,3,C0,7,320,0.796,2,0.55057,0.21651,48,192,670bd08bf6cf9e38
11,3,C0,8,325,0.8085,2,0.55498,0.23392,48,192,26ea4d58590b9947
11,3,C0,9,323,0.8035,2,0.54355,0.21865,48,192,b707c01787a27e77
11,3,C0,10,323,0.8035,2,0.54456,0.21716,48,192,9f08680671fc3bbc
11,3,C0,11,326,0.8109,2,0.57172,0.20341,48,192,22d31298d6a1c1e4
11,3,C0,12,318,0.791,2,0.5617,0.19568,48,192,412f75027e40c305
11,3,C0,13,331,0.8234,2,0.55689,0.22853,48,192,25cff69ef893ba4d
11,3,C0,14,331,0.8234,2,0.56455,0.20724,48,192,e93637b384a185f6
11,3,C0,15,325,0.8085,2,0.54812,0.18422,48,192,997e8f1540bb9289
11,3,C0,16,322,0.801,2,0.56065,0.20013,48,192,de3145ed8fa34878
11,3,C0,17,330,0.8209,2,0.55914,0.22124,48,192,e3ee116f77804506
11,3,C0,18,334,0.8308,2,0.53744,0.16529,48,192,79a360bf6b0d0c08
11,3,C0,19,327,0.8134,2,0.56085,0.23161,48,192,f3cfae9677881792
11,3,C0,20,342,0.8507,2,0.55097,0.22178,48,192,85db30e47b4fc4e5
11,3,C1,1,354,0.8806,2,0.52586,0.19412,48,192,29c81e19a659a85c
11,3,C1,2,342,0.8507,2,0.55989,0.21396,48,192,80d9cc32d92d5a39
11,3,C1,3,350,0.8706,2,0.55398,0.23032,48,192,3a8fd821ca21cbb9
11,3,C1,4,344,0.8557,2,0.55984,0.20099,48,192,9a4b24ed720cb125
11,3,C1,5,332,0.8259,2,0.55764,0.18472,48,192,6dab9949c61aa040
11,3,C1,6,347,0.8632,2,0.54957,0.19912,48,192,8fc4eb57d6d86025
11,3,C1,7,335,0.8333,2,0.55122,0.21683,48,192,ae5290b3c5738556
11,3,C1,8,340,0.8458,2,0.55182,0.22908,48,192,06729a7bf0762016
11,3,C1,9,339,0.8433,2,0.54265,0.20858,48,192,a6ea1289b8299daa
11,3,C1,10,338,0.8408,2,0.55102,0.22556,48,192,04e50f78a0eebf63
11,3,C1,11,340,0.8458,2,0.55468,0.22916,48,192,c63a5eed1e54827c
11,3,C1,12,334,0.8308,2,0.55213,0.21692,48,192,378f9924908dca15
11,3,C1,13,347,0.8632,2,0.55318,0.23102,48,192,fba1e8d9e928fe79
11,3,C1,14,349,0.8682,2,0.55438,0.22078,48,192,7d98ade1205b84e4
11,3,C1,15,346,0.8607,2,0.55077,0.21826,48,192,13d87ec1bc7f2f96
11,3,C1,16,341,0.8483,2,0.5627,0.19038,48,192,094f3c32748e5527
11,3,C1,17,345,0.8582,2,0.55664,0.23261,48,192,19a9042b7afaa2d0
11,3,C1,18,349,0.8682,2,0.55022,0.1931,48,192,3af3890d1ea90aed
11,3,C1,19,345,0.8582,2,0.5605,0.23308,48,192,c6e6abab7a05eec9
11,3,C1,20,353,0.8781,2,0.53473,0.2155,48,192,66e4af41867032d0
11,3,C2,1,352,0.8756,2,0.53017,0.1942,48,192,22f69124e4795e77
11,3,C2,2,344,0.8557,2,0.55077,0.22921,48,192,f73fe60d510d3f89
11,3,C2,3,353,0.8781,2,0.54872,0.22609,48,192,d81fae3777e4ddc5
11,3,C2,4,351,0.8731,2,0.55353,0.2163,48,192,cb42372e5492bb60
11,3,C2,5,342,0.8507,2,0.55293,0.22811,48,192,58bc358317ca1478
11,3,C2,6,353,0.8781,2,0.55859,0.21532,48,192,e0121fd6abcbdd69
11,3,C2,7,352,0.8756,2,0.55538,0.23958,48,192,6ae8fd8ffa7f6d28
11,3,C2,8,344,0.8557,2,0.55433,0.22284,48,192,82e48280fa85c68a
11,3,C2,9,351,0.8731,2,0.55403,0.22808,48,192,2d1a57be8409ee83
11,3,C2,10,341,0.8483,2,0.55608,0.2455,48,192,86ef76cc12578caf
11,3,C2,11,346,0.8607,2,0.5623,0.22253,48,192,3b4e4772dfcdf87b
11,3,C2,12,342,0.8507,2,0.55182,0.22662,48,192,01f803acd6e758b1
11,3,C2,13,348,0.8657,2,0.55508,0.22952,48,192,a8ff3c6ef6eac012
11,3,C2,14,355,0.8831,2,0.55473,0.22155,48,192,5a341a02f65f721b
11,3,C2,15,353,0.8781,2,0.55303,0.22318,48,192,af51d58420e87a77
11,3,C2,16,346,0.8607,2,0.56165,0.18999,48,192,569b31b801fcb388
11,3,C2,17,356,0.8856,2,0.55729,0.22657,48,192,7b23e9746be8bb2b
11,3,C2,18,350,0.8706,2,0.5632,0.2038,48,192,a05dcaa6b77899d4
11,3,C2,19,345,0.8582,2,0.55869,0.2353,48,192,31c70a8c470775d5
11,3,C2,20,354,0.8806,2,0.53965,0.22576,48,192,28ff679faf3652ec
11,3,C3,1,364,0.9055,2,0.52977,0.19376,48,192,49e81ae862cc4cd7
11,3,C3,2,352,0.8756,2,0.55197,0.22738,48,192,54a7caa96037b626
11,3,C3,3,361,0.898,2,0.55127,0.22756,48,192,4052927529f72383
11,3,C3,4,357,0.8881,2,0.55303,0.22926,48,192,39b773bbfae6859c
11,3,C3,5,347,0.8632,2,0.55413,0.2288,48,192,00f8122d8a647ae8
11,3,C3,6,359,0.893,2,0.55964,0.21291,48,192,433f79e461a1bf7f
11,3,C3,7,356,0.8856,2,0.55573,0.23883,48,192,1b6c3b5f7a884ff9
11,3,C3,8,349,0.8682,2,0.55358,0.22379,48,192,cb50b433fe679d92
11,3,C3,9,360,0.8955,2,0.55458,0.23401,48,192,698685e38bfbe36e
11,3,C3,10,351,0.8731,2,0.56024,0.24206,48,192,44148decb56a5894
11,3,C3,11,353,0.8781,2,0.55974,0.23555,48,192,539cf3e4982317d2
11,3,C3,12,353,0.8781,2,0.55794,0.22353,48,192,e8d18b0747836c5d
11,3,C3,13,355,0.8831,2,0.55558,0.23044,48,192,14d0436912fe02bc
11,3,C3,14,366,0.9104,2,0.55789,0.22768,48,192,4bbf99e893f83e78
11,3,C3,15,361,0.898,2,0.55132,0.22401,48,192,f60e34b98b418ea9
11,3,C3,16,353,0.8781,2,0.56185,0.19185,48,192,ac2c9bebe70bc16b
11,3,C3,17,362,0.9005,2,0.55849,0.22904,48,192,87380b6442b49dae
11,3,C3,18,360,0.8955,2,0.54832,0.17659,48,192,aa25495c0dcdfc2c
11,3,C3,19,352,0.8756,2,0.5623,0.24376,48,192,9793bdda8800a63c
11,3,C3,20,359,0.893,2,0.54591,0.22859,48,192,f99c5fc3c1ee99c7
11,4,C0,1,328,0.8159,2,0.564,0.20187,48,192,86bc519661069cd5
11,4,C0,2,326,0.8109,2,0.55769,0.24236,48,192,163107e5bfc6b00a
11,4,C0,3,328,0.8159,2,0.55353,0.23907,48,192,e10db3046f0dc08c
11,4,C0,4,330,0.8209,2,0.53087,0.17846,48,192,1b0d830cd9ded01c
11,4,C0,5,326,0.8109,2,0.53453,0.16033,48,192,bf906a96f6569998
11,4,C0,6,332,0.8259,2,0.54987,0.22338,48,192,17c934e5f88707d4
11,4,C0,7,333,0.8284,2,0.53859,0.17483,48,192,a5c2ef28779c3dcb
11,4,C0,8,330,0.8209,2,0.55799,0.22094,48,192,842e130e16a0ecf2
11,4,C0,9,314,0.7811,2,0.55147,0.20997,48,192,3558af3f62ff1492
11,4,C0,10,325,0.8085,2,0.54521,0.21719,48,192,2615ff14aec68e7e
11,4,C0,11,333,0.8284,2,0.57318,0.196,48,192,90071fab832b378c
11,4,C0,12,321,0.7985,2,0.55724,0.21626,48,192,521bf96c910edcd5
11,4,C0,13,342,0.8507,2,0.54802,0.22582,48,192,da7655c7ee4b69ba
11,4,C0,14,329,0.8184,2,0.55218,0.22781,48,192,8fad2eeadf29cac3
11,4,C0,15,317,0.7886,2,0.56065,0.20394,48,192,f100947fb4a9c6ce
11,4,C0,16,332,0.8259,2,0.55849,0.19136,48,192,713fcd5e5495f091
11,4,C0,17,323,0.8035,2,0.57318,0.18443,48,192,af342f7bdc4d6b5d
11,4,C0,18,325,0.8085,2,0.56641,0.22509,48,192,fb3edc6bca1dbc21
11,4,C0,19,324,0.806,2,0.56521,0.20742,48,192,652048d2d5db4cf2
11,4,C0,20,320,0.796,2,0.56175,0.21357,48,192,066c55199e6bf7ff
11,4,C1,1,345,0.8582,2,0.53669,0.22344,48,192,470a702c6aaea1fa
11,4,C1,2,346,0.8607,2,0.55423,0.23668,48,192,996534b484324fad
11,4,C1,3,343,0.8532,2,0.55533,0.22498,48,192,c551c43c0ad18747
11,4,C1,4,349,0.8682,2,0.55428,0.22436,48,192,05238a3f5ddca5d0
11,4,C1,5,345,0.8582,2,0.54736,0.21064,48,192,c18c71f178936996
11,4,C1,6,346,0.8607,2,0.54571,0.21153,48,192,568de32a44bdbcc6
11,4,C1,7,345,0.8582,2,0.56461,0.21672,48,192,cd7bdb4c0a3bf6b5
11,4,C1,8,348,0.8657,2,0.5615,0.22528,48,192,5ba04ed271e6ca89
11,4,C1,9,335,0.8333,2,0.55724,0.21353,48,192,ae19e0e8d0c3e059
11,4,C1,10,340,0.8458,2,0.54882,0.2153,48,192,7361e20cce8c8315
11,4,C1,11,354,0.8806,2,0.55884,0.23072,48,192,8db4981ddd7c22f6
11,4,C1,12,337,0.8383,2,0.56185,0.21531,48,192,44e863160b9e832c
11,4,C1,13,357,0.8881,2,0.55182,0.22679,48,192,e6dbccf9374db318
11,4,C1,14,349,0.8682,2,0.55879,0.2323,48,192,0bb1a5f096661eca
11,4,C1,15,333,0.8284,2,0.55949,0.22343,48,192,8db8b894a9691529
11,4,C1,16,351,0.8731,2,0.56566,0.19906,48,192,751e8177423d477e
11,4,C1,17,344,0.8557,2,0.57468,0.17756,48,192,1aff9dbf64006e39
11,4,C1,18,347,0.8632,2,0.56846,0.20589,48,192,030b6cc20851c008
11,4,C1,19,343,0.8532,2,0.56014,0.21592,48,192,841b0e236aa08ed8
11,4,C1,20,334,0.8308,2,0.5623,0.22211,48,192,9e482518d420cf9b
11,4,C2,1,349,0.8682,2,0.54571,0.23469,48,192,4dd00f3d30f5443d
11,4,C2,2,355,0.8831,2,0.56105,0.23538,48,192,d5f0001343aaeae8
11,4,C2,3,350,0.8706,2,0.54932,0.23095,48,192,56807b29b3f0bead
11,4,C2,4,354,0.8806,2,0.55629,0.22984,48,192,c4ab77e7816e622b
11,4,C2,5,349,0.8682,2,0.55714,0.20018,48,192,843d1925ae71a857
11,4,C2,6,348,0.8657,2,0.54401,0.20765,48,192,d48e8483dec45b8c
11,4,C2,7,354,0.8806,2,0.55548,0.23697,48,192,94e5cb81a1587285
11,4,C2,8,355,0.8831,2,0.55654,0.22854,48,192,ca0c27b2aea81448
11,4,C2,9,347,0.8632,2,0.55969,0.21317,48,192,e760f5224448816c
11,4,C2,10,344,0.8557,2,0.54691,0.2161,48,192,67fdfd8e9122242c
11,4,C2,11,356,0.8856,2,0.55969,0.23103,48,192,261e7fa8a4e15ba4
11,4,C2,12,349,0.8682,2,0.56892,0.21875,48,192,256955069946d82e
11,4,C2,13,359,0.893,2,0.55017,0.22824,48,192,7b210939e8667285
11,4,C2,14,362,0.9005,2,0.5629,0.23367,48,192,5c0b42df72834ab5
11,4,C2,15,339,0.8433,2,0.55864,0.22845,48,192,b40a9dfae6fb2012
11,4,C2,16,353,0.8781,2,0.5645,0.21576,48,192,33a4117c82e1d539
11,4,C2,17,350,0.8706,2,0.54882,0.21982,48,192,01a45f45db9c98da
11,4,C2,18,350,0.8706,2,0.56145,0.22191,48,192,8158a256add3b0fb
11,4,C2,19,348,0.8657,2,0.56551,0.21964,48,192,8d59a81d74d9477f
11,4,C2,20,347,0.8632,2,0.57293,0.22354,48,192,201eb1e0d1767c87
11,4,C3,1,356,0.8856,2,0.55323,0.24499,48,192,db0ad86b6b43a235
11,4,C3,2,356,0.8856,2,0.55939,0.2346,48,192,3feeded5a2e8be23
11,4,C3,3,356,0.8856,2,0.54611,0.22947,48,192,8ad23fe24cf687bb
11,4,C3,4,363,0.903,2,0.55373,0.22551,48,192,e434910f81365ecd
11,4,C3,5,356,0.8856,2,0.55779,0.2094,48,192,52229f5c2df01f8e
11,4,C3,6,358,0.8905,2,0.54907,0.21012,48,192,596e5e5257866ba6
11,4,C3,7,360,0.8955,2,0.55443,0.24544,48,192,50c7b84fa6baf706
11,4,C3,8,364,0.9055,2,0.55769,0.22301,48,192,e88b0cb097f37db4
11,4,C3,9,354,0.8806,2,0.5612,0.21077,48,192,eba8816c5e85a3a9
11,4,C3,10,353,0.8781,2,0.54977,0.21719,48,192,b52c8b3ba972150d
11,4,C3,11,362,0.9005,2,0.55969,0.23414,48,192,dea5bd0d7dbc4c16
11,4,C3,12,354,0.8806,2,0.56571,0.2155,48,192,c77a8e79209b3acd
11,4,C3,13,362,0.9005,2,0.54992,0.22913,48,192,19dbc86df6acf6dd
11,4,C3,14,364,0.9055,2,0.56445,0.23399,48,192,522bb201defaab7b
11,4,C3,15,346,0.8607,2,0.55949,0.22186,48,192,edd77b02bcf2acbc
11,4,C3,16,362,0.9005,2,0.563,0.21851,48,192,3ff5809ac4c1bfb8
11,4,C3,17,356,0.8856,2,0.55649,0.22425,48,192,a77a756271b4b339
11,4,C3,18,355,0.8831,2,0.56405,0.2325,48,192,c8873bfae1dd1a6f
11,4,C3,19,355,0.8831,2,0.56661,0.21946,48,192,61fccc531f0da142
11,4,C3,20,354,0.8806,2,0.57338,0.22722,48,192,b81a43d14e3597f5
19,0,C0,1,327,0.8134,2,0.55197,0.22839,48,192,559bd863172cf06e
19,0,C0,2,329,0.8184,2,0.53749,0.18055,48,192,46edb446e36c1ead
19,0,C0,3,305,0.7587,2,0.51759,0.17829,48,192,eb95607f19796798
19,0,C0,4,331,0.8234,2,0.54215,0.20823,48,192,8932d959c4b6b925
19,0,C0,5,321,0.7985,2,0.55644,0.20829,48,192,6f3fdeacae211e5f
19,0,C0,6,320,0.796,2,0.55092,0.21359,48,192,5a2a8f0e02e6adf0
19,0,C0,7,343,0.8532,2,0.57548,0.21372,48,192,34cb7fa22a30860e
19,0,C0,8,343,0.8532,2,0.55864,0.21426,48,192,8d42dc016c6c7cc8
19,0,C0,9,329,0.8184,2,0.54987,0.22371,48,192,bc7541f970c830aa
19,0,C0,10,326,0.8109,2,0.57087,0.21366,48,192,f64019d80a8bfb7a
19,0,C0,11,324,0.806,2,0.55358,0.21682,48,192,6b8bd16f320f5ca3
19,0,C0,12,331,0.8234,2,0.5427,0.22272,48,192,f413cab42e088885
19,0,C0,13,320,0.796,2,0.54245,0.22023,48,192,e6b22babeb0f9cb8
19,0,C0,14,319,0.7935,2,0.53203,0.21618,48,192,51300fe3987f1c55
19,0,C0,15,330,0.8209,2,0.54235,0.16798,48,192,54cea0877d9ee13d
19,0,C0,16,331,0.8234,2,0.55684,0.21074,48,192,eaf752c723bac8f1
19,0,C0,17,335,0.8333,2,0.56095,0.22687,48,192,4f7e22847d6f0cdd
19,0,C0,18,336,0.8358,2,0.55979,0.23678,48,192,8c1f5333e2fd352c
19,0,C0,19,330,0.8209,2,0.55994,0.24689,48,192,236d6ee5e25afc4e
19,0,C0,20,332,0.8259,2,0.55383,0.18932,48,192,0f80d58027adc573
19,0,C1,1,346,0.8607,2,0.55298,0.22992,48,192,80d9abf5ba8b5284
19,0,C1,2,347,0.8632,2,0.55478,0.20986,48,192,637870ea73f7eccb
19,0,C1,3,326,0.8109,2,0.52225,0.18642,48,192,c038e7f7c99b220d
19,0,C1,4,342,0.8507,2,0.55433,0.21412,48,192,ab696512436b6995
19,0,C1,5,356,0.8856,2,0.56686,0.22725,48,192,cf06224efab63f87
19,0,C1,6,341,0.8483,2,0.55879,0.19974,48,192,a20f45e834962e24
19,0,C1,7,352,0.8756,2,0.5645,0.21869,48,192,38dd829472485671
19,0,C1,8,359,0.893,2,0.56115,0.22918,48,192,c671fb9e2362be1e
19,0,C1,9,347,0.8632,2,0.55859,0.20981,48,192,67fcff0236fc458b
19,0,C1,10,349,0.8682,2,0.582,0.21138,48,192,a39a7eeaf61ef39c
19,0,C1,11,340,0.8458,2,0.55132,0.22189,48,192,d75b8b170d1c07a2
19,0,C1,12,350,0.8706,2,0.54721,0.22908,48,192,d19d629770518dd2
19,0,C1,13,341,0.8483,2,0.55944,0.23255,48,192,a38e077247c7f45f
19,0,C1,14,342,0.8507,2,0.54681,0.23321,48,192,3239b9e829b885e4
19,0,C1,15,354,0.8806,2,0.56275,0.17858,48,192,5b8bcbe967d80e52
19,0,C1,16,351,0.8731,2,0.55613,0.22752,48,192,48ef747613d076ce
19,0,C1,17,346,0.8607,2,0.55709,0.22728,48,192,c871d0de1b869e03
19,0,C1,18,351,0.8731,2,0.55253,0.22432,48,192,6e1605e00a2983d8
19,0,C1,19,346,0.8607,2,0.55804,0.24376,48,192,b3bc9636631fb10a
19,0,C1,20,345,0.8582,2,0.55583,0.21417,48,192,2bca3b47a2a68f67
19,0,C2,1,349,0.8682,2,0.55228,0.22839,48,192,0ffc8f9631853d35
19,0,C2,2,352,0.8756,2,0.562,0.22678,48,192,72a97e6b55c4a579
19,0,C2,3,334,0.8308,2,0.53443,0.21413,48,192,60703ef9a3f1e1a3
19,0,C2,4,352,0.8756,2,0.55052,0.2292,48,192,5c7620121e7d265e
19,0,C2,5,360,0.8955,2,0.55659,0.23365,48,192,685ee1a688f4c974
19,0,C2,6,342,0.8507,2,0.55558,0.19752,48,192,526c8b51b6c926a7
19,0,C2,7,364,0.9055,2,0.57127,0.21604,48,192,27c7af7246da9f5c
19,0,C2,8,366,0.9104,2,0.5622,0.23561,48,192,4a10172bf99298a4
19,0,C2,9,353,0.8781,2,0.55844,0.22279,48,192,69914f558436ba6c
19,0,C2,10,354,0.8806,2,0.57613,0.21365,48,192,ea9ba87b7bc492fa
19,0,C2,11,345,0.8582,2,0.55909,0.22969,48,192,a346bdcc5fa8c193
19,0,C2,12,356,0.8856,2,0.54556,0.21394,48,192,d3fdf07a29b047b6
19,0,C2,13,346,0.8607,2,0.56165,0.23319,48,192,b1fe16178d8846ac
19,0,C2,14,348,0.8657,2,0.54972,0.23556,48,192,b7fa173cc22a0265
19,0,C2,15,355,0.8831,2,0.55258,0.23155,48,192,cb5d8bc650a85f7d
19,0,C2,16,352,0.8756,2,0.55623,0.23082,48,192,95e4697ac270a954
19,0,C2,17,356,0.8856,2,0.55699,0.21769,48,192,bdc4fe3cd23c3f25
19,0,C2,18,352,0.8756,2,0.55288,0.22192,48,192,53fd07f373c58831
19,0,C2,19,352,0.8756,2,0.55283,0.23948,48,192,8078f99225d07fbd
19,0,C2,20,355,0.8831,2,0.55197,0.23659,48,192,24dd5e26f8c6af65
19,0,C3,1,361,0.898,2,0.55142,0.22693,48,192,33b0f53cdfba520a
19,0,C3,2,359,0.893,2,0.55804,0.20885,48,192,1fef384b33dcc2dc
19,0,C3,3,339,0.8433,2,0.53243,0.212,48,192,f1420d756b9cfd7a
19,0,C3,4,360,0.8955,2,0.54967,0.23202,48,192,156c5dac2c350666
19,0,C3,5,366,0.9104,2,0.55634,0.23432,48,192,9775108dc07615d4
19,0,C3,6,348,0.8657,2,0.55989,0.20193,48,192,a3ec9ce87298c301
19,0,C3,7,367,0.9129,2,0.57027,0.21974,48,192,72baf96638a1750f
19,0,C3,8,372,0.9254,2,0.56105,0.23528,48,192,ece4b1925fbb7ac4
19,0,C3,9,359,0.893,2,0.5624,0.22567,48,192,af893ceb31c84a0e
19,0,C3,10,365,0.908,2,0.57789,0.21374,48,192,c2ec4bf80707bbab
19,0,C3,11,354,0.8806,2,0.55944,0.2388,48,192,bd35a4f1953cd98f
19,0,C3,12,361,0.898,2,0.54345,0.22003,48,192,36b58437200bf660
19,0,C3,13,353,0.8781,2,0.56295,0.22076,48,192,4a6c095add5f045e
19,0,C3,14,355,0.8831,2,0.54902,0.2432,48,192,a1286d67a99b5ae9
19,0,C3,15,363,0.903,2,0.57142,0.24098,48,192,c024e14674fa2fc4
19,0,C3,16,359,0.893,2,0.55909,0.23128,48,192,de9b00543f2cfe2b
19,0,C3,17,363,0.903,2,0.55233,0.22458,48,192,58ed69e19fd6d281
19,0,C3,18,360,0.8955,2,0.55278,0.22864,48,192,150c2810db224040
19,0,C3,19,360,0.8955,2,0.56075,0.24402,48,192,5f0a3a091e02f497
19,0,C3,20,359,0.893,2,0.55328,0.23732,48,192,73cd045414d8e949
19,1,C0,1,326,0.8109,2,0.53107,0.21075,48,192,50755674faaa437c
19,1,C0,2,328,0.8159,2,0.52752,0.20475,48,192,f472cbb5c98922bd
19,1,C0,3,311,0.7736,2,0.55473,0.22186,48,192,e908fed5f35f84e4
19,1,C0,4,324,0.806,2,0.5422,0.21822,48,192,4664d1bd251c034e
19,1,C0,5,324,0.806,2,0.55202,0.21833,48,192,41e4687eeb5664c8
19,1,C0,6,324,0.806,2,0.55127,0.21784,48,192,26b1b191d4020fe0
19,1,C0,7,335,0.8333,2,0.55468,0.20754,48,192,80fce271e604dcdc
19,1,C0,8,330,0.8209,2,0.54842,0.20105,48,192,ae1749e86ac5d57c
19,1,C0,9,331,0.8234,2,0.55468,0.23905,48,192,87d73df90e49931b
19,1,C0,10,335,0.8333,2,0.5607,0.19786,48,192,6fc74c7155dc5cbb
19,1,C0,11,321,0.7985,2,0.53278,0.19022,48,192,e8771754ae1aaeb1
19,1,C0,12,323,0.8035,2,0.55423,0.22334,48,192,ef080631029caa70
19,1,C0,13,320,0.796,2,0.56571,0.21242,48,192,06db1f363c85b879
19,1,C0,14,323,0.8035,2,0.54847,0.21691,48,192,78ae6c094581667e
19,1,C0,15,324,0.806,2,0.54045,0.21245,48,192,5701acccf863d019
19,1,C0,16,324,0.806,2,0.56626,0.19909,48,192,cf4673aad9b93fe7
19,1,C0,17,328,0.8159,2,0.55042,0.18244,48,192,08b5a2e093e8690b
19,1,C0,18,323,0.8035,2,0.56115,0.19358,48,192,c77d9f8f0ce19b28
19,1,C0,19,341,0.8483,2,0.57468,0.21538,48,192,a3b604c79bf79f12
19,1,C0,20,335,0.8333,2,0.57298,0.19343,48,192,f69e62b46554635d
19,1,C1,1,338,0.8408,2,0.53233,0.20261,48,192,c036319acbedb25e
19,1,C1,2,341,0.8483,2,0.52686,0.19743,48,192,7a1f02f68310c589
19,1,C1,3,331,0.8234,2,0.57127,0.21672,48,192,60ea24558d9f0040
19,1,C1,4,349,0.8682,2,0.54165,0.22601,48,192,edc8bc333edd3913
19,1,C1,5,346,0.8607,2,0.54962,0.22618,48,192,761deb0a0535e091
19,1,C1,6,343,0.8532,2,0.56004,0.19941,48,192,7e4353408c7fbc22
19,1,C1,7,346,0.8607,2,0.56014,0.22022,48,192,62b47f6a753a64d7
19,1,C1,8,343,0.8532,2,0.56405,0.20863,48,192,9af32ece2a0223ed
19,1,C1,9,346,0.8607,2,0.55629,0.24376,48,192,3fa101a87c4c74f5
19,1,C1,10,356,0.8856,2,0.55293,0.21634,48,192,fe6f7718cd51f9be
19,1,C1,11,338,0.8408,2,0.55393,0.19902,48,192,35304573ba07da37
19,1,C1,12,344,0.8557,2,0.55623,0.22866,48,192,079869cafcb41519
19,1,C1,13,341,0.8483,2,0.56646,0.22511,48,192,db67225dafe25729
19,1,C1,14,349,0.8682,2,0.55293,0.22393,48,192,958910b4b967ce9d
19,1,C1,15,345,0.8582,2,0.54907,0.21286,48,192,97e7533dce2f58a0
19,1,C1,16,342,0.8507,2,0.56355,0.21606,48,192,2e12bee06853d762
19,1,C1,17,343,0.8532,2,0.55258,0.1786,48,192,fd476b0e2346432e
19,1,C1,18,343,0.8532,2,0.55433,0.20964,48,192,f46d608e9b38802c
19,1,C1,19,356,0.8856,2,0.5632,0.2263,48,192,1225776c00839c21
19,1,C1,20,350,0.8706,2,0.56435,0.23214,48,192,b8e2e3615589c0ca
19,1,C2,1,338,0.8408,2,0.5417,0.21863,48,192,81665a66d9946127
19,1,C2,2,343,0.8532,2,0.52917,0.19829,48,192,c43e2887f45566e7
19,1,C2,3,335,0.8333,2,0.56761,0.23236,48,192,cac00b219ebfb4c0
19,1,C2,4,350,0.8706,2,0.53864,0.22743,48,192,bde52f8a8e584a1a
19,1,C2,5,352,0.8756,2,0.54817,0.21601,48,192,160de68877f4cc48
19,1,C2,6,345,0.8582,2,0.56591,0.1915,48,192,5ce586fdd99e2bb1
19,1,C2,7,350,0.8706,2,0.55834,0.22709,48,192,ef0971524ae736b8
19,1,C2,8,350,0.8706,2,0.5626,0.21819,48,192,cf56c5f14a16122d
19,1,C2,9,350,0.8706,2,0.5632,0.23513,48,192,9666f3a49ac8b1c7
19,1,C2,10,360,0.8955,2,0.55052,0.22117,48,192,11a9fc88a6382766
19,1,C2,11,343,0.8532,2,0.56034,0.19868,48,192,e887b85995578228
19,1,C2,12,350,0.8706,2,0.56571,0.21244,48,192,0c59f5031890b775
19,1,C2,13,341,0.8483,2,0.56275,0.23168,48,192,bca062f4750b5e17
19,1,C2,14,351,0.8731,2,0.55233,0.2261,48,192,d1592a40024aab0e
19,1,C2,15,354,0.8806,2,0.54947,0.19715,48,192,cfb67a56bb7bf93c
19,1,C2,16,353,0.8781,2,0.5645,0.21404,48,192,c46663ba983a779a
19,1,C2,17,351,0.8731,2,0.56631,0.18984,48,192,a1ffe465b7e19321
19,1,C2,18,347,0.8632,2,0.57117,0.18913,48,192,7e7eca42376f1604
19,1,C2,19,363,0.903,2,0.56922,0.21005,48,192,2ace334883d5498e
19,1,C2,20,363,0.903,2,0.56501,0.24654,48,192,d9bf1871f715db31
19,1,C3,1,351,0.8731,2,0.53428,0.21122,48,192,f2f30f72289b5ebf
19,1,C3,2,351,0.8731,2,0.52797,0.19034,48,192,d21fe244e219cb7c
19,1,C3,3,343,0.8532,2,0.57142,0.23135,48,192,e5cdb1d3a55019b8
19,1,C3,4,356,0.8856,2,0.5436,0.22678,48,192,34985d335df37010
19,1,C3,5,358,0.8905,2,0.55102,0.22175,48,192,83d719ad172e05d0
19,1,C3,6,357,0.8881,2,0.56435,0.19662,48,192,4f5a3fdab8130908
19,1,C3,7,357,0.8881,2,0.55884,0.21752,48,192,7e0641349ec669ce
19,1,C3,8,360,0.8955,2,0.55523,0.21958,48,192,e64dd53c78ce3bd7
19,1,C3,9,361,0.898,2,0.56375,0.2368,48,192,512dce7595d8c5b4
19,1,C3,10,364,0.9055,2,0.55172,0.22051,48,192,07405b6fe257ad8d
19,1,C3,11,355,0.8831,2,0.56435,0.19689,48,192,21860f112d91fd8c
19,1,C3,12,355,0.8831,2,0.56491,0.21295,48,192,7ea8abfa9a36ca40
19,1,C3,13,352,0.8756,2,0.56315,0.23251,48,192,a3ab41fe8e6842b1
19,1,C3,14,361,0.898,2,0.55513,0.23068,48,192,b784031645e0aed5
19,1,C3,15,359,0.893,2,0.54596,0.19744,48,192,cf7a541e3e517bb2
19,1,C3,16,357,0.8881,2,0.56816,0.2139,48,192,3b4c3e22ab8b3bb5
19,1,C3,17,354,0.8806,2,0.56576,0.19396,48,192,dffbccca2ada6bab
19,1,C3,18,359,0.893,2,0.56095,0.23066,48,192,288519dcf5499dc7
19,1,C3,19,373,0.9279,2,0.56571,0.23337,48,192,04e670aaab86c23d
19,1,C3,20,368,0.9154,2,0.56476,0.24202,48,192,a6f740c915b59cd2
19,2,C0,1,324,0.806,2,0.5615,0.20317,48,192,a57249706309f286
19,2,C0,2,319,0.7935,2,0.55082,0.2106,48,192,f22d8243ec7b488c
19,2,C0,3,325,0.8085,2,0.56771,0.17587,48,192,81e332f14e1021ce
19,2,C0,4,319,0.7935,2,0.56039,0.23308,48,192,359248f2cbee9d41
19,2,C0,5,325,0.8085,2,0.57538,0.19708,48,192,56cd8d01b2fda79b
19,2,C0,6,337,0.8383,2,0.56781,0.21121,48,192,786b0051b4db6347
19,2,C0,7,326,0.8109,2,0.55478,0.1903,48,192,70a033d50a6391f8
19,2,C0,8,328,0.8159,2,0.55097,0.23026,48,192,7e3615ef6490c7d6
19,2,C0,9,338,0.8408,2,0.56781,0.20429,48,192,5c6b2e9103c76fc7
19,2,C0,10,334,0.8308,2,0.56636,0.19236,48,192,9363124410fe2ddd
19,2,C0,11,332,0.8259,2,0.54837,0.21657,48,192,6b4aa0ea08be5bdc
19,2,C0,12,325,0.8085,2,0.55669,0.23717,48,192,db8749c4341148f2
19,2,C0,13,324,0.806,2,0.5421,0.21119,48,192,2636fbf365ab7479
19,2,C0,14,327,0.8134,2,0.55513,0.25008,48,192,56f27ec71c399319
19,2,C0,15,331,0.8234,2,0.56486,0.21764,48,192,71e43f71c7dd6957
19,2,C0,16,327,0.8134,2,0.55578,0.2275,48,192,9e72b75fd5925402
19,2,C0,17,325,0.8085,2,0.56716,0.20656,48,192,84356ce1b08dc48c
19,2,C0,18,328,0.8159,2,0.54546,0.19467,48,192,f77c779494d14e30
19,2,C0,19,331,0.8234,2,0.54827,0.22344,48,192,4ded21532c3aa1d1
19,2,C0,20,326,0.8109,2,0.55864,0.23629,48,192,09f68f435c8f73fe
19,2,C1,1,349,0.8682,2,0.55889,0.23204,48,192,a14ed2be8b56da97
19,2,C1,2,341,0.8483,2,0.562,0.18523,48,192,9375ac1ae7181bb8
19,2,C1,3,343,0.8532,2,0.56285,0.17772,48,192,f224b4cb072b3d76
19,2,C1,4,342,0.8507,2,0.56145,0.22764,48,192,93b29d43c8dba929
19,2,C1,5,339,0.8433,2,0.57418,0.19983,48,192,c2870592452c972f
19,2,C1,6,349,0.8682,2,0.56701,0.20565,48,192,2e727b4d1122f16a
19,2,C1,7,349,0.8682,2,0.55493,0.19436,48,192,cd6011a9f9d5b0c5
19,2,C1,8,346,0.8607,2,0.55363,0.23876,48,192,ad1f57ff570492f1
19,2,C1,9,356,0.8856,2,0.55097,0.19205,48,192,88fc8ff4b03907b1
19,2,C1,10,348,0.8657,2,0.53478,0.17842,48,192,895f1df2055e0e64
19,2,C1,11,341,0.8483,2,0.55428,0.22695,48,192,103ab8266e4d0401
19,2,C1,12,346,0.8607,2,0.55629,0.23535,48,192,7d769ed9b2b00dc0
19,2,C1,13,345,0.8582,2,0.53874,0.22024,48,192,af05f1800eedcb33
19,2,C1,14,348,0.8657,2,0.55649,0.23083,48,192,8dc3bc41e8896866
19,2,C1,15,345,0.8582,2,0.57012,0.21563,48,192,ffaa49bec9b2c40d
19,2,C1,16,342,0.8507,2,0.55553,0.2315,48,192,40724caab3420326
19,2,C1,17,343,0.8532,2,0.57032,0.2146,48,192,67658aec40e5053b
19,2,C1,18,340,0.8458,2,0.54416,0.21129,48,192,05167b2305749425
19,2,C1,19,345,0.8582,2,0.55578,0.22905,48,192,10538e1698eb3e85
19,2,C1,20,346,0.8607,2,0.5624,0.24414,48,192,3db87a107ce8b713
19,2,C2,1,355,0.8831,2,0.55659,0.23256,48,192,f8728c3221c7c6c5
19,2,C2,2,352,0.8756,2,0.53087,0.21009,48,192,cbff13e64cbfb26f
19,2,C2,3,344,0.8557,2,0.56666,0.19803,48,192,e296131273b55a95
19,2,C2,4,347,0.8632,2,0.54892,0.229,48,192,05c1c7983d954008
19,2,C2,5,346,0.8607,2,0.56225,0.2044,48,192,66178bb2f5d0722d
19,2,C2,6,354,0.8806,2,0.5623,0.22316,48,192,fdf1494d89771be0
19,2,C2,7,351,0.8731,2,0.56295,0.20951,48,192,f39174762db1bc63
19,2,C2,8,356,0.8856,2,0.55618,0.23324,48,192,031c7e5402f94a94
19,2,C2,9,361,0.898,2,0.58225,0.20796,48,192,47da37c9cc1e2618
19,2,C2,10,359,0.893,2,0.54897,0.18454,48,192,384e655749a967c7
19,2,C2,11,351,0.8731,2,0.55278,0.2292,48,192,0a55182288b26562
19,2,C2,12,347,0.8632,2,0.55689,0.24307,48,192,8d97a47eebbaa186
19,2,C2,13,349,0.8682,2,0.54852,0.22366,48,192,3322322db7b104bd
19,2,C2,14,348,0.8657,2,0.55573,0.23786,48,192,8fd38b881fe0e5a4
19,2,C2,15,350,0.8706,2,0.56065,0.23753,48,192,0e44af1cf15d6faa
19,2,C2,16,350,0.8706,2,0.55568,0.22859,48,192,824633adb0a80ae0
19,2,C2,17,345,0.8582,2,0.56851,0.20966,48,192,c9336a6a12bd20d2
19,2,C2,18,342,0.8507,2,0.54937,0.21188,48,192,c3c811fd9c9b39d5
19,2,C2,19,348,0.8657,2,0.55248,0.23025,48,192,7d95c4bdc6464794
19,2,C2,20,354,0.8806,2,0.56571,0.24164,48,192,fd3ad3abe9c02669
19,2,C3,1,363,0.903,2,0.55879,0.229,48,192,72d9bfafa5ae2b6c
19,2,C3,2,356,0.8856,2,0.53824,0.21606,48,192,a9c5c5693373d0ff
19,2,C3,3,352,0.8756,2,0.56496,0.19721,48,192,dd5ec60d3f8822ce
19,2,C3,4,358,0.8905,2,0.55047,0.2266,48,192,57f58777ef947056
19,2,C3,5,355,0.8831,2,0.56546,0.21224,48,192,01495014eefc6bc9
19,2,C3,6,360,0.8955,2,0.5644,0.23095,48,192,82f5faa51427ba33
19,2,C3,7,360,0.8955,2,0.55879,0.19755,48,192,c577c99bee3e81e4
19,2,C3,8,361,0.898,2,0.55238,0.23617,48,192,47bf6150455050e0
19,2,C3,9,365,0.908,2,0.5819,0.20551,48,192,84683b47b7e844c3
19,2,C3,10,363,0.903,2,0.55112,0.18654,48,192,12aa96edbe0a210f
19,2,C3,11,362,0.9005,2,0.55062,0.23106,48,192,e6bde11864b51545
19,2,C3,12,356,0.8856,2,0.55689,0.24328,48,192,b96715c888c2b471
19,2,C3,13,354,0.8806,2,0.54776,0.22284,48,192,18f7f4b5f9958f94
19,2,C3,14,359,0.893,2,0.55664,0.25797,48,192,82cf5d91fce2766a
19,2,C3,15,356,0.8856,2,0.55999,0.23299,48,192,27d840a12fac28f9
19,2,C3,16,357,0.8881,2,0.55639,0.23271,48,192,a20419443d187e24
19,2,C3,17,350,0.8706,2,0.57137,0.21268,48,192,3f61e62c70948afb
19,2,C3,18,354,0.8806,2,0.55157,0.21217,48,192,d71c43c171d17057
19,2,C3,19,358,0.8905,2,0.55629,0.23104,48,192,fb1f4d5b528b07f4
19,2,C3,20,358,0.8905,2,0.56536,0.24202,48,192,11642e7b138b8755
19,3,C0,1,323,0.8035,2,0.54922,0.23102,48,192,6379cb6f53a27d2c
19,3,C0,2,317,0.7886,2,0.57483,0.2018,48,192,f857d8c99e9596b9
19,3,C0,3,326,0.8109,2,0.55508,0.20137,48,192,c7aaa46c332f9ffa
19,3,C0,4,328,0.8159,2,0.56766,0.20301,48,192,e3487bb5cf75de80
19,3,C0,5,330,0.8209,2,0.56491,0.19711,48,192,198728fe44d2ab70
19,3,C0,6,329,0.8184,2,0.54521,0.19411,48,192,37677233132cf3d9
19,3,C0,7,332,0.8259,2,0.53659,0.17358,48,192,1b6f9354045f7a38
19,3,C0,8,335,0.8333,2,0.55634,0.2294,48,192,77ef33d2df4b60a5
19,3,C0,9,325,0.8085,2,0.55583,0.2252,48,192,5f46f5c97346ceb2
19,3,C0,10,323,0.8035,2,0.55704,0.19766,48,192,32cd06f7c778cdf0
19,3,C0,11,327,0.8134,2,0.54376,0.22136,48,192,cebb2c03c87431df
19,3,C0,12,322,0.801,2,0.53528,0.21842,48,192,6103e961e52c5dea
19,3,C0,13,323,0.8035,2,0.53153,0.20743,48,192,003f24b9f6f3a923
19,3,C0,14,323,0.8035,2,0.56225,0.19223,48,192,35c373f22cd1ec6a
19,3,C0,15,321,0.7985,2,0.55563,0.21375,48,192,1c9af5fa60dca458
19,3,C0,16,333,0.8284,2,0.55694,0.18744,48,192,13e96184c5733043
19,3,C0,17,338,0.8408,2,0.55152,0.22607,48,192,cf25b847d2111bdf
19,3,C0,18,328,0.8159,2,0.53874,0.20009,48,192,03c5b8ca05d69338
19,3,C0,19,323,0.8035,2,0.54305,0.18043,48,192,6129164135912a05
19,3,C0,20,328,0.8159,2,0.55899,0.18353,48,192,653d590f270773b6
19,3,C1,1,344,0.8557,2,0.54852,0.22789,48,192,7c28476ab8f6dd3d
19,3,C1,2,332,0.8259,2,0.56395,0.22539,48,192,6aeeba50d1203a34
19,3,C1,3,337,0.8383,2,0.55197,0.2174,48,192,77f94393dc13fe2e
19,3,C1,4,349,0.8682,2,0.56009,0.23234,48,192,24a25daf99046d74
19,3,C1,5,352,0.8756,2,0.57909,0.2178,48,192,c3eea7dcc63f2a04
19,3,C1,6,342,0.8507,2,0.53278,0.18919,48,192,eac0860404350d4a
19,3,C1,7,346,0.8607,2,0.56225,0.19776,48,192,becfc9b478546fe1
19,3,C1,8,356,0.8856,2,0.56806,0.23216,48,192,19bc0791907166e0
19,3,C1,9,342,0.8507,2,0.55859,0.2305,48,192,a50a70d4f9a84a6b
19,3,C1,10,344,0.8557,2,0.56225,0.21343,48,192,6953db4d3e7bdb28
19,3,C1,11,341,0.8483,2,0.55017,0.23152,48,192,48602a19464f8cb6
19,3,C1,12,336,0.8358,2,0.52787,0.20948,48,192,3d0fcade42878bc8
19,3,C1,13,337,0.8383,2,0.54721,0.23413,48,192,9bbafddd9d846714
19,3,C1,14,343,0.8532,2,0.56912,0.1932,48,192,c62743f9f9c78391
19,3,C1,15,336,0.8358,2,0.54802,0.19172,48,192,d4daa7a53c830baa
19,3,C1,16,347,0.8632,2,0.55724,0.2204,48,192,f95024a81db845eb
19,3,C1,17,345,0.8582,2,0.55729,0.23678,48,192,195e7236bee3061b
19,3,C1,18,346,0.8607,2,0.55909,0.19457,48,192,c19172bc177890a8
19,3,C1,19,346,0.8607,2,0.55754,0.21471,48,192,8fc3ffd8a828392f
19,3,C1,20,339,0.8433,2,0.57227,0.22359,48,192,f2f1cc2659309edc
19,3,C2,1,349,0.8682,2,0.55137,0.22929,48,192,7970b4ae8e3d0ef1
19,3,C2,2,343,0.8532,2,0.57277,0.21895,48,192,f3a0821f59f505f1
19,3,C2,3,348,0.8657,2,0.54546,0.21357,48,192,61a3e933b434e176
19,3,C2,4,353,0.8781,2,0.5623,0.23557,48,192,cfeb5ce7eaac6bc2
19,3,C2,5,356,0.8856,2,0.55613,0.23311,48,192,26b4b1231dc7b4fc
19,3,C2,6,351,0.8731,2,0.5425,0.20128,48,192,1627ebfb4ba689d8
19,3,C2,7,355,0.8831,2,0.56205,0.19173,48,192,f6d3af5a1d37b52a
19,3,C2,8,358,0.8905,2,0.55639,0.23561,48,192,a5432ac550c7e2f0
19,3,C2,9,348,0.8657,2,0.55734,0.23681,48,192,89ba2531336476d0
19,3,C2,10,346,0.8607,2,0.55709,0.21511,48,192,1dd7b5ca6c601b01
19,3,C2,11,347,0.8632,2,0.55137,0.22781,48,192,a2e775ad36465f9c
19,3,C2,12,341,0.8483,2,0.52361,0.20505,48,192,4a134f154e3ed610
19,3,C2,13,344,0.8557,2,0.54711,0.23406,48,192,ab1c8be356bff72c
19,3,C2,14,347,0.8632,2,0.56631,0.19484,48,192,98e43840c0d12936
19,3,C2,15,338,0.8408,2,0.54786,0.19275,48,192,55963473e3eddd96
19,3,C2,16,355,0.8831,2,0.55909,0.21488,48,192,1739a5454658c2ed
19,3,C2,17,352,0.8756,2,0.55944,0.23537,48,192,9a0ea72b800f64c3
19,3,C2,18,350,0.8706,2,0.55759,0.20299,48,192,0984a97671f9d922
19,3,C2,19,359,0.893,2,0.55814,0.21751,48,192,362e1647666a444d
19,3,C2,20,344,0.8557,2,0.56736,0.25022,48,192,075c7d05dd4c6f94
19,3,C3,1,354,0.8806,2,0.55122,0.22607,48,192,731a552b89f16c61
19,3,C3,2,348,0.8657,2,0.57167,0.21843,48,192,811403c4ee0b6a2f
19,3,C3,3,354,0.8806,2,0.54601,0.20874,48,192,669854fb190d4671
19,3,C3,4,360,0.8955,2,0.5617,0.23717,48,192,0d3edcfad5f5b957
19,3,C3,5,366,0.9104,2,0.56065,0.23054,48,192,fff27b854579ccb1
19,3,C3,6,354,0.8806,2,0.54461,0.20505,48,192,74bbb2768942cf2c
19,3,C3,7,360,0.8955,2,0.5639,0.19353,48,192,58f2c116574b7838
19,3,C3,8,368,0.9154,2,0.55689,0.24419,48,192,60ad65d46e4e5166
19,3,C3,9,354,0.8806,2,0.55749,0.23836,48,192,65568e13ee090046
19,3,C3,10,352,0.8756,2,0.55904,0.22628,48,192,f19a518634a382f6
19,3,C3,11,352,0.8756,2,0.55213,0.22976,48,192,0426ae18eec0588d
19,3,C3,12,351,0.8731,2,0.51985,0.20439,48,192,55e43c938fa24ed9
19,3,C3,13,348,0.8657,2,0.54832,0.2346,48,192,73c664c822aab82c
19,3,C3,14,353,0.8781,2,0.56871,0.19289,48,192,8ceda32b511706c4
19,3,C3,15,348,0.8657,2,0.54601,0.195,48,192,312059fcdc1a685c
19,3,C3,16,356,0.8856,2,0.56034,0.21444,48,192,e790d1837eb97aa8
19,3,C3,17,358,0.8905,2,0.55879,0.23304,48,192,afc74156979ac5b2
19,3,C3,18,361,0.898,2,0.54771,0.19941,48,192,cfca0806f6651b0d
19,3,C3,19,361,0.898,2,0.55939,0.21685,48,192,ed85ac3a6f6c2eb8
19,3,C3,20,355,0.8831,2,0.56912,0.2247,48,192,57e33021bcbfe22f
19,4,C0,1,326,0.8109,2,0.56009,0.19355,48,192,112fdf193960bbbc
19,4,C0,2,329,0.8184,2,0.53899,0.20742,48,192,6121a45268fc412a
19,4,C0,3,316,0.7861,2,0.54842,0.20026,48,192,55e1591a11e5655a
19,4,C0,4,323,0.8035,2,0.54832,0.19417,48,192,1f55223e63be9c23
19,4,C0,5,333,0.8284,2,0.54576,0.18637,48,192,2851a941c7f5cd1b
19,4,C0,6,321,0.7985,2,0.56461,0.19387,48,192,0fda0be2943fd267
19,4,C0,7,321,0.7985,2,0.54516,0.21603,48,192,3e832d52f0789d79
19,4,C0,8,334,0.8308,2,0.54776,0.2236,48,192,aa4de79d9c48df6e
19,4,C0,9,313,0.7786,2,0.55087,0.18865,48,192,e7a114046eec41d2
19,4,C0,10,329,0.8184,2,0.54105,0.1827,48,192,810b4c8a9f78f2d9
19,4,C0,11,322,0.801,2,0.56506,0.19789,48,192,9cbeff3443c7e1a2
19,4,C0,12,317,0.7886,2,0.55639,0.22152,48,192,7214e03f95010e94
19,4,C0,13,336,0.8358,2,0.55303,0.16643,48,192,e544f93d26bacf06
19,4,C0,14,331,0.8234,2,0.5397,0.22214,48,192,fb98e0fe6028cdca
19,4,C0,15,343,0.8532,2,0.5608,0.19277,48,192,1d165f0528a4161d
19,4,C0,16,334,0.8308,2,0.5627,0.24284,48,192,025e91250253925b
19,4,C0,17,324,0.806,2,0.55934,0.23703,48,192,64ed0eb78930d75f
19,4,C0,18,328,0.8159,2,0.57012,0.2026,48,192,1df33249af02d81c
19,4,C0,19,326,0.8109,2,0.56551,0.20909,48,192,8fd4c86bab35d628
19,4,C0,20,319,0.7935,2,0.52797,0.19503,48,192,6dd50e28a5a752fe
19,4,C1,1,351,0.8731,2,0.56561,0.22341,48,192,37943fd9cc56f8ff
19,4,C1,2,347,0.8632,2,0.54852,0.22456,48,192,a2a5adb71b104309
19,4,C1,3,344,0.8557,2,0.55764,0.19302,48,192,7591c52e99f9b19d
19,4,C1,4,343,0.8532,2,0.54541,0.18673,48,192,1580ff7d4655f79e
19,4,C1,5,348,0.8657,2,0.54416,0.21201,48,192,6575d3fcd137428b
19,4,C1,6,335,0.8333,2,0.56831,0.21277,48,192,662ecda93edbce44
19,4,C1,7,339,0.8433,2,0.54706,0.21638,48,192,7c48a651e34c76a5
19,4,C1,8,348,0.8657,2,0.55182,0.23206,48,192,4bb36e09393c3454
19,4,C1,9,330,0.8209,2,0.5608,0.20501,48,192,3bf74a615a2f78c0
19,4,C1,10,345,0.8582,2,0.56666,0.21042,48,192,4d69e91c7ed681c2
19,4,C1,11,349,0.8682,2,0.56811,0.19082,48,192,15a8434ca78ff089
19,4,C1,12,342,0.8507,2,0.55448,0.22687,48,192,9e78b8b1f4cfce9d
19,4,C1,13,350,0.8706,2,0.54731,0.21638,48,192,8347f3db94c9b26b
19,4,C1,14,343,0.8532,2,0.55192,0.21435,48,192,d0660e01c920918e
19,4,C1,15,351,0.8731,2,0.55899,0.23787,48,192,351cbfdbf9af81f5
19,4,C1,16,357,0.8881,2,0.56947,0.23036,48,192,5145358efe62f465
19,4,C1,17,352,0.8756,2,0.5624,0.22692,48,192,89e15db71c3e1dd0
19,4,C1,18,341,0.8483,2,0.57157,0.21269,48,192,e5494bd20efeb164
19,4,C1,19,345,0.8582,2,0.56506,0.21404,48,192,a9e011087ad69d0a
19,4,C1,20,339,0.8433,2,0.55263,0.20874,48,192,69f642950f73581d
19,4,C2,1,352,0.8756,2,0.56626,0.23392,48,192,cb4af68a31026781
19,4,C2,2,352,0.8756,2,0.55147,0.23165,48,192,0e60b56552952e90
19,4,C2,3,348,0.8657,2,0.54786,0.21643,48,192,ed6a74c9fd47c547
19,4,C2,4,349,0.8682,2,0.55769,0.22138,48,192,ad0792966a9d6988
19,4,C2,5,353,0.8781,2,0.56345,0.2388,48,192,8cd9d61cc56ce877
19,4,C2,6,342,0.8507,2,0.56786,0.22717,48,192,504e7a8c131a9d75
19,4,C2,7,348,0.8657,2,0.55157,0.2177,48,192,f703d22d844881a7
19,4,C2,8,348,0.8657,2,0.55127,0.21851,48,192,fc06059ddfae4247
19,4,C2,9,337,0.8383,2,0.5625,0.23172,48,192,9ca5de7ee6b9e648
19,4,C2,10,352,0.8756,2,0.56892,0.21141,48,192,c82ffb898936d588
19,4,C2,11,351,0.8731,2,0.56471,0.24282,48,192,ec91c6551d7cebd2
19,4,C2,12,348,0.8657,2,0.55563,0.23158,48,192,31777f6335f7f5b0
19,4,C2,13,351,0.8731,2,0.54992,0.22229,48,192,ecf847d4a69906f5
19,4,C2,14,351,0.8731,2,0.55383,0.22268,48,192,0a10baa6b351ee49
19,4,C2,15,359,0.893,2,0.55583,0.2296,48,192,fe3714035e2b5f36
19,4,C2,16,360,0.8955,2,0.56566,0.2338,48,192,f2668e5cad5d67d1
19,4,C2,17,357,0.8881,2,0.56115,0.23162,48,192,ae63e02587d53f3a
19,4,C2,18,347,0.8632,2,0.56325,0.2023,48,192,3f70b7a88d9f09df
19,4,C2,19,350,0.8706,2,0.56395,0.22184,48,192,f51140bcd90cbbec
19,4,C2,20,348,0.8657,2,0.55248,0.22657,48,192,240a4ee24bc31244
19,4,C3,1,363,0.903,2,0.56801,0.23915,48,192,8722c9817af0aeb0
19,4,C3,2,360,0.8955,2,0.55448,0.23243,48,192,981be74816752067
19,4,C3,3,355,0.8831,2,0.54436,0.2153,48,192,ccf791fa3f18a224
19,4,C3,4,354,0.8806,2,0.55819,0.20772,48,192,e8dd7e3ff96c3a75
19,4,C3,5,360,0.8955,2,0.56405,0.23991,48,192,06c6f40f3a69eef8
19,4,C3,6,350,0.8706,2,0.56962,0.22217,48,192,e2f23b43536f5ff3
19,4,C3,7,353,0.8781,2,0.55052,0.221,48,192,28ec4639e3d48410
19,4,C3,8,358,0.8905,2,0.55202,0.22512,48,192,e755cf828f1a49b9
19,4,C3,9,346,0.8607,2,0.56917,0.23551,48,192,8734f232ede33d8c
19,4,C3,10,356,0.8856,2,0.57167,0.21969,48,192,9c8bf1f81417357f
19,4,C3,11,357,0.8881,2,0.56691,0.23862,48,192,5f627e8518784b2e
19,4,C3,12,356,0.8856,2,0.55248,0.22652,48,192,f103df03a35c0a55
19,4,C3,13,359,0.893,2,0.55087,0.22202,48,192,9f4cd7017a236e56
19,4,C3,14,362,0.9005,2,0.54616,0.22648,48,192,da9a174f38b27111
19,4,C3,15,366,0.9104,2,0.54927,0.22613,48,192,65f3970f3fe8f5e4
19,4,C3,16,365,0.908,2,0.56766,0.23777,48,192,454ee0a0df608218
19,4,C3,17,365,0.908,2,0.56155,0.23229,48,192,b001b8cf8d0fce9f
19,4,C3,18,356,0.8856,2,0.55979,0.20954,48,192,1b626dae57abf06d
19,4,C3,19,361,0.898,2,0.56576,0.22884,48,192,b52dd8dc895d1b06
19,4,C3,20,356,0.8856,2,0.55077,0.23188,48,192,8beb247acac86dd3
23,0,C0,1,331,0.8234,2,0.55087,0.22491,48,192,d9315aefa2f4eb3d
23,0,C0,2,320,0.796,2,0.54566,0.20277,48,192,1aeb6bb0e486e373
23,0,C0,3,335,0.8333,2,0.55082,0.2218,48,192,3ed3789ca8a8d43e
23,0,C0,4,319,0.7935,2,0.54275,0.19816,48,192,ebe1ca086cac4525
23,0,C0,5,325,0.8085,2,0.54827,0.22806,48,192,7867cba5b5c1c168
23,0,C0,6,344,0.8557,2,0.55102,0.22572,48,192,073984c91dce66fb
23,0,C0,7,322,0.801,2,0.57017,0.17331,48,192,8fc0d8f85a93d88f
23,0,C0,8,334,0.8308,2,0.57468,0.21201,48,192,d9e399af30b94f61
23,0,C0,9,328,0.8159,2,0.54491,0.22241,48,192,101c2641a9eaabb1
23,0,C0,10,325,0.8085,2,0.57062,0.23832,48,192,fb9287367d62b257
23,0,C0,11,325,0.8085,2,0.54797,0.21492,48,192,057ec94ecf18bb4a
23,0,C0,12,322,0.801,2,0.55639,0.23724,48,192,2805d5ffda08c0ee
23,0,C0,13,329,0.8184,2,0.56325,0.19874,48,192,7738472da20eeae8
23,0,C0,14,322,0.801,2,0.5633,0.20184,48,192,ec3a1bbe1032eb79
23,0,C0,15,328,0.8159,2,0.54982,0.18284,48,192,ecf8acbb93436e2d
23,0,C0,16,338,0.8408,2,0.55674,0.18922,48,192,3c3bf022c1b5969d
23,0,C0,17,328,0.8159,2,0.52301,0.19181,48,192,9e9d1c7eb552a81e
23,0,C0,18,334,0.8308,2,0.56691,0.19971,48,192,129dcb1699f30f11
23,0,C0,19,333,0.8284,2,0.54431,0.21916,48,192,20ada09bfce11d0b
23,0,C0,20,327,0.8134,2,0.55859,0.20052,48,192,f5215f56a8edf4a9
23,0,C1,1,348,0.8657,2,0.55177,0.23382,48,192,2e13804e677db8d7
23,0,C1,2,338,0.8408,2,0.54932,0.22881,48,192,8b7a8def2720a452
23,0,C1,3,347,0.8632,2,0.56385,0.22364,48,192,bafb492f5f185db0
23,0,C1,4,343,0.8532,2,0.53924,0.19921,48,192,8f5886316fdc7559
23,0,C1,5,347,0.8632,2,0.54887,0.23672,48,192,b21bdd8b65e54850
23,0,C1,6,357,0.8881,2,0.55398,0.227,48,192,0db0f272ab5a0866
23,0,C1,7,337,0.8383,2,0.57303,0.17291,48,192,67aa2284bc27f77e
23,0,C1,8,354,0.8806,2,0.55348,0.23269,48,192,96a118637b126a0b
23,0,C1,9,342,0.8507,2,0.54471,0.22057,48,192,cba6db728db988fa
23,0,C1,10,340,0.8458,2,0.57328,0.22102,48,192,b291234388876794
23,0,C1,11,340,0.8458,2,0.54436,0.22161,48,192,15f06c5a5f226e48
23,0,C1,12,336,0.8358,2,0.55152,0.22363,48,192,c4c0197d79521afe
23,0,C1,13,350,0.8706,2,0.56846,0.19056,48,192,0b560e1f3e59696f
23,0,C1,14,346,0.8607,2,0.56972,0.21659,48,192,3cbe67edbbd0530b
23,0,C1,15,341,0.8483,2,0.54716,0.20948,48,192,813a8f6236e6c46c
23,0,C1,16,358,0.8905,2,0.5616,0.22781,48,192,0af6535a4dc3cc9a
23,0,C1,17,353,0.8781,2,0.54531,0.21621,48,192,4775168e67a94aeb
23,0,C1,18,352,0.8756,2,0.55684,0.20963,48,192,dd99f64d2d30b208
23,0,C1,19,357,0.8881,2,0.55408,0.22825,48,192,3b69c82981fbe4c2
23,0,C1,20,344,0.8557,2,0.55433,0.19297,48,192,525b61614307a22b
23,0,C2,1,350,0.8706,2,0.55243,0.2341,48,192,2475cbf4343971ae
23,0,C2,2,348,0.8657,2,0.55433,0.23087,48,192,f64cdfd09351e5e2
23,0,C2,3,356,0.8856,2,0.56912,0.2151,48,192,c35d7538b5b0229f
23,0,C2,4,349,0.8682,2,0.54802,0.21416,48,192,bd031d4c0ef8a01c
23,0,C2,5,353,0.8781,2,0.55097,0.22902,48,192,9529d08da7151aae
23,0,C2,6,366,0.9104,2,0.55719,0.23477,48,192,b6f32dff89d5893b
23,0,C2,7,343,0.8532,2,0.55137,0.22311,48,192,d1c7c85e774f5282
23,0,C2,8,360,0.8955,2,0.55548,0.23489,48,192,bb2429a8ee470c54
23,0,C2,9,347,0.8632,2,0.5431,0.21862,48,192,1bb9da9404dac259
23,0,C2,10,346,0.8607,2,0.56726,0.23341,48,192,f23029ef17b2680a
23,0,C2,11,342,0.8507,2,0.54932,0.21832,48,192,23e460a6cc35b062
23,0,C2,12,344,0.8557,2,0.54932,0.22504,48,192,ceb4ee21a9229ca8
23,0,C2,13,359,0.893,2,0.55659,0.21974,48,192,52bb19e11d5b3f33
23,0,C2,14,353,0.8781,2,0.57293,0.21271,48,192,94a69d1d09293b0a
23,0,C2,15,346,0.8607,2,0.54942,0.2131,48,192,356717943912b40d
23,0,C2,16,364,0.9055,2,0.56375,0.21572,48,192,e4533e43a8cfd9c2
23,0,C2,17,357,0.8881,2,0.54671,0.21151,48,192,07001a852490c31b
23,0,C2,18,356,0.8856,2,0.55914,0.2327,48,192,5328ed297bbff350
23,0,C2,19,362,0.9005,2,0.55453,0.22953,48,192,f10c6ecfaff33c80
23,0,C2,20,346,0.8607,2,0.55824,0.21297,48,192,ad0456bfd4fb8cc9
23,0,C3,1,356,0.8856,2,0.55147,0.23066,48,192,b8040ee87bbb6e80
23,0,C3,2,356,0.8856,2,0.55122,0.23095,48,192,3e3737a92febe85d
23,0,C3,3,358,0.8905,2,0.55819,0.21232,48,192,29d8bbb1364b9f86
23,0,C3,4,357,0.8881,2,0.54456,0.20654,48,192,c450875476755db6
23,0,C3,5,359,0.893,2,0.55167,0.22933,48,192,a25ccfc36a8c97ff
23,0,C3,6,370,0.9204,2,0.55744,0.23571,48,192,4c3f64e140f25224
23,0,C3,7,352,0.8756,2,0.55187,0.22458,48,192,41da5cbd392a8395
23,0,C3,8,364,0.9055,2,0.55433,0.23759,48,192,ac115f5b30faaa00
23,0,C3,9,354,0.8806,2,0.55202,0.22453,48,192,2a1cd4bed501ca85
23,0,C3,10,354,0.8806,2,0.56681,0.23172,48,192,a73c6ed3ff8317b4
23,0,C3,11,351,0.8731,2,0.54586,0.21597,48,192,2fbb0949261bd3fc
23,0,C3,12,349,0.8682,2,0.54676,0.22461,48,192,6b0233f0c1e2c5b2
23,0,C3,13,366,0.9104,2,0.55639,0.223,48,192,a23f99e83ca927be
23,0,C3,14,355,0.8831,2,0.57543,0.2104,48,192,80d366527fb4a61c
23,0,C3,15,354,0.8806,2,0.56275,0.21226,48,192,40fc3fd95e8ce1e7
23,0,C3,16,370,0.9204,2,0.56531,0.2274,48,192,3f34c1d661724fac
23,0,C3,17,363,0.903,2,0.54842,0.2173,48,192,d5d826372a763ebc
23,0,C3,18,365,0.908,2,0.55724,0.23566,48,192,3aee036d90f3bbd1
23,0,C3,19,366,0.9104,2,0.55583,0.23073,48,192,6ae56b746223d328
23,0,C3,20,352,0.8756,2,0.55794,0.21659,48,192,60541710158e28eb
23,1,C0,1,328,0.8159,2,0.57548,0.20932,48,192,a0810405b3e45033
23,1,C0,2,329,0.8184,2,0.54791,0.22127,48,192,e0ebe45d480c1d42
23,1,C0,3,336,0.8358,2,0.55689,0.18379,48,192,5f1e347ade9bc81b
23,1,C0,4,327,0.8134,2,0.55724,0.22875,48,192,30d8f63659f1421b
23,1,C0,5,343,0.8532,2,0.54972,0.20354,48,192,085157da38b7250c
23,1,C0,6,335,0.8333,2,0.56596,0.21983,48,192,70b71b176eaff18d
23,1,C0,7,322,0.801,2,0.5606,0.19289,48,192,17a94c1c88783e53
23,1,C0,8,319,0.7935,2,0.55438,0.21096,48,192,a07616971f0bc4d0
23,1,C0,9,338,0.8408,2,0.56039,0.23732,48,192,bb470e5739cb0b18
23,1,C0,10,342,0.8507,2,0.54711,0.22879,48,192,193770d79dff1bf6
23,1,C0,11,334,0.8308,2,0.55779,0.22902,48,192,c2c99a6255fac1a8
23,1,C0,12,336,0.8358,2,0.54391,0.20658,48,192,05e645887c762b2a
23,1,C0,13,332,0.8259,2,0.57007,0.19074,48,192,8d28b10ef887c65a
23,1,C0,14,339,0.8433,2,0.55669,0.20014,48,192,f052641c900b790b
23,1,C0,15,330,0.8209,2,0.55192,0.21496,48,192,d0b89de46b1e76a0
23,1,C0,16,336,0.8358,2,0.55283,0.19103,48,192,a7050a18c20bb492
23,1,C0,17,326,0.8109,2,0.55493,0.21878,48,192,70f28f89f1a430f0
23,1,C0,18,325,0.8085,2,0.5639,0.24112,48,192,7cf6451880aa724c
23,1,C0,19,331,0.8234,2,0.55012,0.2096,48,192,ede5d5e32ab16b8c
23,1,C0,20,316,0.7861,2,0.57403,0.20921,48,192,d856030223e18d51
23,1,C1,1,342,0.8507,2,0.57107,0.21703,48,192,db72d72e96ddfcd7
23,1,C1,2,344,0.8557,2,0.55328,0.22907,48,192,7b1d208a59f4ffbd
23,1,C1,3,355,0.8831,2,0.57568,0.19645,48,192,29b8f14b6068ac11
23,1,C1,4,344,0.8557,2,0.55448,0.23044,48,192,1234e090776b90d7
23,1,C1,5,353,0.8781,2,0.54676,0.21044,48,192,db65a7167b164bc6
23,1,C1,6,349,0.8682,2,0.56736,0.22297,48,192,b69bc9243e09a3c6
23,1,C1,7,346,0.8607,2,0.56731,0.20277,48,192,724e549ea2a6e19a
23,1,C1,8,333,0.8284,2,0.55664,0.204,48,192,1f76c58dcdf6e4e0
23,1,C1,9,347,0.8632,2,0.56826,0.23138,48,192,c6a9c0dfa4325116
23,1,C1,10,359,0.893,2,0.55764,0.22592,48,192,5da19e1d5921b98f
23,1,C1,11,358,0.8905,2,0.55518,0.24145,48,192,1a90e5dd3dbc8206
23,1,C1,12,363,0.903,2,0.55343,0.22698,48,192,f7260310d5ea4c8c
23,1,C1,13,353,0.8781,2,0.56019,0.18565,48,192,976a89a979ebbc42
23,1,C1,14,358,0.8905,2,0.55839,0.21203,48,192,5a30946b275964a9
23,1,C1,15,347,0.8632,2,0.57237,0.20068,48,192,20b078b430d88a81
23,1,C1,16,347,0.8632,2,0.55623,0.19977,48,192,7cf700057397fc94
23,1,C1,17,343,0.8532,2,0.55634,0.22121,48,192,fe7e407460894d0f
23,1,C1,18,342,0.8507,2,0.55654,0.23749,48,192,ef2b400b7cda18e3
23,1,C1,19,348,0.8657,2,0.5617,0.23735,48,192,e16472678a3ce9de
23,1,C1,20,337,0.8383,2,0.58064,0.20769,48,192,e9f5f7d27ec3e671
23,1,C2,1,343,0.8532,2,0.56355,0.21487,48,192,8458267ab1783688
23,1,C2,2,347,0.8632,2,0.55228,0.2204,48,192,8ab9c6cae5ecafbb
23,1,C2,3,364,0.9055,2,0.57849,0.20987,48,192,eae21e734079d088
23,1,C2,4,349,0.8682,2,0.55774,0.23328,48,192,4f760a284a7b53eb
23,1,C2,5,357,0.8881,2,0.54972,0.19839,48,192,68762cb1cfee2b03
23,1,C2,6,354,0.8806,2,0.56756,0.21713,48,192,abf0e5ed1ac93f13
23,1,C2,7,349,0.8682,2,0.56962,0.19433,48,192,28b70b6b503d8006
23,1,C2,8,336,0.8358,2,0.56004,0.20229,48,192,6c9eb8020fadac3d
23,1,C2,9,351,0.8731,2,0.56766,0.2257,48,192,50c64d94ffde5d7a
23,1,C2,10,366,0.9104,2,0.55288,0.23282,48,192,bd868e4fcb6132be
23,1,C2,11,360,0.8955,2,0.5622,0.24378,48,192,0033db9b987159df
23,1,C2,12,363,0.903,2,0.56135,0.2157,48,192,b4afaff4b222cce5
23,1,C2,13,360,0.8955,2,0.5637,0.23338,48,192,f7406e1a6d9d20a7
23,1,C2,14,362,0.9005,2,0.57197,0.21316,48,192,846af15c87bf7460
23,1,C2,15,352,0.8756,2,0.57217,0.20354,48,192,af62dd1877a695d1
23,1,C2,16,353,0.8781,2,0.56866,0.21379,48,192,fd93f8f5e83ce66f
23,1,C2,17,348,0.8657,2,0.55664,0.21556,48,192,8c0625ac149ce8fd
23,1,C2,18,349,0.8682,2,0.55754,0.23546,48,192,e828aa353fb209b7
23,1,C2,19,362,0.9005,2,0.55689,0.24288,48,192,35cc182ecc0935ed
23,1,C2,20,342,0.8507,2,0.57809,0.21249,48,192,6ebdf35d401ec838
23,1,C3,1,349,0.8682,2,0.56461,0.21428,48,192,33d65a3f38dc74ad
23,1,C3,2,353,0.8781,2,0.5629,0.23619,48,192,a80eb44acdd1bf70
23,1,C3,3,369,0.9179,2,0.57087,0.20159,48,192,1234a6fc4c3beac9
23,1,C3,4,358,0.8905,2,0.56024,0.2367,48,192,ff442dc76fbf4dac
23,1,C3,5,358,0.8905,2,0.54877,0.20683,48,192,6fa22f11eeb63074
23,1,C3,6,360,0.8955,2,0.56671,0.21175,48,192,fee17ec90778a82d
23,1,C3,7,362,0.9005,2,0.57979,0.20934,48,192,3c87cff383d69c36
23,1,C3,8,343,0.8532,2,0.5642,0.20265,48,192,907caaa2af0cef48
23,1,C3,9,358,0.8905,2,0.56405,0.24115,48,192,bd4b401dc3c16174
23,1,C3,10,374,0.9303,2,0.55644,0.22304,48,192,ee08fb6ac9bf4e70
23,1,C3,11,367,0.9129,2,0.56065,0.23574,48,192,b210dfe0bc693a33
23,1,C3,12,374,0.9303,2,0.55413,0.22764,48,192,36d323c25caba7e9
23,1,C3,13,361,0.898,2,0.56405,0.23464,48,192,76fd58737face54d
23,1,C3,14,370,0.9204,2,0.57293,0.21533,48,192,eae0c55818d990f1
23,1,C3,15,363,0.903,2,0.57227,0.20319,48,192,12988cb49200905a
23,1,C3,16,361,0.898,2,0.56726,0.2068,48,192,0f7db6db3464a1f7
23,1,C3,17,357,0.8881,2,0.55744,0.21509,48,192,5beda23d9e4dbdcc
23,1,C3,18,358,0.8905,2,0.56481,0.239,48,192,45b06eeab593cfd9
23,1,C3,19,367,0.9129,2,0.55689,0.23085,48,192,78d73bae83acd722
23,1,C3,20,351,0.8731,2,0.58034,0.2095,48,192,7a429e43f4aef8a7
23,2,C0,1,330,0.8209,2,0.55032,0.18954,48,192,04c07d17f8584cd3
23,2,C0,2,339,0.8433,2,0.55112,0.21681,48,192,dde0ac17d382209a
23,2,C0,3,342,0.8507,2,0.54827,0.19843,48,192,1383e61b1f7045ab
23,2,C0,4,316,0.7861,2,0.55959,0.18782,48,192,7347262af1fde411
23,2,C0,5,331,0.8234,2,0.56506,0.19709,48,192,0fec363d27281b45
23,2,C0,6,323,0.8035,2,0.56836,0.20471,48,192,d54f4a45bbe29aee
23,2,C0,7,320,0.796,2,0.53624,0.16834,48,192,fca1893d137e186a
23,2,C0,8,325,0.8085,2,0.53373,0.20112,48,192,5a9a5c35bb59498b
23,2,C0,9,322,0.801,2,0.55298,0.22352,48,192,4c781d8725ee2199
23,2,C0,10,312,0.7761,2,0.54586,0.16012,48,192,e46c8b36c24951cd
23,2,C0,11,313,0.7786,2,0.53679,0.20783,48,192,e2cda396047034c4
23,2,C0,12,328,0.8159,2,0.5398,0.22026,48,192,9d4a73f8dbf73c92
23,2,C0,13,320,0.796,2,0.55593,0.22269,48,192,2c55981c4c947871
23,2,C0,14,338,0.8408,2,0.5426,0.21231,48,192,8457d8e044cbc281
23,2,C0,15,328,0.8159,2,0.55187,0.23307,48,192,be5130d2547c6d3a
23,2,C0,16,326,0.8109,2,0.56636,0.18292,48,192,dfb97ca925452f5d
23,2,C0,17,332,0.8259,2,0.56491,0.20299,48,192,87e6128a14f508c9
23,2,C0,18,320,0.796,2,0.55077,0.22958,48,192,0ea402fe26920d92
23,2,C0,19,331,0.8234,2,0.54776,0.2002,48,192,1962bfd494c5f2f9
23,2,C0,20,326,0.8109,2,0.55423,0.2115,48,192,0788b77fe684ed1c
23,2,C1,1,347,0.8632,2,0.55799,0.19196,48,192,3e7260b6fc65abe3
23,2,C1,2,357,0.8881,2,0.55112,0.23097,48,192,89da29d110765fb0
23,2,C1,3,356,0.8856,2,0.5608,0.1885,48,192,09d33157f7220d02
23,2,C1,4,337,0.8383,2,0.55929,0.19057,48,192,786fd5d67bbbfc72
23,2,C1,5,344,0.8557,2,0.56305,0.23546,48,192,dd139c4d608243df
23,2,C1,6,347,0.8632,2,0.55919,0.2297,48,192,dedb1756da30b119
23,2,C1,7,348,0.8657,2,0.5608,0.2101,48,192,c0a3950f26775c61
23,2,C1,8,338,0.8408,2,0.54165,0.20663,48,192,5910c8c5b7b8a2a8
23,2,C1,9,336,0.8358,2,0.5614,0.23147,48,192,ec81bccc79364e3f
23,2,C1,10,339,0.8433,2,0.54887,0.20193,48,192,b8929e96aea2648d
23,2,C1,11,338,0.8408,2,0.54952,0.22498,48,192,4dd66d1d9cc8e32b
23,2,C1,12,347,0.8632,2,0.54531,0.21024,48,192,0d5a604ed492c587
23,2,C1,13,341,0.8483,2,0.56024,0.22755,48,192,391a00ec8244d3f7
23,2,C1,14,356,0.8856,2,0.54355,0.211,48,192,2a3c843020553e51
23,2,C1,15,348,0.8657,2,0.55263,0.24119,48,192,4a7a7d0963208c70
23,2,C1,16,343,0.8532,2,0.55634,0.18921,48,192,b6f98e289a3762e6
23,2,C1,17,353,0.8781,2,0.55107,0.21202,48,192,9f2232560e38514e
23,2,C1,18,341,0.8483,2,0.5609,0.23721,48,192,7630683fe85787ff
23,2,C1,19,348,0.8657,2,0.54812,0.22278,48,192,4781d3faf7551dbf
23,2,C1,20,341,0.8483,2,0.55508,0.22245,48,192,3ff416677006ddd2
23,2,C2,1,355,0.8831,2,0.56034,0.19377,48,192,0c2e4dedbc80f52c
23,2,C2,2,363,0.903,2,0.54847,0.2284,48,192,4851569a3f24c227
23,2,C2,3,359,0.893,2,0.57784,0.21425,48,192,6973355d2b7bba5e
23,2,C2,4,343,0.8532,2,0.56085,0.20651,48,192,d0a9fda43b73ad3e
23,2,C2,5,354,0.8806,2,0.56736,0.22285,48,192,199ff5030aa6f092
23,2,C2,6,350,0.8706,2,0.54551,0.21367,48,192,e4fcae450df508fe
23,2,C2,7,360,0.8955,2,0.55042,0.20718,48,192,eb4b303be2ef5a07
23,2,C2,8,343,0.8532,2,0.54456,0.22333,48,192,3a4b9f4d516b99ec
23,2,C2,9,341,0.8483,2,0.56541,0.2359,48,192,502eb7068d2666e1
23,2,C2,10,345,0.8582,2,0.53493,0.1998,48,192,8e423dbc6388d2f3
23,2,C2,11,342,0.8507,2,0.55072,0.22485,48,192,b95834832c7bd9bc
23,2,C2,12,351,0.8731,2,0.54711,0.21867,48,192,b2b004e743eb0412
23,2,C2,13,347,0.8632,2,0.55548,0.20196,48,192,3e849b548261771a
23,2,C2,14,360,0.8955,2,0.54516,0.22275,48,192,ac6deed47344ccf6
23,2,C2,15,353,0.8781,2,0.55944,0.23821,48,192,724568d459a7a0ff
23,2,C2,16,351,0.8731,2,0.56516,0.20408,48,192,f4d3a99bbf5bf037
23,2,C2,17,347,0.8632,2,0.55613,0.21876,48,192,c77493d39ae5c7f3
23,2,C2,18,348,0.8657,2,0.56009,0.23802,48,192,57743ac1836307d1
23,2,C2,19,349,0.8682,2,0.55152,0.22941,48,192,abc2fcb3ed81f0b7
23,2,C2,20,351,0.8731,2,0.55999,0.217,48,192,947b217591819f2e
23,2,C3,1,361,0.898,2,0.56541,0.19768,48,192,5b46a6b1447b314c
23,2,C3,2,367,0.9129,2,0.55022,0.22951,48,192,945296fe3386f310
23,2,C3,3,364,0.9055,2,0.57949,0.21566,48,192,ab166bbedc466d2a
23,2,C3,4,351,0.8731,2,0.5643,0.20368,48,192,90aba81679a1655c
23,2,C3,5,361,0.898,2,0.56681,0.22604,48,192,6021a8206c2c81b7
23,2,C3,6,363,0.903,2,0.54902,0.20982,48,192,6b3637dea2cd0d28
23,2,C3,7,364,0.9055,2,0.54817,0.20762,48,192,0bf2769c37df29a8
23,2,C3,8,350,0.8706,2,0.54807,0.21904,48,192,4612920b12096624
23,2,C3,9,345,0.8582,2,0.56626,0.22572,48,192,57c3471fc6947210
23,2,C3,10,354,0.8806,2,0.54005,0.20334,48,192,b64a45425794e536
23,2,C3,11,351,0.8731,2,0.55288,0.22903,48,192,cd464795ddbc8062
23,2,C3,12,359,0.893,2,0.54862,0.22331,48,192,e70cc88729b1a855
23,2,C3,13,356,0.8856,2,0.55127,0.20447,48,192,c76683e5349616d1
23,2,C3,14,367,0.9129,2,0.54386,0.22242,48,192,58fd845c8d4e5511
23,2,C3,15,359,0.893,2,0.55759,0.24315,48,192,c07ab1d236150d76
23,2,C3,16,355,0.8831,2,0.56516,0.19407,48,192,4c97bfbc7c7e15d7
23,2,C3,17,360,0.8955,2,0.55187,0.21324,48,192,ef4da0bdbe69227f
23,2,C3,18,355,0.8831,2,0.5635,0.23542,48,192,ff0f9abe667f625f
23,2,C3,19,359,0.893,2,0.55994,0.23186,48,192,4724af0a400773a6
23,2,C3,20,360,0.8955,2,0.55694,0.22441,48,192,5b550ea0ef8aa371
23,3,C0,1,331,0.8234,2,0.54646,0.21462,48,192,ab9b62b627236659
23,3,C0,2,337,0.8383,2,0.55288,0.2168,48,192,720a0e03f7ddd521
23,3,C0,3,318,0.791,2,0.54802,0.22086,48,192,e336cf42eb354778
23,3,C0,4,324,0.806,2,0.5631,0.20325,48,192,6d57557afce9634b
23,3,C0,5,325,0.8085,2,0.55794,0.19349,48,192,c5a9f1724d483fd2
23,3,C0,6,329,0.8184,2,0.55223,0.1891,48,192,da13481f89710e9d
23,3,C0,7,322,0.801,2,0.55463,0.17091,48,192,e981f3ba94440132
23,3,C0,8,341,0.8483,2,0.55428,0.2244,48,192,6dc6c6fdeeadcb24
23,3,C0,9,336,0.8358,2,0.55338,0.23278,48,192,2b28921a726daebf
23,3,C0,10,328,0.8159,2,0.53674,0.20969,48,192,55a3a62b64495f4d
23,3,C0,11,329,0.8184,2,0.56014,0.2266,48,192,fa69f9e2322fe40e
23,3,C0,12,331,0.8234,2,0.55137,0.22546,48,192,56273018587e7784
23,3,C0,13,328,0.8159,2,0.5631,0.2191,48,192,9e99ba7f15751139
23,3,C0,14,316,0.7861,2,0.55939,0.19664,48,192,2ccb775572b6ebfa
23,3,C0,15,336,0.8358,2,0.56024,0.20563,48,192,29c16c1dfd5ad020
23,3,C0,16,327,0.8134,2,0.55218,0.16183,48,192,752cca1bb45377ba
23,3,C0,17,323,0.8035,2,0.53107,0.19472,48,192,a40e3308849fed3e
23,3,C0,18,331,0.8234,2,0.57267,0.17419,48,192,7338fbf3b3c866a5
23,3,C0,19,327,0.8134,2,0.55223,0.23445,48,192,d8a38061d21af098
23,3,C0,20,318,0.791,2,0.56811,0.23064,48,192,9ffe919d645fd1fd
23,3,C1,1,353,0.8781,2,0.55408,0.22796,48,192,3cde499676b4830c
23,3,C1,2,359,0.893,2,0.55082,0.2314,48,192,ef4580968523311f
23,3,C1,3,338,0.8408,2,0.55448,0.22308,48,192,34a4fb24e308fc34
23,3,C1,4,341,0.8483,2,0.5623,0.23964,48,192,b7c9583e58a233e9
23,3,C1,5,346,0.8607,2,0.55613,0.19816,48,192,b74c2bce0fb2ce91
23,3,C1,6,340,0.8458,2,0.55052,0.19614,48,192,66f8bc73c5499baa
23,3,C1,7,341,0.8483,2,0.55238,0.16728,48,192,01bbc112005870f2
23,3,C1,8,360,0.8955,2,0.55824,0.2405,48,192,738aecc7b9c83b47
23,3,C1,9,351,0.8731,2,0.56065,0.24019,48,192,3fa6df0fd912914d
23,3,C1,10,342,0.8507,2,0.54571,0.22198,48,192,a4f3ee9b0a562b7a
23,3,C1,11,347,0.8632,2,0.55919,0.22151,48,192,49a15b41c77eb00c
23,3,C1,12,351,0.8731,2,0.55874,0.22587,48,192,27d9c39539e8a6ef
23,3,C1,13,344,0.8557,2,0.56365,0.21894,48,192,6c928570f605ddcb
23,3,C1,14,345,0.8582,2,0.55308,0.20349,48,192,95f5fb0608ae794c
23,3,C1,15,363,0.903,2,0.57919,0.20968,48,192,16ad22f2503f5344
23,3,C1,16,347,0.8632,2,0.56195,0.18436,48,192,d32c2264813069ad
23,3,C1,17,342,0.8507,2,0.53749,0.21462,48,192,8d415fccb74fe63b
23,3,C1,18,350,0.8706,2,0.55353,0.17974,48,192,e27f751fe50b4b9a
23,3,C1,19,342,0.8507,2,0.55498,0.23066,48,192,5a3c92939a21fd05
23,3,C1,20,343,0.8532,2,0.57413,0.2052,48,192,6e6818cb37f9a7ed
23,3,C2,1,356,0.8856,2,0.55518,0.22948,48,192,b43447f0fff02bc2
23,3,C2,2,364,0.9055,2,0.54646,0.24157,48,192,4bd2589d9dd192b0
23,3,C2,3,343,0.8532,2,0.55453,0.22684,48,192,9fec9543915fcb10
23,3,C2,4,347,0.8632,2,0.5626,0.23064,48,192,5c2c8ec2136b56bd
23,3,C2,5,351,0.8731,2,0.56085,0.20981,48,192,b2f5a19e95e73322
23,3,C2,6,346,0.8607,2,0.55769,0.21632,48,192,54f319e76abc8413
23,3,C2,7,346,0.8607,2,0.55794,0.17951,48,192,ec4aba378db4f321
23,3,C2,8,357,0.8881,2,0.55152,0.22296,48,192,eb523d4efa4f2727
23,3,C2,9,355,0.8831,2,0.55844,0.23965,48,192,29b4c0cac4a8d978
23,3,C2,10,347,0.8632,2,0.54461,0.21987,48,192,0925924b306513a7
23,3,C2,11,352,0.8756,2,0.55438,0.21727,48,192,5fb15dfca9ce955b
23,3,C2,12,348,0.8657,2,0.55654,0.22414,48,192,654f5c67069cb1c2
23,3,C2,13,347,0.8632,2,0.56481,0.23582,48,192,4ae3cf33b5c7d4ed
23,3,C2,14,351,0.8731,2,0.55062,0.21576,48,192,82cc77433dd878d9
23,3,C2,15,368,0.9154,2,0.5609,0.22564,48,192,38d49ee96b51145b
23,3,C2,16,357,0.8881,2,0.57212,0.20456,48,192,ef85ee67341be778
23,3,C2,17,340,0.8458,2,0.53528,0.21356,48,192,ae529cbc95bd9d46
23,3,C2,18,356,0.8856,2,0.54797,0.19806,48,192,d6c77de7837f9b64
23,3,C2,19,343,0.8532,2,0.55503,0.22944,48,192,571971cb71dea6c5
23,3,C2,20,347,0.8632,2,0.56696,0.20064,48,192,fd9abccdc98b02b0
23,3,C3,1,360,0.8955,2,0.55528,0.23006,48,192,15799189c3447f05
23,3,C3,2,366,0.9104,2,0.54661,0.24075,48,192,4c76e2e78cabdf1c
23,3,C3,3,353,0.8781,2,0.55363,0.22675,48,192,d01973215c84d4d4
23,3,C3,4,354,0.8806,2,0.56165,0.23896,48,192,bd25a2a1ebfd37b7
23,3,C3,5,357,0.8881,2,0.55869,0.20325,48,192,31f63b712bb20347
23,3,C3,6,351,0.8731,2,0.55834,0.21007,48,192,130daa6c2f43b19b
23,3,C3,7,352,0.8756,2,0.55383,0.1785,48,192,12c1090a6caf1469
23,3,C3,8,368,0.9154,2,0.56586,0.23012,48,192,296a9697100022cb
23,3,C3,9,364,0.9055,2,0.56075,0.24117,48,192,d4369b387d5bb586
23,3,C3,10,355,0.8831,2,0.54671,0.22212,48,192,5cbce757dfd6baf5
23,3,C3,11,360,0.8955,2,0.55739,0.22209,48,192,fd4a2613d893b8ce
23,3,C3,12,357,0.8881,2,0.55729,0.22353,48,192,8dd4adefa5b981df
23,3,C3,13,359,0.893,2,0.56661,0.23826,48,192,d8164117ac858f4f
23,3,C3,14,358,0.8905,2,0.55428,0.22221,48,192,5d5e17b6e3335904
23,3,C3,15,376,0.9353,2,0.56461,0.23004,48,192,3cae554519630bef
23,3,C3,16,359,0.893,2,0.57052,0.19534,48,192,3f6d1aa9dbb8e7ca
23,3,C3,17,352,0.8756,2,0.53809,0.21559,48,192,8243d0c3070521ca
23,3,C3,18,362,0.9005,2,0.55909,0.19973,48,192,535977d5d3bd7f44
23,3,C3,19,350,0.8706,2,0.55348,0.23325,48,192,4ecf8535144c4348
23,3,C3,20,353,0.8781,2,0.57287,0.20327,48,192,257b9b4a504912c6
23,4,C0,1,322,0.801,2,0.54536,0.16677,48,192,92699a82171506db
23,4,C0,2,337,0.8383,2,0.56856,0.22819,48,192,c6b8910f7af6b358
23,4,C0,3,324,0.806,2,0.55343,0.23084,48,192,c8d19f10512acb3c
23,4,C0,4,326,0.8109,2,0.53909,0.21297,48,192,215a4ce0a64eab9a
23,4,C0,5,321,0.7985,2,0.53604,0.21996,48,192,d48586c2b123f7c4
23,4,C0,6,326,0.8109,2,0.55458,0.1878,48,192,f760e0a997c65725
23,4,C0,7,317,0.7886,2,0.57603,0.20886,48,192,188be518df6f3166
23,4,C0,8,323,0.8035,2,0.57338,0.21571,48,192,a658b8582b096bc0
23,4,C0,9,335,0.8333,2,0.54877,0.22357,48,192,c35ba9ebbb253c2c
23,4,C0,10,336,0.8358,2,0.53694,0.2129,48,192,be568a3229ba97db
23,4,C0,11,319,0.7935,2,0.56721,0.19281,48,192,9d020cbd17b6a81a
23,4,C0,12,331,0.8234,2,0.55017,0.21627,48,192,6874914a86da159b
23,4,C0,13,333,0.8284,2,0.56471,0.24304,48,192,065e50c400fad71f
23,4,C0,14,327,0.8134,2,0.55448,0.22302,48,192,4b608350b586e46c
23,4,C0,15,337,0.8383,2,0.56541,0.19469,48,192,c0c2cebdeaa37aab
23,4,C0,16,339,0.8433,2,0.54566,0.21505,48,192,09f7b44dbe74e1c9
23,4,C0,17,315,0.7836,2,0.54922,0.20189,48,192,671a30d2176d1010
23,4,C0,18,322,0.801,2,0.5413,0.21081,48,192,7fb364cda93cdb67
23,4,C0,19,326,0.8109,2,0.51343,0.1525,48,192,39472e066c1bf9fc
23,4,C0,20,326,0.8109,2,0.55458,0.22072,48,192,1f8b2ce6716c512f
23,4,C1,1,346,0.8607,2,0.55358,0.17123,48,192,b2c717d27c2fd0a7
23,4,C1,2,360,0.8955,2,0.55964,0.23487,48,192,beae6a8cc981a50e
23,4,C1,3,345,0.8582,2,0.55298,0.2292,48,192,d062e00ae2adb040
23,4,C1,4,340,0.8458,2,0.54591,0.22019,48,192,20b41f634f1bb7f8
23,4,C1,5,344,0.8557,2,0.54932,0.23919,48,192,6c37f1d7eb89077f
23,4,C1,6,344,0.8557,2,0.56491,0.18846,48,192,59c6576d208e237e
23,4,C1,7,349,0.8682,2,0.56851,0.24149,48,192,1c022c244534fe8d
23,4,C1,8,347,0.8632,2,0.57227,0.21693,48,192,bf54dc571d93be70
23,4,C1,9,349,0.8682,2,0.54967,0.22205,48,192,22d719288a280e54
23,4,C1,10,353,0.8781,2,0.55368,0.22614,48,192,f209b40d4aaeffed
23,4,C1,11,339,0.8433,2,0.57373,0.20168,48,192,833fbb226ac2c255
23,4,C1,12,348,0.8657,2,0.55518,0.22383,48,192,4c1081a80c439f05
23,4,C1,13,349,0.8682,2,0.57693,0.21017,48,192,66a7a804683cb9ae
23,4,C1,14,346,0.8607,2,0.55523,0.22557,48,192,8d8915539e1d4c3a
23,4,C1,15,352,0.8756,2,0.57277,0.2072,48,192,cc920d1dcaed6e36
23,4,C1,16,360,0.8955,2,0.55042,0.22929,48,192,08dcdac87b462f3d
23,4,C1,17,345,0.8582,2,0.56927,0.20251,48,192,55ca2561e2f57aac
23,4,C1,18,336,0.8358,2,0.53233,0.20735,48,192,298a9843e9a77027
23,4,C1,19,349,0.8682,2,0.52737,0.19185,48,192,6fe70aa7064112d9
23,4,C1,20,344,0.8557,2,0.5645,0.23559,48,192,0ff5f96302d8b319
23,4,C2,1,352,0.8756,2,0.55228,0.2284,48,192,258b0428a9aa067f
23,4,C2,2,361,0.898,2,0.55298,0.22904,48,192,dd1c48f337b80807
23,4,C2,3,345,0.8582,2,0.55418,0.22562,48,192,1e78162ea5d9b6bc
23,4,C2,4,347,0.8632,2,0.54877,0.22644,48,192,5bd12e05882ff20c
23,4,C2,5,354,0.8806,2,0.54571,0.23706,48,192,08693c666c662701
23,4,C2,6,349,0.8682,2,0.54706,0.2322,48,192,0f720b4578376a63
23,4,C2,7,350,0.8706,2,0.57222,0.21821,48,192,2c59062fe548acaf
23,4,C2,8,350,0.8706,2,0.55749,0.23931,48,192,cd56fb830a114df2
23,4,C2,9,355,0.8831,2,0.55734,0.22977,48,192,012b1873b04f3a1f
23,4,C2,10,360,0.8955,2,0.55228,0.21834,48,192,a531a1cbf23e3187
23,4,C2,11,349,0.8682,2,0.57092,0.20628,48,192,a3445f7b498bc513
23,4,C2,12,350,0.8706,2,0.55804,0.22308,48,192,01b980d5875a6fb8
23,4,C2,13,359,0.893,2,0.56516,0.21328,48,192,43750e8c3dc9ccfb
23,4,C2,14,350,0.8706,2,0.55328,0.2264,48,192,51731f7fc58ca880
23,4,C2,15,357,0.8881,2,0.55854,0.225,48,192,3c6fde87bc1c263f
23,4,C2,16,366,0.9104,2,0.55273,0.23357,48,192,2c015bac4ee19f04
23,4,C2,17,356,0.8856,2,0.56335,0.23149,48,192,83a0625367bf29dc
23,4,C2,18,341,0.8483,2,0.54105,0.21701,48,192,050f628630eef39f
23,4,C2,19,353,0.8781,2,0.53168,0.19316,48,192,d4a90ebdc949f4c8
23,4,C2,20,345,0.8582,2,0.54952,0.22275,48,192,d35ae70c534a765c
23,4,C3,1,359,0.893,2,0.55097,0.22561,48,192,2f52ee4ad453cb4b
23,4,C3,2,366,0.9104,2,0.55573,0.23121,48,192,a8e45846f0554e62
23,4,C3,3,354,0.8806,2,0.55523,0.23501,48,192,0ceef7afd89165fc
23,4,C3,4,352,0.8756,2,0.54776,0.22831,48,192,058dee717211fbc3
23,4,C3,5,357,0.8881,2,0.54676,0.23708,48,192,0f739690d31d5320
23,4,C3,6,355,0.8831,2,0.55052,0.24127,48,192,a74d786b55a2883c
23,4,C3,7,359,0.893,2,0.57177,0.22319,48,192,5b91b4289184342f
23,4,C3,8,362,0.9005,2,0.56626,0.22153,48,192,3b6763175f6afaa5
23,4,C3,9,363,0.903,2,0.55618,0.22601,48,192,ed1e72051d5c55ae
23,4,C3,10,364,0.9055,2,0.55488,0.23025,48,192,4edcdf8aa470134a
23,4,C3,11,356,0.8856,2,0.57418,0.20724,48,192,52258c0bda9de793
23,4,C3,12,363,0.903,2,0.56365,0.21201,48,192,4dd1c58f853426a9
23,4,C3,13,366,0.9104,2,0.55844,0.2091,48,192,a3774a724129d897
23,4,C3,14,359,0.893,2,0.55603,0.22421,48,192,447bd98a9be296e3
23,4,C3,15,359,0.893,2,0.54776,0.2177,48,192,5638cd0802d5c72b
23,4,C3,16,374,0.9303,2,0.55684,0.23286,48,192,68e353dee456c662
23,4,C3,17,364,0.9055,2,0.56481,0.23642,48,192,ec6e9b348a67046a
23,4,C3,18,346,0.8607,2,0.5397,0.21595,48,192,78b177985ba97fe0
23,4,C3,19,357,0.8881,2,0.52792,0.19412,48,192,a589e7db2062e467
23,4,C3,20,356,0.8856,2,0.561,0.23814,48,192,07fdefa06bb0a802
37,0,C0,1,318,0.791,2,0.55834,0.20711,48,192,31fb4df56e7f8537
37,0,C0,2,336,0.8358,2,0.55954,0.23437,48,192,a1303238353ed07e
37,0,C0,3,319,0.7935,2,0.54,0.20023,48,192,af9c18f58c66d862
37,0,C0,4,322,0.801,2,0.541,0.23257,48,192,51a8800626410197
37,0,C0,5,327,0.8134,2,0.53709,0.20983,48,192,294139c0859038f3
37,0,C0,6,318,0.791,2,0.55503,0.19947,48,192,fbe161fbcfa38859
37,0,C0,7,334,0.8308,2,0.56696,0.19569,48,192,1b4048fc55055f00
37,0,C0,8,335,0.8333,2,0.5424,0.19875,48,192,15dc0c0e18e67363
37,0,C0,9,321,0.7985,2,0.54636,0.22326,48,192,11d40c636f12905c
37,0,C0,10,337,0.8383,2,0.55398,0.22494,48,192,924709d2e19a7898
37,0,C0,11,320,0.796,2,0.55734,0.20043,48,192,b85f301aa9919bfc
37,0,C0,12,321,0.7985,2,0.56125,0.22114,48,192,f1c03f63df8e42cf
37,0,C0,13,321,0.7985,2,0.56551,0.18899,48,192,5a271d3c794a1289
37,0,C0,14,333,0.8284,2,0.55629,0.20059,48,192,7255ef08a0e0bd2e
37,0,C0,15,337,0.8383,2,0.56029,0.20327,48,192,1b17a91779f8937e
37,0,C0,16,315,0.7836,2,0.55428,0.22834,48,192,131634b115f6046a
37,0,C0,17,321,0.7985,2,0.55714,0.24356,48,192,a78cae46e0ad2a45
37,0,C0,18,308,0.7662,2,0.55894,0.19983,48,192,9b736cb90c0b50eb
37,0,C0,19,332,0.8259,2,0.54877,0.2176,48,192,e64d6e41c5409b34
37,0,C0,20,334,0.8308,2,0.57714,0.19999,48,192,b4d21dd1b6c483a2
37,0,C1,1,339,0.8433,2,0.56571,0.19575,48,192,32bed0ac08578c3e
37,0,C1,2,344,0.8557,2,0.55313,0.23636,48,192,ece1bab31bae06a5
37,0,C1,3,343,0.8532,2,0.54466,0.20332,48,192,a193a630b181f966
37,0,C1,4,346,0.8607,2,0.54531,0.22532,48,192,e17c308543f9814f
37,0,C1,5,348,0.8657,2,0.54731,0.21965,48,192,6aad0caea8011880
37,0,C1,6,337,0.8383,2,0.55328,0.19853,48,192,a753575269d16385
37,0,C1,7,357,0.8881,2,0.57588,0.22615,48,192,838c8f23981b0c45
37,0,C1,8,353,0.8781,2,0.53644,0.19583,48,192,bed62ab4bf8204c5
37,0,C1,9,342,0.8507,2,0.55709,0.22509,48,192,99d98bf0aef0cb2d
37,0,C1,10,352,0.8756,2,0.55268,0.2266,48,192,bf4a482573637a9a
37,0,C1,11,338,0.8408,2,0.56385,0.19673,48,192,b47e397371e9c6f2
37,0,C1,12,344,0.8557,2,0.55664,0.22623,48,192,d8081f69a9315533
37,0,C1,13,334,0.8308,2,0.57222,0.20556,48,192,b37f201ae1a99f08
37,0,C1,14,351,0.8731,2,0.56009,0.18701,48,192,bf601858e00ae5ae
37,0,C1,15,355,0.8831,2,0.5617,0.20702,48,192,fde93a8f20071707
37,0,C1,16,331,0.8234,2,0.56185,0.2219,48,192,e796bb0c82251495
37,0,C1,17,339,0.8433,2,0.57017,0.2458,48,192,39a125046816cb4d
37,0,C1,18,334,0.8308,2,0.55378,0.22234,48,192,c78be5c34cb15941
37,0,C1,19,344,0.8557,2,0.5397,0.2206,48,192,311a336d0ad393ab
37,0,C1,20,348,0.8657,2,0.55854,0.23069,48,192,35a703fcd8a94b3d
37,0,C2,1,340,0.8458,2,0.55749,0.18963,48,192,2c8fbb8e6e25624b
37,0,C2,2,349,0.8682,2,0.5637,0.22946,48,192,e9699594a842a57e
37,0,C2,3,345,0.8582,2,0.55298,0.20978,48,192,5aa479b87452d1de
37,0,C2,4,350,0.8706,2,0.55573,0.23634,48,192,343e316cc20bde56
37,0,C2,5,351,0.8731,2,0.54947,0.22267,48,192,410c21db4624bc3e
37,0,C2,6,341,0.8483,2,0.56952,0.19347,48,192,d2a4580aeb160e27
37,0,C2,7,362,0.9005,2,0.56526,0.22903,48,192,94c52676147e5ed7
37,0,C2,8,360,0.8955,2,0.54315,0.20868,48,192,b69936a50c0207b7
37,0,C2,9,346,0.8607,2,0.55729,0.22988,48,192,c23a1e384435d70c
37,0,C2,10,358,0.8905,2,0.55418,0.22627,48,192,a1c650d38181bbc4
37,0,C2,11,349,0.8682,2,0.56836,0.20752,48,192,d8de29982b2cf171
37,0,C2,12,347,0.8632,2,0.55473,0.24213,48,192,6e9a6be6f2cbb943
37,0,C2,13,344,0.8557,2,0.5629,0.22837,48,192,ac2431a84f4bcd8d
37,0,C2,14,353,0.8781,2,0.5615,0.23836,48,192,6babcaa34837bef9
37,0,C2,15,362,0.9005,2,0.55598,0.22825,48,192,b76136920ef05289
37,0,C2,16,337,0.8383,2,0.5624,0.21058,48,192,81102933d0ac6d4d
37,0,C2,17,346,0.8607,2,0.57503,0.2249,48,192,ff841c3d1d0be44d
37,0,C2,18,335,0.8333,2,0.55694,0.22828,48,192,da1ed5693d00f030
37,0,C2,19,353,0.8781,2,0.54922,0.2212,48,192,952c8710366837c6
37,0,C2,20,350,0.8706,2,0.55989,0.23216,48,192,c069ee92d279eca3
37,0,C3,1,349,0.8682,2,0.56245,0.20125,48,192,4c997283a1ac69a1
37,0,C3,2,357,0.8881,2,0.5626,0.23919,48,192,a23f41612a195a74
37,0,C3,3,356,0.8856,2,0.55398,0.2088,48,192,3a9f46cf40e5173a
37,0,C3,4,354,0.8806,2,0.54611,0.22397,48,192,107c2aeedc0328ff
37,0,C3,5,357,0.8881,2,0.55674,0.22917,48,192,2c8e5df6c93db8de
37,0,C3,6,347,0.8632,2,0.56646,0.20023,48,192,75d06cca2e5bbe76
37,0,C3,7,372,0.9254,2,0.57558,0.21377,48,192,4d2d84984634bd11
37,0,C3,8,369,0.9179,2,0.54365,0.21019,48,192,6d75c4ce48bd90de
37,0,C3,9,351,0.8731,2,0.55613,0.22304,48,192,9a5714b7d3d7e7fd
37,0,C3,10,365,0.908,2,0.55704,0.22843,48,192,c7e1230a50ebc146
37,0,C3,11,354,0.8806,2,0.56912,0.21489,48,192,6a8faccecc32b75d
37,0,C3,12,354,0.8806,2,0.55839,0.24968,48,192,b9a0aa0312044cb8
37,0,C3,13,351,0.8731,2,0.56445,0.22717,48,192,64b59152189cb00d
37,0,C3,14,364,0.9055,2,0.55834,0.23016,48,192,e4f2fe8d419db65d
37,0,C3,15,364,0.9055,2,0.55629,0.22974,48,192,4790237889bdc335
37,0,C3,16,347,0.8632,2,0.56786,0.22059,48,192,d3dcd99e2a273427
37,0,C3,17,348,0.8657,2,0.57353,0.22518,48,192,9777598909367cac
37,0,C3,18,344,0.8557,2,0.55714,0.22503,48,192,f90ef584362252c0
37,0,C3,19,359,0.893,2,0.55473,0.22046,48,192,8e99f7c1c93f5d8c
37,0,C3,20,355,0.8831,2,0.55844,0.23148,48,192,e26d0a24fad7bdc1
37,1,C0,1,324,0.806,2,0.52681,0.18031,48,192,b15ef486b7af9471
37,1,C0,2,325,0.8085,2,0.55809,0.19141,48,192,22ac105cb30baa96
37,1,C0,3,312,0.7761,2,0.55313,0.21638,48,192,d1f181ad64e56eec
37,1,C0,4,328,0.8159,2,0.54982,0.21371,48,192,4b13c86a87ccbba6
37,1,C0,5,321,0.7985,2,0.55974,0.21647,48,192,517c7feef349a737
37,1,C0,6,334,0.8308,2,0.54877,0.1696,48,192,91c6a3f081f2022d
37,1,C0,7,322,0.801,2,0.55714,0.21247,48,192,96ba1138bd300b7e
37,1,C0,8,334,0.8308,2,0.56165,0.19989,48,192,404edc7e774076f8
37,1,C0,9,344,0.8557,2,0.5419,0.21814,48,192,0782d82fd1da548b
37,1,C0,10,337,0.8383,2,0.54275,0.21097,48,192,cf47b414bd42e826
37,1,C0,11,333,0.8284,2,0.53934,0.19467,48,192,0e88f3766b4b1159
37,1,C0,12,339,0.8433,2,0.55884,0.1776,48,192,7cf3ec3c8179aa5f
37,1,C0,13,330,0.8209,2,0.57072,0.21221,48,192,1fa9813883bf24ac
37,1,C0,14,331,0.8234,2,0.54882,0.16849,48,192,1053c0590d1653cb
37,1,C0,15,333,0.8284,2,0.55293,0.23547,48,192,269449d05ef9f38d
37,1,C0,16,336,0.8358,2,0.55874,0.23439,48,192,198d74305e32cf58
37,1,C0,17,326,0.8109,2,0.54807,0.22782,48,192,af204f21e2a79d68
37,1,C0,18,332,0.8259,2,0.54892,0.23027,48,192,e160ecbe9e5ef2bb
37,1,C0,19,332,0.8259,2,0.55684,0.20994,48,192,0ee67444da43d732
37,1,C0,20,328,0.8159,2,0.55338,0.18095,48,192,333f04a2194a84c6
37,1,C1,1,347,0.8632,2,0.53273,0.20078,48,192,b3b2b9f21cec9be8
37,1,C1,2,347,0.8632,2,0.5635,0.19429,48,192,39dcf5a79d36e07b
37,1,C1,3,335,0.8333,2,0.55603,0.22551,48,192,31da49440cda66b3
37,1,C1,4,344,0.8557,2,0.54325,0.22325,48,192,d40a20ddc3dfee63
37,1,C1,5,335,0.8333,2,0.56871,0.22368,48,192,834fcabbe21b3136
37,1,C1,6,353,0.8781,2,0.56115,0.19194,48,192,8aa9dfda67a1beb1
37,1,C1,7,343,0.8532,2,0.54987,0.21242,48,192,96664e178e595c93
37,1,C1,8,346,0.8607,2,0.56551,0.19865,48,192,2cd1a29bb412865f
37,1,C1,9,357,0.8881,2,0.54641,0.2232,48,192,2dd07c257075bd7f
37,1,C1,10,356,0.8856,2,0.5436,0.21292,48,192,ff7e0fff7474fd06
37,1,C1,11,353,0.8781,2,0.54185,0.2159,48,192,5526ac5807aab0de
37,1,C1,12,349,0.8682,2,0.55889,0.24848,48,192,3f21137242c6c51d
37,1,C1,13,351,0.8731,2,0.56466,0.24762,48,192,e8619ce15b1a4d25
37,1,C1,14,342,0.8507,2,0.54776,0.19622,48,192,4f18beb3c6b498f0
37,1,C1,15,349,0.8682,2,0.55804,0.24139,48,192,a97d8cf68618fc39
37,1,C1,16,350,0.8706,2,0.55092,0.22804,48,192,6acbe481b39239c0
37,1,C1,17,347,0.8632,2,0.54912,0.22115,48,192,b8641fe7026bdec8
37,1,C1,18,349,0.8682,2,0.56024,0.24414,48,192,ddbb25c9097c1074
37,1,C1,19,350,0.8706,2,0.5411,0.20586,48,192,8eeb5b808c5890f9
37,1,C1,20,351,0.8731,2,0.53874,0.18161,48,192,02896474b50bf8a5
37,1,C2,1,347,0.8632,2,0.53518,0.20473,48,192,6d156aabcf74f987
37,1,C2,2,349,0.8682,2,0.56741,0.19845,48,192,1aedac7102865960
37,1,C2,3,340,0.8458,2,0.55263,0.22182,48,192,d9d765c8881030f6
37,1,C2,4,351,0.8731,2,0.53238,0.21375,48,192,ba695e609223af7d
37,1,C2,5,340,0.8458,2,0.57463,0.2247,48,192,04ef7dc6c68f767f
37,1,C2,6,354,0.8806,2,0.56075,0.20031,48,192,16a209ae6c4e3b68
37,1,C2,7,347,0.8632,2,0.55598,0.22197,48,192,8c81604e1094ed1c
37,1,C2,8,351,0.8731,2,0.56902,0.22682,48,192,8bc6761f6c78c06b
37,1,C2,9,361,0.898,2,0.54411,0.24224,48,192,97d0c0020a63bc82
37,1,C2,10,360,0.8955,2,0.55147,0.22689,48,192,babda239b42d9dd8
37,1,C2,11,358,0.8905,2,0.54786,0.22162,48,192,d1599862d5ef68ee
37,1,C2,12,350,0.8706,2,0.55824,0.24406,48,192,fa65a175cfff4f2b
37,1,C2,13,355,0.8831,2,0.56696,0.24414,48,192,fd076113be2d3058
37,1,C2,14,347,0.8632,2,0.55553,0.19665,48,192,7ca025a8526fa8ad
37,1,C2,15,356,0.8856,2,0.56125,0.2421,48,192,299a5a88bb2f83b6
37,1,C2,16,352,0.8756,2,0.55689,0.2428,48,192,e52dd1f8440d5678
37,1,C2,17,354,0.8806,2,0.56235,0.23181,48,192,4ba626ab837699ba
37,1,C2,18,350,0.8706,2,0.55704,0.2307,48,192,204804e2fd6301af
37,1,C2,19,353,0.8781,2,0.56004,0.20924,48,192,30fbc090cf471b7e
37,1,C2,20,357,0.8881,2,0.56887,0.20806,48,192,0b7f39a85dbafb5e
37,1,C3,1,352,0.8756,2,0.53579,0.20522,48,192,e630986699fe8515
37,1,C3,2,359,0.893,2,0.56806,0.20133,48,192,1ee40caa5db8ca37
37,1,C3,3,347,0.8632,2,0.55027,0.22094,48,192,cedda39961959521
37,1,C3,4,356,0.8856,2,0.54135,0.21706,48,192,f2540a809e714c87
37,1,C3,5,346,0.8607,2,0.58265,0.21627,48,192,6b7604e476d539a0
37,1,C3,6,363,0.903,2,0.5625,0.19501,48,192,129588f9b7c21741
37,1,C3,7,356,0.8856,2,0.55493,0.21992,48,192,829542be8d7d3f2e
37,1,C3,8,359,0.893,2,0.56225,0.2306,48,192,65faf72f3e36c61a
37,1,C3,9,366,0.9104,2,0.54696,0.24093,48,192,e3fa81a73b907124
37,1,C3,10,366,0.9104,2,0.55408,0.22886,48,192,c3770052dc56a32d
37,1,C3,11,364,0.9055,2,0.54882,0.22141,48,192,bf69ce98bc0c4c58
37,1,C3,12,362,0.9005,2,0.55132,0.25265,48,192,b01bb7004461d885
37,1,C3,13,367,0.9129,2,0.56937,0.23695,48,192,e4a1daf777d4fb70
37,1,C3,14,353,0.8781,2,0.55558,0.2034,48,192,00bebaf64d25b5f4
37,1,C3,15,360,0.8955,2,0.5623,0.23684,48,192,f26b5de9675b6dc4
37,1,C3,16,361,0.898,2,0.55709,0.2333,48,192,7c92675655289420
37,1,C3,17,364,0.9055,2,0.56235,0.23581,48,192,1aa255e05a60e797
37,1,C3,18,360,0.8955,2,0.55864,0.22925,48,192,6cec99f257be849b
37,1,C3,19,361,0.898,2,0.55393,0.21348,48,192,0c6ccdfefe16e8a1
37,1,C3,20,368,0.9154,2,0.56856,0.20417,48,192,608d1f8335eda6a7
37,2,C0,1,312,0.7761,2,0.53854,0.16298,48,192,3608cb0a2f94f77f
37,2,C0,2,309,0.7687,2,0.54145,0.19075,48,192,75c3d3fd39206e90
37,2,C0,3,322,0.801,2,0.55684,0.21601,48,192,5bea618912bb227a
37,2,C0,4,333,0.8284,2,0.54952,0.21923,48,192,e8c97b221f319947
37,2,C0,5,330,0.8209,2,0.57157,0.20469,48,192,a08ac0254611b8b1
37,2,C0,6,327,0.8134,2,0.56686,0.20806,48,192,e8813ce2729a9ca6
37,2,C0,7,335,0.8333,2,0.54626,0.22183,48,192,be80d4816a1a8a8c
37,2,C0,8,328,0.8159,2,0.54561,0.22612,48,192,18c46234d374fdc5
37,2,C0,9,316,0.7861,2,0.56696,0.23055,48,192,cd7b73a25dd1ce11
37,2,C0,10,336,0.8358,2,0.55007,0.22219,48,192,241a7fd417e6c039
37,2,C0,11,323,0.8035,2,0.56435,0.20416,48,192,8e7a07b8ffbfd6a7
37,2,C0,12,321,0.7985,2,0.55493,0.1818,48,192,9c9f1375ac49ae5f
37,2,C0,13,332,0.8259,2,0.55167,0.21746,48,192,1cf3392e738a6433
37,2,C0,14,335,0.8333,2,0.541,0.18013,48,192,c0bad104a6828729
37,2,C0,15,321,0.7985,2,0.55869,0.19547,48,192,25a00eb737a418f8
37,2,C0,16,333,0.8284,2,0.56796,0.21297,48,192,2312dad3f2d93113
37,2,C0,17,321,0.7985,2,0.55187,0.23404,48,192,ce601fe4cf772b94
37,2,C0,18,328,0.8159,2,0.54265,0.1603,48,192,5a676fb95452048c
37,2,C0,19,332,0.8259,2,0.55704,0.23311,48,192,d861eebda25addb8
37,2,C0,20,320,0.796,2,0.54947,0.17531,48,192,d1760c75b029aa65
37,2,C1,1,340,0.8458,2,0.55929,0.20266,48,192,93824e735050cbe1
37,2,C1,2,326,0.8109,2,0.5428,0.19805,48,192,e26b41ba104779e0
37,2,C1,3,346,0.8607,2,0.56075,0.2154,48,192,453605e60e63a340
37,2,C1,4,344,0.8557,2,0.55488,0.22305,48,192,81fc07f0c2b1939d
37,2,C1,5,348,0.8657,2,0.56656,0.19615,48,192,9942d1fe6e1246c4
37,2,C1,6,348,0.8657,2,0.55959,0.21938,48,192,dfc027e7a19ebc3b
37,2,C1,7,350,0.8706,2,0.55223,0.22107,48,192,ced761ac23ff9348
37,2,C1,8,349,0.8682,2,0.55328,0.2308,48,192,b22507c1027abea2
37,2,C1,9,328,0.8159,2,0.57528,0.2182,48,192,a766dd3b3a120833
37,2,C1,10,353,0.8781,2,0.55087,0.21666,48,192,1bc2bce0262a44b8
37,2,C1,11,339,0.8433,2,0.5623,0.23213,48,192,a8b6f5c823e83ecd
37,2,C1,12,340,0.8458,2,0.56245,0.20944,48,192,373dd2c1b0e70425
37,2,C1,13,350,0.8706,2,0.55568,0.22759,48,192,1672fb355275a853
37,2,C1,14,357,0.8881,2,0.54797,0.20484,48,192,231470012f4439d9
37,2,C1,15,344,0.8557,2,0.55809,0.20009,48,192,7bb658a512e38d66
37,2,C1,16,348,0.8657,2,0.56541,0.22166,48,192,b9af5d42c2b8eebd
37,2,C1,17,338,0.8408,2,0.55618,0.20147,48,192,b59ef4a189468ae5
37,2,C1,18,346,0.8607,2,0.56536,0.20175,48,192,939da5cad0d35c0c
37,2,C1,19,347,0.8632,2,0.55914,0.23924,48,192,e6b28c14e24f79b9
37,2,C1,20,338,0.8408,2,0.5617,0.23061,48,192,c98f77d75269029c
37,2,C2,1,347,0.8632,2,0.52541,0.20897,48,192,f24854f710307116
37,2,C2,2,338,0.8408,2,0.55177,0.22075,48,192,1dba28aa13ecf94b
37,2,C2,3,351,0.8731,2,0.5607,0.20934,48,192,b3c84403ad2a26b7
37,2,C2,4,349,0.8682,2,0.55734,0.2247,48,192,0f0f90adfcf40471
37,2,C2,5,353,0.8781,2,0.56014,0.23374,48,192,7a2318e88a7d355d
37,2,C2,6,355,0.8831,2,0.56055,0.21258,48,192,b258c49c55bd6cd6
37,2,C2,7,360,0.8955,2,0.55799,0.22459,48,192,fd0335f71c396b9c
37,2,C2,8,356,0.8856,2,0.55543,0.23744,48,192,fab1d76d4436d56e
37,2,C2,9,335,0.8333,2,0.56902,0.23431,48,192,7b11505ac5ab7301
37,2,C2,10,358,0.8905,2,0.55458,0.22095,48,192,3286a85b1860bedd
37,2,C2,11,345,0.8582,2,0.55994,0.23173,48,192,97c51b64284fce4c
37,2,C2,12,344,0.8557,2,0.56055,0.22914,48,192,507298a87727b2c1
37,2,C2,13,360,0.8955,2,0.5616,0.24261,48,192,e4339d368c9cbec0
37,2,C2,14,359,0.893,2,0.55202,0.2048,48,192,65c3fc57de6017ca
37,2,C2,15,344,0.8557,2,0.55839,0.21514,48,192,57afaccf26b020a7
37,2,C2,16,359,0.893,2,0.56526,0.22046,48,192,8e6d4b016e622c1e
37,2,C2,17,339,0.8433,2,0.55664,0.20463,48,192,93a393b2f8b3ea1c
37,2,C2,18,344,0.8557,2,0.56611,0.21353,48,192,4cbbf0d38f6f5364
37,2,C2,19,347,0.8632,2,0.5607,0.23463,48,192,617ad861b822cb44
37,2,C2,20,341,0.8483,2,0.5612,0.22878,48,192,5aed11c416933543
37,2,C3,1,354,0.8806,2,0.52566,0.20785,48,192,1a9a4894eb9e9b47
37,2,C3,2,344,0.8557,2,0.54982,0.21416,48,192,b411ea9ba41b31cd
37,2,C3,3,358,0.8905,2,0.55909,0.2174,48,192,474d9372d3062997
37,2,C3,4,355,0.8831,2,0.55789,0.22608,48,192,42f07cfaf2c7469a
37,2,C3,5,358,0.8905,2,0.5622,0.2268,48,192,1c5b7f0e6d8f32ba
37,2,C3,6,360,0.8955,2,0.5629,0.21987,48,192,c6e59777452979bf
37,2,C3,7,365,0.908,2,0.55568,0.22262,48,192,76360545e9aaa221
37,2,C3,8,363,0.903,2,0.55603,0.23304,48,192,9c7e957935207b8f
37,2,C3,9,340,0.8458,2,0.56721,0.23467,48,192,dc7ac03847e0389f
37,2,C3,10,363,0.903,2,0.55884,0.22523,48,192,86ce347b042a8647
37,2,C3,11,351,0.8731,2,0.56305,0.22588,48,192,41ad3a74a7c9ee7a
37,2,C3,12,352,0.8756,2,0.56185,0.23459,48,192,c179f103236de2da
37,2,C3,13,363,0.903,2,0.56115,0.23691,48,192,d05d2e11ff6a78e0
37,2,C3,14,369,0.9179,2,0.55473,0.2129,48,192,db7c3868e231d507
37,2,C3,15,351,0.8731,2,0.55092,0.19112,48,192,e86553bfb9c051c0
37,2,C3,16,362,0.9005,2,0.58104,0.21061,48,192,1130798cfcad91cc
37,2,C3,17,349,0.8682,2,0.55754,0.20057,48,192,d2f311c365223131
37,2,C3,18,353,0.8781,2,0.5615,0.22763,48,192,84ef3baefb2dcf74
37,2,C3,19,353,0.8781,2,0.56014,0.2439,48,192,3ef7c21afe991cfd
37,2,C3,20,350,0.8706,2,0.5629,0.23846,48,192,511f0505d151d481
37,3,C0,1,340,0.8458,2,0.55077,0.2237,48,192,98b3701e7bf5a740
37,3,C0,2,319,0.7935,2,0.56566,0.20982,48,192,2ec5b7829f521e06
37,3,C0,3,330,0.8209,2,0.56636,0.20205,48,192,8f949569c14b51c9
37,3,C0,4,323,0.8035,2,0.55899,0.22955,48,192,89d5f9bd6547b953
37,3,C0,5,337,0.8383,2,0.55634,0.22353,48,192,37b120b6a4b86fb6
37,3,C0,6,331,0.8234,2,0.56501,0.19611,48,192,d447a22c37c141dc
37,3,C0,7,326,0.8109,2,0.55809,0.23123,48,192,7b2703f09ca59a3d
37,3,C0,8,312,0.7761,2,0.54626,0.2247,48,192,6a2839c7caeaf2ab
37,3,C0,9,320,0.796,2,0.55333,0.22301,48,192,4ea37d5a6d15b31f
37,3,C0,10,328,0.8159,2,0.56571,0.20784,48,192,dbf05f22bf405069
37,3,C0,11,309,0.7687,2,0.56871,0.21002,48,192,b1bcd3af0e49b61f
37,3,C0,12,313,0.7786,2,0.55573,0.18147,48,192,2541392d1ed538b1
37,3,C0,13,335,0.8333,2,0.55233,0.21822,48,192,b5e6d4c648419eaf
37,3,C0,14,326,0.8109,2,0.55528,0.22509,48,192,a7f3f0653646ddf2
37,3,C0,15,336,0.8358,2,0.56982,0.21142,48,192,037b5f3aa2683d0d
37,3,C0,16,328,0.8159,2,0.55268,0.21714,48,192,c67afb7342de10bf
37,3,C0,17,330,0.8209,2,0.54355,0.21264,48,192,1327883feaefb9fa
37,3,C0,18,318,0.791,2,0.56445,0.20465,48,192,18c14f3bb4df62fa
37,3,C0,19,329,0.8184,2,0.54376,0.20045,48,192,3c9bfffe9878fc29
37,3,C0,20,330,0.8209,2,0.56676,0.21884,48,192,35eca05c8d9cf759
37,3,C1,1,356,0.8856,2,0.55779,0.23082,48,192,f2c6ba13f5234419
37,3,C1,2,337,0.8383,2,0.55899,0.23111,48,192,0f4a07aa605d163f
37,3,C1,3,345,0.8582,2,0.56856,0.21437,48,192,bd893fe0ab523f29
37,3,C1,4,343,0.8532,2,0.54857,0.20906,48,192,8cf24e7d6bb5f287
37,3,C1,5,353,0.8781,2,0.55699,0.22734,48,192,cfa8acddb0ec8acf
37,3,C1,6,341,0.8483,2,0.55954,0.22938,48,192,0f89ec05158ebf04
37,3,C1,7,348,0.8657,2,0.55037,0.23816,48,192,a22cff01ae323ea6
37,3,C1,8,333,0.8284,2,0.55017,0.22346,48,192,83e9ed22d61e6de3
37,3,C1,9,342,0.8507,2,0.56716,0.23093,48,192,8d27bc2b30b97cbe
37,3,C1,10,343,0.8532,2,0.57042,0.2049,48,192,a5af5e9e65f44ac2
37,3,C1,11,336,0.8358,2,0.57338,0.21073,48,192,7a4043b31ebc4a74
37,3,C1,12,332,0.8259,2,0.56541,0.19923,48,192,f602cb732ced1121
37,3,C1,13,346,0.8607,2,0.55568,0.21936,48,192,b0e4f905bf9cb777
37,3,C1,14,344,0.8557,2,0.55664,0.20763,48,192,be264f752962492a
37,3,C1,15,355,0.8831,2,0.56235,0.23923,48,192,9bae6f1e6ef3831e
37,3,C1,16,346,0.8607,2,0.55939,0.21621,48,192,e485429bfb45231f
37,3,C1,17,344,0.8557,2,0.54511,0.2085,48,192,1fde4afe5b86ad5e
37,3,C1,18,338,0.8408,2,0.56636,0.20994,48,192,78b8ef5089619d96
37,3,C1,19,341,0.8483,2,0.54461,0.19347,48,192,35bb789db1f8464b
37,3,C1,20,341,0.8483,2,0.57227,0.21573,48,192,dcff5df31b75a992
37,3,C2,1,361,0.898,2,0.55999,0.2359,48,192,44b4da52e051e51d
37,3,C2,2,346,0.8607,2,0.56075,0.22489,48,192,aba5646fd2a2a8c7
37,3,C2,3,350,0.8706,2,0.56871,0.22409,48,192,1ae925cc895acd51
37,3,C2,4,350,0.8706,2,0.55338,0.24061,48,192,002c3589cd644460
37,3,C2,5,355,0.8831,2,0.54957,0.22674,48,192,b3e7e114ebb22b7c
37,3,C2,6,344,0.8557,2,0.55754,0.22523,48,192,349a1aad296b68d5
37,3,C2,7,352,0.8756,2,0.54756,0.23004,48,192,bda3fc62408ed72a
37,3,C2,8,334,0.8308,2,0.55087,0.22156,48,192,88e7d32896c07780
37,3,C2,9,350,0.8706,2,0.57227,0.22019,48,192,50caeca30e4a7887
37,3,C2,10,355,0.8831,2,0.56932,0.20452,48,192,ddfb535158d8a59b
37,3,C2,11,339,0.8433,2,0.56937,0.22294,48,192,f60ab948ca92f39f
37,3,C2,12,339,0.8433,2,0.55478,0.20903,48,192,55598b8a9d1742b6
37,3,C2,13,354,0.8806,2,0.55879,0.22713,48,192,886dd5fed64fa710
37,3,C2,14,347,0.8632,2,0.564,0.21352,48,192,bcd96f8df8e8c8bd
37,3,C2,15,360,0.8955,2,0.55749,0.23038,48,192,0d4ef2720c179e44
37,3,C2,16,351,0.8731,2,0.55012,0.21951,48,192,7e6e67d561dbd580
37,3,C2,17,347,0.8632,2,0.55533,0.2364,48,192,060ecceb27208c92
37,3,C2,18,345,0.8582,2,0.56029,0.24123,48,192,ec2a4322422ef97f
37,3,C2,19,347,0.8632,2,0.54892,0.23255,48,192,32cc06b0dbf4aff9
37,3,C2,20,347,0.8632,2,0.55989,0.23581,48,192,54884e66bfdc1e9c
37,3,C3,1,364,0.9055,2,0.56155,0.23017,48,192,773eb7fd6254c03e
37,3,C3,2,351,0.8731,2,0.55934,0.22169,48,192,35f85c44f44b962e
37,3,C3,3,358,0.8905,2,0.56761,0.23069,48,192,06b742fd6b9a67e9
37,3,C3,4,358,0.8905,2,0.5606,0.23777,48,192,3b36aa402908cf27
37,3,C3,5,361,0.898,2,0.55213,0.22496,48,192,3455bba2c78f4f74
37,3,C3,6,356,0.8856,2,0.55709,0.22199,48,192,e3a4b9febbca4ca6
37,3,C3,7,361,0.898,2,0.55087,0.23035,48,192,45fc8120e6fc1a9e
37,3,C3,8,343,0.8532,2,0.55007,0.22223,48,192,44e5343b3d824191
37,3,C3,9,359,0.893,2,0.57423,0.21654,48,192,a7e824579c023212
37,3,C3,10,360,0.8955,2,0.56736,0.20168,48,192,d6c6e4d0168872d7
37,3,C3,11,348,0.8657,2,0.57107,0.21921,48,192,2a125fc8a284109b
37,3,C3,12,346,0.8607,2,0.55919,0.22414,48,192,e01a38adb3686da3
37,3,C3,13,362,0.9005,2,0.55889,0.22929,48,192,ee2a27141134638c
37,3,C3,14,357,0.8881,2,0.56576,0.22767,48,192,8c9399f4b30cdf77
37,3,C3,15,366,0.9104,2,0.55879,0.22873,48,192,95ca55300d7a8fef
37,3,C3,16,360,0.8955,2,0.55654,0.21864,48,192,2b783c5b0539c660
37,3,C3,17,351,0.8731,2,0.55278,0.23106,48,192,bd77e971c5187e67
37,3,C3,18,353,0.8781,2,0.56546,0.24257,48,192,8a5c17ced0f22795
37,3,C3,19,360,0.8955,2,0.55122,0.2304,48,192,172dff17c2a80be2
37,3,C3,20,357,0.8881,2,0.563,0.22612,48,192,5e41ae6307dd2bac
37,4,C0,1,331,0.8234,2,0.55488,0.20485,48,192,b13c1333ac3d8821
37,4,C0,2,324,0.806,2,0.53609,0.21275,48,192,46f563a84479f565
37,4,C0,3,316,0.7861,2,0.55202,0.22762,48,192,5dba6b39e54bcce3
37,4,C0,4,334,0.8308,2,0.56596,0.20591,48,192,130944638cf11e07
37,4,C0,5,318,0.791,2,0.56696,0.20711,48,192,0c5e096621f314af
37,4,C0,6,315,0.7836,2,0.55583,0.23376,48,192,6b36aea6df76189a
37,4,C0,7,326,0.8109,2,0.56135,0.22697,48,192,0c7a4aff64a4c46a
37,4,C0,8,324,0.806,2,0.53353,0.18995,48,192,b1a9e60d90bb5db0
37,4,C0,9,328,0.8159,2,0.52601,0.19291,48,192,e9c6136f74169958
37,4,C0,10,326,0.8109,2,0.55042,0.192,48,192,1133649b98fb38f9
37,4,C0,11,343,0.8532,2,0.56215,0.21104,48,192,7225be0da462b7b3
37,4,C0,12,335,0.8333,2,0.55829,0.23092,48,192,16aba6376e0fa9aa
37,4,C0,13,330,0.8209,2,0.56656,0.21694,48,192,8becdd4c67674680
37,4,C0,14,329,0.8184,2,0.55057,0.1881,48,192,e6e80a8af447b6f9
37,4,C0,15,329,0.8184,2,0.55318,0.20394,48,192,f9a182daf59078aa
37,4,C0,16,337,0.8383,2,0.56636,0.22424,48,192,8a379361cd6d7d1b
37,4,C0,17,320,0.796,2,0.56932,0.19451,48,192,b5379aeed6b1fce0
37,4,C0,18,333,0.8284,2,0.55889,0.21732,48,192,bf96a24f1c450e13
37,4,C0,19,316,0.7861,2,0.53869,0.20702,48,192,c0d7f6fe2d3b7fd8
37,4,C0,20,320,0.796,2,0.55157,0.2193,48,192,3f9d93d44991ad0f
37,4,C1,1,344,0.8557,2,0.55248,0.22945,48,192,6a12444104545ca3
37,4,C1,2,346,0.8607,2,0.53634,0.21759,48,192,ed1cf6fec3a34793
37,4,C1,3,342,0.8507,2,0.56135,0.22461,48,192,41aa899ec8eded41
37,4,C1,4,352,0.8756,2,0.55313,0.21919,48,192,92dbf16f0599c3bf
37,4,C1,5,334,0.8308,2,0.56851,0.20502,48,192,77169eff8da27c9d
37,4,C1,6,330,0.8209,2,0.5618,0.21974,48,192,f3d36070780c7b5b
37,4,C1,7,341,0.8483,2,0.5608,0.20095,48,192,c295af09b152f628
37,4,C1,8,343,0.8532,2,0.54115,0.19563,48,192,e2b28547200ce376
37,4,C1,9,346,0.8607,2,0.53323,0.20778,48,192,b3f0069d24bb8f5a
37,4,C1,10,347,0.8632,2,0.54967,0.18069,48,192,923ea65c240c678b
37,4,C1,11,358,0.8905,2,0.55563,0.23786,48,192,b353d8c97f6fc111
37,4,C1,12,347,0.8632,2,0.5623,0.23958,48,192,e6bfc0319d8ca073
37,4,C1,13,347,0.8632,2,0.5615,0.23851,48,192,1253974027ea6334
37,4,C1,14,342,0.8507,2,0.56551,0.21719,48,192,6cd32381c0e42338
37,4,C1,15,346,0.8607,2,0.55704,0.22815,48,192,920c7fa4409ce93d
37,4,C1,16,357,0.8881,2,0.55213,0.22853,48,192,012661ae8eb1ccc8
37,4,C1,17,339,0.8433,2,0.57303,0.20448,48,192,0795355b12e4cd7e
37,4,C1,18,352,0.8756,2,0.5638,0.20769,48,192,0ef1908318a856e1
37,4,C1,19,335,0.8333,2,0.53869,0.20727,48,192,1de39999101c3c9b
37,4,C1,20,339,0.8433,2,0.54917,0.22217,48,192,89e9e774c9e5ed9e
37,4,C2,1,360,0.8955,2,0.55914,0.23623,48,192,6677c1008ef0eb38
37,4,C2,2,352,0.8756,2,0.54807,0.22769,48,192,d1351047ab9c147b
37,4,C2,3,347,0.8632,2,0.56355,0.22443,48,192,b3f7c17d66034755
37,4,C2,4,359,0.893,2,0.54766,0.22882,48,192,e8caaf6b661fafca
37,4,C2,5,345,0.8582,2,0.57533,0.21818,48,192,5cd88d3682e0c12f
37,4,C2,6,337,0.8383,2,0.55924,0.23587,48,192,bbcdb935a0be765a
37,4,C2,7,349,0.8682,2,0.55197,0.2145,48,192,6c4ebbe1f7d43fec
37,4,C2,8,346,0.8607,2,0.55293,0.19536,48,192,dffe4f9847fe1ef0
37,4,C2,9,350,0.8706,2,0.53929,0.2127,48,192,61d3ccc335c8a721
37,4,C2,10,351,0.8731,2,0.562,0.20767,48,192,bacd1ff85f9fc18e
37,4,C2,11,365,0.908,2,0.54857,0.23926,48,192,d6ca96b93ceeb99f
37,4,C2,12,352,0.8756,2,0.55894,0.23418,48,192,423d491b77206a91
37,4,C2,13,356,0.8856,2,0.5611,0.23819,48,192,3d091fa80861f7a5
37,4,C2,14,357,0.8881,2,0.55959,0.23671,48,192,68bb6fef5c909ca8
37,4,C2,15,356,0.8856,2,0.55278,0.2282,48,192,ed04d71f9eb275e6
37,4,C2,16,358,0.8905,2,0.55483,0.22618,48,192,8d17b7144df277f6
37,4,C2,17,345,0.8582,2,0.56075,0.23534,48,192,2cb51f5e02b77814
37,4,C2,18,357,0.8881,2,0.56586,0.21959,48,192,9bb83c28af72efdc
37,4,C2,19,339,0.8433,2,0.53679,0.20566,48,192,39a13f339b1e6759
37,4,C2,20,344,0.8557,2,0.55819,0.22516,48,192,b0f5d32f6ffe4997
37,4,C3,1,365,0.908,2,0.56009,0.2259,48,192,644b28b272b95a47
37,4,C3,2,355,0.8831,2,0.54571,0.22647,48,192,8ac394fbe1fd6d6a
37,4,C3,3,355,0.8831,2,0.56375,0.22381,48,192,7d1ac3124d262fb1
37,4,C3,4,366,0.9104,2,0.55588,0.22875,48,192,7a8e0da6f9c0a998
37,4,C3,5,352,0.8756,2,0.57272,0.21905,48,192,e1efdd2d49e3ab7a
37,4,C3,6,343,0.8532,2,0.5613,0.22975,48,192,1fb9863729c84ac6
37,4,C3,7,352,0.8756,2,0.55243,0.21475,48,192,044ff6180b2236c9
37,4,C3,8,354,0.8806,2,0.5406,0.18032,48,192,e72924875da61ff6
37,4,C3,9,356,0.8856,2,0.54065,0.21544,48,192,e5b19aba5a5d63ba
37,4,C3,10,361,0.898,2,0.56085,0.20211,48,192,a3cf0f15a8941830
37,4,C3,11,370,0.9204,2,0.55944,0.23518,48,192,e9c3698b27ea4fff
37,4,C3,12,356,0.8856,2,0.56115,0.23708,48,192,5e5cd91d196734a5
37,4,C3,13,361,0.898,2,0.56626,0.23551,48,192,e43c0aaa5497d649
37,4,C3,14,358,0.8905,2,0.55989,0.23811,48,192,77838f503e1e085e
37,4,C3,15,358,0.8905,2,0.55433,0.22846,48,192,68b6a228a5f23681
37,4,C3,16,368,0.9154,2,0.55654,0.22665,48,192,706a8b9598dc7645
37,4,C3,17,354,0.8806,2,0.5605,0.23914,48,192,f6d3cf18fc58a18b
37,4,C3,18,366,0.9104,2,0.5625,0.224,48,192,963d4f9203eec359
37,4,C3,19,351,0.8731,2,0.53538,0.19861,48,192,07ed13aff1a65c8e
37,4,C3,20,349,0.8682,2,0.55889,0.23047,48,192,21d4005ad7d20ff1
