model_seed,crn_idx,scenario,round,n_attend,participation_rate,active_clients,auroc_holdout,pr_auc_holdout,comm_cost_params,comm_cost_bytes,calibration
7,0,C0,1,4565,0.4511,23,0.78684,0.84324,966,3864,DR_primary
7,0,C1,1,5009,0.495,23,0.78717,0.84328,966,3864,DR_primary
7,0,C2,1,5032,0.4973,23,0.78756,0.84363,966,3864,DR_primary
7,0,C3,1,5032,0.4973,23,0.78756,0.84363,966,3864,DR_primary
7,0,C0,2,4606,0.4552,23,0.78679,0.84337,966,3864,DR_primary
7,0,C1,2,5062,0.5002,23,0.78652,0.84327,966,3864,DR_primary
7,0,C2,2,5095,0.5035,23,0.7867,0.84346,966,3864,DR_primary
7,0,C3,2,5095,0.5035,23,0.7867,0.84346,966,3864,DR_primary
7,0,C0,3,4654,0.4599,23,0.7879,0.84348,966,3864,DR_primary
7,0,C1,3,5088,0.5028,23,0.78783,0.8434,966,3864,DR_primary
7,0,C2,3,5110,0.505,23,0.78787,0.84355,966,3864,DR_primary
7,0,C3,3,5110,0.505,23,0.78787,0.84355,966,3864,DR_primary
7,0,C0,4,4611,0.4557,23,0.78706,0.84351,966,3864,DR_primary
7,0,C1,4,5067,0.5007,23,0.7867,0.84308,966,3864,DR_primary
7,0,C2,4,5048,0.4989,23,0.78663,0.84318,966,3864,DR_primary
7,0,C3,4,5048,0.4989,23,0.78663,0.84318,966,3864,DR_primary
7,0,C0,5,4503,0.445,23,0.78676,0.84297,966,3864,DR_primary
7,0,C1,5,4975,0.4916,23,0.78656,0.84293,966,3864,DR_primary
7,0,C2,5,4980,0.4921,23,0.78672,0.84309,966,3864,DR_primary
7,0,C3,5,4980,0.4921,23,0.78672,0.84309,966,3864,DR_primary
7,0,C0,6,4556,0.4502,23,0.78745,0.84349,966,3864,DR_primary
7,0,C1,6,5010,0.4951,23,0.78734,0.8437,966,3864,DR_primary
7,0,C2,6,5006,0.4947,23,0.78728,0.84361,966,3864,DR_primary
7,0,C3,6,5006,0.4947,23,0.78728,0.84361,966,3864,DR_primary
7,0,C0,7,4633,0.4579,23,0.78718,0.84326,966,3864,DR_primary
7,0,C1,7,5061,0.5001,23,0.78713,0.84333,966,3864,DR_primary
7,0,C2,7,5073,0.5013,23,0.78706,0.84321,966,3864,DR_primary
7,0,C3,7,5073,0.5013,23,0.78706,0.84321,966,3864,DR_primary
7,0,C0,8,4561,0.4507,23,0.78682,0.84301,966,3864,DR_primary
7,0,C1,8,5033,0.4974,23,0.78665,0.84312,966,3864,DR_primary
7,0,C2,8,5047,0.4988,23,0.78676,0.8432,966,3864,DR_primary
7,0,C3,8,5047,0.4988,23,0.78676,0.8432,966,3864,DR_primary
7,0,C0,9,4616,0.4562,23,0.78674,0.84308,966,3864,DR_primary
7,0,C1,9,5077,0.5017,23,0.78699,0.84327,966,3864,DR_primary
7,0,C2,9,5083,0.5023,23,0.78683,0.84333,966,3864,DR_primary
7,0,C3,9,5083,0.5023,23,0.78683,0.84333,966,3864,DR_primary
7,0,C0,10,4578,0.4524,23,0.78639,0.84293,966,3864,DR_primary
7,0,C1,10,5029,0.497,23,0.7867,0.84312,966,3864,DR_primary
7,0,C2,10,5023,0.4964,23,0.78661,0.84305,966,3864,DR_primary
7,0,C3,10,5023,0.4964,23,0.78661,0.84305,966,3864,DR_primary
7,0,C0,11,4571,0.4517,23,0.78716,0.84352,966,3864,DR_primary
7,0,C1,11,5006,0.4947,23,0.78691,0.84336,966,3864,DR_primary
7,0,C2,11,5008,0.4949,23,0.78697,0.84353,966,3864,DR_primary
7,0,C3,11,5008,0.4949,23,0.78697,0.84353,966,3864,DR_primary
7,0,C0,12,4593,0.4539,23,0.78756,0.84388,966,3864,DR_primary
7,0,C1,12,5060,0.5,23,0.78753,0.84372,966,3864,DR_primary
7,0,C2,12,5067,0.5007,23,0.78741,0.84378,966,3864,DR_primary
7,0,C3,12,5067,0.5007,23,0.78741,0.84378,966,3864,DR_primary
7,0,C0,13,4694,0.4639,23,0.78679,0.84324,966,3864,DR_primary
7,0,C1,13,5174,0.5113,23,0.78705,0.84327,966,3864,DR_primary
7,0,C2,13,5161,0.51,23,0.78706,0.84338,966,3864,DR_primary
7,0,C3,13,5161,0.51,23,0.78706,0.84338,966,3864,DR_primary
7,0,C0,14,4626,0.4572,23,0.78641,0.84284,966,3864,DR_primary
7,0,C1,14,5049,0.499,23,0.78653,0.84277,966,3864,DR_primary
7,0,C2,14,5060,0.5,23,0.78655,0.84298,966,3864,DR_primary
7,0,C3,14,5060,0.5,23,0.78655,0.84298,966,3864,DR_primary
7,0,C0,15,4649,0.4594,23,0.78603,0.84252,966,3864,DR_primary
7,0,C1,15,5098,0.5038,23,0.78622,0.84266,966,3864,DR_primary
7,0,C2,15,5107,0.5047,23,0.78613,0.84276,966,3864,DR_primary
7,0,C3,15,5107,0.5047,23,0.78613,0.84276,966,3864,DR_primary
7,0,C0,16,4590,0.4536,23,0.78697,0.84297,966,3864,DR_primary
7,0,C1,16,5052,0.4993,23,0.78683,0.84299,966,3864,DR_primary
7,0,C2,16,5045,0.4986,23,0.78699,0.84305,966,3864,DR_primary
7,0,C3,16,5045,0.4986,23,0.78699,0.84305,966,3864,DR_primary
7,0,C0,17,4601,0.4547,23,0.78713,0.84298,966,3864,DR_primary
7,0,C1,17,5096,0.5036,23,0.78738,0.84314,966,3864,DR_primary
7,0,C2,17,5086,0.5026,23,0.78707,0.84319,966,3864,DR_primary
7,0,C3,17,5086,0.5026,23,0.78707,0.84319,966,3864,DR_primary
7,0,C0,18,4652,0.4597,23,0.78711,0.84328,966,3864,DR_primary
7,0,C1,18,5141,0.5081,23,0.78725,0.84342,966,3864,DR_primary
7,0,C2,18,5137,0.5077,23,0.78706,0.84329,966,3864,DR_primary
7,0,C3,18,5137,0.5077,23,0.78706,0.84329,966,3864,DR_primary
7,0,C0,19,4625,0.4571,23,0.78808,0.84407,966,3864,DR_primary
7,0,C1,19,5085,0.5025,23,0.78776,0.84393,966,3864,DR_primary
7,0,C2,19,5092,0.5032,23,0.78781,0.84397,966,3864,DR_primary
7,0,C3,19,5092,0.5032,23,0.78781,0.84397,966,3864,DR_primary
7,0,C0,20,4596,0.4542,23,0.78719,0.84346,966,3864,DR_primary
7,0,C1,20,5060,0.5,23,0.78732,0.84375,966,3864,DR_primary
7,0,C2,20,5069,0.5009,23,0.78687,0.84349,966,3864,DR_primary
7,0,C3,20,5069,0.5009,23,0.78687,0.84349,966,3864,DR_primary
7,0,C0,21,4661,0.4606,23,0.78678,0.84312,966,3864,DR_primary
7,0,C1,21,5074,0.5014,23,0.78694,0.84324,966,3864,DR_primary
7,0,C2,21,5075,0.5015,23,0.78688,0.84333,966,3864,DR_primary
7,0,C3,21,5075,0.5015,23,0.78688,0.84333,966,3864,DR_primary
7,0,C0,22,4659,0.4604,23,0.78704,0.84298,966,3864,DR_primary
7,0,C1,22,5110,0.505,23,0.78702,0.84313,966,3864,DR_primary
7,0,C2,22,5136,0.5076,23,0.78702,0.84326,966,3864,DR_primary
7,0,C3,22,5136,0.5076,23,0.78702,0.84326,966,3864,DR_primary
7,0,C0,23,4552,0.4498,23,0.78749,0.84357,966,3864,DR_primary
7,0,C1,23,5018,0.4959,23,0.78698,0.84321,966,3864,DR_primary
7,0,C2,23,5021,0.4962,23,0.78727,0.84357,966,3864,DR_primary
7,0,C3,23,5021,0.4962,23,0.78727,0.84357,966,3864,DR_primary
7,0,C0,24,4627,0.4573,23,0.7874,0.84377,966,3864,DR_primary
7,0,C1,24,5083,0.5023,23,0.78721,0.84359,966,3864,DR_primary
7,0,C2,24,5088,0.5028,23,0.78722,0.84367,966,3864,DR_primary
7,0,C3,24,5088,0.5028,23,0.78722,0.84367,966,3864,DR_primary
7,0,C0,25,4543,0.449,23,0.78657,0.84306,966,3864,DR_primary
7,0,C1,25,5003,0.4944,23,0.78627,0.84267,966,3864,DR_primary
7,0,C2,25,5008,0.4949,23,0.78625,0.84275,966,3864,DR_primary
7,0,C3,25,5008,0.4949,23,0.78625,0.84275,966,3864,DR_primary
7,0,C0,26,4639,0.4584,23,0.78691,0.84282,966,3864,DR_primary
7,0,C1,26,5084,0.5024,23,0.78693,0.84316,966,3864,DR_primary
7,0,C2,26,5102,0.5042,23,0.78674,0.84307,966,3864,DR_primary
7,0,C3,26,5102,0.5042,23,0.78674,0.84307,966,3864,DR_primary
7,0,C0,27,4603,0.4549,23,0.78663,0.84273,966,3864,DR_primary
7,0,C1,27,5051,0.4992,23,0.78691,0.84293,966,3864,DR_primary
7,0,C2,27,5071,0.5011,23,0.78654,0.84274,966,3864,DR_primary
7,0,C3,27,5071,0.5011,23,0.78654,0.84274,966,3864,DR_primary
7,0,C0,28,4558,0.4504,23,0.78681,0.84307,966,3864,DR_primary
7,0,C1,28,5012,0.4953,23,0.78721,0.84333,966,3864,DR_primary
7,0,C2,28,5019,0.496,23,0.78699,0.84337,966,3864,DR_primary
7,0,C3,28,5019,0.496,23,0.78699,0.84337,966,3864,DR_primary
7,0,C0,29,4579,0.4525,23,0.78664,0.84229,966,3864,DR_primary
7,0,C1,29,5063,0.5003,23,0.78656,0.84239,966,3864,DR_primary
7,0,C2,29,5028,0.4969,23,0.78642,0.84245,966,3864,DR_primary
7,0,C3,29,5028,0.4969,23,0.78642,0.84245,966,3864,DR_primary
7,0,C0,30,4701,0.4646,23,0.78609,0.84257,966,3864,DR_primary
7,0,C1,30,5122,0.5062,23,0.78637,0.84279,966,3864,DR_primary
7,0,C2,30,5134,0.5074,23,0.78634,0.84284,966,3864,DR_primary
7,0,C3,30,5134,0.5074,23,0.78634,0.84284,966,3864,DR_primary
7,1,C0,1,4498,0.4445,23,0.78758,0.84394,966,3864,DR_primary
7,1,C1,1,4983,0.4924,23,0.78738,0.84385,966,3864,DR_primary
7,1,C2,1,5003,0.4944,23,0.78773,0.84405,966,3864,DR_primary
7,1,C3,1,5003,0.4944,23,0.78773,0.84405,966,3864,DR_primary
7,1,C0,2,4577,0.4523,23,0.78665,0.84329,966,3864,DR_primary
7,1,C1,2,5054,0.4995,23,0.78686,0.84335,966,3864,DR_primary
7,1,C2,2,5047,0.4988,23,0.78666,0.84319,966,3864,DR_primary
7,1,C3,2,5047,0.4988,23,0.78666,0.84319,966,3864,DR_primary
7,1,C0,3,4595,0.4541,23,0.78697,0.84344,966,3864,DR_primary
7,1,C1,3,5036,0.4977,23,0.78704,0.8434,966,3864,DR_primary
7,1,C2,3,5045,0.4986,23,0.78682,0.84339,966,3864,DR_primary
7,1,C3,3,5045,0.4986,23,0.78682,0.84339,966,3864,DR_primary
7,1,C0,4,4595,0.4541,23,0.78779,0.84406,966,3864,DR_primary
7,1,C1,4,5047,0.4988,23,0.7877,0.84378,966,3864,DR_primary
7,1,C2,4,5049,0.499,23,0.78773,0.84395,966,3864,DR_primary
7,1,C3,4,5049,0.499,23,0.78773,0.84395,966,3864,DR_primary
7,1,C0,5,4532,0.4479,23,0.78693,0.84287,966,3864,DR_primary
7,1,C1,5,4976,0.4917,23,0.78722,0.84327,966,3864,DR_primary
7,1,C2,5,4993,0.4934,23,0.78729,0.84346,966,3864,DR_primary
7,1,C3,5,4993,0.4934,23,0.78729,0.84346,966,3864,DR_primary
7,1,C0,6,4555,0.4501,23,0.78671,0.84336,966,3864,DR_primary
7,1,C1,6,5046,0.4987,23,0.78685,0.84336,966,3864,DR_primary
7,1,C2,6,5057,0.4998,23,0.78674,0.84339,966,3864,DR_primary
7,1,C3,6,5057,0.4998,23,0.78674,0.84339,966,3864,DR_primary
7,1,C0,7,4565,0.4511,23,0.78717,0.84306,966,3864,DR_primary
7,1,C1,7,5027,0.4968,23,0.78726,0.8431,966,3864,DR_primary
7,1,C2,7,5023,0.4964,23,0.78733,0.84328,966,3864,DR_primary
7,1,C3,7,5023,0.4964,23,0.78733,0.84328,966,3864,DR_primary
7,1,C0,8,4568,0.4514,23,0.78619,0.84253,966,3864,DR_primary
7,1,C1,8,5045,0.4986,23,0.78642,0.84253,966,3864,DR_primary
7,1,C2,8,5043,0.4984,23,0.78624,0.84253,966,3864,DR_primary
7,1,C3,8,5043,0.4984,23,0.78624,0.84253,966,3864,DR_primary
7,1,C0,9,4562,0.4508,23,0.78692,0.84307,966,3864,DR_primary
7,1,C1,9,5029,0.497,23,0.78718,0.84319,966,3864,DR_primary
7,1,C2,9,5031,0.4972,23,0.78701,0.84313,966,3864,DR_primary
7,1,C3,9,5031,0.4972,23,0.78701,0.84313,966,3864,DR_primary
7,1,C0,10,4626,0.4572,23,0.78689,0.843,966,3864,DR_primary
7,1,C1,10,5060,0.5,23,0.78681,0.84305,966,3864,DR_primary
7,1,C2,10,5063,0.5003,23,0.7868,0.84313,966,3864,DR_primary
7,1,C3,10,5063,0.5003,23,0.7868,0.84313,966,3864,DR_primary
7,1,C0,11,4726,0.467,23,0.78747,0.84352,966,3864,DR_primary
7,1,C1,11,5205,0.5144,23,0.78756,0.84363,966,3864,DR_primary
7,1,C2,11,5208,0.5147,23,0.78738,0.8436,966,3864,DR_primary
7,1,C3,11,5208,0.5147,23,0.78738,0.8436,966,3864,DR_primary
7,1,C0,12,4621,0.4567,23,0.78616,0.84282,966,3864,DR_primary
7,1,C1,12,5074,0.5014,23,0.78618,0.84288,966,3864,DR_primary
7,1,C2,12,5070,0.501,23,0.78594,0.84277,966,3864,DR_primary
7,1,C3,12,5070,0.501,23,0.78594,0.84277,966,3864,DR_primary
7,1,C0,13,4581,0.4527,23,0.78726,0.84353,966,3864,DR_primary
7,1,C1,13,5065,0.5005,23,0.78747,0.8435,966,3864,DR_primary
7,1,C2,13,5045,0.4986,23,0.78734,0.84353,966,3864,DR_primary
7,1,C3,13,5045,0.4986,23,0.78734,0.84353,966,3864,DR_primary
7,1,C0,14,4602,0.4548,23,0.78708,0.8432,966,3864,DR_primary
7,1,C1,14,5089,0.5029,23,0.78702,0.84335,966,3864,DR_primary
7,1,C2,14,5100,0.504,23,0.78732,0.8436,966,3864,DR_primary
7,1,C3,14,5100,0.504,23,0.78732,0.8436,966,3864,DR_primary
7,1,C0,15,4558,0.4504,23,0.78685,0.84317,966,3864,DR_primary
7,1,C1,15,4992,0.4933,23,0.78686,0.84323,966,3864,DR_primary
7,1,C2,15,4972,0.4914,23,0.78673,0.84312,966,3864,DR_primary
7,1,C3,15,4972,0.4914,23,0.78673,0.84312,966,3864,DR_primary
7,1,C0,16,4567,0.4513,23,0.78656,0.8428,966,3864,DR_primary
7,1,C1,16,4992,0.4933,23,0.78667,0.84282,966,3864,DR_primary
7,1,C2,16,5006,0.4947,23,0.78678,0.84297,966,3864,DR_primary
7,1,C3,16,5006,0.4947,23,0.78678,0.84297,966,3864,DR_primary
7,1,C0,17,4574,0.452,23,0.78608,0.84207,966,3864,DR_primary
7,1,C1,17,5040,0.4981,23,0.78618,0.84223,966,3864,DR_primary
7,1,C2,17,5043,0.4984,23,0.78615,0.84231,966,3864,DR_primary
7,1,C3,17,5043,0.4984,23,0.78615,0.84231,966,3864,DR_primary
7,1,C0,18,4562,0.4508,23,0.78664,0.84331,966,3864,DR_primary
7,1,C1,18,5014,0.4955,23,0.78673,0.84317,966,3864,DR_primary
7,1,C2,18,5031,0.4972,23,0.78626,0.84293,966,3864,DR_primary
7,1,C3,18,5031,0.4972,23,0.78626,0.84293,966,3864,DR_primary
7,1,C0,19,4487,0.4434,23,0.78702,0.8436,966,3864,DR_primary
7,1,C1,19,4958,0.49,23,0.78702,0.84354,966,3864,DR_primary
7,1,C2,19,4961,0.4903,23,0.78698,0.8436,966,3864,DR_primary
7,1,C3,19,4961,0.4903,23,0.78698,0.8436,966,3864,DR_primary
7,1,C0,20,4504,0.4451,23,0.78654,0.84297,966,3864,DR_primary
7,1,C1,20,4983,0.4924,23,0.78654,0.84289,966,3864,DR_primary
7,1,C2,20,4963,0.4905,23,0.78638,0.84282,966,3864,DR_primary
7,1,C3,20,4963,0.4905,23,0.78638,0.84282,966,3864,DR_primary
7,1,C0,21,4586,0.4532,23,0.78637,0.84278,966,3864,DR_primary
7,1,C1,21,5059,0.5,23,0.78643,0.8429,966,3864,DR_primary
7,1,C2,21,5044,0.4985,23,0.7864,0.84288,966,3864,DR_primary
7,1,C3,21,5044,0.4985,23,0.7864,0.84288,966,3864,DR_primary
7,1,C0,22,4608,0.4554,23,0.78691,0.84274,966,3864,DR_primary
7,1,C1,22,5060,0.5,23,0.78665,0.84263,966,3864,DR_primary
7,1,C2,22,5067,0.5007,23,0.78668,0.84272,966,3864,DR_primary
7,1,C3,22,5067,0.5007,23,0.78668,0.84272,966,3864,DR_primary
7,1,C0,23,4632,0.4578,23,0.78753,0.84333,966,3864,DR_primary
7,1,C1,23,5115,0.5055,23,0.78751,0.84348,966,3864,DR_primary
7,1,C2,23,5139,0.5079,23,0.78727,0.84339,966,3864,DR_primary
7,1,C3,23,5139,0.5079,23,0.78727,0.84339,966,3864,DR_primary
7,1,C0,24,4502,0.4449,23,0.78781,0.84411,966,3864,DR_primary
7,1,C1,24,4966,0.4908,23,0.78769,0.84391,966,3864,DR_primary
7,1,C2,24,4956,0.4898,23,0.78783,0.8441,966,3864,DR_primary
7,1,C3,24,4956,0.4898,23,0.78783,0.8441,966,3864,DR_primary
7,1,C0,25,4566,0.4512,23,0.78694,0.84331,966,3864,DR_primary
7,1,C1,25,4995,0.4936,23,0.78688,0.84324,966,3864,DR_primary
7,1,C2,25,5019,0.496,23,0.78684,0.84325,966,3864,DR_primary
7,1,C3,25,5019,0.496,23,0.78684,0.84325,966,3864,DR_primary
7,1,C0,26,4543,0.449,23,0.7865,0.8428,966,3864,DR_primary
7,1,C1,26,5028,0.4969,23,0.78679,0.84301,966,3864,DR_primary
7,1,C2,26,5033,0.4974,23,0.78652,0.84305,966,3864,DR_primary
7,1,C3,26,5033,0.4974,23,0.78652,0.84305,966,3864,DR_primary
7,1,C0,27,4606,0.4552,23,0.78759,0.84388,966,3864,DR_primary
7,1,C1,27,5034,0.4975,23,0.78753,0.84384,966,3864,DR_primary
7,1,C2,27,5067,0.5007,23,0.78739,0.84364,966,3864,DR_primary
7,1,C3,27,5067,0.5007,23,0.78739,0.84364,966,3864,DR_primary
7,1,C0,28,4637,0.4582,23,0.7862,0.84281,966,3864,DR_primary
7,1,C1,28,5116,0.5056,23,0.7864,0.84288,966,3864,DR_primary
7,1,C2,28,5120,0.506,23,0.78606,0.84283,966,3864,DR_primary
7,1,C3,28,5120,0.506,23,0.78606,0.84283,966,3864,DR_primary
7,1,C0,29,4668,0.4613,23,0.78657,0.84297,966,3864,DR_primary
7,1,C1,29,5104,0.5044,23,0.78638,0.84284,966,3864,DR_primary
7,1,C2,29,5124,0.5064,23,0.7864,0.84296,966,3864,DR_primary
7,1,C3,29,5124,0.5064,23,0.7864,0.84296,966,3864,DR_primary
7,1,C0,30,4532,0.4479,23,0.78681,0.84335,966,3864,DR_primary
7,1,C1,30,4998,0.4939,23,0.78685,0.84335,966,3864,DR_primary
7,1,C2,30,5009,0.495,23,0.78688,0.84347,966,3864,DR_primary
7,1,C3,30,5009,0.495,23,0.78688,0.84347,966,3864,DR_primary
7,2,C0,1,4605,0.4551,23,0.78728,0.84348,966,3864,DR_primary
7,2,C1,1,5040,0.4981,23,0.78723,0.84327,966,3864,DR_primary
7,2,C2,1,5066,0.5006,23,0.78726,0.8434,966,3864,DR_primary
7,2,C3,1,5066,0.5006,23,0.78726,0.8434,966,3864,DR_primary
7,2,C0,2,4597,0.4543,23,0.78674,0.84284,966,3864,DR_primary
7,2,C1,2,5095,0.5035,23,0.78668,0.84299,966,3864,DR_primary
7,2,C2,2,5067,0.5007,23,0.78696,0.84324,966,3864,DR_primary
7,2,C3,2,5067,0.5007,23,0.78696,0.84324,966,3864,DR_primary
7,2,C0,3,4615,0.4561,23,0.78672,0.84306,966,3864,DR_primary
7,2,C1,3,5082,0.5022,23,0.78654,0.84284,966,3864,DR_primary
7,2,C2,3,5057,0.4998,23,0.78672,0.84308,966,3864,DR_primary
7,2,C3,3,5057,0.4998,23,0.78672,0.84308,966,3864,DR_primary
7,2,C0,4,4605,0.4551,23,0.78608,0.84272,966,3864,DR_primary
7,2,C1,4,5056,0.4997,23,0.78614,0.84266,966,3864,DR_primary
7,2,C2,4,5073,0.5013,23,0.78605,0.84275,966,3864,DR_primary
7,2,C3,4,5073,0.5013,23,0.78605,0.84275,966,3864,DR_primary
7,2,C0,5,4543,0.449,23,0.78634,0.84279,966,3864,DR_primary
7,2,C1,5,5017,0.4958,23,0.78701,0.84341,966,3864,DR_primary
7,2,C2,5,5021,0.4962,23,0.78675,0.84326,966,3864,DR_primary
7,2,C3,5,5021,0.4962,23,0.78675,0.84326,966,3864,DR_primary
7,2,C0,6,4586,0.4532,23,0.78692,0.84324,966,3864,DR_primary
7,2,C1,6,5047,0.4988,23,0.78706,0.8434,966,3864,DR_primary
7,2,C2,6,5029,0.497,23,0.78693,0.8434,966,3864,DR_primary
7,2,C3,6,5029,0.497,23,0.78693,0.8434,966,3864,DR_primary
7,2,C0,7,4490,0.4437,23,0.78745,0.84293,966,3864,DR_primary
7,2,C1,7,4973,0.4915,23,0.78745,0.84304,966,3864,DR_primary
7,2,C2,7,4959,0.4901,23,0.78713,0.84284,966,3864,DR_primary
7,2,C3,7,4959,0.4901,23,0.78713,0.84284,966,3864,DR_primary
7,2,C0,8,4625,0.4571,23,0.78719,0.84303,966,3864,DR_primary
7,2,C1,8,5063,0.5003,23,0.78707,0.8429,966,3864,DR_primary
7,2,C2,8,5049,0.499,23,0.78717,0.843,966,3864,DR_primary
7,2,C3,8,5049,0.499,23,0.78717,0.843,966,3864,DR_primary
7,2,C0,9,4544,0.4491,23,0.78668,0.84318,966,3864,DR_primary
7,2,C1,9,5040,0.4981,23,0.78636,0.84299,966,3864,DR_primary
7,2,C2,9,5026,0.4967,23,0.78645,0.84304,966,3864,DR_primary
7,2,C3,9,5026,0.4967,23,0.78645,0.84304,966,3864,DR_primary
7,2,C0,10,4625,0.4571,23,0.78731,0.84344,966,3864,DR_primary
7,2,C1,10,5095,0.5035,23,0.78727,0.84346,966,3864,DR_primary
7,2,C2,10,5069,0.5009,23,0.78708,0.84336,966,3864,DR_primary
7,2,C3,10,5069,0.5009,23,0.78708,0.84336,966,3864,DR_primary
7,2,C0,11,4616,0.4562,23,0.7864,0.84258,966,3864,DR_primary
7,2,C1,11,5078,0.5018,23,0.78622,0.84268,966,3864,DR_primary
7,2,C2,11,5056,0.4997,23,0.7865,0.84295,966,3864,DR_primary
7,2,C3,11,5056,0.4997,23,0.7865,0.84295,966,3864,DR_primary
7,2,C0,12,4599,0.4545,23,0.78677,0.84282,966,3864,DR_primary
7,2,C1,12,5060,0.5,23,0.78652,0.84271,966,3864,DR_primary
7,2,C2,12,5054,0.4995,23,0.78655,0.84287,966,3864,DR_primary
7,2,C3,12,5054,0.4995,23,0.78655,0.84287,966,3864,DR_primary
7,2,C0,13,4563,0.4509,23,0.78641,0.84266,966,3864,DR_primary
7,2,C1,13,5031,0.4972,23,0.78623,0.84252,966,3864,DR_primary
7,2,C2,13,5014,0.4955,23,0.78592,0.84255,966,3864,DR_primary
7,2,C3,13,5014,0.4955,23,0.78592,0.84255,966,3864,DR_primary
7,2,C0,14,4609,0.4555,23,0.78695,0.84332,966,3864,DR_primary
7,2,C1,14,5037,0.4978,23,0.78683,0.84334,966,3864,DR_primary
7,2,C2,14,5054,0.4995,23,0.78687,0.84338,966,3864,DR_primary
7,2,C3,14,5054,0.4995,23,0.78687,0.84338,966,3864,DR_primary
7,2,C0,15,4581,0.4527,23,0.7877,0.84346,966,3864,DR_primary
7,2,C1,15,5039,0.498,23,0.78731,0.84326,966,3864,DR_primary
7,2,C2,15,5032,0.4973,23,0.7874,0.84351,966,3864,DR_primary
7,2,C3,15,5032,0.4973,23,0.7874,0.84351,966,3864,DR_primary
7,2,C0,16,4585,0.4531,23,0.78731,0.8434,966,3864,DR_primary
7,2,C1,16,5036,0.4977,23,0.78717,0.84323,966,3864,DR_primary
7,2,C2,16,5024,0.4965,23,0.78716,0.84326,966,3864,DR_primary
7,2,C3,16,5024,0.4965,23,0.78716,0.84326,966,3864,DR_primary
7,2,C0,17,4549,0.4496,23,0.7868,0.84306,966,3864,DR_primary
7,2,C1,17,5024,0.4965,23,0.78693,0.84323,966,3864,DR_primary
7,2,C2,17,5034,0.4975,23,0.78682,0.84333,966,3864,DR_primary
7,2,C3,17,5034,0.4975,23,0.78682,0.84333,966,3864,DR_primary
7,2,C0,18,4598,0.4544,23,0.78803,0.84362,966,3864,DR_primary
7,2,C1,18,5053,0.4994,23,0.7879,0.84336,966,3864,DR_primary
7,2,C2,18,5057,0.4998,23,0.7877,0.84328,966,3864,DR_primary
7,2,C3,18,5057,0.4998,23,0.7877,0.84328,966,3864,DR_primary
7,2,C0,19,4711,0.4656,23,0.78685,0.84347,966,3864,DR_primary
7,2,C1,19,5133,0.5073,23,0.7867,0.84323,966,3864,DR_primary
7,2,C2,19,5132,0.5072,23,0.78667,0.84326,966,3864,DR_primary
7,2,C3,19,5132,0.5072,23,0.78667,0.84326,966,3864,DR_primary
7,2,C0,20,4602,0.4548,23,0.78693,0.84297,966,3864,DR_primary
7,2,C1,20,5073,0.5013,23,0.78683,0.843,966,3864,DR_primary
7,2,C2,20,5075,0.5015,23,0.78667,0.84279,966,3864,DR_primary
7,2,C3,20,5075,0.5015,23,0.78667,0.84279,966,3864,DR_primary
7,2,C0,21,4594,0.454,23,0.78706,0.84322,966,3864,DR_primary
7,2,C1,21,5050,0.4991,23,0.78686,0.84294,966,3864,DR_primary
7,2,C2,21,5051,0.4992,23,0.78682,0.84298,966,3864,DR_primary
7,2,C3,21,5051,0.4992,23,0.78682,0.84298,966,3864,DR_primary
7,2,C0,22,4588,0.4534,23,0.78776,0.84332,966,3864,DR_primary
7,2,C1,22,5056,0.4997,23,0.78773,0.84342,966,3864,DR_primary
7,2,C2,22,5025,0.4966,23,0.78749,0.84331,966,3864,DR_primary
7,2,C3,22,5025,0.4966,23,0.78749,0.84331,966,3864,DR_primary
7,2,C0,23,4571,0.4517,23,0.78668,0.84338,966,3864,DR_primary
7,2,C1,23,5037,0.4978,23,0.78683,0.84352,966,3864,DR_primary
7,2,C2,23,5071,0.5011,23,0.78663,0.84332,966,3864,DR_primary
7,2,C3,23,5071,0.5011,23,0.78663,0.84332,966,3864,DR_primary
7,2,C0,24,4647,0.4592,23,0.78741,0.84361,966,3864,DR_primary
7,2,C1,24,5052,0.4993,23,0.78761,0.84371,966,3864,DR_primary
7,2,C2,24,5055,0.4996,23,0.78744,0.84367,966,3864,DR_primary
7,2,C3,24,5055,0.4996,23,0.78744,0.84367,966,3864,DR_primary
7,2,C0,25,4526,0.4473,23,0.78673,0.84356,966,3864,DR_primary
7,2,C1,25,5029,0.497,23,0.78716,0.84369,966,3864,DR_primary
7,2,C2,25,5005,0.4946,23,0.78685,0.84355,966,3864,DR_primary
7,2,C3,25,5005,0.4946,23,0.78685,0.84355,966,3864,DR_primary
7,2,C0,26,4587,0.4533,23,0.78742,0.84331,966,3864,DR_primary
7,2,C1,26,5042,0.4983,23,0.78709,0.84319,966,3864,DR_primary
7,2,C2,26,5028,0.4969,23,0.78689,0.84303,966,3864,DR_primary
7,2,C3,26,5028,0.4969,23,0.78689,0.84303,966,3864,DR_primary
7,2,C0,27,4603,0.4549,23,0.78698,0.84306,966,3864,DR_primary
7,2,C1,27,5083,0.5023,23,0.78698,0.84307,966,3864,DR_primary
7,2,C2,27,5074,0.5014,23,0.78682,0.843,966,3864,DR_primary
7,2,C3,27,5074,0.5014,23,0.78682,0.843,966,3864,DR_primary
7,2,C0,28,4595,0.4541,23,0.78658,0.84288,966,3864,DR_primary
7,2,C1,28,5007,0.4948,23,0.78647,0.8429,966,3864,DR_primary
7,2,C2,28,5021,0.4962,23,0.78639,0.84285,966,3864,DR_primary
7,2,C3,28,5021,0.4962,23,0.78639,0.84285,966,3864,DR_primary
7,2,C0,29,4436,0.4384,23,0.7863,0.84283,966,3864,DR_primary
7,2,C1,29,4921,0.4863,23,0.78668,0.84295,966,3864,DR_primary
7,2,C2,29,4932,0.4874,23,0.78653,0.84301,966,3864,DR_primary
7,2,C3,29,4932,0.4874,23,0.78653,0.84301,966,3864,DR_primary
7,2,C0,30,4632,0.4578,23,0.78668,0.84296,966,3864,DR_primary
7,2,C1,30,5079,0.5019,23,0.78654,0.84273,966,3864,DR_primary
7,2,C2,30,5094,0.5034,23,0.78678,0.843,966,3864,DR_primary
7,2,C3,30,5094,0.5034,23,0.78678,0.843,966,3864,DR_primary
7,3,C0,1,4630,0.4576,23,0.78749,0.84363,966,3864,DR_primary
7,3,C1,1,5096,0.5036,23,0.78759,0.84375,966,3864,DR_primary
7,3,C2,1,5073,0.5013,23,0.78787,0.84382,966,3864,DR_primary
7,3,C3,1,5073,0.5013,23,0.78787,0.84382,966,3864,DR_primary
7,3,C0,2,4597,0.4543,23,0.78685,0.84313,966,3864,DR_primary
7,3,C1,2,5030,0.4971,23,0.78688,0.84321,966,3864,DR_primary
7,3,C2,2,5057,0.4998,23,0.78667,0.84312,966,3864,DR_primary
7,3,C3,2,5057,0.4998,23,0.78667,0.84312,966,3864,DR_primary
7,3,C0,3,4605,0.4551,23,0.78758,0.84332,966,3864,DR_primary
7,3,C1,3,5036,0.4977,23,0.78716,0.84306,966,3864,DR_primary
7,3,C2,3,5053,0.4994,23,0.78715,0.84315,966,3864,DR_primary
7,3,C3,3,5053,0.4994,23,0.78715,0.84315,966,3864,DR_primary
7,3,C0,4,4683,0.4628,23,0.78672,0.84324,966,3864,DR_primary
7,3,C1,4,5100,0.504,23,0.7871,0.84326,966,3864,DR_primary
7,3,C2,4,5110,0.505,23,0.78675,0.84319,966,3864,DR_primary
7,3,C3,4,5110,0.505,23,0.78675,0.84319,966,3864,DR_primary
7,3,C0,5,4648,0.4593,23,0.78704,0.84316,966,3864,DR_primary
7,3,C1,5,5117,0.5057,23,0.78666,0.84281,966,3864,DR_primary
7,3,C2,5,5096,0.5036,23,0.78667,0.8429,966,3864,DR_primary
7,3,C3,5,5096,0.5036,23,0.78667,0.8429,966,3864,DR_primary
7,3,C0,6,4541,0.4488,23,0.7868,0.84296,966,3864,DR_primary
7,3,C1,6,5015,0.4956,23,0.78702,0.84311,966,3864,DR_primary
7,3,C2,6,4999,0.494,23,0.78708,0.84333,966,3864,DR_primary
7,3,C3,6,4999,0.494,23,0.78708,0.84333,966,3864,DR_primary
7,3,C0,7,4573,0.4519,23,0.78711,0.84367,966,3864,DR_primary
7,3,C1,7,5039,0.498,23,0.78724,0.84368,966,3864,DR_primary
7,3,C2,7,5031,0.4972,23,0.78689,0.84352,966,3864,DR_primary
7,3,C3,7,5031,0.4972,23,0.78689,0.84352,966,3864,DR_primary
7,3,C0,8,4604,0.455,23,0.78703,0.84339,966,3864,DR_primary
7,3,C1,8,5108,0.5048,23,0.78705,0.84339,966,3864,DR_primary
7,3,C2,8,5089,0.5029,23,0.78723,0.84364,966,3864,DR_primary
7,3,C3,8,5089,0.5029,23,0.78723,0.84364,966,3864,DR_primary
7,3,C0,9,4596,0.4542,23,0.78746,0.8433,966,3864,DR_primary
7,3,C1,9,5045,0.4986,23,0.78722,0.84323,966,3864,DR_primary
7,3,C2,9,5050,0.4991,23,0.78725,0.84326,966,3864,DR_primary
7,3,C3,9,5050,0.4991,23,0.78725,0.84326,966,3864,DR_primary
7,3,C0,10,4527,0.4474,23,0.78606,0.84237,966,3864,DR_primary
7,3,C1,10,4984,0.4925,23,0.78625,0.84246,966,3864,DR_primary
7,3,C2,10,4994,0.4935,23,0.78635,0.84265,966,3864,DR_primary
7,3,C3,10,4994,0.4935,23,0.78635,0.84265,966,3864,DR_primary
7,3,C0,11,4635,0.458,23,0.78752,0.84393,966,3864,DR_primary
7,3,C1,11,5115,0.5055,23,0.78744,0.84362,966,3864,DR_primary
7,3,C2,11,5106,0.5046,23,0.78717,0.84352,966,3864,DR_primary
7,3,C3,11,5106,0.5046,23,0.78717,0.84352,966,3864,DR_primary
7,3,C0,12,4612,0.4558,23,0.78747,0.84289,966,3864,DR_primary
7,3,C1,12,5073,0.5013,23,0.78727,0.84302,966,3864,DR_primary
7,3,C2,12,5075,0.5015,23,0.78741,0.84316,966,3864,DR_primary
7,3,C3,12,5075,0.5015,23,0.78741,0.84316,966,3864,DR_primary
7,3,C0,13,4622,0.4568,23,0.78658,0.84272,966,3864,DR_primary
7,3,C1,13,5086,0.5026,23,0.78649,0.84268,966,3864,DR_primary
7,3,C2,13,5076,0.5016,23,0.78653,0.84275,966,3864,DR_primary
7,3,C3,13,5076,0.5016,23,0.78653,0.84275,966,3864,DR_primary
7,3,C0,14,4616,0.4562,23,0.78731,0.84337,966,3864,DR_primary
7,3,C1,14,5110,0.505,23,0.78705,0.843,966,3864,DR_primary
7,3,C2,14,5059,0.5,23,0.78708,0.84315,966,3864,DR_primary
7,3,C3,14,5059,0.5,23,0.78708,0.84315,966,3864,DR_primary
7,3,C0,15,4598,0.4544,23,0.78741,0.8437,966,3864,DR_primary
7,3,C1,15,5086,0.5026,23,0.78744,0.84361,966,3864,DR_primary
7,3,C2,15,5067,0.5007,23,0.78724,0.84357,966,3864,DR_primary
7,3,C3,15,5067,0.5007,23,0.78724,0.84357,966,3864,DR_primary
7,3,C0,16,4568,0.4514,23,0.78644,0.84312,966,3864,DR_primary
7,3,C1,16,5032,0.4973,23,0.78668,0.84304,966,3864,DR_primary
7,3,C2,16,5026,0.4967,23,0.78635,0.84295,966,3864,DR_primary
7,3,C3,16,5026,0.4967,23,0.78635,0.84295,966,3864,DR_primary
7,3,C0,17,4600,0.4546,23,0.78655,0.8427,966,3864,DR_primary
7,3,C1,17,5099,0.5039,23,0.78689,0.84318,966,3864,DR_primary
7,3,C2,17,5091,0.5031,23,0.78676,0.84312,966,3864,DR_primary
7,3,C3,17,5091,0.5031,23,0.78676,0.84312,966,3864,DR_primary
7,3,C0,18,4485,0.4432,23,0.7869,0.84305,966,3864,DR_primary
7,3,C1,18,4937,0.4879,23,0.78682,0.84299,966,3864,DR_primary
7,3,C2,18,4973,0.4915,23,0.78679,0.84299,966,3864,DR_primary
7,3,C3,18,4973,0.4915,23,0.78679,0.84299,966,3864,DR_primary
7,3,C0,19,4627,0.4573,23,0.78719,0.84295,966,3864,DR_primary
7,3,C1,19,5076,0.5016,23,0.7872,0.84304,966,3864,DR_primary
7,3,C2,19,5072,0.5012,23,0.7874,0.84326,966,3864,DR_primary
7,3,C3,19,5072,0.5012,23,0.7874,0.84326,966,3864,DR_primary
7,3,C0,20,4625,0.4571,23,0.78673,0.8438,966,3864,DR_primary
7,3,C1,20,5026,0.4967,23,0.78669,0.84356,966,3864,DR_primary
7,3,C2,20,5034,0.4975,23,0.78692,0.84386,966,3864,DR_primary
7,3,C3,20,5034,0.4975,23,0.78692,0.84386,966,3864,DR_primary
7,3,C0,21,4621,0.4567,23,0.7861,0.84272,966,3864,DR_primary
7,3,C1,21,5050,0.4991,23,0.78631,0.8428,966,3864,DR_primary
7,3,C2,21,5050,0.4991,23,0.78596,0.84263,966,3864,DR_primary
7,3,C3,21,5050,0.4991,23,0.78596,0.84263,966,3864,DR_primary
7,3,C0,22,4572,0.4518,23,0.78629,0.84268,966,3864,DR_primary
7,3,C1,22,5018,0.4959,23,0.78645,0.8429,966,3864,DR_primary
7,3,C2,22,5022,0.4963,23,0.78634,0.84282,966,3864,DR_primary
7,3,C3,22,5022,0.4963,23,0.78634,0.84282,966,3864,DR_primary
7,3,C0,23,4574,0.452,23,0.78792,0.84373,966,3864,DR_primary
7,3,C1,23,5026,0.4967,23,0.78788,0.84356,966,3864,DR_primary
7,3,C2,23,5038,0.4979,23,0.78779,0.84357,966,3864,DR_primary
7,3,C3,23,5038,0.4979,23,0.78779,0.84357,966,3864,DR_primary
7,3,C0,24,4618,0.4564,23,0.78773,0.84332,966,3864,DR_primary
7,3,C1,24,5089,0.5029,23,0.7878,0.84331,966,3864,DR_primary
7,3,C2,24,5060,0.5,23,0.7877,0.84334,966,3864,DR_primary
7,3,C3,24,5060,0.5,23,0.7877,0.84334,966,3864,DR_primary
7,3,C0,25,4629,0.4575,23,0.78688,0.84313,966,3864,DR_primary
7,3,C1,25,5079,0.5019,23,0.78694,0.84331,966,3864,DR_primary
7,3,C2,25,5088,0.5028,23,0.78673,0.84313,966,3864,DR_primary
7,3,C3,25,5088,0.5028,23,0.78673,0.84313,966,3864,DR_primary
7,3,C0,26,4602,0.4548,23,0.78658,0.84282,966,3864,DR_primary
7,3,C1,26,5109,0.5049,23,0.78663,0.84287,966,3864,DR_primary
7,3,C2,26,5107,0.5047,23,0.78674,0.84312,966,3864,DR_primary
7,3,C3,26,5107,0.5047,23,0.78674,0.84312,966,3864,DR_primary
7,3,C0,27,4631,0.4577,23,0.78693,0.84287,966,3864,DR_primary
7,3,C1,27,5084,0.5024,23,0.78725,0.84303,966,3864,DR_primary
7,3,C2,27,5100,0.504,23,0.78718,0.84323,966,3864,DR_primary
7,3,C3,27,5100,0.504,23,0.78718,0.84323,966,3864,DR_primary
7,3,C0,28,4654,0.4599,23,0.78705,0.84352,966,3864,DR_primary
7,3,C1,28,5113,0.5053,23,0.78706,0.84348,966,3864,DR_primary
7,3,C2,28,5132,0.5072,23,0.78688,0.84336,966,3864,DR_primary
7,3,C3,28,5132,0.5072,23,0.78688,0.84336,966,3864,DR_primary
7,3,C0,29,4552,0.4498,23,0.78712,0.84373,966,3864,DR_primary
7,3,C1,29,5034,0.4975,23,0.7868,0.84348,966,3864,DR_primary
7,3,C2,29,5019,0.496,23,0.78653,0.84335,966,3864,DR_primary
7,3,C3,29,5019,0.496,23,0.78653,0.84335,966,3864,DR_primary
7,3,C0,30,4565,0.4511,23,0.78687,0.84316,966,3864,DR_primary
7,3,C1,30,5015,0.4956,23,0.78678,0.84311,966,3864,DR_primary
7,3,C2,30,5015,0.4956,23,0.78675,0.84321,966,3864,DR_primary
7,3,C3,30,5015,0.4956,23,0.78675,0.84321,966,3864,DR_primary
7,4,C0,1,4597,0.4543,23,0.78653,0.84293,966,3864,DR_primary
7,4,C1,1,5091,0.5031,23,0.78664,0.84297,966,3864,DR_primary
7,4,C2,1,5084,0.5024,23,0.78693,0.84326,966,3864,DR_primary
7,4,C3,1,5084,0.5024,23,0.78693,0.84326,966,3864,DR_primary
7,4,C0,2,4552,0.4498,23,0.78652,0.8431,966,3864,DR_primary
7,4,C1,2,5039,0.498,23,0.78666,0.84318,966,3864,DR_primary
7,4,C2,2,5012,0.4953,23,0.78662,0.8432,966,3864,DR_primary
7,4,C3,2,5012,0.4953,23,0.78662,0.8432,966,3864,DR_primary
7,4,C0,3,4596,0.4542,23,0.78658,0.84339,966,3864,DR_primary
7,4,C1,3,5036,0.4977,23,0.78672,0.84316,966,3864,DR_primary
7,4,C2,3,5031,0.4972,23,0.78649,0.84298,966,3864,DR_primary
7,4,C3,3,5031,0.4972,23,0.78649,0.84298,966,3864,DR_primary
7,4,C0,4,4568,0.4514,23,0.78759,0.84335,966,3864,DR_primary
7,4,C1,4,4989,0.493,23,0.78754,0.84339,966,3864,DR_primary
7,4,C2,4,5001,0.4942,23,0.78748,0.84337,966,3864,DR_primary
7,4,C3,4,5001,0.4942,23,0.78748,0.84337,966,3864,DR_primary
7,4,C0,5,4602,0.4548,23,0.78622,0.84264,966,3864,DR_primary
7,4,C1,5,5062,0.5002,23,0.78675,0.84299,966,3864,DR_primary
7,4,C2,5,5055,0.4996,23,0.78652,0.84297,966,3864,DR_primary
7,4,C3,5,5055,0.4996,23,0.78652,0.84297,966,3864,DR_primary
7,4,C0,6,4591,0.4537,23,0.78672,0.84298,966,3864,DR_primary
7,4,C1,6,5051,0.4992,23,0.78653,0.84283,966,3864,DR_primary
7,4,C2,6,5076,0.5016,23,0.78655,0.84291,966,3864,DR_primary
7,4,C3,6,5076,0.5016,23,0.78655,0.84291,966,3864,DR_primary
7,4,C0,7,4569,0.4515,23,0.7877,0.84362,966,3864,DR_primary
7,4,C1,7,5021,0.4962,23,0.78775,0.84359,966,3864,DR_primary
7,4,C2,7,5025,0.4966,23,0.78766,0.84377,966,3864,DR_primary
7,4,C3,7,5025,0.4966,23,0.78766,0.84377,966,3864,DR_primary
7,4,C0,8,4529,0.4476,23,0.78678,0.84271,966,3864,DR_primary
7,4,C1,8,5008,0.4949,23,0.78679,0.84284,966,3864,DR_primary
7,4,C2,8,5013,0.4954,23,0.78654,0.84284,966,3864,DR_primary
7,4,C3,8,5013,0.4954,23,0.78654,0.84284,966,3864,DR_primary
7,4,C0,9,4516,0.4463,23,0.78696,0.84351,966,3864,DR_primary
7,4,C1,9,4991,0.4932,23,0.78718,0.84388,966,3864,DR_primary
7,4,C2,9,4992,0.4933,23,0.78703,0.84377,966,3864,DR_primary
7,4,C3,9,4992,0.4933,23,0.78703,0.84377,966,3864,DR_primary
7,4,C0,10,4664,0.4609,23,0.78824,0.84389,966,3864,DR_primary
7,4,C1,10,5086,0.5026,23,0.78804,0.84396,966,3864,DR_primary
7,4,C2,10,5103,0.5043,23,0.78796,0.84401,966,3864,DR_primary
7,4,C3,10,5103,0.5043,23,0.78796,0.84401,966,3864,DR_primary
7,4,C0,11,4582,0.4528,23,0.78693,0.84321,966,3864,DR_primary
7,4,C1,11,5073,0.5013,23,0.78667,0.84303,966,3864,DR_primary
7,4,C2,11,5063,0.5003,23,0.78654,0.84319,966,3864,DR_primary
7,4,C3,11,5063,0.5003,23,0.78654,0.84319,966,3864,DR_primary
7,4,C0,12,4642,0.4587,23,0.7872,0.84335,966,3864,DR_primary
7,4,C1,12,5073,0.5013,23,0.7872,0.84343,966,3864,DR_primary
7,4,C2,12,5079,0.5019,23,0.78708,0.8435,966,3864,DR_primary
7,4,C3,12,5079,0.5019,23,0.78708,0.8435,966,3864,DR_primary
7,4,C0,13,4680,0.4625,23,0.78689,0.84283,966,3864,DR_primary
7,4,C1,13,5133,0.5073,23,0.78696,0.8429,966,3864,DR_primary
7,4,C2,13,5122,0.5062,23,0.78693,0.84303,966,3864,DR_primary
7,4,C3,13,5122,0.5062,23,0.78693,0.84303,966,3864,DR_primary
7,4,C0,14,4575,0.4521,23,0.787,0.84314,966,3864,DR_primary
7,4,C1,14,5006,0.4947,23,0.78723,0.84332,966,3864,DR_primary
7,4,C2,14,5018,0.4959,23,0.78692,0.84325,966,3864,DR_primary
7,4,C3,14,5018,0.4959,23,0.78692,0.84325,966,3864,DR_primary
7,4,C0,15,4591,0.4537,23,0.78702,0.84356,966,3864,DR_primary
7,4,C1,15,5032,0.4973,23,0.78686,0.84335,966,3864,DR_primary
7,4,C2,15,5051,0.4992,23,0.78689,0.8435,966,3864,DR_primary
7,4,C3,15,5051,0.4992,23,0.78689,0.8435,966,3864,DR_primary
7,4,C0,16,4586,0.4532,23,0.7877,0.84416,966,3864,DR_primary
7,4,C1,16,5033,0.4974,23,0.78751,0.844,966,3864,DR_primary
7,4,C2,16,5049,0.499,23,0.78747,0.84403,966,3864,DR_primary
7,4,C3,16,5049,0.499,23,0.78747,0.84403,966,3864,DR_primary
7,4,C0,17,4589,0.4535,23,0.78699,0.84297,966,3864,DR_primary
7,4,C1,17,5070,0.501,23,0.78726,0.84328,966,3864,DR_primary
7,4,C2,17,5037,0.4978,23,0.78748,0.84352,966,3864,DR_primary
7,4,C3,17,5037,0.4978,23,0.78748,0.84352,966,3864,DR_primary
7,4,C0,18,4657,0.4602,23,0.7875,0.84324,966,3864,DR_primary
7,4,C1,18,5112,0.5052,23,0.78758,0.84323,966,3864,DR_primary
7,4,C2,18,5089,0.5029,23,0.78739,0.84314,966,3864,DR_primary
7,4,C3,18,5089,0.5029,23,0.78739,0.84314,966,3864,DR_primary
7,4,C0,19,4669,0.4614,23,0.78753,0.84331,966,3864,DR_primary
7,4,C1,19,5137,0.5077,23,0.78744,0.84329,966,3864,DR_primary
7,4,C2,19,5136,0.5076,23,0.78736,0.84325,966,3864,DR_primary
7,4,C3,19,5136,0.5076,23,0.78736,0.84325,966,3864,DR_primary
7,4,C0,20,4616,0.4562,23,0.78705,0.8431,966,3864,DR_primary
7,4,C1,20,5072,0.5012,23,0.78695,0.84311,966,3864,DR_primary
7,4,C2,20,5056,0.4997,23,0.78679,0.84296,966,3864,DR_primary
7,4,C3,20,5056,0.4997,23,0.78679,0.84296,966,3864,DR_primary
7,4,C0,21,4589,0.4535,23,0.78729,0.84368,966,3864,DR_primary
7,4,C1,21,5057,0.4998,23,0.78722,0.84362,966,3864,DR_primary
7,4,C2,21,5072,0.5012,23,0.78706,0.84352,966,3864,DR_primary
7,4,C3,21,5072,0.5012,23,0.78706,0.84352,966,3864,DR_primary
7,4,C0,22,4577,0.4523,23,0.78692,0.84294,966,3864,DR_primary
7,4,C1,22,5015,0.4956,23,0.78679,0.84286,966,3864,DR_primary
7,4,C2,22,5046,0.4987,23,0.78653,0.84273,966,3864,DR_primary
7,4,C3,22,5046,0.4987,23,0.78653,0.84273,966,3864,DR_primary
7,4,C0,23,4531,0.4478,23,0.78658,0.8432,966,3864,DR_primary
7,4,C1,23,4994,0.4935,23,0.78674,0.84349,966,3864,DR_primary
7,4,C2,23,4985,0.4926,23,0.78664,0.84344,966,3864,DR_primary
7,4,C3,23,4985,0.4926,23,0.78664,0.84344,966,3864,DR_primary
7,4,C0,24,4518,0.4465,23,0.78762,0.84382,966,3864,DR_primary
7,4,C1,24,4970,0.4912,23,0.78747,0.84359,966,3864,DR_primary
7,4,C2,24,4960,0.4902,23,0.78716,0.84345,966,3864,DR_primary
7,4,C3,24,4960,0.4902,23,0.78716,0.84345,966,3864,DR_primary
7,4,C0,25,4591,0.4537,23,0.78619,0.84341,966,3864,DR_primary
7,4,C1,25,5048,0.4989,23,0.78628,0.84329,966,3864,DR_primary
7,4,C2,25,5030,0.4971,23,0.78615,0.84337,966,3864,DR_primary
7,4,C3,25,5030,0.4971,23,0.78615,0.84337,966,3864,DR_primary
7,4,C0,26,4678,0.4623,23,0.78716,0.8435,966,3864,DR_primary
7,4,C1,26,5137,0.5077,23,0.78697,0.84323,966,3864,DR_primary
7,4,C2,26,5130,0.507,23,0.78685,0.84312,966,3864,DR_primary
7,4,C3,26,5130,0.507,23,0.78685,0.84312,966,3864,DR_primary
7,4,C0,27,4624,0.457,23,0.78701,0.84296,966,3864,DR_primary
7,4,C1,27,5072,0.5012,23,0.78691,0.84287,966,3864,DR_primary
7,4,C2,27,5088,0.5028,23,0.78678,0.84286,966,3864,DR_primary
7,4,C3,27,5088,0.5028,23,0.78678,0.84286,966,3864,DR_primary
7,4,C0,28,4643,0.4588,23,0.7874,0.84351,966,3864,DR_primary
7,4,C1,28,5098,0.5038,23,0.78734,0.84341,966,3864,DR_primary
7,4,C2,28,5076,0.5016,23,0.78728,0.84339,966,3864,DR_primary
7,4,C3,28,5076,0.5016,23,0.78728,0.84339,966,3864,DR_primary
7,4,C0,29,4609,0.4555,23,0.78651,0.84268,966,3864,DR_primary
7,4,C1,29,5048,0.4989,23,0.78629,0.84254,966,3864,DR_primary
7,4,C2,29,5050,0.4991,23,0.78654,0.84276,966,3864,DR_primary
7,4,C3,29,5050,0.4991,23,0.78654,0.84276,966,3864,DR_primary
7,4,C0,30,4673,0.4618,23,0.78705,0.84344,966,3864,DR_primary
7,4,C1,30,5150,0.5089,23,0.78709,0.84329,966,3864,DR_primary
7,4,C2,30,5129,0.5069,23,0.7868,0.84324,966,3864,DR_primary
7,4,C3,30,5129,0.5069,23,0.7868,0.84324,966,3864,DR_primary
7,5,C0,1,4636,0.4581,23,0.78709,0.84354,966,3864,DR_primary
7,5,C1,1,5117,0.5057,23,0.78695,0.8435,966,3864,DR_primary
7,5,C2,1,5100,0.504,23,0.78741,0.84376,966,3864,DR_primary
7,5,C3,1,5100,0.504,23,0.78741,0.84376,966,3864,DR_primary
7,5,C0,2,4578,0.4524,23,0.78698,0.84311,966,3864,DR_primary
7,5,C1,2,5036,0.4977,23,0.78691,0.84317,966,3864,DR_primary
7,5,C2,2,5040,0.4981,23,0.7871,0.84326,966,3864,DR_primary
7,5,C3,2,5040,0.4981,23,0.7871,0.84326,966,3864,DR_primary
7,5,C0,3,4617,0.4563,23,0.78617,0.84239,966,3864,DR_primary
7,5,C1,3,5030,0.4971,23,0.78654,0.84258,966,3864,DR_primary
7,5,C2,3,5045,0.4986,23,0.78648,0.84267,966,3864,DR_primary
7,5,C3,3,5045,0.4986,23,0.78648,0.84267,966,3864,DR_primary
7,5,C0,4,4541,0.4488,23,0.787,0.8431,966,3864,DR_primary
7,5,C1,4,5013,0.4954,23,0.787,0.84327,966,3864,DR_primary
7,5,C2,4,5039,0.498,23,0.78699,0.84324,966,3864,DR_primary
7,5,C3,4,5039,0.498,23,0.78699,0.84324,966,3864,DR_primary
7,5,C0,5,4530,0.4477,23,0.78674,0.84279,966,3864,DR_primary
7,5,C1,5,4974,0.4916,23,0.78674,0.84279,966,3864,DR_primary
7,5,C2,5,4975,0.4916,23,0.78646,0.84272,966,3864,DR_primary
7,5,C3,5,4975,0.4916,23,0.78646,0.84272,966,3864,DR_primary
7,5,C0,6,4636,0.4581,23,0.78745,0.84325,966,3864,DR_primary
7,5,C1,6,5073,0.5013,23,0.78722,0.84307,966,3864,DR_primary
7,5,C2,6,5064,0.5004,23,0.78742,0.84321,966,3864,DR_primary
7,5,C3,6,5064,0.5004,23,0.78742,0.84321,966,3864,DR_primary
7,5,C0,7,4607,0.4553,23,0.78657,0.84291,966,3864,DR_primary
7,5,C1,7,5068,0.5008,23,0.78653,0.84279,966,3864,DR_primary
7,5,C2,7,5055,0.4996,23,0.78652,0.8429,966,3864,DR_primary
7,5,C3,7,5055,0.4996,23,0.78652,0.8429,966,3864,DR_primary
7,5,C0,8,4611,0.4557,23,0.78691,0.84327,966,3864,DR_primary
7,5,C1,8,5059,0.5,23,0.7869,0.84329,966,3864,DR_primary
7,5,C2,8,5088,0.5028,23,0.78689,0.84332,966,3864,DR_primary
7,5,C3,8,5088,0.5028,23,0.78689,0.84332,966,3864,DR_primary
7,5,C0,9,4538,0.4485,23,0.78766,0.84311,966,3864,DR_primary
7,5,C1,9,5034,0.4975,23,0.78761,0.84309,966,3864,DR_primary
7,5,C2,9,5042,0.4983,23,0.78758,0.84322,966,3864,DR_primary
7,5,C3,9,5042,0.4983,23,0.78758,0.84322,966,3864,DR_primary
7,5,C0,10,4571,0.4517,23,0.78689,0.84312,966,3864,DR_primary
7,5,C1,10,5054,0.4995,23,0.78684,0.84312,966,3864,DR_primary
7,5,C2,10,5048,0.4989,23,0.78675,0.84315,966,3864,DR_primary
7,5,C3,10,5048,0.4989,23,0.78675,0.84315,966,3864,DR_primary
7,5,C0,11,4666,0.4611,23,0.78602,0.84191,966,3864,DR_primary
7,5,C1,11,5091,0.5031,23,0.78649,0.8423,966,3864,DR_primary
7,5,C2,11,5105,0.5045,23,0.78635,0.84239,966,3864,DR_primary
7,5,C3,11,5105,0.5045,23,0.78635,0.84239,966,3864,DR_primary
7,5,C0,12,4612,0.4558,23,0.78734,0.84314,966,3864,DR_primary
7,5,C1,12,5080,0.502,23,0.7874,0.84326,966,3864,DR_primary
7,5,C2,12,5080,0.502,23,0.78726,0.84329,966,3864,DR_primary
7,5,C3,12,5080,0.502,23,0.78726,0.84329,966,3864,DR_primary
7,5,C0,13,4521,0.4468,23,0.7868,0.8435,966,3864,DR_primary
7,5,C1,13,5032,0.4973,23,0.78734,0.84375,966,3864,DR_primary
7,5,C2,13,4976,0.4917,23,0.78704,0.84359,966,3864,DR_primary
7,5,C3,13,4976,0.4917,23,0.78704,0.84359,966,3864,DR_primary
7,5,C0,14,4643,0.4588,23,0.78654,0.84295,966,3864,DR_primary
7,5,C1,14,5103,0.5043,23,0.78674,0.84314,966,3864,DR_primary
7,5,C2,14,5090,0.503,23,0.78684,0.84317,966,3864,DR_primary
7,5,C3,14,5090,0.503,23,0.78684,0.84317,966,3864,DR_primary
7,5,C0,15,4561,0.4507,23,0.787,0.84332,966,3864,DR_primary
7,5,C1,15,5042,0.4983,23,0.78728,0.8433,966,3864,DR_primary
7,5,C2,15,5033,0.4974,23,0.78701,0.84326,966,3864,DR_primary
7,5,C3,15,5033,0.4974,23,0.78701,0.84326,966,3864,DR_primary
7,5,C0,16,4566,0.4512,23,0.78717,0.84343,966,3864,DR_primary
7,5,C1,16,5015,0.4956,23,0.78735,0.84359,966,3864,DR_primary
7,5,C2,16,5022,0.4963,23,0.78723,0.84357,966,3864,DR_primary
7,5,C3,16,5022,0.4963,23,0.78723,0.84357,966,3864,DR_primary
7,5,C0,17,4607,0.4553,23,0.78723,0.84397,966,3864,DR_primary
7,5,C1,17,5078,0.5018,23,0.78732,0.84382,966,3864,DR_primary
7,5,C2,17,5074,0.5014,23,0.78704,0.84373,966,3864,DR_primary
7,5,C3,17,5074,0.5014,23,0.78704,0.84373,966,3864,DR_primary
7,5,C0,18,4555,0.4501,23,0.78663,0.84268,966,3864,DR_primary
7,5,C1,18,5019,0.496,23,0.78667,0.84283,966,3864,DR_primary
7,5,C2,18,5012,0.4953,23,0.78667,0.8429,966,3864,DR_primary
7,5,C3,18,5012,0.4953,23,0.78667,0.8429,966,3864,DR_primary
7,5,C0,19,4595,0.4541,23,0.78659,0.84269,966,3864,DR_primary
7,5,C1,19,5058,0.4999,23,0.7866,0.84287,966,3864,DR_primary
7,5,C2,19,5060,0.5,23,0.78665,0.84298,966,3864,DR_primary
7,5,C3,19,5060,0.5,23,0.78665,0.84298,966,3864,DR_primary
7,5,C0,20,4535,0.4482,23,0.7867,0.84265,966,3864,DR_primary
7,5,C1,20,5003,0.4944,23,0.78654,0.84262,966,3864,DR_primary
7,5,C2,20,5001,0.4942,23,0.78655,0.84273,966,3864,DR_primary
7,5,C3,20,5001,0.4942,23,0.78655,0.84273,966,3864,DR_primary
7,5,C0,21,4656,0.4601,23,0.78689,0.84323,966,3864,DR_primary
7,5,C1,21,5141,0.5081,23,0.78706,0.84333,966,3864,DR_primary
7,5,C2,21,5135,0.5075,23,0.78688,0.8433,966,3864,DR_primary
7,5,C3,21,5135,0.5075,23,0.78688,0.8433,966,3864,DR_primary
7,5,C0,22,4606,0.4552,23,0.78767,0.84383,966,3864,DR_primary
7,5,C1,22,5047,0.4988,23,0.78772,0.84386,966,3864,DR_primary
7,5,C2,22,5058,0.4999,23,0.78736,0.84374,966,3864,DR_primary
7,5,C3,22,5058,0.4999,23,0.78736,0.84374,966,3864,DR_primary
7,5,C0,23,4605,0.4551,23,0.78802,0.84405,966,3864,DR_primary
7,5,C1,23,5063,0.5003,23,0.78797,0.84403,966,3864,DR_primary
7,5,C2,23,5073,0.5013,23,0.78796,0.84403,966,3864,DR_primary
7,5,C3,23,5073,0.5013,23,0.78796,0.84403,966,3864,DR_primary
7,5,C0,24,4604,0.455,23,0.7861,0.8424,966,3864,DR_primary
7,5,C1,24,5027,0.4968,23,0.78625,0.84245,966,3864,DR_primary
7,5,C2,24,5029,0.497,23,0.78603,0.84259,966,3864,DR_primary
7,5,C3,24,5029,0.497,23,0.78603,0.84259,966,3864,DR_primary
7,5,C0,25,4657,0.4602,23,0.78786,0.84405,966,3864,DR_primary
7,5,C1,25,5154,0.5093,23,0.78771,0.84384,966,3864,DR_primary
7,5,C2,25,5112,0.5052,23,0.78735,0.84367,966,3864,DR_primary
7,5,C3,25,5112,0.5052,23,0.78735,0.84367,966,3864,DR_primary
7,5,C0,26,4533,0.448,23,0.78705,0.8429,966,3864,DR_primary
7,5,C1,26,4989,0.493,23,0.78674,0.84269,966,3864,DR_primary
7,5,C2,26,4974,0.4916,23,0.78682,0.84273,966,3864,DR_primary
7,5,C3,26,4974,0.4916,23,0.78682,0.84273,966,3864,DR_primary
7,5,C0,27,4597,0.4543,23,0.78696,0.84364,966,3864,DR_primary
7,5,C1,27,5065,0.5005,23,0.78714,0.84384,966,3864,DR_primary
7,5,C2,27,5093,0.5033,23,0.78698,0.84379,966,3864,DR_primary
7,5,C3,27,5093,0.5033,23,0.78698,0.84379,966,3864,DR_primary
7,5,C0,28,4599,0.4545,23,0.78713,0.84308,966,3864,DR_primary
7,5,C1,28,5068,0.5008,23,0.7874,0.84325,966,3864,DR_primary
7,5,C2,28,5068,0.5008,23,0.78746,0.84337,966,3864,DR_primary
7,5,C3,28,5068,0.5008,23,0.78746,0.84337,966,3864,DR_primary
7,5,C0,29,4609,0.4555,23,0.78749,0.84376,966,3864,DR_primary
7,5,C1,29,5067,0.5007,23,0.7875,0.84362,966,3864,DR_primary
7,5,C2,29,5057,0.4998,23,0.7873,0.84366,966,3864,DR_primary
7,5,C3,29,5057,0.4998,23,0.7873,0.84366,966,3864,DR_primary
7,5,C0,30,4607,0.4553,23,0.78678,0.84324,966,3864,DR_primary
7,5,C1,30,5065,0.5005,23,0.7868,0.84323,966,3864,DR_primary
7,5,C2,30,5051,0.4992,23,0.7868,0.84334,966,3864,DR_primary
7,5,C3,30,5051,0.4992,23,0.7868,0.84334,966,3864,DR_primary
7,6,C0,1,4578,0.4524,23,0.78676,0.84279,966,3864,DR_primary
7,6,C1,1,4994,0.4935,23,0.78713,0.84296,966,3864,DR_primary
7,6,C2,1,5013,0.4954,23,0.78745,0.84326,966,3864,DR_primary
7,6,C3,1,5013,0.4954,23,0.78745,0.84326,966,3864,DR_primary
7,6,C0,2,4635,0.458,23,0.78659,0.84307,966,3864,DR_primary
7,6,C1,2,5100,0.504,23,0.78652,0.84299,966,3864,DR_primary
7,6,C2,2,5091,0.5031,23,0.7863,0.84274,966,3864,DR_primary
7,6,C3,2,5091,0.5031,23,0.7863,0.84274,966,3864,DR_primary
7,6,C0,3,4604,0.455,23,0.78707,0.84337,966,3864,DR_primary
7,6,C1,3,5055,0.4996,23,0.78686,0.84325,966,3864,DR_primary
7,6,C2,3,5043,0.4984,23,0.78705,0.8435,966,3864,DR_primary
7,6,C3,3,5043,0.4984,23,0.78705,0.8435,966,3864,DR_primary
7,6,C0,4,4638,0.4583,23,0.78724,0.84317,966,3864,DR_primary
7,6,C1,4,5092,0.5032,23,0.78757,0.8433,966,3864,DR_primary
7,6,C2,4,5091,0.5031,23,0.78704,0.84298,966,3864,DR_primary
7,6,C3,4,5091,0.5031,23,0.78704,0.84298,966,3864,DR_primary
7,6,C0,5,4655,0.46,23,0.78714,0.84316,966,3864,DR_primary
7,6,C1,5,5101,0.5041,23,0.78691,0.84299,966,3864,DR_primary
7,6,C2,5,5093,0.5033,23,0.78708,0.84309,966,3864,DR_primary
7,6,C3,5,5093,0.5033,23,0.78708,0.84309,966,3864,DR_primary
7,6,C0,6,4556,0.4502,23,0.78691,0.84304,966,3864,DR_primary
7,6,C1,6,5032,0.4973,23,0.78667,0.8428,966,3864,DR_primary
7,6,C2,6,5015,0.4956,23,0.78671,0.84297,966,3864,DR_primary
7,6,C3,6,5015,0.4956,23,0.78671,0.84297,966,3864,DR_primary
7,6,C0,7,4558,0.4504,23,0.78784,0.84383,966,3864,DR_primary
7,6,C1,7,5029,0.497,23,0.78788,0.84382,966,3864,DR_primary
7,6,C2,7,5010,0.4951,23,0.78795,0.84401,966,3864,DR_primary
7,6,C3,7,5010,0.4951,23,0.78795,0.84401,966,3864,DR_primary
7,6,C0,8,4550,0.4496,23,0.78731,0.84357,966,3864,DR_primary
7,6,C1,8,5007,0.4948,23,0.78725,0.84352,966,3864,DR_primary
7,6,C2,8,5043,0.4984,23,0.78693,0.84349,966,3864,DR_primary
7,6,C3,8,5043,0.4984,23,0.78693,0.84349,966,3864,DR_primary
7,6,C0,9,4584,0.453,23,0.78686,0.84351,966,3864,DR_primary
7,6,C1,9,5049,0.499,23,0.78664,0.8432,966,3864,DR_primary
7,6,C2,9,5023,0.4964,23,0.78673,0.84332,966,3864,DR_primary
7,6,C3,9,5023,0.4964,23,0.78673,0.84332,966,3864,DR_primary
7,6,C0,10,4558,0.4504,23,0.78663,0.84273,966,3864,DR_primary
7,6,C1,10,5018,0.4959,23,0.78654,0.8427,966,3864,DR_primary
7,6,C2,10,5025,0.4966,23,0.7866,0.84281,966,3864,DR_primary
7,6,C3,10,5025,0.4966,23,0.7866,0.84281,966,3864,DR_primary
7,6,C0,11,4545,0.4492,23,0.78601,0.84239,966,3864,DR_primary
7,6,C1,11,4973,0.4915,23,0.78651,0.84271,966,3864,DR_primary
7,6,C2,11,4971,0.4913,23,0.78616,0.84253,966,3864,DR_primary
7,6,C3,11,4971,0.4913,23,0.78616,0.84253,966,3864,DR_primary
7,6,C0,12,4525,0.4472,23,0.78651,0.84306,966,3864,DR_primary
7,6,C1,12,5027,0.4968,23,0.78671,0.84321,966,3864,DR_primary
7,6,C2,12,4995,0.4936,23,0.78661,0.84328,966,3864,DR_primary
7,6,C3,12,4995,0.4936,23,0.78661,0.84328,966,3864,DR_primary
7,6,C0,13,4552,0.4498,23,0.78747,0.84386,966,3864,DR_primary
7,6,C1,13,5029,0.497,23,0.78746,0.84369,966,3864,DR_primary
7,6,C2,13,5014,0.4955,23,0.78707,0.84351,966,3864,DR_primary
7,6,C3,13,5014,0.4955,23,0.78707,0.84351,966,3864,DR_primary
7,6,C0,14,4649,0.4594,23,0.78606,0.84312,966,3864,DR_primary
7,6,C1,14,5102,0.5042,23,0.78623,0.84317,966,3864,DR_primary
7,6,C2,14,5118,0.5058,23,0.78607,0.84334,966,3864,DR_primary
7,6,C3,14,5118,0.5058,23,0.78607,0.84334,966,3864,DR_primary
7,6,C0,15,4551,0.4497,23,0.78681,0.84308,966,3864,DR_primary
7,6,C1,15,5043,0.4984,23,0.7868,0.84298,966,3864,DR_primary
7,6,C2,15,5019,0.496,23,0.78664,0.84281,966,3864,DR_primary
7,6,C3,15,5019,0.496,23,0.78664,0.84281,966,3864,DR_primary
7,6,C0,16,4522,0.4469,23,0.78707,0.84325,966,3864,DR_primary
7,6,C1,16,4955,0.4897,23,0.78697,0.84334,966,3864,DR_primary
7,6,C2,16,4964,0.4906,23,0.78703,0.84337,966,3864,DR_primary
7,6,C3,16,4964,0.4906,23,0.78703,0.84337,966,3864,DR_primary
7,6,C0,17,4600,0.4546,23,0.78789,0.84393,966,3864,DR_primary
7,6,C1,17,5074,0.5014,23,0.7876,0.84367,966,3864,DR_primary
7,6,C2,17,5075,0.5015,23,0.78746,0.84355,966,3864,DR_primary
7,6,C3,17,5075,0.5015,23,0.78746,0.84355,966,3864,DR_primary
7,6,C0,18,4612,0.4558,23,0.7863,0.84318,966,3864,DR_primary
7,6,C1,18,5074,0.5014,23,0.7862,0.84293,966,3864,DR_primary
7,6,C2,18,5063,0.5003,23,0.78641,0.84311,966,3864,DR_primary
7,6,C3,18,5063,0.5003,23,0.78641,0.84311,966,3864,DR_primary
7,6,C0,19,4642,0.4587,23,0.78764,0.84387,966,3864,DR_primary
7,6,C1,19,5070,0.501,23,0.78746,0.84376,966,3864,DR_primary
7,6,C2,19,5062,0.5002,23,0.78744,0.84394,966,3864,DR_primary
7,6,C3,19,5062,0.5002,23,0.78744,0.84394,966,3864,DR_primary
7,6,C0,20,4569,0.4515,23,0.78658,0.84268,966,3864,DR_primary
7,6,C1,20,5030,0.4971,23,0.7865,0.84253,966,3864,DR_primary
7,6,C2,20,5055,0.4996,23,0.78643,0.84245,966,3864,DR_primary
7,6,C3,20,5055,0.4996,23,0.78643,0.84245,966,3864,DR_primary
7,6,C0,21,4520,0.4467,23,0.78681,0.84322,966,3864,DR_primary
7,6,C1,21,4975,0.4916,23,0.78679,0.84324,966,3864,DR_primary
7,6,C2,21,4973,0.4915,23,0.78694,0.84337,966,3864,DR_primary
7,6,C3,21,4973,0.4915,23,0.78694,0.84337,966,3864,DR_primary
7,6,C0,22,4548,0.4495,23,0.78755,0.84352,966,3864,DR_primary
7,6,C1,22,4994,0.4935,23,0.7876,0.84359,966,3864,DR_primary
7,6,C2,22,4998,0.4939,23,0.78752,0.84366,966,3864,DR_primary
7,6,C3,22,4998,0.4939,23,0.78752,0.84366,966,3864,DR_primary
7,6,C0,23,4477,0.4424,23,0.78706,0.84355,966,3864,DR_primary
7,6,C1,23,4942,0.4884,23,0.78691,0.84358,966,3864,DR_primary
7,6,C2,23,4969,0.4911,23,0.78676,0.84343,966,3864,DR_primary
7,6,C3,23,4969,0.4911,23,0.78676,0.84343,966,3864,DR_primary
7,6,C0,24,4609,0.4555,23,0.78781,0.84409,966,3864,DR_primary
7,6,C1,24,5042,0.4983,23,0.78779,0.84391,966,3864,DR_primary
7,6,C2,24,5066,0.5006,23,0.78771,0.84389,966,3864,DR_primary
7,6,C3,24,5066,0.5006,23,0.78771,0.84389,966,3864,DR_primary
7,6,C0,25,4622,0.4568,23,0.7873,0.84345,966,3864,DR_primary
7,6,C1,25,5082,0.5022,23,0.78725,0.84338,966,3864,DR_primary
7,6,C2,25,5095,0.5035,23,0.78713,0.84333,966,3864,DR_primary
7,6,C3,25,5095,0.5035,23,0.78713,0.84333,966,3864,DR_primary
7,6,C0,26,4553,0.4499,23,0.78649,0.84262,966,3864,DR_primary
7,6,C1,26,5031,0.4972,23,0.78636,0.84272,966,3864,DR_primary
7,6,C2,26,5013,0.4954,23,0.78632,0.84269,966,3864,DR_primary
7,6,C3,26,5013,0.4954,23,0.78632,0.84269,966,3864,DR_primary
7,6,C0,27,4523,0.447,23,0.78692,0.84333,966,3864,DR_primary
7,6,C1,27,5000,0.4941,23,0.78728,0.84338,966,3864,DR_primary
7,6,C2,27,4991,0.4932,23,0.78717,0.84344,966,3864,DR_primary
7,6,C3,27,4991,0.4932,23,0.78717,0.84344,966,3864,DR_primary
7,6,C0,28,4610,0.4556,23,0.78614,0.84283,966,3864,DR_primary
7,6,C1,28,5070,0.501,23,0.78622,0.84301,966,3864,DR_primary
7,6,C2,28,5079,0.5019,23,0.78619,0.84304,966,3864,DR_primary
7,6,C3,28,5079,0.5019,23,0.78619,0.84304,966,3864,DR_primary
7,6,C0,29,4609,0.4555,23,0.7873,0.84334,966,3864,DR_primary
7,6,C1,29,5048,0.4989,23,0.78744,0.84351,966,3864,DR_primary
7,6,C2,29,5069,0.5009,23,0.78727,0.84349,966,3864,DR_primary
7,6,C3,29,5069,0.5009,23,0.78727,0.84349,966,3864,DR_primary
7,6,C0,30,4560,0.4506,23,0.78666,0.843,966,3864,DR_primary
7,6,C1,30,5033,0.4974,23,0.78669,0.84287,966,3864,DR_primary
7,6,C2,30,5042,0.4983,23,0.78631,0.84268,966,3864,DR_primary
7,6,C3,30,5042,0.4983,23,0.78631,0.84268,966,3864,DR_primary
7,7,C0,1,4599,0.4545,23,0.78679,0.84269,966,3864,DR_primary
7,7,C1,1,5075,0.5015,23,0.78696,0.84269,966,3864,DR_primary
7,7,C2,1,5057,0.4998,23,0.78739,0.84299,966,3864,DR_primary
7,7,C3,1,5057,0.4998,23,0.78739,0.84299,966,3864,DR_primary
7,7,C0,2,4658,0.4603,23,0.78594,0.84243,966,3864,DR_primary
7,7,C1,2,5072,0.5012,23,0.78592,0.84239,966,3864,DR_primary
7,7,C2,2,5099,0.5039,23,0.78614,0.84265,966,3864,DR_primary
7,7,C3,2,5099,0.5039,23,0.78614,0.84265,966,3864,DR_primary
7,7,C0,3,4617,0.4563,23,0.78627,0.84296,966,3864,DR_primary
7,7,C1,3,5033,0.4974,23,0.78645,0.84312,966,3864,DR_primary
7,7,C2,3,5046,0.4987,23,0.78638,0.84307,966,3864,DR_primary
7,7,C3,3,5046,0.4987,23,0.78638,0.84307,966,3864,DR_primary
7,7,C0,4,4639,0.4584,23,0.78669,0.84304,966,3864,DR_primary
7,7,C1,4,5056,0.4997,23,0.78665,0.84295,966,3864,DR_primary
7,7,C2,4,5081,0.5021,23,0.78638,0.84272,966,3864,DR_primary
7,7,C3,4,5081,0.5021,23,0.78638,0.84272,966,3864,DR_primary
7,7,C0,5,4587,0.4533,23,0.78655,0.84307,966,3864,DR_primary
7,7,C1,5,5026,0.4967,23,0.78684,0.84311,966,3864,DR_primary
7,7,C2,5,5050,0.4991,23,0.78669,0.84319,966,3864,DR_primary
7,7,C3,5,5050,0.4991,23,0.78669,0.84319,966,3864,DR_primary
7,7,C0,6,4654,0.4599,23,0.78788,0.84381,966,3864,DR_primary
7,7,C1,6,5117,0.5057,23,0.78761,0.84352,966,3864,DR_primary
7,7,C2,6,5103,0.5043,23,0.78758,0.84365,966,3864,DR_primary
7,7,C3,6,5103,0.5043,23,0.78758,0.84365,966,3864,DR_primary
7,7,C0,7,4600,0.4546,23,0.78728,0.84303,966,3864,DR_primary
7,7,C1,7,5049,0.499,23,0.78719,0.84303,966,3864,DR_primary
7,7,C2,7,5035,0.4976,23,0.78738,0.8432,966,3864,DR_primary
7,7,C3,7,5035,0.4976,23,0.78738,0.8432,966,3864,DR_primary
7,7,C0,8,4573,0.4519,23,0.78628,0.84257,966,3864,DR_primary
7,7,C1,8,5005,0.4946,23,0.78601,0.84228,966,3864,DR_primary
7,7,C2,8,5047,0.4988,23,0.78596,0.84236,966,3864,DR_primary
7,7,C3,8,5047,0.4988,23,0.78596,0.84236,966,3864,DR_primary
7,7,C0,9,4583,0.4529,23,0.7868,0.8431,966,3864,DR_primary
7,7,C1,9,5014,0.4955,23,0.7868,0.8431,966,3864,DR_primary
7,7,C2,9,5007,0.4948,23,0.78668,0.84319,966,3864,DR_primary
7,7,C3,9,5007,0.4948,23,0.78668,0.84319,966,3864,DR_primary
7,7,C0,10,4688,0.4633,23,0.78727,0.84368,966,3864,DR_primary
7,7,C1,10,5151,0.509,23,0.78693,0.84341,966,3864,DR_primary
7,7,C2,10,5138,0.5078,23,0.78712,0.84356,966,3864,DR_primary
7,7,C3,10,5138,0.5078,23,0.78712,0.84356,966,3864,DR_primary
7,7,C0,11,4638,0.4583,23,0.78768,0.84365,966,3864,DR_primary
7,7,C1,11,5067,0.5007,23,0.78732,0.84339,966,3864,DR_primary
7,7,C2,11,5080,0.502,23,0.78742,0.84354,966,3864,DR_primary
7,7,C3,11,5080,0.502,23,0.78742,0.84354,966,3864,DR_primary
7,7,C0,12,4511,0.4458,23,0.7859,0.84247,966,3864,DR_primary
7,7,C1,12,4948,0.489,23,0.78572,0.84225,966,3864,DR_primary
7,7,C2,12,4954,0.4896,23,0.78564,0.84222,966,3864,DR_primary
7,7,C3,12,4954,0.4896,23,0.78564,0.84222,966,3864,DR_primary
7,7,C0,13,4516,0.4463,23,0.78693,0.84343,966,3864,DR_primary
7,7,C1,13,4986,0.4927,23,0.78695,0.84326,966,3864,DR_primary
7,7,C2,13,4993,0.4934,23,0.78676,0.84316,966,3864,DR_primary
7,7,C3,13,4993,0.4934,23,0.78676,0.84316,966,3864,DR_primary
7,7,C0,14,4597,0.4543,23,0.78651,0.84303,966,3864,DR_primary
7,7,C1,14,5066,0.5006,23,0.78646,0.84304,966,3864,DR_primary
7,7,C2,14,5065,0.5005,23,0.78629,0.843,966,3864,DR_primary
7,7,C3,14,5065,0.5005,23,0.78629,0.843,966,3864,DR_primary
7,7,C0,15,4581,0.4527,23,0.78764,0.84358,966,3864,DR_primary
7,7,C1,15,5033,0.4974,23,0.78767,0.84363,966,3864,DR_primary
7,7,C2,15,5025,0.4966,23,0.78766,0.84365,966,3864,DR_primary
7,7,C3,15,5025,0.4966,23,0.78766,0.84365,966,3864,DR_primary
7,7,C0,16,4609,0.4555,23,0.78636,0.84263,966,3864,DR_primary
7,7,C1,16,5019,0.496,23,0.78637,0.84277,966,3864,DR_primary
7,7,C2,16,5033,0.4974,23,0.78654,0.84297,966,3864,DR_primary
7,7,C3,16,5033,0.4974,23,0.78654,0.84297,966,3864,DR_primary
7,7,C0,17,4600,0.4546,23,0.78644,0.84294,966,3864,DR_primary
7,7,C1,17,5085,0.5025,23,0.7866,0.84302,966,3864,DR_primary
7,7,C2,17,5112,0.5052,23,0.78624,0.8427,966,3864,DR_primary
7,7,C3,17,5112,0.5052,23,0.78624,0.8427,966,3864,DR_primary
7,7,C0,18,4619,0.4565,23,0.7866,0.84277,966,3864,DR_primary
7,7,C1,18,5071,0.5011,23,0.78659,0.84288,966,3864,DR_primary
7,7,C2,18,5084,0.5024,23,0.78646,0.84279,966,3864,DR_primary
7,7,C3,18,5084,0.5024,23,0.78646,0.84279,966,3864,DR_primary
7,7,C0,19,4579,0.4525,23,0.78722,0.84309,966,3864,DR_primary
7,7,C1,19,5028,0.4969,23,0.78709,0.8431,966,3864,DR_primary
7,7,C2,19,5037,0.4978,23,0.78726,0.84344,966,3864,DR_primary
7,7,C3,19,5037,0.4978,23,0.78726,0.84344,966,3864,DR_primary
7,7,C0,20,4638,0.4583,23,0.78708,0.84275,966,3864,DR_primary
7,7,C1,20,5121,0.5061,23,0.78673,0.84273,966,3864,DR_primary
7,7,C2,20,5121,0.5061,23,0.7869,0.84278,966,3864,DR_primary
7,7,C3,20,5121,0.5061,23,0.7869,0.84278,966,3864,DR_primary
7,7,C0,21,4486,0.4433,23,0.7867,0.84364,966,3864,DR_primary
7,7,C1,21,4939,0.4881,23,0.78688,0.84379,966,3864,DR_primary
7,7,C2,21,4939,0.4881,23,0.78679,0.84381,966,3864,DR_primary
7,7,C3,21,4939,0.4881,23,0.78679,0.84381,966,3864,DR_primary
7,7,C0,22,4583,0.4529,23,0.78594,0.84218,966,3864,DR_primary
7,7,C1,22,5060,0.5,23,0.78598,0.84237,966,3864,DR_primary
7,7,C2,22,5084,0.5024,23,0.78602,0.8425,966,3864,DR_primary
7,7,C3,22,5084,0.5024,23,0.78602,0.8425,966,3864,DR_primary
7,7,C0,23,4615,0.4561,23,0.78723,0.84337,966,3864,DR_primary
7,7,C1,23,5081,0.5021,23,0.78763,0.8437,966,3864,DR_primary
7,7,C2,23,5073,0.5013,23,0.78737,0.84349,966,3864,DR_primary
7,7,C3,23,5073,0.5013,23,0.78737,0.84349,966,3864,DR_primary
7,7,C0,24,4603,0.4549,23,0.78678,0.8431,966,3864,DR_primary
7,7,C1,24,5055,0.4996,23,0.78713,0.84323,966,3864,DR_primary
7,7,C2,24,5038,0.4979,23,0.78662,0.84305,966,3864,DR_primary
7,7,C3,24,5038,0.4979,23,0.78662,0.84305,966,3864,DR_primary
7,7,C0,25,4593,0.4539,23,0.78771,0.84399,966,3864,DR_primary
7,7,C1,25,5083,0.5023,23,0.78769,0.84396,966,3864,DR_primary
7,7,C2,25,5076,0.5016,23,0.78756,0.84401,966,3864,DR_primary
7,7,C3,25,5076,0.5016,23,0.78756,0.84401,966,3864,DR_primary
7,7,C0,26,4569,0.4515,23,0.78753,0.84395,966,3864,DR_primary
7,7,C1,26,5018,0.4959,23,0.7872,0.84365,966,3864,DR_primary
7,7,C2,26,5041,0.4982,23,0.78718,0.84373,966,3864,DR_primary
7,7,C3,26,5041,0.4982,23,0.78718,0.84373,966,3864,DR_primary
7,7,C0,27,4587,0.4533,23,0.78745,0.84343,966,3864,DR_primary
7,7,C1,27,5067,0.5007,23,0.78738,0.84338,966,3864,DR_primary
7,7,C2,27,5064,0.5004,23,0.78741,0.84337,966,3864,DR_primary
7,7,C3,27,5064,0.5004,23,0.78741,0.84337,966,3864,DR_primary
7,7,C0,28,4477,0.4424,23,0.7869,0.84298,966,3864,DR_primary
7,7,C1,28,4983,0.4924,23,0.78674,0.84287,966,3864,DR_primary
7,7,C2,28,4968,0.491,23,0.78686,0.84304,966,3864,DR_primary
7,7,C3,28,4968,0.491,23,0.78686,0.84304,966,3864,DR_primary
7,7,C0,29,4521,0.4468,23,0.78637,0.84269,966,3864,DR_primary
7,7,C1,29,4992,0.4933,23,0.78646,0.84294,966,3864,DR_primary
7,7,C2,29,5017,0.4958,23,0.78625,0.84288,966,3864,DR_primary
7,7,C3,29,5017,0.4958,23,0.78625,0.84288,966,3864,DR_primary
7,7,C0,30,4631,0.4577,23,0.78756,0.84331,966,3864,DR_primary
7,7,C1,30,5104,0.5044,23,0.78744,0.8432,966,3864,DR_primary
7,7,C2,30,5105,0.5045,23,0.78736,0.8433,966,3864,DR_primary
7,7,C3,30,5105,0.5045,23,0.78736,0.8433,966,3864,DR_primary
7,8,C0,1,4578,0.4524,23,0.78665,0.84307,966,3864,DR_primary
7,8,C1,1,5032,0.4973,23,0.78662,0.84308,966,3864,DR_primary
7,8,C2,1,5026,0.4967,23,0.78682,0.84312,966,3864,DR_primary
7,8,C3,1,5026,0.4967,23,0.78682,0.84312,966,3864,DR_primary
7,8,C0,2,4556,0.4502,23,0.78577,0.8418,966,3864,DR_primary
7,8,C1,2,5025,0.4966,23,0.78613,0.84223,966,3864,DR_primary
7,8,C2,2,5012,0.4953,23,0.78578,0.84202,966,3864,DR_primary
7,8,C3,2,5012,0.4953,23,0.78578,0.84202,966,3864,DR_primary
7,8,C0,3,4573,0.4519,23,0.78676,0.84308,966,3864,DR_primary
7,8,C1,3,5036,0.4977,23,0.78696,0.84344,966,3864,DR_primary
7,8,C2,3,5059,0.5,23,0.78706,0.84352,966,3864,DR_primary
7,8,C3,3,5059,0.5,23,0.78706,0.84352,966,3864,DR_primary
7,8,C0,4,4581,0.4527,23,0.78684,0.84286,966,3864,DR_primary
7,8,C1,4,5057,0.4998,23,0.78665,0.84256,966,3864,DR_primary
7,8,C2,4,5066,0.5006,23,0.78677,0.84281,966,3864,DR_primary
7,8,C3,4,5066,0.5006,23,0.78677,0.84281,966,3864,DR_primary
7,8,C0,5,4532,0.4479,23,0.78733,0.84362,966,3864,DR_primary
7,8,C1,5,5007,0.4948,23,0.78755,0.84378,966,3864,DR_primary
7,8,C2,5,5011,0.4952,23,0.78725,0.84364,966,3864,DR_primary
7,8,C3,5,5011,0.4952,23,0.78725,0.84364,966,3864,DR_primary
7,8,C0,6,4553,0.4499,23,0.78767,0.84374,966,3864,DR_primary
7,8,C1,6,5016,0.4957,23,0.78746,0.84373,966,3864,DR_primary
7,8,C2,6,4994,0.4935,23,0.78751,0.84382,966,3864,DR_primary
7,8,C3,6,4994,0.4935,23,0.78751,0.84382,966,3864,DR_primary
7,8,C0,7,4614,0.456,23,0.78759,0.84354,966,3864,DR_primary
7,8,C1,7,5046,0.4987,23,0.78762,0.84353,966,3864,DR_primary
7,8,C2,7,5075,0.5015,23,0.78764,0.84371,966,3864,DR_primary
7,8,C3,7,5075,0.5015,23,0.78764,0.84371,966,3864,DR_primary
7,8,C0,8,4608,0.4554,23,0.78676,0.84272,966,3864,DR_primary
7,8,C1,8,5067,0.5007,23,0.78685,0.84286,966,3864,DR_primary
7,8,C2,8,5091,0.5031,23,0.7868,0.84297,966,3864,DR_primary
7,8,C3,8,5091,0.5031,23,0.7868,0.84297,966,3864,DR_primary
7,8,C0,9,4529,0.4476,23,0.78748,0.8434,966,3864,DR_primary
7,8,C1,9,4988,0.4929,23,0.78751,0.84336,966,3864,DR_primary
7,8,C2,9,4961,0.4903,23,0.78713,0.84319,966,3864,DR_primary
7,8,C3,9,4961,0.4903,23,0.78713,0.84319,966,3864,DR_primary
7,8,C0,10,4512,0.4459,23,0.78653,0.84311,966,3864,DR_primary
7,8,C1,10,5011,0.4952,23,0.78605,0.84273,966,3864,DR_primary
7,8,C2,10,4999,0.494,23,0.78627,0.84315,966,3864,DR_primary
7,8,C3,10,4999,0.494,23,0.78627,0.84315,966,3864,DR_primary
7,8,C0,11,4532,0.4479,23,0.788,0.84375,966,3864,DR_primary
7,8,C1,11,4990,0.4931,23,0.78773,0.8436,966,3864,DR_primary
7,8,C2,11,4990,0.4931,23,0.78788,0.84374,966,3864,DR_primary
7,8,C3,11,4990,0.4931,23,0.78788,0.84374,966,3864,DR_primary
7,8,C0,12,4537,0.4484,23,0.78699,0.84298,966,3864,DR_primary
7,8,C1,12,5016,0.4957,23,0.78702,0.84301,966,3864,DR_primary
7,8,C2,12,5011,0.4952,23,0.78691,0.84301,966,3864,DR_primary
7,8,C3,12,5011,0.4952,23,0.78691,0.84301,966,3864,DR_primary
7,8,C0,13,4578,0.4524,23,0.78656,0.84224,966,3864,DR_primary
7,8,C1,13,5046,0.4987,23,0.7867,0.8423,966,3864,DR_primary
7,8,C2,13,5035,0.4976,23,0.78682,0.84252,966,3864,DR_primary
7,8,C3,13,5035,0.4976,23,0.78682,0.84252,966,3864,DR_primary
7,8,C0,14,4629,0.4575,23,0.7863,0.84286,966,3864,DR_primary
7,8,C1,14,5070,0.501,23,0.78669,0.84318,966,3864,DR_primary
7,8,C2,14,5095,0.5035,23,0.78667,0.84329,966,3864,DR_primary
7,8,C3,14,5095,0.5035,23,0.78667,0.84329,966,3864,DR_primary
7,8,C0,15,4661,0.4606,23,0.78698,0.84358,966,3864,DR_primary
7,8,C1,15,5112,0.5052,23,0.78692,0.84338,966,3864,DR_primary
7,8,C2,15,5102,0.5042,23,0.78665,0.84331,966,3864,DR_primary
7,8,C3,15,5102,0.5042,23,0.78665,0.84331,966,3864,DR_primary
7,8,C0,16,4539,0.4486,23,0.78656,0.8432,966,3864,DR_primary
7,8,C1,16,4961,0.4903,23,0.78671,0.84328,966,3864,DR_primary
7,8,C2,16,4972,0.4914,23,0.78676,0.84329,966,3864,DR_primary
7,8,C3,16,4972,0.4914,23,0.78676,0.84329,966,3864,DR_primary
7,8,C0,17,4542,0.4489,23,0.78718,0.84356,966,3864,DR_primary
7,8,C1,17,4975,0.4916,23,0.78685,0.84321,966,3864,DR_primary
7,8,C2,17,4978,0.4919,23,0.78679,0.84324,966,3864,DR_primary
7,8,C3,17,4978,0.4919,23,0.78679,0.84324,966,3864,DR_primary
7,8,C0,18,4517,0.4464,23,0.78657,0.84248,966,3864,DR_primary
7,8,C1,18,4990,0.4931,23,0.78678,0.84277,966,3864,DR_primary
7,8,C2,18,4969,0.4911,23,0.78665,0.84281,966,3864,DR_primary
7,8,C3,18,4969,0.4911,23,0.78665,0.84281,966,3864,DR_primary
7,8,C0,19,4557,0.4503,23,0.78677,0.84308,966,3864,DR_primary
7,8,C1,19,5013,0.4954,23,0.78686,0.84308,966,3864,DR_primary
7,8,C2,19,5041,0.4982,23,0.7868,0.84308,966,3864,DR_primary
7,8,C3,19,5041,0.4982,23,0.7868,0.84308,966,3864,DR_primary
7,8,C0,20,4593,0.4539,23,0.78606,0.84277,966,3864,DR_primary
7,8,C1,20,5053,0.4994,23,0.7861,0.84283,966,3864,DR_primary
7,8,C2,20,5059,0.5,23,0.78638,0.84315,966,3864,DR_primary
7,8,C3,20,5059,0.5,23,0.78638,0.84315,966,3864,DR_primary
7,8,C0,21,4577,0.4523,23,0.78722,0.84338,966,3864,DR_primary
7,8,C1,21,5084,0.5024,23,0.78686,0.84307,966,3864,DR_primary
7,8,C2,21,5046,0.4987,23,0.7868,0.84297,966,3864,DR_primary
7,8,C3,21,5046,0.4987,23,0.7868,0.84297,966,3864,DR_primary
7,8,C0,22,4616,0.4562,23,0.78689,0.84289,966,3864,DR_primary
7,8,C1,22,5059,0.5,23,0.787,0.843,966,3864,DR_primary
7,8,C2,22,5085,0.5025,23,0.78702,0.84301,966,3864,DR_primary
7,8,C3,22,5085,0.5025,23,0.78702,0.84301,966,3864,DR_primary
7,8,C0,23,4545,0.4492,23,0.78701,0.84315,966,3864,DR_primary
7,8,C1,23,4976,0.4917,23,0.78714,0.84333,966,3864,DR_primary
7,8,C2,23,5023,0.4964,23,0.787,0.8433,966,3864,DR_primary
7,8,C3,23,5023,0.4964,23,0.787,0.8433,966,3864,DR_primary
7,8,C0,24,4663,0.4608,23,0.78782,0.8439,966,3864,DR_primary
7,8,C1,24,5087,0.5027,23,0.78778,0.84382,966,3864,DR_primary
7,8,C2,24,5109,0.5049,23,0.78774,0.84378,966,3864,DR_primary
7,8,C3,24,5109,0.5049,23,0.78774,0.84378,966,3864,DR_primary
7,8,C0,25,4610,0.4556,23,0.78665,0.84248,966,3864,DR_primary
7,8,C1,25,5082,0.5022,23,0.78667,0.84252,966,3864,DR_primary
7,8,C2,25,5059,0.5,23,0.78697,0.84316,966,3864,DR_primary
7,8,C3,25,5059,0.5,23,0.78697,0.84316,966,3864,DR_primary
7,8,C0,26,4635,0.458,23,0.78634,0.84283,966,3864,DR_primary
7,8,C1,26,5116,0.5056,23,0.78676,0.84298,966,3864,DR_primary
7,8,C2,26,5107,0.5047,23,0.78657,0.84302,966,3864,DR_primary
7,8,C3,26,5107,0.5047,23,0.78657,0.84302,966,3864,DR_primary
7,8,C0,27,4623,0.4569,23,0.78661,0.84334,966,3864,DR_primary
7,8,C1,27,5084,0.5024,23,0.78657,0.84328,966,3864,DR_primary
7,8,C2,27,5072,0.5012,23,0.78653,0.84338,966,3864,DR_primary
7,8,C3,27,5072,0.5012,23,0.78653,0.84338,966,3864,DR_primary
7,8,C0,28,4597,0.4543,23,0.78774,0.84355,966,3864,DR_primary
7,8,C1,28,5096,0.5036,23,0.78757,0.84346,966,3864,DR_primary
7,8,C2,28,5076,0.5016,23,0.78747,0.8435,966,3864,DR_primary
7,8,C3,28,5076,0.5016,23,0.78747,0.8435,966,3864,DR_primary
7,8,C0,29,4671,0.4616,23,0.78667,0.84273,966,3864,DR_primary
7,8,C1,29,5106,0.5046,23,0.78734,0.84313,966,3864,DR_primary
7,8,C2,29,5135,0.5075,23,0.78702,0.84307,966,3864,DR_primary
7,8,C3,29,5135,0.5075,23,0.78702,0.84307,966,3864,DR_primary
7,8,C0,30,4635,0.458,23,0.78715,0.84319,966,3864,DR_primary
7,8,C1,30,5104,0.5044,23,0.7873,0.8433,966,3864,DR_primary
7,8,C2,30,5108,0.5048,23,0.78729,0.84347,966,3864,DR_primary
7,8,C3,30,5108,0.5048,23,0.78729,0.84347,966,3864,DR_primary
7,9,C0,1,4556,0.4502,23,0.78714,0.84377,966,3864,DR_primary
7,9,C1,1,5015,0.4956,23,0.78712,0.84363,966,3864,DR_primary
7,9,C2,1,5009,0.495,23,0.78747,0.84386,966,3864,DR_primary
7,9,C3,1,5009,0.495,23,0.78747,0.84386,966,3864,DR_primary
7,9,C0,2,4545,0.4492,23,0.78686,0.84326,966,3864,DR_primary
7,9,C1,2,4995,0.4936,23,0.78685,0.84312,966,3864,DR_primary
7,9,C2,2,4974,0.4916,23,0.78663,0.84308,966,3864,DR_primary
7,9,C3,2,4974,0.4916,23,0.78663,0.84308,966,3864,DR_primary
7,9,C0,3,4608,0.4554,23,0.78615,0.84274,966,3864,DR_primary
7,9,C1,3,5101,0.5041,23,0.78624,0.84289,966,3864,DR_primary
7,9,C2,3,5108,0.5048,23,0.7862,0.84289,966,3864,DR_primary
7,9,C3,3,5108,0.5048,23,0.7862,0.84289,966,3864,DR_primary
7,9,C0,4,4580,0.4526,23,0.78755,0.84367,966,3864,DR_primary
7,9,C1,4,5058,0.4999,23,0.78758,0.84363,966,3864,DR_primary
7,9,C2,4,5050,0.4991,23,0.78751,0.84358,966,3864,DR_primary
7,9,C3,4,5050,0.4991,23,0.78751,0.84358,966,3864,DR_primary
7,9,C0,5,4538,0.4485,23,0.78701,0.8432,966,3864,DR_primary
7,9,C1,5,4976,0.4917,23,0.78709,0.84322,966,3864,DR_primary
7,9,C2,5,4998,0.4939,23,0.78707,0.84329,966,3864,DR_primary
7,9,C3,5,4998,0.4939,23,0.78707,0.84329,966,3864,DR_primary
7,9,C0,6,4620,0.4566,23,0.78709,0.84307,966,3864,DR_primary
7,9,C1,6,5081,0.5021,23,0.78685,0.84301,966,3864,DR_primary
7,9,C2,6,5085,0.5025,23,0.78672,0.84289,966,3864,DR_primary
7,9,C3,6,5085,0.5025,23,0.78672,0.84289,966,3864,DR_primary
7,9,C0,7,4642,0.4587,23,0.78626,0.8428,966,3864,DR_primary
7,9,C1,7,5107,0.5047,23,0.78641,0.84312,966,3864,DR_primary
7,9,C2,7,5113,0.5053,23,0.78611,0.84291,966,3864,DR_primary
7,9,C3,7,5113,0.5053,23,0.78611,0.84291,966,3864,DR_primary
7,9,C0,8,4575,0.4521,23,0.78673,0.84319,966,3864,DR_primary
7,9,C1,8,5001,0.4942,23,0.78691,0.84338,966,3864,DR_primary
7,9,C2,8,4995,0.4936,23,0.78677,0.84341,966,3864,DR_primary
7,9,C3,8,4995,0.4936,23,0.78677,0.84341,966,3864,DR_primary
7,9,C0,9,4634,0.458,23,0.78709,0.84314,966,3864,DR_primary
7,9,C1,9,5101,0.5041,23,0.78697,0.8431,966,3864,DR_primary
7,9,C2,9,5103,0.5043,23,0.78679,0.84298,966,3864,DR_primary
7,9,C3,9,5103,0.5043,23,0.78679,0.84298,966,3864,DR_primary
7,9,C0,10,4583,0.4529,23,0.78683,0.84293,966,3864,DR_primary
7,9,C1,10,5072,0.5012,23,0.78682,0.843,966,3864,DR_primary
7,9,C2,10,5075,0.5015,23,0.78675,0.84301,966,3864,DR_primary
7,9,C3,10,5075,0.5015,23,0.78675,0.84301,966,3864,DR_primary
7,9,C0,11,4571,0.4517,23,0.78779,0.84339,966,3864,DR_primary
7,9,C1,11,5034,0.4975,23,0.78766,0.8436,966,3864,DR_primary
7,9,C2,11,5057,0.4998,23,0.78793,0.84375,966,3864,DR_primary
7,9,C3,11,5057,0.4998,23,0.78793,0.84375,966,3864,DR_primary
7,9,C0,12,4640,0.4585,23,0.78641,0.8427,966,3864,DR_primary
7,9,C1,12,5081,0.5021,23,0.78648,0.84275,966,3864,DR_primary
7,9,C2,12,5085,0.5025,23,0.78646,0.84282,966,3864,DR_primary
7,9,C3,12,5085,0.5025,23,0.78646,0.84282,966,3864,DR_primary
7,9,C0,13,4573,0.4519,23,0.78711,0.84337,966,3864,DR_primary
7,9,C1,13,5008,0.4949,23,0.7868,0.84315,966,3864,DR_primary
7,9,C2,13,5012,0.4953,23,0.78694,0.84343,966,3864,DR_primary
7,9,C3,13,5012,0.4953,23,0.78694,0.84343,966,3864,DR_primary
7,9,C0,14,4564,0.451,23,0.78649,0.84314,966,3864,DR_primary
7,9,C1,14,5020,0.4961,23,0.78645,0.84292,966,3864,DR_primary
7,9,C2,14,5023,0.4964,23,0.78635,0.84309,966,3864,DR_primary
7,9,C3,14,5023,0.4964,23,0.78635,0.84309,966,3864,DR_primary
7,9,C0,15,4621,0.4567,23,0.78652,0.84294,966,3864,DR_primary
7,9,C1,15,5076,0.5016,23,0.78669,0.84302,966,3864,DR_primary
7,9,C2,15,5062,0.5002,23,0.78657,0.84311,966,3864,DR_primary
7,9,C3,15,5062,0.5002,23,0.78657,0.84311,966,3864,DR_primary
7,9,C0,16,4608,0.4554,23,0.78792,0.84401,966,3864,DR_primary
7,9,C1,16,5027,0.4968,23,0.78737,0.84359,966,3864,DR_primary
7,9,C2,16,5048,0.4989,23,0.78739,0.8436,966,3864,DR_primary
7,9,C3,16,5048,0.4989,23,0.78739,0.8436,966,3864,DR_primary
7,9,C0,17,4587,0.4533,23,0.78672,0.84295,966,3864,DR_primary
7,9,C1,17,5041,0.4982,23,0.78666,0.84301,966,3864,DR_primary
7,9,C2,17,5042,0.4983,23,0.78657,0.8429,966,3864,DR_primary
7,9,C3,17,5042,0.4983,23,0.78657,0.8429,966,3864,DR_primary
7,9,C0,18,4544,0.4491,23,0.78741,0.84347,966,3864,DR_primary
7,9,C1,18,5006,0.4947,23,0.78728,0.8433,966,3864,DR_primary
7,9,C2,18,5028,0.4969,23,0.78721,0.8434,966,3864,DR_primary
7,9,C3,18,5028,0.4969,23,0.78721,0.8434,966,3864,DR_primary
7,9,C0,19,4633,0.4579,23,0.78718,0.84316,966,3864,DR_primary
7,9,C1,19,5108,0.5048,23,0.78704,0.84306,966,3864,DR_primary
7,9,C2,19,5110,0.505,23,0.78706,0.84319,966,3864,DR_primary
7,9,C3,19,5110,0.505,23,0.78706,0.84319,966,3864,DR_primary
7,9,C0,20,4599,0.4545,23,0.78668,0.84326,966,3864,DR_primary
7,9,C1,20,5013,0.4954,23,0.78682,0.84336,966,3864,DR_primary
7,9,C2,20,5024,0.4965,23,0.78664,0.84326,966,3864,DR_primary
7,9,C3,20,5024,0.4965,23,0.78664,0.84326,966,3864,DR_primary
7,9,C0,21,4630,0.4576,23,0.78694,0.84336,966,3864,DR_primary
7,9,C1,21,5101,0.5041,23,0.78667,0.8432,966,3864,DR_primary
7,9,C2,21,5093,0.5033,23,0.7866,0.84316,966,3864,DR_primary
7,9,C3,21,5093,0.5033,23,0.7866,0.84316,966,3864,DR_primary
7,9,C0,22,4549,0.4496,23,0.78656,0.84303,966,3864,DR_primary
7,9,C1,22,5029,0.497,23,0.78676,0.84313,966,3864,DR_primary
7,9,C2,22,5011,0.4952,23,0.78644,0.84306,966,3864,DR_primary
7,9,C3,22,5011,0.4952,23,0.78644,0.84306,966,3864,DR_primary
7,9,C0,23,4568,0.4514,23,0.78728,0.84385,966,3864,DR_primary
7,9,C1,23,5035,0.4976,23,0.78745,0.84382,966,3864,DR_primary
7,9,C2,23,5021,0.4962,23,0.78721,0.84366,966,3864,DR_primary
7,9,C3,23,5021,0.4962,23,0.78721,0.84366,966,3864,DR_primary
7,9,C0,24,4553,0.4499,23,0.78747,0.84354,966,3864,DR_primary
7,9,C1,24,5012,0.4953,23,0.78743,0.84343,966,3864,DR_primary
7,9,C2,24,5008,0.4949,23,0.78739,0.84364,966,3864,DR_primary
7,9,C3,24,5008,0.4949,23,0.78739,0.84364,966,3864,DR_primary
7,9,C0,25,4558,0.4504,23,0.7871,0.84342,966,3864,DR_primary
7,9,C1,25,5009,0.495,23,0.78701,0.84346,966,3864,DR_primary
7,9,C2,25,5000,0.4941,23,0.78702,0.84368,966,3864,DR_primary
7,9,C3,25,5000,0.4941,23,0.78702,0.84368,966,3864,DR_primary
7,9,C0,26,4691,0.4636,23,0.7878,0.84388,966,3864,DR_primary
7,9,C1,26,5125,0.5065,23,0.78762,0.84383,966,3864,DR_primary
7,9,C2,26,5151,0.509,23,0.78746,0.84375,966,3864,DR_primary
7,9,C3,26,5151,0.509,23,0.78746,0.84375,966,3864,DR_primary
7,9,C0,27,4643,0.4588,23,0.78662,0.84317,966,3864,DR_primary
7,9,C1,27,5074,0.5014,23,0.78671,0.84306,966,3864,DR_primary
7,9,C2,27,5055,0.4996,23,0.78639,0.843,966,3864,DR_primary
7,9,C3,27,5055,0.4996,23,0.78639,0.843,966,3864,DR_primary
7,9,C0,28,4541,0.4488,23,0.7866,0.84245,966,3864,DR_primary
7,9,C1,28,4977,0.4918,23,0.7865,0.84253,966,3864,DR_primary
7,9,C2,28,4993,0.4934,23,0.7863,0.84268,966,3864,DR_primary
7,9,C3,28,4993,0.4934,23,0.7863,0.84268,966,3864,DR_primary
7,9,C0,29,4661,0.4606,23,0.78609,0.8425,966,3864,DR_primary
7,9,C1,29,5109,0.5049,23,0.78651,0.84285,966,3864,DR_primary
7,9,C2,29,5093,0.5033,23,0.78619,0.84269,966,3864,DR_primary
7,9,C3,29,5093,0.5033,23,0.78619,0.84269,966,3864,DR_primary
7,9,C0,30,4633,0.4579,23,0.78675,0.8432,966,3864,DR_primary
7,9,C1,30,5114,0.5054,23,0.7871,0.84346,966,3864,DR_primary
7,9,C2,30,5090,0.503,23,0.7868,0.84346,966,3864,DR_primary
7,9,C3,30,5090,0.503,23,0.7868,0.84346,966,3864,DR_primary
11,0,C0,1,4488,0.4435,23,0.78727,0.84354,966,3864,DR_primary
11,0,C1,1,4959,0.4901,23,0.78678,0.84309,966,3864,DR_primary
11,0,C2,1,4948,0.489,23,0.78725,0.84349,966,3864,DR_primary
11,0,C3,1,4948,0.489,23,0.78725,0.84349,966,3864,DR_primary
11,0,C0,2,4581,0.4527,23,0.78745,0.84374,966,3864,DR_primary
11,0,C1,2,5033,0.4974,23,0.78744,0.84367,966,3864,DR_primary
11,0,C2,2,5064,0.5004,23,0.78738,0.84374,966,3864,DR_primary
11,0,C3,2,5064,0.5004,23,0.78738,0.84374,966,3864,DR_primary
11,0,C0,3,4582,0.4528,23,0.78653,0.84288,966,3864,DR_primary
11,0,C1,3,5054,0.4995,23,0.78645,0.84292,966,3864,DR_primary
11,0,C2,3,5056,0.4997,23,0.78636,0.84296,966,3864,DR_primary
11,0,C3,3,5056,0.4997,23,0.78636,0.84296,966,3864,DR_primary
11,0,C0,4,4623,0.4569,23,0.78688,0.84355,966,3864,DR_primary
11,0,C1,4,5072,0.5012,23,0.78689,0.84342,966,3864,DR_primary
11,0,C2,4,5063,0.5003,23,0.78663,0.84326,966,3864,DR_primary
11,0,C3,4,5063,0.5003,23,0.78663,0.84326,966,3864,DR_primary
11,0,C0,5,4598,0.4544,23,0.78708,0.84365,966,3864,DR_primary
11,0,C1,5,5061,0.5001,23,0.78705,0.84363,966,3864,DR_primary
11,0,C2,5,5078,0.5018,23,0.78721,0.84379,966,3864,DR_primary
11,0,C3,5,5078,0.5018,23,0.78721,0.84379,966,3864,DR_primary
11,0,C0,6,4569,0.4515,23,0.7869,0.84345,966,3864,DR_primary
11,0,C1,6,5021,0.4962,23,0.78702,0.84356,966,3864,DR_primary
11,0,C2,6,5020,0.4961,23,0.78684,0.84352,966,3864,DR_primary
11,0,C3,6,5020,0.4961,23,0.78684,0.84352,966,3864,DR_primary
11,0,C0,7,4569,0.4515,23,0.78644,0.84286,966,3864,DR_primary
11,0,C1,7,5049,0.499,23,0.78646,0.84293,966,3864,DR_primary
11,0,C2,7,5048,0.4989,23,0.78643,0.84302,966,3864,DR_primary
11,0,C3,7,5048,0.4989,23,0.78643,0.84302,966,3864,DR_primary
11,0,C0,8,4623,0.4569,23,0.78725,0.84338,966,3864,DR_primary
11,0,C1,8,5068,0.5008,23,0.78712,0.84335,966,3864,DR_primary
11,0,C2,8,5054,0.4995,23,0.78709,0.84358,966,3864,DR_primary
11,0,C3,8,5054,0.4995,23,0.78709,0.84358,966,3864,DR_primary
11,0,C0,9,4569,0.4515,23,0.78673,0.84313,966,3864,DR_primary
11,0,C1,9,5024,0.4965,23,0.78668,0.84302,966,3864,DR_primary
11,0,C2,9,5007,0.4948,23,0.78681,0.84314,966,3864,DR_primary
11,0,C3,9,5007,0.4948,23,0.78681,0.84314,966,3864,DR_primary
11,0,C0,10,4590,0.4536,23,0.78696,0.84324,966,3864,DR_primary
11,0,C1,10,5054,0.4995,23,0.78679,0.84316,966,3864,DR_primary
11,0,C2,10,5070,0.501,23,0.78661,0.84303,966,3864,DR_primary
11,0,C3,10,5070,0.501,23,0.78661,0.84303,966,3864,DR_primary
11,0,C0,11,4552,0.4498,23,0.7873,0.84369,966,3864,DR_primary
11,0,C1,11,5032,0.4973,23,0.7874,0.84381,966,3864,DR_primary
11,0,C2,11,5034,0.4975,23,0.78714,0.84377,966,3864,DR_primary
11,0,C3,11,5034,0.4975,23,0.78714,0.84377,966,3864,DR_primary
11,0,C0,12,4565,0.4511,23,0.78771,0.84348,966,3864,DR_primary
11,0,C1,12,5015,0.4956,23,0.78775,0.84362,966,3864,DR_primary
11,0,C2,12,4999,0.494,23,0.78773,0.84362,966,3864,DR_primary
11,0,C3,12,4999,0.494,23,0.78773,0.84362,966,3864,DR_primary
11,0,C0,13,4592,0.4538,23,0.78725,0.84336,966,3864,DR_primary
11,0,C1,13,5040,0.4981,23,0.78709,0.84325,966,3864,DR_primary
11,0,C2,13,5050,0.4991,23,0.78712,0.84321,966,3864,DR_primary
11,0,C3,13,5050,0.4991,23,0.78712,0.84321,966,3864,DR_primary
11,0,C0,14,4647,0.4592,23,0.78822,0.84383,966,3864,DR_primary
11,0,C1,14,5074,0.5014,23,0.78811,0.84372,966,3864,DR_primary
11,0,C2,14,5090,0.503,23,0.78795,0.84384,966,3864,DR_primary
11,0,C3,14,5090,0.503,23,0.78795,0.84384,966,3864,DR_primary
11,0,C0,15,4535,0.4482,23,0.78693,0.84345,966,3864,DR_primary
11,0,C1,15,4964,0.4906,23,0.78671,0.84318,966,3864,DR_primary
11,0,C2,15,4970,0.4912,23,0.78669,0.84317,966,3864,DR_primary
11,0,C3,15,4970,0.4912,23,0.78669,0.84317,966,3864,DR_primary
11,0,C0,16,4615,0.4561,23,0.78665,0.84247,966,3864,DR_primary
11,0,C1,16,5068,0.5008,23,0.78675,0.84256,966,3864,DR_primary
11,0,C2,16,5080,0.502,23,0.7868,0.84264,966,3864,DR_primary
11,0,C3,16,5080,0.502,23,0.7868,0.84264,966,3864,DR_primary
11,0,C0,17,4569,0.4515,23,0.78669,0.84296,966,3864,DR_primary
11,0,C1,17,5042,0.4983,23,0.78686,0.84308,966,3864,DR_primary
11,0,C2,17,5055,0.4996,23,0.78673,0.84312,966,3864,DR_primary
11,0,C3,17,5055,0.4996,23,0.78673,0.84312,966,3864,DR_primary
11,0,C0,18,4639,0.4584,23,0.78628,0.84245,966,3864,DR_primary
11,0,C1,18,5117,0.5057,23,0.78618,0.84245,966,3864,DR_primary
11,0,C2,18,5095,0.5035,23,0.7861,0.84245,966,3864,DR_primary
11,0,C3,18,5095,0.5035,23,0.7861,0.84245,966,3864,DR_primary
11,0,C0,19,4575,0.4521,23,0.7871,0.8431,966,3864,DR_primary
11,0,C1,19,5060,0.5,23,0.78703,0.84299,966,3864,DR_primary
11,0,C2,19,5060,0.5,23,0.78679,0.84303,966,3864,DR_primary
11,0,C3,19,5060,0.5,23,0.78679,0.84303,966,3864,DR_primary
11,0,C0,20,4610,0.4556,23,0.78654,0.843,966,3864,DR_primary
11,0,C1,20,5076,0.5016,23,0.78636,0.84277,966,3864,DR_primary
11,0,C2,20,5053,0.4994,23,0.78621,0.8428,966,3864,DR_primary
11,0,C3,20,5053,0.4994,23,0.78621,0.8428,966,3864,DR_primary
11,0,C0,21,4550,0.4496,23,0.78611,0.84281,966,3864,DR_primary
11,0,C1,21,4991,0.4932,23,0.78643,0.84297,966,3864,DR_primary
11,0,C2,21,4990,0.4931,23,0.78628,0.84306,966,3864,DR_primary
11,0,C3,21,4990,0.4931,23,0.78628,0.84306,966,3864,DR_primary
11,0,C0,22,4579,0.4525,23,0.78659,0.84284,966,3864,DR_primary
11,0,C1,22,5057,0.4998,23,0.78653,0.84285,966,3864,DR_primary
11,0,C2,22,5029,0.497,23,0.78653,0.84277,966,3864,DR_primary
11,0,C3,22,5029,0.497,23,0.78653,0.84277,966,3864,DR_primary
11,0,C0,23,4608,0.4554,23,0.78666,0.84289,966,3864,DR_primary
11,0,C1,23,5106,0.5046,23,0.78676,0.84298,966,3864,DR_primary
11,0,C2,23,5083,0.5023,23,0.78653,0.84288,966,3864,DR_primary
11,0,C3,23,5083,0.5023,23,0.78653,0.84288,966,3864,DR_primary
11,0,C0,24,4496,0.4443,23,0.78673,0.84324,966,3864,DR_primary
11,0,C1,24,4953,0.4895,23,0.78707,0.84345,966,3864,DR_primary
11,0,C2,24,4936,0.4878,23,0.78655,0.84312,966,3864,DR_primary
11,0,C3,24,4936,0.4878,23,0.78655,0.84312,966,3864,DR_primary
11,0,C0,25,4584,0.453,23,0.78663,0.84341,966,3864,DR_primary
11,0,C1,25,5046,0.4987,23,0.78702,0.84354,966,3864,DR_primary
11,0,C2,25,5034,0.4975,23,0.78703,0.84363,966,3864,DR_primary
11,0,C3,25,5034,0.4975,23,0.78703,0.84363,966,3864,DR_primary
11,0,C0,26,4551,0.4497,23,0.78644,0.84262,966,3864,DR_primary
11,0,C1,26,4991,0.4932,23,0.78685,0.84284,966,3864,DR_primary
11,0,C2,26,5003,0.4944,23,0.7866,0.8429,966,3864,DR_primary
11,0,C3,26,5003,0.4944,23,0.7866,0.8429,966,3864,DR_primary
11,0,C0,27,4557,0.4503,23,0.787,0.84265,966,3864,DR_primary
11,0,C1,27,5021,0.4962,23,0.78728,0.84294,966,3864,DR_primary
11,0,C2,27,5012,0.4953,23,0.78715,0.84301,966,3864,DR_primary
11,0,C3,27,5012,0.4953,23,0.78715,0.84301,966,3864,DR_primary
11,0,C0,28,4682,0.4627,23,0.78699,0.8433,966,3864,DR_primary
11,0,C1,28,5134,0.5074,23,0.78655,0.84302,966,3864,DR_primary
11,0,C2,28,5136,0.5076,23,0.78676,0.84327,966,3864,DR_primary
11,0,C3,28,5136,0.5076,23,0.78676,0.84327,966,3864,DR_primary
11,0,C0,29,4501,0.4448,23,0.78669,0.8426,966,3864,DR_primary
11,0,C1,29,4950,0.4892,23,0.78662,0.84249,966,3864,DR_primary
11,0,C2,29,4973,0.4915,23,0.78678,0.84281,966,3864,DR_primary
11,0,C3,29,4973,0.4915,23,0.78678,0.84281,966,3864,DR_primary
11,0,C0,30,4651,0.4596,23,0.78668,0.84326,966,3864,DR_primary
11,0,C1,30,5103,0.5043,23,0.78672,0.84334,966,3864,DR_primary
11,0,C2,30,5130,0.507,23,0.78694,0.84358,966,3864,DR_primary
11,0,C3,30,5130,0.507,23,0.78694,0.84358,966,3864,DR_primary
11,1,C0,1,4615,0.4561,23,0.78633,0.84289,966,3864,DR_primary
11,1,C1,1,5118,0.5058,23,0.78647,0.84286,966,3864,DR_primary
11,1,C2,1,5110,0.505,23,0.78663,0.843,966,3864,DR_primary
11,1,C3,1,5110,0.505,23,0.78663,0.843,966,3864,DR_primary
11,1,C0,2,4601,0.4547,23,0.78632,0.84271,966,3864,DR_primary
11,1,C1,2,5048,0.4989,23,0.78614,0.84266,966,3864,DR_primary
11,1,C2,2,5074,0.5014,23,0.78618,0.84277,966,3864,DR_primary
11,1,C3,2,5074,0.5014,23,0.78618,0.84277,966,3864,DR_primary
11,1,C0,3,4626,0.4572,23,0.78751,0.84361,966,3864,DR_primary
11,1,C1,3,5071,0.5011,23,0.78723,0.84361,966,3864,DR_primary
11,1,C2,3,5071,0.5011,23,0.78735,0.84383,966,3864,DR_primary
11,1,C3,3,5071,0.5011,23,0.78735,0.84383,966,3864,DR_primary
11,1,C0,4,4630,0.4576,23,0.78696,0.84323,966,3864,DR_primary
11,1,C1,4,5112,0.5052,23,0.78703,0.84323,966,3864,DR_primary
11,1,C2,4,5091,0.5031,23,0.78705,0.84325,966,3864,DR_primary
11,1,C3,4,5091,0.5031,23,0.78705,0.84325,966,3864,DR_primary
11,1,C0,5,4538,0.4485,23,0.78636,0.84246,966,3864,DR_primary
11,1,C1,5,4991,0.4932,23,0.78652,0.84254,966,3864,DR_primary
11,1,C2,5,4996,0.4937,23,0.78639,0.84261,966,3864,DR_primary
11,1,C3,5,4996,0.4937,23,0.78639,0.84261,966,3864,DR_primary
11,1,C0,6,4573,0.4519,23,0.7876,0.84358,966,3864,DR_primary
11,1,C1,6,5021,0.4962,23,0.78755,0.84344,966,3864,DR_primary
11,1,C2,6,4996,0.4937,23,0.78766,0.84361,966,3864,DR_primary
11,1,C3,6,4996,0.4937,23,0.78766,0.84361,966,3864,DR_primary
11,1,C0,7,4591,0.4537,23,0.78734,0.84375,966,3864,DR_primary
11,1,C1,7,5020,0.4961,23,0.78717,0.84356,966,3864,DR_primary
11,1,C2,7,5017,0.4958,23,0.78701,0.8434,966,3864,DR_primary
11,1,C3,7,5017,0.4958,23,0.78701,0.8434,966,3864,DR_primary
11,1,C0,8,4558,0.4504,23,0.78746,0.84354,966,3864,DR_primary
11,1,C1,8,5068,0.5008,23,0.78706,0.84342,966,3864,DR_primary
11,1,C2,8,5033,0.4974,23,0.7874,0.84377,966,3864,DR_primary
11,1,C3,8,5033,0.4974,23,0.7874,0.84377,966,3864,DR_primary
11,1,C0,9,4552,0.4498,23,0.78676,0.84289,966,3864,DR_primary
11,1,C1,9,5011,0.4952,23,0.78693,0.84305,966,3864,DR_primary
11,1,C2,9,5017,0.4958,23,0.78661,0.84305,966,3864,DR_primary
11,1,C3,9,5017,0.4958,23,0.78661,0.84305,966,3864,DR_primary
11,1,C0,10,4582,0.4528,23,0.78691,0.84299,966,3864,DR_primary
11,1,C1,10,5036,0.4977,23,0.78724,0.84328,966,3864,DR_primary
11,1,C2,10,5026,0.4967,23,0.78706,0.84324,966,3864,DR_primary
11,1,C3,10,5026,0.4967,23,0.78706,0.84324,966,3864,DR_primary
11,1,C0,11,4574,0.452,23,0.78654,0.84288,966,3864,DR_primary
11,1,C1,11,5039,0.498,23,0.78654,0.84272,966,3864,DR_primary
11,1,C2,11,5007,0.4948,23,0.78664,0.84293,966,3864,DR_primary
11,1,C3,11,5007,0.4948,23,0.78664,0.84293,966,3864,DR_primary
11,1,C0,12,4598,0.4544,23,0.78632,0.84234,966,3864,DR_primary
11,1,C1,12,5095,0.5035,23,0.78652,0.84268,966,3864,DR_primary
11,1,C2,12,5076,0.5016,23,0.78658,0.84283,966,3864,DR_primary
11,1,C3,12,5076,0.5016,23,0.78658,0.84283,966,3864,DR_primary
11,1,C0,13,4546,0.4493,23,0.7868,0.84303,966,3864,DR_primary
11,1,C1,13,4983,0.4924,23,0.78727,0.8432,966,3864,DR_primary
11,1,C2,13,4978,0.4919,23,0.78703,0.84326,966,3864,DR_primary
11,1,C3,13,4978,0.4919,23,0.78703,0.84326,966,3864,DR_primary
11,1,C0,14,4622,0.4568,23,0.78648,0.84329,966,3864,DR_primary
11,1,C1,14,5088,0.5028,23,0.78629,0.84304,966,3864,DR_primary
11,1,C2,14,5080,0.502,23,0.78628,0.84311,966,3864,DR_primary
11,1,C3,14,5080,0.502,23,0.78628,0.84311,966,3864,DR_primary
11,1,C0,15,4526,0.4473,23,0.78691,0.84337,966,3864,DR_primary
11,1,C1,15,4931,0.4873,23,0.78675,0.84318,966,3864,DR_primary
11,1,C2,15,4968,0.491,23,0.78672,0.84326,966,3864,DR_primary
11,1,C3,15,4968,0.491,23,0.78672,0.84326,966,3864,DR_primary
11,1,C0,16,4530,0.4477,23,0.78675,0.84295,966,3864,DR_primary
11,1,C1,16,4977,0.4918,23,0.78688,0.8431,966,3864,DR_primary
11,1,C2,16,5007,0.4948,23,0.78691,0.84334,966,3864,DR_primary
11,1,C3,16,5007,0.4948,23,0.78691,0.84334,966,3864,DR_primary
11,1,C0,17,4578,0.4524,23,0.78685,0.84307,966,3864,DR_primary
11,1,C1,17,5053,0.4994,23,0.7866,0.84299,966,3864,DR_primary
11,1,C2,17,5054,0.4995,23,0.78653,0.84284,966,3864,DR_primary
11,1,C3,17,5054,0.4995,23,0.78653,0.84284,966,3864,DR_primary
11,1,C0,18,4568,0.4514,23,0.78653,0.84277,966,3864,DR_primary
11,1,C1,18,5018,0.4959,23,0.78665,0.8428,966,3864,DR_primary
11,1,C2,18,4999,0.494,23,0.78635,0.8427,966,3864,DR_primary
11,1,C3,18,4999,0.494,23,0.78635,0.8427,966,3864,DR_primary
11,1,C0,19,4568,0.4514,23,0.78603,0.8425,966,3864,DR_primary
11,1,C1,19,5031,0.4972,23,0.78649,0.84277,966,3864,DR_primary
11,1,C2,19,5000,0.4941,23,0.78619,0.84263,966,3864,DR_primary
11,1,C3,19,5000,0.4941,23,0.78619,0.84263,966,3864,DR_primary
11,1,C0,20,4602,0.4548,23,0.78686,0.84322,966,3864,DR_primary
11,1,C1,20,5089,0.5029,23,0.78661,0.84301,966,3864,DR_primary
11,1,C2,20,5077,0.5017,23,0.78641,0.84292,966,3864,DR_primary
11,1,C3,20,5077,0.5017,23,0.78641,0.84292,966,3864,DR_primary
11,1,C0,21,4596,0.4542,23,0.7864,0.84275,966,3864,DR_primary
11,1,C1,21,5071,0.5011,23,0.78638,0.84272,966,3864,DR_primary
11,1,C2,21,5069,0.5009,23,0.78633,0.84272,966,3864,DR_primary
11,1,C3,21,5069,0.5009,23,0.78633,0.84272,966,3864,DR_primary
11,1,C0,22,4550,0.4496,23,0.7865,0.84305,966,3864,DR_primary
11,1,C1,22,4994,0.4935,23,0.78677,0.84321,966,3864,DR_primary
11,1,C2,22,4989,0.493,23,0.78691,0.84343,966,3864,DR_primary
11,1,C3,22,4989,0.493,23,0.78691,0.84343,966,3864,DR_primary
11,1,C0,23,4550,0.4496,23,0.7865,0.84285,966,3864,DR_primary
11,1,C1,23,4984,0.4925,23,0.78683,0.84308,966,3864,DR_primary
11,1,C2,23,5006,0.4947,23,0.78653,0.84292,966,3864,DR_primary
11,1,C3,23,5006,0.4947,23,0.78653,0.84292,966,3864,DR_primary
11,1,C0,24,4714,0.4659,23,0.78705,0.84303,966,3864,DR_primary
11,1,C1,24,5157,0.5096,23,0.78665,0.84284,966,3864,DR_primary
11,1,C2,24,5159,0.5098,23,0.78678,0.84297,966,3864,DR_primary
11,1,C3,24,5159,0.5098,23,0.78678,0.84297,966,3864,DR_primary
11,1,C0,25,4572,0.4518,23,0.78671,0.84345,966,3864,DR_primary
11,1,C1,25,5030,0.4971,23,0.78703,0.84351,966,3864,DR_primary
11,1,C2,25,5030,0.4971,23,0.78663,0.84328,966,3864,DR_primary
11,1,C3,25,5030,0.4971,23,0.78663,0.84328,966,3864,DR_primary
11,1,C0,26,4565,0.4511,23,0.78653,0.84235,966,3864,DR_primary
11,1,C1,26,5023,0.4964,23,0.78657,0.84245,966,3864,DR_primary
11,1,C2,26,5017,0.4958,23,0.78641,0.84237,966,3864,DR_primary
11,1,C3,26,5017,0.4958,23,0.78641,0.84237,966,3864,DR_primary
11,1,C0,27,4543,0.449,23,0.78763,0.84353,966,3864,DR_primary
11,1,C1,27,5047,0.4988,23,0.78758,0.84332,966,3864,DR_primary
11,1,C2,27,5037,0.4978,23,0.78738,0.8433,966,3864,DR_primary
11,1,C3,27,5037,0.4978,23,0.78738,0.8433,966,3864,DR_primary
11,1,C0,28,4621,0.4567,23,0.78722,0.84361,966,3864,DR_primary
11,1,C1,28,5088,0.5028,23,0.78729,0.84368,966,3864,DR_primary
11,1,C2,28,5078,0.5018,23,0.78725,0.84375,966,3864,DR_primary
11,1,C3,28,5078,0.5018,23,0.78725,0.84375,966,3864,DR_primary
11,1,C0,29,4520,0.4467,23,0.78758,0.84331,966,3864,DR_primary
11,1,C1,29,4953,0.4895,23,0.78711,0.84304,966,3864,DR_primary
11,1,C2,29,4949,0.4891,23,0.7873,0.84319,966,3864,DR_primary
11,1,C3,29,4949,0.4891,23,0.7873,0.84319,966,3864,DR_primary
11,1,C0,30,4624,0.457,23,0.78692,0.84298,966,3864,DR_primary
11,1,C1,30,5070,0.501,23,0.78708,0.84311,966,3864,DR_primary
11,1,C2,30,5053,0.4994,23,0.78692,0.84311,966,3864,DR_primary
11,1,C3,30,5053,0.4994,23,0.78692,0.84311,966,3864,DR_primary
11,2,C0,1,4557,0.4503,23,0.78709,0.84284,966,3864,DR_primary
11,2,C1,1,5017,0.4958,23,0.78683,0.84276,966,3864,DR_primary
11,2,C2,1,4995,0.4936,23,0.78711,0.84291,966,3864,DR_primary
11,2,C3,1,4995,0.4936,23,0.78711,0.84291,966,3864,DR_primary
11,2,C0,2,4578,0.4524,23,0.78723,0.84361,966,3864,DR_primary
11,2,C1,2,5062,0.5002,23,0.78726,0.84366,966,3864,DR_primary
11,2,C2,2,5057,0.4998,23,0.78722,0.84362,966,3864,DR_primary
11,2,C3,2,5057,0.4998,23,0.78722,0.84362,966,3864,DR_primary
11,2,C0,3,4591,0.4537,23,0.78671,0.84354,966,3864,DR_primary
11,2,C1,3,5055,0.4996,23,0.78684,0.84338,966,3864,DR_primary
11,2,C2,3,5059,0.5,23,0.7869,0.84349,966,3864,DR_primary
11,2,C3,3,5059,0.5,23,0.7869,0.84349,966,3864,DR_primary
11,2,C0,4,4684,0.4629,23,0.78696,0.84301,966,3864,DR_primary
11,2,C1,4,5116,0.5056,23,0.78698,0.843,966,3864,DR_primary
11,2,C2,4,5103,0.5043,23,0.78666,0.84291,966,3864,DR_primary
11,2,C3,4,5103,0.5043,23,0.78666,0.84291,966,3864,DR_primary
11,2,C0,5,4648,0.4593,23,0.78642,0.84309,966,3864,DR_primary
11,2,C1,5,5065,0.5005,23,0.78646,0.8431,966,3864,DR_primary
11,2,C2,5,5094,0.5034,23,0.78651,0.84316,966,3864,DR_primary
11,2,C3,5,5094,0.5034,23,0.78651,0.84316,966,3864,DR_primary
11,2,C0,6,4609,0.4555,23,0.78689,0.84295,966,3864,DR_primary
11,2,C1,6,5078,0.5018,23,0.78694,0.84283,966,3864,DR_primary
11,2,C2,6,5051,0.4992,23,0.7867,0.84278,966,3864,DR_primary
11,2,C3,6,5051,0.4992,23,0.7867,0.84278,966,3864,DR_primary
11,2,C0,7,4539,0.4486,23,0.78704,0.84332,966,3864,DR_primary
11,2,C1,7,4978,0.4919,23,0.7871,0.84342,966,3864,DR_primary
11,2,C2,7,4988,0.4929,23,0.78705,0.84344,966,3864,DR_primary
11,2,C3,7,4988,0.4929,23,0.78705,0.84344,966,3864,DR_primary
11,2,C0,8,4489,0.4436,23,0.78744,0.84337,966,3864,DR_primary
11,2,C1,8,4986,0.4927,23,0.78735,0.84329,966,3864,DR_primary
11,2,C2,8,4991,0.4932,23,0.7872,0.84332,966,3864,DR_primary
11,2,C3,8,4991,0.4932,23,0.7872,0.84332,966,3864,DR_primary
11,2,C0,9,4568,0.4514,23,0.78709,0.84367,966,3864,DR_primary
11,2,C1,9,5059,0.5,23,0.78702,0.84343,966,3864,DR_primary
11,2,C2,9,5075,0.5015,23,0.78684,0.84335,966,3864,DR_primary
11,2,C3,9,5075,0.5015,23,0.78684,0.84335,966,3864,DR_primary
11,2,C0,10,4554,0.45,23,0.78728,0.84313,966,3864,DR_primary
11,2,C1,10,5012,0.4953,23,0.78732,0.84305,966,3864,DR_primary
11,2,C2,10,5015,0.4956,23,0.78712,0.84295,966,3864,DR_primary
11,2,C3,10,5015,0.4956,23,0.78712,0.84295,966,3864,DR_primary
11,2,C0,11,4502,0.4449,23,0.78641,0.84263,966,3864,DR_primary
11,2,C1,11,4965,0.4907,23,0.78671,0.84288,966,3864,DR_primary
11,2,C2,11,4976,0.4917,23,0.78656,0.84287,966,3864,DR_primary
11,2,C3,11,4976,0.4917,23,0.78656,0.84287,966,3864,DR_primary
11,2,C0,12,4581,0.4527,23,0.7868,0.84312,966,3864,DR_primary
11,2,C1,12,4981,0.4922,23,0.78672,0.84304,966,3864,DR_primary
11,2,C2,12,5014,0.4955,23,0.78667,0.84306,966,3864,DR_primary
11,2,C3,12,5014,0.4955,23,0.78667,0.84306,966,3864,DR_primary
11,2,C0,13,4581,0.4527,23,0.78655,0.84279,966,3864,DR_primary
11,2,C1,13,5029,0.497,23,0.78653,0.84266,966,3864,DR_primary
11,2,C2,13,5029,0.497,23,0.78628,0.84251,966,3864,DR_primary
11,2,C3,13,5029,0.497,23,0.78628,0.84251,966,3864,DR_primary
11,2,C0,14,4552,0.4498,23,0.78639,0.84262,966,3864,DR_primary
11,2,C1,14,5042,0.4983,23,0.78655,0.84286,966,3864,DR_primary
11,2,C2,14,5026,0.4967,23,0.78658,0.84301,966,3864,DR_primary
11,2,C3,14,5026,0.4967,23,0.78658,0.84301,966,3864,DR_primary
11,2,C0,15,4599,0.4545,23,0.78824,0.84398,966,3864,DR_primary
11,2,C1,15,5053,0.4994,23,0.78823,0.84392,966,3864,DR_primary
11,2,C2,15,5028,0.4969,23,0.78808,0.84378,966,3864,DR_primary
11,2,C3,15,5028,0.4969,23,0.78808,0.84378,966,3864,DR_primary
11,2,C0,16,4626,0.4572,23,0.78625,0.84231,966,3864,DR_primary
11,2,C1,16,5098,0.5038,23,0.78628,0.84247,966,3864,DR_primary
11,2,C2,16,5088,0.5028,23,0.78614,0.84243,966,3864,DR_primary
11,2,C3,16,5088,0.5028,23,0.78614,0.84243,966,3864,DR_primary
11,2,C0,17,4544,0.4491,23,0.78693,0.84258,966,3864,DR_primary
11,2,C1,17,4992,0.4933,23,0.78692,0.84257,966,3864,DR_primary
11,2,C2,17,5005,0.4946,23,0.78682,0.84261,966,3864,DR_primary
11,2,C3,17,5005,0.4946,23,0.78682,0.84261,966,3864,DR_primary
11,2,C0,18,4618,0.4564,23,0.78639,0.84273,966,3864,DR_primary
11,2,C1,18,5066,0.5006,23,0.78596,0.8424,966,3864,DR_primary
11,2,C2,18,5086,0.5026,23,0.7862,0.84267,966,3864,DR_primary
11,2,C3,18,5086,0.5026,23,0.7862,0.84267,966,3864,DR_primary
11,2,C0,19,4594,0.454,23,0.78699,0.843,966,3864,DR_primary
11,2,C1,19,5026,0.4967,23,0.78725,0.84321,966,3864,DR_primary
11,2,C2,19,5027,0.4968,23,0.78707,0.84324,966,3864,DR_primary
11,2,C3,19,5027,0.4968,23,0.78707,0.84324,966,3864,DR_primary
11,2,C0,20,4683,0.4628,23,0.78658,0.84287,966,3864,DR_primary
11,2,C1,20,5157,0.5096,23,0.78653,0.84282,966,3864,DR_primary
11,2,C2,20,5124,0.5064,23,0.78649,0.84291,966,3864,DR_primary
11,2,C3,20,5124,0.5064,23,0.78649,0.84291,966,3864,DR_primary
11,2,C0,21,4605,0.4551,23,0.78698,0.84286,966,3864,DR_primary
11,2,C1,21,5053,0.4994,23,0.78672,0.84263,966,3864,DR_primary
11,2,C2,21,5055,0.4996,23,0.78661,0.84266,966,3864,DR_primary
11,2,C3,21,5055,0.4996,23,0.78661,0.84266,966,3864,DR_primary
11,2,C0,22,4514,0.4461,23,0.78655,0.84306,966,3864,DR_primary
11,2,C1,22,4976,0.4917,23,0.78658,0.84318,966,3864,DR_primary
11,2,C2,22,4989,0.493,23,0.78651,0.84308,966,3864,DR_primary
11,2,C3,22,4989,0.493,23,0.78651,0.84308,966,3864,DR_primary
11,2,C0,23,4650,0.4595,23,0.78698,0.84363,966,3864,DR_primary
11,2,C1,23,5096,0.5036,23,0.78713,0.84382,966,3864,DR_primary
11,2,C2,23,5091,0.5031,23,0.78725,0.84398,966,3864,DR_primary
11,2,C3,23,5091,0.5031,23,0.78725,0.84398,966,3864,DR_primary
11,2,C0,24,4605,0.4551,23,0.78695,0.84307,966,3864,DR_primary
11,2,C1,24,5071,0.5011,23,0.78678,0.84309,966,3864,DR_primary
11,2,C2,24,5058,0.4999,23,0.78668,0.8431,966,3864,DR_primary
11,2,C3,24,5058,0.4999,23,0.78668,0.8431,966,3864,DR_primary
11,2,C0,25,4645,0.459,23,0.78686,0.84332,966,3864,DR_primary
11,2,C1,25,5077,0.5017,23,0.78706,0.84338,966,3864,DR_primary
11,2,C2,25,5084,0.5024,23,0.78665,0.84326,966,3864,DR_primary
11,2,C3,25,5084,0.5024,23,0.78665,0.84326,966,3864,DR_primary
11,2,C0,26,4603,0.4549,23,0.78698,0.84331,966,3864,DR_primary
11,2,C1,26,5063,0.5003,23,0.78712,0.84336,966,3864,DR_primary
11,2,C2,26,5089,0.5029,23,0.78688,0.84334,966,3864,DR_primary
11,2,C3,26,5089,0.5029,23,0.78688,0.84334,966,3864,DR_primary
11,2,C0,27,4569,0.4515,23,0.7868,0.843,966,3864,DR_primary
11,2,C1,27,5009,0.495,23,0.78672,0.84302,966,3864,DR_primary
11,2,C2,27,4988,0.4929,23,0.78666,0.84294,966,3864,DR_primary
11,2,C3,27,4988,0.4929,23,0.78666,0.84294,966,3864,DR_primary
11,2,C0,28,4646,0.4591,23,0.78696,0.84333,966,3864,DR_primary
11,2,C1,28,5127,0.5067,23,0.78716,0.84334,966,3864,DR_primary
11,2,C2,28,5119,0.5059,23,0.78677,0.84318,966,3864,DR_primary
11,2,C3,28,5119,0.5059,23,0.78677,0.84318,966,3864,DR_primary
11,2,C0,29,4611,0.4557,23,0.78663,0.8429,966,3864,DR_primary
11,2,C1,29,5039,0.498,23,0.78659,0.84289,966,3864,DR_primary
11,2,C2,29,5051,0.4992,23,0.78657,0.84295,966,3864,DR_primary
11,2,C3,29,5051,0.4992,23,0.78657,0.84295,966,3864,DR_primary
11,2,C0,30,4649,0.4594,23,0.78653,0.84285,966,3864,DR_primary
11,2,C1,30,5099,0.5039,23,0.78662,0.84288,966,3864,DR_primary
11,2,C2,30,5101,0.5041,23,0.78648,0.84293,966,3864,DR_primary
11,2,C3,30,5101,0.5041,23,0.78648,0.84293,966,3864,DR_primary
11,3,C0,1,4543,0.449,23,0.78759,0.84376,966,3864,DR_primary
11,3,C1,1,5004,0.4945,23,0.78725,0.84344,966,3864,DR_primary
11,3,C2,1,4991,0.4932,23,0.78768,0.84381,966,3864,DR_primary
11,3,C3,1,4991,0.4932,23,0.78768,0.84381,966,3864,DR_primary
11,3,C0,2,4612,0.4558,23,0.78687,0.84309,966,3864,DR_primary
11,3,C1,2,5083,0.5023,23,0.78666,0.84297,966,3864,DR_primary
11,3,C2,2,5079,0.5019,23,0.78687,0.8431,966,3864,DR_primary
11,3,C3,2,5079,0.5019,23,0.78687,0.8431,966,3864,DR_primary
11,3,C0,3,4584,0.453,23,0.78698,0.84323,966,3864,DR_primary
11,3,C1,3,5025,0.4966,23,0.78705,0.84327,966,3864,DR_primary
11,3,C2,3,5004,0.4945,23,0.78685,0.84318,966,3864,DR_primary
11,3,C3,3,5004,0.4945,23,0.78685,0.84318,966,3864,DR_primary
11,3,C0,4,4626,0.4572,23,0.78786,0.84409,966,3864,DR_primary
11,3,C1,4,5106,0.5046,23,0.78769,0.84391,966,3864,DR_primary
11,3,C2,4,5095,0.5035,23,0.78784,0.84402,966,3864,DR_primary
11,3,C3,4,5095,0.5035,23,0.78784,0.84402,966,3864,DR_primary
11,3,C0,5,4554,0.45,23,0.78734,0.8438,966,3864,DR_primary
11,3,C1,5,5007,0.4948,23,0.78738,0.84378,966,3864,DR_primary
11,3,C2,5,5023,0.4964,23,0.78733,0.84392,966,3864,DR_primary
11,3,C3,5,5023,0.4964,23,0.78733,0.84392,966,3864,DR_primary
11,3,C0,6,4537,0.4484,23,0.78699,0.84291,966,3864,DR_primary
11,3,C1,6,5006,0.4947,23,0.78682,0.84296,966,3864,DR_primary
11,3,C2,6,4995,0.4936,23,0.78697,0.84312,966,3864,DR_primary
11,3,C3,6,4995,0.4936,23,0.78697,0.84312,966,3864,DR_primary
11,3,C0,7,4539,0.4486,23,0.78704,0.84334,966,3864,DR_primary
11,3,C1,7,5009,0.495,23,0.78697,0.84311,966,3864,DR_primary
11,3,C2,7,5027,0.4968,23,0.78655,0.84287,966,3864,DR_primary
11,3,C3,7,5027,0.4968,23,0.78655,0.84287,966,3864,DR_primary
11,3,C0,8,4556,0.4502,23,0.7864,0.84294,966,3864,DR_primary
11,3,C1,8,5001,0.4942,23,0.7864,0.84291,966,3864,DR_primary
11,3,C2,8,5000,0.4941,23,0.78631,0.84284,966,3864,DR_primary
11,3,C3,8,5000,0.4941,23,0.78631,0.84284,966,3864,DR_primary
11,3,C0,9,4703,0.4648,23,0.78647,0.84254,966,3864,DR_primary
11,3,C1,9,5141,0.5081,23,0.78667,0.84291,966,3864,DR_primary
11,3,C2,9,5144,0.5084,23,0.7868,0.84304,966,3864,DR_primary
11,3,C3,9,5144,0.5084,23,0.7868,0.84304,966,3864,DR_primary
11,3,C0,10,4527,0.4474,23,0.78655,0.84327,966,3864,DR_primary
11,3,C1,10,4998,0.4939,23,0.78653,0.84335,966,3864,DR_primary
11,3,C2,10,4958,0.49,23,0.78623,0.84307,966,3864,DR_primary
11,3,C3,10,4958,0.49,23,0.78623,0.84307,966,3864,DR_primary
11,3,C0,11,4638,0.4583,23,0.78772,0.84353,966,3864,DR_primary
11,3,C1,11,5101,0.5041,23,0.78748,0.84343,966,3864,DR_primary
11,3,C2,11,5121,0.5061,23,0.78738,0.8434,966,3864,DR_primary
11,3,C3,11,5121,0.5061,23,0.78738,0.8434,966,3864,DR_primary
11,3,C0,12,4603,0.4549,23,0.78729,0.84338,966,3864,DR_primary
11,3,C1,12,5041,0.4982,23,0.78724,0.84331,966,3864,DR_primary
11,3,C2,12,5020,0.4961,23,0.78709,0.84337,966,3864,DR_primary
11,3,C3,12,5020,0.4961,23,0.78709,0.84337,966,3864,DR_primary
11,3,C0,13,4624,0.457,23,0.78737,0.84359,966,3864,DR_primary
11,3,C1,13,5084,0.5024,23,0.78732,0.84356,966,3864,DR_primary
11,3,C2,13,5080,0.502,23,0.78709,0.84349,966,3864,DR_primary
11,3,C3,13,5080,0.502,23,0.78709,0.84349,966,3864,DR_primary
11,3,C0,14,4624,0.457,23,0.78711,0.84279,966,3864,DR_primary
11,3,C1,14,5068,0.5008,23,0.78704,0.84281,966,3864,DR_primary
11,3,C2,14,5069,0.5009,23,0.78695,0.84289,966,3864,DR_primary
11,3,C3,14,5069,0.5009,23,0.78695,0.84289,966,3864,DR_primary
11,3,C0,15,4735,0.4679,23,0.78782,0.84376,966,3864,DR_primary
11,3,C1,15,5168,0.5107,23,0.78758,0.84347,966,3864,DR_primary
11,3,C2,15,5178,0.5117,23,0.78748,0.84359,966,3864,DR_primary
11,3,C3,15,5178,0.5117,23,0.78748,0.84359,966,3864,DR_primary
11,3,C0,16,4571,0.4517,23,0.78679,0.84293,966,3864,DR_primary
11,3,C1,16,5055,0.4996,23,0.78658,0.84274,966,3864,DR_primary
11,3,C2,16,5064,0.5004,23,0.78662,0.84289,966,3864,DR_primary
11,3,C3,16,5064,0.5004,23,0.78662,0.84289,966,3864,DR_primary
11,3,C0,17,4580,0.4526,23,0.78635,0.84286,966,3864,DR_primary
11,3,C1,17,5062,0.5002,23,0.78643,0.84292,966,3864,DR_primary
11,3,C2,17,5044,0.4985,23,0.7865,0.84311,966,3864,DR_primary
11,3,C3,17,5044,0.4985,23,0.7865,0.84311,966,3864,DR_primary
11,3,C0,18,4576,0.4522,23,0.78699,0.84314,966,3864,DR_primary
11,3,C1,18,5013,0.4954,23,0.78694,0.84313,966,3864,DR_primary
11,3,C2,18,5050,0.4991,23,0.7871,0.84341,966,3864,DR_primary
11,3,C3,18,5050,0.4991,23,0.7871,0.84341,966,3864,DR_primary
11,3,C0,19,4566,0.4512,23,0.78687,0.84301,966,3864,DR_primary
11,3,C1,19,4993,0.4934,23,0.7868,0.84309,966,3864,DR_primary
11,3,C2,19,4980,0.4921,23,0.7867,0.84311,966,3864,DR_primary
11,3,C3,19,4980,0.4921,23,0.7867,0.84311,966,3864,DR_primary
11,3,C0,20,4555,0.4501,23,0.78654,0.84315,966,3864,DR_primary
11,3,C1,20,5002,0.4943,23,0.78698,0.84344,966,3864,DR_primary
11,3,C2,20,5036,0.4977,23,0.78679,0.84329,966,3864,DR_primary
11,3,C3,20,5036,0.4977,23,0.78679,0.84329,966,3864,DR_primary
11,3,C0,21,4645,0.459,23,0.78624,0.84252,966,3864,DR_primary
11,3,C1,21,5094,0.5034,23,0.78656,0.84271,966,3864,DR_primary
11,3,C2,21,5101,0.5041,23,0.78627,0.84255,966,3864,DR_primary
11,3,C3,21,5101,0.5041,23,0.78627,0.84255,966,3864,DR_primary
11,3,C0,22,4622,0.4568,23,0.78736,0.84332,966,3864,DR_primary
11,3,C1,22,5075,0.5015,23,0.78737,0.84333,966,3864,DR_primary
11,3,C2,22,5073,0.5013,23,0.78722,0.84331,966,3864,DR_primary
11,3,C3,22,5073,0.5013,23,0.78722,0.84331,966,3864,DR_primary
11,3,C0,23,4588,0.4534,23,0.78669,0.84305,966,3864,DR_primary
11,3,C1,23,5036,0.4977,23,0.7866,0.84296,966,3864,DR_primary
11,3,C2,23,5044,0.4985,23,0.78658,0.84305,966,3864,DR_primary
11,3,C3,23,5044,0.4985,23,0.78658,0.84305,966,3864,DR_primary
11,3,C0,24,4586,0.4532,23,0.78714,0.84301,966,3864,DR_primary
11,3,C1,24,5035,0.4976,23,0.78709,0.84297,966,3864,DR_primary
11,3,C2,24,5048,0.4989,23,0.78702,0.84305,966,3864,DR_primary
11,3,C3,24,5048,0.4989,23,0.78702,0.84305,966,3864,DR_primary
11,3,C0,25,4597,0.4543,23,0.7865,0.84286,966,3864,DR_primary
11,3,C1,25,5046,0.4987,23,0.7866,0.84292,966,3864,DR_primary
11,3,C2,25,5041,0.4982,23,0.78645,0.84284,966,3864,DR_primary
11,3,C3,25,5041,0.4982,23,0.78645,0.84284,966,3864,DR_primary
11,3,C0,26,4605,0.4551,23,0.78726,0.84341,966,3864,DR_primary
11,3,C1,26,5057,0.4998,23,0.78738,0.84356,966,3864,DR_primary
11,3,C2,26,5081,0.5021,23,0.78743,0.84369,966,3864,DR_primary
11,3,C3,26,5081,0.5021,23,0.78743,0.84369,966,3864,DR_primary
11,3,C0,27,4613,0.4559,23,0.78716,0.8428,966,3864,DR_primary
11,3,C1,27,5078,0.5018,23,0.7871,0.84277,966,3864,DR_primary
11,3,C2,27,5040,0.4981,23,0.78702,0.8428,966,3864,DR_primary
11,3,C3,27,5040,0.4981,23,0.78702,0.8428,966,3864,DR_primary
11,3,C0,28,4549,0.4496,23,0.78774,0.84402,966,3864,DR_primary
11,3,C1,28,5010,0.4951,23,0.78763,0.84398,966,3864,DR_primary
11,3,C2,28,5014,0.4955,23,0.78754,0.84386,966,3864,DR_primary
11,3,C3,28,5014,0.4955,23,0.78754,0.84386,966,3864,DR_primary
11,3,C0,29,4574,0.452,23,0.78679,0.84344,966,3864,DR_primary
11,3,C1,29,4990,0.4931,23,0.78681,0.84347,966,3864,DR_primary
11,3,C2,29,5020,0.4961,23,0.78651,0.8433,966,3864,DR_primary
11,3,C3,29,5020,0.4961,23,0.78651,0.8433,966,3864,DR_primary
11,3,C0,30,4618,0.4564,23,0.78715,0.84358,966,3864,DR_primary
11,3,C1,30,5056,0.4997,23,0.78704,0.84339,966,3864,DR_primary
11,3,C2,30,5054,0.4995,23,0.78698,0.8435,966,3864,DR_primary
11,3,C3,30,5054,0.4995,23,0.78698,0.8435,966,3864,DR_primary
11,4,C0,1,4537,0.4484,23,0.78683,0.84288,966,3864,DR_primary
11,4,C1,1,5020,0.4961,23,0.78696,0.84306,966,3864,DR_primary
11,4,C2,1,5021,0.4962,23,0.78715,0.84309,966,3864,DR_primary
11,4,C3,1,5021,0.4962,23,0.78715,0.84309,966,3864,DR_primary
11,4,C0,2,4622,0.4568,23,0.78704,0.8435,966,3864,DR_primary
11,4,C1,2,5102,0.5042,23,0.78683,0.84329,966,3864,DR_primary
11,4,C2,2,5078,0.5018,23,0.78696,0.84348,966,3864,DR_primary
11,4,C3,2,5078,0.5018,23,0.78696,0.84348,966,3864,DR_primary
11,4,C0,3,4627,0.4573,23,0.78711,0.843,966,3864,DR_primary
11,4,C1,3,5091,0.5031,23,0.78728,0.8431,966,3864,DR_primary
11,4,C2,3,5115,0.5055,23,0.78729,0.84327,966,3864,DR_primary
11,4,C3,3,5115,0.5055,23,0.78729,0.84327,966,3864,DR_primary
11,4,C0,4,4603,0.4549,23,0.78699,0.84297,966,3864,DR_primary
11,4,C1,4,5021,0.4962,23,0.78714,0.84319,966,3864,DR_primary
11,4,C2,4,5037,0.4978,23,0.7872,0.84337,966,3864,DR_primary
11,4,C3,4,5037,0.4978,23,0.7872,0.84337,966,3864,DR_primary
11,4,C0,5,4691,0.4636,23,0.78746,0.84389,966,3864,DR_primary
11,4,C1,5,5133,0.5073,23,0.78723,0.84365,966,3864,DR_primary
11,4,C2,5,5107,0.5047,23,0.78715,0.84364,966,3864,DR_primary
11,4,C3,5,5107,0.5047,23,0.78715,0.84364,966,3864,DR_primary
11,4,C0,6,4598,0.4544,23,0.78728,0.84335,966,3864,DR_primary
11,4,C1,6,5037,0.4978,23,0.78743,0.8434,966,3864,DR_primary
11,4,C2,6,5052,0.4993,23,0.78741,0.84361,966,3864,DR_primary
11,4,C3,6,5052,0.4993,23,0.78741,0.84361,966,3864,DR_primary
11,4,C0,7,4631,0.4577,23,0.78713,0.84369,966,3864,DR_primary
11,4,C1,7,5072,0.5012,23,0.78715,0.84371,966,3864,DR_primary
11,4,C2,7,5074,0.5014,23,0.787,0.84367,966,3864,DR_primary
11,4,C3,7,5074,0.5014,23,0.787,0.84367,966,3864,DR_primary
11,4,C0,8,4624,0.457,23,0.78686,0.8433,966,3864,DR_primary
11,4,C1,8,5052,0.4993,23,0.78658,0.84295,966,3864,DR_primary
11,4,C2,8,5081,0.5021,23,0.78663,0.84311,966,3864,DR_primary
11,4,C3,8,5081,0.5021,23,0.78663,0.84311,966,3864,DR_primary
11,4,C0,9,4595,0.4541,23,0.78655,0.84279,966,3864,DR_primary
11,4,C1,9,5092,0.5032,23,0.78649,0.84271,966,3864,DR_primary
11,4,C2,9,5101,0.5041,23,0.78636,0.84271,966,3864,DR_primary
11,4,C3,9,5101,0.5041,23,0.78636,0.84271,966,3864,DR_primary
11,4,C0,10,4598,0.4544,23,0.78701,0.84353,966,3864,DR_primary
11,4,C1,10,5045,0.4986,23,0.78689,0.84343,966,3864,DR_primary
11,4,C2,10,5036,0.4977,23,0.78703,0.8436,966,3864,DR_primary
11,4,C3,10,5036,0.4977,23,0.78703,0.8436,966,3864,DR_primary
11,4,C0,11,4548,0.4495,23,0.78718,0.8432,966,3864,DR_primary
11,4,C1,11,5045,0.4986,23,0.78706,0.84329,966,3864,DR_primary
11,4,C2,11,5064,0.5004,23,0.78714,0.84331,966,3864,DR_primary
11,4,C3,11,5064,0.5004,23,0.78714,0.84331,966,3864,DR_primary
11,4,C0,12,4634,0.458,23,0.78723,0.84371,966,3864,DR_primary
11,4,C1,12,5067,0.5007,23,0.7873,0.84374,966,3864,DR_primary
11,4,C2,12,5071,0.5011,23,0.78714,0.84372,966,3864,DR_primary
11,4,C3,12,5071,0.5011,23,0.78714,0.84372,966,3864,DR_primary
11,4,C0,13,4587,0.4533,23,0.78771,0.84381,966,3864,DR_primary
11,4,C1,13,5075,0.5015,23,0.78789,0.84399,966,3864,DR_primary
11,4,C2,13,5057,0.4998,23,0.78789,0.84404,966,3864,DR_primary
11,4,C3,13,5057,0.4998,23,0.78789,0.84404,966,3864,DR_primary
11,4,C0,14,4594,0.454,23,0.78676,0.84267,966,3864,DR_primary
11,4,C1,14,5004,0.4945,23,0.78701,0.8428,966,3864,DR_primary
11,4,C2,14,5040,0.4981,23,0.78683,0.84272,966,3864,DR_primary
11,4,C3,14,5040,0.4981,23,0.78683,0.84272,966,3864,DR_primary
11,4,C0,15,4581,0.4527,23,0.78636,0.84254,966,3864,DR_primary
11,4,C1,15,5035,0.4976,23,0.78645,0.84265,966,3864,DR_primary
11,4,C2,15,5031,0.4972,23,0.78639,0.84283,966,3864,DR_primary
11,4,C3,15,5031,0.4972,23,0.78639,0.84283,966,3864,DR_primary
11,4,C0,16,4645,0.459,23,0.78756,0.84393,966,3864,DR_primary
11,4,C1,16,5106,0.5046,23,0.78769,0.84395,966,3864,DR_primary
11,4,C2,16,5094,0.5034,23,0.78741,0.84384,966,3864,DR_primary
11,4,C3,16,5094,0.5034,23,0.78741,0.84384,966,3864,DR_primary
11,4,C0,17,4652,0.4597,23,0.78744,0.84351,966,3864,DR_primary
11,4,C1,17,5122,0.5062,23,0.78741,0.84354,966,3864,DR_primary
11,4,C2,17,5119,0.5059,23,0.78739,0.84366,966,3864,DR_primary
11,4,C3,17,5119,0.5059,23,0.78739,0.84366,966,3864,DR_primary
11,4,C0,18,4549,0.4496,23,0.78661,0.84347,966,3864,DR_primary
11,4,C1,18,5027,0.4968,23,0.78644,0.84341,966,3864,DR_primary
11,4,C2,18,5019,0.496,23,0.7865,0.84355,966,3864,DR_primary
11,4,C3,18,5019,0.496,23,0.7865,0.84355,966,3864,DR_primary
11,4,C0,19,4631,0.4577,23,0.78713,0.84291,966,3864,DR_primary
11,4,C1,19,5059,0.5,23,0.78717,0.84295,966,3864,DR_primary
11,4,C2,19,5060,0.5,23,0.78718,0.84307,966,3864,DR_primary
11,4,C3,19,5060,0.5,23,0.78718,0.84307,966,3864,DR_primary
11,4,C0,20,4589,0.4535,23,0.78727,0.84344,966,3864,DR_primary
11,4,C1,20,5040,0.4981,23,0.78705,0.8433,966,3864,DR_primary
11,4,C2,20,5070,0.501,23,0.78704,0.84326,966,3864,DR_primary
11,4,C3,20,5070,0.501,23,0.78704,0.84326,966,3864,DR_primary
11,4,C0,21,4596,0.4542,23,0.78654,0.84328,966,3864,DR_primary
11,4,C1,21,5055,0.4996,23,0.78658,0.84324,966,3864,DR_primary
11,4,C2,21,5071,0.5011,23,0.78624,0.84317,966,3864,DR_primary
11,4,C3,21,5071,0.5011,23,0.78624,0.84317,966,3864,DR_primary
11,4,C0,22,4583,0.4529,23,0.78666,0.84292,966,3864,DR_primary
11,4,C1,22,5049,0.499,23,0.7863,0.84266,966,3864,DR_primary
11,4,C2,22,5061,0.5001,23,0.78643,0.84261,966,3864,DR_primary
11,4,C3,22,5061,0.5001,23,0.78643,0.84261,966,3864,DR_primary
11,4,C0,23,4642,0.4587,23,0.78693,0.84337,966,3864,DR_primary
11,4,C1,23,5064,0.5004,23,0.78717,0.84351,966,3864,DR_primary
11,4,C2,23,5074,0.5014,23,0.78694,0.84339,966,3864,DR_primary
11,4,C3,23,5074,0.5014,23,0.78694,0.84339,966,3864,DR_primary
11,4,C0,24,4578,0.4524,23,0.788,0.84383,966,3864,DR_primary
11,4,C1,24,5031,0.4972,23,0.78778,0.84367,966,3864,DR_primary
11,4,C2,24,5047,0.4988,23,0.78784,0.84373,966,3864,DR_primary
11,4,C3,24,5047,0.4988,23,0.78784,0.84373,966,3864,DR_primary
11,4,C0,25,4581,0.4527,23,0.78688,0.84354,966,3864,DR_primary
11,4,C1,25,5039,0.498,23,0.78667,0.84337,966,3864,DR_primary
11,4,C2,25,5020,0.4961,23,0.78683,0.8436,966,3864,DR_primary
11,4,C3,25,5020,0.4961,23,0.78683,0.8436,966,3864,DR_primary
11,4,C0,26,4583,0.4529,23,0.78768,0.84389,966,3864,DR_primary
11,4,C1,26,5001,0.4942,23,0.78732,0.84358,966,3864,DR_primary
11,4,C2,26,4984,0.4925,23,0.78771,0.84384,966,3864,DR_primary
11,4,C3,26,4984,0.4925,23,0.78771,0.84384,966,3864,DR_primary
11,4,C0,27,4626,0.4572,23,0.78656,0.84338,966,3864,DR_primary
11,4,C1,27,5051,0.4992,23,0.78657,0.8433,966,3864,DR_primary
11,4,C2,27,5047,0.4988,23,0.78652,0.84339,966,3864,DR_primary
11,4,C3,27,5047,0.4988,23,0.78652,0.84339,966,3864,DR_primary
11,4,C0,28,4567,0.4513,23,0.78619,0.84256,966,3864,DR_primary
11,4,C1,28,5043,0.4984,23,0.78656,0.8428,966,3864,DR_primary
11,4,C2,28,5063,0.5003,23,0.78638,0.84283,966,3864,DR_primary
11,4,C3,28,5063,0.5003,23,0.78638,0.84283,966,3864,DR_primary
11,4,C0,29,4594,0.454,23,0.78689,0.84291,966,3864,DR_primary
11,4,C1,29,5048,0.4989,23,0.78679,0.843,966,3864,DR_primary
11,4,C2,29,5064,0.5004,23,0.78698,0.84322,966,3864,DR_primary
11,4,C3,29,5064,0.5004,23,0.78698,0.84322,966,3864,DR_primary
11,4,C0,30,4565,0.4511,23,0.78684,0.84323,966,3864,DR_primary
11,4,C1,30,5014,0.4955,23,0.78673,0.84317,966,3864,DR_primary
11,4,C2,30,5027,0.4968,23,0.787,0.84355,966,3864,DR_primary
11,4,C3,30,5027,0.4968,23,0.787,0.84355,966,3864,DR_primary
11,5,C0,1,4592,0.4538,23,0.78732,0.84352,966,3864,DR_primary
11,5,C1,1,5016,0.4957,23,0.78757,0.8437,966,3864,DR_primary
11,5,C2,1,5054,0.4995,23,0.78777,0.84379,966,3864,DR_primary
11,5,C3,1,5054,0.4995,23,0.78777,0.84379,966,3864,DR_primary
11,5,C0,2,4670,0.4615,23,0.786,0.84216,966,3864,DR_primary
11,5,C1,2,5123,0.5063,23,0.78633,0.84235,966,3864,DR_primary
11,5,C2,2,5130,0.507,23,0.78627,0.84252,966,3864,DR_primary
11,5,C3,2,5130,0.507,23,0.78627,0.84252,966,3864,DR_primary
11,5,C0,3,4596,0.4542,23,0.78708,0.84333,966,3864,DR_primary
11,5,C1,3,5076,0.5016,23,0.78676,0.84297,966,3864,DR_primary
11,5,C2,3,5061,0.5001,23,0.7867,0.84294,966,3864,DR_primary
11,5,C3,3,5061,0.5001,23,0.7867,0.84294,966,3864,DR_primary
11,5,C0,4,4594,0.454,23,0.78712,0.84328,966,3864,DR_primary
11,5,C1,4,5032,0.4973,23,0.7872,0.84343,966,3864,DR_primary
11,5,C2,4,5021,0.4962,23,0.78695,0.84336,966,3864,DR_primary
11,5,C3,4,5021,0.4962,23,0.78695,0.84336,966,3864,DR_primary
11,5,C0,5,4550,0.4496,23,0.78621,0.84315,966,3864,DR_primary
11,5,C1,5,5023,0.4964,23,0.78632,0.84304,966,3864,DR_primary
11,5,C2,5,4984,0.4925,23,0.78607,0.84299,966,3864,DR_primary
11,5,C3,5,4984,0.4925,23,0.78607,0.84299,966,3864,DR_primary
11,5,C0,6,4569,0.4515,23,0.7862,0.8426,966,3864,DR_primary
11,5,C1,6,5005,0.4946,23,0.78604,0.84231,966,3864,DR_primary
11,5,C2,6,5015,0.4956,23,0.78604,0.84241,966,3864,DR_primary
11,5,C3,6,5015,0.4956,23,0.78604,0.84241,966,3864,DR_primary
11,5,C0,7,4537,0.4484,23,0.78694,0.84332,966,3864,DR_primary
11,5,C1,7,4991,0.4932,23,0.78688,0.84312,966,3864,DR_primary
11,5,C2,7,4997,0.4938,23,0.78672,0.84315,966,3864,DR_primary
11,5,C3,7,4997,0.4938,23,0.78672,0.84315,966,3864,DR_primary
11,5,C0,8,4554,0.45,23,0.78649,0.8434,966,3864,DR_primary
11,5,C1,8,5043,0.4984,23,0.78678,0.84351,966,3864,DR_primary
11,5,C2,8,5031,0.4972,23,0.78675,0.84363,966,3864,DR_primary
11,5,C3,8,5031,0.4972,23,0.78675,0.84363,966,3864,DR_primary
11,5,C0,9,4555,0.4501,23,0.78723,0.84346,966,3864,DR_primary
11,5,C1,9,5009,0.495,23,0.78746,0.8436,966,3864,DR_primary
11,5,C2,9,5009,0.495,23,0.78703,0.84348,966,3864,DR_primary
11,5,C3,9,5009,0.495,23,0.78703,0.84348,966,3864,DR_primary
11,5,C0,10,4648,0.4593,23,0.78705,0.84319,966,3864,DR_primary
11,5,C1,10,5082,0.5022,23,0.78695,0.84327,966,3864,DR_primary
11,5,C2,10,5098,0.5038,23,0.787,0.8433,966,3864,DR_primary
11,5,C3,10,5098,0.5038,23,0.787,0.8433,966,3864,DR_primary
11,5,C0,11,4564,0.451,23,0.78721,0.84373,966,3864,DR_primary
11,5,C1,11,5015,0.4956,23,0.78706,0.84349,966,3864,DR_primary
11,5,C2,11,5028,0.4969,23,0.78696,0.84342,966,3864,DR_primary
11,5,C3,11,5028,0.4969,23,0.78696,0.84342,966,3864,DR_primary
11,5,C0,12,4651,0.4596,23,0.78625,0.8428,966,3864,DR_primary
11,5,C1,12,5108,0.5048,23,0.78619,0.84274,966,3864,DR_primary
11,5,C2,12,5125,0.5065,23,0.7862,0.84277,966,3864,DR_primary
11,5,C3,12,5125,0.5065,23,0.7862,0.84277,966,3864,DR_primary
11,5,C0,13,4571,0.4517,23,0.78608,0.84221,966,3864,DR_primary
11,5,C1,13,5034,0.4975,23,0.78608,0.84229,966,3864,DR_primary
11,5,C2,13,5062,0.5002,23,0.78599,0.84226,966,3864,DR_primary
11,5,C3,13,5062,0.5002,23,0.78599,0.84226,966,3864,DR_primary
11,5,C0,14,4574,0.452,23,0.78657,0.8434,966,3864,DR_primary
11,5,C1,14,5064,0.5004,23,0.78666,0.84329,966,3864,DR_primary
11,5,C2,14,5044,0.4985,23,0.7865,0.84328,966,3864,DR_primary
11,5,C3,14,5044,0.4985,23,0.7865,0.84328,966,3864,DR_primary
11,5,C0,15,4630,0.4576,23,0.78662,0.84297,966,3864,DR_primary
11,5,C1,15,5093,0.5033,23,0.78661,0.84289,966,3864,DR_primary
11,5,C2,15,5097,0.5037,23,0.78649,0.843,966,3864,DR_primary
11,5,C3,15,5097,0.5037,23,0.78649,0.843,966,3864,DR_primary
11,5,C0,16,4571,0.4517,23,0.78613,0.84266,966,3864,DR_primary
11,5,C1,16,5002,0.4943,23,0.78591,0.84266,966,3864,DR_primary
11,5,C2,16,5006,0.4947,23,0.78619,0.84285,966,3864,DR_primary
11,5,C3,16,5006,0.4947,23,0.78619,0.84285,966,3864,DR_primary
11,5,C0,17,4675,0.462,23,0.78736,0.84359,966,3864,DR_primary
11,5,C1,17,5121,0.5061,23,0.78758,0.84376,966,3864,DR_primary
11,5,C2,17,5128,0.5068,23,0.78733,0.84362,966,3864,DR_primary
11,5,C3,17,5128,0.5068,23,0.78733,0.84362,966,3864,DR_primary
11,5,C0,18,4640,0.4585,23,0.78678,0.84254,966,3864,DR_primary
11,5,C1,18,5081,0.5021,23,0.78693,0.84277,966,3864,DR_primary
11,5,C2,18,5101,0.5041,23,0.78672,0.84265,966,3864,DR_primary
11,5,C3,18,5101,0.5041,23,0.78672,0.84265,966,3864,DR_primary
11,5,C0,19,4516,0.4463,23,0.78579,0.84242,966,3864,DR_primary
11,5,C1,19,4984,0.4925,23,0.78597,0.84249,966,3864,DR_primary
11,5,C2,19,4968,0.491,23,0.78595,0.84252,966,3864,DR_primary
11,5,C3,19,4968,0.491,23,0.78595,0.84252,966,3864,DR_primary
11,5,C0,20,4608,0.4554,23,0.787,0.84328,966,3864,DR_primary
11,5,C1,20,5054,0.4995,23,0.78723,0.84369,966,3864,DR_primary
11,5,C2,20,5086,0.5026,23,0.78707,0.84365,966,3864,DR_primary
11,5,C3,20,5086,0.5026,23,0.78707,0.84365,966,3864,DR_primary
11,5,C0,21,4581,0.4527,23,0.7871,0.843,966,3864,DR_primary
11,5,C1,21,4997,0.4938,23,0.78688,0.84284,966,3864,DR_primary
11,5,C2,21,5011,0.4952,23,0.78702,0.84307,966,3864,DR_primary
11,5,C3,21,5011,0.4952,23,0.78702,0.84307,966,3864,DR_primary
11,5,C0,22,4586,0.4532,23,0.78641,0.84253,966,3864,DR_primary
11,5,C1,22,5050,0.4991,23,0.78656,0.84262,966,3864,DR_primary
11,5,C2,22,5067,0.5007,23,0.78633,0.84261,966,3864,DR_primary
11,5,C3,22,5067,0.5007,23,0.78633,0.84261,966,3864,DR_primary
11,5,C0,23,4590,0.4536,23,0.78671,0.8433,966,3864,DR_primary
11,5,C1,23,5032,0.4973,23,0.78656,0.84304,966,3864,DR_primary
11,5,C2,23,5000,0.4941,23,0.7866,0.8432,966,3864,DR_primary
11,5,C3,23,5000,0.4941,23,0.7866,0.8432,966,3864,DR_primary
11,5,C0,24,4637,0.4582,23,0.78695,0.84315,966,3864,DR_primary
11,5,C1,24,5103,0.5043,23,0.78725,0.84338,966,3864,DR_primary
11,5,C2,24,5107,0.5047,23,0.78716,0.8434,966,3864,DR_primary
11,5,C3,24,5107,0.5047,23,0.78716,0.8434,966,3864,DR_primary
11,5,C0,25,4537,0.4484,23,0.78673,0.84292,966,3864,DR_primary
11,5,C1,25,4988,0.4929,23,0.78667,0.84282,966,3864,DR_primary
11,5,C2,25,4994,0.4935,23,0.78653,0.84277,966,3864,DR_primary
11,5,C3,25,4994,0.4935,23,0.78653,0.84277,966,3864,DR_primary
11,5,C0,26,4632,0.4578,23,0.78642,0.843,966,3864,DR_primary
11,5,C1,26,5103,0.5043,23,0.78667,0.84309,966,3864,DR_primary
11,5,C2,26,5094,0.5034,23,0.78638,0.8429,966,3864,DR_primary
11,5,C3,26,5094,0.5034,23,0.78638,0.8429,966,3864,DR_primary
11,5,C0,27,4527,0.4474,23,0.78774,0.84342,966,3864,DR_primary
11,5,C1,27,4992,0.4933,23,0.78772,0.8434,966,3864,DR_primary
11,5,C2,27,5008,0.4949,23,0.78749,0.84347,966,3864,DR_primary
11,5,C3,27,5008,0.4949,23,0.78749,0.84347,966,3864,DR_primary
11,5,C0,28,4621,0.4567,23,0.78725,0.8433,966,3864,DR_primary
11,5,C1,28,5067,0.5007,23,0.78715,0.84315,966,3864,DR_primary
11,5,C2,28,5094,0.5034,23,0.78728,0.8433,966,3864,DR_primary
11,5,C3,28,5094,0.5034,23,0.78728,0.8433,966,3864,DR_primary
11,5,C0,29,4680,0.4625,23,0.787,0.84287,966,3864,DR_primary
11,5,C1,29,5149,0.5088,23,0.78692,0.84295,966,3864,DR_primary
11,5,C2,29,5163,0.5102,23,0.78697,0.84295,966,3864,DR_primary
11,5,C3,29,5163,0.5102,23,0.78697,0.84295,966,3864,DR_primary
11,5,C0,30,4553,0.4499,23,0.78627,0.84261,966,3864,DR_primary
11,5,C1,30,5000,0.4941,23,0.78627,0.84262,966,3864,DR_primary
11,5,C2,30,4998,0.4939,23,0.78618,0.84259,966,3864,DR_primary
11,5,C3,30,4998,0.4939,23,0.78618,0.84259,966,3864,DR_primary
11,6,C0,1,4568,0.4514,23,0.7865,0.843,966,3864,DR_primary
11,6,C1,1,5038,0.4979,23,0.78608,0.84264,966,3864,DR_primary
11,6,C2,1,5043,0.4984,23,0.78647,0.84299,966,3864,DR_primary
11,6,C3,1,5043,0.4984,23,0.78647,0.84299,966,3864,DR_primary
11,6,C0,2,4666,0.4611,23,0.78657,0.84268,966,3864,DR_primary
11,6,C1,2,5102,0.5042,23,0.78669,0.84286,966,3864,DR_primary
11,6,C2,2,5072,0.5012,23,0.78654,0.84282,966,3864,DR_primary
11,6,C3,2,5072,0.5012,23,0.78654,0.84282,966,3864,DR_primary
11,6,C0,3,4575,0.4521,23,0.78679,0.84306,966,3864,DR_primary
11,6,C1,3,5029,0.497,23,0.78666,0.84305,966,3864,DR_primary
11,6,C2,3,5026,0.4967,23,0.78663,0.84315,966,3864,DR_primary
11,6,C3,3,5026,0.4967,23,0.78663,0.84315,966,3864,DR_primary
11,6,C0,4,4607,0.4553,23,0.78778,0.84369,966,3864,DR_primary
11,6,C1,4,5073,0.5013,23,0.78768,0.8436,966,3864,DR_primary
11,6,C2,4,5065,0.5005,23,0.78767,0.84358,966,3864,DR_primary
11,6,C3,4,5065,0.5005,23,0.78767,0.84358,966,3864,DR_primary
11,6,C0,5,4552,0.4498,23,0.78692,0.84315,966,3864,DR_primary
11,6,C1,5,5020,0.4961,23,0.7867,0.84309,966,3864,DR_primary
11,6,C2,5,4999,0.494,23,0.78684,0.84327,966,3864,DR_primary
11,6,C3,5,4999,0.494,23,0.78684,0.84327,966,3864,DR_primary
11,6,C0,6,4623,0.4569,23,0.7872,0.84324,966,3864,DR_primary
11,6,C1,6,5056,0.4997,23,0.78716,0.84326,966,3864,DR_primary
11,6,C2,6,5077,0.5017,23,0.78713,0.84326,966,3864,DR_primary
11,6,C3,6,5077,0.5017,23,0.78713,0.84326,966,3864,DR_primary
11,6,C0,7,4621,0.4567,23,0.78613,0.84273,966,3864,DR_primary
11,6,C1,7,5049,0.499,23,0.7862,0.84273,966,3864,DR_primary
11,6,C2,7,5047,0.4988,23,0.78619,0.84288,966,3864,DR_primary
11,6,C3,7,5047,0.4988,23,0.78619,0.84288,966,3864,DR_primary
11,6,C0,8,4552,0.4498,23,0.78739,0.84335,966,3864,DR_primary
11,6,C1,8,5032,0.4973,23,0.78724,0.84318,966,3864,DR_primary
11,6,C2,8,5035,0.4976,23,0.78732,0.84324,966,3864,DR_primary
11,6,C3,8,5035,0.4976,23,0.78732,0.84324,966,3864,DR_primary
11,6,C0,9,4571,0.4517,23,0.78639,0.84272,966,3864,DR_primary
11,6,C1,9,5043,0.4984,23,0.78653,0.84276,966,3864,DR_primary
11,6,C2,9,5034,0.4975,23,0.78655,0.84299,966,3864,DR_primary
11,6,C3,9,5034,0.4975,23,0.78655,0.84299,966,3864,DR_primary
11,6,C0,10,4646,0.4591,23,0.78731,0.8429,966,3864,DR_primary
11,6,C1,10,5097,0.5037,23,0.78749,0.84323,966,3864,DR_primary
11,6,C2,10,5104,0.5044,23,0.78713,0.84304,966,3864,DR_primary
11,6,C3,10,5104,0.5044,23,0.78713,0.84304,966,3864,DR_primary
11,6,C0,11,4562,0.4508,23,0.78665,0.84274,966,3864,DR_primary
11,6,C1,11,5040,0.4981,23,0.78666,0.84299,966,3864,DR_primary
11,6,C2,11,5018,0.4959,23,0.78679,0.84302,966,3864,DR_primary
11,6,C3,11,5018,0.4959,23,0.78679,0.84302,966,3864,DR_primary
11,6,C0,12,4660,0.4605,23,0.78781,0.84383,966,3864,DR_primary
11,6,C1,12,5099,0.5039,23,0.78784,0.84381,966,3864,DR_primary
11,6,C2,12,5097,0.5037,23,0.78782,0.84385,966,3864,DR_primary
11,6,C3,12,5097,0.5037,23,0.78782,0.84385,966,3864,DR_primary
11,6,C0,13,4647,0.4592,23,0.7866,0.84289,966,3864,DR_primary
11,6,C1,13,5101,0.5041,23,0.78642,0.8428,966,3864,DR_primary
11,6,C2,13,5107,0.5047,23,0.78655,0.84299,966,3864,DR_primary
11,6,C3,13,5107,0.5047,23,0.78655,0.84299,966,3864,DR_primary
11,6,C0,14,4536,0.4483,23,0.78757,0.84347,966,3864,DR_primary
11,6,C1,14,5006,0.4947,23,0.78758,0.84353,966,3864,DR_primary
11,6,C2,14,5005,0.4946,23,0.78746,0.84344,966,3864,DR_primary
11,6,C3,14,5005,0.4946,23,0.78746,0.84344,966,3864,DR_primary
11,6,C0,15,4642,0.4587,23,0.78683,0.84307,966,3864,DR_primary
11,6,C1,15,5102,0.5042,23,0.78672,0.84297,966,3864,DR_primary
11,6,C2,15,5105,0.5045,23,0.78687,0.84321,966,3864,DR_primary
11,6,C3,15,5105,0.5045,23,0.78687,0.84321,966,3864,DR_primary
11,6,C0,16,4622,0.4568,23,0.78622,0.84254,966,3864,DR_primary
11,6,C1,16,5094,0.5034,23,0.78618,0.84236,966,3864,DR_primary
11,6,C2,16,5092,0.5032,23,0.78609,0.84236,966,3864,DR_primary
11,6,C3,16,5092,0.5032,23,0.78609,0.84236,966,3864,DR_primary
11,6,C0,17,4555,0.4501,23,0.78751,0.84412,966,3864,DR_primary
11,6,C1,17,5010,0.4951,23,0.78715,0.84373,966,3864,DR_primary
11,6,C2,17,5021,0.4962,23,0.78712,0.84388,966,3864,DR_primary
11,6,C3,17,5021,0.4962,23,0.78712,0.84388,966,3864,DR_primary
11,6,C0,18,4619,0.4565,23,0.78654,0.84317,966,3864,DR_primary
11,6,C1,18,5051,0.4992,23,0.7864,0.84316,966,3864,DR_primary
11,6,C2,18,5059,0.5,23,0.78655,0.84333,966,3864,DR_primary
11,6,C3,18,5059,0.5,23,0.78655,0.84333,966,3864,DR_primary
11,6,C0,19,4540,0.4487,23,0.7876,0.84373,966,3864,DR_primary
11,6,C1,19,5034,0.4975,23,0.78731,0.84362,966,3864,DR_primary
11,6,C2,19,5032,0.4973,23,0.78725,0.8437,966,3864,DR_primary
11,6,C3,19,5032,0.4973,23,0.78725,0.8437,966,3864,DR_primary
11,6,C0,20,4532,0.4479,23,0.78666,0.84316,966,3864,DR_primary
11,6,C1,20,4958,0.49,23,0.7866,0.84293,966,3864,DR_primary
11,6,C2,20,4956,0.4898,23,0.78649,0.84288,966,3864,DR_primary
11,6,C3,20,4956,0.4898,23,0.78649,0.84288,966,3864,DR_primary
11,6,C0,21,4517,0.4464,23,0.787,0.84329,966,3864,DR_primary
11,6,C1,21,4978,0.4919,23,0.78693,0.84306,966,3864,DR_primary
11,6,C2,21,4992,0.4933,23,0.78677,0.84311,966,3864,DR_primary
11,6,C3,21,4992,0.4933,23,0.78677,0.84311,966,3864,DR_primary
11,6,C0,22,4687,0.4632,23,0.78734,0.84349,966,3864,DR_primary
11,6,C1,22,5162,0.5101,23,0.78745,0.84355,966,3864,DR_primary
11,6,C2,22,5171,0.511,23,0.78742,0.84356,966,3864,DR_primary
11,6,C3,22,5171,0.511,23,0.78742,0.84356,966,3864,DR_primary
11,6,C0,23,4599,0.4545,23,0.78651,0.84291,966,3864,DR_primary
11,6,C1,23,5035,0.4976,23,0.78673,0.84301,966,3864,DR_primary
11,6,C2,23,5045,0.4986,23,0.78676,0.84318,966,3864,DR_primary
11,6,C3,23,5045,0.4986,23,0.78676,0.84318,966,3864,DR_primary
11,6,C0,24,4577,0.4523,23,0.78724,0.84344,966,3864,DR_primary
11,6,C1,24,5021,0.4962,23,0.78683,0.84302,966,3864,DR_primary
11,6,C2,24,5032,0.4973,23,0.78702,0.84315,966,3864,DR_primary
11,6,C3,24,5032,0.4973,23,0.78702,0.84315,966,3864,DR_primary
11,6,C0,25,4640,0.4585,23,0.7863,0.84257,966,3864,DR_primary
11,6,C1,25,5059,0.5,23,0.78619,0.84251,966,3864,DR_primary
11,6,C2,25,5052,0.4993,23,0.78618,0.84248,966,3864,DR_primary
11,6,C3,25,5052,0.4993,23,0.78618,0.84248,966,3864,DR_primary
11,6,C0,26,4662,0.4607,23,0.78668,0.84313,966,3864,DR_primary
11,6,C1,26,5124,0.5064,23,0.78639,0.84299,966,3864,DR_primary
11,6,C2,26,5131,0.5071,23,0.78654,0.84319,966,3864,DR_primary
11,6,C3,26,5131,0.5071,23,0.78654,0.84319,966,3864,DR_primary
11,6,C0,27,4567,0.4513,23,0.7864,0.84276,966,3864,DR_primary
11,6,C1,27,5009,0.495,23,0.78647,0.84283,966,3864,DR_primary
11,6,C2,27,5032,0.4973,23,0.78646,0.84284,966,3864,DR_primary
11,6,C3,27,5032,0.4973,23,0.78646,0.84284,966,3864,DR_primary
11,6,C0,28,4544,0.4491,23,0.78777,0.84316,966,3864,DR_primary
11,6,C1,28,5012,0.4953,23,0.7875,0.84288,966,3864,DR_primary
11,6,C2,28,5006,0.4947,23,0.78743,0.84282,966,3864,DR_primary
11,6,C3,28,5006,0.4947,23,0.78743,0.84282,966,3864,DR_primary
11,6,C0,29,4610,0.4556,23,0.78711,0.84324,966,3864,DR_primary
11,6,C1,29,5083,0.5023,23,0.78718,0.84338,966,3864,DR_primary
11,6,C2,29,5077,0.5017,23,0.78709,0.84335,966,3864,DR_primary
11,6,C3,29,5077,0.5017,23,0.78709,0.84335,966,3864,DR_primary
11,6,C0,30,4563,0.4509,23,0.7869,0.84327,966,3864,DR_primary
11,6,C1,30,5011,0.4952,23,0.78708,0.84341,966,3864,DR_primary
11,6,C2,30,5022,0.4963,23,0.78699,0.84344,966,3864,DR_primary
11,6,C3,30,5022,0.4963,23,0.78699,0.84344,966,3864,DR_primary
11,7,C0,1,4604,0.455,23,0.78672,0.84261,966,3864,DR_primary
11,7,C1,1,5038,0.4979,23,0.7868,0.84276,966,3864,DR_primary
11,7,C2,1,5040,0.4981,23,0.78686,0.84279,966,3864,DR_primary
11,7,C3,1,5040,0.4981,23,0.78686,0.84279,966,3864,DR_primary
11,7,C0,2,4559,0.4505,23,0.78648,0.84299,966,3864,DR_primary
11,7,C1,2,5022,0.4963,23,0.78662,0.84304,966,3864,DR_primary
11,7,C2,2,5034,0.4975,23,0.78656,0.84303,966,3864,DR_primary
11,7,C3,2,5034,0.4975,23,0.78656,0.84303,966,3864,DR_primary
11,7,C0,3,4536,0.4483,23,0.78611,0.8426,966,3864,DR_primary
11,7,C1,3,5006,0.4947,23,0.78611,0.8426,966,3864,DR_primary
11,7,C2,3,5005,0.4946,23,0.78608,0.84273,966,3864,DR_primary
11,7,C3,3,5005,0.4946,23,0.78608,0.84273,966,3864,DR_primary
11,7,C0,4,4611,0.4557,23,0.78719,0.84317,966,3864,DR_primary
11,7,C1,4,5044,0.4985,23,0.78761,0.84341,966,3864,DR_primary
11,7,C2,4,5045,0.4986,23,0.78744,0.84335,966,3864,DR_primary
11,7,C3,4,5045,0.4986,23,0.78744,0.84335,966,3864,DR_primary
11,7,C0,5,4566,0.4512,23,0.78739,0.84361,966,3864,DR_primary
11,7,C1,5,5029,0.497,23,0.78737,0.84358,966,3864,DR_primary
11,7,C2,5,5047,0.4988,23,0.78728,0.84362,966,3864,DR_primary
11,7,C3,5,5047,0.4988,23,0.78728,0.84362,966,3864,DR_primary
11,7,C0,6,4545,0.4492,23,0.78783,0.84369,966,3864,DR_primary
11,7,C1,6,5016,0.4957,23,0.78759,0.8436,966,3864,DR_primary
11,7,C2,6,5006,0.4947,23,0.78757,0.84354,966,3864,DR_primary
11,7,C3,6,5006,0.4947,23,0.78757,0.84354,966,3864,DR_primary
11,7,C0,7,4628,0.4574,23,0.78769,0.84358,966,3864,DR_primary
11,7,C1,7,5081,0.5021,23,0.78765,0.84348,966,3864,DR_primary
11,7,C2,7,5090,0.503,23,0.78744,0.84351,966,3864,DR_primary
11,7,C3,7,5090,0.503,23,0.78744,0.84351,966,3864,DR_primary
11,7,C0,8,4589,0.4535,23,0.78705,0.84327,966,3864,DR_primary
11,7,C1,8,5067,0.5007,23,0.78669,0.84316,966,3864,DR_primary
11,7,C2,8,5046,0.4987,23,0.78671,0.84315,966,3864,DR_primary
11,7,C3,8,5046,0.4987,23,0.78671,0.84315,966,3864,DR_primary
11,7,C0,9,4623,0.4569,23,0.78708,0.84339,966,3864,DR_primary
11,7,C1,9,5087,0.5027,23,0.78726,0.84343,966,3864,DR_primary
11,7,C2,9,5091,0.5031,23,0.78704,0.84354,966,3864,DR_primary
11,7,C3,9,5091,0.5031,23,0.78704,0.84354,966,3864,DR_primary
11,7,C0,10,4508,0.4455,23,0.78703,0.84366,966,3864,DR_primary
11,7,C1,10,4971,0.4913,23,0.78708,0.84367,966,3864,DR_primary
11,7,C2,10,4960,0.4902,23,0.78679,0.84349,966,3864,DR_primary
11,7,C3,10,4960,0.4902,23,0.78679,0.84349,966,3864,DR_primary
11,7,C0,11,4596,0.4542,23,0.7878,0.84358,966,3864,DR_primary
11,7,C1,11,5058,0.4999,23,0.78767,0.84364,966,3864,DR_primary
11,7,C2,11,5088,0.5028,23,0.78773,0.84373,966,3864,DR_primary
11,7,C3,11,5088,0.5028,23,0.78773,0.84373,966,3864,DR_primary
11,7,C0,12,4533,0.448,23,0.78709,0.84335,966,3864,DR_primary
11,7,C1,12,4982,0.4923,23,0.78728,0.84341,966,3864,DR_primary
11,7,C2,12,4964,0.4906,23,0.78698,0.84332,966,3864,DR_primary
11,7,C3,12,4964,0.4906,23,0.78698,0.84332,966,3864,DR_primary
11,7,C0,13,4460,0.4408,23,0.78645,0.84264,966,3864,DR_primary
11,7,C1,13,4915,0.4857,23,0.78675,0.84283,966,3864,DR_primary
11,7,C2,13,4900,0.4842,23,0.78675,0.843,966,3864,DR_primary
11,7,C3,13,4900,0.4842,23,0.78675,0.843,966,3864,DR_primary
11,7,C0,14,4519,0.4466,23,0.7873,0.84323,966,3864,DR_primary
11,7,C1,14,4985,0.4926,23,0.78723,0.84305,966,3864,DR_primary
11,7,C2,14,4972,0.4914,23,0.78698,0.84301,966,3864,DR_primary
11,7,C3,14,4972,0.4914,23,0.78698,0.84301,966,3864,DR_primary
11,7,C0,15,4546,0.4493,23,0.7873,0.84336,966,3864,DR_primary
11,7,C1,15,5034,0.4975,23,0.78706,0.84319,966,3864,DR_primary
11,7,C2,15,5058,0.4999,23,0.78708,0.84336,966,3864,DR_primary
11,7,C3,15,5058,0.4999,23,0.78708,0.84336,966,3864,DR_primary
11,7,C0,16,4563,0.4509,23,0.78699,0.8431,966,3864,DR_primary
11,7,C1,16,5052,0.4993,23,0.78691,0.84302,966,3864,DR_primary
11,7,C2,16,5031,0.4972,23,0.78685,0.84313,966,3864,DR_primary
11,7,C3,16,5031,0.4972,23,0.78685,0.84313,966,3864,DR_primary
11,7,C0,17,4624,0.457,23,0.78625,0.84285,966,3864,DR_primary
11,7,C1,17,5080,0.502,23,0.78627,0.84284,966,3864,DR_primary
11,7,C2,17,5109,0.5049,23,0.78635,0.843,966,3864,DR_primary
11,7,C3,17,5109,0.5049,23,0.78635,0.843,966,3864,DR_primary
11,7,C0,18,4543,0.449,23,0.78681,0.84261,966,3864,DR_primary
11,7,C1,18,5029,0.497,23,0.78678,0.84249,966,3864,DR_primary
11,7,C2,18,5023,0.4964,23,0.78671,0.84261,966,3864,DR_primary
11,7,C3,18,5023,0.4964,23,0.78671,0.84261,966,3864,DR_primary
11,7,C0,19,4572,0.4518,23,0.788,0.84397,966,3864,DR_primary
11,7,C1,19,5040,0.4981,23,0.78782,0.84387,966,3864,DR_primary
11,7,C2,19,5056,0.4997,23,0.78762,0.8437,966,3864,DR_primary
11,7,C3,19,5056,0.4997,23,0.78762,0.8437,966,3864,DR_primary
11,7,C0,20,4590,0.4536,23,0.78689,0.84339,966,3864,DR_primary
11,7,C1,20,5043,0.4984,23,0.78691,0.84333,966,3864,DR_primary
11,7,C2,20,5045,0.4986,23,0.78676,0.8433,966,3864,DR_primary
11,7,C3,20,5045,0.4986,23,0.78676,0.8433,966,3864,DR_primary
11,7,C0,21,4626,0.4572,23,0.78623,0.84324,966,3864,DR_primary
11,7,C1,21,5092,0.5032,23,0.78637,0.84327,966,3864,DR_primary
11,7,C2,21,5085,0.5025,23,0.78588,0.843,966,3864,DR_primary
11,7,C3,21,5085,0.5025,23,0.78588,0.843,966,3864,DR_primary
11,7,C0,22,4592,0.4538,23,0.78723,0.84361,966,3864,DR_primary
11,7,C1,22,5042,0.4983,23,0.78767,0.8438,966,3864,DR_primary
11,7,C2,22,5028,0.4969,23,0.78754,0.84378,966,3864,DR_primary
11,7,C3,22,5028,0.4969,23,0.78754,0.84378,966,3864,DR_primary
11,7,C0,23,4619,0.4565,23,0.78706,0.84344,966,3864,DR_primary
11,7,C1,23,5030,0.4971,23,0.78698,0.84326,966,3864,DR_primary
11,7,C2,23,5025,0.4966,23,0.78687,0.84321,966,3864,DR_primary
11,7,C3,23,5025,0.4966,23,0.78687,0.84321,966,3864,DR_primary
11,7,C0,24,4542,0.4489,23,0.78729,0.84333,966,3864,DR_primary
11,7,C1,24,4976,0.4917,23,0.78755,0.84363,966,3864,DR_primary
11,7,C2,24,4999,0.494,23,0.78725,0.84357,966,3864,DR_primary
11,7,C3,24,4999,0.494,23,0.78725,0.84357,966,3864,DR_primary
11,7,C0,25,4696,0.4641,23,0.78788,0.84423,966,3864,DR_primary
11,7,C1,25,5156,0.5095,23,0.78792,0.84425,966,3864,DR_primary
11,7,C2,25,5161,0.51,23,0.78776,0.84417,966,3864,DR_primary
11,7,C3,25,5161,0.51,23,0.78776,0.84417,966,3864,DR_primary
11,7,C0,26,4583,0.4529,23,0.78735,0.84382,966,3864,DR_primary
11,7,C1,26,5062,0.5002,23,0.78709,0.84348,966,3864,DR_primary
11,7,C2,26,5053,0.4994,23,0.78729,0.84367,966,3864,DR_primary
11,7,C3,26,5053,0.4994,23,0.78729,0.84367,966,3864,DR_primary
11,7,C0,27,4626,0.4572,23,0.78671,0.84309,966,3864,DR_primary
11,7,C1,27,5107,0.5047,23,0.78688,0.84322,966,3864,DR_primary
11,7,C2,27,5096,0.5036,23,0.78671,0.84328,966,3864,DR_primary
11,7,C3,27,5096,0.5036,23,0.78671,0.84328,966,3864,DR_primary
11,7,C0,28,4525,0.4472,23,0.78612,0.84249,966,3864,DR_primary
11,7,C1,28,5018,0.4959,23,0.78625,0.84252,966,3864,DR_primary
11,7,C2,28,5001,0.4942,23,0.78609,0.84251,966,3864,DR_primary
11,7,C3,28,5001,0.4942,23,0.78609,0.84251,966,3864,DR_primary
11,7,C0,29,4539,0.4486,23,0.78752,0.84364,966,3864,DR_primary
11,7,C1,29,5024,0.4965,23,0.78755,0.84366,966,3864,DR_primary
11,7,C2,29,5021,0.4962,23,0.78773,0.84386,966,3864,DR_primary
11,7,C3,29,5021,0.4962,23,0.78773,0.84386,966,3864,DR_primary
11,7,C0,30,4609,0.4555,23,0.78663,0.8427,966,3864,DR_primary
11,7,C1,30,5077,0.5017,23,0.78677,0.84289,966,3864,DR_primary
11,7,C2,30,5075,0.5015,23,0.78672,0.84308,966,3864,DR_primary
11,7,C3,30,5075,0.5015,23,0.78672,0.84308,966,3864,DR_primary
11,8,C0,1,4551,0.4497,23,0.78751,0.84322,966,3864,DR_primary
11,8,C1,1,4972,0.4914,23,0.78748,0.84333,966,3864,DR_primary
11,8,C2,1,4984,0.4925,23,0.78773,0.84346,966,3864,DR_primary
11,8,C3,1,4984,0.4925,23,0.78773,0.84346,966,3864,DR_primary
11,8,C0,2,4635,0.458,23,0.78729,0.8432,966,3864,DR_primary
11,8,C1,2,5089,0.5029,23,0.78713,0.84312,966,3864,DR_primary
11,8,C2,2,5104,0.5044,23,0.78723,0.84333,966,3864,DR_primary
11,8,C3,2,5104,0.5044,23,0.78723,0.84333,966,3864,DR_primary
11,8,C0,3,4595,0.4541,23,0.78625,0.84297,966,3864,DR_primary
11,8,C1,3,5066,0.5006,23,0.78651,0.84323,966,3864,DR_primary
11,8,C2,3,5055,0.4996,23,0.78635,0.84322,966,3864,DR_primary
11,8,C3,3,5055,0.4996,23,0.78635,0.84322,966,3864,DR_primary
11,8,C0,4,4596,0.4542,23,0.7875,0.8436,966,3864,DR_primary
11,8,C1,4,5031,0.4972,23,0.78727,0.84337,966,3864,DR_primary
11,8,C2,4,5042,0.4983,23,0.78699,0.84311,966,3864,DR_primary
11,8,C3,4,5042,0.4983,23,0.78699,0.84311,966,3864,DR_primary
11,8,C0,5,4543,0.449,23,0.78795,0.84407,966,3864,DR_primary
11,8,C1,5,5009,0.495,23,0.78826,0.84426,966,3864,DR_primary
11,8,C2,5,5008,0.4949,23,0.78801,0.84407,966,3864,DR_primary
11,8,C3,5,5008,0.4949,23,0.78801,0.84407,966,3864,DR_primary
11,8,C0,6,4576,0.4522,23,0.78724,0.84337,966,3864,DR_primary
11,8,C1,6,5019,0.496,23,0.78713,0.84335,966,3864,DR_primary
11,8,C2,6,5033,0.4974,23,0.78715,0.84348,966,3864,DR_primary
11,8,C3,6,5033,0.4974,23,0.78715,0.84348,966,3864,DR_primary
11,8,C0,7,4664,0.4609,23,0.78695,0.84348,966,3864,DR_primary
11,8,C1,7,5100,0.504,23,0.78734,0.84376,966,3864,DR_primary
11,8,C2,7,5098,0.5038,23,0.78709,0.8437,966,3864,DR_primary
11,8,C3,7,5098,0.5038,23,0.78709,0.8437,966,3864,DR_primary
11,8,C0,8,4598,0.4544,23,0.78716,0.84323,966,3864,DR_primary
11,8,C1,8,5041,0.4982,23,0.78661,0.84301,966,3864,DR_primary
11,8,C2,8,5060,0.5,23,0.78677,0.84328,966,3864,DR_primary
11,8,C3,8,5060,0.5,23,0.78677,0.84328,966,3864,DR_primary
11,8,C0,9,4595,0.4541,23,0.78668,0.84268,966,3864,DR_primary
11,8,C1,9,5060,0.5,23,0.78676,0.8427,966,3864,DR_primary
11,8,C2,9,5066,0.5006,23,0.78663,0.84278,966,3864,DR_primary
11,8,C3,9,5066,0.5006,23,0.78663,0.84278,966,3864,DR_primary
11,8,C0,10,4642,0.4587,23,0.78671,0.84334,966,3864,DR_primary
11,8,C1,10,5141,0.5081,23,0.7869,0.84328,966,3864,DR_primary
11,8,C2,10,5109,0.5049,23,0.78684,0.84328,966,3864,DR_primary
11,8,C3,10,5109,0.5049,23,0.78684,0.84328,966,3864,DR_primary
11,8,C0,11,4576,0.4522,23,0.78657,0.84294,966,3864,DR_primary
11,8,C1,11,5032,0.4973,23,0.7866,0.84304,966,3864,DR_primary
11,8,C2,11,5041,0.4982,23,0.7865,0.84305,966,3864,DR_primary
11,8,C3,11,5041,0.4982,23,0.7865,0.84305,966,3864,DR_primary
11,8,C0,12,4604,0.455,23,0.78653,0.84304,966,3864,DR_primary
11,8,C1,12,5045,0.4986,23,0.78675,0.84306,966,3864,DR_primary
11,8,C2,12,5045,0.4986,23,0.78643,0.84292,966,3864,DR_primary
11,8,C3,12,5045,0.4986,23,0.78643,0.84292,966,3864,DR_primary
11,8,C0,13,4658,0.4603,23,0.7868,0.84285,966,3864,DR_primary
11,8,C1,13,5103,0.5043,23,0.78686,0.84301,966,3864,DR_primary
11,8,C2,13,5103,0.5043,23,0.78691,0.84305,966,3864,DR_primary
11,8,C3,13,5103,0.5043,23,0.78691,0.84305,966,3864,DR_primary
11,8,C0,14,4653,0.4598,23,0.78655,0.84235,966,3864,DR_primary
11,8,C1,14,5079,0.5019,23,0.78672,0.84241,966,3864,DR_primary
11,8,C2,14,5091,0.5031,23,0.78675,0.84254,966,3864,DR_primary
11,8,C3,14,5091,0.5031,23,0.78675,0.84254,966,3864,DR_primary
11,8,C0,15,4694,0.4639,23,0.78698,0.84308,966,3864,DR_primary
11,8,C1,15,5163,0.5102,23,0.78704,0.84316,966,3864,DR_primary
11,8,C2,15,5168,0.5107,23,0.78697,0.84332,966,3864,DR_primary
11,8,C3,15,5168,0.5107,23,0.78697,0.84332,966,3864,DR_primary
11,8,C0,16,4574,0.452,23,0.78706,0.84308,966,3864,DR_primary
11,8,C1,16,5030,0.4971,23,0.78689,0.84299,966,3864,DR_primary
11,8,C2,16,5046,0.4987,23,0.78697,0.84308,966,3864,DR_primary
11,8,C3,16,5046,0.4987,23,0.78697,0.84308,966,3864,DR_primary
11,8,C0,17,4648,0.4593,23,0.78687,0.84356,966,3864,DR_primary
11,8,C1,17,5094,0.5034,23,0.78696,0.84354,966,3864,DR_primary
11,8,C2,17,5096,0.5036,23,0.78693,0.84358,966,3864,DR_primary
11,8,C3,17,5096,0.5036,23,0.78693,0.84358,966,3864,DR_primary
11,8,C0,18,4641,0.4586,23,0.78716,0.843,966,3864,DR_primary
11,8,C1,18,5091,0.5031,23,0.78757,0.84347,966,3864,DR_primary
11,8,C2,18,5087,0.5027,23,0.78759,0.84355,966,3864,DR_primary
11,8,C3,18,5087,0.5027,23,0.78759,0.84355,966,3864,DR_primary
11,8,C0,19,4578,0.4524,23,0.78772,0.8443,966,3864,DR_primary
11,8,C1,19,5051,0.4992,23,0.78752,0.84402,966,3864,DR_primary
11,8,C2,19,5066,0.5006,23,0.78744,0.84402,966,3864,DR_primary
11,8,C3,19,5066,0.5006,23,0.78744,0.84402,966,3864,DR_primary
11,8,C0,20,4686,0.4631,23,0.78702,0.84339,966,3864,DR_primary
11,8,C1,20,5157,0.5096,23,0.78692,0.8433,966,3864,DR_primary
11,8,C2,20,5141,0.5081,23,0.78686,0.84333,966,3864,DR_primary
11,8,C3,20,5141,0.5081,23,0.78686,0.84333,966,3864,DR_primary
11,8,C0,21,4474,0.4421,23,0.78712,0.84289,966,3864,DR_primary
11,8,C1,21,4929,0.4871,23,0.78752,0.84309,966,3864,DR_primary
11,8,C2,21,4912,0.4854,23,0.7872,0.84308,966,3864,DR_primary
11,8,C3,21,4912,0.4854,23,0.7872,0.84308,966,3864,DR_primary
11,8,C0,22,4600,0.4546,23,0.78749,0.844,966,3864,DR_primary
11,8,C1,22,5073,0.5013,23,0.78722,0.84392,966,3864,DR_primary
11,8,C2,22,5072,0.5012,23,0.78758,0.84412,966,3864,DR_primary
11,8,C3,22,5072,0.5012,23,0.78758,0.84412,966,3864,DR_primary
11,8,C0,23,4627,0.4573,23,0.78751,0.84385,966,3864,DR_primary
11,8,C1,23,5093,0.5033,23,0.78767,0.84388,966,3864,DR_primary
11,8,C2,23,5090,0.503,23,0.78735,0.84365,966,3864,DR_primary
11,8,C3,23,5090,0.503,23,0.78735,0.84365,966,3864,DR_primary
11,8,C0,24,4625,0.4571,23,0.78616,0.84279,966,3864,DR_primary
11,8,C1,24,5095,0.5035,23,0.78617,0.84268,966,3864,DR_primary
11,8,C2,24,5098,0.5038,23,0.78608,0.84268,966,3864,DR_primary
11,8,C3,24,5098,0.5038,23,0.78608,0.84268,966,3864,DR_primary
11,8,C0,25,4577,0.4523,23,0.78625,0.84288,966,3864,DR_primary
11,8,C1,25,4995,0.4936,23,0.78633,0.84306,966,3864,DR_primary
11,8,C2,25,5025,0.4966,23,0.7863,0.84301,966,3864,DR_primary
11,8,C3,25,5025,0.4966,23,0.7863,0.84301,966,3864,DR_primary
11,8,C0,26,4623,0.4569,23,0.78646,0.84262,966,3864,DR_primary
11,8,C1,26,5046,0.4987,23,0.7865,0.84271,966,3864,DR_primary
11,8,C2,26,5025,0.4966,23,0.78647,0.84271,966,3864,DR_primary
11,8,C3,26,5025,0.4966,23,0.78647,0.84271,966,3864,DR_primary
11,8,C0,27,4610,0.4556,23,0.78721,0.84309,966,3864,DR_primary
11,8,C1,27,5062,0.5002,23,0.78715,0.84299,966,3864,DR_primary
11,8,C2,27,5060,0.5,23,0.78703,0.84309,966,3864,DR_primary
11,8,C3,27,5060,0.5,23,0.78703,0.84309,966,3864,DR_primary
11,8,C0,28,4644,0.4589,23,0.78635,0.8429,966,3864,DR_primary
11,8,C1,28,5101,0.5041,23,0.78646,0.84282,966,3864,DR_primary
11,8,C2,28,5090,0.503,23,0.78639,0.84283,966,3864,DR_primary
11,8,C3,28,5090,0.503,23,0.78639,0.84283,966,3864,DR_primary
11,8,C0,29,4500,0.4447,23,0.78687,0.84304,966,3864,DR_primary
11,8,C1,29,4957,0.4899,23,0.78686,0.84307,966,3864,DR_primary
11,8,C2,29,4946,0.4888,23,0.78667,0.84319,966,3864,DR_primary
11,8,C3,29,4946,0.4888,23,0.78667,0.84319,966,3864,DR_primary
11,8,C0,30,4599,0.4545,23,0.78644,0.8431,966,3864,DR_primary
11,8,C1,30,5073,0.5013,23,0.78666,0.84296,966,3864,DR_primary
11,8,C2,30,5077,0.5017,23,0.78666,0.84313,966,3864,DR_primary
11,8,C3,30,5077,0.5017,23,0.78666,0.84313,966,3864,DR_primary
11,9,C0,1,4593,0.4539,23,0.78695,0.84371,966,3864,DR_primary
11,9,C1,1,5058,0.4999,23,0.78691,0.84373,966,3864,DR_primary
11,9,C2,1,5066,0.5006,23,0.78714,0.84389,966,3864,DR_primary
11,9,C3,1,5066,0.5006,23,0.78714,0.84389,966,3864,DR_primary
11,9,C0,2,4496,0.4443,23,0.78674,0.8431,966,3864,DR_primary
11,9,C1,2,4982,0.4923,23,0.78625,0.8428,966,3864,DR_primary
11,9,C2,2,5000,0.4941,23,0.78635,0.84285,966,3864,DR_primary
11,9,C3,2,5000,0.4941,23,0.78635,0.84285,966,3864,DR_primary
11,9,C0,3,4616,0.4562,23,0.78586,0.84247,966,3864,DR_primary
11,9,C1,3,5075,0.5015,23,0.78582,0.84235,966,3864,DR_primary
11,9,C2,3,5078,0.5018,23,0.78579,0.84241,966,3864,DR_primary
11,9,C3,3,5078,0.5018,23,0.78579,0.84241,966,3864,DR_primary
11,9,C0,4,4575,0.4521,23,0.78749,0.8431,966,3864,DR_primary
11,9,C1,4,5053,0.4994,23,0.78711,0.84286,966,3864,DR_primary
11,9,C2,4,5021,0.4962,23,0.78716,0.84299,966,3864,DR_primary
11,9,C3,4,5021,0.4962,23,0.78716,0.84299,966,3864,DR_primary
11,9,C0,5,4675,0.462,23,0.78717,0.84356,966,3864,DR_primary
11,9,C1,5,5125,0.5065,23,0.78714,0.84354,966,3864,DR_primary
11,9,C2,5,5117,0.5057,23,0.78698,0.84347,966,3864,DR_primary
11,9,C3,5,5117,0.5057,23,0.78698,0.84347,966,3864,DR_primary
11,9,C0,6,4626,0.4572,23,0.78652,0.84297,966,3864,DR_primary
11,9,C1,6,5097,0.5037,23,0.78657,0.84299,966,3864,DR_primary
11,9,C2,6,5105,0.5045,23,0.78648,0.84297,966,3864,DR_primary
11,9,C3,6,5105,0.5045,23,0.78648,0.84297,966,3864,DR_primary
11,9,C0,7,4588,0.4534,23,0.78705,0.8427,966,3864,DR_primary
11,9,C1,7,5045,0.4986,23,0.78697,0.84288,966,3864,DR_primary
11,9,C2,7,5028,0.4969,23,0.78702,0.84291,966,3864,DR_primary
11,9,C3,7,5028,0.4969,23,0.78702,0.84291,966,3864,DR_primary
11,9,C0,8,4609,0.4555,23,0.78633,0.84286,966,3864,DR_primary
11,9,C1,8,5057,0.4998,23,0.78628,0.84303,966,3864,DR_primary
11,9,C2,8,5074,0.5014,23,0.78607,0.84293,966,3864,DR_primary
11,9,C3,8,5074,0.5014,23,0.78607,0.84293,966,3864,DR_primary
11,9,C0,9,4625,0.4571,23,0.78746,0.84315,966,3864,DR_primary
11,9,C1,9,5068,0.5008,23,0.78739,0.84305,966,3864,DR_primary
11,9,C2,9,5053,0.4994,23,0.78734,0.84314,966,3864,DR_primary
11,9,C3,9,5053,0.4994,23,0.78734,0.84314,966,3864,DR_primary
11,9,C0,10,4583,0.4529,23,0.78728,0.84322,966,3864,DR_primary
11,9,C1,10,5021,0.4962,23,0.78714,0.84328,966,3864,DR_primary
11,9,C2,10,5013,0.4954,23,0.78699,0.84319,966,3864,DR_primary
11,9,C3,10,5013,0.4954,23,0.78699,0.84319,966,3864,DR_primary
11,9,C0,11,4521,0.4468,23,0.78712,0.84329,966,3864,DR_primary
11,9,C1,11,4968,0.491,23,0.78688,0.84308,966,3864,DR_primary
11,9,C2,11,4965,0.4907,23,0.78683,0.84308,966,3864,DR_primary
11,9,C3,11,4965,0.4907,23,0.78683,0.84308,966,3864,DR_primary
11,9,C0,12,4584,0.453,23,0.78725,0.84304,966,3864,DR_primary
11,9,C1,12,5042,0.4983,23,0.7871,0.84294,966,3864,DR_primary
11,9,C2,12,5068,0.5008,23,0.78694,0.84298,966,3864,DR_primary
11,9,C3,12,5068,0.5008,23,0.78694,0.84298,966,3864,DR_primary
11,9,C0,13,4674,0.4619,23,0.78724,0.84293,966,3864,DR_primary
11,9,C1,13,5151,0.509,23,0.78719,0.84293,966,3864,DR_primary
11,9,C2,13,5163,0.5102,23,0.78723,0.84304,966,3864,DR_primary
11,9,C3,13,5163,0.5102,23,0.78723,0.84304,966,3864,DR_primary
11,9,C0,14,4613,0.4559,23,0.78788,0.84378,966,3864,DR_primary
11,9,C1,14,5046,0.4987,23,0.78778,0.84362,966,3864,DR_primary
11,9,C2,14,5047,0.4988,23,0.78778,0.84376,966,3864,DR_primary
11,9,C3,14,5047,0.4988,23,0.78778,0.84376,966,3864,DR_primary
11,9,C0,15,4543,0.449,23,0.78744,0.84371,966,3864,DR_primary
11,9,C1,15,4985,0.4926,23,0.78735,0.84359,966,3864,DR_primary
11,9,C2,15,5008,0.4949,23,0.78704,0.84345,966,3864,DR_primary
11,9,C3,15,5008,0.4949,23,0.78704,0.84345,966,3864,DR_primary
11,9,C0,16,4577,0.4523,23,0.78684,0.84341,966,3864,DR_primary
11,9,C1,16,5031,0.4972,23,0.78686,0.8433,966,3864,DR_primary
11,9,C2,16,5020,0.4961,23,0.78676,0.84331,966,3864,DR_primary
11,9,C3,16,5020,0.4961,23,0.78676,0.84331,966,3864,DR_primary
11,9,C0,17,4643,0.4588,23,0.78738,0.84368,966,3864,DR_primary
11,9,C1,17,5119,0.5059,23,0.78735,0.84371,966,3864,DR_primary
11,9,C2,17,5147,0.5086,23,0.78754,0.84396,966,3864,DR_primary
11,9,C3,17,5147,0.5086,23,0.78754,0.84396,966,3864,DR_primary
11,9,C0,18,4637,0.4582,23,0.78723,0.84352,966,3864,DR_primary
11,9,C1,18,5085,0.5025,23,0.78767,0.84378,966,3864,DR_primary
11,9,C2,18,5079,0.5019,23,0.78734,0.84371,966,3864,DR_primary
11,9,C3,18,5079,0.5019,23,0.78734,0.84371,966,3864,DR_primary
11,9,C0,19,4642,0.4587,23,0.78689,0.84319,966,3864,DR_primary
11,9,C1,19,5080,0.502,23,0.78691,0.84329,966,3864,DR_primary
11,9,C2,19,5093,0.5033,23,0.78678,0.84324,966,3864,DR_primary
11,9,C3,19,5093,0.5033,23,0.78678,0.84324,966,3864,DR_primary
11,9,C0,20,4620,0.4566,23,0.78658,0.84295,966,3864,DR_primary
11,9,C1,20,5036,0.4977,23,0.78659,0.84301,966,3864,DR_primary
11,9,C2,20,5065,0.5005,23,0.78668,0.84317,966,3864,DR_primary
11,9,C3,20,5065,0.5005,23,0.78668,0.84317,966,3864,DR_primary
11,9,C0,21,4593,0.4539,23,0.78791,0.84458,966,3864,DR_primary
11,9,C1,21,5064,0.5004,23,0.78779,0.84417,966,3864,DR_primary
11,9,C2,21,5073,0.5013,23,0.78756,0.84406,966,3864,DR_primary
11,9,C3,21,5073,0.5013,23,0.78756,0.84406,966,3864,DR_primary
11,9,C0,22,4607,0.4553,23,0.78693,0.84307,966,3864,DR_primary
11,9,C1,22,5040,0.4981,23,0.78718,0.84342,966,3864,DR_primary
11,9,C2,22,5033,0.4974,23,0.78697,0.84332,966,3864,DR_primary
11,9,C3,22,5033,0.4974,23,0.78697,0.84332,966,3864,DR_primary
11,9,C0,23,4656,0.4601,23,0.78702,0.84362,966,3864,DR_primary
11,9,C1,23,5096,0.5036,23,0.787,0.8435,966,3864,DR_primary
11,9,C2,23,5098,0.5038,23,0.78695,0.84355,966,3864,DR_primary
11,9,C3,23,5098,0.5038,23,0.78695,0.84355,966,3864,DR_primary
11,9,C0,24,4629,0.4575,23,0.78675,0.84316,966,3864,DR_primary
11,9,C1,24,5071,0.5011,23,0.78687,0.8432,966,3864,DR_primary
11,9,C2,24,5056,0.4997,23,0.78666,0.84311,966,3864,DR_primary
11,9,C3,24,5056,0.4997,23,0.78666,0.84311,966,3864,DR_primary
11,9,C0,25,4623,0.4569,23,0.78695,0.84322,966,3864,DR_primary
11,9,C1,25,5024,0.4965,23,0.78712,0.84352,966,3864,DR_primary
11,9,C2,25,5060,0.5,23,0.7869,0.8434,966,3864,DR_primary
11,9,C3,25,5060,0.5,23,0.7869,0.8434,966,3864,DR_primary
11,9,C0,26,4503,0.445,23,0.78655,0.84279,966,3864,DR_primary
11,9,C1,26,4959,0.4901,23,0.78658,0.84278,966,3864,DR_primary
11,9,C2,26,4951,0.4893,23,0.78651,0.8429,966,3864,DR_primary
11,9,C3,26,4951,0.4893,23,0.78651,0.8429,966,3864,DR_primary
11,9,C0,27,4616,0.4562,23,0.7862,0.84251,966,3864,DR_primary
11,9,C1,27,5068,0.5008,23,0.78628,0.84261,966,3864,DR_primary
11,9,C2,27,5053,0.4994,23,0.78607,0.84258,966,3864,DR_primary
11,9,C3,27,5053,0.4994,23,0.78607,0.84258,966,3864,DR_primary
11,9,C0,28,4556,0.4502,23,0.78681,0.84318,966,3864,DR_primary
11,9,C1,28,5015,0.4956,23,0.78695,0.84324,966,3864,DR_primary
11,9,C2,28,5014,0.4955,23,0.78675,0.84328,966,3864,DR_primary
11,9,C3,28,5014,0.4955,23,0.78675,0.84328,966,3864,DR_primary
11,9,C0,29,4639,0.4584,23,0.78739,0.84355,966,3864,DR_primary
11,9,C1,29,5089,0.5029,23,0.78726,0.84344,966,3864,DR_primary
11,9,C2,29,5055,0.4996,23,0.78735,0.84365,966,3864,DR_primary
11,9,C3,29,5055,0.4996,23,0.78735,0.84365,966,3864,DR_primary
11,9,C0,30,4585,0.4531,23,0.78632,0.84256,966,3864,DR_primary
11,9,C1,30,5054,0.4995,23,0.78643,0.84257,966,3864,DR_primary
11,9,C2,30,5014,0.4955,23,0.78633,0.84259,966,3864,DR_primary
11,9,C3,30,5014,0.4955,23,0.78633,0.84259,966,3864,DR_primary
19,0,C0,1,4475,0.4422,23,0.78715,0.84322,966,3864,DR_primary
19,0,C1,1,4941,0.4883,23,0.7871,0.84302,966,3864,DR_primary
19,0,C2,1,4940,0.4882,23,0.78722,0.84294,966,3864,DR_primary
19,0,C3,1,4940,0.4882,23,0.78722,0.84294,966,3864,DR_primary
19,0,C0,2,4597,0.4543,23,0.78636,0.84265,966,3864,DR_primary
19,0,C1,2,5052,0.4993,23,0.78669,0.84288,966,3864,DR_primary
19,0,C2,2,5042,0.4983,23,0.7866,0.84282,966,3864,DR_primary
19,0,C3,2,5042,0.4983,23,0.7866,0.84282,966,3864,DR_primary
19,0,C0,3,4669,0.4614,23,0.78794,0.84396,966,3864,DR_primary
19,0,C1,3,5100,0.504,23,0.78781,0.84378,966,3864,DR_primary
19,0,C2,3,5126,0.5066,23,0.78759,0.84373,966,3864,DR_primary
19,0,C3,3,5126,0.5066,23,0.78759,0.84373,966,3864,DR_primary
19,0,C0,4,4625,0.4571,23,0.78782,0.84389,966,3864,DR_primary
19,0,C1,4,5082,0.5022,23,0.78764,0.8436,966,3864,DR_primary
19,0,C2,4,5062,0.5002,23,0.78763,0.84369,966,3864,DR_primary
19,0,C3,4,5062,0.5002,23,0.78763,0.84369,966,3864,DR_primary
19,0,C0,5,4580,0.4526,23,0.78688,0.84343,966,3864,DR_primary
19,0,C1,5,5023,0.4964,23,0.78708,0.84355,966,3864,DR_primary
19,0,C2,5,5027,0.4968,23,0.78691,0.84355,966,3864,DR_primary
19,0,C3,5,5027,0.4968,23,0.78691,0.84355,966,3864,DR_primary
19,0,C0,6,4601,0.4547,23,0.78592,0.8419,966,3864,DR_primary
19,0,C1,6,5041,0.4982,23,0.78596,0.84199,966,3864,DR_primary
19,0,C2,6,5043,0.4984,23,0.78574,0.84202,966,3864,DR_primary
19,0,C3,6,5043,0.4984,23,0.78574,0.84202,966,3864,DR_primary
19,0,C0,7,4698,0.4643,23,0.78663,0.84294,966,3864,DR_primary
19,0,C1,7,5149,0.5088,23,0.78654,0.84268,966,3864,DR_primary
19,0,C2,7,5136,0.5076,23,0.78641,0.84284,966,3864,DR_primary
19,0,C3,7,5136,0.5076,23,0.78641,0.84284,966,3864,DR_primary
19,0,C0,8,4573,0.4519,23,0.78692,0.84312,966,3864,DR_primary
19,0,C1,8,5050,0.4991,23,0.78669,0.84288,966,3864,DR_primary
19,0,C2,8,5045,0.4986,23,0.78658,0.84301,966,3864,DR_primary
19,0,C3,8,5045,0.4986,23,0.78658,0.84301,966,3864,DR_primary
19,0,C0,9,4530,0.4477,23,0.78632,0.84245,966,3864,DR_primary
19,0,C1,9,4977,0.4918,23,0.78656,0.84263,966,3864,DR_primary
19,0,C2,9,4959,0.4901,23,0.78665,0.84285,966,3864,DR_primary
19,0,C3,9,4959,0.4901,23,0.78665,0.84285,966,3864,DR_primary
19,0,C0,10,4577,0.4523,23,0.78739,0.8432,966,3864,DR_primary
19,0,C1,10,5021,0.4962,23,0.78712,0.84312,966,3864,DR_primary
19,0,C2,10,5034,0.4975,23,0.78704,0.84313,966,3864,DR_primary
19,0,C3,10,5034,0.4975,23,0.78704,0.84313,966,3864,DR_primary
19,0,C0,11,4595,0.4541,23,0.78679,0.84303,966,3864,DR_primary
19,0,C1,11,5066,0.5006,23,0.78644,0.84277,966,3864,DR_primary
19,0,C2,11,5067,0.5007,23,0.78663,0.84297,966,3864,DR_primary
19,0,C3,11,5067,0.5007,23,0.78663,0.84297,966,3864,DR_primary
19,0,C0,12,4537,0.4484,23,0.78687,0.8432,966,3864,DR_primary
19,0,C1,12,5021,0.4962,23,0.78694,0.84328,966,3864,DR_primary
19,0,C2,12,5026,0.4967,23,0.78678,0.84328,966,3864,DR_primary
19,0,C3,12,5026,0.4967,23,0.78678,0.84328,966,3864,DR_primary
19,0,C0,13,4547,0.4494,23,0.78684,0.84316,966,3864,DR_primary
19,0,C1,13,5017,0.4958,23,0.78703,0.84317,966,3864,DR_primary
19,0,C2,13,5025,0.4966,23,0.78694,0.84325,966,3864,DR_primary
19,0,C3,13,5025,0.4966,23,0.78694,0.84325,966,3864,DR_primary
19,0,C0,14,4544,0.4491,23,0.7867,0.84288,966,3864,DR_primary
19,0,C1,14,5011,0.4952,23,0.78654,0.84283,966,3864,DR_primary
19,0,C2,14,5013,0.4954,23,0.78656,0.84297,966,3864,DR_primary
19,0,C3,14,5013,0.4954,23,0.78656,0.84297,966,3864,DR_primary
19,0,C0,15,4589,0.4535,23,0.78783,0.84393,966,3864,DR_primary
19,0,C1,15,5079,0.5019,23,0.78754,0.84358,966,3864,DR_primary
19,0,C2,15,5060,0.5,23,0.78743,0.84365,966,3864,DR_primary
19,0,C3,15,5060,0.5,23,0.78743,0.84365,966,3864,DR_primary
19,0,C0,16,4621,0.4567,23,0.78608,0.84281,966,3864,DR_primary
19,0,C1,16,5097,0.5037,23,0.78615,0.84274,966,3864,DR_primary
19,0,C2,16,5097,0.5037,23,0.78597,0.84272,966,3864,DR_primary
19,0,C3,16,5097,0.5037,23,0.78597,0.84272,966,3864,DR_primary
19,0,C0,17,4607,0.4553,23,0.78661,0.84301,966,3864,DR_primary
19,0,C1,17,5101,0.5041,23,0.78662,0.84302,966,3864,DR_primary
19,0,C2,17,5084,0.5024,23,0.78658,0.84305,966,3864,DR_primary
19,0,C3,17,5084,0.5024,23,0.78658,0.84305,966,3864,DR_primary
19,0,C0,18,4521,0.4468,23,0.78681,0.84342,966,3864,DR_primary
19,0,C1,18,5014,0.4955,23,0.78668,0.84342,966,3864,DR_primary
19,0,C2,18,5011,0.4952,23,0.78657,0.84335,966,3864,DR_primary
19,0,C3,18,5011,0.4952,23,0.78657,0.84335,966,3864,DR_primary
19,0,C0,19,4606,0.4552,23,0.78716,0.84307,966,3864,DR_primary
19,0,C1,19,5104,0.5044,23,0.78712,0.84289,966,3864,DR_primary
19,0,C2,19,5082,0.5022,23,0.78716,0.84304,966,3864,DR_primary
19,0,C3,19,5082,0.5022,23,0.78716,0.84304,966,3864,DR_primary
19,0,C0,20,4549,0.4496,23,0.78716,0.84373,966,3864,DR_primary
19,0,C1,20,5019,0.496,23,0.78706,0.8437,966,3864,DR_primary
19,0,C2,20,5001,0.4942,23,0.78731,0.84386,966,3864,DR_primary
19,0,C3,20,5001,0.4942,23,0.78731,0.84386,966,3864,DR_primary
19,0,C0,21,4559,0.4505,23,0.78737,0.84351,966,3864,DR_primary
19,0,C1,21,5008,0.4949,23,0.78763,0.8438,966,3864,DR_primary
19,0,C2,21,5010,0.4951,23,0.78748,0.84373,966,3864,DR_primary
19,0,C3,21,5010,0.4951,23,0.78748,0.84373,966,3864,DR_primary
19,0,C0,22,4570,0.4516,23,0.78597,0.84256,966,3864,DR_primary
19,0,C1,22,5033,0.4974,23,0.78617,0.84273,966,3864,DR_primary
19,0,C2,22,5031,0.4972,23,0.786,0.8428,966,3864,DR_primary
19,0,C3,22,5031,0.4972,23,0.786,0.8428,966,3864,DR_primary
19,0,C0,23,4544,0.4491,23,0.78721,0.84341,966,3864,DR_primary
19,0,C1,23,5032,0.4973,23,0.78715,0.84348,966,3864,DR_primary
19,0,C2,23,5018,0.4959,23,0.78716,0.84356,966,3864,DR_primary
19,0,C3,23,5018,0.4959,23,0.78716,0.84356,966,3864,DR_primary
19,0,C0,24,4632,0.4578,23,0.78738,0.84312,966,3864,DR_primary
19,0,C1,24,5084,0.5024,23,0.78719,0.84311,966,3864,DR_primary
19,0,C2,24,5075,0.5015,23,0.78726,0.84325,966,3864,DR_primary
19,0,C3,24,5075,0.5015,23,0.78726,0.84325,966,3864,DR_primary
19,0,C0,25,4601,0.4547,23,0.78705,0.84347,966,3864,DR_primary
19,0,C1,25,5088,0.5028,23,0.78713,0.84366,966,3864,DR_primary
19,0,C2,25,5090,0.503,23,0.78705,0.84365,966,3864,DR_primary
19,0,C3,25,5090,0.503,23,0.78705,0.84365,966,3864,DR_primary
19,0,C0,26,4503,0.445,23,0.78602,0.84293,966,3864,DR_primary
19,0,C1,26,4965,0.4907,23,0.78589,0.84283,966,3864,DR_primary
19,0,C2,26,4963,0.4905,23,0.78595,0.84299,966,3864,DR_primary
19,0,C3,26,4963,0.4905,23,0.78595,0.84299,966,3864,DR_primary
19,0,C0,27,4639,0.4584,23,0.7867,0.84283,966,3864,DR_primary
19,0,C1,27,5126,0.5066,23,0.78704,0.84313,966,3864,DR_primary
19,0,C2,27,5126,0.5066,23,0.78694,0.84327,966,3864,DR_primary
19,0,C3,27,5126,0.5066,23,0.78694,0.84327,966,3864,DR_primary
19,0,C0,28,4526,0.4473,23,0.78645,0.84304,966,3864,DR_primary
19,0,C1,28,5018,0.4959,23,0.78666,0.84311,966,3864,DR_primary
19,0,C2,28,5024,0.4965,23,0.78639,0.84302,966,3864,DR_primary
19,0,C3,28,5024,0.4965,23,0.78639,0.84302,966,3864,DR_primary
19,0,C0,29,4517,0.4464,23,0.78715,0.84322,966,3864,DR_primary
19,0,C1,29,4968,0.491,23,0.78729,0.84334,966,3864,DR_primary
19,0,C2,29,4976,0.4917,23,0.78737,0.84349,966,3864,DR_primary
19,0,C3,29,4976,0.4917,23,0.78737,0.84349,966,3864,DR_primary
19,0,C0,30,4651,0.4596,23,0.78708,0.84289,966,3864,DR_primary
19,0,C1,30,5112,0.5052,23,0.78707,0.84288,966,3864,DR_primary
19,0,C2,30,5106,0.5046,23,0.7869,0.8429,966,3864,DR_primary
19,0,C3,30,5106,0.5046,23,0.7869,0.8429,966,3864,DR_primary
19,1,C0,1,4543,0.449,23,0.78693,0.84262,966,3864,DR_primary
19,1,C1,1,4980,0.4921,23,0.78695,0.84271,966,3864,DR_primary
19,1,C2,1,4974,0.4916,23,0.78718,0.84268,966,3864,DR_primary
19,1,C3,1,4974,0.4916,23,0.78718,0.84268,966,3864,DR_primary
19,1,C0,2,4577,0.4523,23,0.78682,0.8431,966,3864,DR_primary
19,1,C1,2,5036,0.4977,23,0.78657,0.84289,966,3864,DR_primary
19,1,C2,2,5034,0.4975,23,0.78649,0.84295,966,3864,DR_primary
19,1,C3,2,5034,0.4975,23,0.78649,0.84295,966,3864,DR_primary
19,1,C0,3,4606,0.4552,23,0.78753,0.84318,966,3864,DR_primary
19,1,C1,3,5027,0.4968,23,0.78719,0.84289,966,3864,DR_primary
19,1,C2,3,5023,0.4964,23,0.78728,0.8429,966,3864,DR_primary
19,1,C3,3,5023,0.4964,23,0.78728,0.8429,966,3864,DR_primary
19,1,C0,4,4648,0.4593,23,0.78796,0.84383,966,3864,DR_primary
19,1,C1,4,5089,0.5029,23,0.7878,0.8437,966,3864,DR_primary
19,1,C2,4,5087,0.5027,23,0.7876,0.84362,966,3864,DR_primary
19,1,C3,4,5087,0.5027,23,0.7876,0.84362,966,3864,DR_primary
19,1,C0,5,4644,0.4589,23,0.7873,0.84297,966,3864,DR_primary
19,1,C1,5,5077,0.5017,23,0.78729,0.84309,966,3864,DR_primary
19,1,C2,5,5088,0.5028,23,0.78744,0.84328,966,3864,DR_primary
19,1,C3,5,5088,0.5028,23,0.78744,0.84328,966,3864,DR_primary
19,1,C0,6,4558,0.4504,23,0.78695,0.84287,966,3864,DR_primary
19,1,C1,6,5009,0.495,23,0.78701,0.84316,966,3864,DR_primary
19,1,C2,6,5018,0.4959,23,0.78703,0.84316,966,3864,DR_primary
19,1,C3,6,5018,0.4959,23,0.78703,0.84316,966,3864,DR_primary
19,1,C0,7,4542,0.4489,23,0.78712,0.84339,966,3864,DR_primary
19,1,C1,7,5017,0.4958,23,0.78702,0.84327,966,3864,DR_primary
19,1,C2,7,5021,0.4962,23,0.7871,0.8434,966,3864,DR_primary
19,1,C3,7,5021,0.4962,23,0.7871,0.8434,966,3864,DR_primary
19,1,C0,8,4561,0.4507,23,0.787,0.84305,966,3864,DR_primary
19,1,C1,8,5030,0.4971,23,0.78701,0.84306,966,3864,DR_primary
19,1,C2,8,5042,0.4983,23,0.78701,0.84317,966,3864,DR_primary
19,1,C3,8,5042,0.4983,23,0.78701,0.84317,966,3864,DR_primary
19,1,C0,9,4585,0.4531,23,0.78651,0.84293,966,3864,DR_primary
19,1,C1,9,5064,0.5004,23,0.78651,0.8429,966,3864,DR_primary
19,1,C2,9,5039,0.498,23,0.78646,0.84296,966,3864,DR_primary
19,1,C3,9,5039,0.498,23,0.78646,0.84296,966,3864,DR_primary
19,1,C0,10,4596,0.4542,23,0.78687,0.84331,966,3864,DR_primary
19,1,C1,10,5078,0.5018,23,0.78682,0.84312,966,3864,DR_primary
19,1,C2,10,5081,0.5021,23,0.78669,0.84312,966,3864,DR_primary
19,1,C3,10,5081,0.5021,23,0.78669,0.84312,966,3864,DR_primary
19,1,C0,11,4530,0.4477,23,0.78725,0.84336,966,3864,DR_primary
19,1,C1,11,5017,0.4958,23,0.78712,0.84337,966,3864,DR_primary
19,1,C2,11,5011,0.4952,23,0.78696,0.84342,966,3864,DR_primary
19,1,C3,11,5011,0.4952,23,0.78696,0.84342,966,3864,DR_primary
19,1,C0,12,4500,0.4447,23,0.78722,0.8436,966,3864,DR_primary
19,1,C1,12,4970,0.4912,23,0.78706,0.84348,966,3864,DR_primary
19,1,C2,12,4977,0.4918,23,0.78693,0.84346,966,3864,DR_primary
19,1,C3,12,4977,0.4918,23,0.78693,0.84346,966,3864,DR_primary
19,1,C0,13,4677,0.4622,23,0.7869,0.84328,966,3864,DR_primary
19,1,C1,13,5118,0.5058,23,0.78696,0.84331,966,3864,DR_primary
19,1,C2,13,5131,0.5071,23,0.78676,0.84317,966,3864,DR_primary
19,1,C3,13,5131,0.5071,23,0.78676,0.84317,966,3864,DR_primary
19,1,C0,14,4558,0.4504,23,0.78653,0.84258,966,3864,DR_primary
19,1,C1,14,5024,0.4965,23,0.78702,0.84293,966,3864,DR_primary
19,1,C2,14,5045,0.4986,23,0.78695,0.84305,966,3864,DR_primary
19,1,C3,14,5045,0.4986,23,0.78695,0.84305,966,3864,DR_primary
19,1,C0,15,4527,0.4474,23,0.7871,0.8434,966,3864,DR_primary
19,1,C1,15,4998,0.4939,23,0.78691,0.84343,966,3864,DR_primary
19,1,C2,15,5004,0.4945,23,0.7871,0.84349,966,3864,DR_primary
19,1,C3,15,5004,0.4945,23,0.7871,0.84349,966,3864,DR_primary
19,1,C0,16,4584,0.453,23,0.78705,0.84389,966,3864,DR_primary
19,1,C1,16,5039,0.498,23,0.7872,0.84396,966,3864,DR_primary
19,1,C2,16,5023,0.4964,23,0.78711,0.84403,966,3864,DR_primary
19,1,C3,16,5023,0.4964,23,0.78711,0.84403,966,3864,DR_primary
19,1,C0,17,4494,0.4441,23,0.78664,0.84255,966,3864,DR_primary
19,1,C1,17,4945,0.4887,23,0.78667,0.8426,966,3864,DR_primary
19,1,C2,17,4929,0.4871,23,0.78662,0.84273,966,3864,DR_primary
19,1,C3,17,4929,0.4871,23,0.78662,0.84273,966,3864,DR_primary
19,1,C0,18,4610,0.4556,23,0.78794,0.84371,966,3864,DR_primary
19,1,C1,18,5062,0.5002,23,0.78774,0.84365,966,3864,DR_primary
19,1,C2,18,5072,0.5012,23,0.78764,0.8437,966,3864,DR_primary
19,1,C3,18,5072,0.5012,23,0.78764,0.8437,966,3864,DR_primary
19,1,C0,19,4599,0.4545,23,0.78673,0.84276,966,3864,DR_primary
19,1,C1,19,5070,0.501,23,0.78685,0.84268,966,3864,DR_primary
19,1,C2,19,5062,0.5002,23,0.78637,0.84243,966,3864,DR_primary
19,1,C3,19,5062,0.5002,23,0.78637,0.84243,966,3864,DR_primary
19,1,C0,20,4631,0.4577,23,0.78658,0.84286,966,3864,DR_primary
19,1,C1,20,5111,0.5051,23,0.78667,0.84288,966,3864,DR_primary
19,1,C2,20,5097,0.5037,23,0.78653,0.84294,966,3864,DR_primary
19,1,C3,20,5097,0.5037,23,0.78653,0.84294,966,3864,DR_primary
19,1,C0,21,4548,0.4495,23,0.78677,0.84321,966,3864,DR_primary
19,1,C1,21,5032,0.4973,23,0.78683,0.84321,966,3864,DR_primary
19,1,C2,21,5021,0.4962,23,0.78682,0.84322,966,3864,DR_primary
19,1,C3,21,5021,0.4962,23,0.78682,0.84322,966,3864,DR_primary
19,1,C0,22,4505,0.4452,23,0.78689,0.84332,966,3864,DR_primary
19,1,C1,22,4954,0.4896,23,0.78672,0.84311,966,3864,DR_primary
19,1,C2,22,4967,0.4909,23,0.7868,0.8432,966,3864,DR_primary
19,1,C3,22,4967,0.4909,23,0.7868,0.8432,966,3864,DR_primary
19,1,C0,23,4553,0.4499,23,0.78679,0.84337,966,3864,DR_primary
19,1,C1,23,5042,0.4983,23,0.78715,0.84362,966,3864,DR_primary
19,1,C2,23,5023,0.4964,23,0.7868,0.84336,966,3864,DR_primary
19,1,C3,23,5023,0.4964,23,0.7868,0.84336,966,3864,DR_primary
19,1,C0,24,4623,0.4569,23,0.78722,0.84362,966,3864,DR_primary
19,1,C1,24,5072,0.5012,23,0.78764,0.8439,966,3864,DR_primary
19,1,C2,24,5083,0.5023,23,0.78716,0.84366,966,3864,DR_primary
19,1,C3,24,5083,0.5023,23,0.78716,0.84366,966,3864,DR_primary
19,1,C0,25,4673,0.4618,23,0.78731,0.84345,966,3864,DR_primary
19,1,C1,25,5139,0.5079,23,0.7871,0.8433,966,3864,DR_primary
19,1,C2,25,5147,0.5086,23,0.78699,0.84325,966,3864,DR_primary
19,1,C3,25,5147,0.5086,23,0.78699,0.84325,966,3864,DR_primary
19,1,C0,26,4611,0.4557,23,0.78633,0.84239,966,3864,DR_primary
19,1,C1,26,5086,0.5026,23,0.78618,0.84228,966,3864,DR_primary
19,1,C2,26,5081,0.5021,23,0.78622,0.84228,966,3864,DR_primary
19,1,C3,26,5081,0.5021,23,0.78622,0.84228,966,3864,DR_primary
19,1,C0,27,4639,0.4584,23,0.78631,0.84288,966,3864,DR_primary
19,1,C1,27,5076,0.5016,23,0.78595,0.84246,966,3864,DR_primary
19,1,C2,27,5093,0.5033,23,0.78607,0.84265,966,3864,DR_primary
19,1,C3,27,5093,0.5033,23,0.78607,0.84265,966,3864,DR_primary
19,1,C0,28,4539,0.4486,23,0.78641,0.84315,966,3864,DR_primary
19,1,C1,28,4983,0.4924,23,0.78673,0.84324,966,3864,DR_primary
19,1,C2,28,4971,0.4913,23,0.78646,0.84318,966,3864,DR_primary
19,1,C3,28,4971,0.4913,23,0.78646,0.84318,966,3864,DR_primary
19,1,C0,29,4586,0.4532,23,0.78708,0.84335,966,3864,DR_primary
19,1,C1,29,5053,0.4994,23,0.78723,0.84344,966,3864,DR_primary
19,1,C2,29,5063,0.5003,23,0.78711,0.84338,966,3864,DR_primary
19,1,C3,29,5063,0.5003,23,0.78711,0.84338,966,3864,DR_primary
19,1,C0,30,4671,0.4616,23,0.78637,0.84297,966,3864,DR_primary
19,1,C1,30,5108,0.5048,23,0.78659,0.8432,966,3864,DR_primary
19,1,C2,30,5116,0.5056,23,0.78618,0.84304,966,3864,DR_primary
19,1,C3,30,5116,0.5056,23,0.78618,0.84304,966,3864,DR_primary
19,2,C0,1,4615,0.4561,23,0.78785,0.84379,966,3864,DR_primary
19,2,C1,1,5101,0.5041,23,0.78765,0.84355,966,3864,DR_primary
19,2,C2,1,5093,0.5033,23,0.78763,0.84346,966,3864,DR_primary
19,2,C3,1,5093,0.5033,23,0.78763,0.84346,966,3864,DR_primary
19,2,C0,2,4573,0.4519,23,0.78704,0.8436,966,3864,DR_primary
19,2,C1,2,5033,0.4974,23,0.78683,0.84342,966,3864,DR_primary
19,2,C2,2,5039,0.498,23,0.78687,0.8434,966,3864,DR_primary
19,2,C3,2,5039,0.498,23,0.78687,0.8434,966,3864,DR_primary
19,2,C0,3,4535,0.4482,23,0.78722,0.84308,966,3864,DR_primary
19,2,C1,3,5014,0.4955,23,0.78694,0.84293,966,3864,DR_primary
19,2,C2,3,4996,0.4937,23,0.78693,0.84299,966,3864,DR_primary
19,2,C3,3,4996,0.4937,23,0.78693,0.84299,966,3864,DR_primary
19,2,C0,4,4560,0.4506,23,0.78709,0.84344,966,3864,DR_primary
19,2,C1,4,4998,0.4939,23,0.78684,0.84319,966,3864,DR_primary
19,2,C2,4,5000,0.4941,23,0.78691,0.84334,966,3864,DR_primary
19,2,C3,4,5000,0.4941,23,0.78691,0.84334,966,3864,DR_primary
19,2,C0,5,4602,0.4548,23,0.78673,0.84316,966,3864,DR_primary
19,2,C1,5,5090,0.503,23,0.78659,0.84285,966,3864,DR_primary
19,2,C2,5,5084,0.5024,23,0.78654,0.84281,966,3864,DR_primary
19,2,C3,5,5084,0.5024,23,0.78654,0.84281,966,3864,DR_primary
19,2,C0,6,4601,0.4547,23,0.78656,0.8427,966,3864,DR_primary
19,2,C1,6,5049,0.499,23,0.78667,0.84289,966,3864,DR_primary
19,2,C2,6,5025,0.4966,23,0.78653,0.84288,966,3864,DR_primary
19,2,C3,6,5025,0.4966,23,0.78653,0.84288,966,3864,DR_primary
19,2,C0,7,4595,0.4541,23,0.78673,0.84323,966,3864,DR_primary
19,2,C1,7,5033,0.4974,23,0.78683,0.84324,966,3864,DR_primary
19,2,C2,7,5046,0.4987,23,0.78676,0.84325,966,3864,DR_primary
19,2,C3,7,5046,0.4987,23,0.78676,0.84325,966,3864,DR_primary
19,2,C0,8,4581,0.4527,23,0.78683,0.84284,966,3864,DR_primary
19,2,C1,8,5041,0.4982,23,0.7869,0.84288,966,3864,DR_primary
19,2,C2,8,5051,0.4992,23,0.78695,0.84292,966,3864,DR_primary
19,2,C3,8,5051,0.4992,23,0.78695,0.84292,966,3864,DR_primary
19,2,C0,9,4496,0.4443,23,0.78735,0.84383,966,3864,DR_primary
19,2,C1,9,4958,0.49,23,0.78728,0.84372,966,3864,DR_primary
19,2,C2,9,4999,0.494,23,0.78717,0.84376,966,3864,DR_primary
19,2,C3,9,4999,0.494,23,0.78717,0.84376,966,3864,DR_primary
19,2,C0,10,4521,0.4468,23,0.78798,0.84412,966,3864,DR_primary
19,2,C1,10,5002,0.4943,23,0.78804,0.8441,966,3864,DR_primary
19,2,C2,10,4971,0.4913,23,0.78777,0.84407,966,3864,DR_primary
19,2,C3,10,4971,0.4913,23,0.78777,0.84407,966,3864,DR_primary
19,2,C0,11,4699,0.4644,23,0.78735,0.84309,966,3864,DR_primary
19,2,C1,11,5163,0.5102,23,0.78723,0.84295,966,3864,DR_primary
19,2,C2,11,5152,0.5091,23,0.78728,0.84324,966,3864,DR_primary
19,2,C3,11,5152,0.5091,23,0.78728,0.84324,966,3864,DR_primary
19,2,C0,12,4566,0.4512,23,0.78598,0.84201,966,3864,DR_primary
19,2,C1,12,5033,0.4974,23,0.7862,0.84226,966,3864,DR_primary
19,2,C2,12,5051,0.4992,23,0.78597,0.84219,966,3864,DR_primary
19,2,C3,12,5051,0.4992,23,0.78597,0.84219,966,3864,DR_primary
19,2,C0,13,4592,0.4538,23,0.787,0.84317,966,3864,DR_primary
19,2,C1,13,5061,0.5001,23,0.78713,0.84316,966,3864,DR_primary
19,2,C2,13,5055,0.4996,23,0.78715,0.84319,966,3864,DR_primary
19,2,C3,13,5055,0.4996,23,0.78715,0.84319,966,3864,DR_primary
19,2,C0,14,4700,0.4645,23,0.78664,0.84288,966,3864,DR_primary
19,2,C1,14,5154,0.5093,23,0.78659,0.84281,966,3864,DR_primary
19,2,C2,14,5154,0.5093,23,0.78661,0.8429,966,3864,DR_primary
19,2,C3,14,5154,0.5093,23,0.78661,0.8429,966,3864,DR_primary
19,2,C0,15,4611,0.4557,23,0.78665,0.84302,966,3864,DR_primary
19,2,C1,15,5067,0.5007,23,0.78667,0.84299,966,3864,DR_primary
19,2,C2,15,5057,0.4998,23,0.78659,0.84316,966,3864,DR_primary
19,2,C3,15,5057,0.4998,23,0.78659,0.84316,966,3864,DR_primary
19,2,C0,16,4606,0.4552,23,0.78698,0.84311,966,3864,DR_primary
19,2,C1,16,5080,0.502,23,0.78723,0.84328,966,3864,DR_primary
19,2,C2,16,5054,0.4995,23,0.78691,0.84321,966,3864,DR_primary
19,2,C3,16,5054,0.4995,23,0.78691,0.84321,966,3864,DR_primary
19,2,C0,17,4648,0.4593,23,0.78574,0.84195,966,3864,DR_primary
19,2,C1,17,5094,0.5034,23,0.78581,0.84206,966,3864,DR_primary
19,2,C2,17,5069,0.5009,23,0.7859,0.84226,966,3864,DR_primary
19,2,C3,17,5069,0.5009,23,0.7859,0.84226,966,3864,DR_primary
19,2,C0,18,4622,0.4568,23,0.78591,0.84214,966,3864,DR_primary
19,2,C1,18,5100,0.504,23,0.78637,0.84251,966,3864,DR_primary
19,2,C2,18,5078,0.5018,23,0.78623,0.84253,966,3864,DR_primary
19,2,C3,18,5078,0.5018,23,0.78623,0.84253,966,3864,DR_primary
19,2,C0,19,4575,0.4521,23,0.78689,0.84255,966,3864,DR_primary
19,2,C1,19,5034,0.4975,23,0.78667,0.84254,966,3864,DR_primary
19,2,C2,19,5030,0.4971,23,0.7866,0.84244,966,3864,DR_primary
19,2,C3,19,5030,0.4971,23,0.7866,0.84244,966,3864,DR_primary
19,2,C0,20,4611,0.4557,23,0.78684,0.84326,966,3864,DR_primary
19,2,C1,20,5064,0.5004,23,0.78693,0.84331,966,3864,DR_primary
19,2,C2,20,5033,0.4974,23,0.78663,0.84321,966,3864,DR_primary
19,2,C3,20,5033,0.4974,23,0.78663,0.84321,966,3864,DR_primary
19,2,C0,21,4635,0.458,23,0.78755,0.84342,966,3864,DR_primary
19,2,C1,21,5045,0.4986,23,0.78753,0.84342,966,3864,DR_primary
19,2,C2,21,5036,0.4977,23,0.78746,0.84345,966,3864,DR_primary
19,2,C3,21,5036,0.4977,23,0.78746,0.84345,966,3864,DR_primary
19,2,C0,22,4666,0.4611,23,0.78697,0.8431,966,3864,DR_primary
19,2,C1,22,5126,0.5066,23,0.78671,0.84303,966,3864,DR_primary
19,2,C2,22,5106,0.5046,23,0.78698,0.84327,966,3864,DR_primary
19,2,C3,22,5106,0.5046,23,0.78698,0.84327,966,3864,DR_primary
19,2,C0,23,4645,0.459,23,0.78744,0.84338,966,3864,DR_primary
19,2,C1,23,5113,0.5053,23,0.78765,0.84357,966,3864,DR_primary
19,2,C2,23,5108,0.5048,23,0.78752,0.84356,966,3864,DR_primary
19,2,C3,23,5108,0.5048,23,0.78752,0.84356,966,3864,DR_primary
19,2,C0,24,4620,0.4566,23,0.78653,0.84294,966,3864,DR_primary
19,2,C1,24,5061,0.5001,23,0.78677,0.84314,966,3864,DR_primary
19,2,C2,24,5064,0.5004,23,0.78662,0.84317,966,3864,DR_primary
19,2,C3,24,5064,0.5004,23,0.78662,0.84317,966,3864,DR_primary
19,2,C0,25,4580,0.4526,23,0.78743,0.84341,966,3864,DR_primary
19,2,C1,25,5016,0.4957,23,0.78712,0.84321,966,3864,DR_primary
19,2,C2,25,5018,0.4959,23,0.78724,0.84345,966,3864,DR_primary
19,2,C3,25,5018,0.4959,23,0.78724,0.84345,966,3864,DR_primary
19,2,C0,26,4643,0.4588,23,0.78677,0.84319,966,3864,DR_primary
19,2,C1,26,5097,0.5037,23,0.78671,0.84301,966,3864,DR_primary
19,2,C2,26,5090,0.503,23,0.78658,0.84303,966,3864,DR_primary
19,2,C3,26,5090,0.503,23,0.78658,0.84303,966,3864,DR_primary
19,2,C0,27,4558,0.4504,23,0.78758,0.84393,966,3864,DR_primary
19,2,C1,27,5023,0.4964,23,0.7874,0.8437,966,3864,DR_primary
19,2,C2,27,5017,0.4958,23,0.78716,0.84349,966,3864,DR_primary
19,2,C3,27,5017,0.4958,23,0.78716,0.84349,966,3864,DR_primary
19,2,C0,28,4579,0.4525,23,0.78663,0.84319,966,3864,DR_primary
19,2,C1,28,5008,0.4949,23,0.78657,0.84305,966,3864,DR_primary
19,2,C2,28,5021,0.4962,23,0.78657,0.84314,966,3864,DR_primary
19,2,C3,28,5021,0.4962,23,0.78657,0.84314,966,3864,DR_primary
19,2,C0,29,4574,0.452,23,0.78719,0.84308,966,3864,DR_primary
19,2,C1,29,5027,0.4968,23,0.78719,0.84307,966,3864,DR_primary
19,2,C2,29,5015,0.4956,23,0.78688,0.84294,966,3864,DR_primary
19,2,C3,29,5015,0.4956,23,0.78688,0.84294,966,3864,DR_primary
19,2,C0,30,4603,0.4549,23,0.78726,0.8435,966,3864,DR_primary
19,2,C1,30,5041,0.4982,23,0.78694,0.84306,966,3864,DR_primary
19,2,C2,30,5029,0.497,23,0.78715,0.84353,966,3864,DR_primary
19,2,C3,30,5029,0.497,23,0.78715,0.84353,966,3864,DR_primary
19,3,C0,1,4577,0.4523,23,0.78653,0.84276,966,3864,DR_primary
19,3,C1,1,5049,0.499,23,0.78646,0.84274,966,3864,DR_primary
19,3,C2,1,5054,0.4995,23,0.78666,0.84289,966,3864,DR_primary
19,3,C3,1,5054,0.4995,23,0.78666,0.84289,966,3864,DR_primary
19,3,C0,2,4591,0.4537,23,0.7868,0.84291,966,3864,DR_primary
19,3,C1,2,5068,0.5008,23,0.78682,0.84288,966,3864,DR_primary
19,3,C2,2,5068,0.5008,23,0.78658,0.84282,966,3864,DR_primary
19,3,C3,2,5068,0.5008,23,0.78658,0.84282,966,3864,DR_primary
19,3,C0,3,4590,0.4536,23,0.78717,0.84347,966,3864,DR_primary
19,3,C1,3,5054,0.4995,23,0.7871,0.84332,966,3864,DR_primary
19,3,C2,3,5029,0.497,23,0.78712,0.84346,966,3864,DR_primary
19,3,C3,3,5029,0.497,23,0.78712,0.84346,966,3864,DR_primary
19,3,C0,4,4566,0.4512,23,0.78662,0.84295,966,3864,DR_primary
19,3,C1,4,5013,0.4954,23,0.78677,0.84296,966,3864,DR_primary
19,3,C2,4,5006,0.4947,23,0.78636,0.84286,966,3864,DR_primary
19,3,C3,4,5006,0.4947,23,0.78636,0.84286,966,3864,DR_primary
19,3,C0,5,4601,0.4547,23,0.7866,0.84266,966,3864,DR_primary
19,3,C1,5,5050,0.4991,23,0.78679,0.84274,966,3864,DR_primary
19,3,C2,5,5060,0.5,23,0.78672,0.84279,966,3864,DR_primary
19,3,C3,5,5060,0.5,23,0.78672,0.84279,966,3864,DR_primary
19,3,C0,6,4608,0.4554,23,0.78716,0.84353,966,3864,DR_primary
19,3,C1,6,5052,0.4993,23,0.78719,0.84337,966,3864,DR_primary
19,3,C2,6,5104,0.5044,23,0.787,0.84329,966,3864,DR_primary
19,3,C3,6,5104,0.5044,23,0.787,0.84329,966,3864,DR_primary
19,3,C0,7,4603,0.4549,23,0.78786,0.84357,966,3864,DR_primary
19,3,C1,7,5063,0.5003,23,0.7875,0.84331,966,3864,DR_primary
19,3,C2,7,5064,0.5004,23,0.78756,0.84338,966,3864,DR_primary
19,3,C3,7,5064,0.5004,23,0.78756,0.84338,966,3864,DR_primary
19,3,C0,8,4561,0.4507,23,0.78659,0.84293,966,3864,DR_primary
19,3,C1,8,5020,0.4961,23,0.78654,0.84296,966,3864,DR_primary
19,3,C2,8,5042,0.4983,23,0.78649,0.84299,966,3864,DR_primary
19,3,C3,8,5042,0.4983,23,0.78649,0.84299,966,3864,DR_primary
19,3,C0,9,4663,0.4608,23,0.78809,0.84396,966,3864,DR_primary
19,3,C1,9,5102,0.5042,23,0.78787,0.84382,966,3864,DR_primary
19,3,C2,9,5127,0.5067,23,0.78784,0.8438,966,3864,DR_primary
19,3,C3,9,5127,0.5067,23,0.78784,0.8438,966,3864,DR_primary
19,3,C0,10,4608,0.4554,23,0.78709,0.84361,966,3864,DR_primary
19,3,C1,10,5056,0.4997,23,0.78729,0.84378,966,3864,DR_primary
19,3,C2,10,5075,0.5015,23,0.7872,0.84375,966,3864,DR_primary
19,3,C3,10,5075,0.5015,23,0.7872,0.84375,966,3864,DR_primary
19,3,C0,11,4621,0.4567,23,0.78664,0.84319,966,3864,DR_primary
19,3,C1,11,5093,0.5033,23,0.78678,0.84333,966,3864,DR_primary
19,3,C2,11,5109,0.5049,23,0.78676,0.84349,966,3864,DR_primary
19,3,C3,11,5109,0.5049,23,0.78676,0.84349,966,3864,DR_primary
19,3,C0,12,4601,0.4547,23,0.78692,0.84266,966,3864,DR_primary
19,3,C1,12,5068,0.5008,23,0.787,0.84279,966,3864,DR_primary
19,3,C2,12,5040,0.4981,23,0.7866,0.84253,966,3864,DR_primary
19,3,C3,12,5040,0.4981,23,0.7866,0.84253,966,3864,DR_primary
19,3,C0,13,4675,0.462,23,0.78703,0.84311,966,3864,DR_primary
19,3,C1,13,5126,0.5066,23,0.78684,0.8429,966,3864,DR_primary
19,3,C2,13,5125,0.5065,23,0.78678,0.84307,966,3864,DR_primary
19,3,C3,13,5125,0.5065,23,0.78678,0.84307,966,3864,DR_primary
19,3,C0,14,4665,0.461,23,0.78652,0.84296,966,3864,DR_primary
19,3,C1,14,5117,0.5057,23,0.78656,0.84288,966,3864,DR_primary
19,3,C2,14,5110,0.505,23,0.78663,0.84309,966,3864,DR_primary
19,3,C3,14,5110,0.505,23,0.78663,0.84309,966,3864,DR_primary
19,3,C0,15,4553,0.4499,23,0.78721,0.84313,966,3864,DR_primary
19,3,C1,15,5013,0.4954,23,0.78713,0.84322,966,3864,DR_primary
19,3,C2,15,5015,0.4956,23,0.78718,0.8433,966,3864,DR_primary
19,3,C3,15,5015,0.4956,23,0.78718,0.8433,966,3864,DR_primary
19,3,C0,16,4685,0.463,23,0.78724,0.84316,966,3864,DR_primary
19,3,C1,16,5115,0.5055,23,0.78719,0.84313,966,3864,DR_primary
19,3,C2,16,5104,0.5044,23,0.78729,0.84336,966,3864,DR_primary
19,3,C3,16,5104,0.5044,23,0.78729,0.84336,966,3864,DR_primary
19,3,C0,17,4565,0.4511,23,0.78695,0.84337,966,3864,DR_primary
19,3,C1,17,5029,0.497,23,0.78703,0.84338,966,3864,DR_primary
19,3,C2,17,5018,0.4959,23,0.78704,0.84356,966,3864,DR_primary
19,3,C3,17,5018,0.4959,23,0.78704,0.84356,966,3864,DR_primary
19,3,C0,18,4530,0.4477,23,0.78691,0.84353,966,3864,DR_primary
19,3,C1,18,4996,0.4937,23,0.78702,0.84358,966,3864,DR_primary
19,3,C2,18,4974,0.4916,23,0.78672,0.84355,966,3864,DR_primary
19,3,C3,18,4974,0.4916,23,0.78672,0.84355,966,3864,DR_primary
19,3,C0,19,4503,0.445,23,0.7868,0.84287,966,3864,DR_primary
19,3,C1,19,4955,0.4897,23,0.7872,0.84316,966,3864,DR_primary
19,3,C2,19,4943,0.4885,23,0.7868,0.84302,966,3864,DR_primary
19,3,C3,19,4943,0.4885,23,0.7868,0.84302,966,3864,DR_primary
19,3,C0,20,4560,0.4506,23,0.78716,0.84306,966,3864,DR_primary
19,3,C1,20,4988,0.4929,23,0.78706,0.84292,966,3864,DR_primary
19,3,C2,20,5000,0.4941,23,0.78678,0.84295,966,3864,DR_primary
19,3,C3,20,5000,0.4941,23,0.78678,0.84295,966,3864,DR_primary
19,3,C0,21,4504,0.4451,23,0.78638,0.8423,966,3864,DR_primary
19,3,C1,21,4985,0.4926,23,0.78649,0.84255,966,3864,DR_primary
19,3,C2,21,4998,0.4939,23,0.78666,0.84281,966,3864,DR_primary
19,3,C3,21,4998,0.4939,23,0.78666,0.84281,966,3864,DR_primary
19,3,C0,22,4587,0.4533,23,0.78659,0.84314,966,3864,DR_primary
19,3,C1,22,5060,0.5,23,0.78655,0.8429,966,3864,DR_primary
19,3,C2,22,5030,0.4971,23,0.78625,0.84279,966,3864,DR_primary
19,3,C3,22,5030,0.4971,23,0.78625,0.84279,966,3864,DR_primary
19,3,C0,23,4561,0.4507,23,0.78669,0.84284,966,3864,DR_primary
19,3,C1,23,5022,0.4963,23,0.78678,0.84291,966,3864,DR_primary
19,3,C2,23,5025,0.4966,23,0.78669,0.84306,966,3864,DR_primary
19,3,C3,23,5025,0.4966,23,0.78669,0.84306,966,3864,DR_primary
19,3,C0,24,4529,0.4476,23,0.7874,0.84338,966,3864,DR_primary
19,3,C1,24,4991,0.4932,23,0.78746,0.84359,966,3864,DR_primary
19,3,C2,24,4969,0.4911,23,0.78729,0.84356,966,3864,DR_primary
19,3,C3,24,4969,0.4911,23,0.78729,0.84356,966,3864,DR_primary
19,3,C0,25,4677,0.4622,23,0.78716,0.84349,966,3864,DR_primary
19,3,C1,25,5145,0.5084,23,0.78729,0.84351,966,3864,DR_primary
19,3,C2,25,5137,0.5077,23,0.78708,0.84349,966,3864,DR_primary
19,3,C3,25,5137,0.5077,23,0.78708,0.84349,966,3864,DR_primary
19,3,C0,26,4618,0.4564,23,0.78622,0.84278,966,3864,DR_primary
19,3,C1,26,5101,0.5041,23,0.78652,0.84295,966,3864,DR_primary
19,3,C2,26,5111,0.5051,23,0.78624,0.84292,966,3864,DR_primary
19,3,C3,26,5111,0.5051,23,0.78624,0.84292,966,3864,DR_primary
19,3,C0,27,4627,0.4573,23,0.78723,0.84352,966,3864,DR_primary
19,3,C1,27,5131,0.5071,23,0.78721,0.84357,966,3864,DR_primary
19,3,C2,27,5114,0.5054,23,0.78702,0.84358,966,3864,DR_primary
19,3,C3,27,5114,0.5054,23,0.78702,0.84358,966,3864,DR_primary
19,3,C0,28,4566,0.4512,23,0.7871,0.84272,966,3864,DR_primary
19,3,C1,28,5041,0.4982,23,0.7866,0.84248,966,3864,DR_primary
19,3,C2,28,5049,0.499,23,0.78685,0.84279,966,3864,DR_primary
19,3,C3,28,5049,0.499,23,0.78685,0.84279,966,3864,DR_primary
19,3,C0,29,4632,0.4578,23,0.78694,0.84283,966,3864,DR_primary
19,3,C1,29,5113,0.5053,23,0.78721,0.8432,966,3864,DR_primary
19,3,C2,29,5113,0.5053,23,0.78694,0.84304,966,3864,DR_primary
19,3,C3,29,5113,0.5053,23,0.78694,0.84304,966,3864,DR_primary
19,3,C0,30,4571,0.4517,23,0.787,0.84311,966,3864,DR_primary
19,3,C1,30,5049,0.499,23,0.78676,0.84297,966,3864,DR_primary
19,3,C2,30,5058,0.4999,23,0.78679,0.84316,966,3864,DR_primary
19,3,C3,30,5058,0.4999,23,0.78679,0.84316,966,3864,DR_primary
19,4,C0,1,4572,0.4518,23,0.78742,0.84319,966,3864,DR_primary
19,4,C1,1,5025,0.4966,23,0.78728,0.84309,966,3864,DR_primary
19,4,C2,1,5020,0.4961,23,0.78749,0.84318,966,3864,DR_primary
19,4,C3,1,5020,0.4961,23,0.78749,0.84318,966,3864,DR_primary
19,4,C0,2,4565,0.4511,23,0.78689,0.8435,966,3864,DR_primary
19,4,C1,2,5048,0.4989,23,0.78686,0.84337,966,3864,DR_primary
19,4,C2,2,5062,0.5002,23,0.78666,0.84331,966,3864,DR_primary
19,4,C3,2,5062,0.5002,23,0.78666,0.84331,966,3864,DR_primary
19,4,C0,3,4667,0.4612,23,0.78712,0.84361,966,3864,DR_primary
19,4,C1,3,5101,0.5041,23,0.78729,0.84354,966,3864,DR_primary
19,4,C2,3,5116,0.5056,23,0.78697,0.84345,966,3864,DR_primary
19,4,C3,3,5116,0.5056,23,0.78697,0.84345,966,3864,DR_primary
19,4,C0,4,4525,0.4472,23,0.78679,0.84289,966,3864,DR_primary
19,4,C1,4,4971,0.4913,23,0.78693,0.84304,966,3864,DR_primary
19,4,C2,4,4985,0.4926,23,0.78674,0.84302,966,3864,DR_primary
19,4,C3,4,4985,0.4926,23,0.78674,0.84302,966,3864,DR_primary
19,4,C0,5,4578,0.4524,23,0.78728,0.84357,966,3864,DR_primary
19,4,C1,5,5025,0.4966,23,0.78715,0.84361,966,3864,DR_primary
19,4,C2,5,5016,0.4957,23,0.78722,0.84368,966,3864,DR_primary
19,4,C3,5,5016,0.4957,23,0.78722,0.84368,966,3864,DR_primary
19,4,C0,6,4575,0.4521,23,0.78647,0.84279,966,3864,DR_primary
19,4,C1,6,5040,0.4981,23,0.78626,0.8429,966,3864,DR_primary
19,4,C2,6,5027,0.4968,23,0.7862,0.84287,966,3864,DR_primary
19,4,C3,6,5027,0.4968,23,0.7862,0.84287,966,3864,DR_primary
19,4,C0,7,4583,0.4529,23,0.78677,0.8429,966,3864,DR_primary
19,4,C1,7,5055,0.4996,23,0.78693,0.84312,966,3864,DR_primary
19,4,C2,7,5045,0.4986,23,0.78689,0.84318,966,3864,DR_primary
19,4,C3,7,5045,0.4986,23,0.78689,0.84318,966,3864,DR_primary
19,4,C0,8,4724,0.4668,23,0.78753,0.84363,966,3864,DR_primary
19,4,C1,8,5155,0.5094,23,0.7874,0.84344,966,3864,DR_primary
19,4,C2,8,5158,0.5097,23,0.78735,0.84358,966,3864,DR_primary
19,4,C3,8,5158,0.5097,23,0.78735,0.84358,966,3864,DR_primary
19,4,C0,9,4646,0.4591,23,0.78701,0.84353,966,3864,DR_primary
19,4,C1,9,5129,0.5069,23,0.78701,0.84352,966,3864,DR_primary
19,4,C2,9,5109,0.5049,23,0.78705,0.84353,966,3864,DR_primary
19,4,C3,9,5109,0.5049,23,0.78705,0.84353,966,3864,DR_primary
19,4,C0,10,4653,0.4598,23,0.78748,0.84353,966,3864,DR_primary
19,4,C1,10,5116,0.5056,23,0.78738,0.84357,966,3864,DR_primary
19,4,C2,10,5119,0.5059,23,0.78744,0.8437,966,3864,DR_primary
19,4,C3,10,5119,0.5059,23,0.78744,0.8437,966,3864,DR_primary
19,4,C0,11,4574,0.452,23,0.78711,0.84318,966,3864,DR_primary
19,4,C1,11,5048,0.4989,23,0.78693,0.84327,966,3864,DR_primary
19,4,C2,11,5029,0.497,23,0.78676,0.84329,966,3864,DR_primary
19,4,C3,11,5029,0.497,23,0.78676,0.84329,966,3864,DR_primary
19,4,C0,12,4674,0.4619,23,0.78753,0.84353,966,3864,DR_primary
19,4,C1,12,5156,0.5095,23,0.7869,0.84314,966,3864,DR_primary
19,4,C2,12,5144,0.5084,23,0.78709,0.8433,966,3864,DR_primary
19,4,C3,12,5144,0.5084,23,0.78709,0.8433,966,3864,DR_primary
19,4,C0,13,4554,0.45,23,0.78625,0.84264,966,3864,DR_primary
19,4,C1,13,5001,0.4942,23,0.78614,0.84259,966,3864,DR_primary
19,4,C2,13,4980,0.4921,23,0.78618,0.84268,966,3864,DR_primary
19,4,C3,13,4980,0.4921,23,0.78618,0.84268,966,3864,DR_primary
19,4,C0,14,4558,0.4504,23,0.78738,0.84347,966,3864,DR_primary
19,4,C1,14,5036,0.4977,23,0.78736,0.84343,966,3864,DR_primary
19,4,C2,14,5027,0.4968,23,0.78694,0.84324,966,3864,DR_primary
19,4,C3,14,5027,0.4968,23,0.78694,0.84324,966,3864,DR_primary
19,4,C0,15,4652,0.4597,23,0.78698,0.8431,966,3864,DR_primary
19,4,C1,15,5074,0.5014,23,0.78718,0.84316,966,3864,DR_primary
19,4,C2,15,5073,0.5013,23,0.78691,0.84302,966,3864,DR_primary
19,4,C3,15,5073,0.5013,23,0.78691,0.84302,966,3864,DR_primary
19,4,C0,16,4590,0.4536,23,0.7875,0.84386,966,3864,DR_primary
19,4,C1,16,5007,0.4948,23,0.78767,0.84391,966,3864,DR_primary
19,4,C2,16,5026,0.4967,23,0.78743,0.84389,966,3864,DR_primary
19,4,C3,16,5026,0.4967,23,0.78743,0.84389,966,3864,DR_primary
19,4,C0,17,4550,0.4496,23,0.78663,0.84294,966,3864,DR_primary
19,4,C1,17,4994,0.4935,23,0.78669,0.843,966,3864,DR_primary
19,4,C2,17,4991,0.4932,23,0.78653,0.84296,966,3864,DR_primary
19,4,C3,17,4991,0.4932,23,0.78653,0.84296,966,3864,DR_primary
19,4,C0,18,4634,0.458,23,0.78661,0.84259,966,3864,DR_primary
19,4,C1,18,5119,0.5059,23,0.78703,0.84298,966,3864,DR_primary
19,4,C2,18,5108,0.5048,23,0.78693,0.84296,966,3864,DR_primary
19,4,C3,18,5108,0.5048,23,0.78693,0.84296,966,3864,DR_primary
19,4,C0,19,4588,0.4534,23,0.78647,0.84277,966,3864,DR_primary
19,4,C1,19,5031,0.4972,23,0.78652,0.84267,966,3864,DR_primary
19,4,C2,19,5022,0.4963,23,0.78621,0.84263,966,3864,DR_primary
19,4,C3,19,5022,0.4963,23,0.78621,0.84263,966,3864,DR_primary
19,4,C0,20,4573,0.4519,23,0.78518,0.84159,966,3864,DR_primary
19,4,C1,20,5025,0.4966,23,0.78547,0.84186,966,3864,DR_primary
19,4,C2,20,5008,0.4949,23,0.78535,0.84177,966,3864,DR_primary
19,4,C3,20,5008,0.4949,23,0.78535,0.84177,966,3864,DR_primary
19,4,C0,21,4588,0.4534,23,0.78732,0.84325,966,3864,DR_primary
19,4,C1,21,5011,0.4952,23,0.78732,0.84334,966,3864,DR_primary
19,4,C2,21,5006,0.4947,23,0.78732,0.84347,966,3864,DR_primary
19,4,C3,21,5006,0.4947,23,0.78732,0.84347,966,3864,DR_primary
19,4,C0,22,4623,0.4569,23,0.78671,0.8428,966,3864,DR_primary
19,4,C1,22,5086,0.5026,23,0.78682,0.84292,966,3864,DR_primary
19,4,C2,22,5075,0.5015,23,0.78678,0.84288,966,3864,DR_primary
19,4,C3,22,5075,0.5015,23,0.78678,0.84288,966,3864,DR_primary
19,4,C0,23,4573,0.4519,23,0.78726,0.84305,966,3864,DR_primary
19,4,C1,23,5022,0.4963,23,0.78709,0.843,966,3864,DR_primary
19,4,C2,23,5050,0.4991,23,0.78692,0.84297,966,3864,DR_primary
19,4,C3,23,5050,0.4991,23,0.78692,0.84297,966,3864,DR_primary
19,4,C0,24,4646,0.4591,23,0.78718,0.8436,966,3864,DR_primary
19,4,C1,24,5070,0.501,23,0.78667,0.84314,966,3864,DR_primary
19,4,C2,24,5076,0.5016,23,0.78658,0.84311,966,3864,DR_primary
19,4,C3,24,5076,0.5016,23,0.78658,0.84311,966,3864,DR_primary
19,4,C0,25,4483,0.443,23,0.78649,0.84271,966,3864,DR_primary
19,4,C1,25,4924,0.4866,23,0.7863,0.8425,966,3864,DR_primary
19,4,C2,25,4937,0.4879,23,0.78642,0.84257,966,3864,DR_primary
19,4,C3,25,4937,0.4879,23,0.78642,0.84257,966,3864,DR_primary
19,4,C0,26,4519,0.4466,23,0.78637,0.84283,966,3864,DR_primary
19,4,C1,26,5026,0.4967,23,0.78624,0.84277,966,3864,DR_primary
19,4,C2,26,5008,0.4949,23,0.78642,0.84292,966,3864,DR_primary
19,4,C3,26,5008,0.4949,23,0.78642,0.84292,966,3864,DR_primary
19,4,C0,27,4566,0.4512,23,0.78684,0.84315,966,3864,DR_primary
19,4,C1,27,5046,0.4987,23,0.78696,0.84342,966,3864,DR_primary
19,4,C2,27,5042,0.4983,23,0.78684,0.84348,966,3864,DR_primary
19,4,C3,27,5042,0.4983,23,0.78684,0.84348,966,3864,DR_primary
19,4,C0,28,4592,0.4538,23,0.78639,0.84272,966,3864,DR_primary
19,4,C1,28,5047,0.4988,23,0.78682,0.84309,966,3864,DR_primary
19,4,C2,28,5053,0.4994,23,0.78638,0.84292,966,3864,DR_primary
19,4,C3,28,5053,0.4994,23,0.78638,0.84292,966,3864,DR_primary
19,4,C0,29,4586,0.4532,23,0.7863,0.84228,966,3864,DR_primary
19,4,C1,29,5037,0.4978,23,0.78657,0.84266,966,3864,DR_primary
19,4,C2,29,5007,0.4948,23,0.78647,0.8427,966,3864,DR_primary
19,4,C3,29,5007,0.4948,23,0.78647,0.8427,966,3864,DR_primary
19,4,C0,30,4621,0.4567,23,0.78749,0.84355,966,3864,DR_primary
19,4,C1,30,5076,0.5016,23,0.78742,0.8436,966,3864,DR_primary
19,4,C2,30,5091,0.5031,23,0.78732,0.84357,966,3864,DR_primary
19,4,C3,30,5091,0.5031,23,0.78732,0.84357,966,3864,DR_primary
19,5,C0,1,4532,0.4479,23,0.78632,0.84296,966,3864,DR_primary
19,5,C1,1,5003,0.4944,23,0.7865,0.843,966,3864,DR_primary
19,5,C2,1,5009,0.495,23,0.78641,0.84278,966,3864,DR_primary
19,5,C3,1,5009,0.495,23,0.78641,0.84278,966,3864,DR_primary
19,5,C0,2,4637,0.4582,23,0.78661,0.84299,966,3864,DR_primary
19,5,C1,2,5072,0.5012,23,0.78668,0.84301,966,3864,DR_primary
19,5,C2,2,5093,0.5033,23,0.78632,0.84282,966,3864,DR_primary
19,5,C3,2,5093,0.5033,23,0.78632,0.84282,966,3864,DR_primary
19,5,C0,3,4593,0.4539,23,0.78703,0.84331,966,3864,DR_primary
19,5,C1,3,5053,0.4994,23,0.78681,0.8432,966,3864,DR_primary
19,5,C2,3,5041,0.4982,23,0.78662,0.8432,966,3864,DR_primary
19,5,C3,3,5041,0.4982,23,0.78662,0.8432,966,3864,DR_primary
19,5,C0,4,4548,0.4495,23,0.78652,0.84266,966,3864,DR_primary
19,5,C1,4,5007,0.4948,23,0.78681,0.84309,966,3864,DR_primary
19,5,C2,4,4991,0.4932,23,0.78684,0.84326,966,3864,DR_primary
19,5,C3,4,4991,0.4932,23,0.78684,0.84326,966,3864,DR_primary
19,5,C0,5,4616,0.4562,23,0.78763,0.84352,966,3864,DR_primary
19,5,C1,5,5081,0.5021,23,0.78765,0.84348,966,3864,DR_primary
19,5,C2,5,5084,0.5024,23,0.78746,0.84358,966,3864,DR_primary
19,5,C3,5,5084,0.5024,23,0.78746,0.84358,966,3864,DR_primary
19,5,C0,6,4605,0.4551,23,0.78766,0.84428,966,3864,DR_primary
19,5,C1,6,5063,0.5003,23,0.78813,0.84456,966,3864,DR_primary
19,5,C2,6,5062,0.5002,23,0.78767,0.84432,966,3864,DR_primary
19,5,C3,6,5062,0.5002,23,0.78767,0.84432,966,3864,DR_primary
19,5,C0,7,4632,0.4578,23,0.78695,0.84302,966,3864,DR_primary
19,5,C1,7,5090,0.503,23,0.78718,0.84326,966,3864,DR_primary
19,5,C2,7,5088,0.5028,23,0.78702,0.84319,966,3864,DR_primary
19,5,C3,7,5088,0.5028,23,0.78702,0.84319,966,3864,DR_primary
19,5,C0,8,4548,0.4495,23,0.78686,0.84313,966,3864,DR_primary
19,5,C1,8,5000,0.4941,23,0.7872,0.84319,966,3864,DR_primary
19,5,C2,8,4999,0.494,23,0.78711,0.84319,966,3864,DR_primary
19,5,C3,8,4999,0.494,23,0.78711,0.84319,966,3864,DR_primary
19,5,C0,9,4562,0.4508,23,0.78761,0.84449,966,3864,DR_primary
19,5,C1,9,5036,0.4977,23,0.78761,0.84437,966,3864,DR_primary
19,5,C2,9,5033,0.4974,23,0.78749,0.84443,966,3864,DR_primary
19,5,C3,9,5033,0.4974,23,0.78749,0.84443,966,3864,DR_primary
19,5,C0,10,4558,0.4504,23,0.78642,0.84274,966,3864,DR_primary
19,5,C1,10,4986,0.4927,23,0.78644,0.84261,966,3864,DR_primary
19,5,C2,10,4965,0.4907,23,0.78624,0.84259,966,3864,DR_primary
19,5,C3,10,4965,0.4907,23,0.78624,0.84259,966,3864,DR_primary
19,5,C0,11,4621,0.4567,23,0.78696,0.84322,966,3864,DR_primary
19,5,C1,11,5050,0.4991,23,0.78707,0.84343,966,3864,DR_primary
19,5,C2,11,5071,0.5011,23,0.78698,0.84336,966,3864,DR_primary
19,5,C3,11,5071,0.5011,23,0.78698,0.84336,966,3864,DR_primary
19,5,C0,12,4561,0.4507,23,0.78671,0.84293,966,3864,DR_primary
19,5,C1,12,4979,0.492,23,0.78675,0.84293,966,3864,DR_primary
19,5,C2,12,4981,0.4922,23,0.78658,0.84293,966,3864,DR_primary
19,5,C3,12,4981,0.4922,23,0.78658,0.84293,966,3864,DR_primary
19,5,C0,13,4553,0.4499,23,0.78706,0.84367,966,3864,DR_primary
19,5,C1,13,5012,0.4953,23,0.78703,0.84358,966,3864,DR_primary
19,5,C2,13,5007,0.4948,23,0.78683,0.84351,966,3864,DR_primary
19,5,C3,13,5007,0.4948,23,0.78683,0.84351,966,3864,DR_primary
19,5,C0,14,4621,0.4567,23,0.78674,0.84327,966,3864,DR_primary
19,5,C1,14,5079,0.5019,23,0.78656,0.84303,966,3864,DR_primary
19,5,C2,14,5113,0.5053,23,0.7864,0.84304,966,3864,DR_primary
19,5,C3,14,5113,0.5053,23,0.7864,0.84304,966,3864,DR_primary
19,5,C0,15,4650,0.4595,23,0.78724,0.84353,966,3864,DR_primary
19,5,C1,15,5099,0.5039,23,0.78722,0.84349,966,3864,DR_primary
19,5,C2,15,5105,0.5045,23,0.78751,0.8437,966,3864,DR_primary
19,5,C3,15,5105,0.5045,23,0.78751,0.8437,966,3864,DR_primary
19,5,C0,16,4537,0.4484,23,0.78632,0.84252,966,3864,DR_primary
19,5,C1,16,4972,0.4914,23,0.78644,0.8426,966,3864,DR_primary
19,5,C2,16,5013,0.4954,23,0.78635,0.8428,966,3864,DR_primary
19,5,C3,16,5013,0.4954,23,0.78635,0.8428,966,3864,DR_primary
19,5,C0,17,4549,0.4496,23,0.78785,0.84375,966,3864,DR_primary
19,5,C1,17,5015,0.4956,23,0.78777,0.84368,966,3864,DR_primary
19,5,C2,17,5020,0.4961,23,0.78777,0.84386,966,3864,DR_primary
19,5,C3,17,5020,0.4961,23,0.78777,0.84386,966,3864,DR_primary
19,5,C0,18,4592,0.4538,23,0.78696,0.84293,966,3864,DR_primary
19,5,C1,18,5023,0.4964,23,0.78696,0.84289,966,3864,DR_primary
19,5,C2,18,5048,0.4989,23,0.78674,0.84292,966,3864,DR_primary
19,5,C3,18,5048,0.4989,23,0.78674,0.84292,966,3864,DR_primary
19,5,C0,19,4650,0.4595,23,0.787,0.84341,966,3864,DR_primary
19,5,C1,19,5119,0.5059,23,0.78706,0.8435,966,3864,DR_primary
19,5,C2,19,5107,0.5047,23,0.7869,0.84346,966,3864,DR_primary
19,5,C3,19,5107,0.5047,23,0.7869,0.84346,966,3864,DR_primary
19,5,C0,20,4577,0.4523,23,0.78702,0.84314,966,3864,DR_primary
19,5,C1,20,5033,0.4974,23,0.78726,0.84336,966,3864,DR_primary
19,5,C2,20,5025,0.4966,23,0.78725,0.84344,966,3864,DR_primary
19,5,C3,20,5025,0.4966,23,0.78725,0.84344,966,3864,DR_primary
19,5,C0,21,4602,0.4548,23,0.7868,0.84291,966,3864,DR_primary
19,5,C1,21,5048,0.4989,23,0.78719,0.84315,966,3864,DR_primary
19,5,C2,21,5042,0.4983,23,0.78672,0.84288,966,3864,DR_primary
19,5,C3,21,5042,0.4983,23,0.78672,0.84288,966,3864,DR_primary
19,5,C0,22,4555,0.4501,23,0.78742,0.84379,966,3864,DR_primary
19,5,C1,22,4999,0.494,23,0.78724,0.8435,966,3864,DR_primary
19,5,C2,22,5010,0.4951,23,0.78736,0.84368,966,3864,DR_primary
19,5,C3,22,5010,0.4951,23,0.78736,0.84368,966,3864,DR_primary
19,5,C0,23,4569,0.4515,23,0.78775,0.84379,966,3864,DR_primary
19,5,C1,23,5016,0.4957,23,0.78735,0.84342,966,3864,DR_primary
19,5,C2,23,5027,0.4968,23,0.7874,0.84351,966,3864,DR_primary
19,5,C3,23,5027,0.4968,23,0.7874,0.84351,966,3864,DR_primary
19,5,C0,24,4541,0.4488,23,0.78767,0.84363,966,3864,DR_primary
19,5,C1,24,4965,0.4907,23,0.78775,0.84377,966,3864,DR_primary
19,5,C2,24,5000,0.4941,23,0.78753,0.8437,966,3864,DR_primary
19,5,C3,24,5000,0.4941,23,0.78753,0.8437,966,3864,DR_primary
19,5,C0,25,4514,0.4461,23,0.78719,0.84307,966,3864,DR_primary
19,5,C1,25,5011,0.4952,23,0.78711,0.84303,966,3864,DR_primary
19,5,C2,25,5021,0.4962,23,0.78731,0.84335,966,3864,DR_primary
19,5,C3,25,5021,0.4962,23,0.78731,0.84335,966,3864,DR_primary
19,5,C0,26,4642,0.4587,23,0.78727,0.84339,966,3864,DR_primary
19,5,C1,26,5095,0.5035,23,0.78706,0.84326,966,3864,DR_primary
19,5,C2,26,5066,0.5006,23,0.78704,0.84323,966,3864,DR_primary
19,5,C3,26,5066,0.5006,23,0.78704,0.84323,966,3864,DR_primary
19,5,C0,27,4615,0.4561,23,0.78756,0.84358,966,3864,DR_primary
19,5,C1,27,5048,0.4989,23,0.78752,0.84362,966,3864,DR_primary
19,5,C2,27,5031,0.4972,23,0.78756,0.84366,966,3864,DR_primary
19,5,C3,27,5031,0.4972,23,0.78756,0.84366,966,3864,DR_primary
19,5,C0,28,4688,0.4633,23,0.78736,0.84369,966,3864,DR_primary
19,5,C1,28,5132,0.5072,23,0.78719,0.84346,966,3864,DR_primary
19,5,C2,28,5127,0.5067,23,0.78715,0.84352,966,3864,DR_primary
19,5,C3,28,5127,0.5067,23,0.78715,0.84352,966,3864,DR_primary
19,5,C0,29,4641,0.4586,23,0.78717,0.84336,966,3864,DR_primary
19,5,C1,29,5109,0.5049,23,0.7873,0.84341,966,3864,DR_primary
19,5,C2,29,5077,0.5017,23,0.78731,0.84352,966,3864,DR_primary
19,5,C3,29,5077,0.5017,23,0.78731,0.84352,966,3864,DR_primary
19,5,C0,30,4643,0.4588,23,0.7868,0.84345,966,3864,DR_primary
19,5,C1,30,5109,0.5049,23,0.78706,0.84362,966,3864,DR_primary
19,5,C2,30,5105,0.5045,23,0.78678,0.84353,966,3864,DR_primary
19,5,C3,30,5105,0.5045,23,0.78678,0.84353,966,3864,DR_primary
19,6,C0,1,4669,0.4614,23,0.78662,0.84245,966,3864,DR_primary
19,6,C1,1,5140,0.508,23,0.78693,0.84261,966,3864,DR_primary
19,6,C2,1,5165,0.5104,23,0.78697,0.84271,966,3864,DR_primary
19,6,C3,1,5165,0.5104,23,0.78697,0.84271,966,3864,DR_primary
19,6,C0,2,4593,0.4539,23,0.78719,0.84331,966,3864,DR_primary
19,6,C1,2,5082,0.5022,23,0.78705,0.8431,966,3864,DR_primary
19,6,C2,2,5058,0.4999,23,0.78702,0.8432,966,3864,DR_primary
19,6,C3,2,5058,0.4999,23,0.78702,0.8432,966,3864,DR_primary
19,6,C0,3,4593,0.4539,23,0.78614,0.84275,966,3864,DR_primary
19,6,C1,3,5058,0.4999,23,0.78617,0.84267,966,3864,DR_primary
19,6,C2,3,5061,0.5001,23,0.78613,0.84266,966,3864,DR_primary
19,6,C3,3,5061,0.5001,23,0.78613,0.84266,966,3864,DR_primary
19,6,C0,4,4615,0.4561,23,0.78661,0.84349,966,3864,DR_primary
19,6,C1,4,5063,0.5003,23,0.78676,0.84352,966,3864,DR_primary
19,6,C2,4,5055,0.4996,23,0.7867,0.84363,966,3864,DR_primary
19,6,C3,4,5055,0.4996,23,0.7867,0.84363,966,3864,DR_primary
19,6,C0,5,4634,0.458,23,0.78674,0.84299,966,3864,DR_primary
19,6,C1,5,5103,0.5043,23,0.78668,0.84295,966,3864,DR_primary
19,6,C2,5,5099,0.5039,23,0.78674,0.84314,966,3864,DR_primary
19,6,C3,5,5099,0.5039,23,0.78674,0.84314,966,3864,DR_primary
19,6,C0,6,4622,0.4568,23,0.78741,0.84326,966,3864,DR_primary
19,6,C1,6,5129,0.5069,23,0.78738,0.84334,966,3864,DR_primary
19,6,C2,6,5113,0.5053,23,0.78719,0.84316,966,3864,DR_primary
19,6,C3,6,5113,0.5053,23,0.78719,0.84316,966,3864,DR_primary
19,6,C0,7,4553,0.4499,23,0.7874,0.84406,966,3864,DR_primary
19,6,C1,7,4992,0.4933,23,0.78771,0.84414,966,3864,DR_primary
19,6,C2,7,5017,0.4958,23,0.78736,0.84408,966,3864,DR_primary
19,6,C3,7,5017,0.4958,23,0.78736,0.84408,966,3864,DR_primary
19,6,C0,8,4609,0.4555,23,0.78709,0.84294,966,3864,DR_primary
19,6,C1,8,5073,0.5013,23,0.78709,0.84301,966,3864,DR_primary
19,6,C2,8,5087,0.5027,23,0.78702,0.84308,966,3864,DR_primary
19,6,C3,8,5087,0.5027,23,0.78702,0.84308,966,3864,DR_primary
19,6,C0,9,4631,0.4577,23,0.78712,0.84327,966,3864,DR_primary
19,6,C1,9,5093,0.5033,23,0.78714,0.84323,966,3864,DR_primary
19,6,C2,9,5131,0.5071,23,0.78695,0.84317,966,3864,DR_primary
19,6,C3,9,5131,0.5071,23,0.78695,0.84317,966,3864,DR_primary
19,6,C0,10,4667,0.4612,23,0.78692,0.84317,966,3864,DR_primary
19,6,C1,10,5116,0.5056,23,0.78687,0.84323,966,3864,DR_primary
19,6,C2,10,5109,0.5049,23,0.78696,0.8434,966,3864,DR_primary
19,6,C3,10,5109,0.5049,23,0.78696,0.8434,966,3864,DR_primary
19,6,C0,11,4605,0.4551,23,0.78722,0.84355,966,3864,DR_primary
19,6,C1,11,5091,0.5031,23,0.78687,0.84306,966,3864,DR_primary
19,6,C2,11,5091,0.5031,23,0.78695,0.84319,966,3864,DR_primary
19,6,C3,11,5091,0.5031,23,0.78695,0.84319,966,3864,DR_primary
19,6,C0,12,4559,0.4505,23,0.78654,0.84316,966,3864,DR_primary
19,6,C1,12,5019,0.496,23,0.78658,0.84312,966,3864,DR_primary
19,6,C2,12,5025,0.4966,23,0.78659,0.84324,966,3864,DR_primary
19,6,C3,12,5025,0.4966,23,0.78659,0.84324,966,3864,DR_primary
19,6,C0,13,4592,0.4538,23,0.78661,0.84276,966,3864,DR_primary
19,6,C1,13,5029,0.497,23,0.78679,0.8429,966,3864,DR_primary
19,6,C2,13,5013,0.4954,23,0.78652,0.84274,966,3864,DR_primary
19,6,C3,13,5013,0.4954,23,0.78652,0.84274,966,3864,DR_primary
19,6,C0,14,4552,0.4498,23,0.7877,0.84385,966,3864,DR_primary
19,6,C1,14,5003,0.4944,23,0.78759,0.84381,966,3864,DR_primary
19,6,C2,14,4981,0.4922,23,0.78754,0.84379,966,3864,DR_primary
19,6,C3,14,4981,0.4922,23,0.78754,0.84379,966,3864,DR_primary
19,6,C0,15,4590,0.4536,23,0.78792,0.84338,966,3864,DR_primary
19,6,C1,15,5080,0.502,23,0.78767,0.84318,966,3864,DR_primary
19,6,C2,15,5065,0.5005,23,0.78749,0.84303,966,3864,DR_primary
19,6,C3,15,5065,0.5005,23,0.78749,0.84303,966,3864,DR_primary
19,6,C0,16,4622,0.4568,23,0.78678,0.84326,966,3864,DR_primary
19,6,C1,16,5079,0.5019,23,0.78701,0.84338,966,3864,DR_primary
19,6,C2,16,5064,0.5004,23,0.78704,0.84354,966,3864,DR_primary
19,6,C3,16,5064,0.5004,23,0.78704,0.84354,966,3864,DR_primary
19,6,C0,17,4660,0.4605,23,0.78651,0.84217,966,3864,DR_primary
19,6,C1,17,5125,0.5065,23,0.7868,0.8423,966,3864,DR_primary
19,6,C2,17,5124,0.5064,23,0.78671,0.84244,966,3864,DR_primary
19,6,C3,17,5124,0.5064,23,0.78671,0.84244,966,3864,DR_primary
19,6,C0,18,4553,0.4499,23,0.78721,0.84361,966,3864,DR_primary
19,6,C1,18,5035,0.4976,23,0.78724,0.84378,966,3864,DR_primary
19,6,C2,18,5049,0.499,23,0.78713,0.84377,966,3864,DR_primary
19,6,C3,18,5049,0.499,23,0.78713,0.84377,966,3864,DR_primary
19,6,C0,19,4518,0.4465,23,0.78677,0.84325,966,3864,DR_primary
19,6,C1,19,4991,0.4932,23,0.78683,0.84338,966,3864,DR_primary
19,6,C2,19,5027,0.4968,23,0.78679,0.84339,966,3864,DR_primary
19,6,C3,19,5027,0.4968,23,0.78679,0.84339,966,3864,DR_primary
19,6,C0,20,4626,0.4572,23,0.78674,0.84327,966,3864,DR_primary
19,6,C1,20,5043,0.4984,23,0.78654,0.84311,966,3864,DR_primary
19,6,C2,20,5062,0.5002,23,0.78665,0.84324,966,3864,DR_primary
19,6,C3,20,5062,0.5002,23,0.78665,0.84324,966,3864,DR_primary
19,6,C0,21,4722,0.4666,23,0.78798,0.84415,966,3864,DR_primary
19,6,C1,21,5196,0.5135,23,0.78798,0.84407,966,3864,DR_primary
19,6,C2,21,5177,0.5116,23,0.78808,0.8444,966,3864,DR_primary
19,6,C3,21,5177,0.5116,23,0.78808,0.8444,966,3864,DR_primary
19,6,C0,22,4636,0.4581,23,0.78712,0.84359,966,3864,DR_primary
19,6,C1,22,5109,0.5049,23,0.78702,0.84343,966,3864,DR_primary
19,6,C2,22,5103,0.5043,23,0.78697,0.8435,966,3864,DR_primary
19,6,C3,22,5103,0.5043,23,0.78697,0.8435,966,3864,DR_primary
19,6,C0,23,4572,0.4518,23,0.78665,0.84236,966,3864,DR_primary
19,6,C1,23,5031,0.4972,23,0.78646,0.84221,966,3864,DR_primary
19,6,C2,23,5051,0.4992,23,0.7862,0.84217,966,3864,DR_primary
19,6,C3,23,5051,0.4992,23,0.7862,0.84217,966,3864,DR_primary
19,6,C0,24,4565,0.4511,23,0.78759,0.84386,966,3864,DR_primary
19,6,C1,24,5009,0.495,23,0.78746,0.84362,966,3864,DR_primary
19,6,C2,24,5017,0.4958,23,0.78736,0.84362,966,3864,DR_primary
19,6,C3,24,5017,0.4958,23,0.78736,0.84362,966,3864,DR_primary
19,6,C0,25,4600,0.4546,23,0.78683,0.84297,966,3864,DR_primary
19,6,C1,25,5040,0.4981,23,0.78663,0.84277,966,3864,DR_primary
19,6,C2,25,5060,0.5,23,0.78646,0.84281,966,3864,DR_primary
19,6,C3,25,5060,0.5,23,0.78646,0.84281,966,3864,DR_primary
19,6,C0,26,4625,0.4571,23,0.78649,0.84265,966,3864,DR_primary
19,6,C1,26,5085,0.5025,23,0.7866,0.84275,966,3864,DR_primary
19,6,C2,26,5088,0.5028,23,0.78661,0.84291,966,3864,DR_primary
19,6,C3,26,5088,0.5028,23,0.78661,0.84291,966,3864,DR_primary
19,6,C0,27,4613,0.4559,23,0.78614,0.84266,966,3864,DR_primary
19,6,C1,27,5053,0.4994,23,0.78649,0.84277,966,3864,DR_primary
19,6,C2,27,5029,0.497,23,0.78631,0.84285,966,3864,DR_primary
19,6,C3,27,5029,0.497,23,0.78631,0.84285,966,3864,DR_primary
19,6,C0,28,4534,0.4481,23,0.78645,0.8431,966,3864,DR_primary
19,6,C1,28,5004,0.4945,23,0.78658,0.84326,966,3864,DR_primary
19,6,C2,28,4990,0.4931,23,0.78639,0.84315,966,3864,DR_primary
19,6,C3,28,4990,0.4931,23,0.78639,0.84315,966,3864,DR_primary
19,6,C0,29,4629,0.4575,23,0.78732,0.84339,966,3864,DR_primary
19,6,C1,29,5076,0.5016,23,0.78724,0.84333,966,3864,DR_primary
19,6,C2,29,5068,0.5008,23,0.78732,0.84339,966,3864,DR_primary
19,6,C3,29,5068,0.5008,23,0.78732,0.84339,966,3864,DR_primary
19,6,C0,30,4550,0.4496,23,0.78635,0.84264,966,3864,DR_primary
19,6,C1,30,4977,0.4918,23,0.78681,0.84295,966,3864,DR_primary
19,6,C2,30,4997,0.4938,23,0.78654,0.84289,966,3864,DR_primary
19,6,C3,30,4997,0.4938,23,0.78654,0.84289,966,3864,DR_primary
19,7,C0,1,4628,0.4574,23,0.78751,0.84327,966,3864,DR_primary
19,7,C1,1,5087,0.5027,23,0.78729,0.84306,966,3864,DR_primary
19,7,C2,1,5087,0.5027,23,0.78739,0.84313,966,3864,DR_primary
19,7,C3,1,5087,0.5027,23,0.78739,0.84313,966,3864,DR_primary
19,7,C0,2,4593,0.4539,23,0.78645,0.84278,966,3864,DR_primary
19,7,C1,2,5069,0.5009,23,0.78676,0.84311,966,3864,DR_primary
19,7,C2,2,5037,0.4978,23,0.78663,0.84317,966,3864,DR_primary
19,7,C3,2,5037,0.4978,23,0.78663,0.84317,966,3864,DR_primary
19,7,C0,3,4627,0.4573,23,0.78758,0.84322,966,3864,DR_primary
19,7,C1,3,5057,0.4998,23,0.78742,0.84325,966,3864,DR_primary
19,7,C2,3,5079,0.5019,23,0.78768,0.8435,966,3864,DR_primary
19,7,C3,3,5079,0.5019,23,0.78768,0.8435,966,3864,DR_primary
19,7,C0,4,4615,0.4561,23,0.78699,0.84315,966,3864,DR_primary
19,7,C1,4,5057,0.4998,23,0.78706,0.84329,966,3864,DR_primary
19,7,C2,4,5055,0.4996,23,0.78696,0.8433,966,3864,DR_primary
19,7,C3,4,5055,0.4996,23,0.78696,0.8433,966,3864,DR_primary
19,7,C0,5,4469,0.4416,23,0.78684,0.84336,966,3864,DR_primary
19,7,C1,5,4908,0.485,23,0.78709,0.84363,966,3864,DR_primary
19,7,C2,5,4948,0.489,23,0.78678,0.84339,966,3864,DR_primary
19,7,C3,5,4948,0.489,23,0.78678,0.84339,966,3864,DR_primary
19,7,C0,6,4648,0.4593,23,0.78776,0.84421,966,3864,DR_primary
19,7,C1,6,5076,0.5016,23,0.78758,0.84392,966,3864,DR_primary
19,7,C2,6,5100,0.504,23,0.78743,0.84392,966,3864,DR_primary
19,7,C3,6,5100,0.504,23,0.78743,0.84392,966,3864,DR_primary
19,7,C0,7,4574,0.452,23,0.78544,0.84187,966,3864,DR_primary
19,7,C1,7,5058,0.4999,23,0.78517,0.84165,966,3864,DR_primary
19,7,C2,7,5067,0.5007,23,0.78548,0.84205,966,3864,DR_primary
19,7,C3,7,5067,0.5007,23,0.78548,0.84205,966,3864,DR_primary
19,7,C0,8,4623,0.4569,23,0.78696,0.8433,966,3864,DR_primary
19,7,C1,8,5088,0.5028,23,0.78726,0.84342,966,3864,DR_primary
19,7,C2,8,5076,0.5016,23,0.78701,0.8433,966,3864,DR_primary
19,7,C3,8,5076,0.5016,23,0.78701,0.8433,966,3864,DR_primary
19,7,C0,9,4523,0.447,23,0.78661,0.84263,966,3864,DR_primary
19,7,C1,9,5001,0.4942,23,0.78636,0.84246,966,3864,DR_primary
19,7,C2,9,5020,0.4961,23,0.78635,0.84271,966,3864,DR_primary
19,7,C3,9,5020,0.4961,23,0.78635,0.84271,966,3864,DR_primary
19,7,C0,10,4590,0.4536,23,0.78672,0.84301,966,3864,DR_primary
19,7,C1,10,5062,0.5002,23,0.78654,0.84279,966,3864,DR_primary
19,7,C2,10,5040,0.4981,23,0.78664,0.84311,966,3864,DR_primary
19,7,C3,10,5040,0.4981,23,0.78664,0.84311,966,3864,DR_primary
19,7,C0,11,4554,0.45,23,0.78679,0.84313,966,3864,DR_primary
19,7,C1,11,5032,0.4973,23,0.78676,0.84305,966,3864,DR_primary
19,7,C2,11,5027,0.4968,23,0.78662,0.84292,966,3864,DR_primary
19,7,C3,11,5027,0.4968,23,0.78662,0.84292,966,3864,DR_primary
19,7,C0,12,4667,0.4612,23,0.78692,0.8427,966,3864,DR_primary
19,7,C1,12,5128,0.5068,23,0.78696,0.84278,966,3864,DR_primary
19,7,C2,12,5157,0.5096,23,0.78689,0.84273,966,3864,DR_primary
19,7,C3,12,5157,0.5096,23,0.78689,0.84273,966,3864,DR_primary
19,7,C0,13,4587,0.4533,23,0.78646,0.84229,966,3864,DR_primary
19,7,C1,13,5083,0.5023,23,0.78651,0.84256,966,3864,DR_primary
19,7,C2,13,5046,0.4987,23,0.78642,0.8427,966,3864,DR_primary
19,7,C3,13,5046,0.4987,23,0.78642,0.8427,966,3864,DR_primary
19,7,C0,14,4572,0.4518,23,0.7866,0.84321,966,3864,DR_primary
19,7,C1,14,5014,0.4955,23,0.7866,0.84324,966,3864,DR_primary
19,7,C2,14,5005,0.4946,23,0.78654,0.84319,966,3864,DR_primary
19,7,C3,14,5005,0.4946,23,0.78654,0.84319,966,3864,DR_primary
19,7,C0,15,4601,0.4547,23,0.787,0.84344,966,3864,DR_primary
19,7,C1,15,5030,0.4971,23,0.78708,0.84352,966,3864,DR_primary
19,7,C2,15,5032,0.4973,23,0.78709,0.84346,966,3864,DR_primary
19,7,C3,15,5032,0.4973,23,0.78709,0.84346,966,3864,DR_primary
19,7,C0,16,4574,0.452,23,0.78637,0.84275,966,3864,DR_primary
19,7,C1,16,5002,0.4943,23,0.78634,0.84282,966,3864,DR_primary
19,7,C2,16,5005,0.4946,23,0.78632,0.84274,966,3864,DR_primary
19,7,C3,16,5005,0.4946,23,0.78632,0.84274,966,3864,DR_primary
19,7,C0,17,4651,0.4596,23,0.78704,0.84325,966,3864,DR_primary
19,7,C1,17,5093,0.5033,23,0.78714,0.84315,966,3864,DR_primary
19,7,C2,17,5080,0.502,23,0.78713,0.84335,966,3864,DR_primary
19,7,C3,17,5080,0.502,23,0.78713,0.84335,966,3864,DR_primary
19,7,C0,18,4509,0.4456,23,0.78605,0.84275,966,3864,DR_primary
19,7,C1,18,5000,0.4941,23,0.78604,0.84269,966,3864,DR_primary
19,7,C2,18,4972,0.4914,23,0.78598,0.84278,966,3864,DR_primary
19,7,C3,18,4972,0.4914,23,0.78598,0.84278,966,3864,DR_primary
19,7,C0,19,4623,0.4569,23,0.78738,0.84381,966,3864,DR_primary
19,7,C1,19,5086,0.5026,23,0.78705,0.8434,966,3864,DR_primary
19,7,C2,19,5093,0.5033,23,0.78699,0.84347,966,3864,DR_primary
19,7,C3,19,5093,0.5033,23,0.78699,0.84347,966,3864,DR_primary
19,7,C0,20,4626,0.4572,23,0.78634,0.84264,966,3864,DR_primary
19,7,C1,20,5049,0.499,23,0.78651,0.84282,966,3864,DR_primary
19,7,C2,20,5065,0.5005,23,0.78631,0.84277,966,3864,DR_primary
19,7,C3,20,5065,0.5005,23,0.78631,0.84277,966,3864,DR_primary
19,7,C0,21,4560,0.4506,23,0.78652,0.84251,966,3864,DR_primary
19,7,C1,21,4988,0.4929,23,0.78666,0.84267,966,3864,DR_primary
19,7,C2,21,5013,0.4954,23,0.78664,0.84277,966,3864,DR_primary
19,7,C3,21,5013,0.4954,23,0.78664,0.84277,966,3864,DR_primary
19,7,C0,22,4567,0.4513,23,0.78679,0.84281,966,3864,DR_primary
19,7,C1,22,5041,0.4982,23,0.7869,0.84282,966,3864,DR_primary
19,7,C2,22,5033,0.4974,23,0.78683,0.84287,966,3864,DR_primary
19,7,C3,22,5033,0.4974,23,0.78683,0.84287,966,3864,DR_primary
19,7,C0,23,4555,0.4501,23,0.78713,0.84358,966,3864,DR_primary
19,7,C1,23,5002,0.4943,23,0.78695,0.84334,966,3864,DR_primary
19,7,C2,23,4970,0.4912,23,0.78716,0.84349,966,3864,DR_primary
19,7,C3,23,4970,0.4912,23,0.78716,0.84349,966,3864,DR_primary
19,7,C0,24,4537,0.4484,23,0.78709,0.84362,966,3864,DR_primary
19,7,C1,24,4998,0.4939,23,0.78724,0.84373,966,3864,DR_primary
19,7,C2,24,4983,0.4924,23,0.78693,0.84356,966,3864,DR_primary
19,7,C3,24,4983,0.4924,23,0.78693,0.84356,966,3864,DR_primary
19,7,C0,25,4628,0.4574,23,0.78684,0.84322,966,3864,DR_primary
19,7,C1,25,5063,0.5003,23,0.7867,0.84303,966,3864,DR_primary
19,7,C2,25,5071,0.5011,23,0.78677,0.84318,966,3864,DR_primary
19,7,C3,25,5071,0.5011,23,0.78677,0.84318,966,3864,DR_primary
19,7,C0,26,4624,0.457,23,0.78711,0.84315,966,3864,DR_primary
19,7,C1,26,5057,0.4998,23,0.78743,0.84338,966,3864,DR_primary
19,7,C2,26,5064,0.5004,23,0.78723,0.84339,966,3864,DR_primary
19,7,C3,26,5064,0.5004,23,0.78723,0.84339,966,3864,DR_primary
19,7,C0,27,4531,0.4478,23,0.78757,0.84388,966,3864,DR_primary
19,7,C1,27,5003,0.4944,23,0.78762,0.8438,966,3864,DR_primary
19,7,C2,27,5014,0.4955,23,0.78735,0.84359,966,3864,DR_primary
19,7,C3,27,5014,0.4955,23,0.78735,0.84359,966,3864,DR_primary
19,7,C0,28,4547,0.4494,23,0.78731,0.84347,966,3864,DR_primary
19,7,C1,28,4980,0.4921,23,0.78731,0.84347,966,3864,DR_primary
19,7,C2,28,4989,0.493,23,0.78739,0.84364,966,3864,DR_primary
19,7,C3,28,4989,0.493,23,0.78739,0.84364,966,3864,DR_primary
19,7,C0,29,4610,0.4556,23,0.78745,0.84373,966,3864,DR_primary
19,7,C1,29,5077,0.5017,23,0.78718,0.8434,966,3864,DR_primary
19,7,C2,29,5060,0.5,23,0.78712,0.84334,966,3864,DR_primary
19,7,C3,29,5060,0.5,23,0.78712,0.84334,966,3864,DR_primary
19,7,C0,30,4589,0.4535,23,0.78692,0.84307,966,3864,DR_primary
19,7,C1,30,5039,0.498,23,0.78683,0.84312,966,3864,DR_primary
19,7,C2,30,5035,0.4976,23,0.7867,0.84309,966,3864,DR_primary
19,7,C3,30,5035,0.4976,23,0.7867,0.84309,966,3864,DR_primary
19,8,C0,1,4598,0.4544,23,0.78676,0.8426,966,3864,DR_primary
19,8,C1,1,5077,0.5017,23,0.78666,0.84256,966,3864,DR_primary
19,8,C2,1,5075,0.5015,23,0.78685,0.84271,966,3864,DR_primary
19,8,C3,1,5075,0.5015,23,0.78685,0.84271,966,3864,DR_primary
19,8,C0,2,4544,0.4491,23,0.78741,0.84317,966,3864,DR_primary
19,8,C1,2,5036,0.4977,23,0.78725,0.84312,966,3864,DR_primary
19,8,C2,2,5043,0.4984,23,0.78729,0.84323,966,3864,DR_primary
19,8,C3,2,5043,0.4984,23,0.78729,0.84323,966,3864,DR_primary
19,8,C0,3,4547,0.4494,23,0.78704,0.84342,966,3864,DR_primary
19,8,C1,3,5017,0.4958,23,0.78686,0.8434,966,3864,DR_primary
19,8,C2,3,5020,0.4961,23,0.78699,0.84358,966,3864,DR_primary
19,8,C3,3,5020,0.4961,23,0.78699,0.84358,966,3864,DR_primary
19,8,C0,4,4599,0.4545,23,0.78746,0.84331,966,3864,DR_primary
19,8,C1,4,5030,0.4971,23,0.78722,0.84316,966,3864,DR_primary
19,8,C2,4,5037,0.4978,23,0.7873,0.84333,966,3864,DR_primary
19,8,C3,4,5037,0.4978,23,0.7873,0.84333,966,3864,DR_primary
19,8,C0,5,4670,0.4615,23,0.78755,0.84384,966,3864,DR_primary
19,8,C1,5,5120,0.506,23,0.78762,0.84369,966,3864,DR_primary
19,8,C2,5,5144,0.5084,23,0.78725,0.84364,966,3864,DR_primary
19,8,C3,5,5144,0.5084,23,0.78725,0.84364,966,3864,DR_primary
19,8,C0,6,4604,0.455,23,0.78546,0.84172,966,3864,DR_primary
19,8,C1,6,5049,0.499,23,0.78558,0.84189,966,3864,DR_primary
19,8,C2,6,5042,0.4983,23,0.78559,0.84208,966,3864,DR_primary
19,8,C3,6,5042,0.4983,23,0.78559,0.84208,966,3864,DR_primary
19,8,C0,7,4535,0.4482,23,0.78722,0.84295,966,3864,DR_primary
19,8,C1,7,5009,0.495,23,0.78749,0.84319,966,3864,DR_primary
19,8,C2,7,4996,0.4937,23,0.78721,0.84313,966,3864,DR_primary
19,8,C3,7,4996,0.4937,23,0.78721,0.84313,966,3864,DR_primary
19,8,C0,8,4577,0.4523,23,0.78599,0.84274,966,3864,DR_primary
19,8,C1,8,5073,0.5013,23,0.78615,0.84294,966,3864,DR_primary
19,8,C2,8,5052,0.4993,23,0.78632,0.84319,966,3864,DR_primary
19,8,C3,8,5052,0.4993,23,0.78632,0.84319,966,3864,DR_primary
19,8,C0,9,4631,0.4577,23,0.78661,0.84304,966,3864,DR_primary
19,8,C1,9,5071,0.5011,23,0.78645,0.84285,966,3864,DR_primary
19,8,C2,9,5094,0.5034,23,0.78637,0.84287,966,3864,DR_primary
19,8,C3,9,5094,0.5034,23,0.78637,0.84287,966,3864,DR_primary
19,8,C0,10,4615,0.4561,23,0.78628,0.84301,966,3864,DR_primary
19,8,C1,10,5081,0.5021,23,0.78663,0.84307,966,3864,DR_primary
19,8,C2,10,5056,0.4997,23,0.78638,0.84299,966,3864,DR_primary
19,8,C3,10,5056,0.4997,23,0.78638,0.84299,966,3864,DR_primary
19,8,C0,11,4586,0.4532,23,0.7866,0.84269,966,3864,DR_primary
19,8,C1,11,5064,0.5004,23,0.78645,0.84259,966,3864,DR_primary
19,8,C2,11,5056,0.4997,23,0.78646,0.84265,966,3864,DR_primary
19,8,C3,11,5056,0.4997,23,0.78646,0.84265,966,3864,DR_primary
19,8,C0,12,4592,0.4538,23,0.7867,0.84285,966,3864,DR_primary
19,8,C1,12,5055,0.4996,23,0.78682,0.84294,966,3864,DR_primary
19,8,C2,12,5058,0.4999,23,0.78692,0.84312,966,3864,DR_primary
19,8,C3,12,5058,0.4999,23,0.78692,0.84312,966,3864,DR_primary
19,8,C0,13,4477,0.4424,23,0.78707,0.84322,966,3864,DR_primary
19,8,C1,13,4971,0.4913,23,0.78702,0.84323,966,3864,DR_primary
19,8,C2,13,4980,0.4921,23,0.78692,0.84328,966,3864,DR_primary
19,8,C3,13,4980,0.4921,23,0.78692,0.84328,966,3864,DR_primary
19,8,C0,14,4681,0.4626,23,0.78739,0.84303,966,3864,DR_primary
19,8,C1,14,5163,0.5102,23,0.7874,0.84303,966,3864,DR_primary
19,8,C2,14,5151,0.509,23,0.78709,0.84299,966,3864,DR_primary
19,8,C3,14,5151,0.509,23,0.78709,0.84299,966,3864,DR_primary
19,8,C0,15,4539,0.4486,23,0.78696,0.84335,966,3864,DR_primary
19,8,C1,15,5003,0.4944,23,0.78679,0.84326,966,3864,DR_primary
19,8,C2,15,4992,0.4933,23,0.7867,0.84327,966,3864,DR_primary
19,8,C3,15,4992,0.4933,23,0.7867,0.84327,966,3864,DR_primary
19,8,C0,16,4596,0.4542,23,0.78688,0.84315,966,3864,DR_primary
19,8,C1,16,5066,0.5006,23,0.78666,0.84307,966,3864,DR_primary
19,8,C2,16,5071,0.5011,23,0.7867,0.84312,966,3864,DR_primary
19,8,C3,16,5071,0.5011,23,0.7867,0.84312,966,3864,DR_primary
19,8,C0,17,4532,0.4479,23,0.78765,0.84393,966,3864,DR_primary
19,8,C1,17,5032,0.4973,23,0.78748,0.84375,966,3864,DR_primary
19,8,C2,17,5022,0.4963,23,0.7877,0.84392,966,3864,DR_primary
19,8,C3,17,5022,0.4963,23,0.7877,0.84392,966,3864,DR_primary
19,8,C0,18,4609,0.4555,23,0.7874,0.8437,966,3864,DR_primary
19,8,C1,18,5055,0.4996,23,0.78718,0.84348,966,3864,DR_primary
19,8,C2,18,5044,0.4985,23,0.78701,0.84346,966,3864,DR_primary
19,8,C3,18,5044,0.4985,23,0.78701,0.84346,966,3864,DR_primary
19,8,C0,19,4605,0.4551,23,0.78689,0.84304,966,3864,DR_primary
19,8,C1,19,5096,0.5036,23,0.78704,0.84318,966,3864,DR_primary
19,8,C2,19,5084,0.5024,23,0.78664,0.84314,966,3864,DR_primary
19,8,C3,19,5084,0.5024,23,0.78664,0.84314,966,3864,DR_primary
19,8,C0,20,4571,0.4517,23,0.78708,0.84346,966,3864,DR_primary
19,8,C1,20,5044,0.4985,23,0.7871,0.84351,966,3864,DR_primary
19,8,C2,20,5027,0.4968,23,0.78716,0.84368,966,3864,DR_primary
19,8,C3,20,5027,0.4968,23,0.78716,0.84368,966,3864,DR_primary
19,8,C0,21,4582,0.4528,23,0.78746,0.8435,966,3864,DR_primary
19,8,C1,21,5093,0.5033,23,0.78735,0.84348,966,3864,DR_primary
19,8,C2,21,5051,0.4992,23,0.78712,0.84348,966,3864,DR_primary
19,8,C3,21,5051,0.4992,23,0.78712,0.84348,966,3864,DR_primary
19,8,C0,22,4590,0.4536,23,0.7868,0.84305,966,3864,DR_primary
19,8,C1,22,4996,0.4937,23,0.78684,0.84301,966,3864,DR_primary
19,8,C2,22,5017,0.4958,23,0.78667,0.84294,966,3864,DR_primary
19,8,C3,22,5017,0.4958,23,0.78667,0.84294,966,3864,DR_primary
19,8,C0,23,4538,0.4485,23,0.78681,0.8433,966,3864,DR_primary
19,8,C1,23,5005,0.4946,23,0.78701,0.84346,966,3864,DR_primary
19,8,C2,23,5013,0.4954,23,0.78681,0.84342,966,3864,DR_primary
19,8,C3,23,5013,0.4954,23,0.78681,0.84342,966,3864,DR_primary
19,8,C0,24,4471,0.4418,23,0.78752,0.84327,966,3864,DR_primary
19,8,C1,24,4962,0.4904,23,0.78709,0.84281,966,3864,DR_primary
19,8,C2,24,4952,0.4894,23,0.78714,0.84296,966,3864,DR_primary
19,8,C3,24,4952,0.4894,23,0.78714,0.84296,966,3864,DR_primary
19,8,C0,25,4598,0.4544,23,0.78725,0.84307,966,3864,DR_primary
19,8,C1,25,5058,0.4999,23,0.78716,0.84322,966,3864,DR_primary
19,8,C2,25,5064,0.5004,23,0.78717,0.84327,966,3864,DR_primary
19,8,C3,25,5064,0.5004,23,0.78717,0.84327,966,3864,DR_primary
19,8,C0,26,4587,0.4533,23,0.78768,0.84366,966,3864,DR_primary
19,8,C1,26,5046,0.4987,23,0.78729,0.84354,966,3864,DR_primary
19,8,C2,26,5041,0.4982,23,0.7873,0.84352,966,3864,DR_primary
19,8,C3,26,5041,0.4982,23,0.7873,0.84352,966,3864,DR_primary
19,8,C0,27,4616,0.4562,23,0.78627,0.84251,966,3864,DR_primary
19,8,C1,27,5104,0.5044,23,0.78688,0.84287,966,3864,DR_primary
19,8,C2,27,5105,0.5045,23,0.78659,0.84294,966,3864,DR_primary
19,8,C3,27,5105,0.5045,23,0.78659,0.84294,966,3864,DR_primary
19,8,C0,28,4542,0.4489,23,0.78667,0.84286,966,3864,DR_primary
19,8,C1,28,4979,0.492,23,0.787,0.84312,966,3864,DR_primary
19,8,C2,28,4985,0.4926,23,0.78701,0.84319,966,3864,DR_primary
19,8,C3,28,4985,0.4926,23,0.78701,0.84319,966,3864,DR_primary
19,8,C0,29,4548,0.4495,23,0.78737,0.84402,966,3864,DR_primary
19,8,C1,29,5000,0.4941,23,0.78745,0.84392,966,3864,DR_primary
19,8,C2,29,4980,0.4921,23,0.7871,0.84362,966,3864,DR_primary
19,8,C3,29,4980,0.4921,23,0.7871,0.84362,966,3864,DR_primary
19,8,C0,30,4588,0.4534,23,0.7878,0.84366,966,3864,DR_primary
19,8,C1,30,5077,0.5017,23,0.78756,0.84357,966,3864,DR_primary
19,8,C2,30,5065,0.5005,23,0.78769,0.84363,966,3864,DR_primary
19,8,C3,30,5065,0.5005,23,0.78769,0.84363,966,3864,DR_primary
19,9,C0,1,4598,0.4544,23,0.78597,0.8425,966,3864,DR_primary
19,9,C1,1,5094,0.5034,23,0.78604,0.84262,966,3864,DR_primary
19,9,C2,1,5086,0.5026,23,0.7863,0.8427,966,3864,DR_primary
19,9,C3,1,5086,0.5026,23,0.7863,0.8427,966,3864,DR_primary
19,9,C0,2,4525,0.4472,23,0.78731,0.84305,966,3864,DR_primary
19,9,C1,2,4987,0.4928,23,0.7875,0.84318,966,3864,DR_primary
19,9,C2,2,4974,0.4916,23,0.78742,0.84328,966,3864,DR_primary
19,9,C3,2,4974,0.4916,23,0.78742,0.84328,966,3864,DR_primary
19,9,C0,3,4637,0.4582,23,0.78696,0.84301,966,3864,DR_primary
19,9,C1,3,5077,0.5017,23,0.78697,0.8431,966,3864,DR_primary
19,9,C2,3,5068,0.5008,23,0.78699,0.84328,966,3864,DR_primary
19,9,C3,3,5068,0.5008,23,0.78699,0.84328,966,3864,DR_primary
19,9,C0,4,4553,0.4499,23,0.78707,0.84327,966,3864,DR_primary
19,9,C1,4,5042,0.4983,23,0.78712,0.84326,966,3864,DR_primary
19,9,C2,4,5005,0.4946,23,0.78692,0.84314,966,3864,DR_primary
19,9,C3,4,5005,0.4946,23,0.78692,0.84314,966,3864,DR_primary
19,9,C0,5,4529,0.4476,23,0.78739,0.84372,966,3864,DR_primary
19,9,C1,5,4997,0.4938,23,0.78755,0.84378,966,3864,DR_primary
19,9,C2,5,5017,0.4958,23,0.78734,0.84372,966,3864,DR_primary
19,9,C3,5,5017,0.4958,23,0.78734,0.84372,966,3864,DR_primary
19,9,C0,6,4610,0.4556,23,0.78714,0.84372,966,3864,DR_primary
19,9,C1,6,5056,0.4997,23,0.78754,0.844,966,3864,DR_primary
19,9,C2,6,5055,0.4996,23,0.78746,0.84396,966,3864,DR_primary
19,9,C3,6,5055,0.4996,23,0.78746,0.84396,966,3864,DR_primary
19,9,C0,7,4545,0.4492,23,0.78654,0.84269,966,3864,DR_primary
19,9,C1,7,5001,0.4942,23,0.78684,0.84293,966,3864,DR_primary
19,9,C2,7,5009,0.495,23,0.78662,0.84287,966,3864,DR_primary
19,9,C3,7,5009,0.495,23,0.78662,0.84287,966,3864,DR_primary
19,9,C0,8,4560,0.4506,23,0.78677,0.84311,966,3864,DR_primary
19,9,C1,8,5016,0.4957,23,0.78665,0.84304,966,3864,DR_primary
19,9,C2,8,5029,0.497,23,0.7865,0.84303,966,3864,DR_primary
19,9,C3,8,5029,0.497,23,0.7865,0.84303,966,3864,DR_primary
19,9,C0,9,4544,0.4491,23,0.78696,0.84344,966,3864,DR_primary
19,9,C1,9,4985,0.4926,23,0.78707,0.8434,966,3864,DR_primary
19,9,C2,9,5016,0.4957,23,0.78683,0.84333,966,3864,DR_primary
19,9,C3,9,5016,0.4957,23,0.78683,0.84333,966,3864,DR_primary
19,9,C0,10,4560,0.4506,23,0.78671,0.84322,966,3864,DR_primary
19,9,C1,10,5032,0.4973,23,0.78675,0.84325,966,3864,DR_primary
19,9,C2,10,5032,0.4973,23,0.78679,0.84329,966,3864,DR_primary
19,9,C3,10,5032,0.4973,23,0.78679,0.84329,966,3864,DR_primary
19,9,C0,11,4541,0.4488,23,0.78651,0.84296,966,3864,DR_primary
19,9,C1,11,5005,0.4946,23,0.78671,0.84311,966,3864,DR_primary
19,9,C2,11,4976,0.4917,23,0.78676,0.84322,966,3864,DR_primary
19,9,C3,11,4976,0.4917,23,0.78676,0.84322,966,3864,DR_primary
19,9,C0,12,4578,0.4524,23,0.78787,0.84387,966,3864,DR_primary
19,9,C1,12,5008,0.4949,23,0.78738,0.84358,966,3864,DR_primary
19,9,C2,12,5028,0.4969,23,0.78775,0.8439,966,3864,DR_primary
19,9,C3,12,5028,0.4969,23,0.78775,0.8439,966,3864,DR_primary
19,9,C0,13,4591,0.4537,23,0.78762,0.84397,966,3864,DR_primary
19,9,C1,13,5068,0.5008,23,0.78792,0.84422,966,3864,DR_primary
19,9,C2,13,5066,0.5006,23,0.78768,0.84403,966,3864,DR_primary
19,9,C3,13,5066,0.5006,23,0.78768,0.84403,966,3864,DR_primary
19,9,C0,14,4628,0.4574,23,0.78647,0.84269,966,3864,DR_primary
19,9,C1,14,5068,0.5008,23,0.78642,0.84281,966,3864,DR_primary
19,9,C2,14,5089,0.5029,23,0.78659,0.84291,966,3864,DR_primary
19,9,C3,14,5089,0.5029,23,0.78659,0.84291,966,3864,DR_primary
19,9,C0,15,4573,0.4519,23,0.78659,0.84295,966,3864,DR_primary
19,9,C1,15,5047,0.4988,23,0.78628,0.84284,966,3864,DR_primary
19,9,C2,15,5038,0.4979,23,0.78626,0.84286,966,3864,DR_primary
19,9,C3,15,5038,0.4979,23,0.78626,0.84286,966,3864,DR_primary
19,9,C0,16,4590,0.4536,23,0.78699,0.84303,966,3864,DR_primary
19,9,C1,16,5027,0.4968,23,0.78694,0.84311,966,3864,DR_primary
19,9,C2,16,5042,0.4983,23,0.78691,0.84311,966,3864,DR_primary
19,9,C3,16,5042,0.4983,23,0.78691,0.84311,966,3864,DR_primary
19,9,C0,17,4566,0.4512,23,0.78722,0.84328,966,3864,DR_primary
19,9,C1,17,5030,0.4971,23,0.78696,0.84321,966,3864,DR_primary
19,9,C2,17,5009,0.495,23,0.7869,0.84312,966,3864,DR_primary
19,9,C3,17,5009,0.495,23,0.7869,0.84312,966,3864,DR_primary
19,9,C0,18,4594,0.454,23,0.78657,0.84294,966,3864,DR_primary
19,9,C1,18,5060,0.5,23,0.78667,0.84308,966,3864,DR_primary
19,9,C2,18,5088,0.5028,23,0.78669,0.84309,966,3864,DR_primary
19,9,C3,18,5088,0.5028,23,0.78669,0.84309,966,3864,DR_primary
19,9,C0,19,4608,0.4554,23,0.78751,0.84359,966,3864,DR_primary
19,9,C1,19,5030,0.4971,23,0.78747,0.84351,966,3864,DR_primary
19,9,C2,19,5039,0.498,23,0.78747,0.84352,966,3864,DR_primary
19,9,C3,19,5039,0.498,23,0.78747,0.84352,966,3864,DR_primary
19,9,C0,20,4553,0.4499,23,0.78683,0.8434,966,3864,DR_primary
19,9,C1,20,5016,0.4957,23,0.787,0.84359,966,3864,DR_primary
19,9,C2,20,5045,0.4986,23,0.78671,0.84341,966,3864,DR_primary
19,9,C3,20,5045,0.4986,23,0.78671,0.84341,966,3864,DR_primary
19,9,C0,21,4591,0.4537,23,0.78686,0.84326,966,3864,DR_primary
19,9,C1,21,5082,0.5022,23,0.78696,0.8433,966,3864,DR_primary
19,9,C2,21,5076,0.5016,23,0.78694,0.84334,966,3864,DR_primary
19,9,C3,21,5076,0.5016,23,0.78694,0.84334,966,3864,DR_primary
19,9,C0,22,4651,0.4596,23,0.78637,0.8432,966,3864,DR_primary
19,9,C1,22,5089,0.5029,23,0.78667,0.84348,966,3864,DR_primary
19,9,C2,22,5104,0.5044,23,0.78647,0.8434,966,3864,DR_primary
19,9,C3,22,5104,0.5044,23,0.78647,0.8434,966,3864,DR_primary
19,9,C0,23,4601,0.4547,23,0.78791,0.84379,966,3864,DR_primary
19,9,C1,23,5078,0.5018,23,0.78781,0.84372,966,3864,DR_primary
19,9,C2,23,5081,0.5021,23,0.78771,0.84384,966,3864,DR_primary
19,9,C3,23,5081,0.5021,23,0.78771,0.84384,966,3864,DR_primary
19,9,C0,24,4546,0.4493,23,0.78654,0.84279,966,3864,DR_primary
19,9,C1,24,4971,0.4913,23,0.78661,0.84292,966,3864,DR_primary
19,9,C2,24,5006,0.4947,23,0.78636,0.84288,966,3864,DR_primary
19,9,C3,24,5006,0.4947,23,0.78636,0.84288,966,3864,DR_primary
19,9,C0,25,4530,0.4477,23,0.787,0.84326,966,3864,DR_primary
19,9,C1,25,5005,0.4946,23,0.78688,0.84319,966,3864,DR_primary
19,9,C2,25,4982,0.4923,23,0.78705,0.84352,966,3864,DR_primary
19,9,C3,25,4982,0.4923,23,0.78705,0.84352,966,3864,DR_primary
19,9,C0,26,4600,0.4546,23,0.78624,0.84276,966,3864,DR_primary
19,9,C1,26,5103,0.5043,23,0.78665,0.84303,966,3864,DR_primary
19,9,C2,26,5109,0.5049,23,0.7863,0.84291,966,3864,DR_primary
19,9,C3,26,5109,0.5049,23,0.7863,0.84291,966,3864,DR_primary
19,9,C0,27,4516,0.4463,23,0.78646,0.84272,966,3864,DR_primary
19,9,C1,27,4991,0.4932,23,0.78659,0.84293,966,3864,DR_primary
19,9,C2,27,5021,0.4962,23,0.78644,0.84279,966,3864,DR_primary
19,9,C3,27,5021,0.4962,23,0.78644,0.84279,966,3864,DR_primary
19,9,C0,28,4561,0.4507,23,0.78728,0.84356,966,3864,DR_primary
19,9,C1,28,5027,0.4968,23,0.78716,0.84334,966,3864,DR_primary
19,9,C2,28,5002,0.4943,23,0.78694,0.84325,966,3864,DR_primary
19,9,C3,28,5002,0.4943,23,0.78694,0.84325,966,3864,DR_primary
19,9,C0,29,4572,0.4518,23,0.78666,0.84303,966,3864,DR_primary
19,9,C1,29,5061,0.5001,23,0.78668,0.84297,966,3864,DR_primary
19,9,C2,29,5039,0.498,23,0.78636,0.84289,966,3864,DR_primary
19,9,C3,29,5039,0.498,23,0.78636,0.84289,966,3864,DR_primary
19,9,C0,30,4605,0.4551,23,0.78675,0.84258,966,3864,DR_primary
19,9,C1,30,5068,0.5008,23,0.78664,0.84243,966,3864,DR_primary
19,9,C2,30,5068,0.5008,23,0.78688,0.84286,966,3864,DR_primary
19,9,C3,30,5068,0.5008,23,0.78688,0.84286,966,3864,DR_primary
23,0,C0,1,4677,0.4622,23,0.78715,0.84329,966,3864,DR_primary
23,0,C1,1,5133,0.5073,23,0.78715,0.84338,966,3864,DR_primary
23,0,C2,1,5123,0.5063,23,0.78742,0.84348,966,3864,DR_primary
23,0,C3,1,5123,0.5063,23,0.78742,0.84348,966,3864,DR_primary
23,0,C0,2,4539,0.4486,23,0.7866,0.84289,966,3864,DR_primary
23,0,C1,2,4986,0.4927,23,0.78686,0.84291,966,3864,DR_primary
23,0,C2,2,4982,0.4923,23,0.78662,0.84289,966,3864,DR_primary
23,0,C3,2,4982,0.4923,23,0.78662,0.84289,966,3864,DR_primary
23,0,C0,3,4705,0.465,23,0.78703,0.84344,966,3864,DR_primary
23,0,C1,3,5182,0.5121,23,0.7869,0.84343,966,3864,DR_primary
23,0,C2,3,5170,0.5109,23,0.78682,0.84334,966,3864,DR_primary
23,0,C3,3,5170,0.5109,23,0.78682,0.84334,966,3864,DR_primary
23,0,C0,4,4627,0.4573,23,0.78768,0.84318,966,3864,DR_primary
23,0,C1,4,5076,0.5016,23,0.7877,0.84319,966,3864,DR_primary
23,0,C2,4,5069,0.5009,23,0.78771,0.84329,966,3864,DR_primary
23,0,C3,4,5069,0.5009,23,0.78771,0.84329,966,3864,DR_primary
23,0,C0,5,4599,0.4545,23,0.78682,0.84256,966,3864,DR_primary
23,0,C1,5,5041,0.4982,23,0.78702,0.84275,966,3864,DR_primary
23,0,C2,5,5047,0.4988,23,0.78702,0.84278,966,3864,DR_primary
23,0,C3,5,5047,0.4988,23,0.78702,0.84278,966,3864,DR_primary
23,0,C0,6,4674,0.4619,23,0.78654,0.84295,966,3864,DR_primary
23,0,C1,6,5136,0.5076,23,0.78685,0.84307,966,3864,DR_primary
23,0,C2,6,5127,0.5067,23,0.78659,0.84305,966,3864,DR_primary
23,0,C3,6,5127,0.5067,23,0.78659,0.84305,966,3864,DR_primary
23,0,C0,7,4639,0.4584,23,0.78754,0.84361,966,3864,DR_primary
23,0,C1,7,5084,0.5024,23,0.78755,0.84353,966,3864,DR_primary
23,0,C2,7,5027,0.4968,23,0.78723,0.84335,966,3864,DR_primary
23,0,C3,7,5027,0.4968,23,0.78723,0.84335,966,3864,DR_primary
23,0,C0,8,4579,0.4525,23,0.78694,0.84336,966,3864,DR_primary
23,0,C1,8,5041,0.4982,23,0.78695,0.84337,966,3864,DR_primary
23,0,C2,8,5066,0.5006,23,0.78677,0.84333,966,3864,DR_primary
23,0,C3,8,5066,0.5006,23,0.78677,0.84333,966,3864,DR_primary
23,0,C0,9,4681,0.4626,23,0.78744,0.84339,966,3864,DR_primary
23,0,C1,9,5141,0.5081,23,0.7874,0.84343,966,3864,DR_primary
23,0,C2,9,5122,0.5062,23,0.78756,0.8436,966,3864,DR_primary
23,0,C3,9,5122,0.5062,23,0.78756,0.8436,966,3864,DR_primary
23,0,C0,10,4592,0.4538,23,0.78746,0.84413,966,3864,DR_primary
23,0,C1,10,5065,0.5005,23,0.78749,0.84409,966,3864,DR_primary
23,0,C2,10,5077,0.5017,23,0.7874,0.84419,966,3864,DR_primary
23,0,C3,10,5077,0.5017,23,0.7874,0.84419,966,3864,DR_primary
23,0,C0,11,4614,0.456,23,0.78765,0.8441,966,3864,DR_primary
23,0,C1,11,5054,0.4995,23,0.78744,0.84405,966,3864,DR_primary
23,0,C2,11,5095,0.5035,23,0.78755,0.84411,966,3864,DR_primary
23,0,C3,11,5095,0.5035,23,0.78755,0.84411,966,3864,DR_primary
23,0,C0,12,4585,0.4531,23,0.78717,0.84327,966,3864,DR_primary
23,0,C1,12,5032,0.4973,23,0.78681,0.84305,966,3864,DR_primary
23,0,C2,12,5038,0.4979,23,0.78668,0.843,966,3864,DR_primary
23,0,C3,12,5038,0.4979,23,0.78668,0.843,966,3864,DR_primary
23,0,C0,13,4478,0.4425,23,0.7873,0.8434,966,3864,DR_primary
23,0,C1,13,4972,0.4914,23,0.78719,0.84317,966,3864,DR_primary
23,0,C2,13,4952,0.4894,23,0.78705,0.84323,966,3864,DR_primary
23,0,C3,13,4952,0.4894,23,0.78705,0.84323,966,3864,DR_primary
23,0,C0,14,4597,0.4543,23,0.78707,0.84355,966,3864,DR_primary
23,0,C1,14,5057,0.4998,23,0.78718,0.84369,966,3864,DR_primary
23,0,C2,14,5047,0.4988,23,0.78697,0.84346,966,3864,DR_primary
23,0,C3,14,5047,0.4988,23,0.78697,0.84346,966,3864,DR_primary
23,0,C0,15,4600,0.4546,23,0.7877,0.84375,966,3864,DR_primary
23,0,C1,15,5070,0.501,23,0.78747,0.84353,966,3864,DR_primary
23,0,C2,15,5062,0.5002,23,0.7876,0.84381,966,3864,DR_primary
23,0,C3,15,5062,0.5002,23,0.7876,0.84381,966,3864,DR_primary
23,0,C0,16,4561,0.4507,23,0.78698,0.84308,966,3864,DR_primary
23,0,C1,16,5043,0.4984,23,0.78691,0.84294,966,3864,DR_primary
23,0,C2,16,5066,0.5006,23,0.78687,0.84297,966,3864,DR_primary
23,0,C3,16,5066,0.5006,23,0.78687,0.84297,966,3864,DR_primary
23,0,C0,17,4584,0.453,23,0.78816,0.84432,966,3864,DR_primary
23,0,C1,17,5067,0.5007,23,0.78802,0.84426,966,3864,DR_primary
23,0,C2,17,5077,0.5017,23,0.78796,0.84421,966,3864,DR_primary
23,0,C3,17,5077,0.5017,23,0.78796,0.84421,966,3864,DR_primary
23,0,C0,18,4597,0.4543,23,0.78709,0.84305,966,3864,DR_primary
23,0,C1,18,5065,0.5005,23,0.78721,0.84325,966,3864,DR_primary
23,0,C2,18,5052,0.4993,23,0.78708,0.84321,966,3864,DR_primary
23,0,C3,18,5052,0.4993,23,0.78708,0.84321,966,3864,DR_primary
23,0,C0,19,4644,0.4589,23,0.78767,0.84341,966,3864,DR_primary
23,0,C1,19,5097,0.5037,23,0.78783,0.8436,966,3864,DR_primary
23,0,C2,19,5087,0.5027,23,0.7877,0.84354,966,3864,DR_primary
23,0,C3,19,5087,0.5027,23,0.7877,0.84354,966,3864,DR_primary
23,0,C0,20,4552,0.4498,23,0.78688,0.84318,966,3864,DR_primary
23,0,C1,20,4976,0.4917,23,0.78683,0.84308,966,3864,DR_primary
23,0,C2,20,4996,0.4937,23,0.78679,0.84314,966,3864,DR_primary
23,0,C3,20,4996,0.4937,23,0.78679,0.84314,966,3864,DR_primary
23,0,C0,21,4529,0.4476,23,0.78706,0.84345,966,3864,DR_primary
23,0,C1,21,5019,0.496,23,0.78691,0.8432,966,3864,DR_primary
23,0,C2,21,4995,0.4936,23,0.78695,0.84328,966,3864,DR_primary
23,0,C3,21,4995,0.4936,23,0.78695,0.84328,966,3864,DR_primary
23,0,C0,22,4493,0.444,23,0.78683,0.84296,966,3864,DR_primary
23,0,C1,22,4950,0.4892,23,0.78682,0.84301,966,3864,DR_primary
23,0,C2,22,4971,0.4913,23,0.78703,0.84328,966,3864,DR_primary
23,0,C3,22,4971,0.4913,23,0.78703,0.84328,966,3864,DR_primary
23,0,C0,23,4606,0.4552,23,0.78603,0.84261,966,3864,DR_primary
23,0,C1,23,5064,0.5004,23,0.78625,0.84267,966,3864,DR_primary
23,0,C2,23,5069,0.5009,23,0.78603,0.84259,966,3864,DR_primary
23,0,C3,23,5069,0.5009,23,0.78603,0.84259,966,3864,DR_primary
23,0,C0,24,4571,0.4517,23,0.78726,0.84335,966,3864,DR_primary
23,0,C1,24,5034,0.4975,23,0.78698,0.84316,966,3864,DR_primary
23,0,C2,24,4991,0.4932,23,0.78704,0.84323,966,3864,DR_primary
23,0,C3,24,4991,0.4932,23,0.78704,0.84323,966,3864,DR_primary
23,0,C0,25,4610,0.4556,23,0.78837,0.84438,966,3864,DR_primary
23,0,C1,25,5095,0.5035,23,0.78816,0.84413,966,3864,DR_primary
23,0,C2,25,5101,0.5041,23,0.78807,0.84414,966,3864,DR_primary
23,0,C3,25,5101,0.5041,23,0.78807,0.84414,966,3864,DR_primary
23,0,C0,26,4531,0.4478,23,0.78792,0.84427,966,3864,DR_primary
23,0,C1,26,4941,0.4883,23,0.78745,0.84395,966,3864,DR_primary
23,0,C2,26,4963,0.4905,23,0.78743,0.84387,966,3864,DR_primary
23,0,C3,26,4963,0.4905,23,0.78743,0.84387,966,3864,DR_primary
23,0,C0,27,4522,0.4469,23,0.78612,0.84284,966,3864,DR_primary
23,0,C1,27,5002,0.4943,23,0.78631,0.84299,966,3864,DR_primary
23,0,C2,27,5007,0.4948,23,0.78607,0.84291,966,3864,DR_primary
23,0,C3,27,5007,0.4948,23,0.78607,0.84291,966,3864,DR_primary
23,0,C0,28,4600,0.4546,23,0.78665,0.84284,966,3864,DR_primary
23,0,C1,28,5073,0.5013,23,0.7865,0.84281,966,3864,DR_primary
23,0,C2,28,5093,0.5033,23,0.78654,0.8428,966,3864,DR_primary
23,0,C3,28,5093,0.5033,23,0.78654,0.8428,966,3864,DR_primary
23,0,C0,29,4595,0.4541,23,0.78642,0.84259,966,3864,DR_primary
23,0,C1,29,5045,0.4986,23,0.78618,0.8424,966,3864,DR_primary
23,0,C2,29,5030,0.4971,23,0.78626,0.84254,966,3864,DR_primary
23,0,C3,29,5030,0.4971,23,0.78626,0.84254,966,3864,DR_primary
23,0,C0,30,4630,0.4576,23,0.78672,0.84322,966,3864,DR_primary
23,0,C1,30,5076,0.5016,23,0.78675,0.84331,966,3864,DR_primary
23,0,C2,30,5088,0.5028,23,0.78679,0.84331,966,3864,DR_primary
23,0,C3,30,5088,0.5028,23,0.78679,0.84331,966,3864,DR_primary
23,1,C0,1,4596,0.4542,23,0.78801,0.84345,966,3864,DR_primary
23,1,C1,1,5040,0.4981,23,0.78788,0.8433,966,3864,DR_primary
23,1,C2,1,5036,0.4977,23,0.78852,0.84375,966,3864,DR_primary
23,1,C3,1,5036,0.4977,23,0.78852,0.84375,966,3864,DR_primary
23,1,C0,2,4546,0.4493,23,0.78746,0.84345,966,3864,DR_primary
23,1,C1,2,4991,0.4932,23,0.78744,0.8434,966,3864,DR_primary
23,1,C2,2,5003,0.4944,23,0.78731,0.84344,966,3864,DR_primary
23,1,C3,2,5003,0.4944,23,0.78731,0.84344,966,3864,DR_primary
23,1,C0,3,4649,0.4594,23,0.7867,0.84296,966,3864,DR_primary
23,1,C1,3,5124,0.5064,23,0.78675,0.84306,966,3864,DR_primary
23,1,C2,3,5136,0.5076,23,0.78665,0.84309,966,3864,DR_primary
23,1,C3,3,5136,0.5076,23,0.78665,0.84309,966,3864,DR_primary
23,1,C0,4,4596,0.4542,23,0.78761,0.8437,966,3864,DR_primary
23,1,C1,4,5024,0.4965,23,0.78734,0.84341,966,3864,DR_primary
23,1,C2,4,5018,0.4959,23,0.78699,0.84328,966,3864,DR_primary
23,1,C3,4,5018,0.4959,23,0.78699,0.84328,966,3864,DR_primary
23,1,C0,5,4590,0.4536,23,0.7869,0.84342,966,3864,DR_primary
23,1,C1,5,5029,0.497,23,0.78706,0.84357,966,3864,DR_primary
23,1,C2,5,5018,0.4959,23,0.78692,0.84349,966,3864,DR_primary
23,1,C3,5,5018,0.4959,23,0.78692,0.84349,966,3864,DR_primary
23,1,C0,6,4544,0.4491,23,0.78689,0.8431,966,3864,DR_primary
23,1,C1,6,4985,0.4926,23,0.78681,0.84293,966,3864,DR_primary
23,1,C2,6,4989,0.493,23,0.78648,0.84273,966,3864,DR_primary
23,1,C3,6,4989,0.493,23,0.78648,0.84273,966,3864,DR_primary
23,1,C0,7,4503,0.445,23,0.78691,0.84357,966,3864,DR_primary
23,1,C1,7,4963,0.4905,23,0.78703,0.84361,966,3864,DR_primary
23,1,C2,7,4978,0.4919,23,0.78692,0.84361,966,3864,DR_primary
23,1,C3,7,4978,0.4919,23,0.78692,0.84361,966,3864,DR_primary
23,1,C0,8,4587,0.4533,23,0.78788,0.84358,966,3864,DR_primary
23,1,C1,8,5039,0.498,23,0.78755,0.8433,966,3864,DR_primary
23,1,C2,8,5044,0.4985,23,0.78763,0.84352,966,3864,DR_primary
23,1,C3,8,5044,0.4985,23,0.78763,0.84352,966,3864,DR_primary
23,1,C0,9,4610,0.4556,23,0.78739,0.84325,966,3864,DR_primary
23,1,C1,9,5069,0.5009,23,0.787,0.8431,966,3864,DR_primary
23,1,C2,9,5100,0.504,23,0.78707,0.84321,966,3864,DR_primary
23,1,C3,9,5100,0.504,23,0.78707,0.84321,966,3864,DR_primary
23,1,C0,10,4615,0.4561,23,0.78761,0.84363,966,3864,DR_primary
23,1,C1,10,5008,0.4949,23,0.78764,0.84369,966,3864,DR_primary
23,1,C2,10,5007,0.4948,23,0.78763,0.84374,966,3864,DR_primary
23,1,C3,10,5007,0.4948,23,0.78763,0.84374,966,3864,DR_primary
23,1,C0,11,4577,0.4523,23,0.78683,0.84286,966,3864,DR_primary
23,1,C1,11,5032,0.4973,23,0.78692,0.84286,966,3864,DR_primary
23,1,C2,11,5029,0.497,23,0.7867,0.84282,966,3864,DR_primary
23,1,C3,11,5029,0.497,23,0.7867,0.84282,966,3864,DR_primary
23,1,C0,12,4652,0.4597,23,0.78731,0.84384,966,3864,DR_primary
23,1,C1,12,5109,0.5049,23,0.78726,0.84364,966,3864,DR_primary
23,1,C2,12,5116,0.5056,23,0.78713,0.84355,966,3864,DR_primary
23,1,C3,12,5116,0.5056,23,0.78713,0.84355,966,3864,DR_primary
23,1,C0,13,4555,0.4501,23,0.78763,0.84337,966,3864,DR_primary
23,1,C1,13,5000,0.4941,23,0.78759,0.84328,966,3864,DR_primary
23,1,C2,13,5017,0.4958,23,0.78743,0.8433,966,3864,DR_primary
23,1,C3,13,5017,0.4958,23,0.78743,0.8433,966,3864,DR_primary
23,1,C0,14,4577,0.4523,23,0.78734,0.84323,966,3864,DR_primary
23,1,C1,14,5044,0.4985,23,0.78737,0.84315,966,3864,DR_primary
23,1,C2,14,5067,0.5007,23,0.78736,0.84324,966,3864,DR_primary
23,1,C3,14,5067,0.5007,23,0.78736,0.84324,966,3864,DR_primary
23,1,C0,15,4553,0.4499,23,0.78682,0.843,966,3864,DR_primary
23,1,C1,15,4968,0.491,23,0.78676,0.843,966,3864,DR_primary
23,1,C2,15,5003,0.4944,23,0.78672,0.8429,966,3864,DR_primary
23,1,C3,15,5003,0.4944,23,0.78672,0.8429,966,3864,DR_primary
23,1,C0,16,4590,0.4536,23,0.78738,0.84312,966,3864,DR_primary
23,1,C1,16,5067,0.5007,23,0.78725,0.84305,966,3864,DR_primary
23,1,C2,16,5049,0.499,23,0.78717,0.84306,966,3864,DR_primary
23,1,C3,16,5049,0.499,23,0.78717,0.84306,966,3864,DR_primary
23,1,C0,17,4611,0.4557,23,0.78635,0.84299,966,3864,DR_primary
23,1,C1,17,5077,0.5017,23,0.78694,0.84337,966,3864,DR_primary
23,1,C2,17,5064,0.5004,23,0.78667,0.84326,966,3864,DR_primary
23,1,C3,17,5064,0.5004,23,0.78667,0.84326,966,3864,DR_primary
23,1,C0,18,4551,0.4497,23,0.78625,0.84283,966,3864,DR_primary
23,1,C1,18,4986,0.4927,23,0.78613,0.84256,966,3864,DR_primary
23,1,C2,18,4998,0.4939,23,0.78617,0.84278,966,3864,DR_primary
23,1,C3,18,4998,0.4939,23,0.78617,0.84278,966,3864,DR_primary
23,1,C0,19,4603,0.4549,23,0.7863,0.84258,966,3864,DR_primary
23,1,C1,19,5055,0.4996,23,0.78622,0.84243,966,3864,DR_primary
23,1,C2,19,5052,0.4993,23,0.78606,0.84237,966,3864,DR_primary
23,1,C3,19,5052,0.4993,23,0.78606,0.84237,966,3864,DR_primary
23,1,C0,20,4682,0.4627,23,0.78674,0.84299,966,3864,DR_primary
23,1,C1,20,5106,0.5046,23,0.7867,0.84301,966,3864,DR_primary
23,1,C2,20,5112,0.5052,23,0.78645,0.8428,966,3864,DR_primary
23,1,C3,20,5112,0.5052,23,0.78645,0.8428,966,3864,DR_primary
23,1,C0,21,4548,0.4495,23,0.78702,0.84333,966,3864,DR_primary
23,1,C1,21,4978,0.4919,23,0.7873,0.84353,966,3864,DR_primary
23,1,C2,21,4995,0.4936,23,0.78697,0.84338,966,3864,DR_primary
23,1,C3,21,4995,0.4936,23,0.78697,0.84338,966,3864,DR_primary
23,1,C0,22,4548,0.4495,23,0.78718,0.84335,966,3864,DR_primary
23,1,C1,22,5014,0.4955,23,0.78751,0.84372,966,3864,DR_primary
23,1,C2,22,5010,0.4951,23,0.78737,0.84368,966,3864,DR_primary
23,1,C3,22,5010,0.4951,23,0.78737,0.84368,966,3864,DR_primary
23,1,C0,23,4500,0.4447,23,0.78678,0.84279,966,3864,DR_primary
23,1,C1,23,4982,0.4923,23,0.78691,0.84276,966,3864,DR_primary
23,1,C2,23,4948,0.489,23,0.78686,0.84285,966,3864,DR_primary
23,1,C3,23,4948,0.489,23,0.78686,0.84285,966,3864,DR_primary
23,1,C0,24,4627,0.4573,23,0.78719,0.84351,966,3864,DR_primary
23,1,C1,24,5074,0.5014,23,0.78728,0.84361,966,3864,DR_primary
23,1,C2,24,5061,0.5001,23,0.78734,0.84373,966,3864,DR_primary
23,1,C3,24,5061,0.5001,23,0.78734,0.84373,966,3864,DR_primary
23,1,C0,25,4611,0.4557,23,0.78781,0.84368,966,3864,DR_primary
23,1,C1,25,5067,0.5007,23,0.78783,0.8436,966,3864,DR_primary
23,1,C2,25,5062,0.5002,23,0.78771,0.84368,966,3864,DR_primary
23,1,C3,25,5062,0.5002,23,0.78771,0.84368,966,3864,DR_primary
23,1,C0,26,4577,0.4523,23,0.78739,0.84354,966,3864,DR_primary
23,1,C1,26,5046,0.4987,23,0.78749,0.84367,966,3864,DR_primary
23,1,C2,26,5068,0.5008,23,0.78735,0.84365,966,3864,DR_primary
23,1,C3,26,5068,0.5008,23,0.78735,0.84365,966,3864,DR_primary
23,1,C0,27,4542,0.4489,23,0.78657,0.84265,966,3864,DR_primary
23,1,C1,27,5077,0.5017,23,0.78661,0.84262,966,3864,DR_primary
23,1,C2,27,5043,0.4984,23,0.78647,0.84254,966,3864,DR_primary
23,1,C3,27,5043,0.4984,23,0.78647,0.84254,966,3864,DR_primary
23,1,C0,28,4633,0.4579,23,0.7869,0.84329,966,3864,DR_primary
23,1,C1,28,5104,0.5044,23,0.78674,0.84325,966,3864,DR_primary
23,1,C2,28,5099,0.5039,23,0.78665,0.84321,966,3864,DR_primary
23,1,C3,28,5099,0.5039,23,0.78665,0.84321,966,3864,DR_primary
23,1,C0,29,4588,0.4534,23,0.78668,0.84271,966,3864,DR_primary
23,1,C1,29,5029,0.497,23,0.78694,0.84295,966,3864,DR_primary
23,1,C2,29,5030,0.4971,23,0.78667,0.84286,966,3864,DR_primary
23,1,C3,29,5030,0.4971,23,0.78667,0.84286,966,3864,DR_primary
23,1,C0,30,4619,0.4565,23,0.7867,0.84312,966,3864,DR_primary
23,1,C1,30,5088,0.5028,23,0.78665,0.84315,966,3864,DR_primary
23,1,C2,30,5099,0.5039,23,0.78676,0.84332,966,3864,DR_primary
23,1,C3,30,5099,0.5039,23,0.78676,0.84332,966,3864,DR_primary
23,2,C0,1,4594,0.454,23,0.7866,0.84317,966,3864,DR_primary
23,2,C1,1,5036,0.4977,23,0.78665,0.84311,966,3864,DR_primary
23,2,C2,1,5045,0.4986,23,0.78702,0.84341,966,3864,DR_primary
23,2,C3,1,5045,0.4986,23,0.78702,0.84341,966,3864,DR_primary
23,2,C0,2,4689,0.4634,23,0.78684,0.843,966,3864,DR_primary
23,2,C1,2,5139,0.5079,23,0.7868,0.84307,966,3864,DR_primary
23,2,C2,2,5127,0.5067,23,0.78668,0.84315,966,3864,DR_primary
23,2,C3,2,5127,0.5067,23,0.78668,0.84315,966,3864,DR_primary
23,2,C0,3,4530,0.4477,23,0.78709,0.84332,966,3864,DR_primary
23,2,C1,3,4971,0.4913,23,0.78687,0.84317,966,3864,DR_primary
23,2,C2,3,4990,0.4931,23,0.78671,0.84301,966,3864,DR_primary
23,2,C3,3,4990,0.4931,23,0.78671,0.84301,966,3864,DR_primary
23,2,C0,4,4637,0.4582,23,0.78677,0.84304,966,3864,DR_primary
23,2,C1,4,5077,0.5017,23,0.7869,0.84308,966,3864,DR_primary
23,2,C2,4,5083,0.5023,23,0.78668,0.84298,966,3864,DR_primary
23,2,C3,4,5083,0.5023,23,0.78668,0.84298,966,3864,DR_primary
23,2,C0,5,4530,0.4477,23,0.78757,0.84406,966,3864,DR_primary
23,2,C1,5,4983,0.4924,23,0.78778,0.84426,966,3864,DR_primary
23,2,C2,5,4990,0.4931,23,0.78766,0.84433,966,3864,DR_primary
23,2,C3,5,4990,0.4931,23,0.78766,0.84433,966,3864,DR_primary
23,2,C0,6,4580,0.4526,23,0.78671,0.84315,966,3864,DR_primary
23,2,C1,6,5020,0.4961,23,0.78681,0.84317,966,3864,DR_primary
23,2,C2,6,5024,0.4965,23,0.78656,0.84308,966,3864,DR_primary
23,2,C3,6,5024,0.4965,23,0.78656,0.84308,966,3864,DR_primary
23,2,C0,7,4598,0.4544,23,0.78649,0.84317,966,3864,DR_primary
23,2,C1,7,5052,0.4993,23,0.78619,0.84294,966,3864,DR_primary
23,2,C2,7,5069,0.5009,23,0.78633,0.84309,966,3864,DR_primary
23,2,C3,7,5069,0.5009,23,0.78633,0.84309,966,3864,DR_primary
23,2,C0,8,4557,0.4503,23,0.78695,0.84324,966,3864,DR_primary
23,2,C1,8,5006,0.4947,23,0.78724,0.84357,966,3864,DR_primary
23,2,C2,8,5031,0.4972,23,0.78705,0.84334,966,3864,DR_primary
23,2,C3,8,5031,0.4972,23,0.78705,0.84334,966,3864,DR_primary
23,2,C0,9,4566,0.4512,23,0.7874,0.84363,966,3864,DR_primary
23,2,C1,9,5036,0.4977,23,0.78742,0.84369,966,3864,DR_primary
23,2,C2,9,5014,0.4955,23,0.78752,0.84388,966,3864,DR_primary
23,2,C3,9,5014,0.4955,23,0.78752,0.84388,966,3864,DR_primary
23,2,C0,10,4639,0.4584,23,0.78762,0.84359,966,3864,DR_primary
23,2,C1,10,5083,0.5023,23,0.78726,0.84327,966,3864,DR_primary
23,2,C2,10,5079,0.5019,23,0.7871,0.8432,966,3864,DR_primary
23,2,C3,10,5079,0.5019,23,0.7871,0.8432,966,3864,DR_primary
23,2,C0,11,4535,0.4482,23,0.7865,0.84264,966,3864,DR_primary
23,2,C1,11,4972,0.4914,23,0.78661,0.84263,966,3864,DR_primary
23,2,C2,11,4991,0.4932,23,0.78638,0.84261,966,3864,DR_primary
23,2,C3,11,4991,0.4932,23,0.78638,0.84261,966,3864,DR_primary
23,2,C0,12,4667,0.4612,23,0.78699,0.84337,966,3864,DR_primary
23,2,C1,12,5132,0.5072,23,0.78701,0.84332,966,3864,DR_primary
23,2,C2,12,5119,0.5059,23,0.78677,0.84329,966,3864,DR_primary
23,2,C3,12,5119,0.5059,23,0.78677,0.84329,966,3864,DR_primary
23,2,C0,13,4589,0.4535,23,0.78669,0.84335,966,3864,DR_primary
23,2,C1,13,5058,0.4999,23,0.78687,0.84345,966,3864,DR_primary
23,2,C2,13,5046,0.4987,23,0.7867,0.84342,966,3864,DR_primary
23,2,C3,13,5046,0.4987,23,0.7867,0.84342,966,3864,DR_primary
23,2,C0,14,4555,0.4501,23,0.78663,0.84324,966,3864,DR_primary
23,2,C1,14,5030,0.4971,23,0.78655,0.84319,966,3864,DR_primary
23,2,C2,14,5031,0.4972,23,0.78648,0.84308,966,3864,DR_primary
23,2,C3,14,5031,0.4972,23,0.78648,0.84308,966,3864,DR_primary
23,2,C0,15,4620,0.4566,23,0.78729,0.84416,966,3864,DR_primary
23,2,C1,15,5098,0.5038,23,0.78709,0.84398,966,3864,DR_primary
23,2,C2,15,5080,0.502,23,0.78676,0.84384,966,3864,DR_primary
23,2,C3,15,5080,0.502,23,0.78676,0.84384,966,3864,DR_primary
23,2,C0,16,4572,0.4518,23,0.78681,0.84284,966,3864,DR_primary
23,2,C1,16,5050,0.4991,23,0.78672,0.84285,966,3864,DR_primary
23,2,C2,16,5077,0.5017,23,0.78677,0.84292,966,3864,DR_primary
23,2,C3,16,5077,0.5017,23,0.78677,0.84292,966,3864,DR_primary
23,2,C0,17,4607,0.4553,23,0.78736,0.84355,966,3864,DR_primary
23,2,C1,17,5026,0.4967,23,0.7875,0.84361,966,3864,DR_primary
23,2,C2,17,5055,0.4996,23,0.78732,0.84359,966,3864,DR_primary
23,2,C3,17,5055,0.4996,23,0.78732,0.84359,966,3864,DR_primary
23,2,C0,18,4513,0.446,23,0.78731,0.84359,966,3864,DR_primary
23,2,C1,18,4994,0.4935,23,0.78723,0.84356,966,3864,DR_primary
23,2,C2,18,4983,0.4924,23,0.78726,0.84369,966,3864,DR_primary
23,2,C3,18,4983,0.4924,23,0.78726,0.84369,966,3864,DR_primary
23,2,C0,19,4509,0.4456,23,0.78698,0.84299,966,3864,DR_primary
23,2,C1,19,4971,0.4913,23,0.78686,0.84267,966,3864,DR_primary
23,2,C2,19,4986,0.4927,23,0.78674,0.84283,966,3864,DR_primary
23,2,C3,19,4986,0.4927,23,0.78674,0.84283,966,3864,DR_primary
23,2,C0,20,4683,0.4628,23,0.7867,0.84303,966,3864,DR_primary
23,2,C1,20,5146,0.5085,23,0.7867,0.84323,966,3864,DR_primary
23,2,C2,20,5149,0.5088,23,0.7866,0.84326,966,3864,DR_primary
23,2,C3,20,5149,0.5088,23,0.7866,0.84326,966,3864,DR_primary
23,2,C0,21,4584,0.453,23,0.78756,0.84439,966,3864,DR_primary
23,2,C1,21,5022,0.4963,23,0.78746,0.8442,966,3864,DR_primary
23,2,C2,21,5025,0.4966,23,0.78713,0.84396,966,3864,DR_primary
23,2,C3,21,5025,0.4966,23,0.78713,0.84396,966,3864,DR_primary
23,2,C0,22,4599,0.4545,23,0.78632,0.84301,966,3864,DR_primary
23,2,C1,22,5066,0.5006,23,0.78608,0.84285,966,3864,DR_primary
23,2,C2,22,5046,0.4987,23,0.78634,0.84303,966,3864,DR_primary
23,2,C3,22,5046,0.4987,23,0.78634,0.84303,966,3864,DR_primary
23,2,C0,23,4548,0.4495,23,0.78703,0.84306,966,3864,DR_primary
23,2,C1,23,4984,0.4925,23,0.78719,0.84321,966,3864,DR_primary
23,2,C2,23,5000,0.4941,23,0.78716,0.84338,966,3864,DR_primary
23,2,C3,23,5000,0.4941,23,0.78716,0.84338,966,3864,DR_primary
23,2,C0,24,4646,0.4591,23,0.78834,0.8441,966,3864,DR_primary
23,2,C1,24,5107,0.5047,23,0.78817,0.84407,966,3864,DR_primary
23,2,C2,24,5109,0.5049,23,0.78819,0.8441,966,3864,DR_primary
23,2,C3,24,5109,0.5049,23,0.78819,0.8441,966,3864,DR_primary
23,2,C0,25,4597,0.4543,23,0.78648,0.84269,966,3864,DR_primary
23,2,C1,25,5075,0.5015,23,0.78646,0.84267,966,3864,DR_primary
23,2,C2,25,5050,0.4991,23,0.78635,0.84262,966,3864,DR_primary
23,2,C3,25,5050,0.4991,23,0.78635,0.84262,966,3864,DR_primary
23,2,C0,26,4609,0.4555,23,0.78739,0.84327,966,3864,DR_primary
23,2,C1,26,5055,0.4996,23,0.78747,0.84326,966,3864,DR_primary
23,2,C2,26,5044,0.4985,23,0.78735,0.84333,966,3864,DR_primary
23,2,C3,26,5044,0.4985,23,0.78735,0.84333,966,3864,DR_primary
23,2,C0,27,4571,0.4517,23,0.7873,0.84344,966,3864,DR_primary
23,2,C1,27,5038,0.4979,23,0.78737,0.8434,966,3864,DR_primary
23,2,C2,27,5024,0.4965,23,0.78715,0.84333,966,3864,DR_primary
23,2,C3,27,5024,0.4965,23,0.78715,0.84333,966,3864,DR_primary
23,2,C0,28,4606,0.4552,23,0.78641,0.8426,966,3864,DR_primary
23,2,C1,28,5047,0.4988,23,0.7865,0.84255,966,3864,DR_primary
23,2,C2,28,5050,0.4991,23,0.7863,0.84259,966,3864,DR_primary
23,2,C3,28,5050,0.4991,23,0.7863,0.84259,966,3864,DR_primary
23,2,C0,29,4596,0.4542,23,0.78791,0.84399,966,3864,DR_primary
23,2,C1,29,5071,0.5011,23,0.78762,0.8437,966,3864,DR_primary
23,2,C2,29,5078,0.5018,23,0.78752,0.84366,966,3864,DR_primary
23,2,C3,29,5078,0.5018,23,0.78752,0.84366,966,3864,DR_primary
23,2,C0,30,4555,0.4501,23,0.78739,0.84301,966,3864,DR_primary
23,2,C1,30,5003,0.4944,23,0.78757,0.84326,966,3864,DR_primary
23,2,C2,30,4991,0.4932,23,0.78737,0.84332,966,3864,DR_primary
23,2,C3,30,4991,0.4932,23,0.78737,0.84332,966,3864,DR_primary
23,3,C0,1,4652,0.4597,23,0.78729,0.84344,966,3864,DR_primary
23,3,C1,1,5098,0.5038,23,0.78726,0.84334,966,3864,DR_primary
23,3,C2,1,5106,0.5046,23,0.78751,0.84347,966,3864,DR_primary
23,3,C3,1,5106,0.5046,23,0.78751,0.84347,966,3864,DR_primary
23,3,C0,2,4632,0.4578,23,0.7869,0.84277,966,3864,DR_primary
23,3,C1,2,5072,0.5012,23,0.78684,0.84286,966,3864,DR_primary
23,3,C2,2,5092,0.5032,23,0.7868,0.84283,966,3864,DR_primary
23,3,C3,2,5092,0.5032,23,0.7868,0.84283,966,3864,DR_primary
23,3,C0,3,4660,0.4605,23,0.78616,0.84249,966,3864,DR_primary
23,3,C1,3,5117,0.5057,23,0.78641,0.8426,966,3864,DR_primary
23,3,C2,3,5119,0.5059,23,0.7864,0.84274,966,3864,DR_primary
23,3,C3,3,5119,0.5059,23,0.7864,0.84274,966,3864,DR_primary
23,3,C0,4,4648,0.4593,23,0.78662,0.84241,966,3864,DR_primary
23,3,C1,4,5095,0.5035,23,0.7869,0.84257,966,3864,DR_primary
23,3,C2,4,5083,0.5023,23,0.78673,0.84253,966,3864,DR_primary
23,3,C3,4,5083,0.5023,23,0.78673,0.84253,966,3864,DR_primary
23,3,C0,5,4593,0.4539,23,0.78678,0.84314,966,3864,DR_primary
23,3,C1,5,5081,0.5021,23,0.78675,0.84311,966,3864,DR_primary
23,3,C2,5,5088,0.5028,23,0.78647,0.84312,966,3864,DR_primary
23,3,C3,5,5088,0.5028,23,0.78647,0.84312,966,3864,DR_primary
23,3,C0,6,4679,0.4624,23,0.78739,0.84379,966,3864,DR_primary
23,3,C1,6,5089,0.5029,23,0.78752,0.8438,966,3864,DR_primary
23,3,C2,6,5112,0.5052,23,0.78723,0.84361,966,3864,DR_primary
23,3,C3,6,5112,0.5052,23,0.78723,0.84361,966,3864,DR_primary
23,3,C0,7,4626,0.4572,23,0.78699,0.84347,966,3864,DR_primary
23,3,C1,7,5078,0.5018,23,0.78688,0.84312,966,3864,DR_primary
23,3,C2,7,5074,0.5014,23,0.78682,0.84329,966,3864,DR_primary
23,3,C3,7,5074,0.5014,23,0.78682,0.84329,966,3864,DR_primary
23,3,C0,8,4515,0.4462,23,0.78631,0.84296,966,3864,DR_primary
23,3,C1,8,4974,0.4916,23,0.78648,0.843,966,3864,DR_primary
23,3,C2,8,4980,0.4921,23,0.78636,0.84299,966,3864,DR_primary
23,3,C3,8,4980,0.4921,23,0.78636,0.84299,966,3864,DR_primary
23,3,C0,9,4593,0.4539,23,0.78766,0.84379,966,3864,DR_primary
23,3,C1,9,5024,0.4965,23,0.78759,0.84372,966,3864,DR_primary
23,3,C2,9,5027,0.4968,23,0.7878,0.84396,966,3864,DR_primary
23,3,C3,9,5027,0.4968,23,0.7878,0.84396,966,3864,DR_primary
23,3,C0,10,4650,0.4595,23,0.78745,0.84331,966,3864,DR_primary
23,3,C1,10,5084,0.5024,23,0.78721,0.8432,966,3864,DR_primary
23,3,C2,10,5102,0.5042,23,0.78706,0.84331,966,3864,DR_primary
23,3,C3,10,5102,0.5042,23,0.78706,0.84331,966,3864,DR_primary
23,3,C0,11,4677,0.4622,23,0.78694,0.84287,966,3864,DR_primary
23,3,C1,11,5143,0.5083,23,0.78694,0.84291,966,3864,DR_primary
23,3,C2,11,5130,0.507,23,0.78684,0.8429,966,3864,DR_primary
23,3,C3,11,5130,0.507,23,0.78684,0.8429,966,3864,DR_primary
23,3,C0,12,4605,0.4551,23,0.78711,0.8434,966,3864,DR_primary
23,3,C1,12,5055,0.4996,23,0.78712,0.84309,966,3864,DR_primary
23,3,C2,12,5062,0.5002,23,0.78689,0.84301,966,3864,DR_primary
23,3,C3,12,5062,0.5002,23,0.78689,0.84301,966,3864,DR_primary
23,3,C0,13,4507,0.4454,23,0.7869,0.84306,966,3864,DR_primary
23,3,C1,13,4980,0.4921,23,0.78754,0.84351,966,3864,DR_primary
23,3,C2,13,4956,0.4898,23,0.78702,0.84331,966,3864,DR_primary
23,3,C3,13,4956,0.4898,23,0.78702,0.84331,966,3864,DR_primary
23,3,C0,14,4540,0.4487,23,0.78669,0.84287,966,3864,DR_primary
23,3,C1,14,5016,0.4957,23,0.78687,0.84306,966,3864,DR_primary
23,3,C2,14,5001,0.4942,23,0.78679,0.8431,966,3864,DR_primary
23,3,C3,14,5001,0.4942,23,0.78679,0.8431,966,3864,DR_primary
23,3,C0,15,4545,0.4492,23,0.78676,0.84327,966,3864,DR_primary
23,3,C1,15,5039,0.498,23,0.78669,0.84325,966,3864,DR_primary
23,3,C2,15,5042,0.4983,23,0.78651,0.84323,966,3864,DR_primary
23,3,C3,15,5042,0.4983,23,0.78651,0.84323,966,3864,DR_primary
23,3,C0,16,4558,0.4504,23,0.78695,0.84314,966,3864,DR_primary
23,3,C1,16,5053,0.4994,23,0.78698,0.8432,966,3864,DR_primary
23,3,C2,16,5035,0.4976,23,0.78665,0.84304,966,3864,DR_primary
23,3,C3,16,5035,0.4976,23,0.78665,0.84304,966,3864,DR_primary
23,3,C0,17,4545,0.4492,23,0.78653,0.84252,966,3864,DR_primary
23,3,C1,17,5012,0.4953,23,0.78638,0.84256,966,3864,DR_primary
23,3,C2,17,5008,0.4949,23,0.78646,0.84262,966,3864,DR_primary
23,3,C3,17,5008,0.4949,23,0.78646,0.84262,966,3864,DR_primary
23,3,C0,18,4637,0.4582,23,0.78665,0.84298,966,3864,DR_primary
23,3,C1,18,5096,0.5036,23,0.78669,0.84296,966,3864,DR_primary
23,3,C2,18,5132,0.5072,23,0.78636,0.84298,966,3864,DR_primary
23,3,C3,18,5132,0.5072,23,0.78636,0.84298,966,3864,DR_primary
23,3,C0,19,4551,0.4497,23,0.78747,0.84358,966,3864,DR_primary
23,3,C1,19,4986,0.4927,23,0.7875,0.84362,966,3864,DR_primary
23,3,C2,19,5017,0.4958,23,0.78754,0.8437,966,3864,DR_primary
23,3,C3,19,5017,0.4958,23,0.78754,0.8437,966,3864,DR_primary
23,3,C0,20,4537,0.4484,23,0.78735,0.84338,966,3864,DR_primary
23,3,C1,20,5007,0.4948,23,0.78724,0.8433,966,3864,DR_primary
23,3,C2,20,4999,0.494,23,0.78719,0.84339,966,3864,DR_primary
23,3,C3,20,4999,0.494,23,0.78719,0.84339,966,3864,DR_primary
23,3,C0,21,4597,0.4543,23,0.78619,0.84283,966,3864,DR_primary
23,3,C1,21,5048,0.4989,23,0.78639,0.84288,966,3864,DR_primary
23,3,C2,21,5044,0.4985,23,0.78654,0.84298,966,3864,DR_primary
23,3,C3,21,5044,0.4985,23,0.78654,0.84298,966,3864,DR_primary
23,3,C0,22,4629,0.4575,23,0.78663,0.84325,966,3864,DR_primary
23,3,C1,22,5078,0.5018,23,0.78603,0.84272,966,3864,DR_primary
23,3,C2,22,5110,0.505,23,0.78615,0.84282,966,3864,DR_primary
23,3,C3,22,5110,0.505,23,0.78615,0.84282,966,3864,DR_primary
23,3,C0,23,4555,0.4501,23,0.78663,0.84318,966,3864,DR_primary
23,3,C1,23,5024,0.4965,23,0.78675,0.84302,966,3864,DR_primary
23,3,C2,23,5021,0.4962,23,0.78653,0.84303,966,3864,DR_primary
23,3,C3,23,5021,0.4962,23,0.78653,0.84303,966,3864,DR_primary
23,3,C0,24,4585,0.4531,23,0.78711,0.84316,966,3864,DR_primary
23,3,C1,24,5048,0.4989,23,0.78727,0.84316,966,3864,DR_primary
23,3,C2,24,5043,0.4984,23,0.78727,0.84331,966,3864,DR_primary
23,3,C3,24,5043,0.4984,23,0.78727,0.84331,966,3864,DR_primary
23,3,C0,25,4605,0.4551,23,0.78657,0.84283,966,3864,DR_primary
23,3,C1,25,5051,0.4992,23,0.78655,0.84291,966,3864,DR_primary
23,3,C2,25,5055,0.4996,23,0.78654,0.84298,966,3864,DR_primary
23,3,C3,25,5055,0.4996,23,0.78654,0.84298,966,3864,DR_primary
23,3,C0,26,4600,0.4546,23,0.78823,0.84391,966,3864,DR_primary
23,3,C1,26,5043,0.4984,23,0.788,0.84385,966,3864,DR_primary
23,3,C2,26,5036,0.4977,23,0.78788,0.84382,966,3864,DR_primary
23,3,C3,26,5036,0.4977,23,0.78788,0.84382,966,3864,DR_primary
23,3,C0,27,4669,0.4614,23,0.78656,0.84303,966,3864,DR_primary
23,3,C1,27,5129,0.5069,23,0.78652,0.84301,966,3864,DR_primary
23,3,C2,27,5105,0.5045,23,0.78667,0.84323,966,3864,DR_primary
23,3,C3,27,5105,0.5045,23,0.78667,0.84323,966,3864,DR_primary
23,3,C0,28,4621,0.4567,23,0.78706,0.84347,966,3864,DR_primary
23,3,C1,28,5070,0.501,23,0.78695,0.84339,966,3864,DR_primary
23,3,C2,28,5079,0.5019,23,0.78691,0.84328,966,3864,DR_primary
23,3,C3,28,5079,0.5019,23,0.78691,0.84328,966,3864,DR_primary
23,3,C0,29,4508,0.4455,23,0.78764,0.84326,966,3864,DR_primary
23,3,C1,29,4965,0.4907,23,0.78786,0.84361,966,3864,DR_primary
23,3,C2,29,4963,0.4905,23,0.78785,0.84356,966,3864,DR_primary
23,3,C3,29,4963,0.4905,23,0.78785,0.84356,966,3864,DR_primary
23,3,C0,30,4522,0.4469,23,0.78678,0.84282,966,3864,DR_primary
23,3,C1,30,4985,0.4926,23,0.78692,0.84312,966,3864,DR_primary
23,3,C2,30,4982,0.4923,23,0.78673,0.84325,966,3864,DR_primary
23,3,C3,30,4982,0.4923,23,0.78673,0.84325,966,3864,DR_primary
23,4,C0,1,4574,0.452,23,0.7869,0.84309,966,3864,DR_primary
23,4,C1,1,5050,0.4991,23,0.7869,0.84306,966,3864,DR_primary
23,4,C2,1,5038,0.4979,23,0.78735,0.84337,966,3864,DR_primary
23,4,C3,1,5038,0.4979,23,0.78735,0.84337,966,3864,DR_primary
23,4,C0,2,4673,0.4618,23,0.78669,0.84324,966,3864,DR_primary
23,4,C1,2,5149,0.5088,23,0.78658,0.84329,966,3864,DR_primary
23,4,C2,2,5121,0.5061,23,0.78657,0.84331,966,3864,DR_primary
23,4,C3,2,5121,0.5061,23,0.78657,0.84331,966,3864,DR_primary
23,4,C0,3,4631,0.4577,23,0.78628,0.84289,966,3864,DR_primary
23,4,C1,3,5057,0.4998,23,0.78633,0.84305,966,3864,DR_primary
23,4,C2,3,5093,0.5033,23,0.78622,0.84307,966,3864,DR_primary
23,4,C3,3,5093,0.5033,23,0.78622,0.84307,966,3864,DR_primary
23,4,C0,4,4623,0.4569,23,0.78711,0.84315,966,3864,DR_primary
23,4,C1,4,5100,0.504,23,0.78739,0.84342,966,3864,DR_primary
23,4,C2,4,5093,0.5033,23,0.78727,0.84347,966,3864,DR_primary
23,4,C3,4,5093,0.5033,23,0.78727,0.84347,966,3864,DR_primary
23,4,C0,5,4615,0.4561,23,0.78618,0.84216,966,3864,DR_primary
23,4,C1,5,5067,0.5007,23,0.78631,0.84223,966,3864,DR_primary
23,4,C2,5,5061,0.5001,23,0.78621,0.84225,966,3864,DR_primary
23,4,C3,5,5061,0.5001,23,0.78621,0.84225,966,3864,DR_primary
23,4,C0,6,4606,0.4552,23,0.78764,0.84369,966,3864,DR_primary
23,4,C1,6,5094,0.5034,23,0.78722,0.84329,966,3864,DR_primary
23,4,C2,6,5093,0.5033,23,0.78708,0.84326,966,3864,DR_primary
23,4,C3,6,5093,0.5033,23,0.78708,0.84326,966,3864,DR_primary
23,4,C0,7,4637,0.4582,23,0.78722,0.84342,966,3864,DR_primary
23,4,C1,7,5080,0.502,23,0.78715,0.8434,966,3864,DR_primary
23,4,C2,7,5092,0.5032,23,0.78674,0.84311,966,3864,DR_primary
23,4,C3,7,5092,0.5032,23,0.78674,0.84311,966,3864,DR_primary
23,4,C0,8,4597,0.4543,23,0.78732,0.8435,966,3864,DR_primary
23,4,C1,8,5055,0.4996,23,0.78725,0.8433,966,3864,DR_primary
23,4,C2,8,5052,0.4993,23,0.7871,0.84339,966,3864,DR_primary
23,4,C3,8,5052,0.4993,23,0.7871,0.84339,966,3864,DR_primary
23,4,C0,9,4625,0.4571,23,0.78751,0.84343,966,3864,DR_primary
23,4,C1,9,5106,0.5046,23,0.78754,0.84355,966,3864,DR_primary
23,4,C2,9,5090,0.503,23,0.78747,0.84361,966,3864,DR_primary
23,4,C3,9,5090,0.503,23,0.78747,0.84361,966,3864,DR_primary
23,4,C0,10,4615,0.4561,23,0.78658,0.8425,966,3864,DR_primary
23,4,C1,10,5055,0.4996,23,0.7865,0.84254,966,3864,DR_primary
23,4,C2,10,5082,0.5022,23,0.7865,0.84261,966,3864,DR_primary
23,4,C3,10,5082,0.5022,23,0.7865,0.84261,966,3864,DR_primary
23,4,C0,11,4566,0.4512,23,0.78703,0.8431,966,3864,DR_primary
23,4,C1,11,5005,0.4946,23,0.78698,0.84313,966,3864,DR_primary
23,4,C2,11,5011,0.4952,23,0.78695,0.84313,966,3864,DR_primary
23,4,C3,11,5011,0.4952,23,0.78695,0.84313,966,3864,DR_primary
23,4,C0,12,4627,0.4573,23,0.7864,0.84319,966,3864,DR_primary
23,4,C1,12,5101,0.5041,23,0.78685,0.84342,966,3864,DR_primary
23,4,C2,12,5100,0.504,23,0.78653,0.84338,966,3864,DR_primary
23,4,C3,12,5100,0.504,23,0.78653,0.84338,966,3864,DR_primary
23,4,C0,13,4556,0.4502,23,0.78686,0.84288,966,3864,DR_primary
23,4,C1,13,5033,0.4974,23,0.78699,0.84308,966,3864,DR_primary
23,4,C2,13,5040,0.4981,23,0.78695,0.84308,966,3864,DR_primary
23,4,C3,13,5040,0.4981,23,0.78695,0.84308,966,3864,DR_primary
23,4,C0,14,4598,0.4544,23,0.78705,0.84307,966,3864,DR_primary
23,4,C1,14,5103,0.5043,23,0.78685,0.84301,966,3864,DR_primary
23,4,C2,14,5105,0.5045,23,0.787,0.84309,966,3864,DR_primary
23,4,C3,14,5105,0.5045,23,0.787,0.84309,966,3864,DR_primary
23,4,C0,15,4600,0.4546,23,0.787,0.84302,966,3864,DR_primary
23,4,C1,15,5056,0.4997,23,0.78714,0.84317,966,3864,DR_primary
23,4,C2,15,5042,0.4983,23,0.78706,0.84317,966,3864,DR_primary
23,4,C3,15,5042,0.4983,23,0.78706,0.84317,966,3864,DR_primary
23,4,C0,16,4646,0.4591,23,0.78663,0.84279,966,3864,DR_primary
23,4,C1,16,5092,0.5032,23,0.78685,0.84279,966,3864,DR_primary
23,4,C2,16,5115,0.5055,23,0.78658,0.8427,966,3864,DR_primary
23,4,C3,16,5115,0.5055,23,0.78658,0.8427,966,3864,DR_primary
23,4,C0,17,4548,0.4495,23,0.78738,0.84344,966,3864,DR_primary
23,4,C1,17,5006,0.4947,23,0.78755,0.8434,966,3864,DR_primary
23,4,C2,17,5013,0.4954,23,0.78711,0.84324,966,3864,DR_primary
23,4,C3,17,5013,0.4954,23,0.78711,0.84324,966,3864,DR_primary
23,4,C0,18,4598,0.4544,23,0.78727,0.8434,966,3864,DR_primary
23,4,C1,18,5077,0.5017,23,0.78734,0.84342,966,3864,DR_primary
23,4,C2,18,5058,0.4999,23,0.78703,0.84327,966,3864,DR_primary
23,4,C3,18,5058,0.4999,23,0.78703,0.84327,966,3864,DR_primary
23,4,C0,19,4558,0.4504,23,0.78646,0.84277,966,3864,DR_primary
23,4,C1,19,5029,0.497,23,0.78635,0.84263,966,3864,DR_primary
23,4,C2,19,5013,0.4954,23,0.78623,0.84262,966,3864,DR_primary
23,4,C3,19,5013,0.4954,23,0.78623,0.84262,966,3864,DR_primary
23,4,C0,20,4648,0.4593,23,0.78686,0.84301,966,3864,DR_primary
23,4,C1,20,5088,0.5028,23,0.78686,0.84308,966,3864,DR_primary
23,4,C2,20,5094,0.5034,23,0.78685,0.8431,966,3864,DR_primary
23,4,C3,20,5094,0.5034,23,0.78685,0.8431,966,3864,DR_primary
23,4,C0,21,4612,0.4558,23,0.78791,0.84379,966,3864,DR_primary
23,4,C1,21,5039,0.498,23,0.78779,0.84369,966,3864,DR_primary
23,4,C2,21,5042,0.4983,23,0.78759,0.84355,966,3864,DR_primary
23,4,C3,21,5042,0.4983,23,0.78759,0.84355,966,3864,DR_primary
23,4,C0,22,4722,0.4666,23,0.78597,0.84273,966,3864,DR_primary
23,4,C1,22,5157,0.5096,23,0.78612,0.84284,966,3864,DR_primary
23,4,C2,22,5155,0.5094,23,0.78612,0.84295,966,3864,DR_primary
23,4,C3,22,5155,0.5094,23,0.78612,0.84295,966,3864,DR_primary
23,4,C0,23,4664,0.4609,23,0.78787,0.84387,966,3864,DR_primary
23,4,C1,23,5137,0.5077,23,0.788,0.84393,966,3864,DR_primary
23,4,C2,23,5116,0.5056,23,0.78767,0.84381,966,3864,DR_primary
23,4,C3,23,5116,0.5056,23,0.78767,0.84381,966,3864,DR_primary
23,4,C0,24,4662,0.4607,23,0.78754,0.84348,966,3864,DR_primary
23,4,C1,24,5117,0.5057,23,0.78772,0.84365,966,3864,DR_primary
23,4,C2,24,5087,0.5027,23,0.78746,0.84363,966,3864,DR_primary
23,4,C3,24,5087,0.5027,23,0.78746,0.84363,966,3864,DR_primary
23,4,C0,25,4660,0.4605,23,0.78659,0.84275,966,3864,DR_primary
23,4,C1,25,5134,0.5074,23,0.78639,0.8425,966,3864,DR_primary
23,4,C2,25,5137,0.5077,23,0.78615,0.84234,966,3864,DR_primary
23,4,C3,25,5137,0.5077,23,0.78615,0.84234,966,3864,DR_primary
23,4,C0,26,4614,0.456,23,0.78763,0.84412,966,3864,DR_primary
23,4,C1,26,5066,0.5006,23,0.78728,0.84381,966,3864,DR_primary
23,4,C2,26,5040,0.4981,23,0.7873,0.84375,966,3864,DR_primary
23,4,C3,26,5040,0.4981,23,0.7873,0.84375,966,3864,DR_primary
23,4,C0,27,4549,0.4496,23,0.78733,0.8437,966,3864,DR_primary
23,4,C1,27,5016,0.4957,23,0.78713,0.84347,966,3864,DR_primary
23,4,C2,27,4999,0.494,23,0.78708,0.8435,966,3864,DR_primary
23,4,C3,27,4999,0.494,23,0.78708,0.8435,966,3864,DR_primary
23,4,C0,28,4500,0.4447,23,0.78647,0.84231,966,3864,DR_primary
23,4,C1,28,4947,0.4889,23,0.78667,0.8427,966,3864,DR_primary
23,4,C2,28,4966,0.4908,23,0.78655,0.84269,966,3864,DR_primary
23,4,C3,28,4966,0.4908,23,0.78655,0.84269,966,3864,DR_primary
23,4,C0,29,4518,0.4465,23,0.7874,0.84332,966,3864,DR_primary
23,4,C1,29,4981,0.4922,23,0.78737,0.84336,966,3864,DR_primary
23,4,C2,29,4975,0.4916,23,0.78719,0.84324,966,3864,DR_primary
23,4,C3,29,4975,0.4916,23,0.78719,0.84324,966,3864,DR_primary
23,4,C0,30,4551,0.4497,23,0.78673,0.8429,966,3864,DR_primary
23,4,C1,30,5005,0.4946,23,0.78677,0.84295,966,3864,DR_primary
23,4,C2,30,5022,0.4963,23,0.78663,0.84285,966,3864,DR_primary
23,4,C3,30,5022,0.4963,23,0.78663,0.84285,966,3864,DR_primary
23,5,C0,1,4624,0.457,23,0.78669,0.84295,966,3864,DR_primary
23,5,C1,1,5083,0.5023,23,0.7867,0.84294,966,3864,DR_primary
23,5,C2,1,5086,0.5026,23,0.78709,0.84311,966,3864,DR_primary
23,5,C3,1,5086,0.5026,23,0.78709,0.84311,966,3864,DR_primary
23,5,C0,2,4517,0.4464,23,0.78656,0.84281,966,3864,DR_primary
23,5,C1,2,4992,0.4933,23,0.78671,0.84293,966,3864,DR_primary
23,5,C2,2,4972,0.4914,23,0.78683,0.84311,966,3864,DR_primary
23,5,C3,2,4972,0.4914,23,0.78683,0.84311,966,3864,DR_primary
23,5,C0,3,4642,0.4587,23,0.78721,0.84351,966,3864,DR_primary
23,5,C1,3,5095,0.5035,23,0.78696,0.8434,966,3864,DR_primary
23,5,C2,3,5093,0.5033,23,0.78694,0.84348,966,3864,DR_primary
23,5,C3,3,5093,0.5033,23,0.78694,0.84348,966,3864,DR_primary
23,5,C0,4,4578,0.4524,23,0.78742,0.84341,966,3864,DR_primary
23,5,C1,4,5062,0.5002,23,0.78739,0.84333,966,3864,DR_primary
23,5,C2,4,5060,0.5,23,0.78734,0.84332,966,3864,DR_primary
23,5,C3,4,5060,0.5,23,0.78734,0.84332,966,3864,DR_primary
23,5,C0,5,4527,0.4474,23,0.78753,0.84385,966,3864,DR_primary
23,5,C1,5,5024,0.4965,23,0.78748,0.84381,966,3864,DR_primary
23,5,C2,5,5006,0.4947,23,0.78744,0.84399,966,3864,DR_primary
23,5,C3,5,5006,0.4947,23,0.78744,0.84399,966,3864,DR_primary
23,5,C0,6,4640,0.4585,23,0.78727,0.84372,966,3864,DR_primary
23,5,C1,6,5105,0.5045,23,0.78731,0.84359,966,3864,DR_primary
23,5,C2,6,5106,0.5046,23,0.78697,0.84351,966,3864,DR_primary
23,5,C3,6,5106,0.5046,23,0.78697,0.84351,966,3864,DR_primary
23,5,C0,7,4544,0.4491,23,0.78742,0.84353,966,3864,DR_primary
23,5,C1,7,5007,0.4948,23,0.78743,0.84336,966,3864,DR_primary
23,5,C2,7,4984,0.4925,23,0.78713,0.84322,966,3864,DR_primary
23,5,C3,7,4984,0.4925,23,0.78713,0.84322,966,3864,DR_primary
23,5,C0,8,4590,0.4536,23,0.78601,0.84202,966,3864,DR_primary
23,5,C1,8,5020,0.4961,23,0.78619,0.84215,966,3864,DR_primary
23,5,C2,8,5054,0.4995,23,0.78602,0.84212,966,3864,DR_primary
23,5,C3,8,5054,0.4995,23,0.78602,0.84212,966,3864,DR_primary
23,5,C0,9,4568,0.4514,23,0.78704,0.84318,966,3864,DR_primary
23,5,C1,9,5042,0.4983,23,0.78703,0.84316,966,3864,DR_primary
23,5,C2,9,5030,0.4971,23,0.78715,0.84331,966,3864,DR_primary
23,5,C3,9,5030,0.4971,23,0.78715,0.84331,966,3864,DR_primary
23,5,C0,10,4556,0.4502,23,0.78838,0.84428,966,3864,DR_primary
23,5,C1,10,5056,0.4997,23,0.7878,0.84386,966,3864,DR_primary
23,5,C2,10,5055,0.4996,23,0.7879,0.8439,966,3864,DR_primary
23,5,C3,10,5055,0.4996,23,0.7879,0.8439,966,3864,DR_primary
23,5,C0,11,4646,0.4591,23,0.78693,0.8434,966,3864,DR_primary
23,5,C1,11,5090,0.503,23,0.78678,0.84322,966,3864,DR_primary
23,5,C2,11,5093,0.5033,23,0.78685,0.84345,966,3864,DR_primary
23,5,C3,11,5093,0.5033,23,0.78685,0.84345,966,3864,DR_primary
23,5,C0,12,4587,0.4533,23,0.7871,0.84328,966,3864,DR_primary
23,5,C1,12,5062,0.5002,23,0.78685,0.84306,966,3864,DR_primary
23,5,C2,12,5065,0.5005,23,0.7867,0.84301,966,3864,DR_primary
23,5,C3,12,5065,0.5005,23,0.7867,0.84301,966,3864,DR_primary
23,5,C0,13,4557,0.4503,23,0.78674,0.84335,966,3864,DR_primary
23,5,C1,13,5024,0.4965,23,0.78692,0.84349,966,3864,DR_primary
23,5,C2,13,5016,0.4957,23,0.78666,0.84337,966,3864,DR_primary
23,5,C3,13,5016,0.4957,23,0.78666,0.84337,966,3864,DR_primary
23,5,C0,14,4574,0.452,23,0.78716,0.84302,966,3864,DR_primary
23,5,C1,14,5011,0.4952,23,0.78721,0.84313,966,3864,DR_primary
23,5,C2,14,5010,0.4951,23,0.7871,0.84315,966,3864,DR_primary
23,5,C3,14,5010,0.4951,23,0.7871,0.84315,966,3864,DR_primary
23,5,C0,15,4661,0.4606,23,0.78579,0.84256,966,3864,DR_primary
23,5,C1,15,5109,0.5049,23,0.78566,0.8423,966,3864,DR_primary
23,5,C2,15,5135,0.5075,23,0.78549,0.84214,966,3864,DR_primary
23,5,C3,15,5135,0.5075,23,0.78549,0.84214,966,3864,DR_primary
23,5,C0,16,4489,0.4436,23,0.7875,0.84355,966,3864,DR_primary
23,5,C1,16,4924,0.4866,23,0.7873,0.84344,966,3864,DR_primary
23,5,C2,16,4938,0.488,23,0.78724,0.84339,966,3864,DR_primary
23,5,C3,16,4938,0.488,23,0.78724,0.84339,966,3864,DR_primary
23,5,C0,17,4676,0.4621,23,0.78706,0.843,966,3864,DR_primary
23,5,C1,17,5133,0.5073,23,0.7874,0.84342,966,3864,DR_primary
23,5,C2,17,5141,0.5081,23,0.78719,0.84338,966,3864,DR_primary
23,5,C3,17,5141,0.5081,23,0.78719,0.84338,966,3864,DR_primary
23,5,C0,18,4611,0.4557,23,0.7873,0.84355,966,3864,DR_primary
23,5,C1,18,5043,0.4984,23,0.78708,0.84336,966,3864,DR_primary
23,5,C2,18,5037,0.4978,23,0.78703,0.84332,966,3864,DR_primary
23,5,C3,18,5037,0.4978,23,0.78703,0.84332,966,3864,DR_primary
23,5,C0,19,4614,0.456,23,0.78679,0.84283,966,3864,DR_primary
23,5,C1,19,5083,0.5023,23,0.78655,0.84268,966,3864,DR_primary
23,5,C2,19,5072,0.5012,23,0.78679,0.84283,966,3864,DR_primary
23,5,C3,19,5072,0.5012,23,0.78679,0.84283,966,3864,DR_primary
23,5,C0,20,4603,0.4549,23,0.78643,0.84252,966,3864,DR_primary
23,5,C1,20,5068,0.5008,23,0.78661,0.84279,966,3864,DR_primary
23,5,C2,20,5057,0.4998,23,0.78642,0.84279,966,3864,DR_primary
23,5,C3,20,5057,0.4998,23,0.78642,0.84279,966,3864,DR_primary
23,5,C0,21,4631,0.4577,23,0.78738,0.84355,966,3864,DR_primary
23,5,C1,21,5088,0.5028,23,0.78731,0.84341,966,3864,DR_primary
23,5,C2,21,5092,0.5032,23,0.78713,0.84344,966,3864,DR_primary
23,5,C3,21,5092,0.5032,23,0.78713,0.84344,966,3864,DR_primary
23,5,C0,22,4528,0.4475,23,0.78673,0.84259,966,3864,DR_primary
23,5,C1,22,5010,0.4951,23,0.78649,0.84263,966,3864,DR_primary
23,5,C2,22,5024,0.4965,23,0.78681,0.84296,966,3864,DR_primary
23,5,C3,22,5024,0.4965,23,0.78681,0.84296,966,3864,DR_primary
23,5,C0,23,4547,0.4494,23,0.7868,0.84365,966,3864,DR_primary
23,5,C1,23,4999,0.494,23,0.78668,0.84341,966,3864,DR_primary
23,5,C2,23,5024,0.4965,23,0.78675,0.84356,966,3864,DR_primary
23,5,C3,23,5024,0.4965,23,0.78675,0.84356,966,3864,DR_primary
23,5,C0,24,4494,0.4441,23,0.78606,0.8425,966,3864,DR_primary
23,5,C1,24,4969,0.4911,23,0.78639,0.84263,966,3864,DR_primary
23,5,C2,24,4953,0.4895,23,0.78599,0.84249,966,3864,DR_primary
23,5,C3,24,4953,0.4895,23,0.78599,0.84249,966,3864,DR_primary
23,5,C0,25,4600,0.4546,23,0.78739,0.84374,966,3864,DR_primary
23,5,C1,25,5091,0.5031,23,0.78732,0.84371,966,3864,DR_primary
23,5,C2,25,5085,0.5025,23,0.78739,0.84383,966,3864,DR_primary
23,5,C3,25,5085,0.5025,23,0.78739,0.84383,966,3864,DR_primary
23,5,C0,26,4664,0.4609,23,0.78667,0.84318,966,3864,DR_primary
23,5,C1,26,5124,0.5064,23,0.78693,0.84319,966,3864,DR_primary
23,5,C2,26,5105,0.5045,23,0.78645,0.84293,966,3864,DR_primary
23,5,C3,26,5105,0.5045,23,0.78645,0.84293,966,3864,DR_primary
23,5,C0,27,4624,0.457,23,0.7863,0.84263,966,3864,DR_primary
23,5,C1,27,5088,0.5028,23,0.78628,0.84271,966,3864,DR_primary
23,5,C2,27,5089,0.5029,23,0.78637,0.84281,966,3864,DR_primary
23,5,C3,27,5089,0.5029,23,0.78637,0.84281,966,3864,DR_primary
23,5,C0,28,4621,0.4567,23,0.78703,0.84372,966,3864,DR_primary
23,5,C1,28,5056,0.4997,23,0.78729,0.84374,966,3864,DR_primary
23,5,C2,28,5069,0.5009,23,0.78691,0.84348,966,3864,DR_primary
23,5,C3,28,5069,0.5009,23,0.78691,0.84348,966,3864,DR_primary
23,5,C0,29,4671,0.4616,23,0.78713,0.84316,966,3864,DR_primary
23,5,C1,29,5124,0.5064,23,0.7874,0.84341,966,3864,DR_primary
23,5,C2,29,5136,0.5076,23,0.78706,0.84341,966,3864,DR_primary
23,5,C3,29,5136,0.5076,23,0.78706,0.84341,966,3864,DR_primary
23,5,C0,30,4668,0.4613,23,0.78675,0.84295,966,3864,DR_primary
23,5,C1,30,5118,0.5058,23,0.78713,0.84336,966,3864,DR_primary
23,5,C2,30,5105,0.5045,23,0.78686,0.84317,966,3864,DR_primary
23,5,C3,30,5105,0.5045,23,0.78686,0.84317,966,3864,DR_primary
23,6,C0,1,4569,0.4515,23,0.78723,0.84338,966,3864,DR_primary
23,6,C1,1,5032,0.4973,23,0.78737,0.8436,966,3864,DR_primary
23,6,C2,1,5030,0.4971,23,0.7877,0.84364,966,3864,DR_primary
23,6,C3,1,5030,0.4971,23,0.7877,0.84364,966,3864,DR_primary
23,6,C0,2,4585,0.4531,23,0.78763,0.84417,966,3864,DR_primary
23,6,C1,2,5094,0.5034,23,0.78732,0.84392,966,3864,DR_primary
23,6,C2,2,5084,0.5024,23,0.78727,0.84388,966,3864,DR_primary
23,6,C3,2,5084,0.5024,23,0.78727,0.84388,966,3864,DR_primary
23,6,C0,3,4606,0.4552,23,0.78676,0.84318,966,3864,DR_primary
23,6,C1,3,5075,0.5015,23,0.78646,0.84297,966,3864,DR_primary
23,6,C2,3,5065,0.5005,23,0.78662,0.84319,966,3864,DR_primary
23,6,C3,3,5065,0.5005,23,0.78662,0.84319,966,3864,DR_primary
23,6,C0,4,4557,0.4503,23,0.78693,0.84333,966,3864,DR_primary
23,6,C1,4,5019,0.496,23,0.78688,0.84332,966,3864,DR_primary
23,6,C2,4,5026,0.4967,23,0.78667,0.84322,966,3864,DR_primary
23,6,C3,4,5026,0.4967,23,0.78667,0.84322,966,3864,DR_primary
23,6,C0,5,4683,0.4628,23,0.78757,0.84381,966,3864,DR_primary
23,6,C1,5,5160,0.5099,23,0.78741,0.84373,966,3864,DR_primary
23,6,C2,5,5152,0.5091,23,0.78733,0.84368,966,3864,DR_primary
23,6,C3,5,5152,0.5091,23,0.78733,0.84368,966,3864,DR_primary
23,6,C0,6,4537,0.4484,23,0.78654,0.84264,966,3864,DR_primary
23,6,C1,6,5022,0.4963,23,0.78669,0.84285,966,3864,DR_primary
23,6,C2,6,5010,0.4951,23,0.78658,0.8428,966,3864,DR_primary
23,6,C3,6,5010,0.4951,23,0.78658,0.8428,966,3864,DR_primary
23,6,C0,7,4594,0.454,23,0.78641,0.84253,966,3864,DR_primary
23,6,C1,7,5047,0.4988,23,0.78638,0.84253,966,3864,DR_primary
23,6,C2,7,5038,0.4979,23,0.78638,0.84269,966,3864,DR_primary
23,6,C3,7,5038,0.4979,23,0.78638,0.84269,966,3864,DR_primary
23,6,C0,8,4573,0.4519,23,0.7874,0.84296,966,3864,DR_primary
23,6,C1,8,5029,0.497,23,0.7876,0.84332,966,3864,DR_primary
23,6,C2,8,5007,0.4948,23,0.78773,0.84355,966,3864,DR_primary
23,6,C3,8,5007,0.4948,23,0.78773,0.84355,966,3864,DR_primary
23,6,C0,9,4545,0.4492,23,0.787,0.84352,966,3864,DR_primary
23,6,C1,9,5026,0.4967,23,0.78713,0.84353,966,3864,DR_primary
23,6,C2,9,5046,0.4987,23,0.78713,0.84348,966,3864,DR_primary
23,6,C3,9,5046,0.4987,23,0.78713,0.84348,966,3864,DR_primary
23,6,C0,10,4492,0.4439,23,0.78648,0.84299,966,3864,DR_primary
23,6,C1,10,4965,0.4907,23,0.78644,0.84284,966,3864,DR_primary
23,6,C2,10,4983,0.4924,23,0.78637,0.84288,966,3864,DR_primary
23,6,C3,10,4983,0.4924,23,0.78637,0.84288,966,3864,DR_primary
23,6,C0,11,4697,0.4642,23,0.78678,0.84324,966,3864,DR_primary
23,6,C1,11,5139,0.5079,23,0.78692,0.84319,966,3864,DR_primary
23,6,C2,11,5145,0.5084,23,0.78679,0.84317,966,3864,DR_primary
23,6,C3,11,5145,0.5084,23,0.78679,0.84317,966,3864,DR_primary
23,6,C0,12,4529,0.4476,23,0.78639,0.8426,966,3864,DR_primary
23,6,C1,12,4995,0.4936,23,0.78613,0.84256,966,3864,DR_primary
23,6,C2,12,4981,0.4922,23,0.78623,0.84262,966,3864,DR_primary
23,6,C3,12,4981,0.4922,23,0.78623,0.84262,966,3864,DR_primary
23,6,C0,13,4694,0.4639,23,0.78686,0.84291,966,3864,DR_primary
23,6,C1,13,5122,0.5062,23,0.78689,0.84298,966,3864,DR_primary
23,6,C2,13,5122,0.5062,23,0.78684,0.84295,966,3864,DR_primary
23,6,C3,13,5122,0.5062,23,0.78684,0.84295,966,3864,DR_primary
23,6,C0,14,4587,0.4533,23,0.78646,0.84299,966,3864,DR_primary
23,6,C1,14,5043,0.4984,23,0.78654,0.84295,966,3864,DR_primary
23,6,C2,14,5032,0.4973,23,0.78643,0.84295,966,3864,DR_primary
23,6,C3,14,5032,0.4973,23,0.78643,0.84295,966,3864,DR_primary
23,6,C0,15,4681,0.4626,23,0.78681,0.8432,966,3864,DR_primary
23,6,C1,15,5150,0.5089,23,0.78668,0.84314,966,3864,DR_primary
23,6,C2,15,5162,0.5101,23,0.78672,0.84311,966,3864,DR_primary
23,6,C3,15,5162,0.5101,23,0.78672,0.84311,966,3864,DR_primary
23,6,C0,16,4576,0.4522,23,0.78699,0.84313,966,3864,DR_primary
23,6,C1,16,5055,0.4996,23,0.7873,0.84353,966,3864,DR_primary
23,6,C2,16,5058,0.4999,23,0.78718,0.84356,966,3864,DR_primary
23,6,C3,16,5058,0.4999,23,0.78718,0.84356,966,3864,DR_primary
23,6,C0,17,4647,0.4592,23,0.78677,0.84329,966,3864,DR_primary
23,6,C1,17,5099,0.5039,23,0.78703,0.84336,966,3864,DR_primary
23,6,C2,17,5130,0.507,23,0.78693,0.84331,966,3864,DR_primary
23,6,C3,17,5130,0.507,23,0.78693,0.84331,966,3864,DR_primary
23,6,C0,18,4581,0.4527,23,0.78684,0.84282,966,3864,DR_primary
23,6,C1,18,5051,0.4992,23,0.78683,0.84286,966,3864,DR_primary
23,6,C2,18,5041,0.4982,23,0.78656,0.84287,966,3864,DR_primary
23,6,C3,18,5041,0.4982,23,0.78656,0.84287,966,3864,DR_primary
23,6,C0,19,4689,0.4634,23,0.78718,0.84338,966,3864,DR_primary
23,6,C1,19,5154,0.5093,23,0.78721,0.84335,966,3864,DR_primary
23,6,C2,19,5156,0.5095,23,0.78697,0.84326,966,3864,DR_primary
23,6,C3,19,5156,0.5095,23,0.78697,0.84326,966,3864,DR_primary
23,6,C0,20,4510,0.4457,23,0.78637,0.84282,966,3864,DR_primary
23,6,C1,20,4978,0.4919,23,0.78638,0.84295,966,3864,DR_primary
23,6,C2,20,4974,0.4916,23,0.78639,0.8433,966,3864,DR_primary
23,6,C3,20,4974,0.4916,23,0.78639,0.8433,966,3864,DR_primary
23,6,C0,21,4603,0.4549,23,0.78744,0.84341,966,3864,DR_primary
23,6,C1,21,5080,0.502,23,0.78721,0.84325,966,3864,DR_primary
23,6,C2,21,5067,0.5007,23,0.78718,0.84322,966,3864,DR_primary
23,6,C3,21,5067,0.5007,23,0.78718,0.84322,966,3864,DR_primary
23,6,C0,22,4653,0.4598,23,0.78779,0.84357,966,3864,DR_primary
23,6,C1,22,5100,0.504,23,0.78775,0.84352,966,3864,DR_primary
23,6,C2,22,5113,0.5053,23,0.78768,0.84363,966,3864,DR_primary
23,6,C3,22,5113,0.5053,23,0.78768,0.84363,966,3864,DR_primary
23,6,C0,23,4645,0.459,23,0.78746,0.84363,966,3864,DR_primary
23,6,C1,23,5147,0.5086,23,0.78715,0.84359,966,3864,DR_primary
23,6,C2,23,5156,0.5095,23,0.78762,0.84399,966,3864,DR_primary
23,6,C3,23,5156,0.5095,23,0.78762,0.84399,966,3864,DR_primary
23,6,C0,24,4518,0.4465,23,0.78619,0.84228,966,3864,DR_primary
23,6,C1,24,5010,0.4951,23,0.7862,0.84231,966,3864,DR_primary
23,6,C2,24,5018,0.4959,23,0.78604,0.84223,966,3864,DR_primary
23,6,C3,24,5018,0.4959,23,0.78604,0.84223,966,3864,DR_primary
23,6,C0,25,4635,0.458,23,0.78678,0.84296,966,3864,DR_primary
23,6,C1,25,5066,0.5006,23,0.78689,0.84316,966,3864,DR_primary
23,6,C2,25,5099,0.5039,23,0.78716,0.84326,966,3864,DR_primary
23,6,C3,25,5099,0.5039,23,0.78716,0.84326,966,3864,DR_primary
23,6,C0,26,4614,0.456,23,0.78734,0.84368,966,3864,DR_primary
23,6,C1,26,5096,0.5036,23,0.78738,0.84371,966,3864,DR_primary
23,6,C2,26,5101,0.5041,23,0.78711,0.84358,966,3864,DR_primary
23,6,C3,26,5101,0.5041,23,0.78711,0.84358,966,3864,DR_primary
23,6,C0,27,4619,0.4565,23,0.78731,0.84325,966,3864,DR_primary
23,6,C1,27,5061,0.5001,23,0.78739,0.84344,966,3864,DR_primary
23,6,C2,27,5062,0.5002,23,0.78757,0.84367,966,3864,DR_primary
23,6,C3,27,5062,0.5002,23,0.78757,0.84367,966,3864,DR_primary
23,6,C0,28,4615,0.4561,23,0.78744,0.8438,966,3864,DR_primary
23,6,C1,28,5070,0.501,23,0.7874,0.84367,966,3864,DR_primary
23,6,C2,28,5072,0.5012,23,0.78747,0.84379,966,3864,DR_primary
23,6,C3,28,5072,0.5012,23,0.78747,0.84379,966,3864,DR_primary
23,6,C0,29,4546,0.4493,23,0.78693,0.84292,966,3864,DR_primary
23,6,C1,29,5026,0.4967,23,0.78693,0.84306,966,3864,DR_primary
23,6,C2,29,5024,0.4965,23,0.78683,0.84303,966,3864,DR_primary
23,6,C3,29,5024,0.4965,23,0.78683,0.84303,966,3864,DR_primary
23,6,C0,30,4594,0.454,23,0.787,0.8434,966,3864,DR_primary
23,6,C1,30,5069,0.5009,23,0.78693,0.84332,966,3864,DR_primary
23,6,C2,30,5091,0.5031,23,0.78669,0.84343,966,3864,DR_primary
23,6,C3,30,5091,0.5031,23,0.78669,0.84343,966,3864,DR_primary
23,7,C0,1,4592,0.4538,23,0.78727,0.84366,966,3864,DR_primary
23,7,C1,1,5062,0.5002,23,0.78692,0.84331,966,3864,DR_primary
23,7,C2,1,5057,0.4998,23,0.7876,0.84386,966,3864,DR_primary
23,7,C3,1,5057,0.4998,23,0.7876,0.84386,966,3864,DR_primary
23,7,C0,2,4585,0.4531,23,0.78639,0.84283,966,3864,DR_primary
23,7,C1,2,5049,0.499,23,0.78651,0.84289,966,3864,DR_primary
23,7,C2,2,5050,0.4991,23,0.78633,0.84273,966,3864,DR_primary
23,7,C3,2,5050,0.4991,23,0.78633,0.84273,966,3864,DR_primary
23,7,C0,3,4585,0.4531,23,0.78692,0.84321,966,3864,DR_primary
23,7,C1,3,5034,0.4975,23,0.78711,0.84328,966,3864,DR_primary
23,7,C2,3,5042,0.4983,23,0.78693,0.8432,966,3864,DR_primary
23,7,C3,3,5042,0.4983,23,0.78693,0.8432,966,3864,DR_primary
23,7,C0,4,4485,0.4432,23,0.78697,0.84335,966,3864,DR_primary
23,7,C1,4,4986,0.4927,23,0.78694,0.84334,966,3864,DR_primary
23,7,C2,4,4961,0.4903,23,0.78695,0.84339,966,3864,DR_primary
23,7,C3,4,4961,0.4903,23,0.78695,0.84339,966,3864,DR_primary
23,7,C0,5,4590,0.4536,23,0.78718,0.84338,966,3864,DR_primary
23,7,C1,5,5074,0.5014,23,0.78726,0.8435,966,3864,DR_primary
23,7,C2,5,5032,0.4973,23,0.78723,0.84348,966,3864,DR_primary
23,7,C3,5,5032,0.4973,23,0.78723,0.84348,966,3864,DR_primary
23,7,C0,6,4569,0.4515,23,0.7876,0.84385,966,3864,DR_primary
23,7,C1,6,5037,0.4978,23,0.78755,0.84389,966,3864,DR_primary
23,7,C2,6,5046,0.4987,23,0.78754,0.84392,966,3864,DR_primary
23,7,C3,6,5046,0.4987,23,0.78754,0.84392,966,3864,DR_primary
23,7,C0,7,4554,0.45,23,0.78717,0.84314,966,3864,DR_primary
23,7,C1,7,5028,0.4969,23,0.78703,0.84307,966,3864,DR_primary
23,7,C2,7,5015,0.4956,23,0.78681,0.84299,966,3864,DR_primary
23,7,C3,7,5015,0.4956,23,0.78681,0.84299,966,3864,DR_primary
23,7,C0,8,4596,0.4542,23,0.78757,0.84315,966,3864,DR_primary
23,7,C1,8,5040,0.4981,23,0.78733,0.84319,966,3864,DR_primary
23,7,C2,8,5054,0.4995,23,0.78739,0.8434,966,3864,DR_primary
23,7,C3,8,5054,0.4995,23,0.78739,0.8434,966,3864,DR_primary
23,7,C0,9,4661,0.4606,23,0.78651,0.84311,966,3864,DR_primary
23,7,C1,9,5107,0.5047,23,0.78681,0.84332,966,3864,DR_primary
23,7,C2,9,5102,0.5042,23,0.78665,0.84322,966,3864,DR_primary
23,7,C3,9,5102,0.5042,23,0.78665,0.84322,966,3864,DR_primary
23,7,C0,10,4625,0.4571,23,0.7867,0.84316,966,3864,DR_primary
23,7,C1,10,5114,0.5054,23,0.78657,0.84288,966,3864,DR_primary
23,7,C2,10,5092,0.5032,23,0.78651,0.84291,966,3864,DR_primary
23,7,C3,10,5092,0.5032,23,0.78651,0.84291,966,3864,DR_primary
23,7,C0,11,4713,0.4658,23,0.78697,0.84309,966,3864,DR_primary
23,7,C1,11,5156,0.5095,23,0.78692,0.84298,966,3864,DR_primary
23,7,C2,11,5146,0.5085,23,0.78683,0.84316,966,3864,DR_primary
23,7,C3,11,5146,0.5085,23,0.78683,0.84316,966,3864,DR_primary
23,7,C0,12,4478,0.4425,23,0.78706,0.84323,966,3864,DR_primary
23,7,C1,12,4930,0.4872,23,0.78712,0.84326,966,3864,DR_primary
23,7,C2,12,4939,0.4881,23,0.787,0.84319,966,3864,DR_primary
23,7,C3,12,4939,0.4881,23,0.787,0.84319,966,3864,DR_primary
23,7,C0,13,4606,0.4552,23,0.78773,0.84391,966,3864,DR_primary
23,7,C1,13,5046,0.4987,23,0.78762,0.84384,966,3864,DR_primary
23,7,C2,13,5040,0.4981,23,0.78752,0.84387,966,3864,DR_primary
23,7,C3,13,5040,0.4981,23,0.78752,0.84387,966,3864,DR_primary
23,7,C0,14,4553,0.4499,23,0.78734,0.84371,966,3864,DR_primary
23,7,C1,14,5014,0.4955,23,0.78774,0.84387,966,3864,DR_primary
23,7,C2,14,5004,0.4945,23,0.78736,0.84379,966,3864,DR_primary
23,7,C3,14,5004,0.4945,23,0.78736,0.84379,966,3864,DR_primary
23,7,C0,15,4649,0.4594,23,0.78656,0.84311,966,3864,DR_primary
23,7,C1,15,5129,0.5069,23,0.78676,0.84321,966,3864,DR_primary
23,7,C2,15,5097,0.5037,23,0.78653,0.8431,966,3864,DR_primary
23,7,C3,15,5097,0.5037,23,0.78653,0.8431,966,3864,DR_primary
23,7,C0,16,4541,0.4488,23,0.78738,0.84332,966,3864,DR_primary
23,7,C1,16,4992,0.4933,23,0.78726,0.84338,966,3864,DR_primary
23,7,C2,16,4959,0.4901,23,0.78736,0.84342,966,3864,DR_primary
23,7,C3,16,4959,0.4901,23,0.78736,0.84342,966,3864,DR_primary
23,7,C0,17,4635,0.458,23,0.78645,0.84244,966,3864,DR_primary
23,7,C1,17,5110,0.505,23,0.78616,0.84248,966,3864,DR_primary
23,7,C2,17,5091,0.5031,23,0.78627,0.8425,966,3864,DR_primary
23,7,C3,17,5091,0.5031,23,0.78627,0.8425,966,3864,DR_primary
23,7,C0,18,4618,0.4564,23,0.78743,0.84347,966,3864,DR_primary
23,7,C1,18,5087,0.5027,23,0.78737,0.84355,966,3864,DR_primary
23,7,C2,18,5077,0.5017,23,0.78736,0.84357,966,3864,DR_primary
23,7,C3,18,5077,0.5017,23,0.78736,0.84357,966,3864,DR_primary
23,7,C0,19,4567,0.4513,23,0.78661,0.84265,966,3864,DR_primary
23,7,C1,19,5049,0.499,23,0.78692,0.84281,966,3864,DR_primary
23,7,C2,19,5048,0.4989,23,0.78659,0.84278,966,3864,DR_primary
23,7,C3,19,5048,0.4989,23,0.78659,0.84278,966,3864,DR_primary
23,7,C0,20,4608,0.4554,23,0.78685,0.84339,966,3864,DR_primary
23,7,C1,20,5041,0.4982,23,0.78653,0.84322,966,3864,DR_primary
23,7,C2,20,5060,0.5,23,0.78669,0.84345,966,3864,DR_primary
23,7,C3,20,5060,0.5,23,0.78669,0.84345,966,3864,DR_primary
23,7,C0,21,4667,0.4612,23,0.78659,0.84268,966,3864,DR_primary
23,7,C1,21,5121,0.5061,23,0.78688,0.84289,966,3864,DR_primary
23,7,C2,21,5137,0.5077,23,0.78672,0.84281,966,3864,DR_primary
23,7,C3,21,5137,0.5077,23,0.78672,0.84281,966,3864,DR_primary
23,7,C0,22,4620,0.4566,23,0.78709,0.84331,966,3864,DR_primary
23,7,C1,22,5075,0.5015,23,0.78705,0.84324,966,3864,DR_primary
23,7,C2,22,5072,0.5012,23,0.78702,0.84318,966,3864,DR_primary
23,7,C3,22,5072,0.5012,23,0.78702,0.84318,966,3864,DR_primary
23,7,C0,23,4549,0.4496,23,0.78696,0.84307,966,3864,DR_primary
23,7,C1,23,4996,0.4937,23,0.78685,0.84288,966,3864,DR_primary
23,7,C2,23,4985,0.4926,23,0.78684,0.84296,966,3864,DR_primary
23,7,C3,23,4985,0.4926,23,0.78684,0.84296,966,3864,DR_primary
23,7,C0,24,4625,0.4571,23,0.78731,0.84349,966,3864,DR_primary
23,7,C1,24,5113,0.5053,23,0.78741,0.84351,966,3864,DR_primary
23,7,C2,24,5096,0.5036,23,0.78735,0.84351,966,3864,DR_primary
23,7,C3,24,5096,0.5036,23,0.78735,0.84351,966,3864,DR_primary
23,7,C0,25,4636,0.4581,23,0.78643,0.84267,966,3864,DR_primary
23,7,C1,25,5112,0.5052,23,0.78637,0.84247,966,3864,DR_primary
23,7,C2,25,5095,0.5035,23,0.78629,0.84259,966,3864,DR_primary
23,7,C3,25,5095,0.5035,23,0.78629,0.84259,966,3864,DR_primary
23,7,C0,26,4638,0.4583,23,0.78745,0.84327,966,3864,DR_primary
23,7,C1,26,5107,0.5047,23,0.7873,0.84318,966,3864,DR_primary
23,7,C2,26,5084,0.5024,23,0.78709,0.84313,966,3864,DR_primary
23,7,C3,26,5084,0.5024,23,0.78709,0.84313,966,3864,DR_primary
23,7,C0,27,4528,0.4475,23,0.78749,0.84339,966,3864,DR_primary
23,7,C1,27,5006,0.4947,23,0.78736,0.84337,966,3864,DR_primary
23,7,C2,27,5000,0.4941,23,0.78739,0.84341,966,3864,DR_primary
23,7,C3,27,5000,0.4941,23,0.78739,0.84341,966,3864,DR_primary
23,7,C0,28,4488,0.4435,23,0.78721,0.84313,966,3864,DR_primary
23,7,C1,28,4934,0.4876,23,0.78715,0.84313,966,3864,DR_primary
23,7,C2,28,4930,0.4872,23,0.78682,0.84302,966,3864,DR_primary
23,7,C3,28,4930,0.4872,23,0.78682,0.84302,966,3864,DR_primary
23,7,C0,29,4533,0.448,23,0.78704,0.84349,966,3864,DR_primary
23,7,C1,29,5015,0.4956,23,0.78743,0.84369,966,3864,DR_primary
23,7,C2,29,5002,0.4943,23,0.78697,0.8435,966,3864,DR_primary
23,7,C3,29,5002,0.4943,23,0.78697,0.8435,966,3864,DR_primary
23,7,C0,30,4566,0.4512,23,0.78701,0.84292,966,3864,DR_primary
23,7,C1,30,5047,0.4988,23,0.78708,0.84307,966,3864,DR_primary
23,7,C2,30,5069,0.5009,23,0.78698,0.84301,966,3864,DR_primary
23,7,C3,30,5069,0.5009,23,0.78698,0.84301,966,3864,DR_primary
23,8,C0,1,4550,0.4496,23,0.78739,0.84395,966,3864,DR_primary
23,8,C1,1,5048,0.4989,23,0.78738,0.84384,966,3864,DR_primary
23,8,C2,1,5022,0.4963,23,0.78791,0.84414,966,3864,DR_primary
23,8,C3,1,5022,0.4963,23,0.78791,0.84414,966,3864,DR_primary
23,8,C0,2,4656,0.4601,23,0.78655,0.8429,966,3864,DR_primary
23,8,C1,2,5109,0.5049,23,0.78647,0.84284,966,3864,DR_primary
23,8,C2,2,5100,0.504,23,0.78643,0.84293,966,3864,DR_primary
23,8,C3,2,5100,0.504,23,0.78643,0.84293,966,3864,DR_primary
23,8,C0,3,4519,0.4466,23,0.78661,0.84227,966,3864,DR_primary
23,8,C1,3,4980,0.4921,23,0.78668,0.84241,966,3864,DR_primary
23,8,C2,3,4990,0.4931,23,0.7867,0.84261,966,3864,DR_primary
23,8,C3,3,4990,0.4931,23,0.7867,0.84261,966,3864,DR_primary
23,8,C0,4,4601,0.4547,23,0.78615,0.84298,966,3864,DR_primary
23,8,C1,4,5058,0.4999,23,0.78617,0.84295,966,3864,DR_primary
23,8,C2,4,5051,0.4992,23,0.78612,0.84296,966,3864,DR_primary
23,8,C3,4,5051,0.4992,23,0.78612,0.84296,966,3864,DR_primary
23,8,C0,5,4607,0.4553,23,0.78753,0.84342,966,3864,DR_primary
23,8,C1,5,5071,0.5011,23,0.78761,0.84336,966,3864,DR_primary
23,8,C2,5,5063,0.5003,23,0.78779,0.84371,966,3864,DR_primary
23,8,C3,5,5063,0.5003,23,0.78779,0.84371,966,3864,DR_primary
23,8,C0,6,4610,0.4556,23,0.78653,0.84294,966,3864,DR_primary
23,8,C1,6,5081,0.5021,23,0.78691,0.84307,966,3864,DR_primary
23,8,C2,6,5088,0.5028,23,0.78682,0.84311,966,3864,DR_primary
23,8,C3,6,5088,0.5028,23,0.78682,0.84311,966,3864,DR_primary
23,8,C0,7,4569,0.4515,23,0.78689,0.84322,966,3864,DR_primary
23,8,C1,7,5056,0.4997,23,0.78701,0.84334,966,3864,DR_primary
23,8,C2,7,5050,0.4991,23,0.78679,0.84325,966,3864,DR_primary
23,8,C3,7,5050,0.4991,23,0.78679,0.84325,966,3864,DR_primary
23,8,C0,8,4509,0.4456,23,0.78658,0.84252,966,3864,DR_primary
23,8,C1,8,4964,0.4906,23,0.78685,0.84284,966,3864,DR_primary
23,8,C2,8,4951,0.4893,23,0.78678,0.84282,966,3864,DR_primary
23,8,C3,8,4951,0.4893,23,0.78678,0.84282,966,3864,DR_primary
23,8,C0,9,4566,0.4512,23,0.78683,0.84313,966,3864,DR_primary
23,8,C1,9,5043,0.4984,23,0.78697,0.84328,966,3864,DR_primary
23,8,C2,9,5035,0.4976,23,0.7866,0.84309,966,3864,DR_primary
23,8,C3,9,5035,0.4976,23,0.7866,0.84309,966,3864,DR_primary
23,8,C0,10,4628,0.4574,23,0.78779,0.84395,966,3864,DR_primary
23,8,C1,10,5063,0.5003,23,0.78774,0.84384,966,3864,DR_primary
23,8,C2,10,5056,0.4997,23,0.78781,0.84402,966,3864,DR_primary
23,8,C3,10,5056,0.4997,23,0.78781,0.84402,966,3864,DR_primary
23,8,C0,11,4582,0.4528,23,0.78718,0.84314,966,3864,DR_primary
23,8,C1,11,5064,0.5004,23,0.78703,0.84329,966,3864,DR_primary
23,8,C2,11,5062,0.5002,23,0.78718,0.84337,966,3864,DR_primary
23,8,C3,11,5062,0.5002,23,0.78718,0.84337,966,3864,DR_primary
23,8,C0,12,4568,0.4514,23,0.78649,0.84273,966,3864,DR_primary
23,8,C1,12,5026,0.4967,23,0.78678,0.84314,966,3864,DR_primary
23,8,C2,12,5000,0.4941,23,0.7868,0.84324,966,3864,DR_primary
23,8,C3,12,5000,0.4941,23,0.7868,0.84324,966,3864,DR_primary
23,8,C0,13,4564,0.451,23,0.78637,0.84281,966,3864,DR_primary
23,8,C1,13,5053,0.4994,23,0.78652,0.84283,966,3864,DR_primary
23,8,C2,13,5026,0.4967,23,0.78635,0.84282,966,3864,DR_primary
23,8,C3,13,5026,0.4967,23,0.78635,0.84282,966,3864,DR_primary
23,8,C0,14,4600,0.4546,23,0.78625,0.84282,966,3864,DR_primary
23,8,C1,14,5073,0.5013,23,0.78642,0.84268,966,3864,DR_primary
23,8,C2,14,5057,0.4998,23,0.78614,0.84266,966,3864,DR_primary
23,8,C3,14,5057,0.4998,23,0.78614,0.84266,966,3864,DR_primary
23,8,C0,15,4558,0.4504,23,0.78692,0.84351,966,3864,DR_primary
23,8,C1,15,5001,0.4942,23,0.78686,0.8434,966,3864,DR_primary
23,8,C2,15,5010,0.4951,23,0.78689,0.84356,966,3864,DR_primary
23,8,C3,15,5010,0.4951,23,0.78689,0.84356,966,3864,DR_primary
23,8,C0,16,4665,0.461,23,0.78613,0.84261,966,3864,DR_primary
23,8,C1,16,5109,0.5049,23,0.78632,0.84286,966,3864,DR_primary
23,8,C2,16,5106,0.5046,23,0.7861,0.84282,966,3864,DR_primary
23,8,C3,16,5106,0.5046,23,0.7861,0.84282,966,3864,DR_primary
23,8,C0,17,4622,0.4568,23,0.78689,0.84291,966,3864,DR_primary
23,8,C1,17,5059,0.5,23,0.78709,0.84319,966,3864,DR_primary
23,8,C2,17,5065,0.5005,23,0.78716,0.84337,966,3864,DR_primary
23,8,C3,17,5065,0.5005,23,0.78716,0.84337,966,3864,DR_primary
23,8,C0,18,4555,0.4501,23,0.78733,0.84329,966,3864,DR_primary
23,8,C1,18,5015,0.4956,23,0.78731,0.84322,966,3864,DR_primary
23,8,C2,18,5014,0.4955,23,0.7872,0.8433,966,3864,DR_primary
23,8,C3,18,5014,0.4955,23,0.7872,0.8433,966,3864,DR_primary
23,8,C0,19,4607,0.4553,23,0.78748,0.84407,966,3864,DR_primary
23,8,C1,19,5063,0.5003,23,0.78725,0.8439,966,3864,DR_primary
23,8,C2,19,5050,0.4991,23,0.78714,0.84381,966,3864,DR_primary
23,8,C3,19,5050,0.4991,23,0.78714,0.84381,966,3864,DR_primary
23,8,C0,20,4612,0.4558,23,0.78656,0.84279,966,3864,DR_primary
23,8,C1,20,5080,0.502,23,0.78633,0.84259,966,3864,DR_primary
23,8,C2,20,5049,0.499,23,0.7865,0.84279,966,3864,DR_primary
23,8,C3,20,5049,0.499,23,0.7865,0.84279,966,3864,DR_primary
23,8,C0,21,4602,0.4548,23,0.78731,0.84334,966,3864,DR_primary
23,8,C1,21,5048,0.4989,23,0.78742,0.84354,966,3864,DR_primary
23,8,C2,21,5029,0.497,23,0.78721,0.8435,966,3864,DR_primary
23,8,C3,21,5029,0.497,23,0.78721,0.8435,966,3864,DR_primary
23,8,C0,22,4596,0.4542,23,0.78726,0.84323,966,3864,DR_primary
23,8,C1,22,5057,0.4998,23,0.78704,0.84324,966,3864,DR_primary
23,8,C2,22,5059,0.5,23,0.7871,0.84321,966,3864,DR_primary
23,8,C3,22,5059,0.5,23,0.7871,0.84321,966,3864,DR_primary
23,8,C0,23,4597,0.4543,23,0.78663,0.84315,966,3864,DR_primary
23,8,C1,23,5071,0.5011,23,0.78636,0.84301,966,3864,DR_primary
23,8,C2,23,5045,0.4986,23,0.7862,0.84293,966,3864,DR_primary
23,8,C3,23,5045,0.4986,23,0.7862,0.84293,966,3864,DR_primary
23,8,C0,24,4638,0.4583,23,0.78733,0.84334,966,3864,DR_primary
23,8,C1,24,5107,0.5047,23,0.78712,0.84311,966,3864,DR_primary
23,8,C2,24,5110,0.505,23,0.78687,0.84305,966,3864,DR_primary
23,8,C3,24,5110,0.505,23,0.78687,0.84305,966,3864,DR_primary
23,8,C0,25,4585,0.4531,23,0.78695,0.84304,966,3864,DR_primary
23,8,C1,25,5056,0.4997,23,0.78726,0.84326,966,3864,DR_primary
23,8,C2,25,5034,0.4975,23,0.78695,0.84314,966,3864,DR_primary
23,8,C3,25,5034,0.4975,23,0.78695,0.84314,966,3864,DR_primary
23,8,C0,26,4559,0.4505,23,0.78723,0.84333,966,3864,DR_primary
23,8,C1,26,5050,0.4991,23,0.78703,0.84321,966,3864,DR_primary
23,8,C2,26,5036,0.4977,23,0.78715,0.84336,966,3864,DR_primary
23,8,C3,26,5036,0.4977,23,0.78715,0.84336,966,3864,DR_primary
23,8,C0,27,4515,0.4462,23,0.78657,0.84305,966,3864,DR_primary
23,8,C1,27,4985,0.4926,23,0.78676,0.84312,966,3864,DR_primary
23,8,C2,27,4993,0.4934,23,0.78635,0.84299,966,3864,DR_primary
23,8,C3,27,4993,0.4934,23,0.78635,0.84299,966,3864,DR_primary
23,8,C0,28,4592,0.4538,23,0.78684,0.84291,966,3864,DR_primary
23,8,C1,28,5074,0.5014,23,0.78711,0.84292,966,3864,DR_primary
23,8,C2,28,5079,0.5019,23,0.78689,0.8429,966,3864,DR_primary
23,8,C3,28,5079,0.5019,23,0.78689,0.8429,966,3864,DR_primary
23,8,C0,29,4653,0.4598,23,0.78702,0.84277,966,3864,DR_primary
23,8,C1,29,5107,0.5047,23,0.78718,0.84294,966,3864,DR_primary
23,8,C2,29,5140,0.508,23,0.78684,0.84266,966,3864,DR_primary
23,8,C3,29,5140,0.508,23,0.78684,0.84266,966,3864,DR_primary
23,8,C0,30,4557,0.4503,23,0.78739,0.84315,966,3864,DR_primary
23,8,C1,30,5025,0.4966,23,0.78707,0.84295,966,3864,DR_primary
23,8,C2,30,5029,0.497,23,0.78715,0.84309,966,3864,DR_primary
23,8,C3,30,5029,0.497,23,0.78715,0.84309,966,3864,DR_primary
23,9,C0,1,4505,0.4452,23,0.78708,0.84299,966,3864,DR_primary
23,9,C1,1,4962,0.4904,23,0.78701,0.84308,966,3864,DR_primary
23,9,C2,1,4953,0.4895,23,0.78745,0.84324,966,3864,DR_primary
23,9,C3,1,4953,0.4895,23,0.78745,0.84324,966,3864,DR_primary
23,9,C0,2,4614,0.456,23,0.78796,0.84359,966,3864,DR_primary
23,9,C1,2,5061,0.5001,23,0.78767,0.84339,966,3864,DR_primary
23,9,C2,2,5079,0.5019,23,0.78768,0.84349,966,3864,DR_primary
23,9,C3,2,5079,0.5019,23,0.78768,0.84349,966,3864,DR_primary
23,9,C0,3,4614,0.456,23,0.78687,0.84353,966,3864,DR_primary
23,9,C1,3,5056,0.4997,23,0.78665,0.8433,966,3864,DR_primary
23,9,C2,3,5073,0.5013,23,0.78664,0.84331,966,3864,DR_primary
23,9,C3,3,5073,0.5013,23,0.78664,0.84331,966,3864,DR_primary
23,9,C0,4,4651,0.4596,23,0.78691,0.84344,966,3864,DR_primary
23,9,C1,4,5103,0.5043,23,0.78686,0.84323,966,3864,DR_primary
23,9,C2,4,5118,0.5058,23,0.78672,0.84307,966,3864,DR_primary
23,9,C3,4,5118,0.5058,23,0.78672,0.84307,966,3864,DR_primary
23,9,C0,5,4575,0.4521,23,0.78675,0.84335,966,3864,DR_primary
23,9,C1,5,5063,0.5003,23,0.78658,0.8431,966,3864,DR_primary
23,9,C2,5,5043,0.4984,23,0.78644,0.84309,966,3864,DR_primary
23,9,C3,5,5043,0.4984,23,0.78644,0.84309,966,3864,DR_primary
23,9,C0,6,4615,0.4561,23,0.78778,0.84371,966,3864,DR_primary
23,9,C1,6,5071,0.5011,23,0.78721,0.84343,966,3864,DR_primary
23,9,C2,6,5067,0.5007,23,0.78716,0.84338,966,3864,DR_primary
23,9,C3,6,5067,0.5007,23,0.78716,0.84338,966,3864,DR_primary
23,9,C0,7,4542,0.4489,23,0.78769,0.84325,966,3864,DR_primary
23,9,C1,7,4999,0.494,23,0.78779,0.84334,966,3864,DR_primary
23,9,C2,7,5003,0.4944,23,0.78758,0.84339,966,3864,DR_primary
23,9,C3,7,5003,0.4944,23,0.78758,0.84339,966,3864,DR_primary
23,9,C0,8,4652,0.4597,23,0.78741,0.84315,966,3864,DR_primary
23,9,C1,8,5104,0.5044,23,0.78762,0.84338,966,3864,DR_primary
23,9,C2,8,5106,0.5046,23,0.78747,0.84333,966,3864,DR_primary
23,9,C3,8,5106,0.5046,23,0.78747,0.84333,966,3864,DR_primary
23,9,C0,9,4582,0.4528,23,0.7872,0.84342,966,3864,DR_primary
23,9,C1,9,5034,0.4975,23,0.78725,0.84342,966,3864,DR_primary
23,9,C2,9,5048,0.4989,23,0.78698,0.84338,966,3864,DR_primary
23,9,C3,9,5048,0.4989,23,0.78698,0.84338,966,3864,DR_primary
23,9,C0,10,4612,0.4558,23,0.78591,0.84223,966,3864,DR_primary
23,9,C1,10,5097,0.5037,23,0.78583,0.84215,966,3864,DR_primary
23,9,C2,10,5087,0.5027,23,0.78593,0.8422,966,3864,DR_primary
23,9,C3,10,5087,0.5027,23,0.78593,0.8422,966,3864,DR_primary
23,9,C0,11,4659,0.4604,23,0.78745,0.84353,966,3864,DR_primary
23,9,C1,11,5097,0.5037,23,0.78737,0.84341,966,3864,DR_primary
23,9,C2,11,5084,0.5024,23,0.78735,0.8436,966,3864,DR_primary
23,9,C3,11,5084,0.5024,23,0.78735,0.8436,966,3864,DR_primary
23,9,C0,12,4590,0.4536,23,0.78642,0.84267,966,3864,DR_primary
23,9,C1,12,5035,0.4976,23,0.78633,0.84269,966,3864,DR_primary
23,9,C2,12,5051,0.4992,23,0.78641,0.84281,966,3864,DR_primary
23,9,C3,12,5051,0.4992,23,0.78641,0.84281,966,3864,DR_primary
23,9,C0,13,4611,0.4557,23,0.78733,0.84372,966,3864,DR_primary
23,9,C1,13,5051,0.4992,23,0.78713,0.84361,966,3864,DR_primary
23,9,C2,13,5075,0.5015,23,0.78709,0.84356,966,3864,DR_primary
23,9,C3,13,5075,0.5015,23,0.78709,0.84356,966,3864,DR_primary
23,9,C0,14,4641,0.4586,23,0.78717,0.84319,966,3864,DR_primary
23,9,C1,14,5084,0.5024,23,0.78722,0.84323,966,3864,DR_primary
23,9,C2,14,5104,0.5044,23,0.7872,0.84329,966,3864,DR_primary
23,9,C3,14,5104,0.5044,23,0.7872,0.84329,966,3864,DR_primary
23,9,C0,15,4591,0.4537,23,0.78652,0.84256,966,3864,DR_primary
23,9,C1,15,5083,0.5023,23,0.78649,0.84248,966,3864,DR_primary
23,9,C2,15,5046,0.4987,23,0.78649,0.84253,966,3864,DR_primary
23,9,C3,15,5046,0.4987,23,0.78649,0.84253,966,3864,DR_primary
23,9,C0,16,4574,0.452,23,0.78716,0.84324,966,3864,DR_primary
23,9,C1,16,5036,0.4977,23,0.78709,0.84314,966,3864,DR_primary
23,9,C2,16,5061,0.5001,23,0.78719,0.84331,966,3864,DR_primary
23,9,C3,16,5061,0.5001,23,0.78719,0.84331,966,3864,DR_primary
23,9,C0,17,4602,0.4548,23,0.78606,0.84258,966,3864,DR_primary
23,9,C1,17,5094,0.5034,23,0.78677,0.84302,966,3864,DR_primary
23,9,C2,17,5081,0.5021,23,0.78654,0.84306,966,3864,DR_primary
23,9,C3,17,5081,0.5021,23,0.78654,0.84306,966,3864,DR_primary
23,9,C0,18,4573,0.4519,23,0.78743,0.84383,966,3864,DR_primary
23,9,C1,18,4994,0.4935,23,0.78736,0.84377,966,3864,DR_primary
23,9,C2,18,5027,0.4968,23,0.78742,0.8438,966,3864,DR_primary
23,9,C3,18,5027,0.4968,23,0.78742,0.8438,966,3864,DR_primary
23,9,C0,19,4583,0.4529,23,0.78621,0.84295,966,3864,DR_primary
23,9,C1,19,5044,0.4985,23,0.7865,0.84333,966,3864,DR_primary
23,9,C2,19,5051,0.4992,23,0.78641,0.84324,966,3864,DR_primary
23,9,C3,19,5051,0.4992,23,0.78641,0.84324,966,3864,DR_primary
23,9,C0,20,4480,0.4427,23,0.78693,0.84322,966,3864,DR_primary
23,9,C1,20,4934,0.4876,23,0.78667,0.84296,966,3864,DR_primary
23,9,C2,20,4931,0.4873,23,0.78672,0.84314,966,3864,DR_primary
23,9,C3,20,4931,0.4873,23,0.78672,0.84314,966,3864,DR_primary
23,9,C0,21,4555,0.4501,23,0.78723,0.84334,966,3864,DR_primary
23,9,C1,21,5027,0.4968,23,0.78725,0.84332,966,3864,DR_primary
23,9,C2,21,5024,0.4965,23,0.78725,0.84329,966,3864,DR_primary
23,9,C3,21,5024,0.4965,23,0.78725,0.84329,966,3864,DR_primary
23,9,C0,22,4569,0.4515,23,0.78641,0.84272,966,3864,DR_primary
23,9,C1,22,5045,0.4986,23,0.78633,0.84254,966,3864,DR_primary
23,9,C2,22,5060,0.5,23,0.78611,0.84249,966,3864,DR_primary
23,9,C3,22,5060,0.5,23,0.78611,0.84249,966,3864,DR_primary
23,9,C0,23,4567,0.4513,23,0.78667,0.84292,966,3864,DR_primary
23,9,C1,23,5030,0.4971,23,0.78649,0.84279,966,3864,DR_primary
23,9,C2,23,5000,0.4941,23,0.78642,0.84292,966,3864,DR_primary
23,9,C3,23,5000,0.4941,23,0.78642,0.84292,966,3864,DR_primary
23,9,C0,24,4619,0.4565,23,0.78729,0.84306,966,3864,DR_primary
23,9,C1,24,5045,0.4986,23,0.7873,0.84311,966,3864,DR_primary
23,9,C2,24,5056,0.4997,23,0.78722,0.8432,966,3864,DR_primary
23,9,C3,24,5056,0.4997,23,0.78722,0.8432,966,3864,DR_primary
23,9,C0,25,4638,0.4583,23,0.78646,0.84268,966,3864,DR_primary
23,9,C1,25,5068,0.5008,23,0.78667,0.84278,966,3864,DR_primary
23,9,C2,25,5044,0.4985,23,0.7865,0.84268,966,3864,DR_primary
23,9,C3,25,5044,0.4985,23,0.7865,0.84268,966,3864,DR_primary
23,9,C0,26,4596,0.4542,23,0.78644,0.84271,966,3864,DR_primary
23,9,C1,26,5046,0.4987,23,0.7868,0.84302,966,3864,DR_primary
23,9,C2,26,5052,0.4993,23,0.78656,0.84294,966,3864,DR_primary
23,9,C3,26,5052,0.4993,23,0.78656,0.84294,966,3864,DR_primary
23,9,C0,27,4619,0.4565,23,0.78674,0.84297,966,3864,DR_primary
23,9,C1,27,5080,0.502,23,0.78685,0.8429,966,3864,DR_primary
23,9,C2,27,5102,0.5042,23,0.78685,0.843,966,3864,DR_primary
23,9,C3,27,5102,0.5042,23,0.78685,0.843,966,3864,DR_primary
23,9,C0,28,4535,0.4482,23,0.78696,0.84293,966,3864,DR_primary
23,9,C1,28,5018,0.4959,23,0.78663,0.84285,966,3864,DR_primary
23,9,C2,28,5017,0.4958,23,0.78674,0.84301,966,3864,DR_primary
23,9,C3,28,5017,0.4958,23,0.78674,0.84301,966,3864,DR_primary
23,9,C0,29,4703,0.4648,23,0.7868,0.84303,966,3864,DR_primary
23,9,C1,29,5170,0.5109,23,0.78703,0.84308,966,3864,DR_primary
23,9,C2,29,5152,0.5091,23,0.7869,0.84313,966,3864,DR_primary
23,9,C3,29,5152,0.5091,23,0.7869,0.84313,966,3864,DR_primary
23,9,C0,30,4599,0.4545,23,0.78676,0.84265,966,3864,DR_primary
23,9,C1,30,5060,0.5,23,0.78697,0.84289,966,3864,DR_primary
23,9,C2,30,5061,0.5001,23,0.78684,0.84295,966,3864,DR_primary
23,9,C3,30,5061,0.5001,23,0.78684,0.84295,966,3864,DR_primary
37,0,C0,1,4544,0.4491,23,0.78543,0.84175,966,3864,DR_primary
37,0,C1,1,5021,0.4962,23,0.78593,0.84208,966,3864,DR_primary
37,0,C2,1,5004,0.4945,23,0.78578,0.8421,966,3864,DR_primary
37,0,C3,1,5004,0.4945,23,0.78578,0.8421,966,3864,DR_primary
37,0,C0,2,4550,0.4496,23,0.78751,0.84365,966,3864,DR_primary
37,0,C1,2,4977,0.4918,23,0.78757,0.84387,966,3864,DR_primary
37,0,C2,2,4963,0.4905,23,0.7876,0.84383,966,3864,DR_primary
37,0,C3,2,4963,0.4905,23,0.7876,0.84383,966,3864,DR_primary
37,0,C0,3,4607,0.4553,23,0.78736,0.84344,966,3864,DR_primary
37,0,C1,3,5070,0.501,23,0.7874,0.84334,966,3864,DR_primary
37,0,C2,3,5059,0.5,23,0.78718,0.84319,966,3864,DR_primary
37,0,C3,3,5059,0.5,23,0.78718,0.84319,966,3864,DR_primary
37,0,C0,4,4543,0.449,23,0.78729,0.84313,966,3864,DR_primary
37,0,C1,4,5009,0.495,23,0.78711,0.84298,966,3864,DR_primary
37,0,C2,4,5036,0.4977,23,0.78714,0.84311,966,3864,DR_primary
37,0,C3,4,5036,0.4977,23,0.78714,0.84311,966,3864,DR_primary
37,0,C0,5,4556,0.4502,23,0.78653,0.84293,966,3864,DR_primary
37,0,C1,5,5024,0.4965,23,0.78673,0.84306,966,3864,DR_primary
37,0,C2,5,5042,0.4983,23,0.78656,0.84302,966,3864,DR_primary
37,0,C3,5,5042,0.4983,23,0.78656,0.84302,966,3864,DR_primary
37,0,C0,6,4567,0.4513,23,0.78569,0.8421,966,3864,DR_primary
37,0,C1,6,5070,0.501,23,0.78618,0.84248,966,3864,DR_primary
37,0,C2,6,5041,0.4982,23,0.78605,0.84251,966,3864,DR_primary
37,0,C3,6,5041,0.4982,23,0.78605,0.84251,966,3864,DR_primary
37,0,C0,7,4560,0.4506,23,0.78714,0.84317,966,3864,DR_primary
37,0,C1,7,4989,0.493,23,0.78695,0.84304,966,3864,DR_primary
37,0,C2,7,5014,0.4955,23,0.78693,0.84305,966,3864,DR_primary
37,0,C3,7,5014,0.4955,23,0.78693,0.84305,966,3864,DR_primary
37,0,C0,8,4626,0.4572,23,0.7877,0.84358,966,3864,DR_primary
37,0,C1,8,5114,0.5054,23,0.78755,0.84357,966,3864,DR_primary
37,0,C2,8,5101,0.5041,23,0.78772,0.84393,966,3864,DR_primary
37,0,C3,8,5101,0.5041,23,0.78772,0.84393,966,3864,DR_primary
37,0,C0,9,4589,0.4535,23,0.78711,0.84341,966,3864,DR_primary
37,0,C1,9,5057,0.4998,23,0.78693,0.84339,966,3864,DR_primary
37,0,C2,9,5050,0.4991,23,0.78697,0.84341,966,3864,DR_primary
37,0,C3,9,5050,0.4991,23,0.78697,0.84341,966,3864,DR_primary
37,0,C0,10,4584,0.453,23,0.78714,0.84348,966,3864,DR_primary
37,0,C1,10,5024,0.4965,23,0.78744,0.84366,966,3864,DR_primary
37,0,C2,10,5035,0.4976,23,0.78707,0.84344,966,3864,DR_primary
37,0,C3,10,5035,0.4976,23,0.78707,0.84344,966,3864,DR_primary
37,0,C0,11,4631,0.4577,23,0.7874,0.84337,966,3864,DR_primary
37,0,C1,11,5093,0.5033,23,0.78734,0.84318,966,3864,DR_primary
37,0,C2,11,5087,0.5027,23,0.78707,0.84308,966,3864,DR_primary
37,0,C3,11,5087,0.5027,23,0.78707,0.84308,966,3864,DR_primary
37,0,C0,12,4608,0.4554,23,0.78702,0.84347,966,3864,DR_primary
37,0,C1,12,5078,0.5018,23,0.78713,0.84336,966,3864,DR_primary
37,0,C2,12,5086,0.5026,23,0.78695,0.8434,966,3864,DR_primary
37,0,C3,12,5086,0.5026,23,0.78695,0.8434,966,3864,DR_primary
37,0,C0,13,4618,0.4564,23,0.78739,0.84356,966,3864,DR_primary
37,0,C1,13,5086,0.5026,23,0.78762,0.84368,966,3864,DR_primary
37,0,C2,13,5100,0.504,23,0.78723,0.84346,966,3864,DR_primary
37,0,C3,13,5100,0.504,23,0.78723,0.84346,966,3864,DR_primary
37,0,C0,14,4582,0.4528,23,0.78761,0.84366,966,3864,DR_primary
37,0,C1,14,5063,0.5003,23,0.78757,0.84372,966,3864,DR_primary
37,0,C2,14,5040,0.4981,23,0.78738,0.84359,966,3864,DR_primary
37,0,C3,14,5040,0.4981,23,0.78738,0.84359,966,3864,DR_primary
37,0,C0,15,4591,0.4537,23,0.78673,0.84287,966,3864,DR_primary
37,0,C1,15,5012,0.4953,23,0.78657,0.84278,966,3864,DR_primary
37,0,C2,15,5035,0.4976,23,0.78656,0.84293,966,3864,DR_primary
37,0,C3,15,5035,0.4976,23,0.78656,0.84293,966,3864,DR_primary
37,0,C0,16,4599,0.4545,23,0.78685,0.84287,966,3864,DR_primary
37,0,C1,16,5073,0.5013,23,0.78687,0.84304,966,3864,DR_primary
37,0,C2,16,5061,0.5001,23,0.78698,0.84328,966,3864,DR_primary
37,0,C3,16,5061,0.5001,23,0.78698,0.84328,966,3864,DR_primary
37,0,C0,17,4506,0.4453,23,0.78705,0.84315,966,3864,DR_primary
37,0,C1,17,4970,0.4912,23,0.78653,0.84282,966,3864,DR_primary
37,0,C2,17,4991,0.4932,23,0.78661,0.84292,966,3864,DR_primary
37,0,C3,17,4991,0.4932,23,0.78661,0.84292,966,3864,DR_primary
37,0,C0,18,4518,0.4465,23,0.78654,0.8429,966,3864,DR_primary
37,0,C1,18,5003,0.4944,23,0.78664,0.84301,966,3864,DR_primary
37,0,C2,18,4974,0.4916,23,0.78669,0.8432,966,3864,DR_primary
37,0,C3,18,4974,0.4916,23,0.78669,0.8432,966,3864,DR_primary
37,0,C0,19,4599,0.4545,23,0.78674,0.84304,966,3864,DR_primary
37,0,C1,19,5066,0.5006,23,0.78655,0.84285,966,3864,DR_primary
37,0,C2,19,5074,0.5014,23,0.78624,0.84276,966,3864,DR_primary
37,0,C3,19,5074,0.5014,23,0.78624,0.84276,966,3864,DR_primary
37,0,C0,20,4658,0.4603,23,0.78784,0.8443,966,3864,DR_primary
37,0,C1,20,5109,0.5049,23,0.78746,0.84368,966,3864,DR_primary
37,0,C2,20,5127,0.5067,23,0.78751,0.84383,966,3864,DR_primary
37,0,C3,20,5127,0.5067,23,0.78751,0.84383,966,3864,DR_primary
37,0,C0,21,4618,0.4564,23,0.78704,0.84351,966,3864,DR_primary
37,0,C1,21,5077,0.5017,23,0.78707,0.84354,966,3864,DR_primary
37,0,C2,21,5057,0.4998,23,0.78716,0.84355,966,3864,DR_primary
37,0,C3,21,5057,0.4998,23,0.78716,0.84355,966,3864,DR_primary
37,0,C0,22,4670,0.4615,23,0.78775,0.84368,966,3864,DR_primary
37,0,C1,22,5089,0.5029,23,0.7877,0.84366,966,3864,DR_primary
37,0,C2,22,5115,0.5055,23,0.78736,0.84351,966,3864,DR_primary
37,0,C3,22,5115,0.5055,23,0.78736,0.84351,966,3864,DR_primary
37,0,C0,23,4542,0.4489,23,0.78667,0.84323,966,3864,DR_primary
37,0,C1,23,5009,0.495,23,0.78645,0.84303,966,3864,DR_primary
37,0,C2,23,5001,0.4942,23,0.78641,0.84301,966,3864,DR_primary
37,0,C3,23,5001,0.4942,23,0.78641,0.84301,966,3864,DR_primary
37,0,C0,24,4563,0.4509,23,0.78741,0.84374,966,3864,DR_primary
37,0,C1,24,5054,0.4995,23,0.78721,0.8435,966,3864,DR_primary
37,0,C2,24,5023,0.4964,23,0.78716,0.84345,966,3864,DR_primary
37,0,C3,24,5023,0.4964,23,0.78716,0.84345,966,3864,DR_primary
37,0,C0,25,4610,0.4556,23,0.78708,0.84321,966,3864,DR_primary
37,0,C1,25,5037,0.4978,23,0.78662,0.84292,966,3864,DR_primary
37,0,C2,25,5050,0.4991,23,0.78703,0.84325,966,3864,DR_primary
37,0,C3,25,5050,0.4991,23,0.78703,0.84325,966,3864,DR_primary
37,0,C0,26,4570,0.4516,23,0.78708,0.8433,966,3864,DR_primary
37,0,C1,26,5007,0.4948,23,0.78701,0.84329,966,3864,DR_primary
37,0,C2,26,5017,0.4958,23,0.7867,0.84317,966,3864,DR_primary
37,0,C3,26,5017,0.4958,23,0.7867,0.84317,966,3864,DR_primary
37,0,C0,27,4615,0.4561,23,0.78684,0.84329,966,3864,DR_primary
37,0,C1,27,5077,0.5017,23,0.78685,0.8432,966,3864,DR_primary
37,0,C2,27,5090,0.503,23,0.78674,0.84323,966,3864,DR_primary
37,0,C3,27,5090,0.503,23,0.78674,0.84323,966,3864,DR_primary
37,0,C0,28,4570,0.4516,23,0.78705,0.84292,966,3864,DR_primary
37,0,C1,28,5035,0.4976,23,0.78678,0.84279,966,3864,DR_primary
37,0,C2,28,5052,0.4993,23,0.78686,0.84291,966,3864,DR_primary
37,0,C3,28,5052,0.4993,23,0.78686,0.84291,966,3864,DR_primary
37,0,C0,29,4515,0.4462,23,0.78781,0.84361,966,3864,DR_primary
37,0,C1,29,4983,0.4924,23,0.78777,0.8435,966,3864,DR_primary
37,0,C2,29,5004,0.4945,23,0.7875,0.84335,966,3864,DR_primary
37,0,C3,29,5004,0.4945,23,0.7875,0.84335,966,3864,DR_primary
37,0,C0,30,4594,0.454,23,0.78704,0.84319,966,3864,DR_primary
37,0,C1,30,5038,0.4979,23,0.78718,0.84324,966,3864,DR_primary
37,0,C2,30,5034,0.4975,23,0.7871,0.84325,966,3864,DR_primary
37,0,C3,30,5034,0.4975,23,0.7871,0.84325,966,3864,DR_primary
37,1,C0,1,4608,0.4554,23,0.78794,0.84344,966,3864,DR_primary
37,1,C1,1,5091,0.5031,23,0.78776,0.84332,966,3864,DR_primary
37,1,C2,1,5102,0.5042,23,0.78786,0.8435,966,3864,DR_primary
37,1,C3,1,5102,0.5042,23,0.78786,0.8435,966,3864,DR_primary
37,1,C0,2,4642,0.4587,23,0.78779,0.84365,966,3864,DR_primary
37,1,C1,2,5113,0.5053,23,0.78771,0.84351,966,3864,DR_primary
37,1,C2,2,5109,0.5049,23,0.78761,0.84349,966,3864,DR_primary
37,1,C3,2,5109,0.5049,23,0.78761,0.84349,966,3864,DR_primary
37,1,C0,3,4588,0.4534,23,0.78681,0.84294,966,3864,DR_primary
37,1,C1,3,5051,0.4992,23,0.78644,0.84279,966,3864,DR_primary
37,1,C2,3,5030,0.4971,23,0.78638,0.84282,966,3864,DR_primary
37,1,C3,3,5030,0.4971,23,0.78638,0.84282,966,3864,DR_primary
37,1,C0,4,4600,0.4546,23,0.7873,0.8434,966,3864,DR_primary
37,1,C1,4,5070,0.501,23,0.78732,0.84331,966,3864,DR_primary
37,1,C2,4,5049,0.499,23,0.78708,0.84321,966,3864,DR_primary
37,1,C3,4,5049,0.499,23,0.78708,0.84321,966,3864,DR_primary
37,1,C0,5,4622,0.4568,23,0.78682,0.84319,966,3864,DR_primary
37,1,C1,5,5073,0.5013,23,0.78692,0.84316,966,3864,DR_primary
37,1,C2,5,5071,0.5011,23,0.78674,0.84312,966,3864,DR_primary
37,1,C3,5,5071,0.5011,23,0.78674,0.84312,966,3864,DR_primary
37,1,C0,6,4650,0.4595,23,0.78666,0.84293,966,3864,DR_primary
37,1,C1,6,5148,0.5087,23,0.7868,0.84294,966,3864,DR_primary
37,1,C2,6,5114,0.5054,23,0.7863,0.84273,966,3864,DR_primary
37,1,C3,6,5114,0.5054,23,0.7863,0.84273,966,3864,DR_primary
37,1,C0,7,4587,0.4533,23,0.78684,0.84327,966,3864,DR_primary
37,1,C1,7,5052,0.4993,23,0.78703,0.84333,966,3864,DR_primary
37,1,C2,7,5032,0.4973,23,0.7869,0.84324,966,3864,DR_primary
37,1,C3,7,5032,0.4973,23,0.7869,0.84324,966,3864,DR_primary
37,1,C0,8,4514,0.4461,23,0.78583,0.84207,966,3864,DR_primary
37,1,C1,8,5008,0.4949,23,0.78593,0.84208,966,3864,DR_primary
37,1,C2,8,5013,0.4954,23,0.78606,0.84236,966,3864,DR_primary
37,1,C3,8,5013,0.4954,23,0.78606,0.84236,966,3864,DR_primary
37,1,C0,9,4556,0.4502,23,0.78654,0.84286,966,3864,DR_primary
37,1,C1,9,4984,0.4925,23,0.78629,0.84273,966,3864,DR_primary
37,1,C2,9,5010,0.4951,23,0.78637,0.84284,966,3864,DR_primary
37,1,C3,9,5010,0.4951,23,0.78637,0.84284,966,3864,DR_primary
37,1,C0,10,4492,0.4439,23,0.78639,0.84314,966,3864,DR_primary
37,1,C1,10,4958,0.49,23,0.78657,0.84315,966,3864,DR_primary
37,1,C2,10,4936,0.4878,23,0.78631,0.84318,966,3864,DR_primary
37,1,C3,10,4936,0.4878,23,0.78631,0.84318,966,3864,DR_primary
37,1,C0,11,4541,0.4488,23,0.78603,0.84266,966,3864,DR_primary
37,1,C1,11,5018,0.4959,23,0.7865,0.84303,966,3864,DR_primary
37,1,C2,11,5036,0.4977,23,0.78644,0.84302,966,3864,DR_primary
37,1,C3,11,5036,0.4977,23,0.78644,0.84302,966,3864,DR_primary
37,1,C0,12,4494,0.4441,23,0.78671,0.84301,966,3864,DR_primary
37,1,C1,12,4941,0.4883,23,0.78696,0.84317,966,3864,DR_primary
37,1,C2,12,4955,0.4897,23,0.78678,0.84322,966,3864,DR_primary
37,1,C3,12,4955,0.4897,23,0.78678,0.84322,966,3864,DR_primary
37,1,C0,13,4608,0.4554,23,0.78642,0.84272,966,3864,DR_primary
37,1,C1,13,5039,0.498,23,0.7863,0.84268,966,3864,DR_primary
37,1,C2,13,5038,0.4979,23,0.78645,0.84283,966,3864,DR_primary
37,1,C3,13,5038,0.4979,23,0.78645,0.84283,966,3864,DR_primary
37,1,C0,14,4631,0.4577,23,0.78633,0.84251,966,3864,DR_primary
37,1,C1,14,5061,0.5001,23,0.78637,0.84257,966,3864,DR_primary
37,1,C2,14,5082,0.5022,23,0.78623,0.8425,966,3864,DR_primary
37,1,C3,14,5082,0.5022,23,0.78623,0.8425,966,3864,DR_primary
37,1,C0,15,4581,0.4527,23,0.78703,0.84348,966,3864,DR_primary
37,1,C1,15,5041,0.4982,23,0.78705,0.84344,966,3864,DR_primary
37,1,C2,15,5025,0.4966,23,0.78675,0.84329,966,3864,DR_primary
37,1,C3,15,5025,0.4966,23,0.78675,0.84329,966,3864,DR_primary
37,1,C0,16,4524,0.4471,23,0.78716,0.84339,966,3864,DR_primary
37,1,C1,16,4988,0.4929,23,0.78688,0.84308,966,3864,DR_primary
37,1,C2,16,4981,0.4922,23,0.78687,0.84311,966,3864,DR_primary
37,1,C3,16,4981,0.4922,23,0.78687,0.84311,966,3864,DR_primary
37,1,C0,17,4595,0.4541,23,0.78717,0.84316,966,3864,DR_primary
37,1,C1,17,5045,0.4986,23,0.78734,0.84344,966,3864,DR_primary
37,1,C2,17,5047,0.4988,23,0.78722,0.84341,966,3864,DR_primary
37,1,C3,17,5047,0.4988,23,0.78722,0.84341,966,3864,DR_primary
37,1,C0,18,4559,0.4505,23,0.78632,0.84267,966,3864,DR_primary
37,1,C1,18,5024,0.4965,23,0.78607,0.84241,966,3864,DR_primary
37,1,C2,18,5062,0.5002,23,0.78632,0.84264,966,3864,DR_primary
37,1,C3,18,5062,0.5002,23,0.78632,0.84264,966,3864,DR_primary
37,1,C0,19,4521,0.4468,23,0.78833,0.84423,966,3864,DR_primary
37,1,C1,19,4981,0.4922,23,0.78786,0.84399,966,3864,DR_primary
37,1,C2,19,4978,0.4919,23,0.788,0.84412,966,3864,DR_primary
37,1,C3,19,4978,0.4919,23,0.788,0.84412,966,3864,DR_primary
37,1,C0,20,4619,0.4565,23,0.78752,0.84397,966,3864,DR_primary
37,1,C1,20,5078,0.5018,23,0.78757,0.84406,966,3864,DR_primary
37,1,C2,20,5044,0.4985,23,0.78742,0.84404,966,3864,DR_primary
37,1,C3,20,5044,0.4985,23,0.78742,0.84404,966,3864,DR_primary
37,1,C0,21,4631,0.4577,23,0.78675,0.84264,966,3864,DR_primary
37,1,C1,21,5089,0.5029,23,0.78667,0.84256,966,3864,DR_primary
37,1,C2,21,5082,0.5022,23,0.78667,0.8426,966,3864,DR_primary
37,1,C3,21,5082,0.5022,23,0.78667,0.8426,966,3864,DR_primary
37,1,C0,22,4662,0.4607,23,0.78741,0.84336,966,3864,DR_primary
37,1,C1,22,5127,0.5067,23,0.78738,0.84332,966,3864,DR_primary
37,1,C2,22,5113,0.5053,23,0.78709,0.84326,966,3864,DR_primary
37,1,C3,22,5113,0.5053,23,0.78709,0.84326,966,3864,DR_primary
37,1,C0,23,4554,0.45,23,0.78751,0.84349,966,3864,DR_primary
37,1,C1,23,5005,0.4946,23,0.78755,0.84346,966,3864,DR_primary
37,1,C2,23,5024,0.4965,23,0.78746,0.84349,966,3864,DR_primary
37,1,C3,23,5024,0.4965,23,0.78746,0.84349,966,3864,DR_primary
37,1,C0,24,4713,0.4658,23,0.78766,0.84345,966,3864,DR_primary
37,1,C1,24,5127,0.5067,23,0.78739,0.84322,966,3864,DR_primary
37,1,C2,24,5132,0.5072,23,0.78732,0.84331,966,3864,DR_primary
37,1,C3,24,5132,0.5072,23,0.78732,0.84331,966,3864,DR_primary
37,1,C0,25,4584,0.453,23,0.78694,0.84279,966,3864,DR_primary
37,1,C1,25,5080,0.502,23,0.7867,0.84274,966,3864,DR_primary
37,1,C2,25,5086,0.5026,23,0.78667,0.84278,966,3864,DR_primary
37,1,C3,25,5086,0.5026,23,0.78667,0.84278,966,3864,DR_primary
37,1,C0,26,4605,0.4551,23,0.78711,0.84367,966,3864,DR_primary
37,1,C1,26,5064,0.5004,23,0.78688,0.84352,966,3864,DR_primary
37,1,C2,26,5037,0.4978,23,0.78696,0.84371,966,3864,DR_primary
37,1,C3,26,5037,0.4978,23,0.78696,0.84371,966,3864,DR_primary
37,1,C0,27,4667,0.4612,23,0.78719,0.84339,966,3864,DR_primary
37,1,C1,27,5139,0.5079,23,0.78703,0.84328,966,3864,DR_primary
37,1,C2,27,5135,0.5075,23,0.78707,0.84325,966,3864,DR_primary
37,1,C3,27,5135,0.5075,23,0.78707,0.84325,966,3864,DR_primary
37,1,C0,28,4679,0.4624,23,0.7875,0.84335,966,3864,DR_primary
37,1,C1,28,5162,0.5101,23,0.7871,0.84336,966,3864,DR_primary
37,1,C2,28,5140,0.508,23,0.78716,0.84346,966,3864,DR_primary
37,1,C3,28,5140,0.508,23,0.78716,0.84346,966,3864,DR_primary
37,1,C0,29,4550,0.4496,23,0.78748,0.84342,966,3864,DR_primary
37,1,C1,29,5020,0.4961,23,0.78735,0.8435,966,3864,DR_primary
37,1,C2,29,5014,0.4955,23,0.78736,0.84371,966,3864,DR_primary
37,1,C3,29,5014,0.4955,23,0.78736,0.84371,966,3864,DR_primary
37,1,C0,30,4578,0.4524,23,0.78724,0.84356,966,3864,DR_primary
37,1,C1,30,5043,0.4984,23,0.78704,0.84341,966,3864,DR_primary
37,1,C2,30,5025,0.4966,23,0.78705,0.84338,966,3864,DR_primary
37,1,C3,30,5025,0.4966,23,0.78705,0.84338,966,3864,DR_primary
37,2,C0,1,4478,0.4425,23,0.78584,0.84258,966,3864,DR_primary
37,2,C1,1,4988,0.4929,23,0.78617,0.84273,966,3864,DR_primary
37,2,C2,1,4975,0.4916,23,0.78601,0.84269,966,3864,DR_primary
37,2,C3,1,4975,0.4916,23,0.78601,0.84269,966,3864,DR_primary
37,2,C0,2,4627,0.4573,23,0.78633,0.84307,966,3864,DR_primary
37,2,C1,2,5113,0.5053,23,0.78661,0.84329,966,3864,DR_primary
37,2,C2,2,5080,0.502,23,0.78676,0.84337,966,3864,DR_primary
37,2,C3,2,5080,0.502,23,0.78676,0.84337,966,3864,DR_primary
37,2,C0,3,4586,0.4532,23,0.78633,0.84266,966,3864,DR_primary
37,2,C1,3,5040,0.4981,23,0.78625,0.84266,966,3864,DR_primary
37,2,C2,3,5020,0.4961,23,0.78634,0.8428,966,3864,DR_primary
37,2,C3,3,5020,0.4961,23,0.78634,0.8428,966,3864,DR_primary
37,2,C0,4,4561,0.4507,23,0.78717,0.84326,966,3864,DR_primary
37,2,C1,4,5037,0.4978,23,0.78736,0.8433,966,3864,DR_primary
37,2,C2,4,5016,0.4957,23,0.78735,0.84343,966,3864,DR_primary
37,2,C3,4,5016,0.4957,23,0.78735,0.84343,966,3864,DR_primary
37,2,C0,5,4637,0.4582,23,0.78619,0.84321,966,3864,DR_primary
37,2,C1,5,5097,0.5037,23,0.78638,0.84333,966,3864,DR_primary
37,2,C2,5,5105,0.5045,23,0.78601,0.84308,966,3864,DR_primary
37,2,C3,5,5105,0.5045,23,0.78601,0.84308,966,3864,DR_primary
37,2,C0,6,4617,0.4563,23,0.78569,0.84212,966,3864,DR_primary
37,2,C1,6,5067,0.5007,23,0.78582,0.84227,966,3864,DR_primary
37,2,C2,6,5083,0.5023,23,0.78577,0.84236,966,3864,DR_primary
37,2,C3,6,5083,0.5023,23,0.78577,0.84236,966,3864,DR_primary
37,2,C0,7,4476,0.4423,23,0.78707,0.84348,966,3864,DR_primary
37,2,C1,7,4920,0.4862,23,0.78681,0.84335,966,3864,DR_primary
37,2,C2,7,4937,0.4879,23,0.78683,0.84341,966,3864,DR_primary
37,2,C3,7,4937,0.4879,23,0.78683,0.84341,966,3864,DR_primary
37,2,C0,8,4690,0.4635,23,0.78675,0.84301,966,3864,DR_primary
37,2,C1,8,5124,0.5064,23,0.78701,0.84323,966,3864,DR_primary
37,2,C2,8,5155,0.5094,23,0.78688,0.84316,966,3864,DR_primary
37,2,C3,8,5155,0.5094,23,0.78688,0.84316,966,3864,DR_primary
37,2,C0,9,4597,0.4543,23,0.78737,0.84352,966,3864,DR_primary
37,2,C1,9,5028,0.4969,23,0.78756,0.84364,966,3864,DR_primary
37,2,C2,9,5023,0.4964,23,0.78725,0.84343,966,3864,DR_primary
37,2,C3,9,5023,0.4964,23,0.78725,0.84343,966,3864,DR_primary
37,2,C0,10,4546,0.4493,23,0.787,0.84291,966,3864,DR_primary
37,2,C1,10,4995,0.4936,23,0.78716,0.8431,966,3864,DR_primary
37,2,C2,10,4996,0.4937,23,0.78694,0.84313,966,3864,DR_primary
37,2,C3,10,4996,0.4937,23,0.78694,0.84313,966,3864,DR_primary
37,2,C0,11,4610,0.4556,23,0.78751,0.84385,966,3864,DR_primary
37,2,C1,11,5045,0.4986,23,0.78729,0.84383,966,3864,DR_primary
37,2,C2,11,5062,0.5002,23,0.7875,0.84393,966,3864,DR_primary
37,2,C3,11,5062,0.5002,23,0.7875,0.84393,966,3864,DR_primary
37,2,C0,12,4617,0.4563,23,0.78791,0.84412,966,3864,DR_primary
37,2,C1,12,5054,0.4995,23,0.7876,0.84394,966,3864,DR_primary
37,2,C2,12,5067,0.5007,23,0.7876,0.84389,966,3864,DR_primary
37,2,C3,12,5067,0.5007,23,0.7876,0.84389,966,3864,DR_primary
37,2,C0,13,4612,0.4558,23,0.78775,0.84347,966,3864,DR_primary
37,2,C1,13,5089,0.5029,23,0.78778,0.84361,966,3864,DR_primary
37,2,C2,13,5076,0.5016,23,0.78766,0.84372,966,3864,DR_primary
37,2,C3,13,5076,0.5016,23,0.78766,0.84372,966,3864,DR_primary
37,2,C0,14,4602,0.4548,23,0.7871,0.84322,966,3864,DR_primary
37,2,C1,14,5065,0.5005,23,0.7873,0.84327,966,3864,DR_primary
37,2,C2,14,5067,0.5007,23,0.78714,0.8433,966,3864,DR_primary
37,2,C3,14,5067,0.5007,23,0.78714,0.8433,966,3864,DR_primary
37,2,C0,15,4580,0.4526,23,0.7874,0.84352,966,3864,DR_primary
37,2,C1,15,5040,0.4981,23,0.7873,0.84338,966,3864,DR_primary
37,2,C2,15,5047,0.4988,23,0.78714,0.84342,966,3864,DR_primary
37,2,C3,15,5047,0.4988,23,0.78714,0.84342,966,3864,DR_primary
37,2,C0,16,4567,0.4513,23,0.78648,0.84284,966,3864,DR_primary
37,2,C1,16,5005,0.4946,23,0.78654,0.84284,966,3864,DR_primary
37,2,C2,16,5007,0.4948,23,0.78639,0.84289,966,3864,DR_primary
37,2,C3,16,5007,0.4948,23,0.78639,0.84289,966,3864,DR_primary
37,2,C0,17,4591,0.4537,23,0.7873,0.84331,966,3864,DR_primary
37,2,C1,17,5076,0.5016,23,0.78736,0.84357,966,3864,DR_primary
37,2,C2,17,5067,0.5007,23,0.78725,0.84366,966,3864,DR_primary
37,2,C3,17,5067,0.5007,23,0.78725,0.84366,966,3864,DR_primary
37,2,C0,18,4604,0.455,23,0.78786,0.84397,966,3864,DR_primary
37,2,C1,18,5075,0.5015,23,0.78763,0.84379,966,3864,DR_primary
37,2,C2,18,5079,0.5019,23,0.78779,0.84395,966,3864,DR_primary
37,2,C3,18,5079,0.5019,23,0.78779,0.84395,966,3864,DR_primary
37,2,C0,19,4631,0.4577,23,0.78776,0.84359,966,3864,DR_primary
37,2,C1,19,5063,0.5003,23,0.78793,0.84374,966,3864,DR_primary
37,2,C2,19,5057,0.4998,23,0.78772,0.84381,966,3864,DR_primary
37,2,C3,19,5057,0.4998,23,0.78772,0.84381,966,3864,DR_primary
37,2,C0,20,4481,0.4428,23,0.78658,0.84296,966,3864,DR_primary
37,2,C1,20,4953,0.4895,23,0.7866,0.84303,966,3864,DR_primary
37,2,C2,20,4957,0.4899,23,0.78638,0.84302,966,3864,DR_primary
37,2,C3,20,4957,0.4899,23,0.78638,0.84302,966,3864,DR_primary
37,2,C0,21,4623,0.4569,23,0.78672,0.84292,966,3864,DR_primary
37,2,C1,21,5080,0.502,23,0.78711,0.84328,966,3864,DR_primary
37,2,C2,21,5077,0.5017,23,0.78665,0.84299,966,3864,DR_primary
37,2,C3,21,5077,0.5017,23,0.78665,0.84299,966,3864,DR_primary
37,2,C0,22,4648,0.4593,23,0.78752,0.84338,966,3864,DR_primary
37,2,C1,22,5133,0.5073,23,0.78749,0.84337,966,3864,DR_primary
37,2,C2,22,5102,0.5042,23,0.78749,0.84354,966,3864,DR_primary
37,2,C3,22,5102,0.5042,23,0.78749,0.84354,966,3864,DR_primary
37,2,C0,23,4557,0.4503,23,0.78688,0.84295,966,3864,DR_primary
37,2,C1,23,5015,0.4956,23,0.78711,0.84316,966,3864,DR_primary
37,2,C2,23,5034,0.4975,23,0.787,0.84309,966,3864,DR_primary
37,2,C3,23,5034,0.4975,23,0.787,0.84309,966,3864,DR_primary
37,2,C0,24,4630,0.4576,23,0.78623,0.84254,966,3864,DR_primary
37,2,C1,24,5059,0.5,23,0.78613,0.84259,966,3864,DR_primary
37,2,C2,24,5079,0.5019,23,0.78604,0.84252,966,3864,DR_primary
37,2,C3,24,5079,0.5019,23,0.78604,0.84252,966,3864,DR_primary
37,2,C0,25,4639,0.4584,23,0.78734,0.84349,966,3864,DR_primary
37,2,C1,25,5121,0.5061,23,0.78753,0.84358,966,3864,DR_primary
37,2,C2,25,5102,0.5042,23,0.78727,0.84359,966,3864,DR_primary
37,2,C3,25,5102,0.5042,23,0.78727,0.84359,966,3864,DR_primary
37,2,C0,26,4567,0.4513,23,0.78715,0.84314,966,3864,DR_primary
37,2,C1,26,5049,0.499,23,0.78665,0.84281,966,3864,DR_primary
37,2,C2,26,5048,0.4989,23,0.78678,0.84294,966,3864,DR_primary
37,2,C3,26,5048,0.4989,23,0.78678,0.84294,966,3864,DR_primary
37,2,C0,27,4456,0.4404,23,0.78742,0.84384,966,3864,DR_primary
37,2,C1,27,4950,0.4892,23,0.7872,0.84358,966,3864,DR_primary
37,2,C2,27,4944,0.4886,23,0.78694,0.84359,966,3864,DR_primary
37,2,C3,27,4944,0.4886,23,0.78694,0.84359,966,3864,DR_primary
37,2,C0,28,4608,0.4554,23,0.78668,0.84314,966,3864,DR_primary
37,2,C1,28,5094,0.5034,23,0.78653,0.84303,966,3864,DR_primary
37,2,C2,28,5085,0.5025,23,0.78675,0.84339,966,3864,DR_primary
37,2,C3,28,5085,0.5025,23,0.78675,0.84339,966,3864,DR_primary
37,2,C0,29,4623,0.4569,23,0.78752,0.84371,966,3864,DR_primary
37,2,C1,29,5088,0.5028,23,0.78744,0.84368,966,3864,DR_primary
37,2,C2,29,5087,0.5027,23,0.78718,0.8435,966,3864,DR_primary
37,2,C3,29,5087,0.5027,23,0.78718,0.8435,966,3864,DR_primary
37,2,C0,30,4589,0.4535,23,0.78657,0.84271,966,3864,DR_primary
37,2,C1,30,5001,0.4942,23,0.78649,0.8427,966,3864,DR_primary
37,2,C2,30,5007,0.4948,23,0.78636,0.84273,966,3864,DR_primary
37,2,C3,30,5007,0.4948,23,0.78636,0.84273,966,3864,DR_primary
37,3,C0,1,4599,0.4545,23,0.786,0.84295,966,3864,DR_primary
37,3,C1,1,5025,0.4966,23,0.78613,0.84288,966,3864,DR_primary
37,3,C2,1,5059,0.5,23,0.78635,0.84303,966,3864,DR_primary
37,3,C3,1,5059,0.5,23,0.78635,0.84303,966,3864,DR_primary
37,3,C0,2,4607,0.4553,23,0.78645,0.8427,966,3864,DR_primary
37,3,C1,2,5052,0.4993,23,0.78674,0.84275,966,3864,DR_primary
37,3,C2,2,5050,0.4991,23,0.78634,0.84261,966,3864,DR_primary
37,3,C3,2,5050,0.4991,23,0.78634,0.84261,966,3864,DR_primary
37,3,C0,3,4582,0.4528,23,0.78651,0.8427,966,3864,DR_primary
37,3,C1,3,5058,0.4999,23,0.78661,0.84257,966,3864,DR_primary
37,3,C2,3,5049,0.499,23,0.78662,0.84272,966,3864,DR_primary
37,3,C3,3,5049,0.499,23,0.78662,0.84272,966,3864,DR_primary
37,3,C0,4,4608,0.4554,23,0.78708,0.84318,966,3864,DR_primary
37,3,C1,4,5057,0.4998,23,0.78706,0.84312,966,3864,DR_primary
37,3,C2,4,5045,0.4986,23,0.78685,0.84307,966,3864,DR_primary
37,3,C3,4,5045,0.4986,23,0.78685,0.84307,966,3864,DR_primary
37,3,C0,5,4590,0.4536,23,0.78674,0.8428,966,3864,DR_primary
37,3,C1,5,5062,0.5002,23,0.78687,0.84319,966,3864,DR_primary
37,3,C2,5,5049,0.499,23,0.78664,0.84293,966,3864,DR_primary
37,3,C3,5,5049,0.499,23,0.78664,0.84293,966,3864,DR_primary
37,3,C0,6,4516,0.4463,23,0.787,0.84356,966,3864,DR_primary
37,3,C1,6,4955,0.4897,23,0.78704,0.84355,966,3864,DR_primary
37,3,C2,6,4933,0.4875,23,0.78705,0.84369,966,3864,DR_primary
37,3,C3,6,4933,0.4875,23,0.78705,0.84369,966,3864,DR_primary
37,3,C0,7,4683,0.4628,23,0.78685,0.84267,966,3864,DR_primary
37,3,C1,7,5158,0.5097,23,0.78681,0.84281,966,3864,DR_primary
37,3,C2,7,5122,0.5062,23,0.78686,0.84303,966,3864,DR_primary
37,3,C3,7,5122,0.5062,23,0.78686,0.84303,966,3864,DR_primary
37,3,C0,8,4627,0.4573,23,0.78757,0.84352,966,3864,DR_primary
37,3,C1,8,5049,0.499,23,0.78746,0.84333,966,3864,DR_primary
37,3,C2,8,5074,0.5014,23,0.78719,0.84321,966,3864,DR_primary
37,3,C3,8,5074,0.5014,23,0.78719,0.84321,966,3864,DR_primary
37,3,C0,9,4574,0.452,23,0.78636,0.84295,966,3864,DR_primary
37,3,C1,9,5037,0.4978,23,0.78666,0.84312,966,3864,DR_primary
37,3,C2,9,5032,0.4973,23,0.78653,0.84312,966,3864,DR_primary
37,3,C3,9,5032,0.4973,23,0.78653,0.84312,966,3864,DR_primary
37,3,C0,10,4533,0.448,23,0.78745,0.84339,966,3864,DR_primary
37,3,C1,10,4978,0.4919,23,0.78761,0.84349,966,3864,DR_primary
37,3,C2,10,4969,0.4911,23,0.78723,0.84342,966,3864,DR_primary
37,3,C3,10,4969,0.4911,23,0.78723,0.84342,966,3864,DR_primary
37,3,C0,11,4668,0.4613,23,0.78624,0.84278,966,3864,DR_primary
37,3,C1,11,5097,0.5037,23,0.78642,0.84293,966,3864,DR_primary
37,3,C2,11,5115,0.5055,23,0.78617,0.84278,966,3864,DR_primary
37,3,C3,11,5115,0.5055,23,0.78617,0.84278,966,3864,DR_primary
37,3,C0,12,4597,0.4543,23,0.78783,0.84411,966,3864,DR_primary
37,3,C1,12,5061,0.5001,23,0.78748,0.84366,966,3864,DR_primary
37,3,C2,12,5055,0.4996,23,0.78749,0.84364,966,3864,DR_primary
37,3,C3,12,5055,0.4996,23,0.78749,0.84364,966,3864,DR_primary
37,3,C0,13,4604,0.455,23,0.78746,0.84306,966,3864,DR_primary
37,3,C1,13,5072,0.5012,23,0.78771,0.84334,966,3864,DR_primary
37,3,C2,13,5088,0.5028,23,0.78753,0.84331,966,3864,DR_primary
37,3,C3,13,5088,0.5028,23,0.78753,0.84331,966,3864,DR_primary
37,3,C0,14,4677,0.4622,23,0.78701,0.84354,966,3864,DR_primary
37,3,C1,14,5133,0.5073,23,0.78707,0.84357,966,3864,DR_primary
37,3,C2,14,5130,0.507,23,0.78725,0.84384,966,3864,DR_primary
37,3,C3,14,5130,0.507,23,0.78725,0.84384,966,3864,DR_primary
37,3,C0,15,4634,0.458,23,0.78737,0.84311,966,3864,DR_primary
37,3,C1,15,5081,0.5021,23,0.78714,0.84297,966,3864,DR_primary
37,3,C2,15,5082,0.5022,23,0.78706,0.84295,966,3864,DR_primary
37,3,C3,15,5082,0.5022,23,0.78706,0.84295,966,3864,DR_primary
37,3,C0,16,4558,0.4504,23,0.7872,0.84361,966,3864,DR_primary
37,3,C1,16,5001,0.4942,23,0.78721,0.84344,966,3864,DR_primary
37,3,C2,16,4985,0.4926,23,0.78699,0.84341,966,3864,DR_primary
37,3,C3,16,4985,0.4926,23,0.78699,0.84341,966,3864,DR_primary
37,3,C0,17,4667,0.4612,23,0.78652,0.84292,966,3864,DR_primary
37,3,C1,17,5137,0.5077,23,0.78686,0.84314,966,3864,DR_primary
37,3,C2,17,5158,0.5097,23,0.78652,0.84302,966,3864,DR_primary
37,3,C3,17,5158,0.5097,23,0.78652,0.84302,966,3864,DR_primary
37,3,C0,18,4569,0.4515,23,0.78778,0.84398,966,3864,DR_primary
37,3,C1,18,5025,0.4966,23,0.78759,0.84376,966,3864,DR_primary
37,3,C2,18,5003,0.4944,23,0.78766,0.8439,966,3864,DR_primary
37,3,C3,18,5003,0.4944,23,0.78766,0.8439,966,3864,DR_primary
37,3,C0,19,4601,0.4547,23,0.78774,0.84423,966,3864,DR_primary
37,3,C1,19,5072,0.5012,23,0.78799,0.84449,966,3864,DR_primary
37,3,C2,19,5069,0.5009,23,0.78798,0.84457,966,3864,DR_primary
37,3,C3,19,5069,0.5009,23,0.78798,0.84457,966,3864,DR_primary
37,3,C0,20,4610,0.4556,23,0.78721,0.84336,966,3864,DR_primary
37,3,C1,20,5071,0.5011,23,0.78745,0.84368,966,3864,DR_primary
37,3,C2,20,5090,0.503,23,0.78739,0.84362,966,3864,DR_primary
37,3,C3,20,5090,0.503,23,0.78739,0.84362,966,3864,DR_primary
37,3,C0,21,4528,0.4475,23,0.78787,0.84371,966,3864,DR_primary
37,3,C1,21,5003,0.4944,23,0.78749,0.84343,966,3864,DR_primary
37,3,C2,21,4987,0.4928,23,0.78752,0.84354,966,3864,DR_primary
37,3,C3,21,4987,0.4928,23,0.78752,0.84354,966,3864,DR_primary
37,3,C0,22,4614,0.456,23,0.78642,0.84291,966,3864,DR_primary
37,3,C1,22,5090,0.503,23,0.78632,0.84282,966,3864,DR_primary
37,3,C2,22,5061,0.5001,23,0.78632,0.84291,966,3864,DR_primary
37,3,C3,22,5061,0.5001,23,0.78632,0.84291,966,3864,DR_primary
37,3,C0,23,4494,0.4441,23,0.78623,0.84291,966,3864,DR_primary
37,3,C1,23,4937,0.4879,23,0.78614,0.84276,966,3864,DR_primary
37,3,C2,23,4931,0.4873,23,0.78621,0.84281,966,3864,DR_primary
37,3,C3,23,4931,0.4873,23,0.78621,0.84281,966,3864,DR_primary
37,3,C0,24,4627,0.4573,23,0.7863,0.84251,966,3864,DR_primary
37,3,C1,24,5072,0.5012,23,0.78636,0.84249,966,3864,DR_primary
37,3,C2,24,5070,0.501,23,0.78633,0.84266,966,3864,DR_primary
37,3,C3,24,5070,0.501,23,0.78633,0.84266,966,3864,DR_primary
37,3,C0,25,4599,0.4545,23,0.7864,0.84299,966,3864,DR_primary
37,3,C1,25,5079,0.5019,23,0.7866,0.84313,966,3864,DR_primary
37,3,C2,25,5095,0.5035,23,0.78649,0.84313,966,3864,DR_primary
37,3,C3,25,5095,0.5035,23,0.78649,0.84313,966,3864,DR_primary
37,3,C0,26,4659,0.4604,23,0.78711,0.84345,966,3864,DR_primary
37,3,C1,26,5113,0.5053,23,0.78717,0.84334,966,3864,DR_primary
37,3,C2,26,5141,0.5081,23,0.78711,0.84343,966,3864,DR_primary
37,3,C3,26,5141,0.5081,23,0.78711,0.84343,966,3864,DR_primary
37,3,C0,27,4580,0.4526,23,0.78759,0.84384,966,3864,DR_primary
37,3,C1,27,5049,0.499,23,0.78753,0.84366,966,3864,DR_primary
37,3,C2,27,5049,0.499,23,0.78724,0.84363,966,3864,DR_primary
37,3,C3,27,5049,0.499,23,0.78724,0.84363,966,3864,DR_primary
37,3,C0,28,4554,0.45,23,0.78697,0.84316,966,3864,DR_primary
37,3,C1,28,4993,0.4934,23,0.78659,0.84277,966,3864,DR_primary
37,3,C2,28,5018,0.4959,23,0.78666,0.84286,966,3864,DR_primary
37,3,C3,28,5018,0.4959,23,0.78666,0.84286,966,3864,DR_primary
37,3,C0,29,4652,0.4597,23,0.78702,0.84375,966,3864,DR_primary
37,3,C1,29,5094,0.5034,23,0.78703,0.84363,966,3864,DR_primary
37,3,C2,29,5122,0.5062,23,0.78703,0.84366,966,3864,DR_primary
37,3,C3,29,5122,0.5062,23,0.78703,0.84366,966,3864,DR_primary
37,3,C0,30,4582,0.4528,23,0.78717,0.84368,966,3864,DR_primary
37,3,C1,30,5068,0.5008,23,0.78712,0.84356,966,3864,DR_primary
37,3,C2,30,5039,0.498,23,0.78695,0.84345,966,3864,DR_primary
37,3,C3,30,5039,0.498,23,0.78695,0.84345,966,3864,DR_primary
37,4,C0,1,4572,0.4518,23,0.78692,0.8428,966,3864,DR_primary
37,4,C1,1,5009,0.495,23,0.78704,0.84297,966,3864,DR_primary
37,4,C2,1,5019,0.496,23,0.78716,0.84313,966,3864,DR_primary
37,4,C3,1,5019,0.496,23,0.78716,0.84313,966,3864,DR_primary
37,4,C0,2,4556,0.4502,23,0.78729,0.84354,966,3864,DR_primary
37,4,C1,2,5058,0.4999,23,0.78726,0.84342,966,3864,DR_primary
37,4,C2,2,5059,0.5,23,0.78727,0.84354,966,3864,DR_primary
37,4,C3,2,5059,0.5,23,0.78727,0.84354,966,3864,DR_primary
37,4,C0,3,4629,0.4575,23,0.7868,0.84296,966,3864,DR_primary
37,4,C1,3,5103,0.5043,23,0.78698,0.84319,966,3864,DR_primary
37,4,C2,3,5096,0.5036,23,0.78686,0.8432,966,3864,DR_primary
37,4,C3,3,5096,0.5036,23,0.78686,0.8432,966,3864,DR_primary
37,4,C0,4,4620,0.4566,23,0.78719,0.84328,966,3864,DR_primary
37,4,C1,4,5066,0.5006,23,0.7874,0.8435,966,3864,DR_primary
37,4,C2,4,5088,0.5028,23,0.78713,0.84335,966,3864,DR_primary
37,4,C3,4,5088,0.5028,23,0.78713,0.84335,966,3864,DR_primary
37,4,C0,5,4561,0.4507,23,0.78684,0.84296,966,3864,DR_primary
37,4,C1,5,5014,0.4955,23,0.78686,0.84296,966,3864,DR_primary
37,4,C2,5,4997,0.4938,23,0.78677,0.84299,966,3864,DR_primary
37,4,C3,5,4997,0.4938,23,0.78677,0.84299,966,3864,DR_primary
37,4,C0,6,4608,0.4554,23,0.78612,0.84251,966,3864,DR_primary
37,4,C1,6,5061,0.5001,23,0.7865,0.84243,966,3864,DR_primary
37,4,C2,6,5047,0.4988,23,0.7861,0.8424,966,3864,DR_primary
37,4,C3,6,5047,0.4988,23,0.7861,0.8424,966,3864,DR_primary
37,4,C0,7,4617,0.4563,23,0.78622,0.8422,966,3864,DR_primary
37,4,C1,7,5075,0.5015,23,0.78638,0.84239,966,3864,DR_primary
37,4,C2,7,5092,0.5032,23,0.78622,0.84242,966,3864,DR_primary
37,4,C3,7,5092,0.5032,23,0.78622,0.84242,966,3864,DR_primary
37,4,C0,8,4681,0.4626,23,0.78754,0.84394,966,3864,DR_primary
37,4,C1,8,5138,0.5078,23,0.78724,0.84361,966,3864,DR_primary
37,4,C2,8,5130,0.507,23,0.78706,0.84348,966,3864,DR_primary
37,4,C3,8,5130,0.507,23,0.78706,0.84348,966,3864,DR_primary
37,4,C0,9,4494,0.4441,23,0.78772,0.84347,966,3864,DR_primary
37,4,C1,9,4946,0.4888,23,0.78756,0.84347,966,3864,DR_primary
37,4,C2,9,4950,0.4892,23,0.78765,0.84352,966,3864,DR_primary
37,4,C3,9,4950,0.4892,23,0.78765,0.84352,966,3864,DR_primary
37,4,C0,10,4581,0.4527,23,0.78678,0.84338,966,3864,DR_primary
37,4,C1,10,5028,0.4969,23,0.78671,0.84336,966,3864,DR_primary
37,4,C2,10,5024,0.4965,23,0.78658,0.8433,966,3864,DR_primary
37,4,C3,10,5024,0.4965,23,0.78658,0.8433,966,3864,DR_primary
37,4,C0,11,4603,0.4549,23,0.78719,0.84326,966,3864,DR_primary
37,4,C1,11,5054,0.4995,23,0.78722,0.84332,966,3864,DR_primary
37,4,C2,11,5051,0.4992,23,0.78712,0.84331,966,3864,DR_primary
37,4,C3,11,5051,0.4992,23,0.78712,0.84331,966,3864,DR_primary
37,4,C0,12,4627,0.4573,23,0.78693,0.84332,966,3864,DR_primary
37,4,C1,12,5074,0.5014,23,0.78683,0.8432,966,3864,DR_primary
37,4,C2,12,5082,0.5022,23,0.78671,0.84313,966,3864,DR_primary
37,4,C3,12,5082,0.5022,23,0.78671,0.84313,966,3864,DR_primary
37,4,C0,13,4603,0.4549,23,0.78688,0.84282,966,3864,DR_primary
37,4,C1,13,5058,0.4999,23,0.7868,0.84281,966,3864,DR_primary
37,4,C2,13,5072,0.5012,23,0.7867,0.8428,966,3864,DR_primary
37,4,C3,13,5072,0.5012,23,0.7867,0.8428,966,3864,DR_primary
37,4,C0,14,4591,0.4537,23,0.78721,0.84339,966,3864,DR_primary
37,4,C1,14,5029,0.497,23,0.78699,0.84318,966,3864,DR_primary
37,4,C2,14,5039,0.498,23,0.78682,0.84319,966,3864,DR_primary
37,4,C3,14,5039,0.498,23,0.78682,0.84319,966,3864,DR_primary
37,4,C0,15,4537,0.4484,23,0.78727,0.84374,966,3864,DR_primary
37,4,C1,15,4990,0.4931,23,0.78728,0.84367,966,3864,DR_primary
37,4,C2,15,5000,0.4941,23,0.78717,0.84372,966,3864,DR_primary
37,4,C3,15,5000,0.4941,23,0.78717,0.84372,966,3864,DR_primary
37,4,C0,16,4658,0.4603,23,0.78688,0.84298,966,3864,DR_primary
37,4,C1,16,5122,0.5062,23,0.78681,0.84294,966,3864,DR_primary
37,4,C2,16,5123,0.5063,23,0.7866,0.8429,966,3864,DR_primary
37,4,C3,16,5123,0.5063,23,0.7866,0.8429,966,3864,DR_primary
37,4,C0,17,4522,0.4469,23,0.78653,0.84289,966,3864,DR_primary
37,4,C1,17,4991,0.4932,23,0.78676,0.84291,966,3864,DR_primary
37,4,C2,17,4990,0.4931,23,0.78635,0.84275,966,3864,DR_primary
37,4,C3,17,4990,0.4931,23,0.78635,0.84275,966,3864,DR_primary
37,4,C0,18,4619,0.4565,23,0.78736,0.84354,966,3864,DR_primary
37,4,C1,18,5044,0.4985,23,0.78737,0.84363,966,3864,DR_primary
37,4,C2,18,5048,0.4989,23,0.78739,0.84374,966,3864,DR_primary
37,4,C3,18,5048,0.4989,23,0.78739,0.84374,966,3864,DR_primary
37,4,C0,19,4653,0.4598,23,0.78749,0.8435,966,3864,DR_primary
37,4,C1,19,5104,0.5044,23,0.78687,0.84314,966,3864,DR_primary
37,4,C2,19,5114,0.5054,23,0.78701,0.84323,966,3864,DR_primary
37,4,C3,19,5114,0.5054,23,0.78701,0.84323,966,3864,DR_primary
37,4,C0,20,4614,0.456,23,0.78718,0.84342,966,3864,DR_primary
37,4,C1,20,5043,0.4984,23,0.78747,0.8436,966,3864,DR_primary
37,4,C2,20,5050,0.4991,23,0.78739,0.84365,966,3864,DR_primary
37,4,C3,20,5050,0.4991,23,0.78739,0.84365,966,3864,DR_primary
37,4,C0,21,4585,0.4531,23,0.78756,0.84344,966,3864,DR_primary
37,4,C1,21,5053,0.4994,23,0.78749,0.84339,966,3864,DR_primary
37,4,C2,21,5054,0.4995,23,0.78756,0.84352,966,3864,DR_primary
37,4,C3,21,5054,0.4995,23,0.78756,0.84352,966,3864,DR_primary
37,4,C0,22,4591,0.4537,23,0.7872,0.84336,966,3864,DR_primary
37,4,C1,22,5044,0.4985,23,0.78676,0.84303,966,3864,DR_primary
37,4,C2,22,5029,0.497,23,0.78687,0.84315,966,3864,DR_primary
37,4,C3,22,5029,0.497,23,0.78687,0.84315,966,3864,DR_primary
37,4,C0,23,4497,0.4444,23,0.78739,0.84328,966,3864,DR_primary
37,4,C1,23,4948,0.489,23,0.78735,0.8433,966,3864,DR_primary
37,4,C2,23,4944,0.4886,23,0.78729,0.84329,966,3864,DR_primary
37,4,C3,23,4944,0.4886,23,0.78729,0.84329,966,3864,DR_primary
37,4,C0,24,4595,0.4541,23,0.78682,0.84354,966,3864,DR_primary
37,4,C1,24,5067,0.5007,23,0.78684,0.84346,966,3864,DR_primary
37,4,C2,24,5085,0.5025,23,0.78671,0.84343,966,3864,DR_primary
37,4,C3,24,5085,0.5025,23,0.78671,0.84343,966,3864,DR_primary
37,4,C0,25,4598,0.4544,23,0.78686,0.84253,966,3864,DR_primary
37,4,C1,25,5062,0.5002,23,0.78676,0.84249,966,3864,DR_primary
37,4,C2,25,5067,0.5007,23,0.78668,0.84261,966,3864,DR_primary
37,4,C3,25,5067,0.5007,23,0.78668,0.84261,966,3864,DR_primary
37,4,C0,26,4556,0.4502,23,0.78601,0.84245,966,3864,DR_primary
37,4,C1,26,5006,0.4947,23,0.78587,0.84234,966,3864,DR_primary
37,4,C2,26,4996,0.4937,23,0.78594,0.84242,966,3864,DR_primary
37,4,C3,26,4996,0.4937,23,0.78594,0.84242,966,3864,DR_primary
37,4,C0,27,4522,0.4469,23,0.78751,0.84393,966,3864,DR_primary
37,4,C1,27,4997,0.4938,23,0.78708,0.84358,966,3864,DR_primary
37,4,C2,27,4994,0.4935,23,0.78708,0.84382,966,3864,DR_primary
37,4,C3,27,4994,0.4935,23,0.78708,0.84382,966,3864,DR_primary
37,4,C0,28,4647,0.4592,23,0.78685,0.84338,966,3864,DR_primary
37,4,C1,28,5105,0.5045,23,0.78692,0.84335,966,3864,DR_primary
37,4,C2,28,5083,0.5023,23,0.78677,0.84329,966,3864,DR_primary
37,4,C3,28,5083,0.5023,23,0.78677,0.84329,966,3864,DR_primary
37,4,C0,29,4636,0.4581,23,0.78764,0.84354,966,3864,DR_primary
37,4,C1,29,5044,0.4985,23,0.78755,0.84362,966,3864,DR_primary
37,4,C2,29,5065,0.5005,23,0.78777,0.84382,966,3864,DR_primary
37,4,C3,29,5065,0.5005,23,0.78777,0.84382,966,3864,DR_primary
37,4,C0,30,4555,0.4501,23,0.78731,0.84343,966,3864,DR_primary
37,4,C1,30,5020,0.4961,23,0.78744,0.84367,966,3864,DR_primary
37,4,C2,30,5022,0.4963,23,0.78752,0.84367,966,3864,DR_primary
37,4,C3,30,5022,0.4963,23,0.78752,0.84367,966,3864,DR_primary
37,5,C0,1,4643,0.4588,23,0.78677,0.84275,966,3864,DR_primary
37,5,C1,1,5101,0.5041,23,0.78682,0.84282,966,3864,DR_primary
37,5,C2,1,5108,0.5048,23,0.78675,0.8428,966,3864,DR_primary
37,5,C3,1,5108,0.5048,23,0.78675,0.8428,966,3864,DR_primary
37,5,C0,2,4656,0.4601,23,0.78679,0.84304,966,3864,DR_primary
37,5,C1,2,5121,0.5061,23,0.78671,0.84296,966,3864,DR_primary
37,5,C2,2,5117,0.5057,23,0.78652,0.84303,966,3864,DR_primary
37,5,C3,2,5117,0.5057,23,0.78652,0.84303,966,3864,DR_primary
37,5,C0,3,4714,0.4659,23,0.78663,0.84338,966,3864,DR_primary
37,5,C1,3,5157,0.5096,23,0.78659,0.84332,966,3864,DR_primary
37,5,C2,3,5154,0.5093,23,0.78661,0.84323,966,3864,DR_primary
37,5,C3,3,5154,0.5093,23,0.78661,0.84323,966,3864,DR_primary
37,5,C0,4,4643,0.4588,23,0.78655,0.84278,966,3864,DR_primary
37,5,C1,4,5091,0.5031,23,0.78672,0.84282,966,3864,DR_primary
37,5,C2,4,5088,0.5028,23,0.78667,0.84285,966,3864,DR_primary
37,5,C3,4,5088,0.5028,23,0.78667,0.84285,966,3864,DR_primary
37,5,C0,5,4466,0.4413,23,0.787,0.84299,966,3864,DR_primary
37,5,C1,5,4921,0.4863,23,0.78723,0.84301,966,3864,DR_primary
37,5,C2,5,4930,0.4872,23,0.78703,0.84295,966,3864,DR_primary
37,5,C3,5,4930,0.4872,23,0.78703,0.84295,966,3864,DR_primary
37,5,C0,6,4628,0.4574,23,0.78625,0.84276,966,3864,DR_primary
37,5,C1,6,5087,0.5027,23,0.78631,0.84279,966,3864,DR_primary
37,5,C2,6,5082,0.5022,23,0.78631,0.84279,966,3864,DR_primary
37,5,C3,6,5082,0.5022,23,0.78631,0.84279,966,3864,DR_primary
37,5,C0,7,4525,0.4472,23,0.78667,0.84313,966,3864,DR_primary
37,5,C1,7,4963,0.4905,23,0.78693,0.84334,966,3864,DR_primary
37,5,C2,7,4963,0.4905,23,0.78669,0.84332,966,3864,DR_primary
37,5,C3,7,4963,0.4905,23,0.78669,0.84332,966,3864,DR_primary
37,5,C0,8,4572,0.4518,23,0.78701,0.84343,966,3864,DR_primary
37,5,C1,8,5035,0.4976,23,0.78689,0.84335,966,3864,DR_primary
37,5,C2,8,5034,0.4975,23,0.78678,0.84333,966,3864,DR_primary
37,5,C3,8,5034,0.4975,23,0.78678,0.84333,966,3864,DR_primary
37,5,C0,9,4694,0.4639,23,0.78744,0.84327,966,3864,DR_primary
37,5,C1,9,5170,0.5109,23,0.78777,0.84337,966,3864,DR_primary
37,5,C2,9,5130,0.507,23,0.78752,0.84327,966,3864,DR_primary
37,5,C3,9,5130,0.507,23,0.78752,0.84327,966,3864,DR_primary
37,5,C0,10,4533,0.448,23,0.78723,0.84316,966,3864,DR_primary
37,5,C1,10,4999,0.494,23,0.78723,0.84307,966,3864,DR_primary
37,5,C2,10,5024,0.4965,23,0.78691,0.84303,966,3864,DR_primary
37,5,C3,10,5024,0.4965,23,0.78691,0.84303,966,3864,DR_primary
37,5,C0,11,4553,0.4499,23,0.78718,0.84323,966,3864,DR_primary
37,5,C1,11,5012,0.4953,23,0.787,0.84323,966,3864,DR_primary
37,5,C2,11,5017,0.4958,23,0.78696,0.84326,966,3864,DR_primary
37,5,C3,11,5017,0.4958,23,0.78696,0.84326,966,3864,DR_primary
37,5,C0,12,4506,0.4453,23,0.78725,0.84315,966,3864,DR_primary
37,5,C1,12,4971,0.4913,23,0.78717,0.84312,966,3864,DR_primary
37,5,C2,12,4985,0.4926,23,0.78727,0.84328,966,3864,DR_primary
37,5,C3,12,4985,0.4926,23,0.78727,0.84328,966,3864,DR_primary
37,5,C0,13,4579,0.4525,23,0.7867,0.84307,966,3864,DR_primary
37,5,C1,13,5067,0.5007,23,0.78675,0.84322,966,3864,DR_primary
37,5,C2,13,5043,0.4984,23,0.78686,0.84338,966,3864,DR_primary
37,5,C3,13,5043,0.4984,23,0.78686,0.84338,966,3864,DR_primary
37,5,C0,14,4621,0.4567,23,0.78669,0.84326,966,3864,DR_primary
37,5,C1,14,5059,0.5,23,0.78665,0.84314,966,3864,DR_primary
37,5,C2,14,5055,0.4996,23,0.78661,0.84322,966,3864,DR_primary
37,5,C3,14,5055,0.4996,23,0.78661,0.84322,966,3864,DR_primary
37,5,C0,15,4688,0.4633,23,0.78677,0.84301,966,3864,DR_primary
37,5,C1,15,5142,0.5082,23,0.78683,0.84321,966,3864,DR_primary
37,5,C2,15,5135,0.5075,23,0.78676,0.84324,966,3864,DR_primary
37,5,C3,15,5135,0.5075,23,0.78676,0.84324,966,3864,DR_primary
37,5,C0,16,4626,0.4572,23,0.78689,0.84312,966,3864,DR_primary
37,5,C1,16,5051,0.4992,23,0.78693,0.84316,966,3864,DR_primary
37,5,C2,16,5054,0.4995,23,0.78692,0.84332,966,3864,DR_primary
37,5,C3,16,5054,0.4995,23,0.78692,0.84332,966,3864,DR_primary
37,5,C0,17,4570,0.4516,23,0.78664,0.84291,966,3864,DR_primary
37,5,C1,17,5046,0.4987,23,0.78688,0.84329,966,3864,DR_primary
37,5,C2,17,5028,0.4969,23,0.78677,0.84327,966,3864,DR_primary
37,5,C3,17,5028,0.4969,23,0.78677,0.84327,966,3864,DR_primary
37,5,C0,18,4592,0.4538,23,0.78704,0.84334,966,3864,DR_primary
37,5,C1,18,5076,0.5016,23,0.78695,0.84316,966,3864,DR_primary
37,5,C2,18,5075,0.5015,23,0.78692,0.84323,966,3864,DR_primary
37,5,C3,18,5075,0.5015,23,0.78692,0.84323,966,3864,DR_primary
37,5,C0,19,4591,0.4537,23,0.78745,0.84356,966,3864,DR_primary
37,5,C1,19,5066,0.5006,23,0.78721,0.84347,966,3864,DR_primary
37,5,C2,19,5055,0.4996,23,0.78704,0.84338,966,3864,DR_primary
37,5,C3,19,5055,0.4996,23,0.78704,0.84338,966,3864,DR_primary
37,5,C0,20,4561,0.4507,23,0.78695,0.84366,966,3864,DR_primary
37,5,C1,20,5034,0.4975,23,0.78707,0.84369,966,3864,DR_primary
37,5,C2,20,5024,0.4965,23,0.78664,0.84346,966,3864,DR_primary
37,5,C3,20,5024,0.4965,23,0.78664,0.84346,966,3864,DR_primary
37,5,C0,21,4577,0.4523,23,0.78711,0.84328,966,3864,DR_primary
37,5,C1,21,5073,0.5013,23,0.78691,0.84322,966,3864,DR_primary
37,5,C2,21,5040,0.4981,23,0.78699,0.84338,966,3864,DR_primary
37,5,C3,21,5040,0.4981,23,0.78699,0.84338,966,3864,DR_primary
37,5,C0,22,4667,0.4612,23,0.7869,0.84319,966,3864,DR_primary
37,5,C1,22,5101,0.5041,23,0.78695,0.84326,966,3864,DR_primary
37,5,C2,22,5092,0.5032,23,0.78682,0.84316,966,3864,DR_primary
37,5,C3,22,5092,0.5032,23,0.78682,0.84316,966,3864,DR_primary
37,5,C0,23,4609,0.4555,23,0.78675,0.8433,966,3864,DR_primary
37,5,C1,23,5046,0.4987,23,0.78673,0.84326,966,3864,DR_primary
37,5,C2,23,5048,0.4989,23,0.78671,0.84332,966,3864,DR_primary
37,5,C3,23,5048,0.4989,23,0.78671,0.84332,966,3864,DR_primary
37,5,C0,24,4647,0.4592,23,0.7863,0.84302,966,3864,DR_primary
37,5,C1,24,5145,0.5084,23,0.78633,0.84302,966,3864,DR_primary
37,5,C2,24,5119,0.5059,23,0.78623,0.84288,966,3864,DR_primary
37,5,C3,24,5119,0.5059,23,0.78623,0.84288,966,3864,DR_primary
37,5,C0,25,4540,0.4487,23,0.78661,0.8431,966,3864,DR_primary
37,5,C1,25,5022,0.4963,23,0.78647,0.84286,966,3864,DR_primary
37,5,C2,25,4986,0.4927,23,0.78626,0.84277,966,3864,DR_primary
37,5,C3,25,4986,0.4927,23,0.78626,0.84277,966,3864,DR_primary
37,5,C0,26,4699,0.4644,23,0.78714,0.84315,966,3864,DR_primary
37,5,C1,26,5140,0.508,23,0.78706,0.8429,966,3864,DR_primary
37,5,C2,26,5164,0.5103,23,0.78687,0.84284,966,3864,DR_primary
37,5,C3,26,5164,0.5103,23,0.78687,0.84284,966,3864,DR_primary
37,5,C0,27,4669,0.4614,23,0.78723,0.84312,966,3864,DR_primary
37,5,C1,27,5148,0.5087,23,0.7875,0.84345,966,3864,DR_primary
37,5,C2,27,5144,0.5084,23,0.78744,0.84346,966,3864,DR_primary
37,5,C3,27,5144,0.5084,23,0.78744,0.84346,966,3864,DR_primary
37,5,C0,28,4557,0.4503,23,0.78646,0.84311,966,3864,DR_primary
37,5,C1,28,5012,0.4953,23,0.78611,0.84258,966,3864,DR_primary
37,5,C2,28,5024,0.4965,23,0.78601,0.84264,966,3864,DR_primary
37,5,C3,28,5024,0.4965,23,0.78601,0.84264,966,3864,DR_primary
37,5,C0,29,4568,0.4514,23,0.78757,0.84354,966,3864,DR_primary
37,5,C1,29,5014,0.4955,23,0.78797,0.84378,966,3864,DR_primary
37,5,C2,29,5029,0.497,23,0.78775,0.8437,966,3864,DR_primary
37,5,C3,29,5029,0.497,23,0.78775,0.8437,966,3864,DR_primary
37,5,C0,30,4591,0.4537,23,0.78745,0.84356,966,3864,DR_primary
37,5,C1,30,5046,0.4987,23,0.78766,0.84358,966,3864,DR_primary
37,5,C2,30,5027,0.4968,23,0.78728,0.84339,966,3864,DR_primary
37,5,C3,30,5027,0.4968,23,0.78728,0.84339,966,3864,DR_primary
37,6,C0,1,4604,0.455,23,0.78667,0.84316,966,3864,DR_primary
37,6,C1,1,5066,0.5006,23,0.78675,0.8431,966,3864,DR_primary
37,6,C2,1,5049,0.499,23,0.78666,0.84312,966,3864,DR_primary
37,6,C3,1,5049,0.499,23,0.78666,0.84312,966,3864,DR_primary
37,6,C0,2,4592,0.4538,23,0.78749,0.84374,966,3864,DR_primary
37,6,C1,2,5061,0.5001,23,0.78761,0.84406,966,3864,DR_primary
37,6,C2,2,5048,0.4989,23,0.78769,0.8442,966,3864,DR_primary
37,6,C3,2,5048,0.4989,23,0.78769,0.8442,966,3864,DR_primary
37,6,C0,3,4651,0.4596,23,0.78682,0.84249,966,3864,DR_primary
37,6,C1,3,5102,0.5042,23,0.78698,0.84267,966,3864,DR_primary
37,6,C2,3,5133,0.5073,23,0.78681,0.84265,966,3864,DR_primary
37,6,C3,3,5133,0.5073,23,0.78681,0.84265,966,3864,DR_primary
37,6,C0,4,4657,0.4602,23,0.7865,0.84312,966,3864,DR_primary
37,6,C1,4,5127,0.5067,23,0.78647,0.84308,966,3864,DR_primary
37,6,C2,4,5119,0.5059,23,0.78617,0.84301,966,3864,DR_primary
37,6,C3,4,5119,0.5059,23,0.78617,0.84301,966,3864,DR_primary
37,6,C0,5,4603,0.4549,23,0.78729,0.84393,966,3864,DR_primary
37,6,C1,5,5068,0.5008,23,0.78698,0.84364,966,3864,DR_primary
37,6,C2,5,5028,0.4969,23,0.78693,0.84373,966,3864,DR_primary
37,6,C3,5,5028,0.4969,23,0.78693,0.84373,966,3864,DR_primary
37,6,C0,6,4544,0.4491,23,0.78669,0.84285,966,3864,DR_primary
37,6,C1,6,4996,0.4937,23,0.78657,0.84278,966,3864,DR_primary
37,6,C2,6,5020,0.4961,23,0.78656,0.84284,966,3864,DR_primary
37,6,C3,6,5020,0.4961,23,0.78656,0.84284,966,3864,DR_primary
37,6,C0,7,4506,0.4453,23,0.78831,0.84436,966,3864,DR_primary
37,6,C1,7,4990,0.4931,23,0.78796,0.84407,966,3864,DR_primary
37,6,C2,7,4982,0.4923,23,0.78809,0.84419,966,3864,DR_primary
37,6,C3,7,4982,0.4923,23,0.78809,0.84419,966,3864,DR_primary
37,6,C0,8,4568,0.4514,23,0.78686,0.84281,966,3864,DR_primary
37,6,C1,8,5004,0.4945,23,0.78681,0.84296,966,3864,DR_primary
37,6,C2,8,5004,0.4945,23,0.78671,0.84305,966,3864,DR_primary
37,6,C3,8,5004,0.4945,23,0.78671,0.84305,966,3864,DR_primary
37,6,C0,9,4629,0.4575,23,0.78605,0.8428,966,3864,DR_primary
37,6,C1,9,5059,0.5,23,0.78606,0.84272,966,3864,DR_primary
37,6,C2,9,5070,0.501,23,0.78616,0.84282,966,3864,DR_primary
37,6,C3,9,5070,0.501,23,0.78616,0.84282,966,3864,DR_primary
37,6,C0,10,4507,0.4454,23,0.78712,0.84323,966,3864,DR_primary
37,6,C1,10,4985,0.4926,23,0.78698,0.84311,966,3864,DR_primary
37,6,C2,10,4995,0.4936,23,0.78702,0.84313,966,3864,DR_primary
37,6,C3,10,4995,0.4936,23,0.78702,0.84313,966,3864,DR_primary
37,6,C0,11,4585,0.4531,23,0.78713,0.84325,966,3864,DR_primary
37,6,C1,11,5036,0.4977,23,0.78722,0.84334,966,3864,DR_primary
37,6,C2,11,5041,0.4982,23,0.78708,0.84319,966,3864,DR_primary
37,6,C3,11,5041,0.4982,23,0.78708,0.84319,966,3864,DR_primary
37,6,C0,12,4640,0.4585,23,0.78758,0.84364,966,3864,DR_primary
37,6,C1,12,5088,0.5028,23,0.78691,0.84319,966,3864,DR_primary
37,6,C2,12,5093,0.5033,23,0.78694,0.84324,966,3864,DR_primary
37,6,C3,12,5093,0.5033,23,0.78694,0.84324,966,3864,DR_primary
37,6,C0,13,4561,0.4507,23,0.7869,0.84326,966,3864,DR_primary
37,6,C1,13,5006,0.4947,23,0.78685,0.84311,966,3864,DR_primary
37,6,C2,13,5010,0.4951,23,0.78695,0.84324,966,3864,DR_primary
37,6,C3,13,5010,0.4951,23,0.78695,0.84324,966,3864,DR_primary
37,6,C0,14,4528,0.4475,23,0.78728,0.84363,966,3864,DR_primary
37,6,C1,14,4949,0.4891,23,0.78726,0.84364,966,3864,DR_primary
37,6,C2,14,4961,0.4903,23,0.78691,0.8434,966,3864,DR_primary
37,6,C3,14,4961,0.4903,23,0.78691,0.8434,966,3864,DR_primary
37,6,C0,15,4548,0.4495,23,0.78743,0.84367,966,3864,DR_primary
37,6,C1,15,5004,0.4945,23,0.78724,0.84349,966,3864,DR_primary
37,6,C2,15,4996,0.4937,23,0.78698,0.84336,966,3864,DR_primary
37,6,C3,15,4996,0.4937,23,0.78698,0.84336,966,3864,DR_primary
37,6,C0,16,4573,0.4519,23,0.78709,0.84361,966,3864,DR_primary
37,6,C1,16,5035,0.4976,23,0.78721,0.84358,966,3864,DR_primary
37,6,C2,16,5030,0.4971,23,0.78706,0.84354,966,3864,DR_primary
37,6,C3,16,5030,0.4971,23,0.78706,0.84354,966,3864,DR_primary
37,6,C0,17,4592,0.4538,23,0.78684,0.84308,966,3864,DR_primary
37,6,C1,17,5026,0.4967,23,0.78666,0.843,966,3864,DR_primary
37,6,C2,17,5045,0.4986,23,0.78659,0.84302,966,3864,DR_primary
37,6,C3,17,5045,0.4986,23,0.78659,0.84302,966,3864,DR_primary
37,6,C0,18,4683,0.4628,23,0.7872,0.84322,966,3864,DR_primary
37,6,C1,18,5140,0.508,23,0.78693,0.84298,966,3864,DR_primary
37,6,C2,18,5114,0.5054,23,0.78721,0.84318,966,3864,DR_primary
37,6,C3,18,5114,0.5054,23,0.78721,0.84318,966,3864,DR_primary
37,6,C0,19,4581,0.4527,23,0.78729,0.84368,966,3864,DR_primary
37,6,C1,19,5031,0.4972,23,0.7875,0.84383,966,3864,DR_primary
37,6,C2,19,5015,0.4956,23,0.78738,0.84386,966,3864,DR_primary
37,6,C3,19,5015,0.4956,23,0.78738,0.84386,966,3864,DR_primary
37,6,C0,20,4529,0.4476,23,0.78666,0.84277,966,3864,DR_primary
37,6,C1,20,5002,0.4943,23,0.78695,0.84309,966,3864,DR_primary
37,6,C2,20,4987,0.4928,23,0.78697,0.84333,966,3864,DR_primary
37,6,C3,20,4987,0.4928,23,0.78697,0.84333,966,3864,DR_primary
37,6,C0,21,4544,0.4491,23,0.78695,0.84354,966,3864,DR_primary
37,6,C1,21,5011,0.4952,23,0.78667,0.84321,966,3864,DR_primary
37,6,C2,21,5006,0.4947,23,0.78663,0.8432,966,3864,DR_primary
37,6,C3,21,5006,0.4947,23,0.78663,0.8432,966,3864,DR_primary
37,6,C0,22,4590,0.4536,23,0.78666,0.84267,966,3864,DR_primary
37,6,C1,22,5069,0.5009,23,0.78658,0.84255,966,3864,DR_primary
37,6,C2,22,5054,0.4995,23,0.78659,0.84259,966,3864,DR_primary
37,6,C3,22,5054,0.4995,23,0.78659,0.84259,966,3864,DR_primary
37,6,C0,23,4573,0.4519,23,0.78616,0.84247,966,3864,DR_primary
37,6,C1,23,5026,0.4967,23,0.7861,0.84243,966,3864,DR_primary
37,6,C2,23,5015,0.4956,23,0.78607,0.84248,966,3864,DR_primary
37,6,C3,23,5015,0.4956,23,0.78607,0.84248,966,3864,DR_primary
37,6,C0,24,4490,0.4437,23,0.78691,0.843,966,3864,DR_primary
37,6,C1,24,4956,0.4898,23,0.78729,0.84328,966,3864,DR_primary
37,6,C2,24,4956,0.4898,23,0.7873,0.8434,966,3864,DR_primary
37,6,C3,24,4956,0.4898,23,0.7873,0.8434,966,3864,DR_primary
37,6,C0,25,4493,0.444,23,0.78661,0.84309,966,3864,DR_primary
37,6,C1,25,4946,0.4888,23,0.78676,0.84322,966,3864,DR_primary
37,6,C2,25,4947,0.4889,23,0.78651,0.84301,966,3864,DR_primary
37,6,C3,25,4947,0.4889,23,0.78651,0.84301,966,3864,DR_primary
37,6,C0,26,4578,0.4524,23,0.78639,0.84296,966,3864,DR_primary
37,6,C1,26,5031,0.4972,23,0.78632,0.84282,966,3864,DR_primary
37,6,C2,26,5032,0.4973,23,0.78624,0.84293,966,3864,DR_primary
37,6,C3,26,5032,0.4973,23,0.78624,0.84293,966,3864,DR_primary
37,6,C0,27,4594,0.454,23,0.78711,0.84361,966,3864,DR_primary
37,6,C1,27,5064,0.5004,23,0.78683,0.84315,966,3864,DR_primary
37,6,C2,27,5066,0.5006,23,0.78685,0.84331,966,3864,DR_primary
37,6,C3,27,5066,0.5006,23,0.78685,0.84331,966,3864,DR_primary
37,6,C0,28,4617,0.4563,23,0.78694,0.84278,966,3864,DR_primary
37,6,C1,28,5087,0.5027,23,0.78635,0.84239,966,3864,DR_primary
37,6,C2,28,5063,0.5003,23,0.78649,0.84254,966,3864,DR_primary
37,6,C3,28,5063,0.5003,23,0.78649,0.84254,966,3864,DR_primary
37,6,C0,29,4614,0.456,23,0.78637,0.84326,966,3864,DR_primary
37,6,C1,29,5027,0.4968,23,0.78634,0.84314,966,3864,DR_primary
37,6,C2,29,5033,0.4974,23,0.78621,0.84313,966,3864,DR_primary
37,6,C3,29,5033,0.4974,23,0.78621,0.84313,966,3864,DR_primary
37,6,C0,30,4597,0.4543,23,0.78695,0.84338,966,3864,DR_primary
37,6,C1,30,5071,0.5011,23,0.78718,0.84334,966,3864,DR_primary
37,6,C2,30,5050,0.4991,23,0.78704,0.84331,966,3864,DR_primary
37,6,C3,30,5050,0.4991,23,0.78704,0.84331,966,3864,DR_primary
37,7,C0,1,4549,0.4496,23,0.78714,0.84323,966,3864,DR_primary
37,7,C1,1,5006,0.4947,23,0.7874,0.84329,966,3864,DR_primary
37,7,C2,1,4989,0.493,23,0.78733,0.84334,966,3864,DR_primary
37,7,C3,1,4989,0.493,23,0.78733,0.84334,966,3864,DR_primary
37,7,C0,2,4596,0.4542,23,0.78665,0.8431,966,3864,DR_primary
37,7,C1,2,5038,0.4979,23,0.78672,0.84308,966,3864,DR_primary
37,7,C2,2,5059,0.5,23,0.78638,0.84292,966,3864,DR_primary
37,7,C3,2,5059,0.5,23,0.78638,0.84292,966,3864,DR_primary
37,7,C0,3,4535,0.4482,23,0.78749,0.84313,966,3864,DR_primary
37,7,C1,3,4974,0.4916,23,0.78737,0.8431,966,3864,DR_primary
37,7,C2,3,5000,0.4941,23,0.78736,0.84302,966,3864,DR_primary
37,7,C3,3,5000,0.4941,23,0.78736,0.84302,966,3864,DR_primary
37,7,C0,4,4607,0.4553,23,0.78589,0.8422,966,3864,DR_primary
37,7,C1,4,5045,0.4986,23,0.78631,0.84244,966,3864,DR_primary
37,7,C2,4,5046,0.4987,23,0.78605,0.84243,966,3864,DR_primary
37,7,C3,4,5046,0.4987,23,0.78605,0.84243,966,3864,DR_primary
37,7,C0,5,4543,0.449,23,0.78661,0.84276,966,3864,DR_primary
37,7,C1,5,5010,0.4951,23,0.78654,0.84269,966,3864,DR_primary
37,7,C2,5,5030,0.4971,23,0.78658,0.84277,966,3864,DR_primary
37,7,C3,5,5030,0.4971,23,0.78658,0.84277,966,3864,DR_primary
37,7,C0,6,4632,0.4578,23,0.78706,0.84324,966,3864,DR_primary
37,7,C1,6,5058,0.4999,23,0.78734,0.84353,966,3864,DR_primary
37,7,C2,6,5063,0.5003,23,0.78725,0.84354,966,3864,DR_primary
37,7,C3,6,5063,0.5003,23,0.78725,0.84354,966,3864,DR_primary
37,7,C0,7,4595,0.4541,23,0.78639,0.84262,966,3864,DR_primary
37,7,C1,7,5089,0.5029,23,0.78674,0.84275,966,3864,DR_primary
37,7,C2,7,5067,0.5007,23,0.78612,0.84245,966,3864,DR_primary
37,7,C3,7,5067,0.5007,23,0.78612,0.84245,966,3864,DR_primary
37,7,C0,8,4589,0.4535,23,0.7869,0.84316,966,3864,DR_primary
37,7,C1,8,5026,0.4967,23,0.78672,0.84301,966,3864,DR_primary
37,7,C2,8,5022,0.4963,23,0.7869,0.84322,966,3864,DR_primary
37,7,C3,8,5022,0.4963,23,0.7869,0.84322,966,3864,DR_primary
37,7,C0,9,4545,0.4492,23,0.78696,0.84321,966,3864,DR_primary
37,7,C1,9,5005,0.4946,23,0.78707,0.84335,966,3864,DR_primary
37,7,C2,9,4996,0.4937,23,0.78706,0.84349,966,3864,DR_primary
37,7,C3,9,4996,0.4937,23,0.78706,0.84349,966,3864,DR_primary
37,7,C0,10,4569,0.4515,23,0.78631,0.84286,966,3864,DR_primary
37,7,C1,10,5058,0.4999,23,0.78634,0.84281,966,3864,DR_primary
37,7,C2,10,5042,0.4983,23,0.7863,0.84291,966,3864,DR_primary
37,7,C3,10,5042,0.4983,23,0.7863,0.84291,966,3864,DR_primary
37,7,C0,11,4532,0.4479,23,0.78688,0.84317,966,3864,DR_primary
37,7,C1,11,4983,0.4924,23,0.78713,0.84345,966,3864,DR_primary
37,7,C2,11,4951,0.4893,23,0.78716,0.84353,966,3864,DR_primary
37,7,C3,11,4951,0.4893,23,0.78716,0.84353,966,3864,DR_primary
37,7,C0,12,4570,0.4516,23,0.78747,0.84358,966,3864,DR_primary
37,7,C1,12,5029,0.497,23,0.78729,0.84353,966,3864,DR_primary
37,7,C2,12,5022,0.4963,23,0.78718,0.84356,966,3864,DR_primary
37,7,C3,12,5022,0.4963,23,0.78718,0.84356,966,3864,DR_primary
37,7,C0,13,4579,0.4525,23,0.78724,0.84332,966,3864,DR_primary
37,7,C1,13,5024,0.4965,23,0.78706,0.84332,966,3864,DR_primary
37,7,C2,13,5074,0.5014,23,0.78691,0.8432,966,3864,DR_primary
37,7,C3,13,5074,0.5014,23,0.78691,0.8432,966,3864,DR_primary
37,7,C0,14,4580,0.4526,23,0.78677,0.84326,966,3864,DR_primary
37,7,C1,14,5031,0.4972,23,0.78654,0.84295,966,3864,DR_primary
37,7,C2,14,5025,0.4966,23,0.7865,0.84302,966,3864,DR_primary
37,7,C3,14,5025,0.4966,23,0.7865,0.84302,966,3864,DR_primary
37,7,C0,15,4530,0.4477,23,0.78719,0.84394,966,3864,DR_primary
37,7,C1,15,4998,0.4939,23,0.78699,0.84354,966,3864,DR_primary
37,7,C2,15,4992,0.4933,23,0.7867,0.84343,966,3864,DR_primary
37,7,C3,15,4992,0.4933,23,0.7867,0.84343,966,3864,DR_primary
37,7,C0,16,4588,0.4534,23,0.78713,0.84342,966,3864,DR_primary
37,7,C1,16,5046,0.4987,23,0.78733,0.84353,966,3864,DR_primary
37,7,C2,16,5039,0.498,23,0.78691,0.84328,966,3864,DR_primary
37,7,C3,16,5039,0.498,23,0.78691,0.84328,966,3864,DR_primary
37,7,C0,17,4549,0.4496,23,0.78705,0.84372,966,3864,DR_primary
37,7,C1,17,4994,0.4935,23,0.78699,0.84367,966,3864,DR_primary
37,7,C2,17,5008,0.4949,23,0.78703,0.84384,966,3864,DR_primary
37,7,C3,17,5008,0.4949,23,0.78703,0.84384,966,3864,DR_primary
37,7,C0,18,4537,0.4484,23,0.78703,0.84312,966,3864,DR_primary
37,7,C1,18,4994,0.4935,23,0.78706,0.84323,966,3864,DR_primary
37,7,C2,18,5009,0.495,23,0.78695,0.84329,966,3864,DR_primary
37,7,C3,18,5009,0.495,23,0.78695,0.84329,966,3864,DR_primary
37,7,C0,19,4585,0.4531,23,0.78734,0.84387,966,3864,DR_primary
37,7,C1,19,5027,0.4968,23,0.78703,0.84365,966,3864,DR_primary
37,7,C2,19,5007,0.4948,23,0.78696,0.84367,966,3864,DR_primary
37,7,C3,19,5007,0.4948,23,0.78696,0.84367,966,3864,DR_primary
37,7,C0,20,4561,0.4507,23,0.78676,0.84324,966,3864,DR_primary
37,7,C1,20,5042,0.4983,23,0.78666,0.84334,966,3864,DR_primary
37,7,C2,20,5044,0.4985,23,0.78686,0.8436,966,3864,DR_primary
37,7,C3,20,5044,0.4985,23,0.78686,0.8436,966,3864,DR_primary
37,7,C0,21,4578,0.4524,23,0.7874,0.84348,966,3864,DR_primary
37,7,C1,21,5064,0.5004,23,0.78757,0.84362,966,3864,DR_primary
37,7,C2,21,5060,0.5,23,0.78738,0.84355,966,3864,DR_primary
37,7,C3,21,5060,0.5,23,0.78738,0.84355,966,3864,DR_primary
37,7,C0,22,4608,0.4554,23,0.78755,0.84372,966,3864,DR_primary
37,7,C1,22,5057,0.4998,23,0.78739,0.84354,966,3864,DR_primary
37,7,C2,22,5080,0.502,23,0.78695,0.8432,966,3864,DR_primary
37,7,C3,22,5080,0.502,23,0.78695,0.8432,966,3864,DR_primary
37,7,C0,23,4559,0.4505,23,0.78668,0.84272,966,3864,DR_primary
37,7,C1,23,4996,0.4937,23,0.78704,0.84295,966,3864,DR_primary
37,7,C2,23,5027,0.4968,23,0.78686,0.84292,966,3864,DR_primary
37,7,C3,23,5027,0.4968,23,0.78686,0.84292,966,3864,DR_primary
37,7,C0,24,4582,0.4528,23,0.78657,0.84296,966,3864,DR_primary
37,7,C1,24,5024,0.4965,23,0.7865,0.84284,966,3864,DR_primary
37,7,C2,24,5049,0.499,23,0.78652,0.84294,966,3864,DR_primary
37,7,C3,24,5049,0.499,23,0.78652,0.84294,966,3864,DR_primary
37,7,C0,25,4571,0.4517,23,0.78645,0.84291,966,3864,DR_primary
37,7,C1,25,5018,0.4959,23,0.78629,0.84279,966,3864,DR_primary
37,7,C2,25,5029,0.497,23,0.78646,0.84284,966,3864,DR_primary
37,7,C3,25,5029,0.497,23,0.78646,0.84284,966,3864,DR_primary
37,7,C0,26,4624,0.457,23,0.78633,0.84255,966,3864,DR_primary
37,7,C1,26,5069,0.5009,23,0.78648,0.84261,966,3864,DR_primary
37,7,C2,26,5079,0.5019,23,0.78641,0.84256,966,3864,DR_primary
37,7,C3,26,5079,0.5019,23,0.78641,0.84256,966,3864,DR_primary
37,7,C0,27,4550,0.4496,23,0.78787,0.84416,966,3864,DR_primary
37,7,C1,27,5024,0.4965,23,0.78778,0.84392,966,3864,DR_primary
37,7,C2,27,5033,0.4974,23,0.78767,0.844,966,3864,DR_primary
37,7,C3,27,5033,0.4974,23,0.78767,0.844,966,3864,DR_primary
37,7,C0,28,4614,0.456,23,0.78724,0.84374,966,3864,DR_primary
37,7,C1,28,5047,0.4988,23,0.78743,0.84382,966,3864,DR_primary
37,7,C2,28,5071,0.5011,23,0.78716,0.8437,966,3864,DR_primary
37,7,C3,28,5071,0.5011,23,0.78716,0.8437,966,3864,DR_primary
37,7,C0,29,4526,0.4473,23,0.78701,0.84359,966,3864,DR_primary
37,7,C1,29,4964,0.4906,23,0.78653,0.84333,966,3864,DR_primary
37,7,C2,29,4968,0.491,23,0.78673,0.84348,966,3864,DR_primary
37,7,C3,29,4968,0.491,23,0.78673,0.84348,966,3864,DR_primary
37,7,C0,30,4581,0.4527,23,0.78668,0.84317,966,3864,DR_primary
37,7,C1,30,5072,0.5012,23,0.78687,0.84327,966,3864,DR_primary
37,7,C2,30,5064,0.5004,23,0.78663,0.84321,966,3864,DR_primary
37,7,C3,30,5064,0.5004,23,0.78663,0.84321,966,3864,DR_primary
37,8,C0,1,4469,0.4416,23,0.78773,0.84381,966,3864,DR_primary
37,8,C1,1,4957,0.4899,23,0.78785,0.84374,966,3864,DR_primary
37,8,C2,1,4959,0.4901,23,0.78736,0.84357,966,3864,DR_primary
37,8,C3,1,4959,0.4901,23,0.78736,0.84357,966,3864,DR_primary
37,8,C0,2,4669,0.4614,23,0.787,0.84349,966,3864,DR_primary
37,8,C1,2,5102,0.5042,23,0.78679,0.84315,966,3864,DR_primary
37,8,C2,2,5108,0.5048,23,0.78669,0.8431,966,3864,DR_primary
37,8,C3,2,5108,0.5048,23,0.78669,0.8431,966,3864,DR_primary
37,8,C0,3,4536,0.4483,23,0.78656,0.843,966,3864,DR_primary
37,8,C1,3,4982,0.4923,23,0.7863,0.84277,966,3864,DR_primary
37,8,C2,3,4972,0.4914,23,0.78608,0.84269,966,3864,DR_primary
37,8,C3,3,4972,0.4914,23,0.78608,0.84269,966,3864,DR_primary
37,8,C0,4,4633,0.4579,23,0.78606,0.84281,966,3864,DR_primary
37,8,C1,4,5090,0.503,23,0.78619,0.84294,966,3864,DR_primary
37,8,C2,4,5102,0.5042,23,0.7861,0.84288,966,3864,DR_primary
37,8,C3,4,5102,0.5042,23,0.7861,0.84288,966,3864,DR_primary
37,8,C0,5,4479,0.4426,23,0.78655,0.84256,966,3864,DR_primary
37,8,C1,5,4929,0.4871,23,0.78665,0.84258,966,3864,DR_primary
37,8,C2,5,4919,0.4861,23,0.78638,0.84265,966,3864,DR_primary
37,8,C3,5,4919,0.4861,23,0.78638,0.84265,966,3864,DR_primary
37,8,C0,6,4664,0.4609,23,0.78654,0.84298,966,3864,DR_primary
37,8,C1,6,5114,0.5054,23,0.78677,0.84304,966,3864,DR_primary
37,8,C2,6,5088,0.5028,23,0.7865,0.84284,966,3864,DR_primary
37,8,C3,6,5088,0.5028,23,0.7865,0.84284,966,3864,DR_primary
37,8,C0,7,4593,0.4539,23,0.78764,0.84372,966,3864,DR_primary
37,8,C1,7,5043,0.4984,23,0.78738,0.84356,966,3864,DR_primary
37,8,C2,7,5022,0.4963,23,0.78746,0.84372,966,3864,DR_primary
37,8,C3,7,5022,0.4963,23,0.78746,0.84372,966,3864,DR_primary
37,8,C0,8,4604,0.455,23,0.78725,0.8434,966,3864,DR_primary
37,8,C1,8,5085,0.5025,23,0.78741,0.84353,966,3864,DR_primary
37,8,C2,8,5099,0.5039,23,0.78763,0.84374,966,3864,DR_primary
37,8,C3,8,5099,0.5039,23,0.78763,0.84374,966,3864,DR_primary
37,8,C0,9,4588,0.4534,23,0.78742,0.84336,966,3864,DR_primary
37,8,C1,9,5051,0.4992,23,0.7872,0.84331,966,3864,DR_primary
37,8,C2,9,5031,0.4972,23,0.78715,0.84337,966,3864,DR_primary
37,8,C3,9,5031,0.4972,23,0.78715,0.84337,966,3864,DR_primary
37,8,C0,10,4630,0.4576,23,0.7866,0.84291,966,3864,DR_primary
37,8,C1,10,5100,0.504,23,0.78681,0.84303,966,3864,DR_primary
37,8,C2,10,5075,0.5015,23,0.78663,0.84307,966,3864,DR_primary
37,8,C3,10,5075,0.5015,23,0.78663,0.84307,966,3864,DR_primary
37,8,C0,11,4652,0.4597,23,0.78744,0.84326,966,3864,DR_primary
37,8,C1,11,5087,0.5027,23,0.78746,0.84357,966,3864,DR_primary
37,8,C2,11,5093,0.5033,23,0.78752,0.84366,966,3864,DR_primary
37,8,C3,11,5093,0.5033,23,0.78752,0.84366,966,3864,DR_primary
37,8,C0,12,4653,0.4598,23,0.78621,0.84241,966,3864,DR_primary
37,8,C1,12,5104,0.5044,23,0.78626,0.8425,966,3864,DR_primary
37,8,C2,12,5108,0.5048,23,0.78607,0.84236,966,3864,DR_primary
37,8,C3,12,5108,0.5048,23,0.78607,0.84236,966,3864,DR_primary
37,8,C0,13,4613,0.4559,23,0.78798,0.84418,966,3864,DR_primary
37,8,C1,13,5068,0.5008,23,0.78805,0.84416,966,3864,DR_primary
37,8,C2,13,5049,0.499,23,0.78786,0.84419,966,3864,DR_primary
37,8,C3,13,5049,0.499,23,0.78786,0.84419,966,3864,DR_primary
37,8,C0,14,4606,0.4552,23,0.78722,0.84304,966,3864,DR_primary
37,8,C1,14,5053,0.4994,23,0.78696,0.84292,966,3864,DR_primary
37,8,C2,14,5076,0.5016,23,0.78718,0.84303,966,3864,DR_primary
37,8,C3,14,5076,0.5016,23,0.78718,0.84303,966,3864,DR_primary
37,8,C0,15,4566,0.4512,23,0.7877,0.84392,966,3864,DR_primary
37,8,C1,15,5056,0.4997,23,0.78736,0.84366,966,3864,DR_primary
37,8,C2,15,5041,0.4982,23,0.78742,0.84376,966,3864,DR_primary
37,8,C3,15,5041,0.4982,23,0.78742,0.84376,966,3864,DR_primary
37,8,C0,16,4534,0.4481,23,0.78655,0.84319,966,3864,DR_primary
37,8,C1,16,4976,0.4917,23,0.78673,0.84314,966,3864,DR_primary
37,8,C2,16,4976,0.4917,23,0.78639,0.84308,966,3864,DR_primary
37,8,C3,16,4976,0.4917,23,0.78639,0.84308,966,3864,DR_primary
37,8,C0,17,4551,0.4497,23,0.78636,0.84261,966,3864,DR_primary
37,8,C1,17,4995,0.4936,23,0.78658,0.84288,966,3864,DR_primary
37,8,C2,17,4963,0.4905,23,0.78617,0.84268,966,3864,DR_primary
37,8,C3,17,4963,0.4905,23,0.78617,0.84268,966,3864,DR_primary
37,8,C0,18,4582,0.4528,23,0.78757,0.84319,966,3864,DR_primary
37,8,C1,18,5016,0.4957,23,0.7874,0.84309,966,3864,DR_primary
37,8,C2,18,5016,0.4957,23,0.78742,0.84311,966,3864,DR_primary
37,8,C3,18,5016,0.4957,23,0.78742,0.84311,966,3864,DR_primary
37,8,C0,19,4673,0.4618,23,0.78734,0.84365,966,3864,DR_primary
37,8,C1,19,5114,0.5054,23,0.78728,0.84335,966,3864,DR_primary
37,8,C2,19,5113,0.5053,23,0.78702,0.8431,966,3864,DR_primary
37,8,C3,19,5113,0.5053,23,0.78702,0.8431,966,3864,DR_primary
37,8,C0,20,4647,0.4592,23,0.78681,0.84364,966,3864,DR_primary
37,8,C1,20,5082,0.5022,23,0.78695,0.84358,966,3864,DR_primary
37,8,C2,20,5097,0.5037,23,0.78682,0.84359,966,3864,DR_primary
37,8,C3,20,5097,0.5037,23,0.78682,0.84359,966,3864,DR_primary
37,8,C0,21,4678,0.4623,23,0.78783,0.84422,966,3864,DR_primary
37,8,C1,21,5114,0.5054,23,0.78749,0.84377,966,3864,DR_primary
37,8,C2,21,5126,0.5066,23,0.78724,0.84372,966,3864,DR_primary
37,8,C3,21,5126,0.5066,23,0.78724,0.84372,966,3864,DR_primary
37,8,C0,22,4575,0.4521,23,0.78732,0.84367,966,3864,DR_primary
37,8,C1,22,5050,0.4991,23,0.78707,0.84351,966,3864,DR_primary
37,8,C2,22,5031,0.4972,23,0.78718,0.84358,966,3864,DR_primary
37,8,C3,22,5031,0.4972,23,0.78718,0.84358,966,3864,DR_primary
37,8,C0,23,4550,0.4496,23,0.78751,0.84366,966,3864,DR_primary
37,8,C1,23,5032,0.4973,23,0.78745,0.84361,966,3864,DR_primary
37,8,C2,23,4984,0.4925,23,0.78729,0.84353,966,3864,DR_primary
37,8,C3,23,4984,0.4925,23,0.78729,0.84353,966,3864,DR_primary
37,8,C0,24,4688,0.4633,23,0.78726,0.84342,966,3864,DR_primary
37,8,C1,24,5105,0.5045,23,0.78707,0.8433,966,3864,DR_primary
37,8,C2,24,5099,0.5039,23,0.7872,0.84336,966,3864,DR_primary
37,8,C3,24,5099,0.5039,23,0.7872,0.84336,966,3864,DR_primary
37,8,C0,25,4609,0.4555,23,0.7881,0.84415,966,3864,DR_primary
37,8,C1,25,5069,0.5009,23,0.78787,0.84393,966,3864,DR_primary
37,8,C2,25,5069,0.5009,23,0.7879,0.84403,966,3864,DR_primary
37,8,C3,25,5069,0.5009,23,0.7879,0.84403,966,3864,DR_primary
37,8,C0,26,4565,0.4511,23,0.78652,0.84264,966,3864,DR_primary
37,8,C1,26,5042,0.4983,23,0.7866,0.84264,966,3864,DR_primary
37,8,C2,26,5040,0.4981,23,0.78643,0.84262,966,3864,DR_primary
37,8,C3,26,5040,0.4981,23,0.78643,0.84262,966,3864,DR_primary
37,8,C0,27,4626,0.4572,23,0.78691,0.84311,966,3864,DR_primary
37,8,C1,27,5063,0.5003,23,0.78691,0.84314,966,3864,DR_primary
37,8,C2,27,5073,0.5013,23,0.78688,0.84332,966,3864,DR_primary
37,8,C3,27,5073,0.5013,23,0.78688,0.84332,966,3864,DR_primary
37,8,C0,28,4541,0.4488,23,0.78688,0.84317,966,3864,DR_primary
37,8,C1,28,4998,0.4939,23,0.78685,0.84307,966,3864,DR_primary
37,8,C2,28,4976,0.4917,23,0.78666,0.84304,966,3864,DR_primary
37,8,C3,28,4976,0.4917,23,0.78666,0.84304,966,3864,DR_primary
37,8,C0,29,4603,0.4549,23,0.78712,0.84315,966,3864,DR_primary
37,8,C1,29,5050,0.4991,23,0.78738,0.8434,966,3864,DR_primary
37,8,C2,29,5057,0.4998,23,0.78726,0.84334,966,3864,DR_primary
37,8,C3,29,5057,0.4998,23,0.78726,0.84334,966,3864,DR_primary
37,8,C0,30,4570,0.4516,23,0.7872,0.84336,966,3864,DR_primary
37,8,C1,30,5072,0.5012,23,0.787,0.84313,966,3864,DR_primary
37,8,C2,30,5070,0.501,23,0.78674,0.84303,966,3864,DR_primary
37,8,C3,30,5070,0.501,23,0.78674,0.84303,966,3864,DR_primary
37,9,C0,1,4550,0.4496,23,0.78738,0.84354,966,3864,DR_primary
37,9,C1,1,5030,0.4971,23,0.78717,0.84326,966,3864,DR_primary
37,9,C2,1,5015,0.4956,23,0.7872,0.84337,966,3864,DR_primary
37,9,C3,1,5015,0.4956,23,0.7872,0.84337,966,3864,DR_primary
37,9,C0,2,4589,0.4535,23,0.78691,0.84324,966,3864,DR_primary
37,9,C1,2,5070,0.501,23,0.78671,0.84307,966,3864,DR_primary
37,9,C2,2,5073,0.5013,23,0.78658,0.84306,966,3864,DR_primary
37,9,C3,2,5073,0.5013,23,0.78658,0.84306,966,3864,DR_primary
37,9,C0,3,4542,0.4489,23,0.78691,0.84309,966,3864,DR_primary
37,9,C1,3,4996,0.4937,23,0.78663,0.84285,966,3864,DR_primary
37,9,C2,3,4999,0.494,23,0.78659,0.84284,966,3864,DR_primary
37,9,C3,3,4999,0.494,23,0.78659,0.84284,966,3864,DR_primary
37,9,C0,4,4539,0.4486,23,0.78643,0.84298,966,3864,DR_primary
37,9,C1,4,5008,0.4949,23,0.78644,0.84291,966,3864,DR_primary
37,9,C2,4,5019,0.496,23,0.78644,0.843,966,3864,DR_primary
37,9,C3,4,5019,0.496,23,0.78644,0.843,966,3864,DR_primary
37,9,C0,5,4551,0.4497,23,0.78651,0.84262,966,3864,DR_primary
37,9,C1,5,5043,0.4984,23,0.78652,0.8428,966,3864,DR_primary
37,9,C2,5,5033,0.4974,23,0.78655,0.84296,966,3864,DR_primary
37,9,C3,5,5033,0.4974,23,0.78655,0.84296,966,3864,DR_primary
37,9,C0,6,4644,0.4589,23,0.78735,0.84342,966,3864,DR_primary
37,9,C1,6,5092,0.5032,23,0.78726,0.84332,966,3864,DR_primary
37,9,C2,6,5107,0.5047,23,0.78715,0.84335,966,3864,DR_primary
37,9,C3,6,5107,0.5047,23,0.78715,0.84335,966,3864,DR_primary
37,9,C0,7,4535,0.4482,23,0.78687,0.84343,966,3864,DR_primary
37,9,C1,7,4987,0.4928,23,0.78695,0.84333,966,3864,DR_primary
37,9,C2,7,4987,0.4928,23,0.78679,0.84343,966,3864,DR_primary
37,9,C3,7,4987,0.4928,23,0.78679,0.84343,966,3864,DR_primary
37,9,C0,8,4540,0.4487,23,0.78651,0.84272,966,3864,DR_primary
37,9,C1,8,5002,0.4943,23,0.78656,0.84271,966,3864,DR_primary
37,9,C2,8,5018,0.4959,23,0.7862,0.84256,966,3864,DR_primary
37,9,C3,8,5018,0.4959,23,0.7862,0.84256,966,3864,DR_primary
37,9,C0,9,4477,0.4424,23,0.78706,0.84336,966,3864,DR_primary
37,9,C1,9,4945,0.4887,23,0.78691,0.84329,966,3864,DR_primary
37,9,C2,9,4951,0.4893,23,0.78694,0.84336,966,3864,DR_primary
37,9,C3,9,4951,0.4893,23,0.78694,0.84336,966,3864,DR_primary
37,9,C0,10,4552,0.4498,23,0.78733,0.84333,966,3864,DR_primary
37,9,C1,10,5036,0.4977,23,0.78735,0.84326,966,3864,DR_primary
37,9,C2,10,5025,0.4966,23,0.78735,0.84331,966,3864,DR_primary
37,9,C3,10,5025,0.4966,23,0.78735,0.84331,966,3864,DR_primary
37,9,C0,11,4619,0.4565,23,0.78693,0.84309,966,3864,DR_primary
37,9,C1,11,5058,0.4999,23,0.78685,0.8432,966,3864,DR_primary
37,9,C2,11,5067,0.5007,23,0.78687,0.84316,966,3864,DR_primary
37,9,C3,11,5067,0.5007,23,0.78687,0.84316,966,3864,DR_primary
37,9,C0,12,4580,0.4526,23,0.78708,0.84328,966,3864,DR_primary
37,9,C1,12,5048,0.4989,23,0.78693,0.84339,966,3864,DR_primary
37,9,C2,12,5059,0.5,23,0.787,0.84341,966,3864,DR_primary
37,9,C3,12,5059,0.5,23,0.787,0.84341,966,3864,DR_primary
37,9,C0,13,4646,0.4591,23,0.78732,0.84338,966,3864,DR_primary
37,9,C1,13,5066,0.5006,23,0.78735,0.84347,966,3864,DR_primary
37,9,C2,13,5067,0.5007,23,0.78708,0.8433,966,3864,DR_primary
37,9,C3,13,5067,0.5007,23,0.78708,0.8433,966,3864,DR_primary
37,9,C0,14,4582,0.4528,23,0.78741,0.84352,966,3864,DR_primary
37,9,C1,14,5025,0.4966,23,0.78747,0.84369,966,3864,DR_primary
37,9,C2,14,5029,0.497,23,0.78765,0.8439,966,3864,DR_primary
37,9,C3,14,5029,0.497,23,0.78765,0.8439,966,3864,DR_primary
37,9,C0,15,4630,0.4576,23,0.78662,0.84285,966,3864,DR_primary
37,9,C1,15,5074,0.5014,23,0.7865,0.84277,966,3864,DR_primary
37,9,C2,15,5091,0.5031,23,0.78654,0.84294,966,3864,DR_primary
37,9,C3,15,5091,0.5031,23,0.78654,0.84294,966,3864,DR_primary
37,9,C0,16,4521,0.4468,23,0.78645,0.84294,966,3864,DR_primary
37,9,C1,16,4986,0.4927,23,0.78651,0.84296,966,3864,DR_primary
37,9,C2,16,4977,0.4918,23,0.78647,0.84288,966,3864,DR_primary
37,9,C3,16,4977,0.4918,23,0.78647,0.84288,966,3864,DR_primary
37,9,C0,17,4704,0.4649,23,0.78758,0.8436,966,3864,DR_primary
37,9,C1,17,5172,0.5111,23,0.78727,0.84328,966,3864,DR_primary
37,9,C2,17,5203,0.5142,23,0.7872,0.84327,966,3864,DR_primary
37,9,C3,17,5203,0.5142,23,0.7872,0.84327,966,3864,DR_primary
37,9,C0,18,4516,0.4463,23,0.78669,0.84284,966,3864,DR_primary
37,9,C1,18,4990,0.4931,23,0.78692,0.84296,966,3864,DR_primary
37,9,C2,18,5008,0.4949,23,0.78668,0.84279,966,3864,DR_primary
37,9,C3,18,5008,0.4949,23,0.78668,0.84279,966,3864,DR_primary
37,9,C0,19,4651,0.4596,23,0.78637,0.84257,966,3864,DR_primary
37,9,C1,19,5124,0.5064,23,0.78676,0.84282,966,3864,DR_primary
37,9,C2,19,5079,0.5019,23,0.7865,0.84274,966,3864,DR_primary
37,9,C3,19,5079,0.5019,23,0.7865,0.84274,966,3864,DR_primary
37,9,C0,20,4679,0.4624,23,0.78636,0.84252,966,3864,DR_primary
37,9,C1,20,5153,0.5092,23,0.78646,0.84267,966,3864,DR_primary
37,9,C2,20,5184,0.5123,23,0.78638,0.84276,966,3864,DR_primary
37,9,C3,20,5184,0.5123,23,0.78638,0.84276,966,3864,DR_primary
37,9,C0,21,4655,0.46,23,0.78718,0.84331,966,3864,DR_primary
37,9,C1,21,5129,0.5069,23,0.78706,0.84322,966,3864,DR_primary
37,9,C2,21,5100,0.504,23,0.78693,0.84314,966,3864,DR_primary
37,9,C3,21,5100,0.504,23,0.78693,0.84314,966,3864,DR_primary
37,9,C0,22,4527,0.4474,23,0.78672,0.8429,966,3864,DR_primary
37,9,C1,22,4983,0.4924,23,0.78676,0.84293,966,3864,DR_primary
37,9,C2,22,4962,0.4904,23,0.78645,0.84279,966,3864,DR_primary
37,9,C3,22,4962,0.4904,23,0.78645,0.84279,966,3864,DR_primary
37,9,C0,23,4553,0.4499,23,0.78616,0.84251,966,3864,DR_primary
37,9,C1,23,5018,0.4959,23,0.78626,0.84263,966,3864,DR_primary
37,9,C2,23,5039,0.498,23,0.78605,0.84254,966,3864,DR_primary
37,9,C3,23,5039,0.498,23,0.78605,0.84254,966,3864,DR_primary
37,9,C0,24,4585,0.4531,23,0.78722,0.84333,966,3864,DR_primary
37,9,C1,24,5012,0.4953,23,0.78757,0.84371,966,3864,DR_primary
37,9,C2,24,5029,0.497,23,0.78764,0.84391,966,3864,DR_primary
37,9,C3,24,5029,0.497,23,0.78764,0.84391,966,3864,DR_primary
37,9,C0,25,4589,0.4535,23,0.7868,0.84337,966,3864,DR_primary
37,9,C1,25,5030,0.4971,23,0.78689,0.84337,966,3864,DR_primary
37,9,C2,25,5023,0.4964,23,0.78684,0.84349,966,3864,DR_primary
37,9,C3,25,5023,0.4964,23,0.78684,0.84349,966,3864,DR_primary
37,9,C0,26,4519,0.4466,23,0.78731,0.8432,966,3864,DR_primary
37,9,C1,26,4986,0.4927,23,0.78742,0.84339,966,3864,DR_primary
37,9,C2,26,4955,0.4897,23,0.78728,0.84334,966,3864,DR_primary
37,9,C3,26,4955,0.4897,23,0.78728,0.84334,966,3864,DR_primary
37,9,C0,27,4563,0.4509,23,0.7878,0.84378,966,3864,DR_primary
37,9,C1,27,5022,0.4963,23,0.78754,0.84389,966,3864,DR_primary
37,9,C2,27,5015,0.4956,23,0.7875,0.8439,966,3864,DR_primary
37,9,C3,27,5015,0.4956,23,0.7875,0.8439,966,3864,DR_primary
37,9,C0,28,4580,0.4526,23,0.78676,0.84308,966,3864,DR_primary
37,9,C1,28,5034,0.4975,23,0.78677,0.84309,966,3864,DR_primary
37,9,C2,28,5054,0.4995,23,0.78675,0.84319,966,3864,DR_primary
37,9,C3,28,5054,0.4995,23,0.78675,0.84319,966,3864,DR_primary
37,9,C0,29,4629,0.4575,23,0.78741,0.84341,966,3864,DR_primary
37,9,C1,29,5086,0.5026,23,0.78689,0.84301,966,3864,DR_primary
37,9,C2,29,5088,0.5028,23,0.78687,0.84305,966,3864,DR_primary
37,9,C3,29,5088,0.5028,23,0.78687,0.84305,966,3864,DR_primary
37,9,C0,30,4578,0.4524,23,0.78706,0.84318,966,3864,DR_primary
37,9,C1,30,5062,0.5002,23,0.78709,0.84314,966,3864,DR_primary
37,9,C2,30,5020,0.4961,23,0.78701,0.84315,966,3864,DR_primary
37,9,C3,30,5020,0.4961,23,0.78701,0.84315,966,3864,DR_primary
