model_seed,crn_idx,scenario,round,n_attend,participation_rate,active_clients,auroc_holdout,pr_auc_holdout,comm_cost_params,comm_cost_bytes,calibration,n_attend_vm,n_min_within_prov
7,0,C0,1,4565,0.4511,23,0.78684,0.84324,966,3864,DR_primary,4565,5009
7,0,C1,1,4967,0.4909,23,0.78708,0.84321,966,3864,DR_primary,4967,5009
7,0,C2,1,4967,0.4909,23,0.78744,0.84355,966,3864,DR_primary,4967,5009
7,0,C3,1,4967,0.4909,23,0.7876,0.84366,966,3864,DR_primary,4967,5009
7,0,C0,2,4606,0.4552,23,0.78679,0.84337,966,3864,DR_primary,4606,5062
7,0,C1,2,5046,0.4987,23,0.78656,0.84331,966,3864,DR_primary,5046,5062
7,0,C2,2,5046,0.4987,23,0.78671,0.84345,966,3864,DR_primary,5046,5062
7,0,C3,2,5046,0.4987,23,0.78673,0.84348,966,3864,DR_primary,5046,5062
7,0,C0,3,4654,0.4599,23,0.7879,0.84348,966,3864,DR_primary,4654,5088
7,0,C1,3,5060,0.5,23,0.78782,0.84339,966,3864,DR_primary,5060,5088
7,0,C2,3,5060,0.5,23,0.78779,0.84347,966,3864,DR_primary,5060,5088
7,0,C3,3,5060,0.5,23,0.7879,0.84357,966,3864,DR_primary,5060,5088
7,0,C0,4,4611,0.4557,23,0.78706,0.84351,966,3864,DR_primary,4611,5048
7,0,C1,4,5025,0.4966,23,0.78664,0.84308,966,3864,DR_primary,5025,5048
7,0,C2,4,5025,0.4966,23,0.7865,0.84303,966,3864,DR_primary,5025,5048
7,0,C3,4,5025,0.4966,23,0.78666,0.84312,966,3864,DR_primary,5025,5048
7,0,C0,5,4503,0.445,23,0.78676,0.84297,966,3864,DR_primary,4503,4975
7,0,C1,5,4932,0.4874,23,0.78652,0.84291,966,3864,DR_primary,4932,4975
7,0,C2,5,4932,0.4874,23,0.78684,0.84318,966,3864,DR_primary,4932,4975
7,0,C3,5,4932,0.4874,23,0.78679,0.84311,966,3864,DR_primary,4932,4975
7,0,C0,6,4556,0.4502,23,0.78745,0.84349,966,3864,DR_primary,4556,5006
7,0,C1,6,4970,0.4912,23,0.78739,0.84379,966,3864,DR_primary,4970,5006
7,0,C2,6,4970,0.4912,23,0.78721,0.84353,966,3864,DR_primary,4970,5006
7,0,C3,6,4970,0.4912,23,0.78725,0.8436,966,3864,DR_primary,4970,5006
7,0,C0,7,4633,0.4579,23,0.78718,0.84326,966,3864,DR_primary,4633,5061
7,0,C1,7,5027,0.4968,23,0.78711,0.84331,966,3864,DR_primary,5027,5061
7,0,C2,7,5027,0.4968,23,0.78706,0.84314,966,3864,DR_primary,5027,5061
7,0,C3,7,5027,0.4968,23,0.78704,0.84318,966,3864,DR_primary,5027,5061
7,0,C0,8,4561,0.4507,23,0.78682,0.84301,966,3864,DR_primary,4561,5033
7,0,C1,8,5008,0.4949,23,0.78671,0.84318,966,3864,DR_primary,5008,5033
7,0,C2,8,5008,0.4949,23,0.78685,0.84329,966,3864,DR_primary,5008,5033
7,0,C3,8,5008,0.4949,23,0.78674,0.84318,966,3864,DR_primary,5008,5033
7,0,C0,9,4616,0.4562,23,0.78674,0.84308,966,3864,DR_primary,4616,5077
7,0,C1,9,5045,0.4986,23,0.78696,0.84324,966,3864,DR_primary,5045,5077
7,0,C2,9,5045,0.4986,23,0.78684,0.84337,966,3864,DR_primary,5045,5077
7,0,C3,9,5045,0.4986,23,0.78675,0.84332,966,3864,DR_primary,5045,5077
7,0,C0,10,4578,0.4524,23,0.78639,0.84293,966,3864,DR_primary,4578,5023
7,0,C1,10,5001,0.4942,23,0.78667,0.84309,966,3864,DR_primary,5001,5023
7,0,C2,10,5001,0.4942,23,0.78667,0.84309,966,3864,DR_primary,5001,5023
7,0,C3,10,5001,0.4942,23,0.78672,0.84316,966,3864,DR_primary,5001,5023
7,0,C0,11,4571,0.4517,23,0.78716,0.84352,966,3864,DR_primary,4571,5006
7,0,C1,11,4970,0.4912,23,0.78695,0.84336,966,3864,DR_primary,4970,5006
7,0,C2,11,4970,0.4912,23,0.78698,0.84351,966,3864,DR_primary,4970,5006
7,0,C3,11,4970,0.4912,23,0.78696,0.84347,966,3864,DR_primary,4970,5006
7,0,C0,12,4593,0.4539,23,0.78756,0.84388,966,3864,DR_primary,4593,5060
7,0,C1,12,5028,0.4969,23,0.78749,0.84366,966,3864,DR_primary,5028,5060
7,0,C2,12,5028,0.4969,23,0.78741,0.84381,966,3864,DR_primary,5028,5060
7,0,C3,12,5028,0.4969,23,0.78737,0.84374,966,3864,DR_primary,5028,5060
7,0,C0,13,4694,0.4639,23,0.78679,0.84324,966,3864,DR_primary,4694,5161
7,0,C1,13,5129,0.5069,23,0.78711,0.84332,966,3864,DR_primary,5129,5161
7,0,C2,13,5129,0.5069,23,0.78722,0.84342,966,3864,DR_primary,5129,5161
7,0,C3,13,5129,0.5069,23,0.78698,0.84326,966,3864,DR_primary,5129,5161
7,0,C0,14,4626,0.4572,23,0.78641,0.84284,966,3864,DR_primary,4626,5049
7,0,C1,14,5021,0.4962,23,0.78654,0.84277,966,3864,DR_primary,5021,5049
7,0,C2,14,5021,0.4962,23,0.7866,0.84298,966,3864,DR_primary,5021,5049
7,0,C3,14,5021,0.4962,23,0.78657,0.84301,966,3864,DR_primary,5021,5049
7,0,C0,15,4649,0.4594,23,0.78603,0.84252,966,3864,DR_primary,4649,5098
7,0,C1,15,5067,0.5007,23,0.78625,0.84268,966,3864,DR_primary,5067,5098
7,0,C2,15,5067,0.5007,23,0.78622,0.84279,966,3864,DR_primary,5067,5098
7,0,C3,15,5067,0.5007,23,0.78613,0.84272,966,3864,DR_primary,5067,5098
7,0,C0,16,4590,0.4536,23,0.78697,0.84297,966,3864,DR_primary,4590,5045
7,0,C1,16,5015,0.4956,23,0.78674,0.8429,966,3864,DR_primary,5015,5045
7,0,C2,16,5015,0.4956,23,0.78706,0.84312,966,3864,DR_primary,5015,5045
7,0,C3,16,5015,0.4956,23,0.78696,0.84304,966,3864,DR_primary,5015,5045
7,0,C0,17,4601,0.4547,23,0.78713,0.84298,966,3864,DR_primary,4601,5086
7,0,C1,17,5055,0.4996,23,0.78726,0.84303,966,3864,DR_primary,5055,5086
7,0,C2,17,5055,0.4996,23,0.78702,0.84313,966,3864,DR_primary,5055,5086
7,0,C3,17,5055,0.4996,23,0.787,0.84312,966,3864,DR_primary,5055,5086
7,0,C0,18,4652,0.4597,23,0.78711,0.84328,966,3864,DR_primary,4652,5137
7,0,C1,18,5097,0.5037,23,0.78729,0.84341,966,3864,DR_primary,5097,5137
7,0,C2,18,5097,0.5037,23,0.78688,0.84318,966,3864,DR_primary,5097,5137
7,0,C3,18,5097,0.5037,23,0.78701,0.8433,966,3864,DR_primary,5097,5137
7,0,C0,19,4625,0.4571,23,0.78808,0.84407,966,3864,DR_primary,4625,5085
7,0,C1,19,5059,0.5,23,0.78774,0.84392,966,3864,DR_primary,5059,5085
7,0,C2,19,5059,0.5,23,0.78778,0.84396,966,3864,DR_primary,5059,5085
7,0,C3,19,5059,0.5,23,0.78782,0.84399,966,3864,DR_primary,5059,5085
7,0,C0,20,4596,0.4542,23,0.78719,0.84346,966,3864,DR_primary,4596,5060
7,0,C1,20,5026,0.4967,23,0.78715,0.84367,966,3864,DR_primary,5026,5060
7,0,C2,20,5026,0.4967,23,0.78695,0.84355,966,3864,DR_primary,5026,5060
7,0,C3,20,5026,0.4967,23,0.78682,0.84348,966,3864,DR_primary,5026,5060
7,0,C0,21,4661,0.4606,23,0.78678,0.84312,966,3864,DR_primary,4661,5074
7,0,C1,21,5023,0.4964,23,0.78694,0.84322,966,3864,DR_primary,5023,5074
7,0,C2,21,5023,0.4964,23,0.7868,0.84327,966,3864,DR_primary,5023,5074
7,0,C3,21,5023,0.4964,23,0.78698,0.84341,966,3864,DR_primary,5023,5074
7,0,C0,22,4659,0.4604,23,0.78704,0.84298,966,3864,DR_primary,4659,5110
7,0,C1,22,5082,0.5022,23,0.78701,0.84313,966,3864,DR_primary,5082,5110
7,0,C2,22,5082,0.5022,23,0.787,0.84329,966,3864,DR_primary,5082,5110
7,0,C3,22,5082,0.5022,23,0.787,0.84327,966,3864,DR_primary,5082,5110
7,0,C0,23,4552,0.4498,23,0.78749,0.84357,966,3864,DR_primary,4552,5018
7,0,C1,23,4983,0.4924,23,0.78702,0.84323,966,3864,DR_primary,4983,5018
7,0,C2,23,4983,0.4924,23,0.78728,0.84355,966,3864,DR_primary,4983,5018
7,0,C3,23,4983,0.4924,23,0.78731,0.8436,966,3864,DR_primary,4983,5018
7,0,C0,24,4627,0.4573,23,0.7874,0.84377,966,3864,DR_primary,4627,5083
7,0,C1,24,5057,0.4998,23,0.78721,0.8436,966,3864,DR_primary,5057,5083
7,0,C2,24,5057,0.4998,23,0.78726,0.84369,966,3864,DR_primary,5057,5083
7,0,C3,24,5057,0.4998,23,0.78718,0.84365,966,3864,DR_primary,5057,5083
7,0,C0,25,4543,0.449,23,0.78657,0.84306,966,3864,DR_primary,4543,5003
7,0,C1,25,4973,0.4915,23,0.78633,0.84267,966,3864,DR_primary,4973,5003
7,0,C2,25,4973,0.4915,23,0.78621,0.84273,966,3864,DR_primary,4973,5003
7,0,C3,25,4973,0.4915,23,0.78624,0.84271,966,3864,DR_primary,4973,5003
7,0,C0,26,4639,0.4584,23,0.78691,0.84282,966,3864,DR_primary,4639,5084
7,0,C1,26,5047,0.4988,23,0.78692,0.8432,966,3864,DR_primary,5047,5084
7,0,C2,26,5047,0.4988,23,0.78674,0.84304,966,3864,DR_primary,5047,5084
7,0,C3,26,5047,0.4988,23,0.7868,0.84306,966,3864,DR_primary,5047,5084
7,0,C0,27,4603,0.4549,23,0.78663,0.84273,966,3864,DR_primary,4603,5051
7,0,C1,27,5021,0.4962,23,0.7868,0.84281,966,3864,DR_primary,5021,5051
7,0,C2,27,5021,0.4962,23,0.78656,0.84278,966,3864,DR_primary,5021,5051
7,0,C3,27,5021,0.4962,23,0.78659,0.84281,966,3864,DR_primary,5021,5051
7,0,C0,28,4558,0.4504,23,0.78681,0.84307,966,3864,DR_primary,4558,5012
7,0,C1,28,4974,0.4916,23,0.7872,0.84334,966,3864,DR_primary,4974,5012
7,0,C2,28,4974,0.4916,23,0.78697,0.84335,966,3864,DR_primary,4974,5012
7,0,C3,28,4974,0.4916,23,0.78702,0.84342,966,3864,DR_primary,4974,5012
7,0,C0,29,4579,0.4525,23,0.78664,0.84229,966,3864,DR_primary,4579,5028
7,0,C1,29,5010,0.4951,23,0.78652,0.84235,966,3864,DR_primary,5010,5028
7,0,C2,29,5010,0.4951,23,0.78636,0.84236,966,3864,DR_primary,5010,5028
7,0,C3,29,5010,0.4951,23,0.78647,0.84251,966,3864,DR_primary,5010,5028
7,0,C0,30,4701,0.4646,23,0.78609,0.84257,966,3864,DR_primary,4701,5122
7,0,C1,30,5092,0.5032,23,0.78631,0.84272,966,3864,DR_primary,5092,5122
7,0,C2,30,5092,0.5032,23,0.7863,0.84286,966,3864,DR_primary,5092,5122
7,0,C3,30,5092,0.5032,23,0.78637,0.84288,966,3864,DR_primary,5092,5122
7,1,C0,1,4498,0.4445,23,0.78758,0.84394,966,3864,DR_primary,4498,4983
7,1,C1,1,4943,0.4885,23,0.7874,0.84385,966,3864,DR_primary,4943,4983
7,1,C2,1,4943,0.4885,23,0.78777,0.84412,966,3864,DR_primary,4943,4983
7,1,C3,1,4943,0.4885,23,0.78759,0.84386,966,3864,DR_primary,4943,4983
7,1,C0,2,4577,0.4523,23,0.78665,0.84329,966,3864,DR_primary,4577,5047
7,1,C1,2,5021,0.4962,23,0.78684,0.84335,966,3864,DR_primary,5021,5047
7,1,C2,2,5021,0.4962,23,0.78676,0.8433,966,3864,DR_primary,5021,5047
7,1,C3,2,5021,0.4962,23,0.78657,0.84316,966,3864,DR_primary,5021,5047
7,1,C0,3,4595,0.4541,23,0.78697,0.84344,966,3864,DR_primary,4595,5036
7,1,C1,3,5006,0.4947,23,0.78704,0.84342,966,3864,DR_primary,5006,5036
7,1,C2,3,5006,0.4947,23,0.78667,0.8433,966,3864,DR_primary,5006,5036
7,1,C3,3,5006,0.4947,23,0.78681,0.84344,966,3864,DR_primary,5006,5036
7,1,C0,4,4595,0.4541,23,0.78779,0.84406,966,3864,DR_primary,4595,5047
7,1,C1,4,5002,0.4943,23,0.78767,0.84379,966,3864,DR_primary,5002,5047
7,1,C2,4,5002,0.4943,23,0.78768,0.84393,966,3864,DR_primary,5002,5047
7,1,C3,4,5002,0.4943,23,0.78765,0.8439,966,3864,DR_primary,5002,5047
7,1,C0,5,4532,0.4479,23,0.78693,0.84287,966,3864,DR_primary,4532,4976
7,1,C1,5,4960,0.4902,23,0.78721,0.84327,966,3864,DR_primary,4960,4976
7,1,C2,5,4960,0.4902,23,0.7873,0.84347,966,3864,DR_primary,4960,4976
7,1,C3,5,4960,0.4902,23,0.78729,0.84348,966,3864,DR_primary,4960,4976
7,1,C0,6,4555,0.4501,23,0.78671,0.84336,966,3864,DR_primary,4555,5046
7,1,C1,6,5018,0.4959,23,0.78685,0.84336,966,3864,DR_primary,5018,5046
7,1,C2,6,5018,0.4959,23,0.78685,0.84346,966,3864,DR_primary,5018,5046
7,1,C3,6,5018,0.4959,23,0.78683,0.8435,966,3864,DR_primary,5018,5046
7,1,C0,7,4565,0.4511,23,0.78717,0.84306,966,3864,DR_primary,4565,5023
7,1,C1,7,4993,0.4934,23,0.7873,0.84313,966,3864,DR_primary,4993,5023
7,1,C2,7,4993,0.4934,23,0.78732,0.84324,966,3864,DR_primary,4993,5023
7,1,C3,7,4993,0.4934,23,0.78732,0.84323,966,3864,DR_primary,4993,5023
7,1,C0,8,4568,0.4514,23,0.78619,0.84253,966,3864,DR_primary,4568,5043
7,1,C1,8,5006,0.4947,23,0.78639,0.84243,966,3864,DR_primary,5006,5043
7,1,C2,8,5006,0.4947,23,0.7862,0.84255,966,3864,DR_primary,5006,5043
7,1,C3,8,5006,0.4947,23,0.78632,0.8426,966,3864,DR_primary,5006,5043
7,1,C0,9,4562,0.4508,23,0.78692,0.84307,966,3864,DR_primary,4562,5029
7,1,C1,9,4992,0.4933,23,0.78717,0.84315,966,3864,DR_primary,4992,5029
7,1,C2,9,4992,0.4933,23,0.78706,0.84316,966,3864,DR_primary,4992,5029
7,1,C3,9,4992,0.4933,23,0.78698,0.84311,966,3864,DR_primary,4992,5029
7,1,C0,10,4626,0.4572,23,0.78689,0.843,966,3864,DR_primary,4626,5060
7,1,C1,10,5015,0.4956,23,0.78686,0.84308,966,3864,DR_primary,5015,5060
7,1,C2,10,5015,0.4956,23,0.7868,0.84318,966,3864,DR_primary,5015,5060
7,1,C3,10,5015,0.4956,23,0.78673,0.84306,966,3864,DR_primary,5015,5060
7,1,C0,11,4726,0.467,23,0.78747,0.84352,966,3864,DR_primary,4726,5205
7,1,C1,11,5168,0.5107,23,0.78748,0.84363,966,3864,DR_primary,5168,5205
7,1,C2,11,5168,0.5107,23,0.78744,0.84363,966,3864,DR_primary,5168,5205
7,1,C3,11,5168,0.5107,23,0.7873,0.84359,966,3864,DR_primary,5168,5205
7,1,C0,12,4621,0.4567,23,0.78616,0.84282,966,3864,DR_primary,4621,5070
7,1,C1,12,5022,0.4963,23,0.7862,0.84287,966,3864,DR_primary,5022,5070
7,1,C2,12,5022,0.4963,23,0.78594,0.84273,966,3864,DR_primary,5022,5070
7,1,C3,12,5022,0.4963,23,0.78591,0.8428,966,3864,DR_primary,5022,5070
7,1,C0,13,4581,0.4527,23,0.78726,0.84353,966,3864,DR_primary,4581,5045
7,1,C1,13,5016,0.4957,23,0.78744,0.84345,966,3864,DR_primary,5016,5045
7,1,C2,13,5016,0.4957,23,0.78737,0.8435,966,3864,DR_primary,5016,5045
7,1,C3,13,5016,0.4957,23,0.7873,0.84349,966,3864,DR_primary,5016,5045
7,1,C0,14,4602,0.4548,23,0.78708,0.8432,966,3864,DR_primary,4602,5089
7,1,C1,14,5043,0.4984,23,0.78708,0.84338,966,3864,DR_primary,5043,5089
7,1,C2,14,5043,0.4984,23,0.78736,0.84365,966,3864,DR_primary,5043,5089
7,1,C3,14,5043,0.4984,23,0.7874,0.84365,966,3864,DR_primary,5043,5089
7,1,C0,15,4558,0.4504,23,0.78685,0.84317,966,3864,DR_primary,4558,4972
7,1,C1,15,4942,0.4884,23,0.7869,0.84327,966,3864,DR_primary,4942,4972
7,1,C2,15,4942,0.4884,23,0.78679,0.84317,966,3864,DR_primary,4942,4972
7,1,C3,15,4942,0.4884,23,0.78676,0.84313,966,3864,DR_primary,4942,4972
7,1,C0,16,4567,0.4513,23,0.78656,0.8428,966,3864,DR_primary,4567,4992
7,1,C1,16,4953,0.4895,23,0.78674,0.84289,966,3864,DR_primary,4953,4992
7,1,C2,16,4953,0.4895,23,0.78682,0.84306,966,3864,DR_primary,4953,4992
7,1,C3,16,4953,0.4895,23,0.78674,0.84295,966,3864,DR_primary,4953,4992
7,1,C0,17,4574,0.452,23,0.78608,0.84207,966,3864,DR_primary,4574,5040
7,1,C1,17,5006,0.4947,23,0.78617,0.84223,966,3864,DR_primary,5006,5040
7,1,C2,17,5006,0.4947,23,0.78612,0.84229,966,3864,DR_primary,5006,5040
7,1,C3,17,5006,0.4947,23,0.78619,0.84234,966,3864,DR_primary,5006,5040
7,1,C0,18,4562,0.4508,23,0.78664,0.84331,966,3864,DR_primary,4562,5014
7,1,C1,18,4980,0.4921,23,0.78675,0.84319,966,3864,DR_primary,4980,5014
7,1,C2,18,4980,0.4921,23,0.78623,0.84288,966,3864,DR_primary,4980,5014
7,1,C3,18,4980,0.4921,23,0.78629,0.84298,966,3864,DR_primary,4980,5014
7,1,C0,19,4487,0.4434,23,0.78702,0.8436,966,3864,DR_primary,4487,4958
7,1,C1,19,4926,0.4868,23,0.78697,0.84355,966,3864,DR_primary,4926,4958
7,1,C2,19,4926,0.4868,23,0.78705,0.84362,966,3864,DR_primary,4926,4958
7,1,C3,19,4926,0.4868,23,0.78706,0.84362,966,3864,DR_primary,4926,4958
7,1,C0,20,4504,0.4451,23,0.78654,0.84297,966,3864,DR_primary,4504,4963
7,1,C1,20,4928,0.487,23,0.78662,0.84297,966,3864,DR_primary,4928,4963
7,1,C2,20,4928,0.487,23,0.78644,0.84292,966,3864,DR_primary,4928,4963
7,1,C3,20,4928,0.487,23,0.78634,0.8428,966,3864,DR_primary,4928,4963
7,1,C0,21,4586,0.4532,23,0.78637,0.84278,966,3864,DR_primary,4586,5044
7,1,C1,21,5026,0.4967,23,0.78641,0.84286,966,3864,DR_primary,5026,5044
7,1,C2,21,5026,0.4967,23,0.7864,0.8429,966,3864,DR_primary,5026,5044
7,1,C3,21,5026,0.4967,23,0.78644,0.84292,966,3864,DR_primary,5026,5044
7,1,C0,22,4608,0.4554,23,0.78691,0.84274,966,3864,DR_primary,4608,5060
7,1,C1,22,5028,0.4969,23,0.78669,0.84266,966,3864,DR_primary,5028,5060
7,1,C2,22,5028,0.4969,23,0.78662,0.84266,966,3864,DR_primary,5028,5060
7,1,C3,22,5028,0.4969,23,0.78673,0.84275,966,3864,DR_primary,5028,5060
7,1,C0,23,4632,0.4578,23,0.78753,0.84333,966,3864,DR_primary,4632,5115
7,1,C1,23,5090,0.503,23,0.78745,0.84341,966,3864,DR_primary,5090,5115
7,1,C2,23,5090,0.503,23,0.78739,0.84349,966,3864,DR_primary,5090,5115
7,1,C3,23,5090,0.503,23,0.78736,0.84341,966,3864,DR_primary,5090,5115
7,1,C0,24,4502,0.4449,23,0.78781,0.84411,966,3864,DR_primary,4502,4956
7,1,C1,24,4924,0.4866,23,0.78773,0.84397,966,3864,DR_primary,4924,4956
7,1,C2,24,4924,0.4866,23,0.78779,0.84408,966,3864,DR_primary,4924,4956
7,1,C3,24,4924,0.4866,23,0.78781,0.84411,966,3864,DR_primary,4924,4956
7,1,C0,25,4566,0.4512,23,0.78694,0.84331,966,3864,DR_primary,4566,4995
7,1,C1,25,4966,0.4908,23,0.78681,0.84324,966,3864,DR_primary,4966,4995
7,1,C2,25,4966,0.4908,23,0.78683,0.84325,966,3864,DR_primary,4966,4995
7,1,C3,25,4966,0.4908,23,0.787,0.84336,966,3864,DR_primary,4966,4995
7,1,C0,26,4543,0.449,23,0.7865,0.8428,966,3864,DR_primary,4543,5028
7,1,C1,26,4998,0.4939,23,0.78677,0.84305,966,3864,DR_primary,4998,5028
7,1,C2,26,4998,0.4939,23,0.78655,0.84305,966,3864,DR_primary,4998,5028
7,1,C3,26,4998,0.4939,23,0.78649,0.84301,966,3864,DR_primary,4998,5028
7,1,C0,27,4606,0.4552,23,0.78759,0.84388,966,3864,DR_primary,4606,5034
7,1,C1,27,5020,0.4961,23,0.78757,0.84386,966,3864,DR_primary,5020,5034
7,1,C2,27,5020,0.4961,23,0.78737,0.84362,966,3864,DR_primary,5020,5034
7,1,C3,27,5020,0.4961,23,0.78737,0.84364,966,3864,DR_primary,5020,5034
7,1,C0,28,4637,0.4582,23,0.7862,0.84281,966,3864,DR_primary,4637,5116
7,1,C1,28,5075,0.5015,23,0.78634,0.84287,966,3864,DR_primary,5075,5116
7,1,C2,28,5075,0.5015,23,0.78587,0.84273,966,3864,DR_primary,5075,5116
7,1,C3,28,5075,0.5015,23,0.78601,0.84274,966,3864,DR_primary,5075,5116
7,1,C0,29,4668,0.4613,23,0.78657,0.84297,966,3864,DR_primary,4668,5104
7,1,C1,29,5084,0.5024,23,0.78637,0.84281,966,3864,DR_primary,5084,5104
7,1,C2,29,5084,0.5024,23,0.78636,0.8429,966,3864,DR_primary,5084,5104
7,1,C3,29,5084,0.5024,23,0.78639,0.84296,966,3864,DR_primary,5084,5104
7,1,C0,30,4532,0.4479,23,0.78681,0.84335,966,3864,DR_primary,4532,4998
7,1,C1,30,4960,0.4902,23,0.78687,0.84338,966,3864,DR_primary,4960,4998
7,1,C2,30,4960,0.4902,23,0.78683,0.84349,966,3864,DR_primary,4960,4998
7,1,C3,30,4960,0.4902,23,0.78686,0.84345,966,3864,DR_primary,4960,4998
7,2,C0,1,4605,0.4551,23,0.78728,0.84348,966,3864,DR_primary,4605,5040
7,2,C1,1,5018,0.4959,23,0.78722,0.84326,966,3864,DR_primary,5018,5040
7,2,C2,1,5018,0.4959,23,0.78721,0.84336,966,3864,DR_primary,5018,5040
7,2,C3,1,5018,0.4959,23,0.78728,0.8434,966,3864,DR_primary,5018,5040
7,2,C0,2,4597,0.4543,23,0.78674,0.84284,966,3864,DR_primary,4597,5067
7,2,C1,2,5042,0.4983,23,0.7866,0.84292,966,3864,DR_primary,5042,5067
7,2,C2,2,5042,0.4983,23,0.787,0.8433,966,3864,DR_primary,5042,5067
7,2,C3,2,5042,0.4983,23,0.78698,0.8433,966,3864,DR_primary,5042,5067
7,2,C0,3,4615,0.4561,23,0.78672,0.84306,966,3864,DR_primary,4615,5057
7,2,C1,3,5031,0.4972,23,0.78655,0.84285,966,3864,DR_primary,5031,5057
7,2,C2,3,5031,0.4972,23,0.78669,0.84306,966,3864,DR_primary,5031,5057
7,2,C3,3,5031,0.4972,23,0.78678,0.8431,966,3864,DR_primary,5031,5057
7,2,C0,4,4605,0.4551,23,0.78608,0.84272,966,3864,DR_primary,4605,5056
7,2,C1,4,5025,0.4966,23,0.78618,0.84267,966,3864,DR_primary,5025,5056
7,2,C2,4,5025,0.4966,23,0.78602,0.84273,966,3864,DR_primary,5025,5056
7,2,C3,4,5025,0.4966,23,0.78597,0.84269,966,3864,DR_primary,5025,5056
7,2,C0,5,4543,0.449,23,0.78634,0.84279,966,3864,DR_primary,4543,5017
7,2,C1,5,4984,0.4925,23,0.7869,0.84334,966,3864,DR_primary,4984,5017
7,2,C2,5,4984,0.4925,23,0.78669,0.84323,966,3864,DR_primary,4984,5017
7,2,C3,5,4984,0.4925,23,0.78664,0.84318,966,3864,DR_primary,4984,5017
7,2,C0,6,4586,0.4532,23,0.78692,0.84324,966,3864,DR_primary,4586,5029
7,2,C1,6,4991,0.4932,23,0.78703,0.84343,966,3864,DR_primary,4991,5029
7,2,C2,6,4991,0.4932,23,0.78684,0.84333,966,3864,DR_primary,4991,5029
7,2,C3,6,4991,0.4932,23,0.78687,0.84338,966,3864,DR_primary,4991,5029
7,2,C0,7,4490,0.4437,23,0.78745,0.84293,966,3864,DR_primary,4490,4959
7,2,C1,7,4931,0.4873,23,0.78748,0.84305,966,3864,DR_primary,4931,4959
7,2,C2,7,4931,0.4873,23,0.78714,0.84282,966,3864,DR_primary,4931,4959
7,2,C3,7,4931,0.4873,23,0.78714,0.84284,966,3864,DR_primary,4931,4959
7,2,C0,8,4625,0.4571,23,0.78719,0.84303,966,3864,DR_primary,4625,5049
7,2,C1,8,5025,0.4966,23,0.78711,0.84294,966,3864,DR_primary,5025,5049
7,2,C2,8,5025,0.4966,23,0.78716,0.84298,966,3864,DR_primary,5025,5049
7,2,C3,8,5025,0.4966,23,0.78724,0.84307,966,3864,DR_primary,5025,5049
7,2,C0,9,4544,0.4491,23,0.78668,0.84318,966,3864,DR_primary,4544,5026
7,2,C1,9,4992,0.4933,23,0.78639,0.84305,966,3864,DR_primary,4992,5026
7,2,C2,9,4992,0.4933,23,0.78646,0.84307,966,3864,DR_primary,4992,5026
7,2,C3,9,4992,0.4933,23,0.78647,0.84306,966,3864,DR_primary,4992,5026
7,2,C0,10,4625,0.4571,23,0.78731,0.84344,966,3864,DR_primary,4625,5069
7,2,C1,10,5033,0.4974,23,0.78731,0.84348,966,3864,DR_primary,5033,5069
7,2,C2,10,5033,0.4974,23,0.78709,0.84338,966,3864,DR_primary,5033,5069
7,2,C3,10,5033,0.4974,23,0.78702,0.84334,966,3864,DR_primary,5033,5069
7,2,C0,11,4616,0.4562,23,0.7864,0.84258,966,3864,DR_primary,4616,5056
7,2,C1,11,5034,0.4975,23,0.78629,0.84272,966,3864,DR_primary,5034,5056
7,2,C2,11,5034,0.4975,23,0.78654,0.84299,966,3864,DR_primary,5034,5056
7,2,C3,11,5034,0.4975,23,0.78648,0.84292,966,3864,DR_primary,5034,5056
7,2,C0,12,4599,0.4545,23,0.78677,0.84282,966,3864,DR_primary,4599,5054
7,2,C1,12,5033,0.4974,23,0.78646,0.84266,966,3864,DR_primary,5033,5054
7,2,C2,12,5033,0.4974,23,0.7866,0.8429,966,3864,DR_primary,5033,5054
7,2,C3,12,5033,0.4974,23,0.78658,0.84288,966,3864,DR_primary,5033,5054
7,2,C0,13,4563,0.4509,23,0.78641,0.84266,966,3864,DR_primary,4563,5014
7,2,C1,13,4996,0.4937,23,0.78631,0.84255,966,3864,DR_primary,4996,5014
7,2,C2,13,4996,0.4937,23,0.78592,0.84258,966,3864,DR_primary,4996,5014
7,2,C3,13,4996,0.4937,23,0.78588,0.84252,966,3864,DR_primary,4996,5014
7,2,C0,14,4609,0.4555,23,0.78695,0.84332,966,3864,DR_primary,4609,5037
7,2,C1,14,5006,0.4947,23,0.78684,0.84338,966,3864,DR_primary,5006,5037
7,2,C2,14,5006,0.4947,23,0.78681,0.84335,966,3864,DR_primary,5006,5037
7,2,C3,14,5006,0.4947,23,0.78689,0.84339,966,3864,DR_primary,5006,5037
7,2,C0,15,4581,0.4527,23,0.7877,0.84346,966,3864,DR_primary,4581,5032
7,2,C1,15,5003,0.4944,23,0.78729,0.84322,966,3864,DR_primary,5003,5032
7,2,C2,15,5003,0.4944,23,0.78743,0.84349,966,3864,DR_primary,5003,5032
7,2,C3,15,5003,0.4944,23,0.78737,0.84354,966,3864,DR_primary,5003,5032
7,2,C0,16,4585,0.4531,23,0.78731,0.8434,966,3864,DR_primary,4585,5024
7,2,C1,16,4986,0.4927,23,0.78715,0.84324,966,3864,DR_primary,4986,5024
7,2,C2,16,4986,0.4927,23,0.78721,0.84332,966,3864,DR_primary,4986,5024
7,2,C3,16,4986,0.4927,23,0.78718,0.84321,966,3864,DR_primary,4986,5024
7,2,C0,17,4549,0.4496,23,0.7868,0.84306,966,3864,DR_primary,4549,5024
7,2,C1,17,4989,0.493,23,0.78684,0.84322,966,3864,DR_primary,4989,5024
7,2,C2,17,4989,0.493,23,0.78687,0.8433,966,3864,DR_primary,4989,5024
7,2,C3,17,4989,0.493,23,0.7868,0.84328,966,3864,DR_primary,4989,5024
7,2,C0,18,4598,0.4544,23,0.78803,0.84362,966,3864,DR_primary,4598,5053
7,2,C1,18,5030,0.4971,23,0.7879,0.84334,966,3864,DR_primary,5030,5053
7,2,C2,18,5030,0.4971,23,0.78769,0.84326,966,3864,DR_primary,5030,5053
7,2,C3,18,5030,0.4971,23,0.78774,0.84329,966,3864,DR_primary,5030,5053
7,2,C0,19,4711,0.4656,23,0.78685,0.84347,966,3864,DR_primary,4711,5132
7,2,C1,19,5101,0.5041,23,0.78666,0.84319,966,3864,DR_primary,5101,5132
7,2,C2,19,5101,0.5041,23,0.78656,0.84324,966,3864,DR_primary,5101,5132
7,2,C3,19,5101,0.5041,23,0.7866,0.84321,966,3864,DR_primary,5101,5132
7,2,C0,20,4602,0.4548,23,0.78693,0.84297,966,3864,DR_primary,4602,5073
7,2,C1,20,5044,0.4985,23,0.78682,0.84296,966,3864,DR_primary,5044,5073
7,2,C2,20,5044,0.4985,23,0.78665,0.84281,966,3864,DR_primary,5044,5073
7,2,C3,20,5044,0.4985,23,0.78671,0.84281,966,3864,DR_primary,5044,5073
7,2,C0,21,4594,0.454,23,0.78706,0.84322,966,3864,DR_primary,4594,5050
7,2,C1,21,5013,0.4954,23,0.78699,0.84304,966,3864,DR_primary,5013,5050
7,2,C2,21,5013,0.4954,23,0.78688,0.84303,966,3864,DR_primary,5013,5050
7,2,C3,21,5013,0.4954,23,0.78685,0.84299,966,3864,DR_primary,5013,5050
7,2,C0,22,4588,0.4534,23,0.78776,0.84332,966,3864,DR_primary,4588,5025
7,2,C1,22,5000,0.4941,23,0.78776,0.84346,966,3864,DR_primary,5000,5025
7,2,C2,22,5000,0.4941,23,0.78752,0.84335,966,3864,DR_primary,5000,5025
7,2,C3,22,5000,0.4941,23,0.7875,0.8433,966,3864,DR_primary,5000,5025
7,2,C0,23,4571,0.4517,23,0.78668,0.84338,966,3864,DR_primary,4571,5037
7,2,C1,23,5014,0.4955,23,0.78678,0.8435,966,3864,DR_primary,5014,5037
7,2,C2,23,5014,0.4955,23,0.78669,0.84339,966,3864,DR_primary,5014,5037
7,2,C3,23,5014,0.4955,23,0.78663,0.84335,966,3864,DR_primary,5014,5037
7,2,C0,24,4647,0.4592,23,0.78741,0.84361,966,3864,DR_primary,4647,5052
7,2,C1,24,5026,0.4967,23,0.78766,0.84372,966,3864,DR_primary,5026,5052
7,2,C2,24,5026,0.4967,23,0.78739,0.84366,966,3864,DR_primary,5026,5052
7,2,C3,24,5026,0.4967,23,0.78745,0.84369,966,3864,DR_primary,5026,5052
7,2,C0,25,4526,0.4473,23,0.78673,0.84356,966,3864,DR_primary,4526,5005
7,2,C1,25,4974,0.4916,23,0.78728,0.84383,966,3864,DR_primary,4974,5005
7,2,C2,25,4974,0.4916,23,0.7869,0.84364,966,3864,DR_primary,4974,5005
7,2,C3,25,4974,0.4916,23,0.78686,0.84357,966,3864,DR_primary,4974,5005
7,2,C0,26,4587,0.4533,23,0.78742,0.84331,966,3864,DR_primary,4587,5028
7,2,C1,26,4995,0.4936,23,0.78702,0.84311,966,3864,DR_primary,4995,5028
7,2,C2,26,4995,0.4936,23,0.78685,0.84302,966,3864,DR_primary,4995,5028
7,2,C3,26,4995,0.4936,23,0.78679,0.84297,966,3864,DR_primary,4995,5028
7,2,C0,27,4603,0.4549,23,0.78698,0.84306,966,3864,DR_primary,4603,5074
7,2,C1,27,5039,0.498,23,0.78697,0.84309,966,3864,DR_primary,5039,5074
7,2,C2,27,5039,0.498,23,0.78697,0.84309,966,3864,DR_primary,5039,5074
7,2,C3,27,5039,0.498,23,0.7868,0.84295,966,3864,DR_primary,5039,5074
7,2,C0,28,4595,0.4541,23,0.78658,0.84288,966,3864,DR_primary,4595,5007
7,2,C1,28,4978,0.4919,23,0.78646,0.84292,966,3864,DR_primary,4978,5007
7,2,C2,28,4978,0.4919,23,0.78646,0.84292,966,3864,DR_primary,4978,5007
7,2,C3,28,4978,0.4919,23,0.78637,0.84287,966,3864,DR_primary,4978,5007
7,2,C0,29,4436,0.4384,23,0.7863,0.84283,966,3864,DR_primary,4436,4921
7,2,C1,29,4885,0.4828,23,0.78657,0.84279,966,3864,DR_primary,4885,4921
7,2,C2,29,4885,0.4828,23,0.78659,0.84304,966,3864,DR_primary,4885,4921
7,2,C3,29,4885,0.4828,23,0.78657,0.84306,966,3864,DR_primary,4885,4921
7,2,C0,30,4632,0.4578,23,0.78668,0.84296,966,3864,DR_primary,4632,5079
7,2,C1,30,5042,0.4983,23,0.78649,0.84265,966,3864,DR_primary,5042,5079
7,2,C2,30,5042,0.4983,23,0.78668,0.84287,966,3864,DR_primary,5042,5079
7,2,C3,30,5042,0.4983,23,0.78682,0.84301,966,3864,DR_primary,5042,5079
7,3,C0,1,4630,0.4576,23,0.78749,0.84363,966,3864,DR_primary,4630,5073
7,3,C1,1,5043,0.4984,23,0.78758,0.84374,966,3864,DR_primary,5043,5073
7,3,C2,1,5043,0.4984,23,0.78786,0.84378,966,3864,DR_primary,5043,5073
7,3,C3,1,5043,0.4984,23,0.78796,0.84389,966,3864,DR_primary,5043,5073
7,3,C0,2,4597,0.4543,23,0.78685,0.84313,966,3864,DR_primary,4597,5030
7,3,C1,2,5011,0.4952,23,0.78692,0.84324,966,3864,DR_primary,5011,5030
7,3,C2,2,5011,0.4952,23,0.78665,0.8431,966,3864,DR_primary,5011,5030
7,3,C3,2,5011,0.4952,23,0.78656,0.84296,966,3864,DR_primary,5011,5030
7,3,C0,3,4605,0.4551,23,0.78758,0.84332,966,3864,DR_primary,4605,5036
7,3,C1,3,5013,0.4954,23,0.78719,0.8431,966,3864,DR_primary,5013,5036
7,3,C2,3,5013,0.4954,23,0.78711,0.84314,966,3864,DR_primary,5013,5036
7,3,C3,3,5013,0.4954,23,0.78718,0.84319,966,3864,DR_primary,5013,5036
7,3,C0,4,4683,0.4628,23,0.78672,0.84324,966,3864,DR_primary,4683,5100
7,3,C1,4,5063,0.5003,23,0.78707,0.84322,966,3864,DR_primary,5063,5100
7,3,C2,4,5063,0.5003,23,0.78678,0.84321,966,3864,DR_primary,5063,5100
7,3,C3,4,5063,0.5003,23,0.78676,0.84321,966,3864,DR_primary,5063,5100
7,3,C0,5,4648,0.4593,23,0.78704,0.84316,966,3864,DR_primary,4648,5096
7,3,C1,5,5077,0.5017,23,0.78673,0.84291,966,3864,DR_primary,5077,5096
7,3,C2,5,5077,0.5017,23,0.78665,0.84289,966,3864,DR_primary,5077,5096
7,3,C3,5,5077,0.5017,23,0.78669,0.84294,966,3864,DR_primary,5077,5096
7,3,C0,6,4541,0.4488,23,0.7868,0.84296,966,3864,DR_primary,4541,4999
7,3,C1,6,4965,0.4907,23,0.78699,0.8431,966,3864,DR_primary,4965,4999
7,3,C2,6,4965,0.4907,23,0.78704,0.84333,966,3864,DR_primary,4965,4999
7,3,C3,6,4965,0.4907,23,0.7871,0.84338,966,3864,DR_primary,4965,4999
7,3,C0,7,4573,0.4519,23,0.78711,0.84367,966,3864,DR_primary,4573,5031
7,3,C1,7,5006,0.4947,23,0.78725,0.8437,966,3864,DR_primary,5006,5031
7,3,C2,7,5006,0.4947,23,0.78687,0.8435,966,3864,DR_primary,5006,5031
7,3,C3,7,5006,0.4947,23,0.78685,0.84346,966,3864,DR_primary,5006,5031
7,3,C0,8,4604,0.455,23,0.78703,0.84339,966,3864,DR_primary,4604,5089
7,3,C1,8,5060,0.5,23,0.78704,0.84337,966,3864,DR_primary,5060,5089
7,3,C2,8,5060,0.5,23,0.78717,0.84362,966,3864,DR_primary,5060,5089
7,3,C3,8,5060,0.5,23,0.78717,0.84359,966,3864,DR_primary,5060,5089
7,3,C0,9,4596,0.4542,23,0.78746,0.8433,966,3864,DR_primary,4596,5045
7,3,C1,9,5017,0.4958,23,0.78724,0.84323,966,3864,DR_primary,5017,5045
7,3,C2,9,5017,0.4958,23,0.78723,0.84325,966,3864,DR_primary,5017,5045
7,3,C3,9,5017,0.4958,23,0.78728,0.84327,966,3864,DR_primary,5017,5045
7,3,C0,10,4527,0.4474,23,0.78606,0.84237,966,3864,DR_primary,4527,4984
7,3,C1,10,4959,0.4901,23,0.78622,0.8424,966,3864,DR_primary,4959,4984
7,3,C2,10,4959,0.4901,23,0.78631,0.84262,966,3864,DR_primary,4959,4984
7,3,C3,10,4959,0.4901,23,0.78642,0.8427,966,3864,DR_primary,4959,4984
7,3,C0,11,4635,0.458,23,0.78752,0.84393,966,3864,DR_primary,4635,5106
7,3,C1,11,5075,0.5015,23,0.78742,0.84362,966,3864,DR_primary,5075,5106
7,3,C2,11,5075,0.5015,23,0.78716,0.84343,966,3864,DR_primary,5075,5106
7,3,C3,11,5075,0.5015,23,0.78717,0.84353,966,3864,DR_primary,5075,5106
7,3,C0,12,4612,0.4558,23,0.78747,0.84289,966,3864,DR_primary,4612,5073
7,3,C1,12,5027,0.4968,23,0.78735,0.84308,966,3864,DR_primary,5027,5073
7,3,C2,12,5027,0.4968,23,0.78747,0.84317,966,3864,DR_primary,5027,5073
7,3,C3,12,5027,0.4968,23,0.78739,0.84316,966,3864,DR_primary,5027,5073
7,3,C0,13,4622,0.4568,23,0.78658,0.84272,966,3864,DR_primary,4622,5076
7,3,C1,13,5040,0.4981,23,0.78654,0.84268,966,3864,DR_primary,5040,5076
7,3,C2,13,5040,0.4981,23,0.78659,0.84281,966,3864,DR_primary,5040,5076
7,3,C3,13,5040,0.4981,23,0.78647,0.84277,966,3864,DR_primary,5040,5076
7,3,C0,14,4616,0.4562,23,0.78731,0.84337,966,3864,DR_primary,4616,5059
7,3,C1,14,5044,0.4985,23,0.78704,0.84298,966,3864,DR_primary,5044,5059
7,3,C2,14,5044,0.4985,23,0.78706,0.84314,966,3864,DR_primary,5044,5059
7,3,C3,14,5044,0.4985,23,0.78709,0.84318,966,3864,DR_primary,5044,5059
7,3,C0,15,4598,0.4544,23,0.78741,0.8437,966,3864,DR_primary,4598,5067
7,3,C1,15,5039,0.498,23,0.78741,0.84362,966,3864,DR_primary,5039,5067
7,3,C2,15,5039,0.498,23,0.78728,0.84361,966,3864,DR_primary,5039,5067
7,3,C3,15,5039,0.498,23,0.7873,0.84367,966,3864,DR_primary,5039,5067
7,3,C0,16,4568,0.4514,23,0.78644,0.84312,966,3864,DR_primary,4568,5026
7,3,C1,16,4987,0.4928,23,0.78674,0.84311,966,3864,DR_primary,4987,5026
7,3,C2,16,4987,0.4928,23,0.78644,0.84301,966,3864,DR_primary,4987,5026
7,3,C3,16,4987,0.4928,23,0.7863,0.84293,966,3864,DR_primary,4987,5026
7,3,C0,17,4600,0.4546,23,0.78655,0.8427,966,3864,DR_primary,4600,5091
7,3,C1,17,5058,0.4999,23,0.78689,0.84316,966,3864,DR_primary,5058,5091
7,3,C2,17,5058,0.4999,23,0.78682,0.84319,966,3864,DR_primary,5058,5091
7,3,C3,17,5058,0.4999,23,0.78682,0.84317,966,3864,DR_primary,5058,5091
7,3,C0,18,4485,0.4432,23,0.7869,0.84305,966,3864,DR_primary,4485,4937
7,3,C1,18,4916,0.4858,23,0.78682,0.84297,966,3864,DR_primary,4916,4937
7,3,C2,18,4916,0.4858,23,0.7868,0.84298,966,3864,DR_primary,4916,4937
7,3,C3,18,4916,0.4858,23,0.78684,0.84305,966,3864,DR_primary,4916,4937
7,3,C0,19,4627,0.4573,23,0.78719,0.84295,966,3864,DR_primary,4627,5072
7,3,C1,19,5038,0.4979,23,0.78709,0.8429,966,3864,DR_primary,5038,5072
7,3,C2,19,5038,0.4979,23,0.78749,0.84332,966,3864,DR_primary,5038,5072
7,3,C3,19,5038,0.4979,23,0.78734,0.84317,966,3864,DR_primary,5038,5072
7,3,C0,20,4625,0.4571,23,0.78673,0.8438,966,3864,DR_primary,4625,5026
7,3,C1,20,4997,0.4938,23,0.78671,0.84359,966,3864,DR_primary,4997,5026
7,3,C2,20,4997,0.4938,23,0.78688,0.84382,966,3864,DR_primary,4997,5026
7,3,C3,20,4997,0.4938,23,0.78697,0.84393,966,3864,DR_primary,4997,5026
7,3,C0,21,4621,0.4567,23,0.7861,0.84272,966,3864,DR_primary,4621,5050
7,3,C1,21,5017,0.4958,23,0.78636,0.84284,966,3864,DR_primary,5017,5050
7,3,C2,21,5017,0.4958,23,0.78601,0.84269,966,3864,DR_primary,5017,5050
7,3,C3,21,5017,0.4958,23,0.78592,0.84261,966,3864,DR_primary,5017,5050
7,3,C0,22,4572,0.4518,23,0.78629,0.84268,966,3864,DR_primary,4572,5018
7,3,C1,22,4987,0.4928,23,0.78645,0.84287,966,3864,DR_primary,4987,5018
7,3,C2,22,4987,0.4928,23,0.78633,0.84282,966,3864,DR_primary,4987,5018
7,3,C3,22,4987,0.4928,23,0.78643,0.84287,966,3864,DR_primary,4987,5018
7,3,C0,23,4574,0.452,23,0.78792,0.84373,966,3864,DR_primary,4574,5026
7,3,C1,23,4993,0.4934,23,0.78792,0.84358,966,3864,DR_primary,4993,5026
7,3,C2,23,4993,0.4934,23,0.78774,0.84352,966,3864,DR_primary,4993,5026
7,3,C3,23,4993,0.4934,23,0.78778,0.84357,966,3864,DR_primary,4993,5026
7,3,C0,24,4618,0.4564,23,0.78773,0.84332,966,3864,DR_primary,4618,5060
7,3,C1,24,5031,0.4972,23,0.78785,0.84333,966,3864,DR_primary,5031,5060
7,3,C2,24,5031,0.4972,23,0.78777,0.84337,966,3864,DR_primary,5031,5060
7,3,C3,24,5031,0.4972,23,0.78772,0.84335,966,3864,DR_primary,5031,5060
7,3,C0,25,4629,0.4575,23,0.78688,0.84313,966,3864,DR_primary,4629,5079
7,3,C1,25,5054,0.4995,23,0.78691,0.84326,966,3864,DR_primary,5054,5079
7,3,C2,25,5054,0.4995,23,0.78667,0.84314,966,3864,DR_primary,5054,5079
7,3,C3,25,5054,0.4995,23,0.78676,0.84316,966,3864,DR_primary,5054,5079
7,3,C0,26,4602,0.4548,23,0.78658,0.84282,966,3864,DR_primary,4602,5107
7,3,C1,26,5073,0.5013,23,0.78665,0.84289,966,3864,DR_primary,5073,5107
7,3,C2,26,5073,0.5013,23,0.78669,0.84306,966,3864,DR_primary,5073,5107
7,3,C3,26,5073,0.5013,23,0.78673,0.84311,966,3864,DR_primary,5073,5107
7,3,C0,27,4631,0.4577,23,0.78693,0.84287,966,3864,DR_primary,4631,5084
7,3,C1,27,5052,0.4993,23,0.78722,0.84298,966,3864,DR_primary,5052,5084
7,3,C2,27,5052,0.4993,23,0.78718,0.84321,966,3864,DR_primary,5052,5084
7,3,C3,27,5052,0.4993,23,0.7873,0.84334,966,3864,DR_primary,5052,5084
7,3,C0,28,4654,0.4599,23,0.78705,0.84352,966,3864,DR_primary,4654,5113
7,3,C1,28,5092,0.5032,23,0.78695,0.84342,966,3864,DR_primary,5092,5113
7,3,C2,28,5092,0.5032,23,0.78692,0.84338,966,3864,DR_primary,5092,5113
7,3,C3,28,5092,0.5032,23,0.78688,0.84337,966,3864,DR_primary,5092,5113
7,3,C0,29,4552,0.4498,23,0.78712,0.84373,966,3864,DR_primary,4552,5019
7,3,C1,29,4984,0.4925,23,0.78689,0.84358,966,3864,DR_primary,4984,5019
7,3,C2,29,4984,0.4925,23,0.78654,0.84337,966,3864,DR_primary,4984,5019
7,3,C3,29,4984,0.4925,23,0.78662,0.84339,966,3864,DR_primary,4984,5019
7,3,C0,30,4565,0.4511,23,0.78687,0.84316,966,3864,DR_primary,4565,5015
7,3,C1,30,4977,0.4918,23,0.78674,0.84308,966,3864,DR_primary,4977,5015
7,3,C2,30,4977,0.4918,23,0.78675,0.8432,966,3864,DR_primary,4977,5015
7,3,C3,30,4977,0.4918,23,0.78683,0.84326,966,3864,DR_primary,4977,5015
7,4,C0,1,4597,0.4543,23,0.78653,0.84293,966,3864,DR_primary,4597,5084
7,4,C1,1,5042,0.4983,23,0.78666,0.84297,966,3864,DR_primary,5042,5084
7,4,C2,1,5042,0.4983,23,0.78685,0.8432,966,3864,DR_primary,5042,5084
7,4,C3,1,5042,0.4983,23,0.7869,0.84322,966,3864,DR_primary,5042,5084
7,4,C0,2,4552,0.4498,23,0.78652,0.8431,966,3864,DR_primary,4552,5012
7,4,C1,2,4993,0.4934,23,0.78664,0.8432,966,3864,DR_primary,4993,5012
7,4,C2,2,4993,0.4934,23,0.78656,0.84313,966,3864,DR_primary,4993,5012
7,4,C3,2,4993,0.4934,23,0.78667,0.84326,966,3864,DR_primary,4993,5012
7,4,C0,3,4596,0.4542,23,0.78658,0.84339,966,3864,DR_primary,4596,5031
7,4,C1,3,4996,0.4937,23,0.78685,0.84334,966,3864,DR_primary,4996,5031
7,4,C2,3,4996,0.4937,23,0.78654,0.84302,966,3864,DR_primary,4996,5031
7,4,C3,3,4996,0.4937,23,0.78641,0.84292,966,3864,DR_primary,4996,5031
7,4,C0,4,4568,0.4514,23,0.78759,0.84335,966,3864,DR_primary,4568,4989
7,4,C1,4,4966,0.4908,23,0.7875,0.84337,966,3864,DR_primary,4966,4989
7,4,C2,4,4966,0.4908,23,0.78751,0.8434,966,3864,DR_primary,4966,4989
7,4,C3,4,4966,0.4908,23,0.78749,0.84333,966,3864,DR_primary,4966,4989
7,4,C0,5,4602,0.4548,23,0.78622,0.84264,966,3864,DR_primary,4602,5055
7,4,C1,5,5024,0.4965,23,0.78672,0.84297,966,3864,DR_primary,5024,5055
7,4,C2,5,5024,0.4965,23,0.78658,0.843,966,3864,DR_primary,5024,5055
7,4,C3,5,5024,0.4965,23,0.78658,0.843,966,3864,DR_primary,5024,5055
7,4,C0,6,4591,0.4537,23,0.78672,0.84298,966,3864,DR_primary,4591,5051
7,4,C1,6,5027,0.4968,23,0.78653,0.84282,966,3864,DR_primary,5027,5051
7,4,C2,6,5027,0.4968,23,0.78658,0.84291,966,3864,DR_primary,5027,5051
7,4,C3,6,5027,0.4968,23,0.7866,0.84296,966,3864,DR_primary,5027,5051
7,4,C0,7,4569,0.4515,23,0.7877,0.84362,966,3864,DR_primary,4569,5021
7,4,C1,7,4985,0.4926,23,0.78775,0.84355,966,3864,DR_primary,4985,5021
7,4,C2,7,4985,0.4926,23,0.7877,0.84382,966,3864,DR_primary,4985,5021
7,4,C3,7,4985,0.4926,23,0.78773,0.84381,966,3864,DR_primary,4985,5021
7,4,C0,8,4529,0.4476,23,0.78678,0.84271,966,3864,DR_primary,4529,5008
7,4,C1,8,4976,0.4917,23,0.78677,0.8428,966,3864,DR_primary,4976,5008
7,4,C2,8,4976,0.4917,23,0.78643,0.84281,966,3864,DR_primary,4976,5008
7,4,C3,8,4976,0.4917,23,0.78657,0.84287,966,3864,DR_primary,4976,5008
7,4,C0,9,4516,0.4463,23,0.78696,0.84351,966,3864,DR_primary,4516,4991
7,4,C1,9,4952,0.4894,23,0.78712,0.84384,966,3864,DR_primary,4952,4991
7,4,C2,9,4952,0.4894,23,0.787,0.84377,966,3864,DR_primary,4952,4991
7,4,C3,9,4952,0.4894,23,0.78701,0.8438,966,3864,DR_primary,4952,4991
7,4,C0,10,4664,0.4609,23,0.78824,0.84389,966,3864,DR_primary,4664,5086
7,4,C1,10,5058,0.4999,23,0.78807,0.84399,966,3864,DR_primary,5058,5086
7,4,C2,10,5058,0.4999,23,0.78804,0.84411,966,3864,DR_primary,5058,5086
7,4,C3,10,5058,0.4999,23,0.78794,0.84402,966,3864,DR_primary,5058,5086
7,4,C0,11,4582,0.4528,23,0.78693,0.84321,966,3864,DR_primary,4582,5063
7,4,C1,11,5034,0.4975,23,0.78666,0.84303,966,3864,DR_primary,5034,5063
7,4,C2,11,5034,0.4975,23,0.78657,0.84327,966,3864,DR_primary,5034,5063
7,4,C3,11,5034,0.4975,23,0.78655,0.84321,966,3864,DR_primary,5034,5063
7,4,C0,12,4642,0.4587,23,0.7872,0.84335,966,3864,DR_primary,4642,5073
7,4,C1,12,5041,0.4982,23,0.78719,0.84339,966,3864,DR_primary,5041,5073
7,4,C2,12,5041,0.4982,23,0.78711,0.84349,966,3864,DR_primary,5041,5073
7,4,C3,12,5041,0.4982,23,0.78707,0.84354,966,3864,DR_primary,5041,5073
7,4,C0,13,4680,0.4625,23,0.78689,0.84283,966,3864,DR_primary,4680,5122
7,4,C1,13,5101,0.5041,23,0.78698,0.84287,966,3864,DR_primary,5101,5122
7,4,C2,13,5101,0.5041,23,0.78693,0.84301,966,3864,DR_primary,5101,5122
7,4,C3,13,5101,0.5041,23,0.78698,0.84308,966,3864,DR_primary,5101,5122
7,4,C0,14,4575,0.4521,23,0.787,0.84314,966,3864,DR_primary,4575,5006
7,4,C1,14,4980,0.4921,23,0.78731,0.8434,966,3864,DR_primary,4980,5006
7,4,C2,14,4980,0.4921,23,0.78691,0.84323,966,3864,DR_primary,4980,5006
7,4,C3,14,4980,0.4921,23,0.78686,0.84317,966,3864,DR_primary,4980,5006
7,4,C0,15,4591,0.4537,23,0.78702,0.84356,966,3864,DR_primary,4591,5032
7,4,C1,15,5003,0.4944,23,0.78689,0.84338,966,3864,DR_primary,5003,5032
7,4,C2,15,5003,0.4944,23,0.78678,0.84348,966,3864,DR_primary,5003,5032
7,4,C3,15,5003,0.4944,23,0.78681,0.84341,966,3864,DR_primary,5003,5032
7,4,C0,16,4586,0.4532,23,0.7877,0.84416,966,3864,DR_primary,4586,5033
7,4,C1,16,5004,0.4945,23,0.78755,0.84407,966,3864,DR_primary,5004,5033
7,4,C2,16,5004,0.4945,23,0.78738,0.84398,966,3864,DR_primary,5004,5033
7,4,C3,16,5004,0.4945,23,0.7875,0.84401,966,3864,DR_primary,5004,5033
7,4,C0,17,4589,0.4535,23,0.78699,0.84297,966,3864,DR_primary,4589,5037
7,4,C1,17,5020,0.4961,23,0.78712,0.8432,966,3864,DR_primary,5020,5037
7,4,C2,17,5020,0.4961,23,0.78746,0.84349,966,3864,DR_primary,5020,5037
7,4,C3,17,5020,0.4961,23,0.78743,0.84349,966,3864,DR_primary,5020,5037
7,4,C0,18,4657,0.4602,23,0.7875,0.84324,966,3864,DR_primary,4657,5089
7,4,C1,18,5058,0.4999,23,0.78752,0.84313,966,3864,DR_primary,5058,5089
7,4,C2,18,5058,0.4999,23,0.78744,0.84316,966,3864,DR_primary,5058,5089
7,4,C3,18,5058,0.4999,23,0.78736,0.8431,966,3864,DR_primary,5058,5089
7,4,C0,19,4669,0.4614,23,0.78753,0.84331,966,3864,DR_primary,4669,5136
7,4,C1,19,5102,0.5042,23,0.78746,0.84331,966,3864,DR_primary,5102,5136
7,4,C2,19,5102,0.5042,23,0.78738,0.84325,966,3864,DR_primary,5102,5136
7,4,C3,19,5102,0.5042,23,0.7873,0.84323,966,3864,DR_primary,5102,5136
7,4,C0,20,4616,0.4562,23,0.78705,0.8431,966,3864,DR_primary,4616,5056
7,4,C1,20,5032,0.4973,23,0.78698,0.84316,966,3864,DR_primary,5032,5056
7,4,C2,20,5032,0.4973,23,0.78679,0.84297,966,3864,DR_primary,5032,5056
7,4,C3,20,5032,0.4973,23,0.78679,0.84299,966,3864,DR_primary,5032,5056
7,4,C0,21,4589,0.4535,23,0.78729,0.84368,966,3864,DR_primary,4589,5057
7,4,C1,21,5037,0.4978,23,0.78725,0.84363,966,3864,DR_primary,5037,5057
7,4,C2,21,5037,0.4978,23,0.78703,0.84352,966,3864,DR_primary,5037,5057
7,4,C3,21,5037,0.4978,23,0.78695,0.84343,966,3864,DR_primary,5037,5057
7,4,C0,22,4577,0.4523,23,0.78692,0.84294,966,3864,DR_primary,4577,5015
7,4,C1,22,4989,0.493,23,0.78675,0.8428,966,3864,DR_primary,4989,5015
7,4,C2,22,4989,0.493,23,0.78646,0.84271,966,3864,DR_primary,4989,5015
7,4,C3,22,4989,0.493,23,0.78651,0.84273,966,3864,DR_primary,4989,5015
7,4,C0,23,4531,0.4478,23,0.78658,0.8432,966,3864,DR_primary,4531,4985
7,4,C1,23,4950,0.4892,23,0.78669,0.84348,966,3864,DR_primary,4950,4985
7,4,C2,23,4950,0.4892,23,0.78662,0.84343,966,3864,DR_primary,4950,4985
7,4,C3,23,4950,0.4892,23,0.78668,0.84347,966,3864,DR_primary,4950,4985
7,4,C0,24,4518,0.4465,23,0.78762,0.84382,966,3864,DR_primary,4518,4960
7,4,C1,24,4933,0.4875,23,0.78745,0.84357,966,3864,DR_primary,4933,4960
7,4,C2,24,4933,0.4875,23,0.78723,0.8435,966,3864,DR_primary,4933,4960
7,4,C3,24,4933,0.4875,23,0.78722,0.8435,966,3864,DR_primary,4933,4960
7,4,C0,25,4591,0.4537,23,0.78619,0.84341,966,3864,DR_primary,4591,5030
7,4,C1,25,5002,0.4943,23,0.78618,0.84322,966,3864,DR_primary,5002,5030
7,4,C2,25,5002,0.4943,23,0.78624,0.84341,966,3864,DR_primary,5002,5030
7,4,C3,25,5002,0.4943,23,0.78608,0.84338,966,3864,DR_primary,5002,5030
7,4,C0,26,4678,0.4623,23,0.78716,0.8435,966,3864,DR_primary,4678,5130
7,4,C1,26,5104,0.5044,23,0.78698,0.84324,966,3864,DR_primary,5104,5130
7,4,C2,26,5104,0.5044,23,0.78686,0.84313,966,3864,DR_primary,5104,5130
7,4,C3,26,5104,0.5044,23,0.78685,0.84312,966,3864,DR_primary,5104,5130
7,4,C0,27,4624,0.457,23,0.78701,0.84296,966,3864,DR_primary,4624,5072
7,4,C1,27,5042,0.4983,23,0.78696,0.84291,966,3864,DR_primary,5042,5072
7,4,C2,27,5042,0.4983,23,0.78682,0.8429,966,3864,DR_primary,5042,5072
7,4,C3,27,5042,0.4983,23,0.78679,0.84288,966,3864,DR_primary,5042,5072
7,4,C0,28,4643,0.4588,23,0.7874,0.84351,966,3864,DR_primary,4643,5076
7,4,C1,28,5048,0.4989,23,0.78739,0.84341,966,3864,DR_primary,5048,5076
7,4,C2,28,5048,0.4989,23,0.7873,0.84343,966,3864,DR_primary,5048,5076
7,4,C3,28,5048,0.4989,23,0.78726,0.84338,966,3864,DR_primary,5048,5076
7,4,C0,29,4609,0.4555,23,0.78651,0.84268,966,3864,DR_primary,4609,5048
7,4,C1,29,5025,0.4966,23,0.78629,0.84255,966,3864,DR_primary,5025,5048
7,4,C2,29,5025,0.4966,23,0.78653,0.8427,966,3864,DR_primary,5025,5048
7,4,C3,29,5025,0.4966,23,0.7865,0.84276,966,3864,DR_primary,5025,5048
7,4,C0,30,4673,0.4618,23,0.78705,0.84344,966,3864,DR_primary,4673,5129
7,4,C1,30,5105,0.5045,23,0.78698,0.84323,966,3864,DR_primary,5105,5129
7,4,C2,30,5105,0.5045,23,0.78674,0.84319,966,3864,DR_primary,5105,5129
7,4,C3,30,5105,0.5045,23,0.78677,0.84322,966,3864,DR_primary,5105,5129
7,5,C0,1,4636,0.4581,23,0.78709,0.84354,966,3864,DR_primary,4636,5100
7,5,C1,1,5066,0.5006,23,0.78691,0.84352,966,3864,DR_primary,5066,5100
7,5,C2,1,5066,0.5006,23,0.78737,0.84371,966,3864,DR_primary,5066,5100
7,5,C3,1,5066,0.5006,23,0.78735,0.84371,966,3864,DR_primary,5066,5100
7,5,C0,2,4578,0.4524,23,0.78698,0.84311,966,3864,DR_primary,4578,5036
7,5,C1,2,5009,0.495,23,0.78692,0.84313,966,3864,DR_primary,5009,5036
7,5,C2,2,5009,0.495,23,0.78717,0.84334,966,3864,DR_primary,5009,5036
7,5,C3,2,5009,0.495,23,0.78715,0.8433,966,3864,DR_primary,5009,5036
7,5,C0,3,4617,0.4563,23,0.78617,0.84239,966,3864,DR_primary,4617,5030
7,5,C1,3,4997,0.4938,23,0.78662,0.84259,966,3864,DR_primary,4997,5030
7,5,C2,3,4997,0.4938,23,0.78668,0.84281,966,3864,DR_primary,4997,5030
7,5,C3,3,4997,0.4938,23,0.78657,0.84275,966,3864,DR_primary,4997,5030
7,5,C0,4,4541,0.4488,23,0.787,0.8431,966,3864,DR_primary,4541,5013
7,5,C1,4,4976,0.4917,23,0.78702,0.84331,966,3864,DR_primary,4976,5013
7,5,C2,4,4976,0.4917,23,0.78692,0.84317,966,3864,DR_primary,4976,5013
7,5,C3,4,4976,0.4917,23,0.78703,0.84328,966,3864,DR_primary,4976,5013
7,5,C0,5,4530,0.4477,23,0.78674,0.84279,966,3864,DR_primary,4530,4974
7,5,C1,5,4941,0.4883,23,0.78663,0.84269,966,3864,DR_primary,4941,4974
7,5,C2,5,4941,0.4883,23,0.78643,0.84273,966,3864,DR_primary,4941,4974
7,5,C3,5,4941,0.4883,23,0.78656,0.84285,966,3864,DR_primary,4941,4974
7,5,C0,6,4636,0.4581,23,0.78745,0.84325,966,3864,DR_primary,4636,5064
7,5,C1,6,5031,0.4972,23,0.78719,0.84303,966,3864,DR_primary,5031,5064
7,5,C2,6,5031,0.4972,23,0.78745,0.84322,966,3864,DR_primary,5031,5064
7,5,C3,6,5031,0.4972,23,0.78743,0.84324,966,3864,DR_primary,5031,5064
7,5,C0,7,4607,0.4553,23,0.78657,0.84291,966,3864,DR_primary,4607,5055
7,5,C1,7,5025,0.4966,23,0.78659,0.84286,966,3864,DR_primary,5025,5055
7,5,C2,7,5025,0.4966,23,0.78654,0.84293,966,3864,DR_primary,5025,5055
7,5,C3,7,5025,0.4966,23,0.78644,0.84284,966,3864,DR_primary,5025,5055
7,5,C0,8,4611,0.4557,23,0.78691,0.84327,966,3864,DR_primary,4611,5059
7,5,C1,8,5039,0.498,23,0.78692,0.84333,966,3864,DR_primary,5039,5059
7,5,C2,8,5039,0.498,23,0.78694,0.84334,966,3864,DR_primary,5039,5059
7,5,C3,8,5039,0.498,23,0.78688,0.84337,966,3864,DR_primary,5039,5059
7,5,C0,9,4538,0.4485,23,0.78766,0.84311,966,3864,DR_primary,4538,5034
7,5,C1,9,5006,0.4947,23,0.7876,0.84308,966,3864,DR_primary,5006,5034
7,5,C2,9,5006,0.4947,23,0.78758,0.84323,966,3864,DR_primary,5006,5034
7,5,C3,9,5006,0.4947,23,0.78759,0.84326,966,3864,DR_primary,5006,5034
7,5,C0,10,4571,0.4517,23,0.78689,0.84312,966,3864,DR_primary,4571,5048
7,5,C1,10,5002,0.4943,23,0.78683,0.84304,966,3864,DR_primary,5002,5048
7,5,C2,10,5002,0.4943,23,0.78678,0.84316,966,3864,DR_primary,5002,5048
7,5,C3,10,5002,0.4943,23,0.78682,0.84319,966,3864,DR_primary,5002,5048
7,5,C0,11,4666,0.4611,23,0.78602,0.84191,966,3864,DR_primary,4666,5091
7,5,C1,11,5062,0.5002,23,0.78643,0.84221,966,3864,DR_primary,5062,5091
7,5,C2,11,5062,0.5002,23,0.78646,0.84243,966,3864,DR_primary,5062,5091
7,5,C3,11,5062,0.5002,23,0.7863,0.84241,966,3864,DR_primary,5062,5091
7,5,C0,12,4612,0.4558,23,0.78734,0.84314,966,3864,DR_primary,4612,5080
7,5,C1,12,5047,0.4988,23,0.78734,0.84321,966,3864,DR_primary,5047,5080
7,5,C2,12,5047,0.4988,23,0.78735,0.84339,966,3864,DR_primary,5047,5080
7,5,C3,12,5047,0.4988,23,0.78722,0.84325,966,3864,DR_primary,5047,5080
7,5,C0,13,4521,0.4468,23,0.7868,0.8435,966,3864,DR_primary,4521,4976
7,5,C1,13,4957,0.4899,23,0.78728,0.84376,966,3864,DR_primary,4957,4976
7,5,C2,13,4957,0.4899,23,0.787,0.84359,966,3864,DR_primary,4957,4976
7,5,C3,13,4957,0.4899,23,0.78707,0.8436,966,3864,DR_primary,4957,4976
7,5,C0,14,4643,0.4588,23,0.78654,0.84295,966,3864,DR_primary,4643,5090
7,5,C1,14,5068,0.5008,23,0.7868,0.84317,966,3864,DR_primary,5068,5090
7,5,C2,14,5068,0.5008,23,0.78678,0.84313,966,3864,DR_primary,5068,5090
7,5,C3,14,5068,0.5008,23,0.78691,0.84325,966,3864,DR_primary,5068,5090
7,5,C0,15,4561,0.4507,23,0.787,0.84332,966,3864,DR_primary,4561,5033
7,5,C1,15,5005,0.4946,23,0.78719,0.84326,966,3864,DR_primary,5005,5033
7,5,C2,15,5005,0.4946,23,0.78696,0.84326,966,3864,DR_primary,5005,5033
7,5,C3,15,5005,0.4946,23,0.78707,0.84328,966,3864,DR_primary,5005,5033
7,5,C0,16,4566,0.4512,23,0.78717,0.84343,966,3864,DR_primary,4566,5015
7,5,C1,16,4992,0.4933,23,0.78732,0.84354,966,3864,DR_primary,4992,5015
7,5,C2,16,4992,0.4933,23,0.78728,0.84359,966,3864,DR_primary,4992,5015
7,5,C3,16,4992,0.4933,23,0.78726,0.84357,966,3864,DR_primary,4992,5015
7,5,C0,17,4607,0.4553,23,0.78723,0.84397,966,3864,DR_primary,4607,5074
7,5,C1,17,5035,0.4976,23,0.78722,0.84372,966,3864,DR_primary,5035,5074
7,5,C2,17,5035,0.4976,23,0.78696,0.84365,966,3864,DR_primary,5035,5074
7,5,C3,17,5035,0.4976,23,0.78706,0.84377,966,3864,DR_primary,5035,5074
7,5,C0,18,4555,0.4501,23,0.78663,0.84268,966,3864,DR_primary,4555,5012
7,5,C1,18,4987,0.4928,23,0.78671,0.84279,966,3864,DR_primary,4987,5012
7,5,C2,18,4987,0.4928,23,0.78665,0.84291,966,3864,DR_primary,4987,5012
7,5,C3,18,4987,0.4928,23,0.78672,0.84293,966,3864,DR_primary,4987,5012
7,5,C0,19,4595,0.4541,23,0.78659,0.84269,966,3864,DR_primary,4595,5058
7,5,C1,19,5026,0.4967,23,0.78656,0.84284,966,3864,DR_primary,5026,5058
7,5,C2,19,5026,0.4967,23,0.78669,0.84304,966,3864,DR_primary,5026,5058
7,5,C3,19,5026,0.4967,23,0.78664,0.84296,966,3864,DR_primary,5026,5058
7,5,C0,20,4535,0.4482,23,0.7867,0.84265,966,3864,DR_primary,4535,5001
7,5,C1,20,4975,0.4916,23,0.78658,0.84265,966,3864,DR_primary,4975,5001
7,5,C2,20,4975,0.4916,23,0.78656,0.84273,966,3864,DR_primary,4975,5001
7,5,C3,20,4975,0.4916,23,0.78659,0.84277,966,3864,DR_primary,4975,5001
7,5,C0,21,4656,0.4601,23,0.78689,0.84323,966,3864,DR_primary,4656,5135
7,5,C1,21,5092,0.5032,23,0.78699,0.84326,966,3864,DR_primary,5092,5135
7,5,C2,21,5092,0.5032,23,0.78689,0.84333,966,3864,DR_primary,5092,5135
7,5,C3,21,5092,0.5032,23,0.78679,0.84326,966,3864,DR_primary,5092,5135
7,5,C0,22,4606,0.4552,23,0.78767,0.84383,966,3864,DR_primary,4606,5047
7,5,C1,22,5007,0.4948,23,0.78775,0.84391,966,3864,DR_primary,5007,5047
7,5,C2,22,5007,0.4948,23,0.78736,0.84369,966,3864,DR_primary,5007,5047
7,5,C3,22,5007,0.4948,23,0.78731,0.8437,966,3864,DR_primary,5007,5047
7,5,C0,23,4605,0.4551,23,0.78802,0.84405,966,3864,DR_primary,4605,5063
7,5,C1,23,5040,0.4981,23,0.78792,0.84399,966,3864,DR_primary,5040,5063
7,5,C2,23,5040,0.4981,23,0.78797,0.84402,966,3864,DR_primary,5040,5063
7,5,C3,23,5040,0.4981,23,0.78798,0.84403,966,3864,DR_primary,5040,5063
7,5,C0,24,4604,0.455,23,0.7861,0.8424,966,3864,DR_primary,4604,5027
7,5,C1,24,4999,0.494,23,0.78627,0.84249,966,3864,DR_primary,4999,5027
7,5,C2,24,4999,0.494,23,0.78607,0.84259,966,3864,DR_primary,4999,5027
7,5,C3,24,4999,0.494,23,0.78603,0.84258,966,3864,DR_primary,4999,5027
7,5,C0,25,4657,0.4602,23,0.78786,0.84405,966,3864,DR_primary,4657,5112
7,5,C1,25,5098,0.5038,23,0.78768,0.84382,966,3864,DR_primary,5098,5112
7,5,C2,25,5098,0.5038,23,0.78729,0.84363,966,3864,DR_primary,5098,5112
7,5,C3,25,5098,0.5038,23,0.78732,0.84368,966,3864,DR_primary,5098,5112
7,5,C0,26,4533,0.448,23,0.78705,0.8429,966,3864,DR_primary,4533,4974
7,5,C1,26,4948,0.489,23,0.78677,0.84272,966,3864,DR_primary,4948,4974
7,5,C2,26,4948,0.489,23,0.78685,0.84279,966,3864,DR_primary,4948,4974
7,5,C3,26,4948,0.489,23,0.78678,0.84271,966,3864,DR_primary,4948,4974
7,5,C0,27,4597,0.4543,23,0.78696,0.84364,966,3864,DR_primary,4597,5065
7,5,C1,27,5037,0.4978,23,0.78712,0.84377,966,3864,DR_primary,5037,5065
7,5,C2,27,5037,0.4978,23,0.78691,0.84372,966,3864,DR_primary,5037,5065
7,5,C3,27,5037,0.4978,23,0.78705,0.84381,966,3864,DR_primary,5037,5065
7,5,C0,28,4599,0.4545,23,0.78713,0.84308,966,3864,DR_primary,4599,5068
7,5,C1,28,5036,0.4977,23,0.78733,0.84319,966,3864,DR_primary,5036,5068
7,5,C2,28,5036,0.4977,23,0.78757,0.84345,966,3864,DR_primary,5036,5068
7,5,C3,28,5036,0.4977,23,0.78744,0.84337,966,3864,DR_primary,5036,5068
7,5,C0,29,4609,0.4555,23,0.78749,0.84376,966,3864,DR_primary,4609,5057
7,5,C1,29,5033,0.4974,23,0.78749,0.84362,966,3864,DR_primary,5033,5057
7,5,C2,29,5033,0.4974,23,0.78735,0.8437,966,3864,DR_primary,5033,5057
7,5,C3,29,5033,0.4974,23,0.78732,0.84368,966,3864,DR_primary,5033,5057
7,5,C0,30,4607,0.4553,23,0.78678,0.84324,966,3864,DR_primary,4607,5051
7,5,C1,30,5016,0.4957,23,0.78682,0.84325,966,3864,DR_primary,5016,5051
7,5,C2,30,5016,0.4957,23,0.78677,0.84333,966,3864,DR_primary,5016,5051
7,5,C3,30,5016,0.4957,23,0.78688,0.84342,966,3864,DR_primary,5016,5051
7,6,C0,1,4578,0.4524,23,0.78676,0.84279,966,3864,DR_primary,4578,4994
7,6,C1,1,4963,0.4905,23,0.78716,0.84294,966,3864,DR_primary,4963,4994
7,6,C2,1,4963,0.4905,23,0.78745,0.84323,966,3864,DR_primary,4963,4994
7,6,C3,1,4963,0.4905,23,0.7875,0.84332,966,3864,DR_primary,4963,4994
7,6,C0,2,4635,0.458,23,0.78659,0.84307,966,3864,DR_primary,4635,5091
7,6,C1,2,5060,0.5,23,0.78652,0.84296,966,3864,DR_primary,5060,5091
7,6,C2,2,5060,0.5,23,0.78627,0.84271,966,3864,DR_primary,5060,5091
7,6,C3,2,5060,0.5,23,0.78634,0.84278,966,3864,DR_primary,5060,5091
7,6,C0,3,4604,0.455,23,0.78707,0.84337,966,3864,DR_primary,4604,5043
7,6,C1,3,5010,0.4951,23,0.78685,0.84326,966,3864,DR_primary,5010,5043
7,6,C2,3,5010,0.4951,23,0.78709,0.84352,966,3864,DR_primary,5010,5043
7,6,C3,3,5010,0.4951,23,0.78705,0.84351,966,3864,DR_primary,5010,5043
7,6,C0,4,4638,0.4583,23,0.78724,0.84317,966,3864,DR_primary,4638,5091
7,6,C1,4,5063,0.5003,23,0.78751,0.84322,966,3864,DR_primary,5063,5091
7,6,C2,4,5063,0.5003,23,0.78703,0.84297,966,3864,DR_primary,5063,5091
7,6,C3,4,5063,0.5003,23,0.78706,0.84302,966,3864,DR_primary,5063,5091
7,6,C0,5,4655,0.46,23,0.78714,0.84316,966,3864,DR_primary,4655,5093
7,6,C1,5,5055,0.4996,23,0.78685,0.84296,966,3864,DR_primary,5055,5093
7,6,C2,5,5055,0.4996,23,0.78706,0.84309,966,3864,DR_primary,5055,5093
7,6,C3,5,5055,0.4996,23,0.78701,0.84304,966,3864,DR_primary,5055,5093
7,6,C0,6,4556,0.4502,23,0.78691,0.84304,966,3864,DR_primary,4556,5015
7,6,C1,6,4982,0.4923,23,0.78668,0.84282,966,3864,DR_primary,4982,5015
7,6,C2,6,4982,0.4923,23,0.78667,0.84298,966,3864,DR_primary,4982,5015
7,6,C3,6,4982,0.4923,23,0.7866,0.84289,966,3864,DR_primary,4982,5015
7,6,C0,7,4558,0.4504,23,0.78784,0.84383,966,3864,DR_primary,4558,5010
7,6,C1,7,4996,0.4937,23,0.78789,0.84379,966,3864,DR_primary,4996,5010
7,6,C2,7,4996,0.4937,23,0.78796,0.84402,966,3864,DR_primary,4996,5010
7,6,C3,7,4996,0.4937,23,0.78794,0.84404,966,3864,DR_primary,4996,5010
7,6,C0,8,4550,0.4496,23,0.78731,0.84357,966,3864,DR_primary,4550,5007
7,6,C1,8,4995,0.4936,23,0.78725,0.84353,966,3864,DR_primary,4995,5007
7,6,C2,8,4995,0.4936,23,0.78695,0.84344,966,3864,DR_primary,4995,5007
7,6,C3,8,4995,0.4936,23,0.78687,0.84343,966,3864,DR_primary,4995,5007
7,6,C0,9,4584,0.453,23,0.78686,0.84351,966,3864,DR_primary,4584,5023
7,6,C1,9,4993,0.4934,23,0.78653,0.8431,966,3864,DR_primary,4993,5023
7,6,C2,9,4993,0.4934,23,0.78676,0.84335,966,3864,DR_primary,4993,5023
7,6,C3,9,4993,0.4934,23,0.78678,0.84337,966,3864,DR_primary,4993,5023
7,6,C0,10,4558,0.4504,23,0.78663,0.84273,966,3864,DR_primary,4558,5018
7,6,C1,10,4989,0.493,23,0.78653,0.84269,966,3864,DR_primary,4989,5018
7,6,C2,10,4989,0.493,23,0.78657,0.84277,966,3864,DR_primary,4989,5018
7,6,C3,10,4989,0.493,23,0.78655,0.84275,966,3864,DR_primary,4989,5018
7,6,C0,11,4545,0.4492,23,0.78601,0.84239,966,3864,DR_primary,4545,4971
7,6,C1,11,4943,0.4885,23,0.78646,0.84269,966,3864,DR_primary,4943,4971
7,6,C2,11,4943,0.4885,23,0.78612,0.8425,966,3864,DR_primary,4943,4971
7,6,C3,11,4943,0.4885,23,0.78619,0.84256,966,3864,DR_primary,4943,4971
7,6,C0,12,4525,0.4472,23,0.78651,0.84306,966,3864,DR_primary,4525,4995
7,6,C1,12,4970,0.4912,23,0.78661,0.84306,966,3864,DR_primary,4970,4995
7,6,C2,12,4970,0.4912,23,0.78657,0.84325,966,3864,DR_primary,4970,4995
7,6,C3,12,4970,0.4912,23,0.78651,0.84325,966,3864,DR_primary,4970,4995
7,6,C0,13,4552,0.4498,23,0.78747,0.84386,966,3864,DR_primary,4552,5014
7,6,C1,13,4992,0.4933,23,0.78744,0.84368,966,3864,DR_primary,4992,5014
7,6,C2,13,4992,0.4933,23,0.78703,0.84351,966,3864,DR_primary,4992,5014
7,6,C3,13,4992,0.4933,23,0.78713,0.84353,966,3864,DR_primary,4992,5014
7,6,C0,14,4649,0.4594,23,0.78606,0.84312,966,3864,DR_primary,4649,5102
7,6,C1,14,5073,0.5013,23,0.78621,0.84313,966,3864,DR_primary,5073,5102
7,6,C2,14,5073,0.5013,23,0.7861,0.84335,966,3864,DR_primary,5073,5102
7,6,C3,14,5073,0.5013,23,0.78607,0.8433,966,3864,DR_primary,5073,5102
7,6,C0,15,4551,0.4497,23,0.78681,0.84308,966,3864,DR_primary,4551,5019
7,6,C1,15,4992,0.4933,23,0.78687,0.843,966,3864,DR_primary,4992,5019
7,6,C2,15,4992,0.4933,23,0.78669,0.84284,966,3864,DR_primary,4992,5019
7,6,C3,15,4992,0.4933,23,0.78654,0.84271,966,3864,DR_primary,4992,5019
7,6,C0,16,4522,0.4469,23,0.78707,0.84325,966,3864,DR_primary,4522,4955
7,6,C1,16,4924,0.4866,23,0.78695,0.8433,966,3864,DR_primary,4924,4955
7,6,C2,16,4924,0.4866,23,0.78703,0.84336,966,3864,DR_primary,4924,4955
7,6,C3,16,4924,0.4866,23,0.78705,0.84336,966,3864,DR_primary,4924,4955
7,6,C0,17,4600,0.4546,23,0.78789,0.84393,966,3864,DR_primary,4600,5074
7,6,C1,17,5040,0.4981,23,0.78756,0.84361,966,3864,DR_primary,5040,5074
7,6,C2,17,5040,0.4981,23,0.78741,0.84354,966,3864,DR_primary,5040,5074
7,6,C3,17,5040,0.4981,23,0.78749,0.84357,966,3864,DR_primary,5040,5074
7,6,C0,18,4612,0.4558,23,0.7863,0.84318,966,3864,DR_primary,4612,5063
7,6,C1,18,5030,0.4971,23,0.78611,0.84292,966,3864,DR_primary,5030,5063
7,6,C2,18,5030,0.4971,23,0.78649,0.84318,966,3864,DR_primary,5030,5063
7,6,C3,18,5030,0.4971,23,0.78641,0.84307,966,3864,DR_primary,5030,5063
7,6,C0,19,4642,0.4587,23,0.78764,0.84387,966,3864,DR_primary,4642,5062
7,6,C1,19,5043,0.4984,23,0.7875,0.84382,966,3864,DR_primary,5043,5062
7,6,C2,19,5043,0.4984,23,0.78744,0.84393,966,3864,DR_primary,5043,5062
7,6,C3,19,5043,0.4984,23,0.78748,0.84399,966,3864,DR_primary,5043,5062
7,6,C0,20,4569,0.4515,23,0.78658,0.84268,966,3864,DR_primary,4569,5030
7,6,C1,20,5005,0.4946,23,0.7865,0.84251,966,3864,DR_primary,5005,5030
7,6,C2,20,5005,0.4946,23,0.78643,0.84252,966,3864,DR_primary,5005,5030
7,6,C3,20,5005,0.4946,23,0.78643,0.84249,966,3864,DR_primary,5005,5030
7,6,C0,21,4520,0.4467,23,0.78681,0.84322,966,3864,DR_primary,4520,4973
7,6,C1,21,4944,0.4886,23,0.78684,0.84327,966,3864,DR_primary,4944,4973
7,6,C2,21,4944,0.4886,23,0.78692,0.84338,966,3864,DR_primary,4944,4973
7,6,C3,21,4944,0.4886,23,0.78693,0.84335,966,3864,DR_primary,4944,4973
7,6,C0,22,4548,0.4495,23,0.78755,0.84352,966,3864,DR_primary,4548,4994
7,6,C1,22,4955,0.4897,23,0.78768,0.84365,966,3864,DR_primary,4955,4994
7,6,C2,22,4955,0.4897,23,0.7875,0.84368,966,3864,DR_primary,4955,4994
7,6,C3,22,4955,0.4897,23,0.78769,0.8438,966,3864,DR_primary,4955,4994
7,6,C0,23,4477,0.4424,23,0.78706,0.84355,966,3864,DR_primary,4477,4942
7,6,C1,23,4913,0.4855,23,0.78681,0.84351,966,3864,DR_primary,4913,4942
7,6,C2,23,4913,0.4855,23,0.78669,0.84337,966,3864,DR_primary,4913,4942
7,6,C3,23,4913,0.4855,23,0.78666,0.84339,966,3864,DR_primary,4913,4942
7,6,C0,24,4609,0.4555,23,0.78781,0.84409,966,3864,DR_primary,4609,5042
7,6,C1,24,5028,0.4969,23,0.78786,0.84393,966,3864,DR_primary,5028,5042
7,6,C2,24,5028,0.4969,23,0.78779,0.84394,966,3864,DR_primary,5028,5042
7,6,C3,24,5028,0.4969,23,0.78778,0.8439,966,3864,DR_primary,5028,5042
7,6,C0,25,4622,0.4568,23,0.7873,0.84345,966,3864,DR_primary,4622,5082
7,6,C1,25,5054,0.4995,23,0.78726,0.84338,966,3864,DR_primary,5054,5082
7,6,C2,25,5054,0.4995,23,0.78714,0.84332,966,3864,DR_primary,5054,5082
7,6,C3,25,5054,0.4995,23,0.78712,0.84334,966,3864,DR_primary,5054,5082
7,6,C0,26,4553,0.4499,23,0.78649,0.84262,966,3864,DR_primary,4553,5013
7,6,C1,26,4985,0.4926,23,0.78639,0.84272,966,3864,DR_primary,4985,5013
7,6,C2,26,4985,0.4926,23,0.7863,0.84266,966,3864,DR_primary,4985,5013
7,6,C3,26,4985,0.4926,23,0.78632,0.8427,966,3864,DR_primary,4985,5013
7,6,C0,27,4523,0.447,23,0.78692,0.84333,966,3864,DR_primary,4523,4991
7,6,C1,27,4946,0.4888,23,0.78724,0.84334,966,3864,DR_primary,4946,4991
7,6,C2,27,4946,0.4888,23,0.78706,0.84337,966,3864,DR_primary,4946,4991
7,6,C3,27,4946,0.4888,23,0.78718,0.84342,966,3864,DR_primary,4946,4991
7,6,C0,28,4610,0.4556,23,0.78614,0.84283,966,3864,DR_primary,4610,5070
7,6,C1,28,5047,0.4988,23,0.78623,0.84303,966,3864,DR_primary,5047,5070
7,6,C2,28,5047,0.4988,23,0.78624,0.84311,966,3864,DR_primary,5047,5070
7,6,C3,28,5047,0.4988,23,0.78621,0.84307,966,3864,DR_primary,5047,5070
7,6,C0,29,4609,0.4555,23,0.7873,0.84334,966,3864,DR_primary,4609,5048
7,6,C1,29,5025,0.4966,23,0.78748,0.84355,966,3864,DR_primary,5025,5048
7,6,C2,29,5025,0.4966,23,0.7874,0.84359,966,3864,DR_primary,5025,5048
7,6,C3,29,5025,0.4966,23,0.78718,0.84341,966,3864,DR_primary,5025,5048
7,6,C0,30,4560,0.4506,23,0.78666,0.843,966,3864,DR_primary,4560,5033
7,6,C1,30,5003,0.4944,23,0.78672,0.84289,966,3864,DR_primary,5003,5033
7,6,C2,30,5003,0.4944,23,0.78633,0.84272,966,3864,DR_primary,5003,5033
7,6,C3,30,5003,0.4944,23,0.78638,0.84273,966,3864,DR_primary,5003,5033
7,7,C0,1,4599,0.4545,23,0.78679,0.84269,966,3864,DR_primary,4599,5057
7,7,C1,1,5024,0.4965,23,0.78697,0.84274,966,3864,DR_primary,5024,5057
7,7,C2,1,5024,0.4965,23,0.78747,0.84304,966,3864,DR_primary,5024,5057
7,7,C3,1,5024,0.4965,23,0.78732,0.84294,966,3864,DR_primary,5024,5057
7,7,C0,2,4658,0.4603,23,0.78594,0.84243,966,3864,DR_primary,4658,5072
7,7,C1,2,5053,0.4994,23,0.78591,0.84236,966,3864,DR_primary,5053,5072
7,7,C2,2,5053,0.4994,23,0.78616,0.84271,966,3864,DR_primary,5053,5072
7,7,C3,2,5053,0.4994,23,0.78619,0.84265,966,3864,DR_primary,5053,5072
7,7,C0,3,4617,0.4563,23,0.78627,0.84296,966,3864,DR_primary,4617,5033
7,7,C1,3,5010,0.4951,23,0.7865,0.84314,966,3864,DR_primary,5010,5033
7,7,C2,3,5010,0.4951,23,0.78638,0.84312,966,3864,DR_primary,5010,5033
7,7,C3,3,5010,0.4951,23,0.7864,0.8431,966,3864,DR_primary,5010,5033
7,7,C0,4,4639,0.4584,23,0.78669,0.84304,966,3864,DR_primary,4639,5056
7,7,C1,4,5042,0.4983,23,0.78662,0.84294,966,3864,DR_primary,5042,5056
7,7,C2,4,5042,0.4983,23,0.7863,0.84264,966,3864,DR_primary,5042,5056
7,7,C3,4,5042,0.4983,23,0.78637,0.84277,966,3864,DR_primary,5042,5056
7,7,C0,5,4587,0.4533,23,0.78655,0.84307,966,3864,DR_primary,4587,5026
7,7,C1,5,5003,0.4944,23,0.78687,0.84314,966,3864,DR_primary,5003,5026
7,7,C2,5,5003,0.4944,23,0.78668,0.84318,966,3864,DR_primary,5003,5026
7,7,C3,5,5003,0.4944,23,0.78678,0.84323,966,3864,DR_primary,5003,5026
7,7,C0,6,4654,0.4599,23,0.78788,0.84381,966,3864,DR_primary,4654,5103
7,7,C1,6,5073,0.5013,23,0.78756,0.84347,966,3864,DR_primary,5073,5103
7,7,C2,6,5073,0.5013,23,0.78757,0.84364,966,3864,DR_primary,5073,5103
7,7,C3,6,5073,0.5013,23,0.78769,0.84371,966,3864,DR_primary,5073,5103
7,7,C0,7,4600,0.4546,23,0.78728,0.84303,966,3864,DR_primary,4600,5035
7,7,C1,7,5012,0.4953,23,0.78724,0.84304,966,3864,DR_primary,5012,5035
7,7,C2,7,5012,0.4953,23,0.78737,0.84321,966,3864,DR_primary,5012,5035
7,7,C3,7,5012,0.4953,23,0.78743,0.84321,966,3864,DR_primary,5012,5035
7,7,C0,8,4573,0.4519,23,0.78628,0.84257,966,3864,DR_primary,4573,5005
7,7,C1,8,4988,0.4929,23,0.78595,0.84223,966,3864,DR_primary,4988,5005
7,7,C2,8,4988,0.4929,23,0.78596,0.84235,966,3864,DR_primary,4988,5005
7,7,C3,8,4988,0.4929,23,0.786,0.84241,966,3864,DR_primary,4988,5005
7,7,C0,9,4583,0.4529,23,0.7868,0.8431,966,3864,DR_primary,4583,5007
7,7,C1,9,4973,0.4915,23,0.78681,0.84309,966,3864,DR_primary,4973,5007
7,7,C2,9,4973,0.4915,23,0.78667,0.8432,966,3864,DR_primary,4973,5007
7,7,C3,9,4973,0.4915,23,0.78661,0.84316,966,3864,DR_primary,4973,5007
7,7,C0,10,4688,0.4633,23,0.78727,0.84368,966,3864,DR_primary,4688,5138
7,7,C1,10,5122,0.5062,23,0.78693,0.84339,966,3864,DR_primary,5122,5138
7,7,C2,10,5122,0.5062,23,0.78718,0.84361,966,3864,DR_primary,5122,5138
7,7,C3,10,5122,0.5062,23,0.78723,0.84362,966,3864,DR_primary,5122,5138
7,7,C0,11,4638,0.4583,23,0.78768,0.84365,966,3864,DR_primary,4638,5067
7,7,C1,11,5046,0.4987,23,0.78731,0.84334,966,3864,DR_primary,5046,5067
7,7,C2,11,5046,0.4987,23,0.78744,0.84352,966,3864,DR_primary,5046,5067
7,7,C3,11,5046,0.4987,23,0.7874,0.84355,966,3864,DR_primary,5046,5067
7,7,C0,12,4511,0.4458,23,0.7859,0.84247,966,3864,DR_primary,4511,4948
7,7,C1,12,4921,0.4863,23,0.78572,0.84223,966,3864,DR_primary,4921,4948
7,7,C2,12,4921,0.4863,23,0.7856,0.8422,966,3864,DR_primary,4921,4948
7,7,C3,12,4921,0.4863,23,0.78562,0.84218,966,3864,DR_primary,4921,4948
7,7,C0,13,4516,0.4463,23,0.78693,0.84343,966,3864,DR_primary,4516,4986
7,7,C1,13,4960,0.4902,23,0.78699,0.84329,966,3864,DR_primary,4960,4986
7,7,C2,13,4960,0.4902,23,0.78681,0.84318,966,3864,DR_primary,4960,4986
7,7,C3,13,4960,0.4902,23,0.78676,0.84322,966,3864,DR_primary,4960,4986
7,7,C0,14,4597,0.4543,23,0.78651,0.84303,966,3864,DR_primary,4597,5065
7,7,C1,14,5030,0.4971,23,0.78643,0.84299,966,3864,DR_primary,5030,5065
7,7,C2,14,5030,0.4971,23,0.78639,0.84309,966,3864,DR_primary,5030,5065
7,7,C3,14,5030,0.4971,23,0.78619,0.84286,966,3864,DR_primary,5030,5065
7,7,C0,15,4581,0.4527,23,0.78764,0.84358,966,3864,DR_primary,4581,5025
7,7,C1,15,4997,0.4938,23,0.7877,0.84365,966,3864,DR_primary,4997,5025
7,7,C2,15,4997,0.4938,23,0.7877,0.8437,966,3864,DR_primary,4997,5025
7,7,C3,15,4997,0.4938,23,0.78776,0.84371,966,3864,DR_primary,4997,5025
7,7,C0,16,4609,0.4555,23,0.78636,0.84263,966,3864,DR_primary,4609,5019
7,7,C1,16,4992,0.4933,23,0.78633,0.84273,966,3864,DR_primary,4992,5019
7,7,C2,16,4992,0.4933,23,0.7866,0.84302,966,3864,DR_primary,4992,5019
7,7,C3,16,4992,0.4933,23,0.78662,0.84302,966,3864,DR_primary,4992,5019
7,7,C0,17,4600,0.4546,23,0.78644,0.84294,966,3864,DR_primary,4600,5085
7,7,C1,17,5063,0.5003,23,0.78654,0.84297,966,3864,DR_primary,5063,5085
7,7,C2,17,5063,0.5003,23,0.78631,0.84279,966,3864,DR_primary,5063,5085
7,7,C3,17,5063,0.5003,23,0.78627,0.84267,966,3864,DR_primary,5063,5085
7,7,C0,18,4619,0.4565,23,0.7866,0.84277,966,3864,DR_primary,4619,5071
7,7,C1,18,5045,0.4986,23,0.7866,0.84289,966,3864,DR_primary,5045,5071
7,7,C2,18,5045,0.4986,23,0.7865,0.84288,966,3864,DR_primary,5045,5071
7,7,C3,18,5045,0.4986,23,0.78633,0.84273,966,3864,DR_primary,5045,5071
7,7,C0,19,4579,0.4525,23,0.78722,0.84309,966,3864,DR_primary,4579,5028
7,7,C1,19,4998,0.4939,23,0.78713,0.84315,966,3864,DR_primary,4998,5028
7,7,C2,19,4998,0.4939,23,0.78725,0.84344,966,3864,DR_primary,4998,5028
7,7,C3,19,4998,0.4939,23,0.7873,0.84345,966,3864,DR_primary,4998,5028
7,7,C0,20,4638,0.4583,23,0.78708,0.84275,966,3864,DR_primary,4638,5121
7,7,C1,20,5085,0.5025,23,0.78666,0.84265,966,3864,DR_primary,5085,5121
7,7,C2,20,5085,0.5025,23,0.78692,0.84282,966,3864,DR_primary,5085,5121
7,7,C3,20,5085,0.5025,23,0.78698,0.84286,966,3864,DR_primary,5085,5121
7,7,C0,21,4486,0.4433,23,0.7867,0.84364,966,3864,DR_primary,4486,4939
7,7,C1,21,4905,0.4847,23,0.78687,0.84373,966,3864,DR_primary,4905,4939
7,7,C2,21,4905,0.4847,23,0.78681,0.84382,966,3864,DR_primary,4905,4939
7,7,C3,21,4905,0.4847,23,0.78673,0.84375,966,3864,DR_primary,4905,4939
7,7,C0,22,4583,0.4529,23,0.78594,0.84218,966,3864,DR_primary,4583,5060
7,7,C1,22,5036,0.4977,23,0.78599,0.84238,966,3864,DR_primary,5036,5060
7,7,C2,22,5036,0.4977,23,0.78601,0.84252,966,3864,DR_primary,5036,5060
7,7,C3,22,5036,0.4977,23,0.78599,0.84248,966,3864,DR_primary,5036,5060
7,7,C0,23,4615,0.4561,23,0.78723,0.84337,966,3864,DR_primary,4615,5073
7,7,C1,23,5044,0.4985,23,0.78766,0.84369,966,3864,DR_primary,5044,5073
7,7,C2,23,5044,0.4985,23,0.7874,0.84351,966,3864,DR_primary,5044,5073
7,7,C3,23,5044,0.4985,23,0.78738,0.84355,966,3864,DR_primary,5044,5073
7,7,C0,24,4603,0.4549,23,0.78678,0.8431,966,3864,DR_primary,4603,5038
7,7,C1,24,5010,0.4951,23,0.78715,0.84325,966,3864,DR_primary,5010,5038
7,7,C2,24,5010,0.4951,23,0.78664,0.84306,966,3864,DR_primary,5010,5038
7,7,C3,24,5010,0.4951,23,0.78662,0.84308,966,3864,DR_primary,5010,5038
7,7,C0,25,4593,0.4539,23,0.78771,0.84399,966,3864,DR_primary,4593,5076
7,7,C1,25,5038,0.4979,23,0.7877,0.84395,966,3864,DR_primary,5038,5076
7,7,C2,25,5038,0.4979,23,0.78756,0.84401,966,3864,DR_primary,5038,5076
7,7,C3,25,5038,0.4979,23,0.78766,0.84413,966,3864,DR_primary,5038,5076
7,7,C0,26,4569,0.4515,23,0.78753,0.84395,966,3864,DR_primary,4569,5018
7,7,C1,26,4989,0.493,23,0.78731,0.84375,966,3864,DR_primary,4989,5018
7,7,C2,26,4989,0.493,23,0.78726,0.84373,966,3864,DR_primary,4989,5018
7,7,C3,26,4989,0.493,23,0.78715,0.84376,966,3864,DR_primary,4989,5018
7,7,C0,27,4587,0.4533,23,0.78745,0.84343,966,3864,DR_primary,4587,5064
7,7,C1,27,5027,0.4968,23,0.78734,0.8433,966,3864,DR_primary,5027,5064
7,7,C2,27,5027,0.4968,23,0.78751,0.84343,966,3864,DR_primary,5027,5064
7,7,C3,27,5027,0.4968,23,0.78744,0.84336,966,3864,DR_primary,5027,5064
7,7,C0,28,4477,0.4424,23,0.7869,0.84298,966,3864,DR_primary,4477,4968
7,7,C1,28,4942,0.4884,23,0.78676,0.84291,966,3864,DR_primary,4942,4968
7,7,C2,28,4942,0.4884,23,0.78694,0.84312,966,3864,DR_primary,4942,4968
7,7,C3,28,4942,0.4884,23,0.78695,0.8431,966,3864,DR_primary,4942,4968
7,7,C0,29,4521,0.4468,23,0.78637,0.84269,966,3864,DR_primary,4521,4992
7,7,C1,29,4965,0.4907,23,0.78643,0.84295,966,3864,DR_primary,4965,4992
7,7,C2,29,4965,0.4907,23,0.78625,0.84289,966,3864,DR_primary,4965,4992
7,7,C3,29,4965,0.4907,23,0.78616,0.84279,966,3864,DR_primary,4965,4992
7,7,C0,30,4631,0.4577,23,0.78756,0.84331,966,3864,DR_primary,4631,5104
7,7,C1,30,5062,0.5002,23,0.78753,0.84332,966,3864,DR_primary,5062,5104
7,7,C2,30,5062,0.5002,23,0.78733,0.84324,966,3864,DR_primary,5062,5104
7,7,C3,30,5062,0.5002,23,0.78736,0.84327,966,3864,DR_primary,5062,5104
7,8,C0,1,4578,0.4524,23,0.78665,0.84307,966,3864,DR_primary,4578,5026
7,8,C1,1,4989,0.493,23,0.78649,0.84298,966,3864,DR_primary,4989,5026
7,8,C2,1,4989,0.493,23,0.78682,0.84312,966,3864,DR_primary,4989,5026
7,8,C3,1,4989,0.493,23,0.78688,0.8432,966,3864,DR_primary,4989,5026
7,8,C0,2,4556,0.4502,23,0.78577,0.8418,966,3864,DR_primary,4556,5012
7,8,C1,2,4988,0.4929,23,0.78607,0.8422,966,3864,DR_primary,4988,5012
7,8,C2,2,4988,0.4929,23,0.78582,0.84205,966,3864,DR_primary,4988,5012
7,8,C3,2,4988,0.4929,23,0.7859,0.84213,966,3864,DR_primary,4988,5012
7,8,C0,3,4573,0.4519,23,0.78676,0.84308,966,3864,DR_primary,4573,5036
7,8,C1,3,5015,0.4956,23,0.78693,0.84344,966,3864,DR_primary,5015,5036
7,8,C2,3,5015,0.4956,23,0.78697,0.84349,966,3864,DR_primary,5015,5036
7,8,C3,3,5015,0.4956,23,0.78709,0.84359,966,3864,DR_primary,5015,5036
7,8,C0,4,4581,0.4527,23,0.78684,0.84286,966,3864,DR_primary,4581,5057
7,8,C1,4,5023,0.4964,23,0.78668,0.84256,966,3864,DR_primary,5023,5057
7,8,C2,4,5023,0.4964,23,0.78683,0.8428,966,3864,DR_primary,5023,5057
7,8,C3,4,5023,0.4964,23,0.78677,0.84279,966,3864,DR_primary,5023,5057
7,8,C0,5,4532,0.4479,23,0.78733,0.84362,966,3864,DR_primary,4532,5007
7,8,C1,5,4982,0.4923,23,0.78758,0.84379,966,3864,DR_primary,4982,5007
7,8,C2,5,4982,0.4923,23,0.78727,0.84368,966,3864,DR_primary,4982,5007
7,8,C3,5,4982,0.4923,23,0.78723,0.84364,966,3864,DR_primary,4982,5007
7,8,C0,6,4553,0.4499,23,0.78767,0.84374,966,3864,DR_primary,4553,4994
7,8,C1,6,4968,0.491,23,0.78753,0.84377,966,3864,DR_primary,4968,4994
7,8,C2,6,4968,0.491,23,0.78747,0.84374,966,3864,DR_primary,4968,4994
7,8,C3,6,4968,0.491,23,0.78745,0.84379,966,3864,DR_primary,4968,4994
7,8,C0,7,4614,0.456,23,0.78759,0.84354,966,3864,DR_primary,4614,5046
7,8,C1,7,5028,0.4969,23,0.78765,0.84355,966,3864,DR_primary,5028,5046
7,8,C2,7,5028,0.4969,23,0.78757,0.84358,966,3864,DR_primary,5028,5046
7,8,C3,7,5028,0.4969,23,0.78773,0.84373,966,3864,DR_primary,5028,5046
7,8,C0,8,4608,0.4554,23,0.78676,0.84272,966,3864,DR_primary,4608,5067
7,8,C1,8,5043,0.4984,23,0.78681,0.84284,966,3864,DR_primary,5043,5067
7,8,C2,8,5043,0.4984,23,0.78685,0.84296,966,3864,DR_primary,5043,5067
7,8,C3,8,5043,0.4984,23,0.78685,0.843,966,3864,DR_primary,5043,5067
7,8,C0,9,4529,0.4476,23,0.78748,0.8434,966,3864,DR_primary,4529,4961
7,8,C1,9,4932,0.4874,23,0.78743,0.84327,966,3864,DR_primary,4932,4961
7,8,C2,9,4932,0.4874,23,0.78721,0.84326,966,3864,DR_primary,4932,4961
7,8,C3,9,4932,0.4874,23,0.78716,0.84326,966,3864,DR_primary,4932,4961
7,8,C0,10,4512,0.4459,23,0.78653,0.84311,966,3864,DR_primary,4512,4999
7,8,C1,10,4970,0.4912,23,0.78595,0.84266,966,3864,DR_primary,4970,4999
7,8,C2,10,4970,0.4912,23,0.78631,0.84319,966,3864,DR_primary,4970,4999
7,8,C3,10,4970,0.4912,23,0.78631,0.84319,966,3864,DR_primary,4970,4999
7,8,C0,11,4532,0.4479,23,0.788,0.84375,966,3864,DR_primary,4532,4990
7,8,C1,11,4956,0.4898,23,0.78771,0.8436,966,3864,DR_primary,4956,4990
7,8,C2,11,4956,0.4898,23,0.78789,0.84373,966,3864,DR_primary,4956,4990
7,8,C3,11,4956,0.4898,23,0.78795,0.84377,966,3864,DR_primary,4956,4990
7,8,C0,12,4537,0.4484,23,0.78699,0.84298,966,3864,DR_primary,4537,5011
7,8,C1,12,4976,0.4917,23,0.7869,0.84294,966,3864,DR_primary,4976,5011
7,8,C2,12,4976,0.4917,23,0.78702,0.84307,966,3864,DR_primary,4976,5011
7,8,C3,12,4976,0.4917,23,0.78696,0.84309,966,3864,DR_primary,4976,5011
7,8,C0,13,4578,0.4524,23,0.78656,0.84224,966,3864,DR_primary,4578,5035
7,8,C1,13,5009,0.495,23,0.78672,0.84228,966,3864,DR_primary,5009,5035
7,8,C2,13,5009,0.495,23,0.78678,0.8425,966,3864,DR_primary,5009,5035
7,8,C3,13,5009,0.495,23,0.78683,0.84254,966,3864,DR_primary,5009,5035
7,8,C0,14,4629,0.4575,23,0.7863,0.84286,966,3864,DR_primary,4629,5070
7,8,C1,14,5050,0.4991,23,0.78669,0.84319,966,3864,DR_primary,5050,5070
7,8,C2,14,5050,0.4991,23,0.78672,0.84327,966,3864,DR_primary,5050,5070
7,8,C3,14,5050,0.4991,23,0.78666,0.84328,966,3864,DR_primary,5050,5070
7,8,C0,15,4661,0.4606,23,0.78698,0.84358,966,3864,DR_primary,4661,5102
7,8,C1,15,5070,0.501,23,0.7869,0.84337,966,3864,DR_primary,5070,5102
7,8,C2,15,5070,0.501,23,0.78672,0.84337,966,3864,DR_primary,5070,5102
7,8,C3,15,5070,0.501,23,0.78673,0.84334,966,3864,DR_primary,5070,5102
7,8,C0,16,4539,0.4486,23,0.78656,0.8432,966,3864,DR_primary,4539,4961
7,8,C1,16,4935,0.4877,23,0.78676,0.84333,966,3864,DR_primary,4935,4961
7,8,C2,16,4935,0.4877,23,0.78673,0.84326,966,3864,DR_primary,4935,4961
7,8,C3,16,4935,0.4877,23,0.78679,0.84329,966,3864,DR_primary,4935,4961
7,8,C0,17,4542,0.4489,23,0.78718,0.84356,966,3864,DR_primary,4542,4975
7,8,C1,17,4939,0.4881,23,0.78688,0.84325,966,3864,DR_primary,4939,4975
7,8,C2,17,4939,0.4881,23,0.78674,0.84328,966,3864,DR_primary,4939,4975
7,8,C3,17,4939,0.4881,23,0.78676,0.84322,966,3864,DR_primary,4939,4975
7,8,C0,18,4517,0.4464,23,0.78657,0.84248,966,3864,DR_primary,4517,4969
7,8,C1,18,4946,0.4888,23,0.7868,0.84276,966,3864,DR_primary,4946,4969
7,8,C2,18,4946,0.4888,23,0.78658,0.84278,966,3864,DR_primary,4946,4969
7,8,C3,18,4946,0.4888,23,0.78669,0.84283,966,3864,DR_primary,4946,4969
7,8,C0,19,4557,0.4503,23,0.78677,0.84308,966,3864,DR_primary,4557,5013
7,8,C1,19,4993,0.4934,23,0.78686,0.84307,966,3864,DR_primary,4993,5013
7,8,C2,19,4993,0.4934,23,0.78683,0.84309,966,3864,DR_primary,4993,5013
7,8,C3,19,4993,0.4934,23,0.78689,0.84315,966,3864,DR_primary,4993,5013
7,8,C0,20,4593,0.4539,23,0.78606,0.84277,966,3864,DR_primary,4593,5053
7,8,C1,20,5006,0.4947,23,0.78606,0.84276,966,3864,DR_primary,5006,5053
7,8,C2,20,5006,0.4947,23,0.78628,0.84308,966,3864,DR_primary,5006,5053
7,8,C3,20,5006,0.4947,23,0.78638,0.84313,966,3864,DR_primary,5006,5053
7,8,C0,21,4577,0.4523,23,0.78722,0.84338,966,3864,DR_primary,4577,5046
7,8,C1,21,5013,0.4954,23,0.7868,0.84308,966,3864,DR_primary,5013,5046
7,8,C2,21,5013,0.4954,23,0.78679,0.84298,966,3864,DR_primary,5013,5046
7,8,C3,21,5013,0.4954,23,0.78685,0.84298,966,3864,DR_primary,5013,5046
7,8,C0,22,4616,0.4562,23,0.78689,0.84289,966,3864,DR_primary,4616,5059
7,8,C1,22,5025,0.4966,23,0.78709,0.84307,966,3864,DR_primary,5025,5059
7,8,C2,22,5025,0.4966,23,0.78707,0.84303,966,3864,DR_primary,5025,5059
7,8,C3,22,5025,0.4966,23,0.78693,0.84302,966,3864,DR_primary,5025,5059
7,8,C0,23,4545,0.4492,23,0.78701,0.84315,966,3864,DR_primary,4545,4976
7,8,C1,23,4960,0.4902,23,0.78713,0.84337,966,3864,DR_primary,4960,4976
7,8,C2,23,4960,0.4902,23,0.78696,0.84323,966,3864,DR_primary,4960,4976
7,8,C3,23,4960,0.4902,23,0.78706,0.84339,966,3864,DR_primary,4960,4976
7,8,C0,24,4663,0.4608,23,0.78782,0.8439,966,3864,DR_primary,4663,5087
7,8,C1,24,5060,0.5,23,0.7877,0.84376,966,3864,DR_primary,5060,5087
7,8,C2,24,5060,0.5,23,0.78785,0.84388,966,3864,DR_primary,5060,5087
7,8,C3,24,5060,0.5,23,0.78772,0.84374,966,3864,DR_primary,5060,5087
7,8,C0,25,4610,0.4556,23,0.78665,0.84248,966,3864,DR_primary,4610,5059
7,8,C1,25,5032,0.4973,23,0.78664,0.84242,966,3864,DR_primary,5032,5059
7,8,C2,25,5032,0.4973,23,0.78702,0.84318,966,3864,DR_primary,5032,5059
7,8,C3,25,5032,0.4973,23,0.78697,0.84315,966,3864,DR_primary,5032,5059
7,8,C0,26,4635,0.458,23,0.78634,0.84283,966,3864,DR_primary,4635,5107
7,8,C1,26,5080,0.502,23,0.78681,0.843,966,3864,DR_primary,5080,5107
7,8,C2,26,5080,0.502,23,0.78663,0.84305,966,3864,DR_primary,5080,5107
7,8,C3,26,5080,0.502,23,0.78664,0.84309,966,3864,DR_primary,5080,5107
7,8,C0,27,4623,0.4569,23,0.78661,0.84334,966,3864,DR_primary,4623,5072
7,8,C1,27,5043,0.4984,23,0.7865,0.84329,966,3864,DR_primary,5043,5072
7,8,C2,27,5043,0.4984,23,0.78654,0.84338,966,3864,DR_primary,5043,5072
7,8,C3,27,5043,0.4984,23,0.78653,0.84341,966,3864,DR_primary,5043,5072
7,8,C0,28,4597,0.4543,23,0.78774,0.84355,966,3864,DR_primary,4597,5076
7,8,C1,28,5045,0.4986,23,0.78755,0.84343,966,3864,DR_primary,5045,5076
7,8,C2,28,5045,0.4986,23,0.78749,0.8435,966,3864,DR_primary,5045,5076
7,8,C3,28,5045,0.4986,23,0.78752,0.84353,966,3864,DR_primary,5045,5076
7,8,C0,29,4671,0.4616,23,0.78667,0.84273,966,3864,DR_primary,4671,5106
7,8,C1,29,5090,0.503,23,0.78736,0.84314,966,3864,DR_primary,5090,5106
7,8,C2,29,5090,0.503,23,0.787,0.84308,966,3864,DR_primary,5090,5106
7,8,C3,29,5090,0.503,23,0.78695,0.84304,966,3864,DR_primary,5090,5106
7,8,C0,30,4635,0.458,23,0.78715,0.84319,966,3864,DR_primary,4635,5104
7,8,C1,30,5057,0.4998,23,0.7873,0.8433,966,3864,DR_primary,5057,5104
7,8,C2,30,5057,0.4998,23,0.78739,0.8436,966,3864,DR_primary,5057,5104
7,8,C3,30,5057,0.4998,23,0.78729,0.8435,966,3864,DR_primary,5057,5104
7,9,C0,1,4556,0.4502,23,0.78714,0.84377,966,3864,DR_primary,4556,5009
7,9,C1,1,4970,0.4912,23,0.78716,0.84369,966,3864,DR_primary,4970,5009
7,9,C2,1,4970,0.4912,23,0.7875,0.84388,966,3864,DR_primary,4970,5009
7,9,C3,1,4970,0.4912,23,0.78748,0.8439,966,3864,DR_primary,4970,5009
7,9,C0,2,4545,0.4492,23,0.78686,0.84326,966,3864,DR_primary,4545,4974
7,9,C1,2,4956,0.4898,23,0.78683,0.84314,966,3864,DR_primary,4956,4974
7,9,C2,2,4956,0.4898,23,0.78663,0.84311,966,3864,DR_primary,4956,4974
7,9,C3,2,4956,0.4898,23,0.78666,0.84307,966,3864,DR_primary,4956,4974
7,9,C0,3,4608,0.4554,23,0.78615,0.84274,966,3864,DR_primary,4608,5101
7,9,C1,3,5059,0.5,23,0.78617,0.84282,966,3864,DR_primary,5059,5101
7,9,C2,3,5059,0.5,23,0.78622,0.84293,966,3864,DR_primary,5059,5101
7,9,C3,3,5059,0.5,23,0.78616,0.84294,966,3864,DR_primary,5059,5101
7,9,C0,4,4580,0.4526,23,0.78755,0.84367,966,3864,DR_primary,4580,5050
7,9,C1,4,5009,0.495,23,0.78742,0.84357,966,3864,DR_primary,5009,5050
7,9,C2,4,5009,0.495,23,0.78741,0.84356,966,3864,DR_primary,5009,5050
7,9,C3,4,5009,0.495,23,0.78755,0.84364,966,3864,DR_primary,5009,5050
7,9,C0,5,4538,0.4485,23,0.78701,0.8432,966,3864,DR_primary,4538,4976
7,9,C1,5,4965,0.4907,23,0.78708,0.84318,966,3864,DR_primary,4965,4976
7,9,C2,5,4965,0.4907,23,0.78711,0.84329,966,3864,DR_primary,4965,4976
7,9,C3,5,4965,0.4907,23,0.7871,0.84333,966,3864,DR_primary,4965,4976
7,9,C0,6,4620,0.4566,23,0.78709,0.84307,966,3864,DR_primary,4620,5081
7,9,C1,6,5043,0.4984,23,0.78689,0.84302,966,3864,DR_primary,5043,5081
7,9,C2,6,5043,0.4984,23,0.78683,0.84294,966,3864,DR_primary,5043,5081
7,9,C3,6,5043,0.4984,23,0.78668,0.84288,966,3864,DR_primary,5043,5081
7,9,C0,7,4642,0.4587,23,0.78626,0.8428,966,3864,DR_primary,4642,5107
7,9,C1,7,5075,0.5015,23,0.78642,0.84313,966,3864,DR_primary,5075,5107
7,9,C2,7,5075,0.5015,23,0.78606,0.84286,966,3864,DR_primary,5075,5107
7,9,C3,7,5075,0.5015,23,0.7861,0.84291,966,3864,DR_primary,5075,5107
7,9,C0,8,4575,0.4521,23,0.78673,0.84319,966,3864,DR_primary,4575,4995
7,9,C1,8,4965,0.4907,23,0.78693,0.84338,966,3864,DR_primary,4965,4995
7,9,C2,8,4965,0.4907,23,0.78681,0.84338,966,3864,DR_primary,4965,4995
7,9,C3,8,4965,0.4907,23,0.78689,0.84352,966,3864,DR_primary,4965,4995
7,9,C0,9,4634,0.458,23,0.78709,0.84314,966,3864,DR_primary,4634,5101
7,9,C1,9,5063,0.5003,23,0.7869,0.84305,966,3864,DR_primary,5063,5101
7,9,C2,9,5063,0.5003,23,0.78682,0.84294,966,3864,DR_primary,5063,5101
7,9,C3,9,5063,0.5003,23,0.78674,0.84289,966,3864,DR_primary,5063,5101
7,9,C0,10,4583,0.4529,23,0.78683,0.84293,966,3864,DR_primary,4583,5072
7,9,C1,10,5043,0.4984,23,0.78674,0.84296,966,3864,DR_primary,5043,5072
7,9,C2,10,5043,0.4984,23,0.78678,0.84304,966,3864,DR_primary,5043,5072
7,9,C3,10,5043,0.4984,23,0.78666,0.84294,966,3864,DR_primary,5043,5072
7,9,C0,11,4571,0.4517,23,0.78779,0.84339,966,3864,DR_primary,4571,5034
7,9,C1,11,5016,0.4957,23,0.7877,0.84364,966,3864,DR_primary,5016,5034
7,9,C2,11,5016,0.4957,23,0.78783,0.84368,966,3864,DR_primary,5016,5034
7,9,C3,11,5016,0.4957,23,0.78798,0.84376,966,3864,DR_primary,5016,5034
7,9,C0,12,4640,0.4585,23,0.78641,0.8427,966,3864,DR_primary,4640,5081
7,9,C1,12,5051,0.4992,23,0.78639,0.84272,966,3864,DR_primary,5051,5081
7,9,C2,12,5051,0.4992,23,0.78645,0.84283,966,3864,DR_primary,5051,5081
7,9,C3,12,5051,0.4992,23,0.78635,0.84277,966,3864,DR_primary,5051,5081
7,9,C0,13,4573,0.4519,23,0.78711,0.84337,966,3864,DR_primary,4573,5008
7,9,C1,13,4985,0.4926,23,0.78675,0.84311,966,3864,DR_primary,4985,5008
7,9,C2,13,4985,0.4926,23,0.78689,0.84338,966,3864,DR_primary,4985,5008
7,9,C3,13,4985,0.4926,23,0.78694,0.84345,966,3864,DR_primary,4985,5008
7,9,C0,14,4564,0.451,23,0.78649,0.84314,966,3864,DR_primary,4564,5020
7,9,C1,14,4989,0.493,23,0.7864,0.84286,966,3864,DR_primary,4989,5020
7,9,C2,14,4989,0.493,23,0.78638,0.84311,966,3864,DR_primary,4989,5020
7,9,C3,14,4989,0.493,23,0.78637,0.84309,966,3864,DR_primary,4989,5020
7,9,C0,15,4621,0.4567,23,0.78652,0.84294,966,3864,DR_primary,4621,5062
7,9,C1,15,5040,0.4981,23,0.78665,0.843,966,3864,DR_primary,5040,5062
7,9,C2,15,5040,0.4981,23,0.78661,0.84317,966,3864,DR_primary,5040,5062
7,9,C3,15,5040,0.4981,23,0.78657,0.84312,966,3864,DR_primary,5040,5062
7,9,C0,16,4608,0.4554,23,0.78792,0.84401,966,3864,DR_primary,4608,5027
7,9,C1,16,5001,0.4942,23,0.78734,0.84357,966,3864,DR_primary,5001,5027
7,9,C2,16,5001,0.4942,23,0.78747,0.84367,966,3864,DR_primary,5001,5027
7,9,C3,16,5001,0.4942,23,0.78726,0.84349,966,3864,DR_primary,5001,5027
7,9,C0,17,4587,0.4533,23,0.78672,0.84295,966,3864,DR_primary,4587,5041
7,9,C1,17,5006,0.4947,23,0.78665,0.843,966,3864,DR_primary,5006,5041
7,9,C2,17,5006,0.4947,23,0.7866,0.84292,966,3864,DR_primary,5006,5041
7,9,C3,17,5006,0.4947,23,0.78649,0.84282,966,3864,DR_primary,5006,5041
7,9,C0,18,4544,0.4491,23,0.78741,0.84347,966,3864,DR_primary,4544,5006
7,9,C1,18,4989,0.493,23,0.78721,0.84325,966,3864,DR_primary,4989,5006
7,9,C2,18,4989,0.493,23,0.78717,0.84337,966,3864,DR_primary,4989,5006
7,9,C3,18,4989,0.493,23,0.7872,0.84338,966,3864,DR_primary,4989,5006
7,9,C0,19,4633,0.4579,23,0.78718,0.84316,966,3864,DR_primary,4633,5108
7,9,C1,19,5079,0.5019,23,0.78705,0.84305,966,3864,DR_primary,5079,5108
7,9,C2,19,5079,0.5019,23,0.78707,0.84318,966,3864,DR_primary,5079,5108
7,9,C3,19,5079,0.5019,23,0.78714,0.84329,966,3864,DR_primary,5079,5108
7,9,C0,20,4599,0.4545,23,0.78668,0.84326,966,3864,DR_primary,4599,5013
7,9,C1,20,4985,0.4926,23,0.78684,0.84334,966,3864,DR_primary,4985,5013
7,9,C2,20,4985,0.4926,23,0.78655,0.84312,966,3864,DR_primary,4985,5013
7,9,C3,20,4985,0.4926,23,0.78666,0.84331,966,3864,DR_primary,4985,5013
7,9,C0,21,4630,0.4576,23,0.78694,0.84336,966,3864,DR_primary,4630,5093
7,9,C1,21,5069,0.5009,23,0.78664,0.84316,966,3864,DR_primary,5069,5093
7,9,C2,21,5069,0.5009,23,0.78658,0.84314,966,3864,DR_primary,5069,5093
7,9,C3,21,5069,0.5009,23,0.78666,0.84321,966,3864,DR_primary,5069,5093
7,9,C0,22,4549,0.4496,23,0.78656,0.84303,966,3864,DR_primary,4549,5011
7,9,C1,22,4979,0.492,23,0.78673,0.84313,966,3864,DR_primary,4979,5011
7,9,C2,22,4979,0.492,23,0.78643,0.84307,966,3864,DR_primary,4979,5011
7,9,C3,22,4979,0.492,23,0.78655,0.84316,966,3864,DR_primary,4979,5011
7,9,C0,23,4568,0.4514,23,0.78728,0.84385,966,3864,DR_primary,4568,5021
7,9,C1,23,4996,0.4937,23,0.78745,0.84381,966,3864,DR_primary,4996,5021
7,9,C2,23,4996,0.4937,23,0.78723,0.84368,966,3864,DR_primary,4996,5021
7,9,C3,23,4996,0.4937,23,0.78717,0.84359,966,3864,DR_primary,4996,5021
7,9,C0,24,4553,0.4499,23,0.78747,0.84354,966,3864,DR_primary,4553,5008
7,9,C1,24,4969,0.4911,23,0.78746,0.84346,966,3864,DR_primary,4969,5008
7,9,C2,24,4969,0.4911,23,0.78735,0.84359,966,3864,DR_primary,4969,5008
7,9,C3,24,4969,0.4911,23,0.78729,0.84355,966,3864,DR_primary,4969,5008
7,9,C0,25,4558,0.4504,23,0.7871,0.84342,966,3864,DR_primary,4558,5000
7,9,C1,25,4986,0.4927,23,0.7868,0.84329,966,3864,DR_primary,4986,5000
7,9,C2,25,4986,0.4927,23,0.78704,0.8437,966,3864,DR_primary,4986,5000
7,9,C3,25,4986,0.4927,23,0.78706,0.84371,966,3864,DR_primary,4986,5000
7,9,C0,26,4691,0.4636,23,0.7878,0.84388,966,3864,DR_primary,4691,5125
7,9,C1,26,5092,0.5032,23,0.7876,0.84382,966,3864,DR_primary,5092,5125
7,9,C2,26,5092,0.5032,23,0.78758,0.84383,966,3864,DR_primary,5092,5125
7,9,C3,26,5092,0.5032,23,0.78749,0.84376,966,3864,DR_primary,5092,5125
7,9,C0,27,4643,0.4588,23,0.78662,0.84317,966,3864,DR_primary,4643,5055
7,9,C1,27,5029,0.497,23,0.78682,0.84313,966,3864,DR_primary,5029,5055
7,9,C2,27,5029,0.497,23,0.78633,0.84296,966,3864,DR_primary,5029,5055
7,9,C3,27,5029,0.497,23,0.78643,0.84306,966,3864,DR_primary,5029,5055
7,9,C0,28,4541,0.4488,23,0.7866,0.84245,966,3864,DR_primary,4541,4977
7,9,C1,28,4946,0.4888,23,0.78654,0.84259,966,3864,DR_primary,4946,4977
7,9,C2,28,4946,0.4888,23,0.78621,0.8426,966,3864,DR_primary,4946,4977
7,9,C3,28,4946,0.4888,23,0.78639,0.84273,966,3864,DR_primary,4946,4977
7,9,C0,29,4661,0.4606,23,0.78609,0.8425,966,3864,DR_primary,4661,5093
7,9,C1,29,5065,0.5005,23,0.78645,0.84282,966,3864,DR_primary,5065,5093
7,9,C2,29,5065,0.5005,23,0.78625,0.84268,966,3864,DR_primary,5065,5093
7,9,C3,29,5065,0.5005,23,0.78622,0.8427,966,3864,DR_primary,5065,5093
7,9,C0,30,4633,0.4579,23,0.78675,0.8432,966,3864,DR_primary,4633,5090
7,9,C1,30,5072,0.5012,23,0.78712,0.84351,966,3864,DR_primary,5072,5090
7,9,C2,30,5072,0.5012,23,0.78678,0.84346,966,3864,DR_primary,5072,5090
7,9,C3,30,5072,0.5012,23,0.78672,0.8434,966,3864,DR_primary,5072,5090
11,0,C0,1,4488,0.4435,23,0.78727,0.84354,966,3864,DR_primary,4488,4948
11,0,C1,1,4917,0.4859,23,0.7868,0.84308,966,3864,DR_primary,4917,4948
11,0,C2,1,4917,0.4859,23,0.78725,0.84353,966,3864,DR_primary,4917,4948
11,0,C3,1,4917,0.4859,23,0.78729,0.84356,966,3864,DR_primary,4917,4948
11,0,C0,2,4581,0.4527,23,0.78745,0.84374,966,3864,DR_primary,4581,5033
11,0,C1,2,5013,0.4954,23,0.78745,0.84366,966,3864,DR_primary,5013,5033
11,0,C2,2,5013,0.4954,23,0.78736,0.84378,966,3864,DR_primary,5013,5033
11,0,C3,2,5013,0.4954,23,0.78737,0.84376,966,3864,DR_primary,5013,5033
11,0,C0,3,4582,0.4528,23,0.78653,0.84288,966,3864,DR_primary,4582,5054
11,0,C1,3,5016,0.4957,23,0.78644,0.84282,966,3864,DR_primary,5016,5054
11,0,C2,3,5016,0.4957,23,0.78634,0.84295,966,3864,DR_primary,5016,5054
11,0,C3,3,5016,0.4957,23,0.78623,0.84298,966,3864,DR_primary,5016,5054
11,0,C0,4,4623,0.4569,23,0.78688,0.84355,966,3864,DR_primary,4623,5063
11,0,C1,4,5028,0.4969,23,0.78687,0.84338,966,3864,DR_primary,5028,5063
11,0,C2,4,5028,0.4969,23,0.78664,0.84326,966,3864,DR_primary,5028,5063
11,0,C3,4,5028,0.4969,23,0.78665,0.84334,966,3864,DR_primary,5028,5063
11,0,C0,5,4598,0.4544,23,0.78708,0.84365,966,3864,DR_primary,4598,5061
11,0,C1,5,5040,0.4981,23,0.78706,0.84362,966,3864,DR_primary,5040,5061
11,0,C2,5,5040,0.4981,23,0.78719,0.84377,966,3864,DR_primary,5040,5061
11,0,C3,5,5040,0.4981,23,0.78723,0.84381,966,3864,DR_primary,5040,5061
11,0,C0,6,4569,0.4515,23,0.7869,0.84345,966,3864,DR_primary,4569,5020
11,0,C1,6,4989,0.493,23,0.78697,0.8435,966,3864,DR_primary,4989,5020
11,0,C2,6,4989,0.493,23,0.78684,0.84355,966,3864,DR_primary,4989,5020
11,0,C3,6,4989,0.493,23,0.7869,0.84357,966,3864,DR_primary,4989,5020
11,0,C0,7,4569,0.4515,23,0.78644,0.84286,966,3864,DR_primary,4569,5048
11,0,C1,7,4998,0.4939,23,0.78652,0.84299,966,3864,DR_primary,4998,5048
11,0,C2,7,4998,0.4939,23,0.78652,0.84309,966,3864,DR_primary,4998,5048
11,0,C3,7,4998,0.4939,23,0.78649,0.84307,966,3864,DR_primary,4998,5048
11,0,C0,8,4623,0.4569,23,0.78725,0.84338,966,3864,DR_primary,4623,5054
11,0,C1,8,5036,0.4977,23,0.78706,0.84333,966,3864,DR_primary,5036,5054
11,0,C2,8,5036,0.4977,23,0.78714,0.84363,966,3864,DR_primary,5036,5054
11,0,C3,8,5036,0.4977,23,0.78712,0.84357,966,3864,DR_primary,5036,5054
11,0,C0,9,4569,0.4515,23,0.78673,0.84313,966,3864,DR_primary,4569,5007
11,0,C1,9,4975,0.4916,23,0.78672,0.84304,966,3864,DR_primary,4975,5007
11,0,C2,9,4975,0.4916,23,0.78678,0.84313,966,3864,DR_primary,4975,5007
11,0,C3,9,4975,0.4916,23,0.7868,0.84314,966,3864,DR_primary,4975,5007
11,0,C0,10,4590,0.4536,23,0.78696,0.84324,966,3864,DR_primary,4590,5054
11,0,C1,10,5016,0.4957,23,0.78685,0.84321,966,3864,DR_primary,5016,5054
11,0,C2,10,5016,0.4957,23,0.7866,0.84302,966,3864,DR_primary,5016,5054
11,0,C3,10,5016,0.4957,23,0.78651,0.84297,966,3864,DR_primary,5016,5054
11,0,C0,11,4552,0.4498,23,0.7873,0.84369,966,3864,DR_primary,4552,5032
11,0,C1,11,4992,0.4933,23,0.78732,0.84377,966,3864,DR_primary,4992,5032
11,0,C2,11,4992,0.4933,23,0.78721,0.84383,966,3864,DR_primary,4992,5032
11,0,C3,11,4992,0.4933,23,0.78708,0.84374,966,3864,DR_primary,4992,5032
11,0,C0,12,4565,0.4511,23,0.78771,0.84348,966,3864,DR_primary,4565,4999
11,0,C1,12,4977,0.4918,23,0.78775,0.84358,966,3864,DR_primary,4977,4999
11,0,C2,12,4977,0.4918,23,0.78769,0.8436,966,3864,DR_primary,4977,4999
11,0,C3,12,4977,0.4918,23,0.78772,0.84364,966,3864,DR_primary,4977,4999
11,0,C0,13,4592,0.4538,23,0.78725,0.84336,966,3864,DR_primary,4592,5040
11,0,C1,13,5015,0.4956,23,0.78713,0.84325,966,3864,DR_primary,5015,5040
11,0,C2,13,5015,0.4956,23,0.7871,0.84322,966,3864,DR_primary,5015,5040
11,0,C3,13,5015,0.4956,23,0.78701,0.84319,966,3864,DR_primary,5015,5040
11,0,C0,14,4647,0.4592,23,0.78822,0.84383,966,3864,DR_primary,4647,5074
11,0,C1,14,5045,0.4986,23,0.78813,0.84373,966,3864,DR_primary,5045,5074
11,0,C2,14,5045,0.4986,23,0.78795,0.84381,966,3864,DR_primary,5045,5074
11,0,C3,14,5045,0.4986,23,0.78795,0.84386,966,3864,DR_primary,5045,5074
11,0,C0,15,4535,0.4482,23,0.78693,0.84345,966,3864,DR_primary,4535,4964
11,0,C1,15,4936,0.4878,23,0.7867,0.84316,966,3864,DR_primary,4936,4964
11,0,C2,15,4936,0.4878,23,0.78673,0.84315,966,3864,DR_primary,4936,4964
11,0,C3,15,4936,0.4878,23,0.78668,0.84317,966,3864,DR_primary,4936,4964
11,0,C0,16,4615,0.4561,23,0.78665,0.84247,966,3864,DR_primary,4615,5068
11,0,C1,16,5052,0.4993,23,0.78674,0.84253,966,3864,DR_primary,5052,5068
11,0,C2,16,5052,0.4993,23,0.7868,0.84263,966,3864,DR_primary,5052,5068
11,0,C3,16,5052,0.4993,23,0.78676,0.8426,966,3864,DR_primary,5052,5068
11,0,C0,17,4569,0.4515,23,0.78669,0.84296,966,3864,DR_primary,4569,5042
11,0,C1,17,5011,0.4952,23,0.78678,0.84303,966,3864,DR_primary,5011,5042
11,0,C2,17,5011,0.4952,23,0.7867,0.8431,966,3864,DR_primary,5011,5042
11,0,C3,17,5011,0.4952,23,0.78671,0.84309,966,3864,DR_primary,5011,5042
11,0,C0,18,4639,0.4584,23,0.78628,0.84245,966,3864,DR_primary,4639,5095
11,0,C1,18,5069,0.5009,23,0.78619,0.84244,966,3864,DR_primary,5069,5095
11,0,C2,18,5069,0.5009,23,0.7861,0.84249,966,3864,DR_primary,5069,5095
11,0,C3,18,5069,0.5009,23,0.78605,0.84241,966,3864,DR_primary,5069,5095
11,0,C0,19,4575,0.4521,23,0.7871,0.8431,966,3864,DR_primary,4575,5060
11,0,C1,19,5026,0.4967,23,0.78708,0.84306,966,3864,DR_primary,5026,5060
11,0,C2,19,5026,0.4967,23,0.78687,0.84305,966,3864,DR_primary,5026,5060
11,0,C3,19,5026,0.4967,23,0.78684,0.84304,966,3864,DR_primary,5026,5060
11,0,C0,20,4610,0.4556,23,0.78654,0.843,966,3864,DR_primary,4610,5053
11,0,C1,20,5035,0.4976,23,0.78635,0.84276,966,3864,DR_primary,5035,5053
11,0,C2,20,5035,0.4976,23,0.78616,0.84277,966,3864,DR_primary,5035,5053
11,0,C3,20,5035,0.4976,23,0.78621,0.84282,966,3864,DR_primary,5035,5053
11,0,C0,21,4550,0.4496,23,0.78611,0.84281,966,3864,DR_primary,4550,4990
11,0,C1,21,4952,0.4894,23,0.78635,0.84291,966,3864,DR_primary,4952,4990
11,0,C2,21,4952,0.4894,23,0.78625,0.84302,966,3864,DR_primary,4952,4990
11,0,C3,21,4952,0.4894,23,0.78629,0.84302,966,3864,DR_primary,4952,4990
11,0,C0,22,4579,0.4525,23,0.78659,0.84284,966,3864,DR_primary,4579,5029
11,0,C1,22,5012,0.4953,23,0.78654,0.84281,966,3864,DR_primary,5012,5029
11,0,C2,22,5012,0.4953,23,0.78648,0.84271,966,3864,DR_primary,5012,5029
11,0,C3,22,5012,0.4953,23,0.78657,0.84284,966,3864,DR_primary,5012,5029
11,0,C0,23,4608,0.4554,23,0.78666,0.84289,966,3864,DR_primary,4608,5083
11,0,C1,23,5053,0.4994,23,0.78674,0.84286,966,3864,DR_primary,5053,5083
11,0,C2,23,5053,0.4994,23,0.78654,0.84288,966,3864,DR_primary,5053,5083
11,0,C3,23,5053,0.4994,23,0.78646,0.8428,966,3864,DR_primary,5053,5083
11,0,C0,24,4496,0.4443,23,0.78673,0.84324,966,3864,DR_primary,4496,4936
11,0,C1,24,4907,0.4849,23,0.78709,0.84347,966,3864,DR_primary,4907,4936
11,0,C2,24,4907,0.4849,23,0.7865,0.84304,966,3864,DR_primary,4907,4936
11,0,C3,24,4907,0.4849,23,0.78658,0.84315,966,3864,DR_primary,4907,4936
11,0,C0,25,4584,0.453,23,0.78663,0.84341,966,3864,DR_primary,4584,5034
11,0,C1,25,5014,0.4955,23,0.78718,0.84366,966,3864,DR_primary,5014,5034
11,0,C2,25,5014,0.4955,23,0.78709,0.84369,966,3864,DR_primary,5014,5034
11,0,C3,25,5014,0.4955,23,0.78707,0.84369,966,3864,DR_primary,5014,5034
11,0,C0,26,4551,0.4497,23,0.78644,0.84262,966,3864,DR_primary,4551,4991
11,0,C1,26,4970,0.4912,23,0.78689,0.84281,966,3864,DR_primary,4970,4991
11,0,C2,26,4970,0.4912,23,0.78652,0.84287,966,3864,DR_primary,4970,4991
11,0,C3,26,4970,0.4912,23,0.78659,0.84288,966,3864,DR_primary,4970,4991
11,0,C0,27,4557,0.4503,23,0.787,0.84265,966,3864,DR_primary,4557,5012
11,0,C1,27,4975,0.4916,23,0.78725,0.8429,966,3864,DR_primary,4975,5012
11,0,C2,27,4975,0.4916,23,0.78705,0.84302,966,3864,DR_primary,4975,5012
11,0,C3,27,4975,0.4916,23,0.7872,0.84304,966,3864,DR_primary,4975,5012
11,0,C0,28,4682,0.4627,23,0.78699,0.8433,966,3864,DR_primary,4682,5134
11,0,C1,28,5105,0.5045,23,0.78655,0.843,966,3864,DR_primary,5105,5134
11,0,C2,28,5105,0.5045,23,0.78674,0.84324,966,3864,DR_primary,5105,5134
11,0,C3,28,5105,0.5045,23,0.78675,0.84331,966,3864,DR_primary,5105,5134
11,0,C0,29,4501,0.4448,23,0.78669,0.8426,966,3864,DR_primary,4501,4950
11,0,C1,29,4924,0.4866,23,0.78661,0.84247,966,3864,DR_primary,4924,4950
11,0,C2,29,4924,0.4866,23,0.78675,0.84283,966,3864,DR_primary,4924,4950
11,0,C3,29,4924,0.4866,23,0.78679,0.84282,966,3864,DR_primary,4924,4950
11,0,C0,30,4651,0.4596,23,0.78668,0.84326,966,3864,DR_primary,4651,5103
11,0,C1,30,5073,0.5013,23,0.78669,0.8433,966,3864,DR_primary,5073,5103
11,0,C2,30,5073,0.5013,23,0.78686,0.84351,966,3864,DR_primary,5073,5103
11,0,C3,30,5073,0.5013,23,0.78701,0.84364,966,3864,DR_primary,5073,5103
11,1,C0,1,4615,0.4561,23,0.78633,0.84289,966,3864,DR_primary,4615,5110
11,1,C1,1,5075,0.5015,23,0.78647,0.84284,966,3864,DR_primary,5075,5110
11,1,C2,1,5075,0.5015,23,0.78669,0.84302,966,3864,DR_primary,5075,5110
11,1,C3,1,5075,0.5015,23,0.78656,0.84298,966,3864,DR_primary,5075,5110
11,1,C0,2,4601,0.4547,23,0.78632,0.84271,966,3864,DR_primary,4601,5048
11,1,C1,2,5015,0.4956,23,0.78623,0.84272,966,3864,DR_primary,5015,5048
11,1,C2,2,5015,0.4956,23,0.78626,0.84275,966,3864,DR_primary,5015,5048
11,1,C3,2,5015,0.4956,23,0.78619,0.84279,966,3864,DR_primary,5015,5048
11,1,C0,3,4626,0.4572,23,0.78751,0.84361,966,3864,DR_primary,4626,5071
11,1,C1,3,5040,0.4981,23,0.78725,0.84364,966,3864,DR_primary,5040,5071
11,1,C2,3,5040,0.4981,23,0.78738,0.84383,966,3864,DR_primary,5040,5071
11,1,C3,3,5040,0.4981,23,0.78729,0.84376,966,3864,DR_primary,5040,5071
11,1,C0,4,4630,0.4576,23,0.78696,0.84323,966,3864,DR_primary,4630,5091
11,1,C1,4,5057,0.4998,23,0.78696,0.84318,966,3864,DR_primary,5057,5091
11,1,C2,4,5057,0.4998,23,0.78713,0.84331,966,3864,DR_primary,5057,5091
11,1,C3,4,5057,0.4998,23,0.78706,0.84323,966,3864,DR_primary,5057,5091
11,1,C0,5,4538,0.4485,23,0.78636,0.84246,966,3864,DR_primary,4538,4991
11,1,C1,5,4975,0.4916,23,0.78655,0.84256,966,3864,DR_primary,4975,4991
11,1,C2,5,4975,0.4916,23,0.78643,0.84264,966,3864,DR_primary,4975,4991
11,1,C3,5,4975,0.4916,23,0.78637,0.84261,966,3864,DR_primary,4975,4991
11,1,C0,6,4573,0.4519,23,0.7876,0.84358,966,3864,DR_primary,4573,4996
11,1,C1,6,4978,0.4919,23,0.78759,0.84348,966,3864,DR_primary,4978,4996
11,1,C2,6,4978,0.4919,23,0.78766,0.84365,966,3864,DR_primary,4978,4996
11,1,C3,6,4978,0.4919,23,0.78764,0.84359,966,3864,DR_primary,4978,4996
11,1,C0,7,4591,0.4537,23,0.78734,0.84375,966,3864,DR_primary,4591,5017
11,1,C1,7,4989,0.493,23,0.78724,0.84359,966,3864,DR_primary,4989,5017
11,1,C2,7,4989,0.493,23,0.78702,0.84344,966,3864,DR_primary,4989,5017
11,1,C3,7,4989,0.493,23,0.78693,0.84334,966,3864,DR_primary,4989,5017
11,1,C0,8,4558,0.4504,23,0.78746,0.84354,966,3864,DR_primary,4558,5033
11,1,C1,8,4994,0.4935,23,0.78708,0.84346,966,3864,DR_primary,4994,5033
11,1,C2,8,4994,0.4935,23,0.78739,0.84373,966,3864,DR_primary,4994,5033
11,1,C3,8,4994,0.4935,23,0.78734,0.84376,966,3864,DR_primary,4994,5033
11,1,C0,9,4552,0.4498,23,0.78676,0.84289,966,3864,DR_primary,4552,5011
11,1,C1,9,4983,0.4924,23,0.78691,0.84297,966,3864,DR_primary,4983,5011
11,1,C2,9,4983,0.4924,23,0.7866,0.84303,966,3864,DR_primary,4983,5011
11,1,C3,9,4983,0.4924,23,0.78656,0.84296,966,3864,DR_primary,4983,5011
11,1,C0,10,4582,0.4528,23,0.78691,0.84299,966,3864,DR_primary,4582,5026
11,1,C1,10,4990,0.4931,23,0.78722,0.84329,966,3864,DR_primary,4990,5026
11,1,C2,10,4990,0.4931,23,0.7871,0.84321,966,3864,DR_primary,4990,5026
11,1,C3,10,4990,0.4931,23,0.78706,0.84326,966,3864,DR_primary,4990,5026
11,1,C0,11,4574,0.452,23,0.78654,0.84288,966,3864,DR_primary,4574,5007
11,1,C1,11,4988,0.4929,23,0.78658,0.84277,966,3864,DR_primary,4988,5007
11,1,C2,11,4988,0.4929,23,0.78665,0.84293,966,3864,DR_primary,4988,5007
11,1,C3,11,4988,0.4929,23,0.78671,0.84295,966,3864,DR_primary,4988,5007
11,1,C0,12,4598,0.4544,23,0.78632,0.84234,966,3864,DR_primary,4598,5076
11,1,C1,12,5065,0.5005,23,0.78653,0.84269,966,3864,DR_primary,5065,5076
11,1,C2,12,5065,0.5005,23,0.78661,0.84285,966,3864,DR_primary,5065,5076
11,1,C3,12,5065,0.5005,23,0.78658,0.84283,966,3864,DR_primary,5065,5076
11,1,C0,13,4546,0.4493,23,0.7868,0.84303,966,3864,DR_primary,4546,4978
11,1,C1,13,4949,0.4891,23,0.78727,0.84321,966,3864,DR_primary,4949,4978
11,1,C2,13,4949,0.4891,23,0.78701,0.84326,966,3864,DR_primary,4949,4978
11,1,C3,13,4949,0.4891,23,0.78694,0.84321,966,3864,DR_primary,4949,4978
11,1,C0,14,4622,0.4568,23,0.78648,0.84329,966,3864,DR_primary,4622,5080
11,1,C1,14,5045,0.4986,23,0.78624,0.84295,966,3864,DR_primary,5045,5080
11,1,C2,14,5045,0.4986,23,0.78637,0.84317,966,3864,DR_primary,5045,5080
11,1,C3,14,5045,0.4986,23,0.78628,0.84311,966,3864,DR_primary,5045,5080
11,1,C0,15,4526,0.4473,23,0.78691,0.84337,966,3864,DR_primary,4526,4931
11,1,C1,15,4917,0.4859,23,0.78677,0.84319,966,3864,DR_primary,4917,4931
11,1,C2,15,4917,0.4859,23,0.78655,0.84311,966,3864,DR_primary,4917,4931
11,1,C3,15,4917,0.4859,23,0.78668,0.8432,966,3864,DR_primary,4917,4931
11,1,C0,16,4530,0.4477,23,0.78675,0.84295,966,3864,DR_primary,4530,4977
11,1,C1,16,4961,0.4903,23,0.78687,0.84308,966,3864,DR_primary,4961,4977
11,1,C2,16,4961,0.4903,23,0.78695,0.84342,966,3864,DR_primary,4961,4977
11,1,C3,16,4961,0.4903,23,0.78684,0.84331,966,3864,DR_primary,4961,4977
11,1,C0,17,4578,0.4524,23,0.78685,0.84307,966,3864,DR_primary,4578,5053
11,1,C1,17,5019,0.496,23,0.78668,0.84304,966,3864,DR_primary,5019,5053
11,1,C2,17,5019,0.496,23,0.78646,0.84283,966,3864,DR_primary,5019,5053
11,1,C3,17,5019,0.496,23,0.78648,0.84284,966,3864,DR_primary,5019,5053
11,1,C0,18,4568,0.4514,23,0.78653,0.84277,966,3864,DR_primary,4568,4999
11,1,C1,18,4984,0.4925,23,0.7867,0.84285,966,3864,DR_primary,4984,4999
11,1,C2,18,4984,0.4925,23,0.78633,0.84263,966,3864,DR_primary,4984,4999
11,1,C3,18,4984,0.4925,23,0.78635,0.84268,966,3864,DR_primary,4984,4999
11,1,C0,19,4568,0.4514,23,0.78603,0.8425,966,3864,DR_primary,4568,5000
11,1,C1,19,4978,0.4919,23,0.78647,0.84277,966,3864,DR_primary,4978,5000
11,1,C2,19,4978,0.4919,23,0.78625,0.84267,966,3864,DR_primary,4978,5000
11,1,C3,19,4978,0.4919,23,0.78624,0.84269,966,3864,DR_primary,4978,5000
11,1,C0,20,4602,0.4548,23,0.78686,0.84322,966,3864,DR_primary,4602,5077
11,1,C1,20,5049,0.499,23,0.78652,0.84296,966,3864,DR_primary,5049,5077
11,1,C2,20,5049,0.499,23,0.78646,0.843,966,3864,DR_primary,5049,5077
11,1,C3,20,5049,0.499,23,0.78648,0.84294,966,3864,DR_primary,5049,5077
11,1,C0,21,4596,0.4542,23,0.7864,0.84275,966,3864,DR_primary,4596,5069
11,1,C1,21,5014,0.4955,23,0.78646,0.84276,966,3864,DR_primary,5014,5069
11,1,C2,21,5014,0.4955,23,0.78633,0.84275,966,3864,DR_primary,5014,5069
11,1,C3,21,5014,0.4955,23,0.78632,0.84275,966,3864,DR_primary,5014,5069
11,1,C0,22,4550,0.4496,23,0.7865,0.84305,966,3864,DR_primary,4550,4989
11,1,C1,22,4956,0.4898,23,0.78669,0.84316,966,3864,DR_primary,4956,4989
11,1,C2,22,4956,0.4898,23,0.78705,0.84353,966,3864,DR_primary,4956,4989
11,1,C3,22,4956,0.4898,23,0.78685,0.8434,966,3864,DR_primary,4956,4989
11,1,C0,23,4550,0.4496,23,0.7865,0.84285,966,3864,DR_primary,4550,4984
11,1,C1,23,4967,0.4909,23,0.78683,0.84309,966,3864,DR_primary,4967,4984
11,1,C2,23,4967,0.4909,23,0.78655,0.84294,966,3864,DR_primary,4967,4984
11,1,C3,23,4967,0.4909,23,0.78654,0.84291,966,3864,DR_primary,4967,4984
11,1,C0,24,4714,0.4659,23,0.78705,0.84303,966,3864,DR_primary,4714,5157
11,1,C1,24,5123,0.5063,23,0.78674,0.8429,966,3864,DR_primary,5123,5157
11,1,C2,24,5123,0.5063,23,0.78677,0.84297,966,3864,DR_primary,5123,5157
11,1,C3,24,5123,0.5063,23,0.7868,0.84298,966,3864,DR_primary,5123,5157
11,1,C0,25,4572,0.4518,23,0.78671,0.84345,966,3864,DR_primary,4572,5030
11,1,C1,25,4989,0.493,23,0.78695,0.84342,966,3864,DR_primary,4989,5030
11,1,C2,25,4989,0.493,23,0.78665,0.8433,966,3864,DR_primary,4989,5030
11,1,C3,25,4989,0.493,23,0.78668,0.84334,966,3864,DR_primary,4989,5030
11,1,C0,26,4565,0.4511,23,0.78653,0.84235,966,3864,DR_primary,4565,5017
11,1,C1,26,4979,0.492,23,0.78664,0.84251,966,3864,DR_primary,4979,5017
11,1,C2,26,4979,0.492,23,0.7864,0.84235,966,3864,DR_primary,4979,5017
11,1,C3,26,4979,0.492,23,0.78652,0.8425,966,3864,DR_primary,4979,5017
11,1,C0,27,4543,0.449,23,0.78763,0.84353,966,3864,DR_primary,4543,5037
11,1,C1,27,4999,0.494,23,0.78755,0.84327,966,3864,DR_primary,4999,5037
11,1,C2,27,4999,0.494,23,0.78732,0.84326,966,3864,DR_primary,4999,5037
11,1,C3,27,4999,0.494,23,0.78743,0.84335,966,3864,DR_primary,4999,5037
11,1,C0,28,4621,0.4567,23,0.78722,0.84361,966,3864,DR_primary,4621,5078
11,1,C1,28,5056,0.4997,23,0.78734,0.84371,966,3864,DR_primary,5056,5078
11,1,C2,28,5056,0.4997,23,0.78726,0.84374,966,3864,DR_primary,5056,5078
11,1,C3,28,5056,0.4997,23,0.7872,0.8437,966,3864,DR_primary,5056,5078
11,1,C0,29,4520,0.4467,23,0.78758,0.84331,966,3864,DR_primary,4520,4949
11,1,C1,29,4917,0.4859,23,0.78713,0.84308,966,3864,DR_primary,4917,4949
11,1,C2,29,4917,0.4859,23,0.78731,0.84315,966,3864,DR_primary,4917,4949
11,1,C3,29,4917,0.4859,23,0.78715,0.84313,966,3864,DR_primary,4917,4949
11,1,C0,30,4624,0.457,23,0.78692,0.84298,966,3864,DR_primary,4624,5053
11,1,C1,30,5022,0.4963,23,0.78702,0.8431,966,3864,DR_primary,5022,5053
11,1,C2,30,5022,0.4963,23,0.78701,0.84315,966,3864,DR_primary,5022,5053
11,1,C3,30,5022,0.4963,23,0.78696,0.84313,966,3864,DR_primary,5022,5053
11,2,C0,1,4557,0.4503,23,0.78709,0.84284,966,3864,DR_primary,4557,4995
11,2,C1,1,4972,0.4914,23,0.7868,0.84275,966,3864,DR_primary,4972,4995
11,2,C2,1,4972,0.4914,23,0.78714,0.84296,966,3864,DR_primary,4972,4995
11,2,C3,1,4972,0.4914,23,0.78708,0.84289,966,3864,DR_primary,4972,4995
11,2,C0,2,4578,0.4524,23,0.78723,0.84361,966,3864,DR_primary,4578,5057
11,2,C1,2,5028,0.4969,23,0.78729,0.84366,966,3864,DR_primary,5028,5057
11,2,C2,2,5028,0.4969,23,0.78721,0.84358,966,3864,DR_primary,5028,5057
11,2,C3,2,5028,0.4969,23,0.78715,0.84359,966,3864,DR_primary,5028,5057
11,2,C0,3,4591,0.4537,23,0.78671,0.84354,966,3864,DR_primary,4591,5055
11,2,C1,3,5026,0.4967,23,0.78678,0.84333,966,3864,DR_primary,5026,5055
11,2,C2,3,5026,0.4967,23,0.78688,0.84347,966,3864,DR_primary,5026,5055
11,2,C3,3,5026,0.4967,23,0.7868,0.84345,966,3864,DR_primary,5026,5055
11,2,C0,4,4684,0.4629,23,0.78696,0.84301,966,3864,DR_primary,4684,5103
11,2,C1,4,5092,0.5032,23,0.78699,0.84298,966,3864,DR_primary,5092,5103
11,2,C2,4,5092,0.5032,23,0.78666,0.8429,966,3864,DR_primary,5092,5103
11,2,C3,4,5092,0.5032,23,0.78664,0.84287,966,3864,DR_primary,5092,5103
11,2,C0,5,4648,0.4593,23,0.78642,0.84309,966,3864,DR_primary,4648,5065
11,2,C1,5,5050,0.4991,23,0.78641,0.84306,966,3864,DR_primary,5050,5065
11,2,C2,5,5050,0.4991,23,0.78649,0.84312,966,3864,DR_primary,5050,5065
11,2,C3,5,5050,0.4991,23,0.78649,0.84315,966,3864,DR_primary,5050,5065
11,2,C0,6,4609,0.4555,23,0.78689,0.84295,966,3864,DR_primary,4609,5051
11,2,C1,6,5036,0.4977,23,0.78685,0.84276,966,3864,DR_primary,5036,5051
11,2,C2,6,5036,0.4977,23,0.7867,0.84278,966,3864,DR_primary,5036,5051
11,2,C3,6,5036,0.4977,23,0.78671,0.84276,966,3864,DR_primary,5036,5051
11,2,C0,7,4539,0.4486,23,0.78704,0.84332,966,3864,DR_primary,4539,4978
11,2,C1,7,4938,0.488,23,0.78712,0.8434,966,3864,DR_primary,4938,4978
11,2,C2,7,4938,0.488,23,0.78713,0.84352,966,3864,DR_primary,4938,4978
11,2,C3,7,4938,0.488,23,0.78703,0.84339,966,3864,DR_primary,4938,4978
11,2,C0,8,4489,0.4436,23,0.78744,0.84337,966,3864,DR_primary,4489,4986
11,2,C1,8,4958,0.49,23,0.78732,0.84328,966,3864,DR_primary,4958,4986
11,2,C2,8,4958,0.49,23,0.78712,0.84326,966,3864,DR_primary,4958,4986
11,2,C3,8,4958,0.49,23,0.78724,0.84339,966,3864,DR_primary,4958,4986
11,2,C0,9,4568,0.4514,23,0.78709,0.84367,966,3864,DR_primary,4568,5059
11,2,C1,9,5043,0.4984,23,0.78705,0.84345,966,3864,DR_primary,5043,5059
11,2,C2,9,5043,0.4984,23,0.78686,0.84335,966,3864,DR_primary,5043,5059
11,2,C3,9,5043,0.4984,23,0.78689,0.84341,966,3864,DR_primary,5043,5059
11,2,C0,10,4554,0.45,23,0.78728,0.84313,966,3864,DR_primary,4554,5012
11,2,C1,10,4980,0.4921,23,0.78727,0.84301,966,3864,DR_primary,4980,5012
11,2,C2,10,4980,0.4921,23,0.78706,0.84291,966,3864,DR_primary,4980,5012
11,2,C3,10,4980,0.4921,23,0.78699,0.84297,966,3864,DR_primary,4980,5012
11,2,C0,11,4502,0.4449,23,0.78641,0.84263,966,3864,DR_primary,4502,4965
11,2,C1,11,4923,0.4865,23,0.78674,0.84289,966,3864,DR_primary,4923,4965
11,2,C2,11,4923,0.4865,23,0.78658,0.84292,966,3864,DR_primary,4923,4965
11,2,C3,11,4923,0.4865,23,0.78666,0.84299,966,3864,DR_primary,4923,4965
11,2,C0,12,4581,0.4527,23,0.7868,0.84312,966,3864,DR_primary,4581,4981
11,2,C1,12,4962,0.4904,23,0.78675,0.84304,966,3864,DR_primary,4962,4981
11,2,C2,12,4962,0.4904,23,0.78685,0.8432,966,3864,DR_primary,4962,4981
11,2,C3,12,4962,0.4904,23,0.78669,0.84312,966,3864,DR_primary,4962,4981
11,2,C0,13,4581,0.4527,23,0.78655,0.84279,966,3864,DR_primary,4581,5029
11,2,C1,13,4997,0.4938,23,0.78658,0.84275,966,3864,DR_primary,4997,5029
11,2,C2,13,4997,0.4938,23,0.78627,0.84256,966,3864,DR_primary,4997,5029
11,2,C3,13,4997,0.4938,23,0.78635,0.8426,966,3864,DR_primary,4997,5029
11,2,C0,14,4552,0.4498,23,0.78639,0.84262,966,3864,DR_primary,4552,5026
11,2,C1,14,5005,0.4946,23,0.7866,0.8429,966,3864,DR_primary,5005,5026
11,2,C2,14,5005,0.4946,23,0.78659,0.84299,966,3864,DR_primary,5005,5026
11,2,C3,14,5005,0.4946,23,0.78656,0.84299,966,3864,DR_primary,5005,5026
11,2,C0,15,4599,0.4545,23,0.78824,0.84398,966,3864,DR_primary,4599,5028
11,2,C1,15,4997,0.4938,23,0.78818,0.84389,966,3864,DR_primary,4997,5028
11,2,C2,15,4997,0.4938,23,0.78807,0.84375,966,3864,DR_primary,4997,5028
11,2,C3,15,4997,0.4938,23,0.78805,0.84378,966,3864,DR_primary,4997,5028
11,2,C0,16,4626,0.4572,23,0.78625,0.84231,966,3864,DR_primary,4626,5088
11,2,C1,16,5055,0.4996,23,0.78626,0.84241,966,3864,DR_primary,5055,5088
11,2,C2,16,5055,0.4996,23,0.78619,0.84243,966,3864,DR_primary,5055,5088
11,2,C3,16,5055,0.4996,23,0.78607,0.8424,966,3864,DR_primary,5055,5088
11,2,C0,17,4544,0.4491,23,0.78693,0.84258,966,3864,DR_primary,4544,4992
11,2,C1,17,4966,0.4908,23,0.78691,0.84256,966,3864,DR_primary,4966,4992
11,2,C2,17,4966,0.4908,23,0.78678,0.8425,966,3864,DR_primary,4966,4992
11,2,C3,17,4966,0.4908,23,0.78677,0.84264,966,3864,DR_primary,4966,4992
11,2,C0,18,4618,0.4564,23,0.78639,0.84273,966,3864,DR_primary,4618,5066
11,2,C1,18,5041,0.4982,23,0.78597,0.84242,966,3864,DR_primary,5041,5066
11,2,C2,18,5041,0.4982,23,0.7862,0.84261,966,3864,DR_primary,5041,5066
11,2,C3,18,5041,0.4982,23,0.78626,0.84271,966,3864,DR_primary,5041,5066
11,2,C0,19,4594,0.454,23,0.78699,0.843,966,3864,DR_primary,4594,5026
11,2,C1,19,4990,0.4931,23,0.78722,0.84321,966,3864,DR_primary,4990,5026
11,2,C2,19,4990,0.4931,23,0.78691,0.84308,966,3864,DR_primary,4990,5026
11,2,C3,19,4990,0.4931,23,0.78708,0.84324,966,3864,DR_primary,4990,5026
11,2,C0,20,4683,0.4628,23,0.78658,0.84287,966,3864,DR_primary,4683,5124
11,2,C1,20,5112,0.5052,23,0.78651,0.8428,966,3864,DR_primary,5112,5124
11,2,C2,20,5112,0.5052,23,0.78649,0.84292,966,3864,DR_primary,5112,5124
11,2,C3,20,5112,0.5052,23,0.78651,0.84293,966,3864,DR_primary,5112,5124
11,2,C0,21,4605,0.4551,23,0.78698,0.84286,966,3864,DR_primary,4605,5053
11,2,C1,21,5023,0.4964,23,0.78668,0.8426,966,3864,DR_primary,5023,5053
11,2,C2,21,5023,0.4964,23,0.78662,0.8427,966,3864,DR_primary,5023,5053
11,2,C3,21,5023,0.4964,23,0.78656,0.84265,966,3864,DR_primary,5023,5053
11,2,C0,22,4514,0.4461,23,0.78655,0.84306,966,3864,DR_primary,4514,4976
11,2,C1,22,4936,0.4878,23,0.78644,0.84307,966,3864,DR_primary,4936,4976
11,2,C2,22,4936,0.4878,23,0.78646,0.84307,966,3864,DR_primary,4936,4976
11,2,C3,22,4936,0.4878,23,0.78642,0.843,966,3864,DR_primary,4936,4976
11,2,C0,23,4650,0.4595,23,0.78698,0.84363,966,3864,DR_primary,4650,5091
11,2,C1,23,5050,0.4991,23,0.78714,0.84389,966,3864,DR_primary,5050,5091
11,2,C2,23,5050,0.4991,23,0.78727,0.84397,966,3864,DR_primary,5050,5091
11,2,C3,23,5050,0.4991,23,0.78718,0.84396,966,3864,DR_primary,5050,5091
11,2,C0,24,4605,0.4551,23,0.78695,0.84307,966,3864,DR_primary,4605,5058
11,2,C1,24,5021,0.4962,23,0.7866,0.84294,966,3864,DR_primary,5021,5058
11,2,C2,24,5021,0.4962,23,0.78681,0.84318,966,3864,DR_primary,5021,5058
11,2,C3,24,5021,0.4962,23,0.78661,0.84309,966,3864,DR_primary,5021,5058
11,2,C0,25,4645,0.459,23,0.78686,0.84332,966,3864,DR_primary,4645,5077
11,2,C1,25,5051,0.4992,23,0.78706,0.8434,966,3864,DR_primary,5051,5077
11,2,C2,25,5051,0.4992,23,0.78673,0.84328,966,3864,DR_primary,5051,5077
11,2,C3,25,5051,0.4992,23,0.78662,0.84331,966,3864,DR_primary,5051,5077
11,2,C0,26,4603,0.4549,23,0.78698,0.84331,966,3864,DR_primary,4603,5063
11,2,C1,26,5016,0.4957,23,0.7871,0.84334,966,3864,DR_primary,5016,5063
11,2,C2,26,5016,0.4957,23,0.78683,0.84331,966,3864,DR_primary,5016,5063
11,2,C3,26,5016,0.4957,23,0.78706,0.84346,966,3864,DR_primary,5016,5063
11,2,C0,27,4569,0.4515,23,0.7868,0.843,966,3864,DR_primary,4569,4988
11,2,C1,27,4965,0.4907,23,0.78673,0.84302,966,3864,DR_primary,4965,4988
11,2,C2,27,4965,0.4907,23,0.78668,0.84299,966,3864,DR_primary,4965,4988
11,2,C3,27,4965,0.4907,23,0.78666,0.84295,966,3864,DR_primary,4965,4988
11,2,C0,28,4646,0.4591,23,0.78696,0.84333,966,3864,DR_primary,4646,5119
11,2,C1,28,5093,0.5033,23,0.78723,0.84346,966,3864,DR_primary,5093,5119
11,2,C2,28,5093,0.5033,23,0.7868,0.84321,966,3864,DR_primary,5093,5119
11,2,C3,28,5093,0.5033,23,0.78672,0.84314,966,3864,DR_primary,5093,5119
11,2,C0,29,4611,0.4557,23,0.78663,0.8429,966,3864,DR_primary,4611,5039
11,2,C1,29,5005,0.4946,23,0.78657,0.84292,966,3864,DR_primary,5005,5039
11,2,C2,29,5005,0.4946,23,0.78667,0.84299,966,3864,DR_primary,5005,5039
11,2,C3,29,5005,0.4946,23,0.78666,0.84301,966,3864,DR_primary,5005,5039
11,2,C0,30,4649,0.4594,23,0.78653,0.84285,966,3864,DR_primary,4649,5099
11,2,C1,30,5067,0.5007,23,0.78663,0.84289,966,3864,DR_primary,5067,5099
11,2,C2,30,5067,0.5007,23,0.78646,0.84292,966,3864,DR_primary,5067,5099
11,2,C3,30,5067,0.5007,23,0.78652,0.84294,966,3864,DR_primary,5067,5099
11,3,C0,1,4543,0.449,23,0.78759,0.84376,966,3864,DR_primary,4543,4991
11,3,C1,1,4955,0.4897,23,0.78723,0.84343,966,3864,DR_primary,4955,4991
11,3,C2,1,4955,0.4897,23,0.78767,0.84381,966,3864,DR_primary,4955,4991
11,3,C3,1,4955,0.4897,23,0.78769,0.84374,966,3864,DR_primary,4955,4991
11,3,C0,2,4612,0.4558,23,0.78687,0.84309,966,3864,DR_primary,4612,5079
11,3,C1,2,5040,0.4981,23,0.78665,0.84294,966,3864,DR_primary,5040,5079
11,3,C2,2,5040,0.4981,23,0.78693,0.8431,966,3864,DR_primary,5040,5079
11,3,C3,2,5040,0.4981,23,0.78693,0.8432,966,3864,DR_primary,5040,5079
11,3,C0,3,4584,0.453,23,0.78698,0.84323,966,3864,DR_primary,4584,5004
11,3,C1,3,4973,0.4915,23,0.7871,0.8433,966,3864,DR_primary,4973,5004
11,3,C2,3,4973,0.4915,23,0.78686,0.84321,966,3864,DR_primary,4973,5004
11,3,C3,3,4973,0.4915,23,0.78683,0.84315,966,3864,DR_primary,4973,5004
11,3,C0,4,4626,0.4572,23,0.78786,0.84409,966,3864,DR_primary,4626,5095
11,3,C1,4,5064,0.5004,23,0.78765,0.84383,966,3864,DR_primary,5064,5095
11,3,C2,4,5064,0.5004,23,0.78788,0.8441,966,3864,DR_primary,5064,5095
11,3,C3,4,5064,0.5004,23,0.78787,0.84405,966,3864,DR_primary,5064,5095
11,3,C0,5,4554,0.45,23,0.78734,0.8438,966,3864,DR_primary,4554,5007
11,3,C1,5,4976,0.4917,23,0.78737,0.84379,966,3864,DR_primary,4976,5007
11,3,C2,5,4976,0.4917,23,0.78723,0.84386,966,3864,DR_primary,4976,5007
11,3,C3,5,4976,0.4917,23,0.78733,0.84396,966,3864,DR_primary,4976,5007
11,3,C0,6,4537,0.4484,23,0.78699,0.84291,966,3864,DR_primary,4537,4995
11,3,C1,6,4962,0.4904,23,0.78676,0.84293,966,3864,DR_primary,4962,4995
11,3,C2,6,4962,0.4904,23,0.78695,0.84312,966,3864,DR_primary,4962,4995
11,3,C3,6,4962,0.4904,23,0.78701,0.84311,966,3864,DR_primary,4962,4995
11,3,C0,7,4539,0.4486,23,0.78704,0.84334,966,3864,DR_primary,4539,5009
11,3,C1,7,4972,0.4914,23,0.78699,0.84309,966,3864,DR_primary,4972,5009
11,3,C2,7,4972,0.4914,23,0.78664,0.8429,966,3864,DR_primary,4972,5009
11,3,C3,7,4972,0.4914,23,0.78673,0.84302,966,3864,DR_primary,4972,5009
11,3,C0,8,4556,0.4502,23,0.7864,0.84294,966,3864,DR_primary,4556,5000
11,3,C1,8,4976,0.4917,23,0.78641,0.84295,966,3864,DR_primary,4976,5000
11,3,C2,8,4976,0.4917,23,0.78637,0.84286,966,3864,DR_primary,4976,5000
11,3,C3,8,4976,0.4917,23,0.78632,0.84283,966,3864,DR_primary,4976,5000
11,3,C0,9,4703,0.4648,23,0.78647,0.84254,966,3864,DR_primary,4703,5141
11,3,C1,9,5113,0.5053,23,0.78668,0.84293,966,3864,DR_primary,5113,5141
11,3,C2,9,5113,0.5053,23,0.78681,0.84308,966,3864,DR_primary,5113,5141
11,3,C3,9,5113,0.5053,23,0.78682,0.84305,966,3864,DR_primary,5113,5141
11,3,C0,10,4527,0.4474,23,0.78655,0.84327,966,3864,DR_primary,4527,4958
11,3,C1,10,4936,0.4878,23,0.78655,0.8434,966,3864,DR_primary,4936,4958
11,3,C2,10,4936,0.4878,23,0.78627,0.84312,966,3864,DR_primary,4936,4958
11,3,C3,10,4936,0.4878,23,0.78622,0.84306,966,3864,DR_primary,4936,4958
11,3,C0,11,4638,0.4583,23,0.78772,0.84353,966,3864,DR_primary,4638,5101
11,3,C1,11,5085,0.5025,23,0.78749,0.84345,966,3864,DR_primary,5085,5101
11,3,C2,11,5085,0.5025,23,0.7874,0.84342,966,3864,DR_primary,5085,5101
11,3,C3,11,5085,0.5025,23,0.78736,0.8434,966,3864,DR_primary,5085,5101
11,3,C0,12,4603,0.4549,23,0.78729,0.84338,966,3864,DR_primary,4603,5020
11,3,C1,12,4997,0.4938,23,0.78728,0.84339,966,3864,DR_primary,4997,5020
11,3,C2,12,4997,0.4938,23,0.78705,0.84335,966,3864,DR_primary,4997,5020
11,3,C3,12,4997,0.4938,23,0.78716,0.84339,966,3864,DR_primary,4997,5020
11,3,C0,13,4624,0.457,23,0.78737,0.84359,966,3864,DR_primary,4624,5080
11,3,C1,13,5051,0.4992,23,0.78728,0.84356,966,3864,DR_primary,5051,5080
11,3,C2,13,5051,0.4992,23,0.78712,0.84347,966,3864,DR_primary,5051,5080
11,3,C3,13,5051,0.4992,23,0.7871,0.84351,966,3864,DR_primary,5051,5080
11,3,C0,14,4624,0.457,23,0.78711,0.84279,966,3864,DR_primary,4624,5068
11,3,C1,14,5040,0.4981,23,0.78705,0.84285,966,3864,DR_primary,5040,5068
11,3,C2,14,5040,0.4981,23,0.78698,0.84292,966,3864,DR_primary,5040,5068
11,3,C3,14,5040,0.4981,23,0.78697,0.8429,966,3864,DR_primary,5040,5068
11,3,C0,15,4735,0.4679,23,0.78782,0.84376,966,3864,DR_primary,4735,5168
11,3,C1,15,5142,0.5082,23,0.78758,0.84343,966,3864,DR_primary,5142,5168
11,3,C2,15,5142,0.5082,23,0.78749,0.84361,966,3864,DR_primary,5142,5168
11,3,C3,15,5142,0.5082,23,0.78743,0.84353,966,3864,DR_primary,5142,5168
11,3,C0,16,4571,0.4517,23,0.78679,0.84293,966,3864,DR_primary,4571,5055
11,3,C1,16,5026,0.4967,23,0.78658,0.84276,966,3864,DR_primary,5026,5055
11,3,C2,16,5026,0.4967,23,0.7866,0.84288,966,3864,DR_primary,5026,5055
11,3,C3,16,5026,0.4967,23,0.78663,0.8429,966,3864,DR_primary,5026,5055
11,3,C0,17,4580,0.4526,23,0.78635,0.84286,966,3864,DR_primary,4580,5044
11,3,C1,17,5014,0.4955,23,0.78632,0.84281,966,3864,DR_primary,5014,5044
11,3,C2,17,5014,0.4955,23,0.78661,0.84319,966,3864,DR_primary,5014,5044
11,3,C3,17,5014,0.4955,23,0.78656,0.84317,966,3864,DR_primary,5014,5044
11,3,C0,18,4576,0.4522,23,0.78699,0.84314,966,3864,DR_primary,4576,5013
11,3,C1,18,4995,0.4936,23,0.78692,0.84316,966,3864,DR_primary,4995,5013
11,3,C2,18,4995,0.4936,23,0.78701,0.84332,966,3864,DR_primary,4995,5013
11,3,C3,18,4995,0.4936,23,0.78712,0.84344,966,3864,DR_primary,4995,5013
11,3,C0,19,4566,0.4512,23,0.78687,0.84301,966,3864,DR_primary,4566,4980
11,3,C1,19,4936,0.4878,23,0.78673,0.84309,966,3864,DR_primary,4936,4980
11,3,C2,19,4936,0.4878,23,0.78677,0.8432,966,3864,DR_primary,4936,4980
11,3,C3,19,4936,0.4878,23,0.7866,0.84308,966,3864,DR_primary,4936,4980
11,3,C0,20,4555,0.4501,23,0.78654,0.84315,966,3864,DR_primary,4555,5002
11,3,C1,20,4974,0.4916,23,0.78696,0.84344,966,3864,DR_primary,4974,5002
11,3,C2,20,4974,0.4916,23,0.78677,0.84323,966,3864,DR_primary,4974,5002
11,3,C3,20,4974,0.4916,23,0.78686,0.84333,966,3864,DR_primary,4974,5002
11,3,C0,21,4645,0.459,23,0.78624,0.84252,966,3864,DR_primary,4645,5094
11,3,C1,21,5059,0.5,23,0.78651,0.84264,966,3864,DR_primary,5059,5094
11,3,C2,21,5059,0.5,23,0.78628,0.84258,966,3864,DR_primary,5059,5094
11,3,C3,21,5059,0.5,23,0.78624,0.84248,966,3864,DR_primary,5059,5094
11,3,C0,22,4622,0.4568,23,0.78736,0.84332,966,3864,DR_primary,4622,5073
11,3,C1,22,5045,0.4986,23,0.78735,0.84329,966,3864,DR_primary,5045,5073
11,3,C2,22,5045,0.4986,23,0.78721,0.84329,966,3864,DR_primary,5045,5073
11,3,C3,22,5045,0.4986,23,0.78725,0.84331,966,3864,DR_primary,5045,5073
11,3,C0,23,4588,0.4534,23,0.78669,0.84305,966,3864,DR_primary,4588,5036
11,3,C1,23,4999,0.494,23,0.78645,0.84283,966,3864,DR_primary,4999,5036
11,3,C2,23,4999,0.494,23,0.78653,0.84299,966,3864,DR_primary,4999,5036
11,3,C3,23,4999,0.494,23,0.78639,0.84296,966,3864,DR_primary,4999,5036
11,3,C0,24,4586,0.4532,23,0.78714,0.84301,966,3864,DR_primary,4586,5035
11,3,C1,24,5014,0.4955,23,0.78708,0.84294,966,3864,DR_primary,5014,5035
11,3,C2,24,5014,0.4955,23,0.78696,0.84298,966,3864,DR_primary,5014,5035
11,3,C3,24,5014,0.4955,23,0.78712,0.84315,966,3864,DR_primary,5014,5035
11,3,C0,25,4597,0.4543,23,0.7865,0.84286,966,3864,DR_primary,4597,5041
11,3,C1,25,5013,0.4954,23,0.7866,0.84292,966,3864,DR_primary,5013,5041
11,3,C2,25,5013,0.4954,23,0.78646,0.84283,966,3864,DR_primary,5013,5041
11,3,C3,25,5013,0.4954,23,0.78648,0.84284,966,3864,DR_primary,5013,5041
11,3,C0,26,4605,0.4551,23,0.78726,0.84341,966,3864,DR_primary,4605,5057
11,3,C1,26,5031,0.4972,23,0.78732,0.84348,966,3864,DR_primary,5031,5057
11,3,C2,26,5031,0.4972,23,0.78746,0.84375,966,3864,DR_primary,5031,5057
11,3,C3,26,5031,0.4972,23,0.78745,0.8437,966,3864,DR_primary,5031,5057
11,3,C0,27,4613,0.4559,23,0.78716,0.8428,966,3864,DR_primary,4613,5040
11,3,C1,27,5026,0.4967,23,0.78715,0.84277,966,3864,DR_primary,5026,5040
11,3,C2,27,5026,0.4967,23,0.78704,0.84281,966,3864,DR_primary,5026,5040
11,3,C3,27,5026,0.4967,23,0.78702,0.84278,966,3864,DR_primary,5026,5040
11,3,C0,28,4549,0.4496,23,0.78774,0.84402,966,3864,DR_primary,4549,5010
11,3,C1,28,4982,0.4923,23,0.78762,0.844,966,3864,DR_primary,4982,5010
11,3,C2,28,4982,0.4923,23,0.78752,0.84391,966,3864,DR_primary,4982,5010
11,3,C3,28,4982,0.4923,23,0.78751,0.84382,966,3864,DR_primary,4982,5010
11,3,C0,29,4574,0.452,23,0.78679,0.84344,966,3864,DR_primary,4574,4990
11,3,C1,29,4968,0.491,23,0.78682,0.84347,966,3864,DR_primary,4968,4990
11,3,C2,29,4968,0.491,23,0.7865,0.84327,966,3864,DR_primary,4968,4990
11,3,C3,29,4968,0.491,23,0.78638,0.84315,966,3864,DR_primary,4968,4990
11,3,C0,30,4618,0.4564,23,0.78715,0.84358,966,3864,DR_primary,4618,5054
11,3,C1,30,5010,0.4951,23,0.78705,0.84328,966,3864,DR_primary,5010,5054
11,3,C2,30,5010,0.4951,23,0.78691,0.84351,966,3864,DR_primary,5010,5054
11,3,C3,30,5010,0.4951,23,0.78713,0.84363,966,3864,DR_primary,5010,5054
11,4,C0,1,4537,0.4484,23,0.78683,0.84288,966,3864,DR_primary,4537,5020
11,4,C1,1,5000,0.4941,23,0.78695,0.84309,966,3864,DR_primary,5000,5020
11,4,C2,1,5000,0.4941,23,0.7872,0.84313,966,3864,DR_primary,5000,5020
11,4,C3,1,5000,0.4941,23,0.78713,0.84307,966,3864,DR_primary,5000,5020
11,4,C0,2,4622,0.4568,23,0.78704,0.8435,966,3864,DR_primary,4622,5078
11,4,C1,2,5043,0.4984,23,0.78677,0.84324,966,3864,DR_primary,5043,5078
11,4,C2,2,5043,0.4984,23,0.78695,0.84343,966,3864,DR_primary,5043,5078
11,4,C3,2,5043,0.4984,23,0.78698,0.84349,966,3864,DR_primary,5043,5078
11,4,C0,3,4627,0.4573,23,0.78711,0.843,966,3864,DR_primary,4627,5091
11,4,C1,3,5066,0.5006,23,0.78724,0.84308,966,3864,DR_primary,5066,5091
11,4,C2,3,5066,0.5006,23,0.78716,0.84326,966,3864,DR_primary,5066,5091
11,4,C3,3,5066,0.5006,23,0.78736,0.84328,966,3864,DR_primary,5066,5091
11,4,C0,4,4603,0.4549,23,0.78699,0.84297,966,3864,DR_primary,4603,5021
11,4,C1,4,4995,0.4936,23,0.78717,0.84326,966,3864,DR_primary,4995,5021
11,4,C2,4,4995,0.4936,23,0.78708,0.84326,966,3864,DR_primary,4995,5021
11,4,C3,4,4995,0.4936,23,0.78723,0.84341,966,3864,DR_primary,4995,5021
11,4,C0,5,4691,0.4636,23,0.78746,0.84389,966,3864,DR_primary,4691,5107
11,4,C1,5,5089,0.5029,23,0.78717,0.84356,966,3864,DR_primary,5089,5107
11,4,C2,5,5089,0.5029,23,0.78709,0.84354,966,3864,DR_primary,5089,5107
11,4,C3,5,5089,0.5029,23,0.78714,0.84365,966,3864,DR_primary,5089,5107
11,4,C0,6,4598,0.4544,23,0.78728,0.84335,966,3864,DR_primary,4598,5037
11,4,C1,6,5015,0.4956,23,0.78745,0.84342,966,3864,DR_primary,5015,5037
11,4,C2,6,5015,0.4956,23,0.78744,0.84363,966,3864,DR_primary,5015,5037
11,4,C3,6,5015,0.4956,23,0.78736,0.84351,966,3864,DR_primary,5015,5037
11,4,C0,7,4631,0.4577,23,0.78713,0.84369,966,3864,DR_primary,4631,5072
11,4,C1,7,5032,0.4973,23,0.7872,0.8437,966,3864,DR_primary,5032,5072
11,4,C2,7,5032,0.4973,23,0.78703,0.84366,966,3864,DR_primary,5032,5072
11,4,C3,7,5032,0.4973,23,0.78701,0.8437,966,3864,DR_primary,5032,5072
11,4,C0,8,4624,0.457,23,0.78686,0.8433,966,3864,DR_primary,4624,5052
11,4,C1,8,5037,0.4978,23,0.78664,0.84298,966,3864,DR_primary,5037,5052
11,4,C2,8,5037,0.4978,23,0.78658,0.84309,966,3864,DR_primary,5037,5052
11,4,C3,8,5037,0.4978,23,0.78666,0.84317,966,3864,DR_primary,5037,5052
11,4,C0,9,4595,0.4541,23,0.78655,0.84279,966,3864,DR_primary,4595,5092
11,4,C1,9,5061,0.5001,23,0.78643,0.84268,966,3864,DR_primary,5061,5092
11,4,C2,9,5061,0.5001,23,0.78634,0.84265,966,3864,DR_primary,5061,5092
11,4,C3,9,5061,0.5001,23,0.78632,0.84267,966,3864,DR_primary,5061,5092
11,4,C0,10,4598,0.4544,23,0.78701,0.84353,966,3864,DR_primary,4598,5036
11,4,C1,10,5000,0.4941,23,0.78689,0.84345,966,3864,DR_primary,5000,5036
11,4,C2,10,5000,0.4941,23,0.78705,0.84364,966,3864,DR_primary,5000,5036
11,4,C3,10,5000,0.4941,23,0.78703,0.84359,966,3864,DR_primary,5000,5036
11,4,C0,11,4548,0.4495,23,0.78718,0.8432,966,3864,DR_primary,4548,5045
11,4,C1,11,5019,0.496,23,0.78704,0.84326,966,3864,DR_primary,5019,5045
11,4,C2,11,5019,0.496,23,0.78711,0.84331,966,3864,DR_primary,5019,5045
11,4,C3,11,5019,0.496,23,0.78722,0.84344,966,3864,DR_primary,5019,5045
11,4,C0,12,4634,0.458,23,0.78723,0.84371,966,3864,DR_primary,4634,5067
11,4,C1,12,5038,0.4979,23,0.78733,0.84375,966,3864,DR_primary,5038,5067
11,4,C2,12,5038,0.4979,23,0.7872,0.84376,966,3864,DR_primary,5038,5067
11,4,C3,12,5038,0.4979,23,0.78707,0.84368,966,3864,DR_primary,5038,5067
11,4,C0,13,4587,0.4533,23,0.78771,0.84381,966,3864,DR_primary,4587,5057
11,4,C1,13,5029,0.497,23,0.78785,0.84399,966,3864,DR_primary,5029,5057
11,4,C2,13,5029,0.497,23,0.78785,0.84401,966,3864,DR_primary,5029,5057
11,4,C3,13,5029,0.497,23,0.78786,0.84405,966,3864,DR_primary,5029,5057
11,4,C0,14,4594,0.454,23,0.78676,0.84267,966,3864,DR_primary,4594,5004
11,4,C1,14,4996,0.4937,23,0.78702,0.84282,966,3864,DR_primary,4996,5004
11,4,C2,14,4996,0.4937,23,0.78686,0.84278,966,3864,DR_primary,4996,5004
11,4,C3,14,4996,0.4937,23,0.78683,0.84276,966,3864,DR_primary,4996,5004
11,4,C0,15,4581,0.4527,23,0.78636,0.84254,966,3864,DR_primary,4581,5031
11,4,C1,15,5002,0.4943,23,0.78647,0.84261,966,3864,DR_primary,5002,5031
11,4,C2,15,5002,0.4943,23,0.78638,0.84285,966,3864,DR_primary,5002,5031
11,4,C3,15,5002,0.4943,23,0.78638,0.84285,966,3864,DR_primary,5002,5031
11,4,C0,16,4645,0.459,23,0.78756,0.84393,966,3864,DR_primary,4645,5094
11,4,C1,16,5068,0.5008,23,0.78776,0.84402,966,3864,DR_primary,5068,5094
11,4,C2,16,5068,0.5008,23,0.78739,0.84381,966,3864,DR_primary,5068,5094
11,4,C3,16,5068,0.5008,23,0.78741,0.84381,966,3864,DR_primary,5068,5094
11,4,C0,17,4652,0.4597,23,0.78744,0.84351,966,3864,DR_primary,4652,5119
11,4,C1,17,5088,0.5028,23,0.7875,0.8436,966,3864,DR_primary,5088,5119
11,4,C2,17,5088,0.5028,23,0.78737,0.84368,966,3864,DR_primary,5088,5119
11,4,C3,17,5088,0.5028,23,0.78744,0.84372,966,3864,DR_primary,5088,5119
11,4,C0,18,4549,0.4496,23,0.78661,0.84347,966,3864,DR_primary,4549,5019
11,4,C1,18,4988,0.4929,23,0.78643,0.84341,966,3864,DR_primary,4988,5019
11,4,C2,18,4988,0.4929,23,0.78644,0.84351,966,3864,DR_primary,4988,5019
11,4,C3,18,4988,0.4929,23,0.78648,0.84355,966,3864,DR_primary,4988,5019
11,4,C0,19,4631,0.4577,23,0.78713,0.84291,966,3864,DR_primary,4631,5059
11,4,C1,19,5042,0.4983,23,0.78722,0.84299,966,3864,DR_primary,5042,5059
11,4,C2,19,5042,0.4983,23,0.78721,0.84312,966,3864,DR_primary,5042,5059
11,4,C3,19,5042,0.4983,23,0.7871,0.84299,966,3864,DR_primary,5042,5059
11,4,C0,20,4589,0.4535,23,0.78727,0.84344,966,3864,DR_primary,4589,5040
11,4,C1,20,5010,0.4951,23,0.78707,0.84336,966,3864,DR_primary,5010,5040
11,4,C2,20,5010,0.4951,23,0.78706,0.84328,966,3864,DR_primary,5010,5040
11,4,C3,20,5010,0.4951,23,0.78703,0.84319,966,3864,DR_primary,5010,5040
11,4,C0,21,4596,0.4542,23,0.78654,0.84328,966,3864,DR_primary,4596,5055
11,4,C1,21,5039,0.498,23,0.78662,0.84329,966,3864,DR_primary,5039,5055
11,4,C2,21,5039,0.498,23,0.78622,0.84315,966,3864,DR_primary,5039,5055
11,4,C3,21,5039,0.498,23,0.78628,0.84322,966,3864,DR_primary,5039,5055
11,4,C0,22,4583,0.4529,23,0.78666,0.84292,966,3864,DR_primary,4583,5049
11,4,C1,22,5016,0.4957,23,0.78628,0.84261,966,3864,DR_primary,5016,5049
11,4,C2,22,5016,0.4957,23,0.78637,0.84259,966,3864,DR_primary,5016,5049
11,4,C3,22,5016,0.4957,23,0.78627,0.84242,966,3864,DR_primary,5016,5049
11,4,C0,23,4642,0.4587,23,0.78693,0.84337,966,3864,DR_primary,4642,5064
11,4,C1,23,5030,0.4971,23,0.78709,0.84349,966,3864,DR_primary,5030,5064
11,4,C2,23,5030,0.4971,23,0.78689,0.84331,966,3864,DR_primary,5030,5064
11,4,C3,23,5030,0.4971,23,0.78693,0.84342,966,3864,DR_primary,5030,5064
11,4,C0,24,4578,0.4524,23,0.788,0.84383,966,3864,DR_primary,4578,5031
11,4,C1,24,5000,0.4941,23,0.78779,0.84369,966,3864,DR_primary,5000,5031
11,4,C2,24,5000,0.4941,23,0.78792,0.84383,966,3864,DR_primary,5000,5031
11,4,C3,24,5000,0.4941,23,0.78776,0.8437,966,3864,DR_primary,5000,5031
11,4,C0,25,4581,0.4527,23,0.78688,0.84354,966,3864,DR_primary,4581,5020
11,4,C1,25,4988,0.4929,23,0.78676,0.84344,966,3864,DR_primary,4988,5020
11,4,C2,25,4988,0.4929,23,0.7867,0.8435,966,3864,DR_primary,4988,5020
11,4,C3,25,4988,0.4929,23,0.78687,0.84365,966,3864,DR_primary,4988,5020
11,4,C0,26,4583,0.4529,23,0.78768,0.84389,966,3864,DR_primary,4583,4984
11,4,C1,26,4959,0.4901,23,0.7873,0.84358,966,3864,DR_primary,4959,4984
11,4,C2,26,4959,0.4901,23,0.78776,0.84386,966,3864,DR_primary,4959,4984
11,4,C3,26,4959,0.4901,23,0.78771,0.84379,966,3864,DR_primary,4959,4984
11,4,C0,27,4626,0.4572,23,0.78656,0.84338,966,3864,DR_primary,4626,5047
11,4,C1,27,5018,0.4959,23,0.78655,0.84325,966,3864,DR_primary,5018,5047
11,4,C2,27,5018,0.4959,23,0.78646,0.84336,966,3864,DR_primary,5018,5047
11,4,C3,27,5018,0.4959,23,0.78648,0.84335,966,3864,DR_primary,5018,5047
11,4,C0,28,4567,0.4513,23,0.78619,0.84256,966,3864,DR_primary,4567,5043
11,4,C1,28,5016,0.4957,23,0.78653,0.84279,966,3864,DR_primary,5016,5043
11,4,C2,28,5016,0.4957,23,0.78633,0.84284,966,3864,DR_primary,5016,5043
11,4,C3,28,5016,0.4957,23,0.78632,0.84274,966,3864,DR_primary,5016,5043
11,4,C0,29,4594,0.454,23,0.78689,0.84291,966,3864,DR_primary,4594,5048
11,4,C1,29,5022,0.4963,23,0.78686,0.84301,966,3864,DR_primary,5022,5048
11,4,C2,29,5022,0.4963,23,0.78698,0.84323,966,3864,DR_primary,5022,5048
11,4,C3,29,5022,0.4963,23,0.78699,0.8432,966,3864,DR_primary,5022,5048
11,4,C0,30,4565,0.4511,23,0.78684,0.84323,966,3864,DR_primary,4565,5014
11,4,C1,30,4991,0.4932,23,0.78677,0.84321,966,3864,DR_primary,4991,5014
11,4,C2,30,4991,0.4932,23,0.78704,0.8436,966,3864,DR_primary,4991,5014
11,4,C3,30,4991,0.4932,23,0.78695,0.84349,966,3864,DR_primary,4991,5014
11,5,C0,1,4592,0.4538,23,0.78732,0.84352,966,3864,DR_primary,4592,5016
11,5,C1,1,5002,0.4943,23,0.78764,0.84376,966,3864,DR_primary,5002,5016
11,5,C2,1,5002,0.4943,23,0.78779,0.84379,966,3864,DR_primary,5002,5016
11,5,C3,1,5002,0.4943,23,0.78781,0.84379,966,3864,DR_primary,5002,5016
11,5,C0,2,4670,0.4615,23,0.786,0.84216,966,3864,DR_primary,4670,5123
11,5,C1,2,5089,0.5029,23,0.78637,0.84237,966,3864,DR_primary,5089,5123
11,5,C2,2,5089,0.5029,23,0.78624,0.84253,966,3864,DR_primary,5089,5123
11,5,C3,2,5089,0.5029,23,0.78623,0.84246,966,3864,DR_primary,5089,5123
11,5,C0,3,4596,0.4542,23,0.78708,0.84333,966,3864,DR_primary,4596,5061
11,5,C1,3,5021,0.4962,23,0.78685,0.84294,966,3864,DR_primary,5021,5061
11,5,C2,3,5021,0.4962,23,0.78671,0.84295,966,3864,DR_primary,5021,5061
11,5,C3,3,5021,0.4962,23,0.78674,0.84301,966,3864,DR_primary,5021,5061
11,5,C0,4,4594,0.454,23,0.78712,0.84328,966,3864,DR_primary,4594,5021
11,5,C1,4,4995,0.4936,23,0.78719,0.84344,966,3864,DR_primary,4995,5021
11,5,C2,4,4995,0.4936,23,0.78694,0.84332,966,3864,DR_primary,4995,5021
11,5,C3,4,4995,0.4936,23,0.78693,0.84332,966,3864,DR_primary,4995,5021
11,5,C0,5,4550,0.4496,23,0.78621,0.84315,966,3864,DR_primary,4550,4984
11,5,C1,5,4964,0.4906,23,0.78627,0.84304,966,3864,DR_primary,4964,4984
11,5,C2,5,4964,0.4906,23,0.78606,0.84298,966,3864,DR_primary,4964,4984
11,5,C3,5,4964,0.4906,23,0.78614,0.84301,966,3864,DR_primary,4964,4984
11,5,C0,6,4569,0.4515,23,0.7862,0.8426,966,3864,DR_primary,4569,5005
11,5,C1,6,4976,0.4917,23,0.78607,0.84227,966,3864,DR_primary,4976,5005
11,5,C2,6,4976,0.4917,23,0.78606,0.84241,966,3864,DR_primary,4976,5005
11,5,C3,6,4976,0.4917,23,0.78612,0.84248,966,3864,DR_primary,4976,5005
11,5,C0,7,4537,0.4484,23,0.78694,0.84332,966,3864,DR_primary,4537,4991
11,5,C1,7,4963,0.4905,23,0.78697,0.84317,966,3864,DR_primary,4963,4991
11,5,C2,7,4963,0.4905,23,0.78673,0.84316,966,3864,DR_primary,4963,4991
11,5,C3,7,4963,0.4905,23,0.78682,0.84323,966,3864,DR_primary,4963,4991
11,5,C0,8,4554,0.45,23,0.78649,0.8434,966,3864,DR_primary,4554,5031
11,5,C1,8,5003,0.4944,23,0.78687,0.84351,966,3864,DR_primary,5003,5031
11,5,C2,8,5003,0.4944,23,0.78668,0.84358,966,3864,DR_primary,5003,5031
11,5,C3,8,5003,0.4944,23,0.78675,0.84365,966,3864,DR_primary,5003,5031
11,5,C0,9,4555,0.4501,23,0.78723,0.84346,966,3864,DR_primary,4555,5009
11,5,C1,9,4974,0.4916,23,0.78739,0.84358,966,3864,DR_primary,4974,5009
11,5,C2,9,4974,0.4916,23,0.78699,0.84344,966,3864,DR_primary,4974,5009
11,5,C3,9,4974,0.4916,23,0.78713,0.84356,966,3864,DR_primary,4974,5009
11,5,C0,10,4648,0.4593,23,0.78705,0.84319,966,3864,DR_primary,4648,5082
11,5,C1,10,5062,0.5002,23,0.78691,0.84324,966,3864,DR_primary,5062,5082
11,5,C2,10,5062,0.5002,23,0.78685,0.84325,966,3864,DR_primary,5062,5082
11,5,C3,10,5062,0.5002,23,0.78697,0.8433,966,3864,DR_primary,5062,5082
11,5,C0,11,4564,0.451,23,0.78721,0.84373,966,3864,DR_primary,4564,5015
11,5,C1,11,4986,0.4927,23,0.78705,0.84343,966,3864,DR_primary,4986,5015
11,5,C2,11,4986,0.4927,23,0.78696,0.8434,966,3864,DR_primary,4986,5015
11,5,C3,11,4986,0.4927,23,0.78695,0.84343,966,3864,DR_primary,4986,5015
11,5,C0,12,4651,0.4596,23,0.78625,0.8428,966,3864,DR_primary,4651,5108
11,5,C1,12,5082,0.5022,23,0.78622,0.84275,966,3864,DR_primary,5082,5108
11,5,C2,12,5082,0.5022,23,0.78611,0.84271,966,3864,DR_primary,5082,5108
11,5,C3,12,5082,0.5022,23,0.78613,0.84268,966,3864,DR_primary,5082,5108
11,5,C0,13,4571,0.4517,23,0.78608,0.84221,966,3864,DR_primary,4571,5034
11,5,C1,13,5009,0.495,23,0.78606,0.8423,966,3864,DR_primary,5009,5034
11,5,C2,13,5009,0.495,23,0.78606,0.84237,966,3864,DR_primary,5009,5034
11,5,C3,13,5009,0.495,23,0.7859,0.8422,966,3864,DR_primary,5009,5034
11,5,C0,14,4574,0.452,23,0.78657,0.8434,966,3864,DR_primary,4574,5044
11,5,C1,14,5014,0.4955,23,0.78662,0.84329,966,3864,DR_primary,5014,5044
11,5,C2,14,5014,0.4955,23,0.7865,0.84327,966,3864,DR_primary,5014,5044
11,5,C3,14,5014,0.4955,23,0.78646,0.84327,966,3864,DR_primary,5014,5044
11,5,C0,15,4630,0.4576,23,0.78662,0.84297,966,3864,DR_primary,4630,5093
11,5,C1,15,5070,0.501,23,0.78658,0.84284,966,3864,DR_primary,5070,5093
11,5,C2,15,5070,0.501,23,0.78648,0.843,966,3864,DR_primary,5070,5093
11,5,C3,15,5070,0.501,23,0.7864,0.84294,966,3864,DR_primary,5070,5093
11,5,C0,16,4571,0.4517,23,0.78613,0.84266,966,3864,DR_primary,4571,5002
11,5,C1,16,4966,0.4908,23,0.78601,0.84273,966,3864,DR_primary,4966,5002
11,5,C2,16,4966,0.4908,23,0.7861,0.8428,966,3864,DR_primary,4966,5002
11,5,C3,16,4966,0.4908,23,0.78609,0.84281,966,3864,DR_primary,4966,5002
11,5,C0,17,4675,0.462,23,0.78736,0.84359,966,3864,DR_primary,4675,5121
11,5,C1,17,5085,0.5025,23,0.78754,0.84378,966,3864,DR_primary,5085,5121
11,5,C2,17,5085,0.5025,23,0.7873,0.84361,966,3864,DR_primary,5085,5121
11,5,C3,17,5085,0.5025,23,0.78739,0.84366,966,3864,DR_primary,5085,5121
11,5,C0,18,4640,0.4585,23,0.78678,0.84254,966,3864,DR_primary,4640,5081
11,5,C1,18,5064,0.5004,23,0.78692,0.84277,966,3864,DR_primary,5064,5081
11,5,C2,18,5064,0.5004,23,0.78675,0.84267,966,3864,DR_primary,5064,5081
11,5,C3,18,5064,0.5004,23,0.78657,0.84251,966,3864,DR_primary,5064,5081
11,5,C0,19,4516,0.4463,23,0.78579,0.84242,966,3864,DR_primary,4516,4968
11,5,C1,19,4936,0.4878,23,0.78599,0.8425,966,3864,DR_primary,4936,4968
11,5,C2,19,4936,0.4878,23,0.78592,0.84255,966,3864,DR_primary,4936,4968
11,5,C3,19,4936,0.4878,23,0.78595,0.84255,966,3864,DR_primary,4936,4968
11,5,C0,20,4608,0.4554,23,0.787,0.84328,966,3864,DR_primary,4608,5054
11,5,C1,20,5028,0.4969,23,0.7873,0.84373,966,3864,DR_primary,5028,5054
11,5,C2,20,5028,0.4969,23,0.78713,0.84367,966,3864,DR_primary,5028,5054
11,5,C3,20,5028,0.4969,23,0.78702,0.84363,966,3864,DR_primary,5028,5054
11,5,C0,21,4581,0.4527,23,0.7871,0.843,966,3864,DR_primary,4581,4997
11,5,C1,21,4971,0.4913,23,0.78685,0.84286,966,3864,DR_primary,4971,4997
11,5,C2,21,4971,0.4913,23,0.78702,0.84312,966,3864,DR_primary,4971,4997
11,5,C3,21,4971,0.4913,23,0.78703,0.8431,966,3864,DR_primary,4971,4997
11,5,C0,22,4586,0.4532,23,0.78641,0.84253,966,3864,DR_primary,4586,5050
11,5,C1,22,5021,0.4962,23,0.78651,0.84252,966,3864,DR_primary,5021,5050
11,5,C2,22,5021,0.4962,23,0.78635,0.84255,966,3864,DR_primary,5021,5050
11,5,C3,22,5021,0.4962,23,0.78629,0.84256,966,3864,DR_primary,5021,5050
11,5,C0,23,4590,0.4536,23,0.78671,0.8433,966,3864,DR_primary,4590,5000
11,5,C1,23,4980,0.4921,23,0.78652,0.84299,966,3864,DR_primary,4980,5000
11,5,C2,23,4980,0.4921,23,0.78666,0.84322,966,3864,DR_primary,4980,5000
11,5,C3,23,4980,0.4921,23,0.78665,0.84323,966,3864,DR_primary,4980,5000
11,5,C0,24,4637,0.4582,23,0.78695,0.84315,966,3864,DR_primary,4637,5103
11,5,C1,24,5071,0.5011,23,0.78723,0.84337,966,3864,DR_primary,5071,5103
11,5,C2,24,5071,0.5011,23,0.78706,0.84329,966,3864,DR_primary,5071,5103
11,5,C3,24,5071,0.5011,23,0.78713,0.84337,966,3864,DR_primary,5071,5103
11,5,C0,25,4537,0.4484,23,0.78673,0.84292,966,3864,DR_primary,4537,4988
11,5,C1,25,4961,0.4903,23,0.78674,0.84283,966,3864,DR_primary,4961,4988
11,5,C2,25,4961,0.4903,23,0.78639,0.84272,966,3864,DR_primary,4961,4988
11,5,C3,25,4961,0.4903,23,0.78657,0.84278,966,3864,DR_primary,4961,4988
11,5,C0,26,4632,0.4578,23,0.78642,0.843,966,3864,DR_primary,4632,5094
11,5,C1,26,5060,0.5,23,0.7866,0.843,966,3864,DR_primary,5060,5094
11,5,C2,26,5060,0.5,23,0.7864,0.84294,966,3864,DR_primary,5060,5094
11,5,C3,26,5060,0.5,23,0.78632,0.8428,966,3864,DR_primary,5060,5094
11,5,C0,27,4527,0.4474,23,0.78774,0.84342,966,3864,DR_primary,4527,4992
11,5,C1,27,4956,0.4898,23,0.78773,0.84339,966,3864,DR_primary,4956,4992
11,5,C2,27,4956,0.4898,23,0.78764,0.8436,966,3864,DR_primary,4956,4992
11,5,C3,27,4956,0.4898,23,0.78745,0.84347,966,3864,DR_primary,4956,4992
11,5,C0,28,4621,0.4567,23,0.78725,0.8433,966,3864,DR_primary,4621,5067
11,5,C1,28,5054,0.4995,23,0.78714,0.84312,966,3864,DR_primary,5054,5067
11,5,C2,28,5054,0.4995,23,0.7873,0.84332,966,3864,DR_primary,5054,5067
11,5,C3,28,5054,0.4995,23,0.78727,0.84334,966,3864,DR_primary,5054,5067
11,5,C0,29,4680,0.4625,23,0.787,0.84287,966,3864,DR_primary,4680,5149
11,5,C1,29,5117,0.5057,23,0.78693,0.84294,966,3864,DR_primary,5117,5149
11,5,C2,29,5117,0.5057,23,0.78701,0.84299,966,3864,DR_primary,5117,5149
11,5,C3,29,5117,0.5057,23,0.78693,0.84297,966,3864,DR_primary,5117,5149
11,5,C0,30,4553,0.4499,23,0.78627,0.84261,966,3864,DR_primary,4553,4998
11,5,C1,30,4959,0.4901,23,0.78631,0.84264,966,3864,DR_primary,4959,4998
11,5,C2,30,4959,0.4901,23,0.78613,0.84257,966,3864,DR_primary,4959,4998
11,5,C3,30,4959,0.4901,23,0.78621,0.84265,966,3864,DR_primary,4959,4998
11,6,C0,1,4568,0.4514,23,0.7865,0.843,966,3864,DR_primary,4568,5038
11,6,C1,1,5010,0.4951,23,0.78611,0.84266,966,3864,DR_primary,5010,5038
11,6,C2,1,5010,0.4951,23,0.78648,0.84299,966,3864,DR_primary,5010,5038
11,6,C3,1,5010,0.4951,23,0.78646,0.84297,966,3864,DR_primary,5010,5038
11,6,C0,2,4666,0.4611,23,0.78657,0.84268,966,3864,DR_primary,4666,5072
11,6,C1,2,5045,0.4986,23,0.78663,0.84291,966,3864,DR_primary,5045,5072
11,6,C2,2,5045,0.4986,23,0.78646,0.84275,966,3864,DR_primary,5045,5072
11,6,C3,2,5045,0.4986,23,0.78657,0.84285,966,3864,DR_primary,5045,5072
11,6,C0,3,4575,0.4521,23,0.78679,0.84306,966,3864,DR_primary,4575,5026
11,6,C1,3,4999,0.494,23,0.7867,0.84303,966,3864,DR_primary,4999,5026
11,6,C2,3,4999,0.494,23,0.78672,0.84321,966,3864,DR_primary,4999,5026
11,6,C3,3,4999,0.494,23,0.78665,0.84315,966,3864,DR_primary,4999,5026
11,6,C0,4,4607,0.4553,23,0.78778,0.84369,966,3864,DR_primary,4607,5065
11,6,C1,4,5028,0.4969,23,0.78771,0.84358,966,3864,DR_primary,5028,5065
11,6,C2,4,5028,0.4969,23,0.78773,0.84362,966,3864,DR_primary,5028,5065
11,6,C3,4,5028,0.4969,23,0.78767,0.84359,966,3864,DR_primary,5028,5065
11,6,C0,5,4552,0.4498,23,0.78692,0.84315,966,3864,DR_primary,4552,4999
11,6,C1,5,4971,0.4913,23,0.78666,0.84307,966,3864,DR_primary,4971,4999
11,6,C2,5,4971,0.4913,23,0.78675,0.84322,966,3864,DR_primary,4971,4999
11,6,C3,5,4971,0.4913,23,0.78678,0.84323,966,3864,DR_primary,4971,4999
11,6,C0,6,4623,0.4569,23,0.7872,0.84324,966,3864,DR_primary,4623,5056
11,6,C1,6,5024,0.4965,23,0.78729,0.84339,966,3864,DR_primary,5024,5056
11,6,C2,6,5024,0.4965,23,0.78703,0.84325,966,3864,DR_primary,5024,5056
11,6,C3,6,5024,0.4965,23,0.78718,0.8433,966,3864,DR_primary,5024,5056
11,6,C0,7,4621,0.4567,23,0.78613,0.84273,966,3864,DR_primary,4621,5047
11,6,C1,7,5018,0.4959,23,0.78618,0.84267,966,3864,DR_primary,5018,5047
11,6,C2,7,5018,0.4959,23,0.78615,0.84289,966,3864,DR_primary,5018,5047
11,6,C3,7,5018,0.4959,23,0.78625,0.84291,966,3864,DR_primary,5018,5047
11,6,C0,8,4552,0.4498,23,0.78739,0.84335,966,3864,DR_primary,4552,5032
11,6,C1,8,5009,0.495,23,0.7872,0.84319,966,3864,DR_primary,5009,5032
11,6,C2,8,5009,0.495,23,0.78727,0.84327,966,3864,DR_primary,5009,5032
11,6,C3,8,5009,0.495,23,0.78737,0.84322,966,3864,DR_primary,5009,5032
11,6,C0,9,4571,0.4517,23,0.78639,0.84272,966,3864,DR_primary,4571,5034
11,6,C1,9,5000,0.4941,23,0.78653,0.84274,966,3864,DR_primary,5000,5034
11,6,C2,9,5000,0.4941,23,0.7865,0.84294,966,3864,DR_primary,5000,5034
11,6,C3,9,5000,0.4941,23,0.78657,0.84302,966,3864,DR_primary,5000,5034
11,6,C0,10,4646,0.4591,23,0.78731,0.8429,966,3864,DR_primary,4646,5097
11,6,C1,10,5065,0.5005,23,0.78748,0.84322,966,3864,DR_primary,5065,5097
11,6,C2,10,5065,0.5005,23,0.78713,0.843,966,3864,DR_primary,5065,5097
11,6,C3,10,5065,0.5005,23,0.78717,0.8431,966,3864,DR_primary,5065,5097
11,6,C0,11,4562,0.4508,23,0.78665,0.84274,966,3864,DR_primary,4562,5018
11,6,C1,11,4988,0.4929,23,0.78667,0.84298,966,3864,DR_primary,4988,5018
11,6,C2,11,4988,0.4929,23,0.78681,0.84305,966,3864,DR_primary,4988,5018
11,6,C3,11,4988,0.4929,23,0.78676,0.84297,966,3864,DR_primary,4988,5018
11,6,C0,12,4660,0.4605,23,0.78781,0.84383,966,3864,DR_primary,4660,5097
11,6,C1,12,5060,0.5,23,0.78791,0.84385,966,3864,DR_primary,5060,5097
11,6,C2,12,5060,0.5,23,0.78781,0.84385,966,3864,DR_primary,5060,5097
11,6,C3,12,5060,0.5,23,0.78782,0.84387,966,3864,DR_primary,5060,5097
11,6,C0,13,4647,0.4592,23,0.7866,0.84289,966,3864,DR_primary,4647,5101
11,6,C1,13,5069,0.5009,23,0.78636,0.84269,966,3864,DR_primary,5069,5101
11,6,C2,13,5069,0.5009,23,0.78659,0.84298,966,3864,DR_primary,5069,5101
11,6,C3,13,5069,0.5009,23,0.78649,0.84298,966,3864,DR_primary,5069,5101
11,6,C0,14,4536,0.4483,23,0.78757,0.84347,966,3864,DR_primary,4536,5005
11,6,C1,14,4977,0.4918,23,0.78756,0.84353,966,3864,DR_primary,4977,5005
11,6,C2,14,4977,0.4918,23,0.78747,0.84348,966,3864,DR_primary,4977,5005
11,6,C3,14,4977,0.4918,23,0.78744,0.84339,966,3864,DR_primary,4977,5005
11,6,C0,15,4642,0.4587,23,0.78683,0.84307,966,3864,DR_primary,4642,5102
11,6,C1,15,5060,0.5,23,0.78665,0.84293,966,3864,DR_primary,5060,5102
11,6,C2,15,5060,0.5,23,0.78675,0.84307,966,3864,DR_primary,5060,5102
11,6,C3,15,5060,0.5,23,0.78692,0.84321,966,3864,DR_primary,5060,5102
11,6,C0,16,4622,0.4568,23,0.78622,0.84254,966,3864,DR_primary,4622,5092
11,6,C1,16,5068,0.5008,23,0.78616,0.84232,966,3864,DR_primary,5068,5092
11,6,C2,16,5068,0.5008,23,0.78597,0.84221,966,3864,DR_primary,5068,5092
11,6,C3,16,5068,0.5008,23,0.78619,0.84244,966,3864,DR_primary,5068,5092
11,6,C0,17,4555,0.4501,23,0.78751,0.84412,966,3864,DR_primary,4555,5010
11,6,C1,17,4971,0.4913,23,0.78708,0.84368,966,3864,DR_primary,4971,5010
11,6,C2,17,4971,0.4913,23,0.78715,0.84389,966,3864,DR_primary,4971,5010
11,6,C3,17,4971,0.4913,23,0.78704,0.84386,966,3864,DR_primary,4971,5010
11,6,C0,18,4619,0.4565,23,0.78654,0.84317,966,3864,DR_primary,4619,5051
11,6,C1,18,5018,0.4959,23,0.78642,0.84318,966,3864,DR_primary,5018,5051
11,6,C2,18,5018,0.4959,23,0.78658,0.8434,966,3864,DR_primary,5018,5051
11,6,C3,18,5018,0.4959,23,0.78659,0.8433,966,3864,DR_primary,5018,5051
11,6,C0,19,4540,0.4487,23,0.7876,0.84373,966,3864,DR_primary,4540,5032
11,6,C1,19,5000,0.4941,23,0.78733,0.84364,966,3864,DR_primary,5000,5032
11,6,C2,19,5000,0.4941,23,0.78731,0.84374,966,3864,DR_primary,5000,5032
11,6,C3,19,5000,0.4941,23,0.78735,0.84376,966,3864,DR_primary,5000,5032
11,6,C0,20,4532,0.4479,23,0.78666,0.84316,966,3864,DR_primary,4532,4956
11,6,C1,20,4925,0.4867,23,0.78658,0.84293,966,3864,DR_primary,4925,4956
11,6,C2,20,4925,0.4867,23,0.78643,0.84286,966,3864,DR_primary,4925,4956
11,6,C3,20,4925,0.4867,23,0.78656,0.84292,966,3864,DR_primary,4925,4956
11,6,C0,21,4517,0.4464,23,0.787,0.84329,966,3864,DR_primary,4517,4978
11,6,C1,21,4949,0.4891,23,0.78693,0.84306,966,3864,DR_primary,4949,4978
11,6,C2,21,4949,0.4891,23,0.78675,0.84311,966,3864,DR_primary,4949,4978
11,6,C3,21,4949,0.4891,23,0.78675,0.84312,966,3864,DR_primary,4949,4978
11,6,C0,22,4687,0.4632,23,0.78734,0.84349,966,3864,DR_primary,4687,5162
11,6,C1,22,5136,0.5076,23,0.78744,0.84352,966,3864,DR_primary,5136,5162
11,6,C2,22,5136,0.5076,23,0.78745,0.84358,966,3864,DR_primary,5136,5162
11,6,C3,22,5136,0.5076,23,0.78741,0.84355,966,3864,DR_primary,5136,5162
11,6,C0,23,4599,0.4545,23,0.78651,0.84291,966,3864,DR_primary,4599,5035
11,6,C1,23,5013,0.4954,23,0.78668,0.843,966,3864,DR_primary,5013,5035
11,6,C2,23,5013,0.4954,23,0.78676,0.84318,966,3864,DR_primary,5013,5035
11,6,C3,23,5013,0.4954,23,0.7868,0.8432,966,3864,DR_primary,5013,5035
11,6,C0,24,4577,0.4523,23,0.78724,0.84344,966,3864,DR_primary,4577,5021
11,6,C1,24,5005,0.4946,23,0.78681,0.84304,966,3864,DR_primary,5005,5021
11,6,C2,24,5005,0.4946,23,0.7871,0.84323,966,3864,DR_primary,5005,5021
11,6,C3,24,5005,0.4946,23,0.7871,0.84324,966,3864,DR_primary,5005,5021
11,6,C0,25,4640,0.4585,23,0.7863,0.84257,966,3864,DR_primary,4640,5052
11,6,C1,25,5024,0.4965,23,0.78619,0.8425,966,3864,DR_primary,5024,5052
11,6,C2,25,5024,0.4965,23,0.78624,0.84257,966,3864,DR_primary,5024,5052
11,6,C3,25,5024,0.4965,23,0.7862,0.84247,966,3864,DR_primary,5024,5052
11,6,C0,26,4662,0.4607,23,0.78668,0.84313,966,3864,DR_primary,4662,5124
11,6,C1,26,5101,0.5041,23,0.78639,0.84298,966,3864,DR_primary,5101,5124
11,6,C2,26,5101,0.5041,23,0.78648,0.84312,966,3864,DR_primary,5101,5124
11,6,C3,26,5101,0.5041,23,0.78663,0.84319,966,3864,DR_primary,5101,5124
11,6,C0,27,4567,0.4513,23,0.7864,0.84276,966,3864,DR_primary,4567,5009
11,6,C1,27,4989,0.493,23,0.78645,0.84281,966,3864,DR_primary,4989,5009
11,6,C2,27,4989,0.493,23,0.78648,0.84285,966,3864,DR_primary,4989,5009
11,6,C3,27,4989,0.493,23,0.78647,0.84283,966,3864,DR_primary,4989,5009
11,6,C0,28,4544,0.4491,23,0.78777,0.84316,966,3864,DR_primary,4544,5006
11,6,C1,28,4962,0.4904,23,0.78752,0.84283,966,3864,DR_primary,4962,5006
11,6,C2,28,4962,0.4904,23,0.78744,0.84288,966,3864,DR_primary,4962,5006
11,6,C3,28,4962,0.4904,23,0.78737,0.84279,966,3864,DR_primary,4962,5006
11,6,C0,29,4610,0.4556,23,0.78711,0.84324,966,3864,DR_primary,4610,5077
11,6,C1,29,5061,0.5001,23,0.78714,0.84334,966,3864,DR_primary,5061,5077
11,6,C2,29,5061,0.5001,23,0.7871,0.84333,966,3864,DR_primary,5061,5077
11,6,C3,29,5061,0.5001,23,0.78707,0.84331,966,3864,DR_primary,5061,5077
11,6,C0,30,4563,0.4509,23,0.7869,0.84327,966,3864,DR_primary,4563,5011
11,6,C1,30,4980,0.4921,23,0.787,0.84337,966,3864,DR_primary,4980,5011
11,6,C2,30,4980,0.4921,23,0.78699,0.84337,966,3864,DR_primary,4980,5011
11,6,C3,30,4980,0.4921,23,0.78698,0.84341,966,3864,DR_primary,4980,5011
11,7,C0,1,4604,0.455,23,0.78672,0.84261,966,3864,DR_primary,4604,5038
11,7,C1,1,5008,0.4949,23,0.78685,0.84278,966,3864,DR_primary,5008,5038
11,7,C2,1,5008,0.4949,23,0.7869,0.84284,966,3864,DR_primary,5008,5038
11,7,C3,1,5008,0.4949,23,0.78683,0.84276,966,3864,DR_primary,5008,5038
11,7,C0,2,4559,0.4505,23,0.78648,0.84299,966,3864,DR_primary,4559,5022
11,7,C1,2,5001,0.4942,23,0.78654,0.84298,966,3864,DR_primary,5001,5022
11,7,C2,2,5001,0.4942,23,0.78648,0.84297,966,3864,DR_primary,5001,5022
11,7,C3,2,5001,0.4942,23,0.78655,0.843,966,3864,DR_primary,5001,5022
11,7,C0,3,4536,0.4483,23,0.78611,0.8426,966,3864,DR_primary,4536,5005
11,7,C1,3,4976,0.4917,23,0.78614,0.8426,966,3864,DR_primary,4976,5005
11,7,C2,3,4976,0.4917,23,0.78602,0.84273,966,3864,DR_primary,4976,5005
11,7,C3,3,4976,0.4917,23,0.7861,0.84275,966,3864,DR_primary,4976,5005
11,7,C0,4,4611,0.4557,23,0.78719,0.84317,966,3864,DR_primary,4611,5044
11,7,C1,4,5007,0.4948,23,0.78765,0.84347,966,3864,DR_primary,5007,5044
11,7,C2,4,5007,0.4948,23,0.78746,0.84336,966,3864,DR_primary,5007,5044
11,7,C3,4,5007,0.4948,23,0.78746,0.8434,966,3864,DR_primary,5007,5044
11,7,C0,5,4566,0.4512,23,0.78739,0.84361,966,3864,DR_primary,4566,5029
11,7,C1,5,5010,0.4951,23,0.78738,0.84359,966,3864,DR_primary,5010,5029
11,7,C2,5,5010,0.4951,23,0.78723,0.84354,966,3864,DR_primary,5010,5029
11,7,C3,5,5010,0.4951,23,0.78719,0.84355,966,3864,DR_primary,5010,5029
11,7,C0,6,4545,0.4492,23,0.78783,0.84369,966,3864,DR_primary,4545,5006
11,7,C1,6,4960,0.4902,23,0.78756,0.84356,966,3864,DR_primary,4960,5006
11,7,C2,6,4960,0.4902,23,0.78751,0.84349,966,3864,DR_primary,4960,5006
11,7,C3,6,4960,0.4902,23,0.78758,0.84355,966,3864,DR_primary,4960,5006
11,7,C0,7,4628,0.4574,23,0.78769,0.84358,966,3864,DR_primary,4628,5081
11,7,C1,7,5038,0.4979,23,0.7876,0.84341,966,3864,DR_primary,5038,5081
11,7,C2,7,5038,0.4979,23,0.78739,0.84336,966,3864,DR_primary,5038,5081
11,7,C3,7,5038,0.4979,23,0.78751,0.84355,966,3864,DR_primary,5038,5081
11,7,C0,8,4589,0.4535,23,0.78705,0.84327,966,3864,DR_primary,4589,5046
11,7,C1,8,5026,0.4967,23,0.78671,0.84317,966,3864,DR_primary,5026,5046
11,7,C2,8,5026,0.4967,23,0.78669,0.84316,966,3864,DR_primary,5026,5046
11,7,C3,8,5026,0.4967,23,0.78671,0.84316,966,3864,DR_primary,5026,5046
11,7,C0,9,4623,0.4569,23,0.78708,0.84339,966,3864,DR_primary,4623,5087
11,7,C1,9,5058,0.4999,23,0.78725,0.84341,966,3864,DR_primary,5058,5087
11,7,C2,9,5058,0.4999,23,0.78707,0.84356,966,3864,DR_primary,5058,5087
11,7,C3,9,5058,0.4999,23,0.78704,0.8435,966,3864,DR_primary,5058,5087
11,7,C0,10,4508,0.4455,23,0.78703,0.84366,966,3864,DR_primary,4508,4960
11,7,C1,10,4932,0.4874,23,0.78701,0.8436,966,3864,DR_primary,4932,4960
11,7,C2,10,4932,0.4874,23,0.78674,0.84351,966,3864,DR_primary,4932,4960
11,7,C3,10,4932,0.4874,23,0.7868,0.84349,966,3864,DR_primary,4932,4960
11,7,C0,11,4596,0.4542,23,0.7878,0.84358,966,3864,DR_primary,4596,5058
11,7,C1,11,5029,0.497,23,0.78768,0.84368,966,3864,DR_primary,5029,5058
11,7,C2,11,5029,0.497,23,0.78763,0.84366,966,3864,DR_primary,5029,5058
11,7,C3,11,5029,0.497,23,0.78779,0.84377,966,3864,DR_primary,5029,5058
11,7,C0,12,4533,0.448,23,0.78709,0.84335,966,3864,DR_primary,4533,4964
11,7,C1,12,4938,0.488,23,0.78719,0.84336,966,3864,DR_primary,4938,4964
11,7,C2,12,4938,0.488,23,0.78702,0.84336,966,3864,DR_primary,4938,4964
11,7,C3,12,4938,0.488,23,0.78697,0.84335,966,3864,DR_primary,4938,4964
11,7,C0,13,4460,0.4408,23,0.78645,0.84264,966,3864,DR_primary,4460,4900
11,7,C1,13,4871,0.4814,23,0.78678,0.84288,966,3864,DR_primary,4871,4900
11,7,C2,13,4871,0.4814,23,0.78674,0.84302,966,3864,DR_primary,4871,4900
11,7,C3,13,4871,0.4814,23,0.7867,0.84299,966,3864,DR_primary,4871,4900
11,7,C0,14,4519,0.4466,23,0.7873,0.84323,966,3864,DR_primary,4519,4972
11,7,C1,14,4935,0.4877,23,0.78726,0.84312,966,3864,DR_primary,4935,4972
11,7,C2,14,4935,0.4877,23,0.78701,0.843,966,3864,DR_primary,4935,4972
11,7,C3,14,4935,0.4877,23,0.7871,0.84311,966,3864,DR_primary,4935,4972
11,7,C0,15,4546,0.4493,23,0.7873,0.84336,966,3864,DR_primary,4546,5034
11,7,C1,15,4997,0.4938,23,0.78698,0.84308,966,3864,DR_primary,4997,5034
11,7,C2,15,4997,0.4938,23,0.78723,0.84343,966,3864,DR_primary,4997,5034
11,7,C3,15,4997,0.4938,23,0.78709,0.8434,966,3864,DR_primary,4997,5034
11,7,C0,16,4563,0.4509,23,0.78699,0.8431,966,3864,DR_primary,4563,5031
11,7,C1,16,4995,0.4936,23,0.7868,0.84293,966,3864,DR_primary,4995,5031
11,7,C2,16,4995,0.4936,23,0.7869,0.84319,966,3864,DR_primary,4995,5031
11,7,C3,16,4995,0.4936,23,0.78682,0.84308,966,3864,DR_primary,4995,5031
11,7,C0,17,4624,0.457,23,0.78625,0.84285,966,3864,DR_primary,4624,5080
11,7,C1,17,5059,0.5,23,0.78629,0.84286,966,3864,DR_primary,5059,5080
11,7,C2,17,5059,0.5,23,0.78637,0.84302,966,3864,DR_primary,5059,5080
11,7,C3,17,5059,0.5,23,0.78648,0.8431,966,3864,DR_primary,5059,5080
11,7,C0,18,4543,0.449,23,0.78681,0.84261,966,3864,DR_primary,4543,5023
11,7,C1,18,4990,0.4931,23,0.78673,0.84244,966,3864,DR_primary,4990,5023
11,7,C2,18,4990,0.4931,23,0.78666,0.8426,966,3864,DR_primary,4990,5023
11,7,C3,18,4990,0.4931,23,0.78675,0.84262,966,3864,DR_primary,4990,5023
11,7,C0,19,4572,0.4518,23,0.788,0.84397,966,3864,DR_primary,4572,5040
11,7,C1,19,5001,0.4942,23,0.78784,0.84387,966,3864,DR_primary,5001,5040
11,7,C2,19,5001,0.4942,23,0.7877,0.84377,966,3864,DR_primary,5001,5040
11,7,C3,19,5001,0.4942,23,0.78758,0.8437,966,3864,DR_primary,5001,5040
11,7,C0,20,4590,0.4536,23,0.78689,0.84339,966,3864,DR_primary,4590,5043
11,7,C1,20,5017,0.4958,23,0.7869,0.84333,966,3864,DR_primary,5017,5043
11,7,C2,20,5017,0.4958,23,0.78679,0.84332,966,3864,DR_primary,5017,5043
11,7,C3,20,5017,0.4958,23,0.78679,0.84329,966,3864,DR_primary,5017,5043
11,7,C0,21,4626,0.4572,23,0.78623,0.84324,966,3864,DR_primary,4626,5085
11,7,C1,21,5067,0.5007,23,0.78631,0.84325,966,3864,DR_primary,5067,5085
11,7,C2,21,5067,0.5007,23,0.78584,0.84298,966,3864,DR_primary,5067,5085
11,7,C3,21,5067,0.5007,23,0.78591,0.84299,966,3864,DR_primary,5067,5085
11,7,C0,22,4592,0.4538,23,0.78723,0.84361,966,3864,DR_primary,4592,5028
11,7,C1,22,4988,0.4929,23,0.7875,0.84365,966,3864,DR_primary,4988,5028
11,7,C2,22,4988,0.4929,23,0.78749,0.84379,966,3864,DR_primary,4988,5028
11,7,C3,22,4988,0.4929,23,0.78748,0.84374,966,3864,DR_primary,4988,5028
11,7,C0,23,4619,0.4565,23,0.78706,0.84344,966,3864,DR_primary,4619,5025
11,7,C1,23,4984,0.4925,23,0.78696,0.84323,966,3864,DR_primary,4984,5025
11,7,C2,23,4984,0.4925,23,0.78684,0.84321,966,3864,DR_primary,4984,5025
11,7,C3,23,4984,0.4925,23,0.78689,0.84324,966,3864,DR_primary,4984,5025
11,7,C0,24,4542,0.4489,23,0.78729,0.84333,966,3864,DR_primary,4542,4976
11,7,C1,24,4955,0.4897,23,0.78753,0.8436,966,3864,DR_primary,4955,4976
11,7,C2,24,4955,0.4897,23,0.78732,0.8436,966,3864,DR_primary,4955,4976
11,7,C3,24,4955,0.4897,23,0.78731,0.84365,966,3864,DR_primary,4955,4976
11,7,C0,25,4696,0.4641,23,0.78788,0.84423,966,3864,DR_primary,4696,5156
11,7,C1,25,5125,0.5065,23,0.78794,0.84426,966,3864,DR_primary,5125,5156
11,7,C2,25,5125,0.5065,23,0.78779,0.84418,966,3864,DR_primary,5125,5156
11,7,C3,25,5125,0.5065,23,0.78775,0.84411,966,3864,DR_primary,5125,5156
11,7,C0,26,4583,0.4529,23,0.78735,0.84382,966,3864,DR_primary,4583,5053
11,7,C1,26,5016,0.4957,23,0.78711,0.84342,966,3864,DR_primary,5016,5053
11,7,C2,26,5016,0.4957,23,0.78734,0.84371,966,3864,DR_primary,5016,5053
11,7,C3,26,5016,0.4957,23,0.78729,0.84368,966,3864,DR_primary,5016,5053
11,7,C0,27,4626,0.4572,23,0.78671,0.84309,966,3864,DR_primary,4626,5096
11,7,C1,27,5062,0.5002,23,0.78687,0.84323,966,3864,DR_primary,5062,5096
11,7,C2,27,5062,0.5002,23,0.78677,0.84333,966,3864,DR_primary,5062,5096
11,7,C3,27,5062,0.5002,23,0.78669,0.84327,966,3864,DR_primary,5062,5096
11,7,C0,28,4525,0.4472,23,0.78612,0.84249,966,3864,DR_primary,4525,5001
11,7,C1,28,4966,0.4908,23,0.7862,0.84246,966,3864,DR_primary,4966,5001
11,7,C2,28,4966,0.4908,23,0.78604,0.84251,966,3864,DR_primary,4966,5001
11,7,C3,28,4966,0.4908,23,0.78605,0.84252,966,3864,DR_primary,4966,5001
11,7,C0,29,4539,0.4486,23,0.78752,0.84364,966,3864,DR_primary,4539,5021
11,7,C1,29,4981,0.4922,23,0.78745,0.84357,966,3864,DR_primary,4981,5021
11,7,C2,29,4981,0.4922,23,0.78773,0.84388,966,3864,DR_primary,4981,5021
11,7,C3,29,4981,0.4922,23,0.78773,0.84388,966,3864,DR_primary,4981,5021
11,7,C0,30,4609,0.4555,23,0.78663,0.8427,966,3864,DR_primary,4609,5075
11,7,C1,30,5038,0.4979,23,0.78675,0.84286,966,3864,DR_primary,5038,5075
11,7,C2,30,5038,0.4979,23,0.78676,0.84309,966,3864,DR_primary,5038,5075
11,7,C3,30,5038,0.4979,23,0.78668,0.84305,966,3864,DR_primary,5038,5075
11,8,C0,1,4551,0.4497,23,0.78751,0.84322,966,3864,DR_primary,4551,4972
11,8,C1,1,4947,0.4889,23,0.78743,0.8433,966,3864,DR_primary,4947,4972
11,8,C2,1,4947,0.4889,23,0.78776,0.8435,966,3864,DR_primary,4947,4972
11,8,C3,1,4947,0.4889,23,0.78779,0.84354,966,3864,DR_primary,4947,4972
11,8,C0,2,4635,0.458,23,0.78729,0.8432,966,3864,DR_primary,4635,5089
11,8,C1,2,5067,0.5007,23,0.78711,0.84313,966,3864,DR_primary,5067,5089
11,8,C2,2,5067,0.5007,23,0.78725,0.84335,966,3864,DR_primary,5067,5089
11,8,C3,2,5067,0.5007,23,0.78723,0.84331,966,3864,DR_primary,5067,5089
11,8,C0,3,4595,0.4541,23,0.78625,0.84297,966,3864,DR_primary,4595,5055
11,8,C1,3,5032,0.4973,23,0.78645,0.84316,966,3864,DR_primary,5032,5055
11,8,C2,3,5032,0.4973,23,0.78641,0.84329,966,3864,DR_primary,5032,5055
11,8,C3,3,5032,0.4973,23,0.78635,0.8432,966,3864,DR_primary,5032,5055
11,8,C0,4,4596,0.4542,23,0.7875,0.8436,966,3864,DR_primary,4596,5031
11,8,C1,4,4992,0.4933,23,0.78726,0.84339,966,3864,DR_primary,4992,5031
11,8,C2,4,4992,0.4933,23,0.78696,0.84308,966,3864,DR_primary,4992,5031
11,8,C3,4,4992,0.4933,23,0.78695,0.84308,966,3864,DR_primary,4992,5031
11,8,C0,5,4543,0.449,23,0.78795,0.84407,966,3864,DR_primary,4543,5008
11,8,C1,5,4968,0.491,23,0.78823,0.84427,966,3864,DR_primary,4968,5008
11,8,C2,5,4968,0.491,23,0.78805,0.84409,966,3864,DR_primary,4968,5008
11,8,C3,5,4968,0.491,23,0.78809,0.84411,966,3864,DR_primary,4968,5008
11,8,C0,6,4576,0.4522,23,0.78724,0.84337,966,3864,DR_primary,4576,5019
11,8,C1,6,4983,0.4924,23,0.78715,0.84341,966,3864,DR_primary,4983,5019
11,8,C2,6,4983,0.4924,23,0.78708,0.84344,966,3864,DR_primary,4983,5019
11,8,C3,6,4983,0.4924,23,0.7871,0.84342,966,3864,DR_primary,4983,5019
11,8,C0,7,4664,0.4609,23,0.78695,0.84348,966,3864,DR_primary,4664,5098
11,8,C1,7,5060,0.5,23,0.78738,0.84386,966,3864,DR_primary,5060,5098
11,8,C2,7,5060,0.5,23,0.78706,0.84366,966,3864,DR_primary,5060,5098
11,8,C3,7,5060,0.5,23,0.78708,0.84369,966,3864,DR_primary,5060,5098
11,8,C0,8,4598,0.4544,23,0.78716,0.84323,966,3864,DR_primary,4598,5041
11,8,C1,8,5005,0.4946,23,0.78659,0.84294,966,3864,DR_primary,5005,5041
11,8,C2,8,5005,0.4946,23,0.78667,0.84323,966,3864,DR_primary,5005,5041
11,8,C3,8,5005,0.4946,23,0.78689,0.84344,966,3864,DR_primary,5005,5041
11,8,C0,9,4595,0.4541,23,0.78668,0.84268,966,3864,DR_primary,4595,5060
11,8,C1,9,5032,0.4973,23,0.78678,0.84272,966,3864,DR_primary,5032,5060
11,8,C2,9,5032,0.4973,23,0.78658,0.84276,966,3864,DR_primary,5032,5060
11,8,C3,9,5032,0.4973,23,0.78674,0.84283,966,3864,DR_primary,5032,5060
11,8,C0,10,4642,0.4587,23,0.78671,0.84334,966,3864,DR_primary,4642,5109
11,8,C1,10,5093,0.5033,23,0.78692,0.84328,966,3864,DR_primary,5093,5109
11,8,C2,10,5093,0.5033,23,0.78686,0.84328,966,3864,DR_primary,5093,5109
11,8,C3,10,5093,0.5033,23,0.78681,0.84327,966,3864,DR_primary,5093,5109
11,8,C0,11,4576,0.4522,23,0.78657,0.84294,966,3864,DR_primary,4576,5032
11,8,C1,11,5001,0.4942,23,0.7866,0.84303,966,3864,DR_primary,5001,5032
11,8,C2,11,5001,0.4942,23,0.78633,0.84286,966,3864,DR_primary,5001,5032
11,8,C3,11,5001,0.4942,23,0.78659,0.84311,966,3864,DR_primary,5001,5032
11,8,C0,12,4604,0.455,23,0.78653,0.84304,966,3864,DR_primary,4604,5045
11,8,C1,12,5014,0.4955,23,0.78675,0.84306,966,3864,DR_primary,5014,5045
11,8,C2,12,5014,0.4955,23,0.78649,0.84299,966,3864,DR_primary,5014,5045
11,8,C3,12,5014,0.4955,23,0.7865,0.843,966,3864,DR_primary,5014,5045
11,8,C0,13,4658,0.4603,23,0.7868,0.84285,966,3864,DR_primary,4658,5103
11,8,C1,13,5065,0.5005,23,0.78684,0.84303,966,3864,DR_primary,5065,5103
11,8,C2,13,5065,0.5005,23,0.78694,0.84306,966,3864,DR_primary,5065,5103
11,8,C3,13,5065,0.5005,23,0.78697,0.84308,966,3864,DR_primary,5065,5103
11,8,C0,14,4653,0.4598,23,0.78655,0.84235,966,3864,DR_primary,4653,5079
11,8,C1,14,5049,0.499,23,0.78667,0.84237,966,3864,DR_primary,5049,5079
11,8,C2,14,5049,0.499,23,0.78667,0.84249,966,3864,DR_primary,5049,5079
11,8,C3,14,5049,0.499,23,0.78672,0.84251,966,3864,DR_primary,5049,5079
11,8,C0,15,4694,0.4639,23,0.78698,0.84308,966,3864,DR_primary,4694,5163
11,8,C1,15,5130,0.507,23,0.78712,0.8432,966,3864,DR_primary,5130,5163
11,8,C2,15,5130,0.507,23,0.78695,0.84333,966,3864,DR_primary,5130,5163
11,8,C3,15,5130,0.507,23,0.78692,0.84326,966,3864,DR_primary,5130,5163
11,8,C0,16,4574,0.452,23,0.78706,0.84308,966,3864,DR_primary,4574,5030
11,8,C1,16,5000,0.4941,23,0.78693,0.843,966,3864,DR_primary,5000,5030
11,8,C2,16,5000,0.4941,23,0.78702,0.84316,966,3864,DR_primary,5000,5030
11,8,C3,16,5000,0.4941,23,0.78703,0.84311,966,3864,DR_primary,5000,5030
11,8,C0,17,4648,0.4593,23,0.78687,0.84356,966,3864,DR_primary,4648,5094
11,8,C1,17,5045,0.4986,23,0.78697,0.84358,966,3864,DR_primary,5045,5094
11,8,C2,17,5045,0.4986,23,0.78694,0.8436,966,3864,DR_primary,5045,5094
11,8,C3,17,5045,0.4986,23,0.78695,0.8436,966,3864,DR_primary,5045,5094
11,8,C0,18,4641,0.4586,23,0.78716,0.843,966,3864,DR_primary,4641,5087
11,8,C1,18,5061,0.5001,23,0.78753,0.84343,966,3864,DR_primary,5061,5087
11,8,C2,18,5061,0.5001,23,0.7876,0.84355,966,3864,DR_primary,5061,5087
11,8,C3,18,5061,0.5001,23,0.78765,0.84362,966,3864,DR_primary,5061,5087
11,8,C0,19,4578,0.4524,23,0.78772,0.8443,966,3864,DR_primary,4578,5051
11,8,C1,19,5013,0.4954,23,0.7876,0.84405,966,3864,DR_primary,5013,5051
11,8,C2,19,5013,0.4954,23,0.78743,0.84394,966,3864,DR_primary,5013,5051
11,8,C3,19,5013,0.4954,23,0.78742,0.84396,966,3864,DR_primary,5013,5051
11,8,C0,20,4686,0.4631,23,0.78702,0.84339,966,3864,DR_primary,4686,5141
11,8,C1,20,5126,0.5066,23,0.78691,0.84323,966,3864,DR_primary,5126,5141
11,8,C2,20,5126,0.5066,23,0.78686,0.84336,966,3864,DR_primary,5126,5141
11,8,C3,20,5126,0.5066,23,0.78689,0.84335,966,3864,DR_primary,5126,5141
11,8,C0,21,4474,0.4421,23,0.78712,0.84289,966,3864,DR_primary,4474,4912
11,8,C1,21,4893,0.4835,23,0.78745,0.84303,966,3864,DR_primary,4893,4912
11,8,C2,21,4893,0.4835,23,0.78715,0.84307,966,3864,DR_primary,4893,4912
11,8,C3,21,4893,0.4835,23,0.7872,0.84306,966,3864,DR_primary,4893,4912
11,8,C0,22,4600,0.4546,23,0.78749,0.844,966,3864,DR_primary,4600,5072
11,8,C1,22,5044,0.4985,23,0.78725,0.84393,966,3864,DR_primary,5044,5072
11,8,C2,22,5044,0.4985,23,0.78759,0.84418,966,3864,DR_primary,5044,5072
11,8,C3,22,5044,0.4985,23,0.78769,0.84417,966,3864,DR_primary,5044,5072
11,8,C0,23,4627,0.4573,23,0.78751,0.84385,966,3864,DR_primary,4627,5090
11,8,C1,23,5053,0.4994,23,0.78775,0.84392,966,3864,DR_primary,5053,5090
11,8,C2,23,5053,0.4994,23,0.7874,0.8437,966,3864,DR_primary,5053,5090
11,8,C3,23,5053,0.4994,23,0.78742,0.84365,966,3864,DR_primary,5053,5090
11,8,C0,24,4625,0.4571,23,0.78616,0.84279,966,3864,DR_primary,4625,5095
11,8,C1,24,5056,0.4997,23,0.7861,0.84258,966,3864,DR_primary,5056,5095
11,8,C2,24,5056,0.4997,23,0.78591,0.84261,966,3864,DR_primary,5056,5095
11,8,C3,24,5056,0.4997,23,0.78612,0.84273,966,3864,DR_primary,5056,5095
11,8,C0,25,4577,0.4523,23,0.78625,0.84288,966,3864,DR_primary,4577,4995
11,8,C1,25,4976,0.4917,23,0.78638,0.8431,966,3864,DR_primary,4976,4995
11,8,C2,25,4976,0.4917,23,0.78632,0.84303,966,3864,DR_primary,4976,4995
11,8,C3,25,4976,0.4917,23,0.78623,0.84295,966,3864,DR_primary,4976,4995
11,8,C0,26,4623,0.4569,23,0.78646,0.84262,966,3864,DR_primary,4623,5025
11,8,C1,26,5005,0.4946,23,0.78646,0.84271,966,3864,DR_primary,5005,5025
11,8,C2,26,5005,0.4946,23,0.7865,0.84273,966,3864,DR_primary,5005,5025
11,8,C3,26,5005,0.4946,23,0.78653,0.84279,966,3864,DR_primary,5005,5025
11,8,C0,27,4610,0.4556,23,0.78721,0.84309,966,3864,DR_primary,4610,5060
11,8,C1,27,5028,0.4969,23,0.78711,0.84296,966,3864,DR_primary,5028,5060
11,8,C2,27,5028,0.4969,23,0.78706,0.84311,966,3864,DR_primary,5028,5060
11,8,C3,27,5028,0.4969,23,0.78701,0.84302,966,3864,DR_primary,5028,5060
11,8,C0,28,4644,0.4589,23,0.78635,0.8429,966,3864,DR_primary,4644,5090
11,8,C1,28,5056,0.4997,23,0.78638,0.84279,966,3864,DR_primary,5056,5090
11,8,C2,28,5056,0.4997,23,0.78638,0.84281,966,3864,DR_primary,5056,5090
11,8,C3,28,5056,0.4997,23,0.78641,0.84289,966,3864,DR_primary,5056,5090
11,8,C0,29,4500,0.4447,23,0.78687,0.84304,966,3864,DR_primary,4500,4946
11,8,C1,29,4915,0.4857,23,0.78679,0.84305,966,3864,DR_primary,4915,4946
11,8,C2,29,4915,0.4857,23,0.78647,0.84304,966,3864,DR_primary,4915,4946
11,8,C3,29,4915,0.4857,23,0.78668,0.84316,966,3864,DR_primary,4915,4946
11,8,C0,30,4599,0.4545,23,0.78644,0.8431,966,3864,DR_primary,4599,5073
11,8,C1,30,5049,0.499,23,0.7866,0.84293,966,3864,DR_primary,5049,5073
11,8,C2,30,5049,0.499,23,0.78668,0.84317,966,3864,DR_primary,5049,5073
11,8,C3,30,5049,0.499,23,0.78665,0.84305,966,3864,DR_primary,5049,5073
11,9,C0,1,4593,0.4539,23,0.78695,0.84371,966,3864,DR_primary,4593,5058
11,9,C1,1,5032,0.4973,23,0.78693,0.84373,966,3864,DR_primary,5032,5058
11,9,C2,1,5032,0.4973,23,0.78723,0.84394,966,3864,DR_primary,5032,5058
11,9,C3,1,5032,0.4973,23,0.7872,0.84395,966,3864,DR_primary,5032,5058
11,9,C0,2,4496,0.4443,23,0.78674,0.8431,966,3864,DR_primary,4496,4982
11,9,C1,2,4946,0.4888,23,0.78626,0.84282,966,3864,DR_primary,4946,4982
11,9,C2,2,4946,0.4888,23,0.78629,0.84286,966,3864,DR_primary,4946,4982
11,9,C3,2,4946,0.4888,23,0.78642,0.84298,966,3864,DR_primary,4946,4982
11,9,C0,3,4616,0.4562,23,0.78586,0.84247,966,3864,DR_primary,4616,5075
11,9,C1,3,5035,0.4976,23,0.78581,0.84232,966,3864,DR_primary,5035,5075
11,9,C2,3,5035,0.4976,23,0.78577,0.84237,966,3864,DR_primary,5035,5075
11,9,C3,3,5035,0.4976,23,0.78581,0.8424,966,3864,DR_primary,5035,5075
11,9,C0,4,4575,0.4521,23,0.78749,0.8431,966,3864,DR_primary,4575,5021
11,9,C1,4,5004,0.4945,23,0.78724,0.84295,966,3864,DR_primary,5004,5021
11,9,C2,4,5004,0.4945,23,0.78715,0.84298,966,3864,DR_primary,5004,5021
11,9,C3,4,5004,0.4945,23,0.78715,0.84297,966,3864,DR_primary,5004,5021
11,9,C0,5,4675,0.462,23,0.78717,0.84356,966,3864,DR_primary,4675,5117
11,9,C1,5,5082,0.5022,23,0.78717,0.84356,966,3864,DR_primary,5082,5117
11,9,C2,5,5082,0.5022,23,0.78702,0.84347,966,3864,DR_primary,5082,5117
11,9,C3,5,5082,0.5022,23,0.78693,0.84344,966,3864,DR_primary,5082,5117
11,9,C0,6,4626,0.4572,23,0.78652,0.84297,966,3864,DR_primary,4626,5097
11,9,C1,6,5053,0.4994,23,0.78659,0.84302,966,3864,DR_primary,5053,5097
11,9,C2,6,5053,0.4994,23,0.78641,0.84296,966,3864,DR_primary,5053,5097
11,9,C3,6,5053,0.4994,23,0.78633,0.8429,966,3864,DR_primary,5053,5097
11,9,C0,7,4588,0.4534,23,0.78705,0.8427,966,3864,DR_primary,4588,5028
11,9,C1,7,5006,0.4947,23,0.78691,0.84282,966,3864,DR_primary,5006,5028
11,9,C2,7,5006,0.4947,23,0.78705,0.8429,966,3864,DR_primary,5006,5028
11,9,C3,7,5006,0.4947,23,0.78708,0.84296,966,3864,DR_primary,5006,5028
11,9,C0,8,4609,0.4555,23,0.78633,0.84286,966,3864,DR_primary,4609,5057
11,9,C1,8,5026,0.4967,23,0.78628,0.84305,966,3864,DR_primary,5026,5057
11,9,C2,8,5026,0.4967,23,0.78606,0.84287,966,3864,DR_primary,5026,5057
11,9,C3,8,5026,0.4967,23,0.78601,0.84288,966,3864,DR_primary,5026,5057
11,9,C0,9,4625,0.4571,23,0.78746,0.84315,966,3864,DR_primary,4625,5053
11,9,C1,9,5020,0.4961,23,0.78735,0.84302,966,3864,DR_primary,5020,5053
11,9,C2,9,5020,0.4961,23,0.78729,0.84314,966,3864,DR_primary,5020,5053
11,9,C3,9,5020,0.4961,23,0.7873,0.84314,966,3864,DR_primary,5020,5053
11,9,C0,10,4583,0.4529,23,0.78728,0.84322,966,3864,DR_primary,4583,5013
11,9,C1,10,4978,0.4919,23,0.78716,0.84331,966,3864,DR_primary,4978,5013
11,9,C2,10,4978,0.4919,23,0.78695,0.84318,966,3864,DR_primary,4978,5013
11,9,C3,10,4978,0.4919,23,0.78702,0.84324,966,3864,DR_primary,4978,5013
11,9,C0,11,4521,0.4468,23,0.78712,0.84329,966,3864,DR_primary,4521,4965
11,9,C1,11,4933,0.4875,23,0.7868,0.84308,966,3864,DR_primary,4933,4965
11,9,C2,11,4933,0.4875,23,0.78673,0.84304,966,3864,DR_primary,4933,4965
11,9,C3,11,4933,0.4875,23,0.78669,0.84294,966,3864,DR_primary,4933,4965
11,9,C0,12,4584,0.453,23,0.78725,0.84304,966,3864,DR_primary,4584,5042
11,9,C1,12,5024,0.4965,23,0.7871,0.84296,966,3864,DR_primary,5024,5042
11,9,C2,12,5024,0.4965,23,0.78688,0.84296,966,3864,DR_primary,5024,5042
11,9,C3,12,5024,0.4965,23,0.78686,0.84289,966,3864,DR_primary,5024,5042
11,9,C0,13,4674,0.4619,23,0.78724,0.84293,966,3864,DR_primary,4674,5151
11,9,C1,13,5118,0.5058,23,0.78719,0.84286,966,3864,DR_primary,5118,5151
11,9,C2,13,5118,0.5058,23,0.78733,0.84311,966,3864,DR_primary,5118,5151
11,9,C3,13,5118,0.5058,23,0.78723,0.84302,966,3864,DR_primary,5118,5151
11,9,C0,14,4613,0.4559,23,0.78788,0.84378,966,3864,DR_primary,4613,5046
11,9,C1,14,5010,0.4951,23,0.78772,0.84363,966,3864,DR_primary,5010,5046
11,9,C2,14,5010,0.4951,23,0.78774,0.84378,966,3864,DR_primary,5010,5046
11,9,C3,14,5010,0.4951,23,0.78777,0.84376,966,3864,DR_primary,5010,5046
11,9,C0,15,4543,0.449,23,0.78744,0.84371,966,3864,DR_primary,4543,4985
11,9,C1,15,4956,0.4898,23,0.78733,0.84361,966,3864,DR_primary,4956,4985
11,9,C2,15,4956,0.4898,23,0.78708,0.84344,966,3864,DR_primary,4956,4985
11,9,C3,15,4956,0.4898,23,0.78702,0.84338,966,3864,DR_primary,4956,4985
11,9,C0,16,4577,0.4523,23,0.78684,0.84341,966,3864,DR_primary,4577,5020
11,9,C1,16,4994,0.4935,23,0.78682,0.8433,966,3864,DR_primary,4994,5020
11,9,C2,16,4994,0.4935,23,0.78674,0.84331,966,3864,DR_primary,4994,5020
11,9,C3,16,4994,0.4935,23,0.78671,0.84329,966,3864,DR_primary,4994,5020
11,9,C0,17,4643,0.4588,23,0.78738,0.84368,966,3864,DR_primary,4643,5119
11,9,C1,17,5095,0.5035,23,0.78732,0.84372,966,3864,DR_primary,5095,5119
11,9,C2,17,5095,0.5035,23,0.78763,0.84399,966,3864,DR_primary,5095,5119
11,9,C3,17,5095,0.5035,23,0.78752,0.84399,966,3864,DR_primary,5095,5119
11,9,C0,18,4637,0.4582,23,0.78723,0.84352,966,3864,DR_primary,4637,5079
11,9,C1,18,5050,0.4991,23,0.78769,0.84383,966,3864,DR_primary,5050,5079
11,9,C2,18,5050,0.4991,23,0.78736,0.84375,966,3864,DR_primary,5050,5079
11,9,C3,18,5050,0.4991,23,0.7874,0.84377,966,3864,DR_primary,5050,5079
11,9,C0,19,4642,0.4587,23,0.78689,0.84319,966,3864,DR_primary,4642,5080
11,9,C1,19,5058,0.4999,23,0.78684,0.84323,966,3864,DR_primary,5058,5080
11,9,C2,19,5058,0.4999,23,0.78682,0.84329,966,3864,DR_primary,5058,5080
11,9,C3,19,5058,0.4999,23,0.78675,0.84316,966,3864,DR_primary,5058,5080
11,9,C0,20,4620,0.4566,23,0.78658,0.84295,966,3864,DR_primary,4620,5036
11,9,C1,20,5013,0.4954,23,0.78662,0.84302,966,3864,DR_primary,5013,5036
11,9,C2,20,5013,0.4954,23,0.78671,0.84317,966,3864,DR_primary,5013,5036
11,9,C3,20,5013,0.4954,23,0.78661,0.84311,966,3864,DR_primary,5013,5036
11,9,C0,21,4593,0.4539,23,0.78791,0.84458,966,3864,DR_primary,4593,5064
11,9,C1,21,5035,0.4976,23,0.78772,0.84414,966,3864,DR_primary,5035,5064
11,9,C2,21,5035,0.4976,23,0.78759,0.8441,966,3864,DR_primary,5035,5064
11,9,C3,21,5035,0.4976,23,0.78757,0.84408,966,3864,DR_primary,5035,5064
11,9,C0,22,4607,0.4553,23,0.78693,0.84307,966,3864,DR_primary,4607,5033
11,9,C1,22,4996,0.4937,23,0.7872,0.84345,966,3864,DR_primary,4996,5033
11,9,C2,22,4996,0.4937,23,0.78696,0.8433,966,3864,DR_primary,4996,5033
11,9,C3,22,4996,0.4937,23,0.78701,0.84336,966,3864,DR_primary,4996,5033
11,9,C0,23,4656,0.4601,23,0.78702,0.84362,966,3864,DR_primary,4656,5096
11,9,C1,23,5053,0.4994,23,0.78703,0.84347,966,3864,DR_primary,5053,5096
11,9,C2,23,5053,0.4994,23,0.78705,0.84363,966,3864,DR_primary,5053,5096
11,9,C3,23,5053,0.4994,23,0.78702,0.84357,966,3864,DR_primary,5053,5096
11,9,C0,24,4629,0.4575,23,0.78675,0.84316,966,3864,DR_primary,4629,5056
11,9,C1,24,5028,0.4969,23,0.78678,0.84313,966,3864,DR_primary,5028,5056
11,9,C2,24,5028,0.4969,23,0.78672,0.84319,966,3864,DR_primary,5028,5056
11,9,C3,24,5028,0.4969,23,0.78665,0.84316,966,3864,DR_primary,5028,5056
11,9,C0,25,4623,0.4569,23,0.78695,0.84322,966,3864,DR_primary,4623,5024
11,9,C1,25,5001,0.4942,23,0.78705,0.84344,966,3864,DR_primary,5001,5024
11,9,C2,25,5001,0.4942,23,0.78696,0.8435,966,3864,DR_primary,5001,5024
11,9,C3,25,5001,0.4942,23,0.78657,0.84308,966,3864,DR_primary,5001,5024
11,9,C0,26,4503,0.445,23,0.78655,0.84279,966,3864,DR_primary,4503,4951
11,9,C1,26,4921,0.4863,23,0.78654,0.84277,966,3864,DR_primary,4921,4951
11,9,C2,26,4921,0.4863,23,0.78644,0.84284,966,3864,DR_primary,4921,4951
11,9,C3,26,4921,0.4863,23,0.78643,0.84282,966,3864,DR_primary,4921,4951
11,9,C0,27,4616,0.4562,23,0.7862,0.84251,966,3864,DR_primary,4616,5053
11,9,C1,27,5027,0.4968,23,0.78623,0.84255,966,3864,DR_primary,5027,5053
11,9,C2,27,5027,0.4968,23,0.78604,0.84259,966,3864,DR_primary,5027,5053
11,9,C3,27,5027,0.4968,23,0.78611,0.8426,966,3864,DR_primary,5027,5053
11,9,C0,28,4556,0.4502,23,0.78681,0.84318,966,3864,DR_primary,4556,5014
11,9,C1,28,4979,0.492,23,0.78698,0.84325,966,3864,DR_primary,4979,5014
11,9,C2,28,4979,0.492,23,0.78674,0.84327,966,3864,DR_primary,4979,5014
11,9,C3,28,4979,0.492,23,0.78669,0.84329,966,3864,DR_primary,4979,5014
11,9,C0,29,4639,0.4584,23,0.78739,0.84355,966,3864,DR_primary,4639,5055
11,9,C1,29,5024,0.4965,23,0.78733,0.84341,966,3864,DR_primary,5024,5055
11,9,C2,29,5024,0.4965,23,0.78738,0.84362,966,3864,DR_primary,5024,5055
11,9,C3,29,5024,0.4965,23,0.7873,0.84363,966,3864,DR_primary,5024,5055
11,9,C0,30,4585,0.4531,23,0.78632,0.84256,966,3864,DR_primary,4585,5014
11,9,C1,30,5002,0.4943,23,0.78639,0.8426,966,3864,DR_primary,5002,5014
11,9,C2,30,5002,0.4943,23,0.7863,0.84261,966,3864,DR_primary,5002,5014
11,9,C3,30,5002,0.4943,23,0.78632,0.84264,966,3864,DR_primary,5002,5014
19,0,C0,1,4475,0.4422,23,0.78715,0.84322,966,3864,DR_primary,4475,4940
19,0,C1,1,4907,0.4849,23,0.78701,0.84293,966,3864,DR_primary,4907,4940
19,0,C2,1,4907,0.4849,23,0.78723,0.84296,966,3864,DR_primary,4907,4940
19,0,C3,1,4907,0.4849,23,0.78721,0.84287,966,3864,DR_primary,4907,4940
19,0,C0,2,4597,0.4543,23,0.78636,0.84265,966,3864,DR_primary,4597,5042
19,0,C1,2,5017,0.4958,23,0.78674,0.84291,966,3864,DR_primary,5017,5042
19,0,C2,2,5017,0.4958,23,0.78651,0.84277,966,3864,DR_primary,5017,5042
19,0,C3,2,5017,0.4958,23,0.78667,0.84288,966,3864,DR_primary,5017,5042
19,0,C0,3,4669,0.4614,23,0.78794,0.84396,966,3864,DR_primary,4669,5100
19,0,C1,3,5083,0.5023,23,0.78782,0.8438,966,3864,DR_primary,5083,5100
19,0,C2,3,5083,0.5023,23,0.78755,0.84373,966,3864,DR_primary,5083,5100
19,0,C3,3,5083,0.5023,23,0.78757,0.84369,966,3864,DR_primary,5083,5100
19,0,C0,4,4625,0.4571,23,0.78782,0.84389,966,3864,DR_primary,4625,5062
19,0,C1,4,5030,0.4971,23,0.78756,0.8436,966,3864,DR_primary,5030,5062
19,0,C2,4,5030,0.4971,23,0.7876,0.84368,966,3864,DR_primary,5030,5062
19,0,C3,4,5030,0.4971,23,0.78761,0.84365,966,3864,DR_primary,5030,5062
19,0,C0,5,4580,0.4526,23,0.78688,0.84343,966,3864,DR_primary,4580,5023
19,0,C1,5,4979,0.492,23,0.78707,0.84353,966,3864,DR_primary,4979,5023
19,0,C2,5,4979,0.492,23,0.78693,0.84362,966,3864,DR_primary,4979,5023
19,0,C3,5,4979,0.492,23,0.78708,0.8437,966,3864,DR_primary,4979,5023
19,0,C0,6,4601,0.4547,23,0.78592,0.8419,966,3864,DR_primary,4601,5041
19,0,C1,6,5007,0.4948,23,0.78595,0.84198,966,3864,DR_primary,5007,5041
19,0,C2,6,5007,0.4948,23,0.78574,0.84202,966,3864,DR_primary,5007,5041
19,0,C3,6,5007,0.4948,23,0.78573,0.84198,966,3864,DR_primary,5007,5041
19,0,C0,7,4698,0.4643,23,0.78663,0.84294,966,3864,DR_primary,4698,5136
19,0,C1,7,5109,0.5049,23,0.78655,0.84269,966,3864,DR_primary,5109,5136
19,0,C2,7,5109,0.5049,23,0.78646,0.84288,966,3864,DR_primary,5109,5136
19,0,C3,7,5109,0.5049,23,0.78647,0.84289,966,3864,DR_primary,5109,5136
19,0,C0,8,4573,0.4519,23,0.78692,0.84312,966,3864,DR_primary,4573,5045
19,0,C1,8,5003,0.4944,23,0.78672,0.84289,966,3864,DR_primary,5003,5045
19,0,C2,8,5003,0.4944,23,0.7866,0.84306,966,3864,DR_primary,5003,5045
19,0,C3,8,5003,0.4944,23,0.78657,0.84299,966,3864,DR_primary,5003,5045
19,0,C0,9,4530,0.4477,23,0.78632,0.84245,966,3864,DR_primary,4530,4959
19,0,C1,9,4930,0.4872,23,0.78642,0.84258,966,3864,DR_primary,4930,4959
19,0,C2,9,4930,0.4872,23,0.78661,0.84288,966,3864,DR_primary,4930,4959
19,0,C3,9,4930,0.4872,23,0.78658,0.84281,966,3864,DR_primary,4930,4959
19,0,C0,10,4577,0.4523,23,0.78739,0.8432,966,3864,DR_primary,4577,5021
19,0,C1,10,4992,0.4933,23,0.78712,0.8431,966,3864,DR_primary,4992,5021
19,0,C2,10,4992,0.4933,23,0.78704,0.84315,966,3864,DR_primary,4992,5021
19,0,C3,10,4992,0.4933,23,0.78704,0.84312,966,3864,DR_primary,4992,5021
19,0,C0,11,4595,0.4541,23,0.78679,0.84303,966,3864,DR_primary,4595,5066
19,0,C1,11,5033,0.4974,23,0.78642,0.84276,966,3864,DR_primary,5033,5066
19,0,C2,11,5033,0.4974,23,0.78665,0.84299,966,3864,DR_primary,5033,5066
19,0,C3,11,5033,0.4974,23,0.78663,0.84295,966,3864,DR_primary,5033,5066
19,0,C0,12,4537,0.4484,23,0.78687,0.8432,966,3864,DR_primary,4537,5021
19,0,C1,12,4990,0.4931,23,0.7869,0.84326,966,3864,DR_primary,4990,5021
19,0,C2,12,4990,0.4931,23,0.78679,0.84334,966,3864,DR_primary,4990,5021
19,0,C3,12,4990,0.4931,23,0.78684,0.84329,966,3864,DR_primary,4990,5021
19,0,C0,13,4547,0.4494,23,0.78684,0.84316,966,3864,DR_primary,4547,5017
19,0,C1,13,4994,0.4935,23,0.78704,0.84316,966,3864,DR_primary,4994,5017
19,0,C2,13,4994,0.4935,23,0.78689,0.84317,966,3864,DR_primary,4994,5017
19,0,C3,13,4994,0.4935,23,0.78701,0.84332,966,3864,DR_primary,4994,5017
19,0,C0,14,4544,0.4491,23,0.7867,0.84288,966,3864,DR_primary,4544,5011
19,0,C1,14,4979,0.492,23,0.78661,0.84283,966,3864,DR_primary,4979,5011
19,0,C2,14,4979,0.492,23,0.78666,0.84302,966,3864,DR_primary,4979,5011
19,0,C3,14,4979,0.492,23,0.78659,0.84297,966,3864,DR_primary,4979,5011
19,0,C0,15,4589,0.4535,23,0.78783,0.84393,966,3864,DR_primary,4589,5060
19,0,C1,15,5034,0.4975,23,0.7875,0.8436,966,3864,DR_primary,5034,5060
19,0,C2,15,5034,0.4975,23,0.7875,0.84367,966,3864,DR_primary,5034,5060
19,0,C3,15,5034,0.4975,23,0.78748,0.84367,966,3864,DR_primary,5034,5060
19,0,C0,16,4621,0.4567,23,0.78608,0.84281,966,3864,DR_primary,4621,5097
19,0,C1,16,5061,0.5001,23,0.78614,0.84275,966,3864,DR_primary,5061,5097
19,0,C2,16,5061,0.5001,23,0.78601,0.84272,966,3864,DR_primary,5061,5097
19,0,C3,16,5061,0.5001,23,0.78596,0.8427,966,3864,DR_primary,5061,5097
19,0,C0,17,4607,0.4553,23,0.78661,0.84301,966,3864,DR_primary,4607,5084
19,0,C1,17,5066,0.5006,23,0.78662,0.84302,966,3864,DR_primary,5066,5084
19,0,C2,17,5066,0.5006,23,0.78647,0.84297,966,3864,DR_primary,5066,5084
19,0,C3,17,5066,0.5006,23,0.78658,0.84306,966,3864,DR_primary,5066,5084
19,0,C0,18,4521,0.4468,23,0.78681,0.84342,966,3864,DR_primary,4521,5011
19,0,C1,18,4977,0.4918,23,0.78665,0.84339,966,3864,DR_primary,4977,5011
19,0,C2,18,4977,0.4918,23,0.78665,0.84342,966,3864,DR_primary,4977,5011
19,0,C3,18,4977,0.4918,23,0.78669,0.84343,966,3864,DR_primary,4977,5011
19,0,C0,19,4606,0.4552,23,0.78716,0.84307,966,3864,DR_primary,4606,5082
19,0,C1,19,5050,0.4991,23,0.7872,0.843,966,3864,DR_primary,5050,5082
19,0,C2,19,5050,0.4991,23,0.7871,0.84302,966,3864,DR_primary,5050,5082
19,0,C3,19,5050,0.4991,23,0.78723,0.84306,966,3864,DR_primary,5050,5082
19,0,C0,20,4549,0.4496,23,0.78716,0.84373,966,3864,DR_primary,4549,5001
19,0,C1,20,4972,0.4914,23,0.78712,0.84371,966,3864,DR_primary,4972,5001
19,0,C2,20,4972,0.4914,23,0.78726,0.84383,966,3864,DR_primary,4972,5001
19,0,C3,20,4972,0.4914,23,0.78738,0.84389,966,3864,DR_primary,4972,5001
19,0,C0,21,4559,0.4505,23,0.78737,0.84351,966,3864,DR_primary,4559,5008
19,0,C1,21,4977,0.4918,23,0.78767,0.84386,966,3864,DR_primary,4977,5008
19,0,C2,21,4977,0.4918,23,0.78748,0.84378,966,3864,DR_primary,4977,5008
19,0,C3,21,4977,0.4918,23,0.78757,0.84378,966,3864,DR_primary,4977,5008
19,0,C0,22,4570,0.4516,23,0.78597,0.84256,966,3864,DR_primary,4570,5031
19,0,C1,22,4998,0.4939,23,0.78618,0.84274,966,3864,DR_primary,4998,5031
19,0,C2,22,4998,0.4939,23,0.78606,0.84287,966,3864,DR_primary,4998,5031
19,0,C3,22,4998,0.4939,23,0.78597,0.84272,966,3864,DR_primary,4998,5031
19,0,C0,23,4544,0.4491,23,0.78721,0.84341,966,3864,DR_primary,4544,5018
19,0,C1,23,4988,0.4929,23,0.78727,0.84359,966,3864,DR_primary,4988,5018
19,0,C2,23,4988,0.4929,23,0.7872,0.84356,966,3864,DR_primary,4988,5018
19,0,C3,23,4988,0.4929,23,0.78718,0.84353,966,3864,DR_primary,4988,5018
19,0,C0,24,4632,0.4578,23,0.78738,0.84312,966,3864,DR_primary,4632,5075
19,0,C1,24,5051,0.4992,23,0.78717,0.8431,966,3864,DR_primary,5051,5075
19,0,C2,24,5051,0.4992,23,0.78723,0.84325,966,3864,DR_primary,5051,5075
19,0,C3,24,5051,0.4992,23,0.78719,0.84317,966,3864,DR_primary,5051,5075
19,0,C0,25,4601,0.4547,23,0.78705,0.84347,966,3864,DR_primary,4601,5088
19,0,C1,25,5052,0.4993,23,0.78704,0.84359,966,3864,DR_primary,5052,5088
19,0,C2,25,5052,0.4993,23,0.78709,0.84366,966,3864,DR_primary,5052,5088
19,0,C3,25,5052,0.4993,23,0.78699,0.84366,966,3864,DR_primary,5052,5088
19,0,C0,26,4503,0.445,23,0.78602,0.84293,966,3864,DR_primary,4503,4963
19,0,C1,26,4922,0.4864,23,0.78601,0.84289,966,3864,DR_primary,4922,4963
19,0,C2,26,4922,0.4864,23,0.78595,0.84303,966,3864,DR_primary,4922,4963
19,0,C3,26,4922,0.4864,23,0.78592,0.843,966,3864,DR_primary,4922,4963
19,0,C0,27,4639,0.4584,23,0.7867,0.84283,966,3864,DR_primary,4639,5126
19,0,C1,27,5099,0.5039,23,0.78701,0.84307,966,3864,DR_primary,5099,5126
19,0,C2,27,5099,0.5039,23,0.78697,0.84328,966,3864,DR_primary,5099,5126
19,0,C3,27,5099,0.5039,23,0.78693,0.84328,966,3864,DR_primary,5099,5126
19,0,C0,28,4526,0.4473,23,0.78645,0.84304,966,3864,DR_primary,4526,5018
19,0,C1,28,4977,0.4918,23,0.78659,0.84305,966,3864,DR_primary,4977,5018
19,0,C2,28,4977,0.4918,23,0.7864,0.84306,966,3864,DR_primary,4977,5018
19,0,C3,28,4977,0.4918,23,0.7864,0.84305,966,3864,DR_primary,4977,5018
19,0,C0,29,4517,0.4464,23,0.78715,0.84322,966,3864,DR_primary,4517,4968
19,0,C1,29,4929,0.4871,23,0.78724,0.8433,966,3864,DR_primary,4929,4968
19,0,C2,29,4929,0.4871,23,0.78732,0.84346,966,3864,DR_primary,4929,4968
19,0,C3,29,4929,0.4871,23,0.78742,0.84354,966,3864,DR_primary,4929,4968
19,0,C0,30,4651,0.4596,23,0.78708,0.84289,966,3864,DR_primary,4651,5106
19,0,C1,30,5078,0.5018,23,0.78701,0.84277,966,3864,DR_primary,5078,5106
19,0,C2,30,5078,0.5018,23,0.78684,0.8429,966,3864,DR_primary,5078,5106
19,0,C3,30,5078,0.5018,23,0.78687,0.84299,966,3864,DR_primary,5078,5106
19,1,C0,1,4543,0.449,23,0.78693,0.84262,966,3864,DR_primary,4543,4974
19,1,C1,1,4939,0.4881,23,0.78701,0.84277,966,3864,DR_primary,4939,4974
19,1,C2,1,4939,0.4881,23,0.78725,0.84267,966,3864,DR_primary,4939,4974
19,1,C3,1,4939,0.4881,23,0.78719,0.84267,966,3864,DR_primary,4939,4974
19,1,C0,2,4577,0.4523,23,0.78682,0.8431,966,3864,DR_primary,4577,5034
19,1,C1,2,5003,0.4944,23,0.78659,0.84287,966,3864,DR_primary,5003,5034
19,1,C2,2,5003,0.4944,23,0.78655,0.84299,966,3864,DR_primary,5003,5034
19,1,C3,2,5003,0.4944,23,0.78645,0.84293,966,3864,DR_primary,5003,5034
19,1,C0,3,4606,0.4552,23,0.78753,0.84318,966,3864,DR_primary,4606,5023
19,1,C1,3,4998,0.4939,23,0.7872,0.84291,966,3864,DR_primary,4998,5023
19,1,C2,3,4998,0.4939,23,0.78727,0.84291,966,3864,DR_primary,4998,5023
19,1,C3,3,4998,0.4939,23,0.78734,0.84297,966,3864,DR_primary,4998,5023
19,1,C0,4,4648,0.4593,23,0.78796,0.84383,966,3864,DR_primary,4648,5087
19,1,C1,4,5048,0.4989,23,0.78769,0.84363,966,3864,DR_primary,5048,5087
19,1,C2,4,5048,0.4989,23,0.78763,0.84365,966,3864,DR_primary,5048,5087
19,1,C3,4,5048,0.4989,23,0.78758,0.8436,966,3864,DR_primary,5048,5087
19,1,C0,5,4644,0.4589,23,0.7873,0.84297,966,3864,DR_primary,4644,5077
19,1,C1,5,5052,0.4993,23,0.78721,0.84305,966,3864,DR_primary,5052,5077
19,1,C2,5,5052,0.4993,23,0.78748,0.84332,966,3864,DR_primary,5052,5077
19,1,C3,5,5052,0.4993,23,0.78747,0.84335,966,3864,DR_primary,5052,5077
19,1,C0,6,4558,0.4504,23,0.78695,0.84287,966,3864,DR_primary,4558,5009
19,1,C1,6,4991,0.4932,23,0.78706,0.84318,966,3864,DR_primary,4991,5009
19,1,C2,6,4991,0.4932,23,0.78701,0.84319,966,3864,DR_primary,4991,5009
19,1,C3,6,4991,0.4932,23,0.78701,0.84316,966,3864,DR_primary,4991,5009
19,1,C0,7,4542,0.4489,23,0.78712,0.84339,966,3864,DR_primary,4542,5017
19,1,C1,7,4980,0.4921,23,0.78706,0.84329,966,3864,DR_primary,4980,5017
19,1,C2,7,4980,0.4921,23,0.78711,0.84341,966,3864,DR_primary,4980,5017
19,1,C3,7,4980,0.4921,23,0.7871,0.84342,966,3864,DR_primary,4980,5017
19,1,C0,8,4561,0.4507,23,0.787,0.84305,966,3864,DR_primary,4561,5030
19,1,C1,8,5004,0.4945,23,0.78711,0.84313,966,3864,DR_primary,5004,5030
19,1,C2,8,5004,0.4945,23,0.78693,0.84318,966,3864,DR_primary,5004,5030
19,1,C3,8,5004,0.4945,23,0.78699,0.84318,966,3864,DR_primary,5004,5030
19,1,C0,9,4585,0.4531,23,0.78651,0.84293,966,3864,DR_primary,4585,5039
19,1,C1,9,5016,0.4957,23,0.78644,0.84288,966,3864,DR_primary,5016,5039
19,1,C2,9,5016,0.4957,23,0.78644,0.84295,966,3864,DR_primary,5016,5039
19,1,C3,9,5016,0.4957,23,0.78647,0.84294,966,3864,DR_primary,5016,5039
19,1,C0,10,4596,0.4542,23,0.78687,0.84331,966,3864,DR_primary,4596,5078
19,1,C1,10,5052,0.4993,23,0.78686,0.84316,966,3864,DR_primary,5052,5078
19,1,C2,10,5052,0.4993,23,0.78675,0.84319,966,3864,DR_primary,5052,5078
19,1,C3,10,5052,0.4993,23,0.78668,0.84311,966,3864,DR_primary,5052,5078
19,1,C0,11,4530,0.4477,23,0.78725,0.84336,966,3864,DR_primary,4530,5011
19,1,C1,11,4969,0.4911,23,0.78698,0.84327,966,3864,DR_primary,4969,5011
19,1,C2,11,4969,0.4911,23,0.78699,0.84346,966,3864,DR_primary,4969,5011
19,1,C3,11,4969,0.4911,23,0.78693,0.84339,966,3864,DR_primary,4969,5011
19,1,C0,12,4500,0.4447,23,0.78722,0.8436,966,3864,DR_primary,4500,4970
19,1,C1,12,4935,0.4877,23,0.78711,0.84353,966,3864,DR_primary,4935,4970
19,1,C2,12,4935,0.4877,23,0.78681,0.84339,966,3864,DR_primary,4935,4970
19,1,C3,12,4935,0.4877,23,0.78698,0.84348,966,3864,DR_primary,4935,4970
19,1,C0,13,4677,0.4622,23,0.7869,0.84328,966,3864,DR_primary,4677,5118
19,1,C1,13,5096,0.5036,23,0.78701,0.84331,966,3864,DR_primary,5096,5118
19,1,C2,13,5096,0.5036,23,0.78672,0.84317,966,3864,DR_primary,5096,5118
19,1,C3,13,5096,0.5036,23,0.78678,0.84322,966,3864,DR_primary,5096,5118
19,1,C0,14,4558,0.4504,23,0.78653,0.84258,966,3864,DR_primary,4558,5024
19,1,C1,14,5003,0.4944,23,0.78703,0.84294,966,3864,DR_primary,5003,5024
19,1,C2,14,5003,0.4944,23,0.78681,0.843,966,3864,DR_primary,5003,5024
19,1,C3,14,5003,0.4944,23,0.78693,0.84305,966,3864,DR_primary,5003,5024
19,1,C0,15,4527,0.4474,23,0.7871,0.8434,966,3864,DR_primary,4527,4998
19,1,C1,15,4963,0.4905,23,0.78691,0.84344,966,3864,DR_primary,4963,4998
19,1,C2,15,4963,0.4905,23,0.78713,0.84351,966,3864,DR_primary,4963,4998
19,1,C3,15,4963,0.4905,23,0.78715,0.84352,966,3864,DR_primary,4963,4998
19,1,C0,16,4584,0.453,23,0.78705,0.84389,966,3864,DR_primary,4584,5023
19,1,C1,16,5000,0.4941,23,0.78721,0.84396,966,3864,DR_primary,5000,5023
19,1,C2,16,5000,0.4941,23,0.7871,0.84405,966,3864,DR_primary,5000,5023
19,1,C3,16,5000,0.4941,23,0.78715,0.84408,966,3864,DR_primary,5000,5023
19,1,C0,17,4494,0.4441,23,0.78664,0.84255,966,3864,DR_primary,4494,4929
19,1,C1,17,4886,0.4829,23,0.78666,0.8426,966,3864,DR_primary,4886,4929
19,1,C2,17,4886,0.4829,23,0.78669,0.84279,966,3864,DR_primary,4886,4929
19,1,C3,17,4886,0.4829,23,0.78668,0.84274,966,3864,DR_primary,4886,4929
19,1,C0,18,4610,0.4556,23,0.78794,0.84371,966,3864,DR_primary,4610,5062
19,1,C1,18,5031,0.4972,23,0.78771,0.84363,966,3864,DR_primary,5031,5062
19,1,C2,18,5031,0.4972,23,0.78762,0.84368,966,3864,DR_primary,5031,5062
19,1,C3,18,5031,0.4972,23,0.78764,0.84369,966,3864,DR_primary,5031,5062
19,1,C0,19,4599,0.4545,23,0.78673,0.84276,966,3864,DR_primary,4599,5062
19,1,C1,19,5042,0.4983,23,0.78691,0.84275,966,3864,DR_primary,5042,5062
19,1,C2,19,5042,0.4983,23,0.78636,0.84243,966,3864,DR_primary,5042,5062
19,1,C3,19,5042,0.4983,23,0.78637,0.84242,966,3864,DR_primary,5042,5062
19,1,C0,20,4631,0.4577,23,0.78658,0.84286,966,3864,DR_primary,4631,5097
19,1,C1,20,5071,0.5011,23,0.78666,0.84289,966,3864,DR_primary,5071,5097
19,1,C2,20,5071,0.5011,23,0.78659,0.84298,966,3864,DR_primary,5071,5097
19,1,C3,20,5071,0.5011,23,0.78652,0.84294,966,3864,DR_primary,5071,5097
19,1,C0,21,4548,0.4495,23,0.78677,0.84321,966,3864,DR_primary,4548,5021
19,1,C1,21,4999,0.494,23,0.78685,0.84325,966,3864,DR_primary,4999,5021
19,1,C2,21,4999,0.494,23,0.78685,0.84319,966,3864,DR_primary,4999,5021
19,1,C3,21,4999,0.494,23,0.78684,0.84326,966,3864,DR_primary,4999,5021
19,1,C0,22,4505,0.4452,23,0.78689,0.84332,966,3864,DR_primary,4505,4954
19,1,C1,22,4926,0.4868,23,0.78678,0.84315,966,3864,DR_primary,4926,4954
19,1,C2,22,4926,0.4868,23,0.78675,0.8432,966,3864,DR_primary,4926,4954
19,1,C3,22,4926,0.4868,23,0.78686,0.84323,966,3864,DR_primary,4926,4954
19,1,C0,23,4553,0.4499,23,0.78679,0.84337,966,3864,DR_primary,4553,5023
19,1,C1,23,4989,0.493,23,0.78708,0.84357,966,3864,DR_primary,4989,5023
19,1,C2,23,4989,0.493,23,0.78675,0.84329,966,3864,DR_primary,4989,5023
19,1,C3,23,4989,0.493,23,0.78676,0.84334,966,3864,DR_primary,4989,5023
19,1,C0,24,4623,0.4569,23,0.78722,0.84362,966,3864,DR_primary,4623,5072
19,1,C1,24,5053,0.4994,23,0.78767,0.84391,966,3864,DR_primary,5053,5072
19,1,C2,24,5053,0.4994,23,0.78717,0.84369,966,3864,DR_primary,5053,5072
19,1,C3,24,5053,0.4994,23,0.78718,0.84367,966,3864,DR_primary,5053,5072
19,1,C0,25,4673,0.4618,23,0.78731,0.84345,966,3864,DR_primary,4673,5139
19,1,C1,25,5109,0.5049,23,0.78704,0.84326,966,3864,DR_primary,5109,5139
19,1,C2,25,5109,0.5049,23,0.787,0.84323,966,3864,DR_primary,5109,5139
19,1,C3,25,5109,0.5049,23,0.7869,0.84317,966,3864,DR_primary,5109,5139
19,1,C0,26,4611,0.4557,23,0.78633,0.84239,966,3864,DR_primary,4611,5081
19,1,C1,26,5049,0.499,23,0.78609,0.84226,966,3864,DR_primary,5049,5081
19,1,C2,26,5049,0.499,23,0.78621,0.84224,966,3864,DR_primary,5049,5081
19,1,C3,26,5049,0.499,23,0.78625,0.84234,966,3864,DR_primary,5049,5081
19,1,C0,27,4639,0.4584,23,0.78631,0.84288,966,3864,DR_primary,4639,5076
19,1,C1,27,5056,0.4997,23,0.78593,0.84242,966,3864,DR_primary,5056,5076
19,1,C2,27,5056,0.4997,23,0.78609,0.84267,966,3864,DR_primary,5056,5076
19,1,C3,27,5056,0.4997,23,0.78613,0.8427,966,3864,DR_primary,5056,5076
19,1,C0,28,4539,0.4486,23,0.78641,0.84315,966,3864,DR_primary,4539,4971
19,1,C1,28,4953,0.4895,23,0.78669,0.84326,966,3864,DR_primary,4953,4971
19,1,C2,28,4953,0.4895,23,0.78649,0.84321,966,3864,DR_primary,4953,4971
19,1,C3,28,4953,0.4895,23,0.78648,0.84316,966,3864,DR_primary,4953,4971
19,1,C0,29,4586,0.4532,23,0.78708,0.84335,966,3864,DR_primary,4586,5053
19,1,C1,29,5018,0.4959,23,0.78723,0.84345,966,3864,DR_primary,5018,5053
19,1,C2,29,5018,0.4959,23,0.78714,0.84339,966,3864,DR_primary,5018,5053
19,1,C3,29,5018,0.4959,23,0.78712,0.84337,966,3864,DR_primary,5018,5053
19,1,C0,30,4671,0.4616,23,0.78637,0.84297,966,3864,DR_primary,4671,5108
19,1,C1,30,5074,0.5014,23,0.78652,0.84312,966,3864,DR_primary,5074,5108
19,1,C2,30,5074,0.5014,23,0.7861,0.84296,966,3864,DR_primary,5074,5108
19,1,C3,30,5074,0.5014,23,0.7863,0.84311,966,3864,DR_primary,5074,5108
19,2,C0,1,4615,0.4561,23,0.78785,0.84379,966,3864,DR_primary,4615,5093
19,2,C1,1,5066,0.5006,23,0.7876,0.8435,966,3864,DR_primary,5066,5093
19,2,C2,1,5066,0.5006,23,0.78764,0.84342,966,3864,DR_primary,5066,5093
19,2,C3,1,5066,0.5006,23,0.7876,0.84345,966,3864,DR_primary,5066,5093
19,2,C0,2,4573,0.4519,23,0.78704,0.8436,966,3864,DR_primary,4573,5033
19,2,C1,2,5005,0.4946,23,0.78691,0.84347,966,3864,DR_primary,5005,5033
19,2,C2,2,5005,0.4946,23,0.78693,0.84347,966,3864,DR_primary,5005,5033
19,2,C3,2,5005,0.4946,23,0.78693,0.84347,966,3864,DR_primary,5005,5033
19,2,C0,3,4535,0.4482,23,0.78722,0.84308,966,3864,DR_primary,4535,4996
19,2,C1,3,4969,0.4911,23,0.78685,0.8429,966,3864,DR_primary,4969,4996
19,2,C2,3,4969,0.4911,23,0.78686,0.84295,966,3864,DR_primary,4969,4996
19,2,C3,3,4969,0.4911,23,0.78697,0.84301,966,3864,DR_primary,4969,4996
19,2,C0,4,4560,0.4506,23,0.78709,0.84344,966,3864,DR_primary,4560,4998
19,2,C1,4,4960,0.4902,23,0.78687,0.84323,966,3864,DR_primary,4960,4998
19,2,C2,4,4960,0.4902,23,0.78688,0.84335,966,3864,DR_primary,4960,4998
19,2,C3,4,4960,0.4902,23,0.78697,0.84338,966,3864,DR_primary,4960,4998
19,2,C0,5,4602,0.4548,23,0.78673,0.84316,966,3864,DR_primary,4602,5084
19,2,C1,5,5063,0.5003,23,0.78663,0.8429,966,3864,DR_primary,5063,5084
19,2,C2,5,5063,0.5003,23,0.78654,0.84285,966,3864,DR_primary,5063,5084
19,2,C3,5,5063,0.5003,23,0.78656,0.84284,966,3864,DR_primary,5063,5084
19,2,C0,6,4601,0.4547,23,0.78656,0.8427,966,3864,DR_primary,4601,5025
19,2,C1,6,4999,0.494,23,0.78663,0.84286,966,3864,DR_primary,4999,5025
19,2,C2,6,4999,0.494,23,0.7866,0.8429,966,3864,DR_primary,4999,5025
19,2,C3,6,4999,0.494,23,0.78655,0.84292,966,3864,DR_primary,4999,5025
19,2,C0,7,4595,0.4541,23,0.78673,0.84323,966,3864,DR_primary,4595,5033
19,2,C1,7,4997,0.4938,23,0.78678,0.84316,966,3864,DR_primary,4997,5033
19,2,C2,7,4997,0.4938,23,0.78676,0.84324,966,3864,DR_primary,4997,5033
19,2,C3,7,4997,0.4938,23,0.78669,0.84322,966,3864,DR_primary,4997,5033
19,2,C0,8,4581,0.4527,23,0.78683,0.84284,966,3864,DR_primary,4581,5041
19,2,C1,8,5002,0.4943,23,0.78685,0.84285,966,3864,DR_primary,5002,5041
19,2,C2,8,5002,0.4943,23,0.78689,0.84282,966,3864,DR_primary,5002,5041
19,2,C3,8,5002,0.4943,23,0.7869,0.84291,966,3864,DR_primary,5002,5041
19,2,C0,9,4496,0.4443,23,0.78735,0.84383,966,3864,DR_primary,4496,4958
19,2,C1,9,4931,0.4873,23,0.78722,0.84367,966,3864,DR_primary,4931,4958
19,2,C2,9,4931,0.4873,23,0.78712,0.84373,966,3864,DR_primary,4931,4958
19,2,C3,9,4931,0.4873,23,0.78711,0.84376,966,3864,DR_primary,4931,4958
19,2,C0,10,4521,0.4468,23,0.78798,0.84412,966,3864,DR_primary,4521,4971
19,2,C1,10,4947,0.4889,23,0.78802,0.84412,966,3864,DR_primary,4947,4971
19,2,C2,10,4947,0.4889,23,0.78768,0.84398,966,3864,DR_primary,4947,4971
19,2,C3,10,4947,0.4889,23,0.7878,0.84406,966,3864,DR_primary,4947,4971
19,2,C0,11,4699,0.4644,23,0.78735,0.84309,966,3864,DR_primary,4699,5152
19,2,C1,11,5120,0.506,23,0.78715,0.84293,966,3864,DR_primary,5120,5152
19,2,C2,11,5120,0.506,23,0.78724,0.84319,966,3864,DR_primary,5120,5152
19,2,C3,11,5120,0.506,23,0.78729,0.84328,966,3864,DR_primary,5120,5152
19,2,C0,12,4566,0.4512,23,0.78598,0.84201,966,3864,DR_primary,4566,5033
19,2,C1,12,5014,0.4955,23,0.78613,0.84219,966,3864,DR_primary,5014,5033
19,2,C2,12,5014,0.4955,23,0.78601,0.8422,966,3864,DR_primary,5014,5033
19,2,C3,12,5014,0.4955,23,0.78592,0.84217,966,3864,DR_primary,5014,5033
19,2,C0,13,4592,0.4538,23,0.787,0.84317,966,3864,DR_primary,4592,5055
19,2,C1,13,5026,0.4967,23,0.78709,0.84308,966,3864,DR_primary,5026,5055
19,2,C2,13,5026,0.4967,23,0.78703,0.84311,966,3864,DR_primary,5026,5055
19,2,C3,13,5026,0.4967,23,0.78718,0.8432,966,3864,DR_primary,5026,5055
19,2,C0,14,4700,0.4645,23,0.78664,0.84288,966,3864,DR_primary,4700,5154
19,2,C1,14,5123,0.5063,23,0.78661,0.84281,966,3864,DR_primary,5123,5154
19,2,C2,14,5123,0.5063,23,0.78656,0.84286,966,3864,DR_primary,5123,5154
19,2,C3,14,5123,0.5063,23,0.78661,0.84297,966,3864,DR_primary,5123,5154
19,2,C0,15,4611,0.4557,23,0.78665,0.84302,966,3864,DR_primary,4611,5057
19,2,C1,15,5036,0.4977,23,0.78662,0.84295,966,3864,DR_primary,5036,5057
19,2,C2,15,5036,0.4977,23,0.7866,0.84315,966,3864,DR_primary,5036,5057
19,2,C3,15,5036,0.4977,23,0.78658,0.84315,966,3864,DR_primary,5036,5057
19,2,C0,16,4606,0.4552,23,0.78698,0.84311,966,3864,DR_primary,4606,5054
19,2,C1,16,5030,0.4971,23,0.7872,0.84322,966,3864,DR_primary,5030,5054
19,2,C2,16,5030,0.4971,23,0.78683,0.84315,966,3864,DR_primary,5030,5054
19,2,C3,16,5030,0.4971,23,0.7869,0.84317,966,3864,DR_primary,5030,5054
19,2,C0,17,4648,0.4593,23,0.78574,0.84195,966,3864,DR_primary,4648,5069
19,2,C1,17,5041,0.4982,23,0.7858,0.84209,966,3864,DR_primary,5041,5069
19,2,C2,17,5041,0.4982,23,0.78594,0.84231,966,3864,DR_primary,5041,5069
19,2,C3,17,5041,0.4982,23,0.7859,0.84225,966,3864,DR_primary,5041,5069
19,2,C0,18,4622,0.4568,23,0.78591,0.84214,966,3864,DR_primary,4622,5078
19,2,C1,18,5042,0.4983,23,0.78642,0.84259,966,3864,DR_primary,5042,5078
19,2,C2,18,5042,0.4983,23,0.7863,0.8426,966,3864,DR_primary,5042,5078
19,2,C3,18,5042,0.4983,23,0.78628,0.84259,966,3864,DR_primary,5042,5078
19,2,C0,19,4575,0.4521,23,0.78689,0.84255,966,3864,DR_primary,4575,5030
19,2,C1,19,4999,0.494,23,0.7866,0.84249,966,3864,DR_primary,4999,5030
19,2,C2,19,4999,0.494,23,0.78659,0.84244,966,3864,DR_primary,4999,5030
19,2,C3,19,4999,0.494,23,0.78656,0.84242,966,3864,DR_primary,4999,5030
19,2,C0,20,4611,0.4557,23,0.78684,0.84326,966,3864,DR_primary,4611,5033
19,2,C1,20,5003,0.4944,23,0.78693,0.84335,966,3864,DR_primary,5003,5033
19,2,C2,20,5003,0.4944,23,0.78658,0.84318,966,3864,DR_primary,5003,5033
19,2,C3,20,5003,0.4944,23,0.78661,0.84318,966,3864,DR_primary,5003,5033
19,2,C0,21,4635,0.458,23,0.78755,0.84342,966,3864,DR_primary,4635,5036
19,2,C1,21,4998,0.4939,23,0.7875,0.8434,966,3864,DR_primary,4998,5036
19,2,C2,21,4998,0.4939,23,0.78758,0.84354,966,3864,DR_primary,4998,5036
19,2,C3,21,4998,0.4939,23,0.78744,0.84348,966,3864,DR_primary,4998,5036
19,2,C0,22,4666,0.4611,23,0.78697,0.8431,966,3864,DR_primary,4666,5106
19,2,C1,22,5082,0.5022,23,0.78677,0.84307,966,3864,DR_primary,5082,5106
19,2,C2,22,5082,0.5022,23,0.78704,0.84336,966,3864,DR_primary,5082,5106
19,2,C3,22,5082,0.5022,23,0.78697,0.84328,966,3864,DR_primary,5082,5106
19,2,C0,23,4645,0.459,23,0.78744,0.84338,966,3864,DR_primary,4645,5108
19,2,C1,23,5071,0.5011,23,0.78758,0.84351,966,3864,DR_primary,5071,5108
19,2,C2,23,5071,0.5011,23,0.78747,0.84355,966,3864,DR_primary,5071,5108
19,2,C3,23,5071,0.5011,23,0.78755,0.8436,966,3864,DR_primary,5071,5108
19,2,C0,24,4620,0.4566,23,0.78653,0.84294,966,3864,DR_primary,4620,5061
19,2,C1,24,5022,0.4963,23,0.78673,0.84317,966,3864,DR_primary,5022,5061
19,2,C2,24,5022,0.4963,23,0.78668,0.84323,966,3864,DR_primary,5022,5061
19,2,C3,24,5022,0.4963,23,0.78663,0.8432,966,3864,DR_primary,5022,5061
19,2,C0,25,4580,0.4526,23,0.78743,0.84341,966,3864,DR_primary,4580,5016
19,2,C1,25,4988,0.4929,23,0.78713,0.84324,966,3864,DR_primary,4988,5016
19,2,C2,25,4988,0.4929,23,0.78721,0.84342,966,3864,DR_primary,4988,5016
19,2,C3,25,4988,0.4929,23,0.78718,0.84336,966,3864,DR_primary,4988,5016
19,2,C0,26,4643,0.4588,23,0.78677,0.84319,966,3864,DR_primary,4643,5090
19,2,C1,26,5064,0.5004,23,0.78669,0.84304,966,3864,DR_primary,5064,5090
19,2,C2,26,5064,0.5004,23,0.78656,0.843,966,3864,DR_primary,5064,5090
19,2,C3,26,5064,0.5004,23,0.78668,0.84312,966,3864,DR_primary,5064,5090
19,2,C0,27,4558,0.4504,23,0.78758,0.84393,966,3864,DR_primary,4558,5017
19,2,C1,27,4992,0.4933,23,0.78741,0.8437,966,3864,DR_primary,4992,5017
19,2,C2,27,4992,0.4933,23,0.78716,0.84351,966,3864,DR_primary,4992,5017
19,2,C3,27,4992,0.4933,23,0.78709,0.84345,966,3864,DR_primary,4992,5017
19,2,C0,28,4579,0.4525,23,0.78663,0.84319,966,3864,DR_primary,4579,5008
19,2,C1,28,4991,0.4932,23,0.78652,0.84302,966,3864,DR_primary,4991,5008
19,2,C2,28,4991,0.4932,23,0.78651,0.84311,966,3864,DR_primary,4991,5008
19,2,C3,28,4991,0.4932,23,0.78662,0.84315,966,3864,DR_primary,4991,5008
19,2,C0,29,4574,0.452,23,0.78719,0.84308,966,3864,DR_primary,4574,5015
19,2,C1,29,4995,0.4936,23,0.78716,0.84308,966,3864,DR_primary,4995,5015
19,2,C2,29,4995,0.4936,23,0.78686,0.84296,966,3864,DR_primary,4995,5015
19,2,C3,29,4995,0.4936,23,0.787,0.84302,966,3864,DR_primary,4995,5015
19,2,C0,30,4603,0.4549,23,0.78726,0.8435,966,3864,DR_primary,4603,5029
19,2,C1,30,5000,0.4941,23,0.78686,0.84302,966,3864,DR_primary,5000,5029
19,2,C2,30,5000,0.4941,23,0.78709,0.8435,966,3864,DR_primary,5000,5029
19,2,C3,30,5000,0.4941,23,0.78716,0.84356,966,3864,DR_primary,5000,5029
19,3,C0,1,4577,0.4523,23,0.78653,0.84276,966,3864,DR_primary,4577,5049
19,3,C1,1,5011,0.4952,23,0.78647,0.84279,966,3864,DR_primary,5011,5049
19,3,C2,1,5011,0.4952,23,0.78658,0.84286,966,3864,DR_primary,5011,5049
19,3,C3,1,5011,0.4952,23,0.78664,0.84292,966,3864,DR_primary,5011,5049
19,3,C0,2,4591,0.4537,23,0.7868,0.84291,966,3864,DR_primary,4591,5068
19,3,C1,2,5035,0.4976,23,0.78683,0.84292,966,3864,DR_primary,5035,5068
19,3,C2,2,5035,0.4976,23,0.7866,0.84282,966,3864,DR_primary,5035,5068
19,3,C3,2,5035,0.4976,23,0.78654,0.84286,966,3864,DR_primary,5035,5068
19,3,C0,3,4590,0.4536,23,0.78717,0.84347,966,3864,DR_primary,4590,5029
19,3,C1,3,5006,0.4947,23,0.78704,0.84331,966,3864,DR_primary,5006,5029
19,3,C2,3,5006,0.4947,23,0.78706,0.8434,966,3864,DR_primary,5006,5029
19,3,C3,3,5006,0.4947,23,0.78713,0.84348,966,3864,DR_primary,5006,5029
19,3,C0,4,4566,0.4512,23,0.78662,0.84295,966,3864,DR_primary,4566,5006
19,3,C1,4,4973,0.4915,23,0.78669,0.84289,966,3864,DR_primary,4973,5006
19,3,C2,4,4973,0.4915,23,0.78632,0.84284,966,3864,DR_primary,4973,5006
19,3,C3,4,4973,0.4915,23,0.78635,0.84286,966,3864,DR_primary,4973,5006
19,3,C0,5,4601,0.4547,23,0.7866,0.84266,966,3864,DR_primary,4601,5050
19,3,C1,5,5019,0.496,23,0.78682,0.84276,966,3864,DR_primary,5019,5050
19,3,C2,5,5019,0.496,23,0.78681,0.84286,966,3864,DR_primary,5019,5050
19,3,C3,5,5019,0.496,23,0.78682,0.84283,966,3864,DR_primary,5019,5050
19,3,C0,6,4608,0.4554,23,0.78716,0.84353,966,3864,DR_primary,4608,5052
19,3,C1,6,5043,0.4984,23,0.78714,0.84332,966,3864,DR_primary,5043,5052
19,3,C2,6,5043,0.4984,23,0.78697,0.84327,966,3864,DR_primary,5043,5052
19,3,C3,6,5043,0.4984,23,0.78695,0.84322,966,3864,DR_primary,5043,5052
19,3,C0,7,4603,0.4549,23,0.78786,0.84357,966,3864,DR_primary,4603,5063
19,3,C1,7,5025,0.4966,23,0.78754,0.84332,966,3864,DR_primary,5025,5063
19,3,C2,7,5025,0.4966,23,0.78753,0.8434,966,3864,DR_primary,5025,5063
19,3,C3,7,5025,0.4966,23,0.78755,0.84337,966,3864,DR_primary,5025,5063
19,3,C0,8,4561,0.4507,23,0.78659,0.84293,966,3864,DR_primary,4561,5020
19,3,C1,8,4995,0.4936,23,0.78652,0.84293,966,3864,DR_primary,4995,5020
19,3,C2,8,4995,0.4936,23,0.78651,0.84299,966,3864,DR_primary,4995,5020
19,3,C3,8,4995,0.4936,23,0.78639,0.84289,966,3864,DR_primary,4995,5020
19,3,C0,9,4663,0.4608,23,0.78809,0.84396,966,3864,DR_primary,4663,5102
19,3,C1,9,5081,0.5021,23,0.78787,0.84378,966,3864,DR_primary,5081,5102
19,3,C2,9,5081,0.5021,23,0.78788,0.84382,966,3864,DR_primary,5081,5102
19,3,C3,9,5081,0.5021,23,0.78793,0.84384,966,3864,DR_primary,5081,5102
19,3,C0,10,4608,0.4554,23,0.78709,0.84361,966,3864,DR_primary,4608,5056
19,3,C1,10,5027,0.4968,23,0.78733,0.84382,966,3864,DR_primary,5027,5056
19,3,C2,10,5027,0.4968,23,0.78709,0.84363,966,3864,DR_primary,5027,5056
19,3,C3,10,5027,0.4968,23,0.7872,0.84379,966,3864,DR_primary,5027,5056
19,3,C0,11,4621,0.4567,23,0.78664,0.84319,966,3864,DR_primary,4621,5093
19,3,C1,11,5059,0.5,23,0.78678,0.84335,966,3864,DR_primary,5059,5093
19,3,C2,11,5059,0.5,23,0.78675,0.84343,966,3864,DR_primary,5059,5093
19,3,C3,11,5059,0.5,23,0.7868,0.84349,966,3864,DR_primary,5059,5093
19,3,C0,12,4601,0.4547,23,0.78692,0.84266,966,3864,DR_primary,4601,5040
19,3,C1,12,5019,0.496,23,0.78691,0.84273,966,3864,DR_primary,5019,5040
19,3,C2,12,5019,0.496,23,0.78666,0.84255,966,3864,DR_primary,5019,5040
19,3,C3,12,5019,0.496,23,0.7866,0.84254,966,3864,DR_primary,5019,5040
19,3,C0,13,4675,0.462,23,0.78703,0.84311,966,3864,DR_primary,4675,5125
19,3,C1,13,5093,0.5033,23,0.78689,0.84293,966,3864,DR_primary,5093,5125
19,3,C2,13,5093,0.5033,23,0.78674,0.84301,966,3864,DR_primary,5093,5125
19,3,C3,13,5093,0.5033,23,0.78681,0.84313,966,3864,DR_primary,5093,5125
19,3,C0,14,4665,0.461,23,0.78652,0.84296,966,3864,DR_primary,4665,5110
19,3,C1,14,5085,0.5025,23,0.78646,0.84277,966,3864,DR_primary,5085,5110
19,3,C2,14,5085,0.5025,23,0.78666,0.84311,966,3864,DR_primary,5085,5110
19,3,C3,14,5085,0.5025,23,0.78665,0.84312,966,3864,DR_primary,5085,5110
19,3,C0,15,4553,0.4499,23,0.78721,0.84313,966,3864,DR_primary,4553,5013
19,3,C1,15,4985,0.4926,23,0.78711,0.84323,966,3864,DR_primary,4985,5013
19,3,C2,15,4985,0.4926,23,0.78729,0.84336,966,3864,DR_primary,4985,5013
19,3,C3,15,4985,0.4926,23,0.78717,0.84327,966,3864,DR_primary,4985,5013
19,3,C0,16,4685,0.463,23,0.78724,0.84316,966,3864,DR_primary,4685,5104
19,3,C1,16,5067,0.5007,23,0.78716,0.84304,966,3864,DR_primary,5067,5104
19,3,C2,16,5067,0.5007,23,0.78745,0.84345,966,3864,DR_primary,5067,5104
19,3,C3,16,5067,0.5007,23,0.78735,0.84337,966,3864,DR_primary,5067,5104
19,3,C0,17,4565,0.4511,23,0.78695,0.84337,966,3864,DR_primary,4565,5018
19,3,C1,17,4989,0.493,23,0.78705,0.84339,966,3864,DR_primary,4989,5018
19,3,C2,17,4989,0.493,23,0.78706,0.84358,966,3864,DR_primary,4989,5018
19,3,C3,17,4989,0.493,23,0.78709,0.84364,966,3864,DR_primary,4989,5018
19,3,C0,18,4530,0.4477,23,0.78691,0.84353,966,3864,DR_primary,4530,4974
19,3,C1,18,4946,0.4888,23,0.78704,0.84361,966,3864,DR_primary,4946,4974
19,3,C2,18,4946,0.4888,23,0.78675,0.84357,966,3864,DR_primary,4946,4974
19,3,C3,18,4946,0.4888,23,0.78678,0.84358,966,3864,DR_primary,4946,4974
19,3,C0,19,4503,0.445,23,0.7868,0.84287,966,3864,DR_primary,4503,4943
19,3,C1,19,4911,0.4853,23,0.78717,0.84319,966,3864,DR_primary,4911,4943
19,3,C2,19,4911,0.4853,23,0.78678,0.84306,966,3864,DR_primary,4911,4943
19,3,C3,19,4911,0.4853,23,0.78681,0.84308,966,3864,DR_primary,4911,4943
19,3,C0,20,4560,0.4506,23,0.78716,0.84306,966,3864,DR_primary,4560,4988
19,3,C1,20,4968,0.491,23,0.78704,0.84294,966,3864,DR_primary,4968,4988
19,3,C2,20,4968,0.491,23,0.78687,0.84303,966,3864,DR_primary,4968,4988
19,3,C3,20,4968,0.491,23,0.78678,0.84296,966,3864,DR_primary,4968,4988
19,3,C0,21,4504,0.4451,23,0.78638,0.8423,966,3864,DR_primary,4504,4985
19,3,C1,21,4964,0.4906,23,0.7865,0.84256,966,3864,DR_primary,4964,4985
19,3,C2,21,4964,0.4906,23,0.78661,0.84276,966,3864,DR_primary,4964,4985
19,3,C3,21,4964,0.4906,23,0.78672,0.84288,966,3864,DR_primary,4964,4985
19,3,C0,22,4587,0.4533,23,0.78659,0.84314,966,3864,DR_primary,4587,5030
19,3,C1,22,5001,0.4942,23,0.78647,0.84284,966,3864,DR_primary,5001,5030
19,3,C2,22,5001,0.4942,23,0.78631,0.84278,966,3864,DR_primary,5001,5030
19,3,C3,22,5001,0.4942,23,0.78613,0.84269,966,3864,DR_primary,5001,5030
19,3,C0,23,4561,0.4507,23,0.78669,0.84284,966,3864,DR_primary,4561,5022
19,3,C1,23,4983,0.4924,23,0.78676,0.8429,966,3864,DR_primary,4983,5022
19,3,C2,23,4983,0.4924,23,0.7867,0.84304,966,3864,DR_primary,4983,5022
19,3,C3,23,4983,0.4924,23,0.78667,0.84299,966,3864,DR_primary,4983,5022
19,3,C0,24,4529,0.4476,23,0.7874,0.84338,966,3864,DR_primary,4529,4969
19,3,C1,24,4951,0.4893,23,0.78749,0.84359,966,3864,DR_primary,4951,4969
19,3,C2,24,4951,0.4893,23,0.78732,0.84357,966,3864,DR_primary,4951,4969
19,3,C3,24,4951,0.4893,23,0.7873,0.84356,966,3864,DR_primary,4951,4969
19,3,C0,25,4677,0.4622,23,0.78716,0.84349,966,3864,DR_primary,4677,5137
19,3,C1,25,5105,0.5045,23,0.78728,0.84353,966,3864,DR_primary,5105,5137
19,3,C2,25,5105,0.5045,23,0.7871,0.84347,966,3864,DR_primary,5105,5137
19,3,C3,25,5105,0.5045,23,0.78704,0.84345,966,3864,DR_primary,5105,5137
19,3,C0,26,4618,0.4564,23,0.78622,0.84278,966,3864,DR_primary,4618,5101
19,3,C1,26,5069,0.5009,23,0.78656,0.84297,966,3864,DR_primary,5069,5101
19,3,C2,26,5069,0.5009,23,0.78626,0.84297,966,3864,DR_primary,5069,5101
19,3,C3,26,5069,0.5009,23,0.78621,0.84289,966,3864,DR_primary,5069,5101
19,3,C0,27,4627,0.4573,23,0.78723,0.84352,966,3864,DR_primary,4627,5114
19,3,C1,27,5081,0.5021,23,0.7873,0.84358,966,3864,DR_primary,5081,5114
19,3,C2,27,5081,0.5021,23,0.78687,0.84348,966,3864,DR_primary,5081,5114
19,3,C3,27,5081,0.5021,23,0.78695,0.84351,966,3864,DR_primary,5081,5114
19,3,C0,28,4566,0.4512,23,0.7871,0.84272,966,3864,DR_primary,4566,5041
19,3,C1,28,5021,0.4962,23,0.78658,0.84245,966,3864,DR_primary,5021,5041
19,3,C2,28,5021,0.4962,23,0.78691,0.84286,966,3864,DR_primary,5021,5041
19,3,C3,28,5021,0.4962,23,0.7869,0.84286,966,3864,DR_primary,5021,5041
19,3,C0,29,4632,0.4578,23,0.78694,0.84283,966,3864,DR_primary,4632,5113
19,3,C1,29,5063,0.5003,23,0.7871,0.84311,966,3864,DR_primary,5063,5113
19,3,C2,29,5063,0.5003,23,0.7868,0.84296,966,3864,DR_primary,5063,5113
19,3,C3,29,5063,0.5003,23,0.78681,0.843,966,3864,DR_primary,5063,5113
19,3,C0,30,4571,0.4517,23,0.787,0.84311,966,3864,DR_primary,4571,5049
19,3,C1,30,5021,0.4962,23,0.78676,0.84297,966,3864,DR_primary,5021,5049
19,3,C2,30,5021,0.4962,23,0.78677,0.84317,966,3864,DR_primary,5021,5049
19,3,C3,30,5021,0.4962,23,0.78687,0.84319,966,3864,DR_primary,5021,5049
19,4,C0,1,4572,0.4518,23,0.78742,0.84319,966,3864,DR_primary,4572,5020
19,4,C1,1,4992,0.4933,23,0.78731,0.84314,966,3864,DR_primary,4992,5020
19,4,C2,1,4992,0.4933,23,0.78742,0.84314,966,3864,DR_primary,4992,5020
19,4,C3,1,4992,0.4933,23,0.78744,0.84315,966,3864,DR_primary,4992,5020
19,4,C0,2,4565,0.4511,23,0.78689,0.8435,966,3864,DR_primary,4565,5048
19,4,C1,2,5024,0.4965,23,0.78689,0.84337,966,3864,DR_primary,5024,5048
19,4,C2,2,5024,0.4965,23,0.78663,0.84332,966,3864,DR_primary,5024,5048
19,4,C3,2,5024,0.4965,23,0.78664,0.84332,966,3864,DR_primary,5024,5048
19,4,C0,3,4667,0.4612,23,0.78712,0.84361,966,3864,DR_primary,4667,5101
19,4,C1,3,5069,0.5009,23,0.78719,0.84346,966,3864,DR_primary,5069,5101
19,4,C2,3,5069,0.5009,23,0.78696,0.84345,966,3864,DR_primary,5069,5101
19,4,C3,3,5069,0.5009,23,0.78699,0.84344,966,3864,DR_primary,5069,5101
19,4,C0,4,4525,0.4472,23,0.78679,0.84289,966,3864,DR_primary,4525,4971
19,4,C1,4,4948,0.489,23,0.78693,0.84307,966,3864,DR_primary,4948,4971
19,4,C2,4,4948,0.489,23,0.78668,0.84297,966,3864,DR_primary,4948,4971
19,4,C3,4,4948,0.489,23,0.78681,0.84303,966,3864,DR_primary,4948,4971
19,4,C0,5,4578,0.4524,23,0.78728,0.84357,966,3864,DR_primary,4578,5016
19,4,C1,5,4982,0.4923,23,0.78722,0.8437,966,3864,DR_primary,4982,5016
19,4,C2,5,4982,0.4923,23,0.78717,0.8436,966,3864,DR_primary,4982,5016
19,4,C3,5,4982,0.4923,23,0.78726,0.84366,966,3864,DR_primary,4982,5016
19,4,C0,6,4575,0.4521,23,0.78647,0.84279,966,3864,DR_primary,4575,5027
19,4,C1,6,4981,0.4922,23,0.78629,0.84297,966,3864,DR_primary,4981,5027
19,4,C2,6,4981,0.4922,23,0.78621,0.84291,966,3864,DR_primary,4981,5027
19,4,C3,6,4981,0.4922,23,0.78609,0.84281,966,3864,DR_primary,4981,5027
19,4,C0,7,4583,0.4529,23,0.78677,0.8429,966,3864,DR_primary,4583,5045
19,4,C1,7,5021,0.4962,23,0.78696,0.84318,966,3864,DR_primary,5021,5045
19,4,C2,7,5021,0.4962,23,0.78696,0.84325,966,3864,DR_primary,5021,5045
19,4,C3,7,5021,0.4962,23,0.7869,0.8432,966,3864,DR_primary,5021,5045
19,4,C0,8,4724,0.4668,23,0.78753,0.84363,966,3864,DR_primary,4724,5155
19,4,C1,8,5117,0.5057,23,0.78747,0.84346,966,3864,DR_primary,5117,5155
19,4,C2,8,5117,0.5057,23,0.78729,0.84358,966,3864,DR_primary,5117,5155
19,4,C3,8,5117,0.5057,23,0.7873,0.84355,966,3864,DR_primary,5117,5155
19,4,C0,9,4646,0.4591,23,0.78701,0.84353,966,3864,DR_primary,4646,5109
19,4,C1,9,5087,0.5027,23,0.787,0.8435,966,3864,DR_primary,5087,5109
19,4,C2,9,5087,0.5027,23,0.78707,0.84356,966,3864,DR_primary,5087,5109
19,4,C3,9,5087,0.5027,23,0.78708,0.84356,966,3864,DR_primary,5087,5109
19,4,C0,10,4653,0.4598,23,0.78748,0.84353,966,3864,DR_primary,4653,5116
19,4,C1,10,5076,0.5016,23,0.78741,0.84356,966,3864,DR_primary,5076,5116
19,4,C2,10,5076,0.5016,23,0.78743,0.84371,966,3864,DR_primary,5076,5116
19,4,C3,10,5076,0.5016,23,0.78747,0.8437,966,3864,DR_primary,5076,5116
19,4,C0,11,4574,0.452,23,0.78711,0.84318,966,3864,DR_primary,4574,5029
19,4,C1,11,5003,0.4944,23,0.78692,0.8432,966,3864,DR_primary,5003,5029
19,4,C2,11,5003,0.4944,23,0.78677,0.84329,966,3864,DR_primary,5003,5029
19,4,C3,11,5003,0.4944,23,0.78673,0.84331,966,3864,DR_primary,5003,5029
19,4,C0,12,4674,0.4619,23,0.78753,0.84353,966,3864,DR_primary,4674,5144
19,4,C1,12,5114,0.5054,23,0.78691,0.84314,966,3864,DR_primary,5114,5144
19,4,C2,12,5114,0.5054,23,0.7871,0.84326,966,3864,DR_primary,5114,5144
19,4,C3,12,5114,0.5054,23,0.78709,0.8433,966,3864,DR_primary,5114,5144
19,4,C0,13,4554,0.45,23,0.78625,0.84264,966,3864,DR_primary,4554,4980
19,4,C1,13,4963,0.4905,23,0.78622,0.84261,966,3864,DR_primary,4963,4980
19,4,C2,13,4963,0.4905,23,0.78619,0.84267,966,3864,DR_primary,4963,4980
19,4,C3,13,4963,0.4905,23,0.78629,0.84275,966,3864,DR_primary,4963,4980
19,4,C0,14,4558,0.4504,23,0.78738,0.84347,966,3864,DR_primary,4558,5027
19,4,C1,14,5000,0.4941,23,0.78732,0.8434,966,3864,DR_primary,5000,5027
19,4,C2,14,5000,0.4941,23,0.78693,0.84325,966,3864,DR_primary,5000,5027
19,4,C3,14,5000,0.4941,23,0.78698,0.84326,966,3864,DR_primary,5000,5027
19,4,C0,15,4652,0.4597,23,0.78698,0.8431,966,3864,DR_primary,4652,5073
19,4,C1,15,5033,0.4974,23,0.78723,0.84322,966,3864,DR_primary,5033,5073
19,4,C2,15,5033,0.4974,23,0.78691,0.84302,966,3864,DR_primary,5033,5073
19,4,C3,15,5033,0.4974,23,0.78685,0.84296,966,3864,DR_primary,5033,5073
19,4,C0,16,4590,0.4536,23,0.7875,0.84386,966,3864,DR_primary,4590,5007
19,4,C1,16,4985,0.4926,23,0.78769,0.84391,966,3864,DR_primary,4985,5007
19,4,C2,16,4985,0.4926,23,0.78743,0.84391,966,3864,DR_primary,4985,5007
19,4,C3,16,4985,0.4926,23,0.78752,0.84398,966,3864,DR_primary,4985,5007
19,4,C0,17,4550,0.4496,23,0.78663,0.84294,966,3864,DR_primary,4550,4991
19,4,C1,17,4948,0.489,23,0.78669,0.84298,966,3864,DR_primary,4948,4991
19,4,C2,17,4948,0.489,23,0.78648,0.84293,966,3864,DR_primary,4948,4991
19,4,C3,17,4948,0.489,23,0.78658,0.843,966,3864,DR_primary,4948,4991
19,4,C0,18,4634,0.458,23,0.78661,0.84259,966,3864,DR_primary,4634,5108
19,4,C1,18,5066,0.5006,23,0.78697,0.84298,966,3864,DR_primary,5066,5108
19,4,C2,18,5066,0.5006,23,0.78698,0.84297,966,3864,DR_primary,5066,5108
19,4,C3,18,5066,0.5006,23,0.787,0.84299,966,3864,DR_primary,5066,5108
19,4,C0,19,4588,0.4534,23,0.78647,0.84277,966,3864,DR_primary,4588,5022
19,4,C1,19,4999,0.494,23,0.78653,0.84271,966,3864,DR_primary,4999,5022
19,4,C2,19,4999,0.494,23,0.78621,0.8426,966,3864,DR_primary,4999,5022
19,4,C3,19,4999,0.494,23,0.78625,0.84265,966,3864,DR_primary,4999,5022
19,4,C0,20,4573,0.4519,23,0.78518,0.84159,966,3864,DR_primary,4573,5008
19,4,C1,20,4988,0.4929,23,0.78555,0.84193,966,3864,DR_primary,4988,5008
19,4,C2,20,4988,0.4929,23,0.78529,0.8417,966,3864,DR_primary,4988,5008
19,4,C3,20,4988,0.4929,23,0.78538,0.84181,966,3864,DR_primary,4988,5008
19,4,C0,21,4588,0.4534,23,0.78732,0.84325,966,3864,DR_primary,4588,5006
19,4,C1,21,4985,0.4926,23,0.78735,0.84334,966,3864,DR_primary,4985,5006
19,4,C2,21,4985,0.4926,23,0.78729,0.84345,966,3864,DR_primary,4985,5006
19,4,C3,21,4985,0.4926,23,0.78736,0.84349,966,3864,DR_primary,4985,5006
19,4,C0,22,4623,0.4569,23,0.78671,0.8428,966,3864,DR_primary,4623,5075
19,4,C1,22,5050,0.4991,23,0.7869,0.843,966,3864,DR_primary,5050,5075
19,4,C2,22,5050,0.4991,23,0.78679,0.84295,966,3864,DR_primary,5050,5075
19,4,C3,22,5050,0.4991,23,0.78676,0.84288,966,3864,DR_primary,5050,5075
19,4,C0,23,4573,0.4519,23,0.78726,0.84305,966,3864,DR_primary,4573,5022
19,4,C1,23,4995,0.4936,23,0.7872,0.84312,966,3864,DR_primary,4995,5022
19,4,C2,23,4995,0.4936,23,0.78685,0.84287,966,3864,DR_primary,4995,5022
19,4,C3,23,4995,0.4936,23,0.787,0.84296,966,3864,DR_primary,4995,5022
19,4,C0,24,4646,0.4591,23,0.78718,0.8436,966,3864,DR_primary,4646,5070
19,4,C1,24,5029,0.497,23,0.78674,0.8432,966,3864,DR_primary,5029,5070
19,4,C2,24,5029,0.497,23,0.78657,0.84311,966,3864,DR_primary,5029,5070
19,4,C3,24,5029,0.497,23,0.78652,0.84308,966,3864,DR_primary,5029,5070
19,4,C0,25,4483,0.443,23,0.78649,0.84271,966,3864,DR_primary,4483,4924
19,4,C1,25,4903,0.4845,23,0.78634,0.84249,966,3864,DR_primary,4903,4924
19,4,C2,25,4903,0.4845,23,0.78642,0.84258,966,3864,DR_primary,4903,4924
19,4,C3,25,4903,0.4845,23,0.78649,0.84262,966,3864,DR_primary,4903,4924
19,4,C0,26,4519,0.4466,23,0.78637,0.84283,966,3864,DR_primary,4519,5008
19,4,C1,26,4988,0.4929,23,0.78616,0.84275,966,3864,DR_primary,4988,5008
19,4,C2,26,4988,0.4929,23,0.78641,0.84292,966,3864,DR_primary,4988,5008
19,4,C3,26,4988,0.4929,23,0.78641,0.84292,966,3864,DR_primary,4988,5008
19,4,C0,27,4566,0.4512,23,0.78684,0.84315,966,3864,DR_primary,4566,5042
19,4,C1,27,5005,0.4946,23,0.78702,0.84346,966,3864,DR_primary,5005,5042
19,4,C2,27,5005,0.4946,23,0.78684,0.84347,966,3864,DR_primary,5005,5042
19,4,C3,27,5005,0.4946,23,0.78684,0.84348,966,3864,DR_primary,5005,5042
19,4,C0,28,4592,0.4538,23,0.78639,0.84272,966,3864,DR_primary,4592,5047
19,4,C1,28,5016,0.4957,23,0.7869,0.84309,966,3864,DR_primary,5016,5047
19,4,C2,28,5016,0.4957,23,0.78632,0.84285,966,3864,DR_primary,5016,5047
19,4,C3,28,5016,0.4957,23,0.78636,0.84292,966,3864,DR_primary,5016,5047
19,4,C0,29,4586,0.4532,23,0.7863,0.84228,966,3864,DR_primary,4586,5007
19,4,C1,29,4990,0.4931,23,0.78656,0.84266,966,3864,DR_primary,4990,5007
19,4,C2,29,4990,0.4931,23,0.78642,0.84266,966,3864,DR_primary,4990,5007
19,4,C3,29,4990,0.4931,23,0.78646,0.84267,966,3864,DR_primary,4990,5007
19,4,C0,30,4621,0.4567,23,0.78749,0.84355,966,3864,DR_primary,4621,5076
19,4,C1,30,5048,0.4989,23,0.7875,0.84368,966,3864,DR_primary,5048,5076
19,4,C2,30,5048,0.4989,23,0.7872,0.84342,966,3864,DR_primary,5048,5076
19,4,C3,30,5048,0.4989,23,0.78731,0.84352,966,3864,DR_primary,5048,5076
19,5,C0,1,4532,0.4479,23,0.78632,0.84296,966,3864,DR_primary,4532,5003
19,5,C1,1,4966,0.4908,23,0.7865,0.84302,966,3864,DR_primary,4966,5003
19,5,C2,1,4966,0.4908,23,0.78634,0.84276,966,3864,DR_primary,4966,5003
19,5,C3,1,4966,0.4908,23,0.78627,0.84271,966,3864,DR_primary,4966,5003
19,5,C0,2,4637,0.4582,23,0.78661,0.84299,966,3864,DR_primary,4637,5072
19,5,C1,2,5050,0.4991,23,0.78667,0.84291,966,3864,DR_primary,5050,5072
19,5,C2,2,5050,0.4991,23,0.78636,0.84287,966,3864,DR_primary,5050,5072
19,5,C3,2,5050,0.4991,23,0.78635,0.84286,966,3864,DR_primary,5050,5072
19,5,C0,3,4593,0.4539,23,0.78703,0.84331,966,3864,DR_primary,4593,5041
19,5,C1,3,5009,0.495,23,0.78682,0.84321,966,3864,DR_primary,5009,5041
19,5,C2,3,5009,0.495,23,0.78669,0.84327,966,3864,DR_primary,5009,5041
19,5,C3,3,5009,0.495,23,0.78665,0.84316,966,3864,DR_primary,5009,5041
19,5,C0,4,4548,0.4495,23,0.78652,0.84266,966,3864,DR_primary,4548,4991
19,5,C1,4,4961,0.4903,23,0.78681,0.84314,966,3864,DR_primary,4961,4991
19,5,C2,4,4961,0.4903,23,0.78681,0.84323,966,3864,DR_primary,4961,4991
19,5,C3,4,4961,0.4903,23,0.78688,0.8433,966,3864,DR_primary,4961,4991
19,5,C0,5,4616,0.4562,23,0.78763,0.84352,966,3864,DR_primary,4616,5081
19,5,C1,5,5051,0.4992,23,0.78765,0.84348,966,3864,DR_primary,5051,5081
19,5,C2,5,5051,0.4992,23,0.78736,0.84353,966,3864,DR_primary,5051,5081
19,5,C3,5,5051,0.4992,23,0.78749,0.84355,966,3864,DR_primary,5051,5081
19,5,C0,6,4605,0.4551,23,0.78766,0.84428,966,3864,DR_primary,4605,5062
19,5,C1,6,5032,0.4973,23,0.7881,0.84451,966,3864,DR_primary,5032,5062
19,5,C2,6,5032,0.4973,23,0.7877,0.84438,966,3864,DR_primary,5032,5062
19,5,C3,6,5032,0.4973,23,0.7876,0.84431,966,3864,DR_primary,5032,5062
19,5,C0,7,4632,0.4578,23,0.78695,0.84302,966,3864,DR_primary,4632,5088
19,5,C1,7,5047,0.4988,23,0.78708,0.84319,966,3864,DR_primary,5047,5088
19,5,C2,7,5047,0.4988,23,0.78695,0.8432,966,3864,DR_primary,5047,5088
19,5,C3,7,5047,0.4988,23,0.787,0.84318,966,3864,DR_primary,5047,5088
19,5,C0,8,4548,0.4495,23,0.78686,0.84313,966,3864,DR_primary,4548,4999
19,5,C1,8,4958,0.49,23,0.78714,0.84311,966,3864,DR_primary,4958,4999
19,5,C2,8,4958,0.49,23,0.7871,0.84321,966,3864,DR_primary,4958,4999
19,5,C3,8,4958,0.49,23,0.78715,0.8432,966,3864,DR_primary,4958,4999
19,5,C0,9,4562,0.4508,23,0.78761,0.84449,966,3864,DR_primary,4562,5033
19,5,C1,9,4993,0.4934,23,0.78762,0.8443,966,3864,DR_primary,4993,5033
19,5,C2,9,4993,0.4934,23,0.78742,0.8444,966,3864,DR_primary,4993,5033
19,5,C3,9,4993,0.4934,23,0.78742,0.84435,966,3864,DR_primary,4993,5033
19,5,C0,10,4558,0.4504,23,0.78642,0.84274,966,3864,DR_primary,4558,4965
19,5,C1,10,4946,0.4888,23,0.78641,0.84261,966,3864,DR_primary,4946,4965
19,5,C2,10,4946,0.4888,23,0.78625,0.84261,966,3864,DR_primary,4946,4965
19,5,C3,10,4946,0.4888,23,0.78618,0.84259,966,3864,DR_primary,4946,4965
19,5,C0,11,4621,0.4567,23,0.78696,0.84322,966,3864,DR_primary,4621,5050
19,5,C1,11,5019,0.496,23,0.78701,0.84339,966,3864,DR_primary,5019,5050
19,5,C2,11,5019,0.496,23,0.7871,0.84346,966,3864,DR_primary,5019,5050
19,5,C3,11,5019,0.496,23,0.78705,0.84342,966,3864,DR_primary,5019,5050
19,5,C0,12,4561,0.4507,23,0.78671,0.84293,966,3864,DR_primary,4561,4979
19,5,C1,12,4944,0.4886,23,0.78663,0.84287,966,3864,DR_primary,4944,4979
19,5,C2,12,4944,0.4886,23,0.78661,0.84295,966,3864,DR_primary,4944,4979
19,5,C3,12,4944,0.4886,23,0.78655,0.84293,966,3864,DR_primary,4944,4979
19,5,C0,13,4553,0.4499,23,0.78706,0.84367,966,3864,DR_primary,4553,5007
19,5,C1,13,4982,0.4923,23,0.78702,0.84358,966,3864,DR_primary,4982,5007
19,5,C2,13,4982,0.4923,23,0.78682,0.8435,966,3864,DR_primary,4982,5007
19,5,C3,13,4982,0.4923,23,0.78685,0.84358,966,3864,DR_primary,4982,5007
19,5,C0,14,4621,0.4567,23,0.78674,0.84327,966,3864,DR_primary,4621,5079
19,5,C1,14,5050,0.4991,23,0.78654,0.84303,966,3864,DR_primary,5050,5079
19,5,C2,14,5050,0.4991,23,0.78638,0.84302,966,3864,DR_primary,5050,5079
19,5,C3,14,5050,0.4991,23,0.78634,0.84303,966,3864,DR_primary,5050,5079
19,5,C0,15,4650,0.4595,23,0.78724,0.84353,966,3864,DR_primary,4650,5099
19,5,C1,15,5077,0.5017,23,0.78726,0.84354,966,3864,DR_primary,5077,5099
19,5,C2,15,5077,0.5017,23,0.78741,0.84367,966,3864,DR_primary,5077,5099
19,5,C3,15,5077,0.5017,23,0.78745,0.8437,966,3864,DR_primary,5077,5099
19,5,C0,16,4537,0.4484,23,0.78632,0.84252,966,3864,DR_primary,4537,4972
19,5,C1,16,4952,0.4894,23,0.78649,0.84263,966,3864,DR_primary,4952,4972
19,5,C2,16,4952,0.4894,23,0.78636,0.84281,966,3864,DR_primary,4952,4972
19,5,C3,16,4952,0.4894,23,0.78655,0.84292,966,3864,DR_primary,4952,4972
19,5,C0,17,4549,0.4496,23,0.78785,0.84375,966,3864,DR_primary,4549,5015
19,5,C1,17,4982,0.4923,23,0.78773,0.84367,966,3864,DR_primary,4982,5015
19,5,C2,17,4982,0.4923,23,0.78788,0.8439,966,3864,DR_primary,4982,5015
19,5,C3,17,4982,0.4923,23,0.78782,0.84389,966,3864,DR_primary,4982,5015
19,5,C0,18,4592,0.4538,23,0.78696,0.84293,966,3864,DR_primary,4592,5023
19,5,C1,18,5002,0.4943,23,0.78697,0.84293,966,3864,DR_primary,5002,5023
19,5,C2,18,5002,0.4943,23,0.78677,0.84292,966,3864,DR_primary,5002,5023
19,5,C3,18,5002,0.4943,23,0.78673,0.84296,966,3864,DR_primary,5002,5023
19,5,C0,19,4650,0.4595,23,0.787,0.84341,966,3864,DR_primary,4650,5107
19,5,C1,19,5077,0.5017,23,0.78717,0.84362,966,3864,DR_primary,5077,5107
19,5,C2,19,5077,0.5017,23,0.78689,0.84343,966,3864,DR_primary,5077,5107
19,5,C3,19,5077,0.5017,23,0.78692,0.84348,966,3864,DR_primary,5077,5107
19,5,C0,20,4577,0.4523,23,0.78702,0.84314,966,3864,DR_primary,4577,5025
19,5,C1,20,4993,0.4934,23,0.78726,0.84338,966,3864,DR_primary,4993,5025
19,5,C2,20,4993,0.4934,23,0.78724,0.84342,966,3864,DR_primary,4993,5025
19,5,C3,20,4993,0.4934,23,0.78723,0.84342,966,3864,DR_primary,4993,5025
19,5,C0,21,4602,0.4548,23,0.7868,0.84291,966,3864,DR_primary,4602,5042
19,5,C1,21,4996,0.4937,23,0.78713,0.84305,966,3864,DR_primary,4996,5042
19,5,C2,21,4996,0.4937,23,0.7867,0.84284,966,3864,DR_primary,4996,5042
19,5,C3,21,4996,0.4937,23,0.7867,0.84287,966,3864,DR_primary,4996,5042
19,5,C0,22,4555,0.4501,23,0.78742,0.84379,966,3864,DR_primary,4555,4999
19,5,C1,22,4968,0.491,23,0.78722,0.84347,966,3864,DR_primary,4968,4999
19,5,C2,22,4968,0.491,23,0.78728,0.84354,966,3864,DR_primary,4968,4999
19,5,C3,22,4968,0.491,23,0.78735,0.84367,966,3864,DR_primary,4968,4999
19,5,C0,23,4569,0.4515,23,0.78775,0.84379,966,3864,DR_primary,4569,5016
19,5,C1,23,4988,0.4929,23,0.78729,0.8434,966,3864,DR_primary,4988,5016
19,5,C2,23,4988,0.4929,23,0.78734,0.84345,966,3864,DR_primary,4988,5016
19,5,C3,23,4988,0.4929,23,0.7874,0.84354,966,3864,DR_primary,4988,5016
19,5,C0,24,4541,0.4488,23,0.78767,0.84363,966,3864,DR_primary,4541,4965
19,5,C1,24,4945,0.4887,23,0.78774,0.84377,966,3864,DR_primary,4945,4965
19,5,C2,24,4945,0.4887,23,0.78762,0.84376,966,3864,DR_primary,4945,4965
19,5,C3,24,4945,0.4887,23,0.7875,0.84368,966,3864,DR_primary,4945,4965
19,5,C0,25,4514,0.4461,23,0.78719,0.84307,966,3864,DR_primary,4514,5011
19,5,C1,25,4979,0.492,23,0.78706,0.84302,966,3864,DR_primary,4979,5011
19,5,C2,25,4979,0.492,23,0.78724,0.84327,966,3864,DR_primary,4979,5011
19,5,C3,25,4979,0.492,23,0.78726,0.84329,966,3864,DR_primary,4979,5011
19,5,C0,26,4642,0.4587,23,0.78727,0.84339,966,3864,DR_primary,4642,5066
19,5,C1,26,5045,0.4986,23,0.78707,0.84324,966,3864,DR_primary,5045,5066
19,5,C2,26,5045,0.4986,23,0.78707,0.84325,966,3864,DR_primary,5045,5066
19,5,C3,26,5045,0.4986,23,0.78704,0.84323,966,3864,DR_primary,5045,5066
19,5,C0,27,4615,0.4561,23,0.78756,0.84358,966,3864,DR_primary,4615,5031
19,5,C1,27,5003,0.4944,23,0.78747,0.84357,966,3864,DR_primary,5003,5031
19,5,C2,27,5003,0.4944,23,0.7875,0.84362,966,3864,DR_primary,5003,5031
19,5,C3,27,5003,0.4944,23,0.78751,0.84361,966,3864,DR_primary,5003,5031
19,5,C0,28,4688,0.4633,23,0.78736,0.84369,966,3864,DR_primary,4688,5127
19,5,C1,28,5106,0.5046,23,0.7872,0.84344,966,3864,DR_primary,5106,5127
19,5,C2,28,5106,0.5046,23,0.78727,0.84359,966,3864,DR_primary,5106,5127
19,5,C3,28,5106,0.5046,23,0.78715,0.84357,966,3864,DR_primary,5106,5127
19,5,C0,29,4641,0.4586,23,0.78717,0.84336,966,3864,DR_primary,4641,5077
19,5,C1,29,5057,0.4998,23,0.78726,0.84343,966,3864,DR_primary,5057,5077
19,5,C2,29,5057,0.4998,23,0.78733,0.84355,966,3864,DR_primary,5057,5077
19,5,C3,29,5057,0.4998,23,0.78733,0.84352,966,3864,DR_primary,5057,5077
19,5,C0,30,4643,0.4588,23,0.7868,0.84345,966,3864,DR_primary,4643,5105
19,5,C1,30,5075,0.5015,23,0.78705,0.84355,966,3864,DR_primary,5075,5105
19,5,C2,30,5075,0.5015,23,0.78675,0.84353,966,3864,DR_primary,5075,5105
19,5,C3,30,5075,0.5015,23,0.78675,0.84353,966,3864,DR_primary,5075,5105
19,6,C0,1,4669,0.4614,23,0.78662,0.84245,966,3864,DR_primary,4669,5140
19,6,C1,1,5117,0.5057,23,0.78695,0.84264,966,3864,DR_primary,5117,5140
19,6,C2,1,5117,0.5057,23,0.78701,0.84273,966,3864,DR_primary,5117,5140
19,6,C3,1,5117,0.5057,23,0.78683,0.84256,966,3864,DR_primary,5117,5140
19,6,C0,2,4593,0.4539,23,0.78719,0.84331,966,3864,DR_primary,4593,5058
19,6,C1,2,5041,0.4982,23,0.7871,0.84315,966,3864,DR_primary,5041,5058
19,6,C2,2,5041,0.4982,23,0.787,0.84319,966,3864,DR_primary,5041,5058
19,6,C3,2,5041,0.4982,23,0.78707,0.84323,966,3864,DR_primary,5041,5058
19,6,C0,3,4593,0.4539,23,0.78614,0.84275,966,3864,DR_primary,4593,5058
19,6,C1,3,5013,0.4954,23,0.7861,0.8426,966,3864,DR_primary,5013,5058
19,6,C2,3,5013,0.4954,23,0.78617,0.84273,966,3864,DR_primary,5013,5058
19,6,C3,3,5013,0.4954,23,0.78621,0.84267,966,3864,DR_primary,5013,5058
19,6,C0,4,4615,0.4561,23,0.78661,0.84349,966,3864,DR_primary,4615,5055
19,6,C1,4,5037,0.4978,23,0.78681,0.84354,966,3864,DR_primary,5037,5055
19,6,C2,4,5037,0.4978,23,0.78668,0.84361,966,3864,DR_primary,5037,5055
19,6,C3,4,5037,0.4978,23,0.78671,0.84364,966,3864,DR_primary,5037,5055
19,6,C0,5,4634,0.458,23,0.78674,0.84299,966,3864,DR_primary,4634,5099
19,6,C1,5,5071,0.5011,23,0.78667,0.84295,966,3864,DR_primary,5071,5099
19,6,C2,5,5071,0.5011,23,0.78671,0.84311,966,3864,DR_primary,5071,5099
19,6,C3,5,5071,0.5011,23,0.7867,0.84312,966,3864,DR_primary,5071,5099
19,6,C0,6,4622,0.4568,23,0.78741,0.84326,966,3864,DR_primary,4622,5113
19,6,C1,6,5079,0.5019,23,0.7874,0.84338,966,3864,DR_primary,5079,5113
19,6,C2,6,5079,0.5019,23,0.78719,0.84315,966,3864,DR_primary,5079,5113
19,6,C3,6,5079,0.5019,23,0.78723,0.84317,966,3864,DR_primary,5079,5113
19,6,C0,7,4553,0.4499,23,0.7874,0.84406,966,3864,DR_primary,4553,4992
19,6,C1,7,4972,0.4914,23,0.7877,0.84414,966,3864,DR_primary,4972,4992
19,6,C2,7,4972,0.4914,23,0.78734,0.84404,966,3864,DR_primary,4972,4992
19,6,C3,7,4972,0.4914,23,0.78739,0.84413,966,3864,DR_primary,4972,4992
19,6,C0,8,4609,0.4555,23,0.78709,0.84294,966,3864,DR_primary,4609,5073
19,6,C1,8,5047,0.4988,23,0.78709,0.84302,966,3864,DR_primary,5047,5073
19,6,C2,8,5047,0.4988,23,0.78707,0.84311,966,3864,DR_primary,5047,5073
19,6,C3,8,5047,0.4988,23,0.78699,0.84308,966,3864,DR_primary,5047,5073
19,6,C0,9,4631,0.4577,23,0.78712,0.84327,966,3864,DR_primary,4631,5093
19,6,C1,9,5081,0.5021,23,0.78714,0.84323,966,3864,DR_primary,5081,5093
19,6,C2,9,5081,0.5021,23,0.78697,0.84317,966,3864,DR_primary,5081,5093
19,6,C3,9,5081,0.5021,23,0.78697,0.84315,966,3864,DR_primary,5081,5093
19,6,C0,10,4667,0.4612,23,0.78692,0.84317,966,3864,DR_primary,4667,5109
19,6,C1,10,5077,0.5017,23,0.78681,0.84314,966,3864,DR_primary,5077,5109
19,6,C2,10,5077,0.5017,23,0.78694,0.84341,966,3864,DR_primary,5077,5109
19,6,C3,10,5077,0.5017,23,0.78699,0.84345,966,3864,DR_primary,5077,5109
19,6,C0,11,4605,0.4551,23,0.78722,0.84355,966,3864,DR_primary,4605,5091
19,6,C1,11,5061,0.5001,23,0.78687,0.84309,966,3864,DR_primary,5061,5091
19,6,C2,11,5061,0.5001,23,0.78686,0.8431,966,3864,DR_primary,5061,5091
19,6,C3,11,5061,0.5001,23,0.7869,0.8431,966,3864,DR_primary,5061,5091
19,6,C0,12,4559,0.4505,23,0.78654,0.84316,966,3864,DR_primary,4559,5019
19,6,C1,12,4996,0.4937,23,0.78655,0.84311,966,3864,DR_primary,4996,5019
19,6,C2,12,4996,0.4937,23,0.78656,0.84323,966,3864,DR_primary,4996,5019
19,6,C3,12,4996,0.4937,23,0.78662,0.84327,966,3864,DR_primary,4996,5019
19,6,C0,13,4592,0.4538,23,0.78661,0.84276,966,3864,DR_primary,4592,5013
19,6,C1,13,4991,0.4932,23,0.78682,0.84294,966,3864,DR_primary,4991,5013
19,6,C2,13,4991,0.4932,23,0.78652,0.84278,966,3864,DR_primary,4991,5013
19,6,C3,13,4991,0.4932,23,0.78656,0.84277,966,3864,DR_primary,4991,5013
19,6,C0,14,4552,0.4498,23,0.7877,0.84385,966,3864,DR_primary,4552,4981
19,6,C1,14,4971,0.4913,23,0.78757,0.84379,966,3864,DR_primary,4971,4981
19,6,C2,14,4971,0.4913,23,0.78757,0.84382,966,3864,DR_primary,4971,4981
19,6,C3,14,4971,0.4913,23,0.78755,0.84379,966,3864,DR_primary,4971,4981
19,6,C0,15,4590,0.4536,23,0.78792,0.84338,966,3864,DR_primary,4590,5065
19,6,C1,15,5032,0.4973,23,0.78761,0.84313,966,3864,DR_primary,5032,5065
19,6,C2,15,5032,0.4973,23,0.78755,0.84306,966,3864,DR_primary,5032,5065
19,6,C3,15,5032,0.4973,23,0.78751,0.84303,966,3864,DR_primary,5032,5065
19,6,C0,16,4622,0.4568,23,0.78678,0.84326,966,3864,DR_primary,4622,5064
19,6,C1,16,5037,0.4978,23,0.78692,0.84331,966,3864,DR_primary,5037,5064
19,6,C2,16,5037,0.4978,23,0.78701,0.84352,966,3864,DR_primary,5037,5064
19,6,C3,16,5037,0.4978,23,0.78708,0.84356,966,3864,DR_primary,5037,5064
19,6,C0,17,4660,0.4605,23,0.78651,0.84217,966,3864,DR_primary,4660,5124
19,6,C1,17,5087,0.5027,23,0.78681,0.84232,966,3864,DR_primary,5087,5124
19,6,C2,17,5087,0.5027,23,0.78672,0.84242,966,3864,DR_primary,5087,5124
19,6,C3,17,5087,0.5027,23,0.7867,0.84244,966,3864,DR_primary,5087,5124
19,6,C0,18,4553,0.4499,23,0.78721,0.84361,966,3864,DR_primary,4553,5035
19,6,C1,18,5003,0.4944,23,0.78726,0.8438,966,3864,DR_primary,5003,5035
19,6,C2,18,5003,0.4944,23,0.78724,0.84387,966,3864,DR_primary,5003,5035
19,6,C3,18,5003,0.4944,23,0.78722,0.84385,966,3864,DR_primary,5003,5035
19,6,C0,19,4518,0.4465,23,0.78677,0.84325,966,3864,DR_primary,4518,4991
19,6,C1,19,4978,0.4919,23,0.78685,0.84341,966,3864,DR_primary,4978,4991
19,6,C2,19,4978,0.4919,23,0.78673,0.8434,966,3864,DR_primary,4978,4991
19,6,C3,19,4978,0.4919,23,0.78683,0.84345,966,3864,DR_primary,4978,4991
19,6,C0,20,4626,0.4572,23,0.78674,0.84327,966,3864,DR_primary,4626,5043
19,6,C1,20,5029,0.497,23,0.78653,0.8431,966,3864,DR_primary,5029,5043
19,6,C2,20,5029,0.497,23,0.78659,0.84323,966,3864,DR_primary,5029,5043
19,6,C3,20,5029,0.497,23,0.78658,0.84323,966,3864,DR_primary,5029,5043
19,6,C0,21,4722,0.4666,23,0.78798,0.84415,966,3864,DR_primary,4722,5177
19,6,C1,21,5152,0.5091,23,0.78799,0.84405,966,3864,DR_primary,5152,5177
19,6,C2,21,5152,0.5091,23,0.78809,0.84442,966,3864,DR_primary,5152,5177
19,6,C3,21,5152,0.5091,23,0.78807,0.84444,966,3864,DR_primary,5152,5177
19,6,C0,22,4636,0.4581,23,0.78712,0.84359,966,3864,DR_primary,4636,5103
19,6,C1,22,5076,0.5016,23,0.78707,0.84344,966,3864,DR_primary,5076,5103
19,6,C2,22,5076,0.5016,23,0.78688,0.84343,966,3864,DR_primary,5076,5103
19,6,C3,22,5076,0.5016,23,0.78688,0.84347,966,3864,DR_primary,5076,5103
19,6,C0,23,4572,0.4518,23,0.78665,0.84236,966,3864,DR_primary,4572,5031
19,6,C1,23,5003,0.4944,23,0.78638,0.84218,966,3864,DR_primary,5003,5031
19,6,C2,23,5003,0.4944,23,0.78618,0.84214,966,3864,DR_primary,5003,5031
19,6,C3,23,5003,0.4944,23,0.78627,0.84221,966,3864,DR_primary,5003,5031
19,6,C0,24,4565,0.4511,23,0.78759,0.84386,966,3864,DR_primary,4565,5009
19,6,C1,24,4983,0.4924,23,0.78747,0.8436,966,3864,DR_primary,4983,5009
19,6,C2,24,4983,0.4924,23,0.78725,0.84351,966,3864,DR_primary,4983,5009
19,6,C3,24,4983,0.4924,23,0.78727,0.84358,966,3864,DR_primary,4983,5009
19,6,C0,25,4600,0.4546,23,0.78683,0.84297,966,3864,DR_primary,4600,5040
19,6,C1,25,5016,0.4957,23,0.78661,0.84278,966,3864,DR_primary,5016,5040
19,6,C2,25,5016,0.4957,23,0.78645,0.8428,966,3864,DR_primary,5016,5040
19,6,C3,25,5016,0.4957,23,0.78652,0.84289,966,3864,DR_primary,5016,5040
19,6,C0,26,4625,0.4571,23,0.78649,0.84265,966,3864,DR_primary,4625,5085
19,6,C1,26,5058,0.4999,23,0.78667,0.84284,966,3864,DR_primary,5058,5085
19,6,C2,26,5058,0.4999,23,0.78661,0.84292,966,3864,DR_primary,5058,5085
19,6,C3,26,5058,0.4999,23,0.78664,0.84292,966,3864,DR_primary,5058,5085
19,6,C0,27,4613,0.4559,23,0.78614,0.84266,966,3864,DR_primary,4613,5029
19,6,C1,27,5002,0.4943,23,0.7865,0.84275,966,3864,DR_primary,5002,5029
19,6,C2,27,5002,0.4943,23,0.78626,0.84283,966,3864,DR_primary,5002,5029
19,6,C3,27,5002,0.4943,23,0.78619,0.84273,966,3864,DR_primary,5002,5029
19,6,C0,28,4534,0.4481,23,0.78645,0.8431,966,3864,DR_primary,4534,4990
19,6,C1,28,4966,0.4908,23,0.78662,0.84328,966,3864,DR_primary,4966,4990
19,6,C2,28,4966,0.4908,23,0.78635,0.84317,966,3864,DR_primary,4966,4990
19,6,C3,28,4966,0.4908,23,0.78637,0.84312,966,3864,DR_primary,4966,4990
19,6,C0,29,4629,0.4575,23,0.78732,0.84339,966,3864,DR_primary,4629,5068
19,6,C1,29,5035,0.4976,23,0.78717,0.84328,966,3864,DR_primary,5035,5068
19,6,C2,29,5035,0.4976,23,0.78726,0.84331,966,3864,DR_primary,5035,5068
19,6,C3,29,5035,0.4976,23,0.7874,0.84337,966,3864,DR_primary,5035,5068
19,6,C0,30,4550,0.4496,23,0.78635,0.84264,966,3864,DR_primary,4550,4977
19,6,C1,30,4950,0.4892,23,0.7868,0.84293,966,3864,DR_primary,4950,4977
19,6,C2,30,4950,0.4892,23,0.78651,0.84291,966,3864,DR_primary,4950,4977
19,6,C3,30,4950,0.4892,23,0.78643,0.84282,966,3864,DR_primary,4950,4977
19,7,C0,1,4628,0.4574,23,0.78751,0.84327,966,3864,DR_primary,4628,5087
19,7,C1,1,5062,0.5002,23,0.78728,0.84306,966,3864,DR_primary,5062,5087
19,7,C2,1,5062,0.5002,23,0.78734,0.84311,966,3864,DR_primary,5062,5087
19,7,C3,1,5062,0.5002,23,0.78742,0.84313,966,3864,DR_primary,5062,5087
19,7,C0,2,4593,0.4539,23,0.78645,0.84278,966,3864,DR_primary,4593,5037
19,7,C1,2,5013,0.4954,23,0.7867,0.84312,966,3864,DR_primary,5013,5037
19,7,C2,2,5013,0.4954,23,0.78665,0.8432,966,3864,DR_primary,5013,5037
19,7,C3,2,5013,0.4954,23,0.78661,0.84315,966,3864,DR_primary,5013,5037
19,7,C0,3,4627,0.4573,23,0.78758,0.84322,966,3864,DR_primary,4627,5057
19,7,C1,3,5033,0.4974,23,0.78738,0.84322,966,3864,DR_primary,5033,5057
19,7,C2,3,5033,0.4974,23,0.78777,0.84355,966,3864,DR_primary,5033,5057
19,7,C3,3,5033,0.4974,23,0.78777,0.84352,966,3864,DR_primary,5033,5057
19,7,C0,4,4615,0.4561,23,0.78699,0.84315,966,3864,DR_primary,4615,5055
19,7,C1,4,5026,0.4967,23,0.78702,0.84325,966,3864,DR_primary,5026,5055
19,7,C2,4,5026,0.4967,23,0.78697,0.84333,966,3864,DR_primary,5026,5055
19,7,C3,4,5026,0.4967,23,0.787,0.84335,966,3864,DR_primary,5026,5055
19,7,C0,5,4469,0.4416,23,0.78684,0.84336,966,3864,DR_primary,4469,4908
19,7,C1,5,4895,0.4837,23,0.78712,0.84365,966,3864,DR_primary,4895,4908
19,7,C2,5,4895,0.4837,23,0.78691,0.8435,966,3864,DR_primary,4895,4908
19,7,C3,5,4895,0.4837,23,0.78675,0.84343,966,3864,DR_primary,4895,4908
19,7,C0,6,4648,0.4593,23,0.78776,0.84421,966,3864,DR_primary,4648,5076
19,7,C1,6,5061,0.5001,23,0.78758,0.84391,966,3864,DR_primary,5061,5076
19,7,C2,6,5061,0.5001,23,0.78743,0.84393,966,3864,DR_primary,5061,5076
19,7,C3,6,5061,0.5001,23,0.78749,0.84394,966,3864,DR_primary,5061,5076
19,7,C0,7,4574,0.452,23,0.78544,0.84187,966,3864,DR_primary,4574,5058
19,7,C1,7,5007,0.4948,23,0.78512,0.8416,966,3864,DR_primary,5007,5058
19,7,C2,7,5007,0.4948,23,0.78554,0.84214,966,3864,DR_primary,5007,5058
19,7,C3,7,5007,0.4948,23,0.78551,0.84203,966,3864,DR_primary,5007,5058
19,7,C0,8,4623,0.4569,23,0.78696,0.8433,966,3864,DR_primary,4623,5076
19,7,C1,8,5032,0.4973,23,0.7872,0.84339,966,3864,DR_primary,5032,5076
19,7,C2,8,5032,0.4973,23,0.78703,0.84334,966,3864,DR_primary,5032,5076
19,7,C3,8,5032,0.4973,23,0.78711,0.84341,966,3864,DR_primary,5032,5076
19,7,C0,9,4523,0.447,23,0.78661,0.84263,966,3864,DR_primary,4523,5001
19,7,C1,9,4975,0.4916,23,0.78634,0.84242,966,3864,DR_primary,4975,5001
19,7,C2,9,4975,0.4916,23,0.78633,0.84272,966,3864,DR_primary,4975,5001
19,7,C3,9,4975,0.4916,23,0.78639,0.84274,966,3864,DR_primary,4975,5001
19,7,C0,10,4590,0.4536,23,0.78672,0.84301,966,3864,DR_primary,4590,5040
19,7,C1,10,5018,0.4959,23,0.78658,0.84282,966,3864,DR_primary,5018,5040
19,7,C2,10,5018,0.4959,23,0.7866,0.84309,966,3864,DR_primary,5018,5040
19,7,C3,10,5018,0.4959,23,0.78666,0.84311,966,3864,DR_primary,5018,5040
19,7,C0,11,4554,0.45,23,0.78679,0.84313,966,3864,DR_primary,4554,5027
19,7,C1,11,5001,0.4942,23,0.78674,0.84302,966,3864,DR_primary,5001,5027
19,7,C2,11,5001,0.4942,23,0.78659,0.84292,966,3864,DR_primary,5001,5027
19,7,C3,11,5001,0.4942,23,0.78664,0.84293,966,3864,DR_primary,5001,5027
19,7,C0,12,4667,0.4612,23,0.78692,0.8427,966,3864,DR_primary,4667,5128
19,7,C1,12,5115,0.5055,23,0.78697,0.8428,966,3864,DR_primary,5115,5128
19,7,C2,12,5115,0.5055,23,0.78685,0.84268,966,3864,DR_primary,5115,5128
19,7,C3,12,5115,0.5055,23,0.78692,0.84277,966,3864,DR_primary,5115,5128
19,7,C0,13,4587,0.4533,23,0.78646,0.84229,966,3864,DR_primary,4587,5046
19,7,C1,13,5033,0.4974,23,0.78656,0.84255,966,3864,DR_primary,5033,5046
19,7,C2,13,5033,0.4974,23,0.78645,0.84272,966,3864,DR_primary,5033,5046
19,7,C3,13,5033,0.4974,23,0.78639,0.84269,966,3864,DR_primary,5033,5046
19,7,C0,14,4572,0.4518,23,0.7866,0.84321,966,3864,DR_primary,4572,5005
19,7,C1,14,4971,0.4913,23,0.78669,0.84327,966,3864,DR_primary,4971,5005
19,7,C2,14,4971,0.4913,23,0.78649,0.84313,966,3864,DR_primary,4971,5005
19,7,C3,14,4971,0.4913,23,0.78654,0.84315,966,3864,DR_primary,4971,5005
19,7,C0,15,4601,0.4547,23,0.787,0.84344,966,3864,DR_primary,4601,5030
19,7,C1,15,5004,0.4945,23,0.78702,0.84349,966,3864,DR_primary,5004,5030
19,7,C2,15,5004,0.4945,23,0.78704,0.84344,966,3864,DR_primary,5004,5030
19,7,C3,15,5004,0.4945,23,0.78704,0.84342,966,3864,DR_primary,5004,5030
19,7,C0,16,4574,0.452,23,0.78637,0.84275,966,3864,DR_primary,4574,5002
19,7,C1,16,4966,0.4908,23,0.78624,0.84275,966,3864,DR_primary,4966,5002
19,7,C2,16,4966,0.4908,23,0.78629,0.84272,966,3864,DR_primary,4966,5002
19,7,C3,16,4966,0.4908,23,0.78636,0.84281,966,3864,DR_primary,4966,5002
19,7,C0,17,4651,0.4596,23,0.78704,0.84325,966,3864,DR_primary,4651,5080
19,7,C1,17,5051,0.4992,23,0.78709,0.84313,966,3864,DR_primary,5051,5080
19,7,C2,17,5051,0.4992,23,0.78719,0.84339,966,3864,DR_primary,5051,5080
19,7,C3,17,5051,0.4992,23,0.78721,0.84341,966,3864,DR_primary,5051,5080
19,7,C0,18,4509,0.4456,23,0.78605,0.84275,966,3864,DR_primary,4509,4972
19,7,C1,18,4952,0.4894,23,0.78615,0.84275,966,3864,DR_primary,4952,4972
19,7,C2,18,4952,0.4894,23,0.78604,0.84283,966,3864,DR_primary,4952,4972
19,7,C3,18,4952,0.4894,23,0.786,0.84282,966,3864,DR_primary,4952,4972
19,7,C0,19,4623,0.4569,23,0.78738,0.84381,966,3864,DR_primary,4623,5086
19,7,C1,19,5040,0.4981,23,0.78703,0.84339,966,3864,DR_primary,5040,5086
19,7,C2,19,5040,0.4981,23,0.78703,0.8435,966,3864,DR_primary,5040,5086
19,7,C3,19,5040,0.4981,23,0.78702,0.84347,966,3864,DR_primary,5040,5086
19,7,C0,20,4626,0.4572,23,0.78634,0.84264,966,3864,DR_primary,4626,5049
19,7,C1,20,5020,0.4961,23,0.78652,0.84284,966,3864,DR_primary,5020,5049
19,7,C2,20,5020,0.4961,23,0.78632,0.8428,966,3864,DR_primary,5020,5049
19,7,C3,20,5020,0.4961,23,0.78629,0.84278,966,3864,DR_primary,5020,5049
19,7,C0,21,4560,0.4506,23,0.78652,0.84251,966,3864,DR_primary,4560,4988
19,7,C1,21,4965,0.4907,23,0.78656,0.84262,966,3864,DR_primary,4965,4988
19,7,C2,21,4965,0.4907,23,0.7866,0.84276,966,3864,DR_primary,4965,4988
19,7,C3,21,4965,0.4907,23,0.78659,0.84276,966,3864,DR_primary,4965,4988
19,7,C0,22,4567,0.4513,23,0.78679,0.84281,966,3864,DR_primary,4567,5033
19,7,C1,22,5002,0.4943,23,0.78678,0.84274,966,3864,DR_primary,5002,5033
19,7,C2,22,5002,0.4943,23,0.78677,0.84284,966,3864,DR_primary,5002,5033
19,7,C3,22,5002,0.4943,23,0.78686,0.84288,966,3864,DR_primary,5002,5033
19,7,C0,23,4555,0.4501,23,0.78713,0.84358,966,3864,DR_primary,4555,4970
19,7,C1,23,4952,0.4894,23,0.78683,0.84322,966,3864,DR_primary,4952,4970
19,7,C2,23,4952,0.4894,23,0.78715,0.84349,966,3864,DR_primary,4952,4970
19,7,C3,23,4952,0.4894,23,0.78725,0.84354,966,3864,DR_primary,4952,4970
19,7,C0,24,4537,0.4484,23,0.78709,0.84362,966,3864,DR_primary,4537,4983
19,7,C1,24,4959,0.4901,23,0.7871,0.84361,966,3864,DR_primary,4959,4983
19,7,C2,24,4959,0.4901,23,0.78695,0.84358,966,3864,DR_primary,4959,4983
19,7,C3,24,4959,0.4901,23,0.78694,0.84358,966,3864,DR_primary,4959,4983
19,7,C0,25,4628,0.4574,23,0.78684,0.84322,966,3864,DR_primary,4628,5063
19,7,C1,25,5034,0.4975,23,0.78673,0.84309,966,3864,DR_primary,5034,5063
19,7,C2,25,5034,0.4975,23,0.78672,0.84308,966,3864,DR_primary,5034,5063
19,7,C3,25,5034,0.4975,23,0.78666,0.8431,966,3864,DR_primary,5034,5063
19,7,C0,26,4624,0.457,23,0.78711,0.84315,966,3864,DR_primary,4624,5057
19,7,C1,26,5028,0.4969,23,0.78737,0.84336,966,3864,DR_primary,5028,5057
19,7,C2,26,5028,0.4969,23,0.78731,0.8434,966,3864,DR_primary,5028,5057
19,7,C3,26,5028,0.4969,23,0.78728,0.84347,966,3864,DR_primary,5028,5057
19,7,C0,27,4531,0.4478,23,0.78757,0.84388,966,3864,DR_primary,4531,5003
19,7,C1,27,4972,0.4914,23,0.78759,0.84379,966,3864,DR_primary,4972,5003
19,7,C2,27,4972,0.4914,23,0.78734,0.8436,966,3864,DR_primary,4972,5003
19,7,C3,27,4972,0.4914,23,0.78728,0.84355,966,3864,DR_primary,4972,5003
19,7,C0,28,4547,0.4494,23,0.78731,0.84347,966,3864,DR_primary,4547,4980
19,7,C1,28,4956,0.4898,23,0.78729,0.84351,966,3864,DR_primary,4956,4980
19,7,C2,28,4956,0.4898,23,0.78732,0.84358,966,3864,DR_primary,4956,4980
19,7,C3,28,4956,0.4898,23,0.78741,0.84374,966,3864,DR_primary,4956,4980
19,7,C0,29,4610,0.4556,23,0.78745,0.84373,966,3864,DR_primary,4610,5060
19,7,C1,29,5040,0.4981,23,0.78714,0.84338,966,3864,DR_primary,5040,5060
19,7,C2,29,5040,0.4981,23,0.78708,0.84329,966,3864,DR_primary,5040,5060
19,7,C3,29,5040,0.4981,23,0.78711,0.84337,966,3864,DR_primary,5040,5060
19,7,C0,30,4589,0.4535,23,0.78692,0.84307,966,3864,DR_primary,4589,5035
19,7,C1,30,5004,0.4945,23,0.78678,0.84312,966,3864,DR_primary,5004,5035
19,7,C2,30,5004,0.4945,23,0.78676,0.84313,966,3864,DR_primary,5004,5035
19,7,C3,30,5004,0.4945,23,0.78672,0.84313,966,3864,DR_primary,5004,5035
19,8,C0,1,4598,0.4544,23,0.78676,0.8426,966,3864,DR_primary,4598,5075
19,8,C1,1,5044,0.4985,23,0.78662,0.84256,966,3864,DR_primary,5044,5075
19,8,C2,1,5044,0.4985,23,0.78692,0.84277,966,3864,DR_primary,5044,5075
19,8,C3,1,5044,0.4985,23,0.78673,0.84262,966,3864,DR_primary,5044,5075
19,8,C0,2,4544,0.4491,23,0.78741,0.84317,966,3864,DR_primary,4544,5036
19,8,C1,2,5002,0.4943,23,0.78729,0.84316,966,3864,DR_primary,5002,5036
19,8,C2,2,5002,0.4943,23,0.78726,0.84319,966,3864,DR_primary,5002,5036
19,8,C3,2,5002,0.4943,23,0.78732,0.84326,966,3864,DR_primary,5002,5036
19,8,C0,3,4547,0.4494,23,0.78704,0.84342,966,3864,DR_primary,4547,5017
19,8,C1,3,4987,0.4928,23,0.78682,0.84339,966,3864,DR_primary,4987,5017
19,8,C2,3,4987,0.4928,23,0.78696,0.84361,966,3864,DR_primary,4987,5017
19,8,C3,3,4987,0.4928,23,0.78698,0.84359,966,3864,DR_primary,4987,5017
19,8,C0,4,4599,0.4545,23,0.78746,0.84331,966,3864,DR_primary,4599,5030
19,8,C1,4,4993,0.4934,23,0.78719,0.84307,966,3864,DR_primary,4993,5030
19,8,C2,4,4993,0.4934,23,0.78729,0.84339,966,3864,DR_primary,4993,5030
19,8,C3,4,4993,0.4934,23,0.78733,0.84341,966,3864,DR_primary,4993,5030
19,8,C0,5,4670,0.4615,23,0.78755,0.84384,966,3864,DR_primary,4670,5120
19,8,C1,5,5110,0.505,23,0.78761,0.84368,966,3864,DR_primary,5110,5120
19,8,C2,5,5110,0.505,23,0.78731,0.84363,966,3864,DR_primary,5110,5120
19,8,C3,5,5110,0.505,23,0.78724,0.84364,966,3864,DR_primary,5110,5120
19,8,C0,6,4604,0.455,23,0.78546,0.84172,966,3864,DR_primary,4604,5042
19,8,C1,6,5009,0.495,23,0.78557,0.84188,966,3864,DR_primary,5009,5042
19,8,C2,6,5009,0.495,23,0.78558,0.84212,966,3864,DR_primary,5009,5042
19,8,C3,6,5009,0.495,23,0.7856,0.84205,966,3864,DR_primary,5009,5042
19,8,C0,7,4535,0.4482,23,0.78722,0.84295,966,3864,DR_primary,4535,4996
19,8,C1,7,4964,0.4906,23,0.78744,0.84312,966,3864,DR_primary,4964,4996
19,8,C2,7,4964,0.4906,23,0.78721,0.84312,966,3864,DR_primary,4964,4996
19,8,C3,7,4964,0.4906,23,0.78722,0.84317,966,3864,DR_primary,4964,4996
19,8,C0,8,4577,0.4523,23,0.78599,0.84274,966,3864,DR_primary,4577,5052
19,8,C1,8,5029,0.497,23,0.78612,0.8429,966,3864,DR_primary,5029,5052
19,8,C2,8,5029,0.497,23,0.78636,0.84329,966,3864,DR_primary,5029,5052
19,8,C3,8,5029,0.497,23,0.7863,0.84319,966,3864,DR_primary,5029,5052
19,8,C0,9,4631,0.4577,23,0.78661,0.84304,966,3864,DR_primary,4631,5071
19,8,C1,9,5054,0.4995,23,0.78648,0.84289,966,3864,DR_primary,5054,5071
19,8,C2,9,5054,0.4995,23,0.78633,0.84285,966,3864,DR_primary,5054,5071
19,8,C3,9,5054,0.4995,23,0.78649,0.84295,966,3864,DR_primary,5054,5071
19,8,C0,10,4615,0.4561,23,0.78628,0.84301,966,3864,DR_primary,4615,5056
19,8,C1,10,5036,0.4977,23,0.78662,0.84312,966,3864,DR_primary,5036,5056
19,8,C2,10,5036,0.4977,23,0.78629,0.84293,966,3864,DR_primary,5036,5056
19,8,C3,10,5036,0.4977,23,0.78637,0.84296,966,3864,DR_primary,5036,5056
19,8,C0,11,4586,0.4532,23,0.7866,0.84269,966,3864,DR_primary,4586,5056
19,8,C1,11,5026,0.4967,23,0.78647,0.8426,966,3864,DR_primary,5026,5056
19,8,C2,11,5026,0.4967,23,0.78646,0.84265,966,3864,DR_primary,5026,5056
19,8,C3,11,5026,0.4967,23,0.78644,0.84262,966,3864,DR_primary,5026,5056
19,8,C0,12,4592,0.4538,23,0.7867,0.84285,966,3864,DR_primary,4592,5055
19,8,C1,12,5024,0.4965,23,0.78685,0.84293,966,3864,DR_primary,5024,5055
19,8,C2,12,5024,0.4965,23,0.78704,0.84322,966,3864,DR_primary,5024,5055
19,8,C3,12,5024,0.4965,23,0.78692,0.84308,966,3864,DR_primary,5024,5055
19,8,C0,13,4477,0.4424,23,0.78707,0.84322,966,3864,DR_primary,4477,4971
19,8,C1,13,4945,0.4887,23,0.78701,0.84324,966,3864,DR_primary,4945,4971
19,8,C2,13,4945,0.4887,23,0.78687,0.8432,966,3864,DR_primary,4945,4971
19,8,C3,13,4945,0.4887,23,0.78692,0.84327,966,3864,DR_primary,4945,4971
19,8,C0,14,4681,0.4626,23,0.78739,0.84303,966,3864,DR_primary,4681,5151
19,8,C1,14,5128,0.5068,23,0.78748,0.84306,966,3864,DR_primary,5128,5151
19,8,C2,14,5128,0.5068,23,0.78698,0.84293,966,3864,DR_primary,5128,5151
19,8,C3,14,5128,0.5068,23,0.78713,0.84301,966,3864,DR_primary,5128,5151
19,8,C0,15,4539,0.4486,23,0.78696,0.84335,966,3864,DR_primary,4539,4992
19,8,C1,15,4964,0.4906,23,0.78679,0.84322,966,3864,DR_primary,4964,4992
19,8,C2,15,4964,0.4906,23,0.78683,0.84335,966,3864,DR_primary,4964,4992
19,8,C3,15,4964,0.4906,23,0.78675,0.8433,966,3864,DR_primary,4964,4992
19,8,C0,16,4596,0.4542,23,0.78688,0.84315,966,3864,DR_primary,4596,5066
19,8,C1,16,5036,0.4977,23,0.78661,0.84299,966,3864,DR_primary,5036,5066
19,8,C2,16,5036,0.4977,23,0.78672,0.84309,966,3864,DR_primary,5036,5066
19,8,C3,16,5036,0.4977,23,0.7867,0.84313,966,3864,DR_primary,5036,5066
19,8,C0,17,4532,0.4479,23,0.78765,0.84393,966,3864,DR_primary,4532,5022
19,8,C1,17,4986,0.4927,23,0.78745,0.84372,966,3864,DR_primary,4986,5022
19,8,C2,17,4986,0.4927,23,0.78777,0.84401,966,3864,DR_primary,4986,5022
19,8,C3,17,4986,0.4927,23,0.78771,0.84392,966,3864,DR_primary,4986,5022
19,8,C0,18,4609,0.4555,23,0.7874,0.8437,966,3864,DR_primary,4609,5044
19,8,C1,18,5004,0.4945,23,0.78722,0.84348,966,3864,DR_primary,5004,5044
19,8,C2,18,5004,0.4945,23,0.78697,0.84347,966,3864,DR_primary,5004,5044
19,8,C3,18,5004,0.4945,23,0.78694,0.84342,966,3864,DR_primary,5004,5044
19,8,C0,19,4605,0.4551,23,0.78689,0.84304,966,3864,DR_primary,4605,5084
19,8,C1,19,5051,0.4992,23,0.787,0.84315,966,3864,DR_primary,5051,5084
19,8,C2,19,5051,0.4992,23,0.78669,0.84316,966,3864,DR_primary,5051,5084
19,8,C3,19,5051,0.4992,23,0.78662,0.84315,966,3864,DR_primary,5051,5084
19,8,C0,20,4571,0.4517,23,0.78708,0.84346,966,3864,DR_primary,4571,5027
19,8,C1,20,5003,0.4944,23,0.7872,0.84359,966,3864,DR_primary,5003,5027
19,8,C2,20,5003,0.4944,23,0.78712,0.84364,966,3864,DR_primary,5003,5027
19,8,C3,20,5003,0.4944,23,0.78721,0.84372,966,3864,DR_primary,5003,5027
19,8,C0,21,4582,0.4528,23,0.78746,0.8435,966,3864,DR_primary,4582,5051
19,8,C1,21,5024,0.4965,23,0.78727,0.84339,966,3864,DR_primary,5024,5051
19,8,C2,21,5024,0.4965,23,0.78719,0.84353,966,3864,DR_primary,5024,5051
19,8,C3,21,5024,0.4965,23,0.78717,0.84352,966,3864,DR_primary,5024,5051
19,8,C0,22,4590,0.4536,23,0.7868,0.84305,966,3864,DR_primary,4590,4996
19,8,C1,22,4968,0.491,23,0.7868,0.84294,966,3864,DR_primary,4968,4996
19,8,C2,22,4968,0.491,23,0.7866,0.8429,966,3864,DR_primary,4968,4996
19,8,C3,22,4968,0.491,23,0.78663,0.84294,966,3864,DR_primary,4968,4996
19,8,C0,23,4538,0.4485,23,0.78681,0.8433,966,3864,DR_primary,4538,5005
19,8,C1,23,4978,0.4919,23,0.78708,0.84348,966,3864,DR_primary,4978,5005
19,8,C2,23,4978,0.4919,23,0.78678,0.84338,966,3864,DR_primary,4978,5005
19,8,C3,23,4978,0.4919,23,0.78688,0.8435,966,3864,DR_primary,4978,5005
19,8,C0,24,4471,0.4418,23,0.78752,0.84327,966,3864,DR_primary,4471,4952
19,8,C1,24,4915,0.4857,23,0.78715,0.84285,966,3864,DR_primary,4915,4952
19,8,C2,24,4915,0.4857,23,0.78715,0.84299,966,3864,DR_primary,4915,4952
19,8,C3,24,4915,0.4857,23,0.78714,0.84297,966,3864,DR_primary,4915,4952
19,8,C0,25,4598,0.4544,23,0.78725,0.84307,966,3864,DR_primary,4598,5058
19,8,C1,25,5033,0.4974,23,0.78717,0.84319,966,3864,DR_primary,5033,5058
19,8,C2,25,5033,0.4974,23,0.78713,0.84325,966,3864,DR_primary,5033,5058
19,8,C3,25,5033,0.4974,23,0.78714,0.84327,966,3864,DR_primary,5033,5058
19,8,C0,26,4587,0.4533,23,0.78768,0.84366,966,3864,DR_primary,4587,5041
19,8,C1,26,4996,0.4937,23,0.78725,0.84348,966,3864,DR_primary,4996,5041
19,8,C2,26,4996,0.4937,23,0.78734,0.84352,966,3864,DR_primary,4996,5041
19,8,C3,26,4996,0.4937,23,0.78736,0.84358,966,3864,DR_primary,4996,5041
19,8,C0,27,4616,0.4562,23,0.78627,0.84251,966,3864,DR_primary,4616,5104
19,8,C1,27,5079,0.5019,23,0.78697,0.84293,966,3864,DR_primary,5079,5104
19,8,C2,27,5079,0.5019,23,0.78658,0.84299,966,3864,DR_primary,5079,5104
19,8,C3,27,5079,0.5019,23,0.78655,0.84286,966,3864,DR_primary,5079,5104
19,8,C0,28,4542,0.4489,23,0.78667,0.84286,966,3864,DR_primary,4542,4979
19,8,C1,28,4946,0.4888,23,0.78704,0.84319,966,3864,DR_primary,4946,4979
19,8,C2,28,4946,0.4888,23,0.78699,0.84323,966,3864,DR_primary,4946,4979
19,8,C3,28,4946,0.4888,23,0.78696,0.84317,966,3864,DR_primary,4946,4979
19,8,C0,29,4548,0.4495,23,0.78737,0.84402,966,3864,DR_primary,4548,4980
19,8,C1,29,4943,0.4885,23,0.78744,0.84386,966,3864,DR_primary,4943,4980
19,8,C2,29,4943,0.4885,23,0.78706,0.84358,966,3864,DR_primary,4943,4980
19,8,C3,29,4943,0.4885,23,0.78719,0.84367,966,3864,DR_primary,4943,4980
19,8,C0,30,4588,0.4534,23,0.7878,0.84366,966,3864,DR_primary,4588,5065
19,8,C1,30,5031,0.4972,23,0.78759,0.84359,966,3864,DR_primary,5031,5065
19,8,C2,30,5031,0.4972,23,0.78777,0.84372,966,3864,DR_primary,5031,5065
19,8,C3,30,5031,0.4972,23,0.78764,0.84363,966,3864,DR_primary,5031,5065
19,9,C0,1,4598,0.4544,23,0.78597,0.8425,966,3864,DR_primary,4598,5086
19,9,C1,1,5044,0.4985,23,0.78601,0.84255,966,3864,DR_primary,5044,5086
19,9,C2,1,5044,0.4985,23,0.78619,0.84265,966,3864,DR_primary,5044,5086
19,9,C3,1,5044,0.4985,23,0.78626,0.8427,966,3864,DR_primary,5044,5086
19,9,C0,2,4525,0.4472,23,0.78731,0.84305,966,3864,DR_primary,4525,4974
19,9,C1,2,4951,0.4893,23,0.78745,0.84314,966,3864,DR_primary,4951,4974
19,9,C2,2,4951,0.4893,23,0.78734,0.84318,966,3864,DR_primary,4951,4974
19,9,C3,2,4951,0.4893,23,0.78748,0.84334,966,3864,DR_primary,4951,4974
19,9,C0,3,4637,0.4582,23,0.78696,0.84301,966,3864,DR_primary,4637,5068
19,9,C1,3,5039,0.498,23,0.78706,0.84318,966,3864,DR_primary,5039,5068
19,9,C2,3,5039,0.498,23,0.78697,0.84328,966,3864,DR_primary,5039,5068
19,9,C3,3,5039,0.498,23,0.78707,0.84334,966,3864,DR_primary,5039,5068
19,9,C0,4,4553,0.4499,23,0.78707,0.84327,966,3864,DR_primary,4553,5005
19,9,C1,4,4982,0.4923,23,0.78719,0.84327,966,3864,DR_primary,4982,5005
19,9,C2,4,4982,0.4923,23,0.78691,0.84313,966,3864,DR_primary,4982,5005
19,9,C3,4,4982,0.4923,23,0.78686,0.84307,966,3864,DR_primary,4982,5005
19,9,C0,5,4529,0.4476,23,0.78739,0.84372,966,3864,DR_primary,4529,4997
19,9,C1,5,4967,0.4909,23,0.78755,0.84375,966,3864,DR_primary,4967,4997
19,9,C2,5,4967,0.4909,23,0.78739,0.84384,966,3864,DR_primary,4967,4997
19,9,C3,5,4967,0.4909,23,0.78726,0.84368,966,3864,DR_primary,4967,4997
19,9,C0,6,4610,0.4556,23,0.78714,0.84372,966,3864,DR_primary,4610,5055
19,9,C1,6,5020,0.4961,23,0.78753,0.84401,966,3864,DR_primary,5020,5055
19,9,C2,6,5020,0.4961,23,0.78751,0.84395,966,3864,DR_primary,5020,5055
19,9,C3,6,5020,0.4961,23,0.78755,0.844,966,3864,DR_primary,5020,5055
19,9,C0,7,4545,0.4492,23,0.78654,0.84269,966,3864,DR_primary,4545,5001
19,9,C1,7,4971,0.4913,23,0.78696,0.84302,966,3864,DR_primary,4971,5001
19,9,C2,7,4971,0.4913,23,0.78651,0.84273,966,3864,DR_primary,4971,5001
19,9,C3,7,4971,0.4913,23,0.78664,0.84291,966,3864,DR_primary,4971,5001
19,9,C0,8,4560,0.4506,23,0.78677,0.84311,966,3864,DR_primary,4560,5016
19,9,C1,8,4994,0.4935,23,0.78662,0.84301,966,3864,DR_primary,4994,5016
19,9,C2,8,4994,0.4935,23,0.78639,0.84291,966,3864,DR_primary,4994,5016
19,9,C3,8,4994,0.4935,23,0.78657,0.84306,966,3864,DR_primary,4994,5016
19,9,C0,9,4544,0.4491,23,0.78696,0.84344,966,3864,DR_primary,4544,4985
19,9,C1,9,4961,0.4903,23,0.78701,0.84337,966,3864,DR_primary,4961,4985
19,9,C2,9,4961,0.4903,23,0.78666,0.84323,966,3864,DR_primary,4961,4985
19,9,C3,9,4961,0.4903,23,0.78683,0.84336,966,3864,DR_primary,4961,4985
19,9,C0,10,4560,0.4506,23,0.78671,0.84322,966,3864,DR_primary,4560,5032
19,9,C1,10,4991,0.4932,23,0.78672,0.84323,966,3864,DR_primary,4991,5032
19,9,C2,10,4991,0.4932,23,0.78674,0.84326,966,3864,DR_primary,4991,5032
19,9,C3,10,4991,0.4932,23,0.78675,0.8433,966,3864,DR_primary,4991,5032
19,9,C0,11,4541,0.4488,23,0.78651,0.84296,966,3864,DR_primary,4541,4976
19,9,C1,11,4958,0.49,23,0.7867,0.84312,966,3864,DR_primary,4958,4976
19,9,C2,11,4958,0.49,23,0.78674,0.84323,966,3864,DR_primary,4958,4976
19,9,C3,11,4958,0.49,23,0.78677,0.84322,966,3864,DR_primary,4958,4976
19,9,C0,12,4578,0.4524,23,0.78787,0.84387,966,3864,DR_primary,4578,5008
19,9,C1,12,4975,0.4916,23,0.78739,0.84356,966,3864,DR_primary,4975,5008
19,9,C2,12,4975,0.4916,23,0.78782,0.84395,966,3864,DR_primary,4975,5008
19,9,C3,12,4975,0.4916,23,0.78771,0.84393,966,3864,DR_primary,4975,5008
19,9,C0,13,4591,0.4537,23,0.78762,0.84397,966,3864,DR_primary,4591,5066
19,9,C1,13,5026,0.4967,23,0.78802,0.84428,966,3864,DR_primary,5026,5066
19,9,C2,13,5026,0.4967,23,0.7877,0.84405,966,3864,DR_primary,5026,5066
19,9,C3,13,5026,0.4967,23,0.78766,0.84398,966,3864,DR_primary,5026,5066
19,9,C0,14,4628,0.4574,23,0.78647,0.84269,966,3864,DR_primary,4628,5068
19,9,C1,14,5042,0.4983,23,0.78633,0.84272,966,3864,DR_primary,5042,5068
19,9,C2,14,5042,0.4983,23,0.78661,0.84288,966,3864,DR_primary,5042,5068
19,9,C3,14,5042,0.4983,23,0.78655,0.84292,966,3864,DR_primary,5042,5068
19,9,C0,15,4573,0.4519,23,0.78659,0.84295,966,3864,DR_primary,4573,5038
19,9,C1,15,5008,0.4949,23,0.78629,0.84278,966,3864,DR_primary,5008,5038
19,9,C2,15,5008,0.4949,23,0.78624,0.84286,966,3864,DR_primary,5008,5038
19,9,C3,15,5008,0.4949,23,0.78627,0.84289,966,3864,DR_primary,5008,5038
19,9,C0,16,4590,0.4536,23,0.78699,0.84303,966,3864,DR_primary,4590,5027
19,9,C1,16,4994,0.4935,23,0.78699,0.84316,966,3864,DR_primary,4994,5027
19,9,C2,16,4994,0.4935,23,0.78695,0.84314,966,3864,DR_primary,4994,5027
19,9,C3,16,4994,0.4935,23,0.78695,0.84313,966,3864,DR_primary,4994,5027
19,9,C0,17,4566,0.4512,23,0.78722,0.84328,966,3864,DR_primary,4566,5009
19,9,C1,17,4981,0.4922,23,0.78691,0.84315,966,3864,DR_primary,4981,5009
19,9,C2,17,4981,0.4922,23,0.7868,0.84309,966,3864,DR_primary,4981,5009
19,9,C3,17,4981,0.4922,23,0.78697,0.84314,966,3864,DR_primary,4981,5009
19,9,C0,18,4594,0.454,23,0.78657,0.84294,966,3864,DR_primary,4594,5060
19,9,C1,18,5033,0.4974,23,0.78668,0.84308,966,3864,DR_primary,5033,5060
19,9,C2,18,5033,0.4974,23,0.78681,0.84321,966,3864,DR_primary,5033,5060
19,9,C3,18,5033,0.4974,23,0.78674,0.84314,966,3864,DR_primary,5033,5060
19,9,C0,19,4608,0.4554,23,0.78751,0.84359,966,3864,DR_primary,4608,5030
19,9,C1,19,4993,0.4934,23,0.7875,0.84353,966,3864,DR_primary,4993,5030
19,9,C2,19,4993,0.4934,23,0.78733,0.84339,966,3864,DR_primary,4993,5030
19,9,C3,19,4993,0.4934,23,0.78757,0.84365,966,3864,DR_primary,4993,5030
19,9,C0,20,4553,0.4499,23,0.78683,0.8434,966,3864,DR_primary,4553,5016
19,9,C1,20,4993,0.4934,23,0.78706,0.84368,966,3864,DR_primary,4993,5016
19,9,C2,20,4993,0.4934,23,0.78673,0.84342,966,3864,DR_primary,4993,5016
19,9,C3,20,4993,0.4934,23,0.78672,0.84341,966,3864,DR_primary,4993,5016
19,9,C0,21,4591,0.4537,23,0.78686,0.84326,966,3864,DR_primary,4591,5076
19,9,C1,21,5053,0.4994,23,0.78693,0.8433,966,3864,DR_primary,5053,5076
19,9,C2,21,5053,0.4994,23,0.78701,0.8434,966,3864,DR_primary,5053,5076
19,9,C3,21,5053,0.4994,23,0.78705,0.84345,966,3864,DR_primary,5053,5076
19,9,C0,22,4651,0.4596,23,0.78637,0.8432,966,3864,DR_primary,4651,5089
19,9,C1,22,5055,0.4996,23,0.78665,0.84344,966,3864,DR_primary,5055,5089
19,9,C2,22,5055,0.4996,23,0.78655,0.84348,966,3864,DR_primary,5055,5089
19,9,C3,22,5055,0.4996,23,0.78643,0.84342,966,3864,DR_primary,5055,5089
19,9,C0,23,4601,0.4547,23,0.78791,0.84379,966,3864,DR_primary,4601,5078
19,9,C1,23,5040,0.4981,23,0.78777,0.84364,966,3864,DR_primary,5040,5078
19,9,C2,23,5040,0.4981,23,0.78772,0.8438,966,3864,DR_primary,5040,5078
19,9,C3,23,5040,0.4981,23,0.78774,0.84391,966,3864,DR_primary,5040,5078
19,9,C0,24,4546,0.4493,23,0.78654,0.84279,966,3864,DR_primary,4546,4971
19,9,C1,24,4946,0.4888,23,0.78661,0.84292,966,3864,DR_primary,4946,4971
19,9,C2,24,4946,0.4888,23,0.78627,0.84269,966,3864,DR_primary,4946,4971
19,9,C3,24,4946,0.4888,23,0.7864,0.84285,966,3864,DR_primary,4946,4971
19,9,C0,25,4530,0.4477,23,0.787,0.84326,966,3864,DR_primary,4530,4982
19,9,C1,25,4961,0.4903,23,0.78688,0.84323,966,3864,DR_primary,4961,4982
19,9,C2,25,4961,0.4903,23,0.78706,0.8435,966,3864,DR_primary,4961,4982
19,9,C3,25,4961,0.4903,23,0.78711,0.84356,966,3864,DR_primary,4961,4982
19,9,C0,26,4600,0.4546,23,0.78624,0.84276,966,3864,DR_primary,4600,5103
19,9,C1,26,5067,0.5007,23,0.78665,0.843,966,3864,DR_primary,5067,5103
19,9,C2,26,5067,0.5007,23,0.7862,0.84286,966,3864,DR_primary,5067,5103
19,9,C3,26,5067,0.5007,23,0.78634,0.84296,966,3864,DR_primary,5067,5103
19,9,C0,27,4516,0.4463,23,0.78646,0.84272,966,3864,DR_primary,4516,4991
19,9,C1,27,4973,0.4915,23,0.78661,0.84292,966,3864,DR_primary,4973,4991
19,9,C2,27,4973,0.4915,23,0.78637,0.84268,966,3864,DR_primary,4973,4991
19,9,C3,27,4973,0.4915,23,0.78644,0.84278,966,3864,DR_primary,4973,4991
19,9,C0,28,4561,0.4507,23,0.78728,0.84356,966,3864,DR_primary,4561,5002
19,9,C1,28,4985,0.4926,23,0.78715,0.84334,966,3864,DR_primary,4985,5002
19,9,C2,28,4985,0.4926,23,0.78694,0.84322,966,3864,DR_primary,4985,5002
19,9,C3,28,4985,0.4926,23,0.78695,0.84324,966,3864,DR_primary,4985,5002
19,9,C0,29,4572,0.4518,23,0.78666,0.84303,966,3864,DR_primary,4572,5039
19,9,C1,29,5009,0.495,23,0.78671,0.84297,966,3864,DR_primary,5009,5039
19,9,C2,29,5009,0.495,23,0.7863,0.84287,966,3864,DR_primary,5009,5039
19,9,C3,29,5009,0.495,23,0.78636,0.8429,966,3864,DR_primary,5009,5039
19,9,C0,30,4605,0.4551,23,0.78675,0.84258,966,3864,DR_primary,4605,5068
19,9,C1,30,5025,0.4966,23,0.78662,0.84239,966,3864,DR_primary,5025,5068
19,9,C2,30,5025,0.4966,23,0.78692,0.8429,966,3864,DR_primary,5025,5068
19,9,C3,30,5025,0.4966,23,0.78678,0.8428,966,3864,DR_primary,5025,5068
23,0,C0,1,4677,0.4622,23,0.78715,0.84329,966,3864,DR_primary,4677,5123
23,0,C1,1,5090,0.503,23,0.7871,0.84331,966,3864,DR_primary,5090,5123
23,0,C2,1,5090,0.503,23,0.78751,0.84354,966,3864,DR_primary,5090,5123
23,0,C3,1,5090,0.503,23,0.78736,0.84344,966,3864,DR_primary,5090,5123
23,0,C0,2,4539,0.4486,23,0.7866,0.84289,966,3864,DR_primary,4539,4982
23,0,C1,2,4950,0.4892,23,0.78686,0.84287,966,3864,DR_primary,4950,4982
23,0,C2,2,4950,0.4892,23,0.78661,0.84289,966,3864,DR_primary,4950,4982
23,0,C3,2,4950,0.4892,23,0.78659,0.8429,966,3864,DR_primary,4950,4982
23,0,C0,3,4705,0.465,23,0.78703,0.84344,966,3864,DR_primary,4705,5170
23,0,C1,3,5143,0.5083,23,0.78683,0.8434,966,3864,DR_primary,5143,5170
23,0,C2,3,5143,0.5083,23,0.78684,0.84337,966,3864,DR_primary,5143,5170
23,0,C3,3,5143,0.5083,23,0.78681,0.8433,966,3864,DR_primary,5143,5170
23,0,C0,4,4627,0.4573,23,0.78768,0.84318,966,3864,DR_primary,4627,5069
23,0,C1,4,5022,0.4963,23,0.78759,0.8431,966,3864,DR_primary,5022,5069
23,0,C2,4,5022,0.4963,23,0.78779,0.84336,966,3864,DR_primary,5022,5069
23,0,C3,4,5022,0.4963,23,0.78772,0.84332,966,3864,DR_primary,5022,5069
23,0,C0,5,4599,0.4545,23,0.78682,0.84256,966,3864,DR_primary,4599,5041
23,0,C1,5,5017,0.4958,23,0.78697,0.84274,966,3864,DR_primary,5017,5041
23,0,C2,5,5017,0.4958,23,0.78697,0.84275,966,3864,DR_primary,5017,5041
23,0,C3,5,5017,0.4958,23,0.78703,0.8428,966,3864,DR_primary,5017,5041
23,0,C0,6,4674,0.4619,23,0.78654,0.84295,966,3864,DR_primary,4674,5127
23,0,C1,6,5097,0.5037,23,0.78682,0.84308,966,3864,DR_primary,5097,5127
23,0,C2,6,5097,0.5037,23,0.78655,0.84306,966,3864,DR_primary,5097,5127
23,0,C3,6,5097,0.5037,23,0.78666,0.84311,966,3864,DR_primary,5097,5127
23,0,C0,7,4639,0.4584,23,0.78754,0.84361,966,3864,DR_primary,4639,5027
23,0,C1,7,5019,0.496,23,0.78757,0.8435,966,3864,DR_primary,5019,5027
23,0,C2,7,5019,0.496,23,0.78723,0.84336,966,3864,DR_primary,5019,5027
23,0,C3,7,5019,0.496,23,0.78721,0.84334,966,3864,DR_primary,5019,5027
23,0,C0,8,4579,0.4525,23,0.78694,0.84336,966,3864,DR_primary,4579,5041
23,0,C1,8,5015,0.4956,23,0.78699,0.84345,966,3864,DR_primary,5015,5041
23,0,C2,8,5015,0.4956,23,0.78669,0.84324,966,3864,DR_primary,5015,5041
23,0,C3,8,5015,0.4956,23,0.78672,0.84334,966,3864,DR_primary,5015,5041
23,0,C0,9,4681,0.4626,23,0.78744,0.84339,966,3864,DR_primary,4681,5122
23,0,C1,9,5103,0.5043,23,0.78744,0.84349,966,3864,DR_primary,5103,5122
23,0,C2,9,5103,0.5043,23,0.78759,0.84361,966,3864,DR_primary,5103,5122
23,0,C3,9,5103,0.5043,23,0.78757,0.84363,966,3864,DR_primary,5103,5122
23,0,C0,10,4592,0.4538,23,0.78746,0.84413,966,3864,DR_primary,4592,5065
23,0,C1,10,5031,0.4972,23,0.78749,0.8441,966,3864,DR_primary,5031,5065
23,0,C2,10,5031,0.4972,23,0.78735,0.84411,966,3864,DR_primary,5031,5065
23,0,C3,10,5031,0.4972,23,0.78747,0.84428,966,3864,DR_primary,5031,5065
23,0,C0,11,4614,0.456,23,0.78765,0.8441,966,3864,DR_primary,4614,5054
23,0,C1,11,5032,0.4973,23,0.78748,0.84408,966,3864,DR_primary,5032,5054
23,0,C2,11,5032,0.4973,23,0.78744,0.84409,966,3864,DR_primary,5032,5054
23,0,C3,11,5032,0.4973,23,0.78754,0.84407,966,3864,DR_primary,5032,5054
23,0,C0,12,4585,0.4531,23,0.78717,0.84327,966,3864,DR_primary,4585,5032
23,0,C1,12,5002,0.4943,23,0.78676,0.84299,966,3864,DR_primary,5002,5032
23,0,C2,12,5002,0.4943,23,0.78662,0.84295,966,3864,DR_primary,5002,5032
23,0,C3,12,5002,0.4943,23,0.78667,0.843,966,3864,DR_primary,5002,5032
23,0,C0,13,4478,0.4425,23,0.7873,0.8434,966,3864,DR_primary,4478,4952
23,0,C1,13,4919,0.4861,23,0.78723,0.84326,966,3864,DR_primary,4919,4952
23,0,C2,13,4919,0.4861,23,0.78708,0.84324,966,3864,DR_primary,4919,4952
23,0,C3,13,4919,0.4861,23,0.78701,0.84321,966,3864,DR_primary,4919,4952
23,0,C0,14,4597,0.4543,23,0.78707,0.84355,966,3864,DR_primary,4597,5047
23,0,C1,14,5012,0.4953,23,0.78725,0.84376,966,3864,DR_primary,5012,5047
23,0,C2,14,5012,0.4953,23,0.78703,0.84351,966,3864,DR_primary,5012,5047
23,0,C3,14,5012,0.4953,23,0.78703,0.84348,966,3864,DR_primary,5012,5047
23,0,C0,15,4600,0.4546,23,0.7877,0.84375,966,3864,DR_primary,4600,5062
23,0,C1,15,5027,0.4968,23,0.7875,0.84347,966,3864,DR_primary,5027,5062
23,0,C2,15,5027,0.4968,23,0.78758,0.84382,966,3864,DR_primary,5027,5062
23,0,C3,15,5027,0.4968,23,0.78768,0.84387,966,3864,DR_primary,5027,5062
23,0,C0,16,4561,0.4507,23,0.78698,0.84308,966,3864,DR_primary,4561,5043
23,0,C1,16,5023,0.4964,23,0.78692,0.84292,966,3864,DR_primary,5023,5043
23,0,C2,16,5023,0.4964,23,0.78683,0.84299,966,3864,DR_primary,5023,5043
23,0,C3,16,5023,0.4964,23,0.78693,0.84303,966,3864,DR_primary,5023,5043
23,0,C0,17,4584,0.453,23,0.78816,0.84432,966,3864,DR_primary,4584,5067
23,0,C1,17,5033,0.4974,23,0.78802,0.84425,966,3864,DR_primary,5033,5067
23,0,C2,17,5033,0.4974,23,0.78793,0.84422,966,3864,DR_primary,5033,5067
23,0,C3,17,5033,0.4974,23,0.78804,0.84429,966,3864,DR_primary,5033,5067
23,0,C0,18,4597,0.4543,23,0.78709,0.84305,966,3864,DR_primary,4597,5052
23,0,C1,18,5025,0.4966,23,0.78718,0.8432,966,3864,DR_primary,5025,5052
23,0,C2,18,5025,0.4966,23,0.78702,0.84316,966,3864,DR_primary,5025,5052
23,0,C3,18,5025,0.4966,23,0.78711,0.84321,966,3864,DR_primary,5025,5052
23,0,C0,19,4644,0.4589,23,0.78767,0.84341,966,3864,DR_primary,4644,5087
23,0,C1,19,5050,0.4991,23,0.78781,0.84357,966,3864,DR_primary,5050,5087
23,0,C2,19,5050,0.4991,23,0.78767,0.84357,966,3864,DR_primary,5050,5087
23,0,C3,19,5050,0.4991,23,0.78778,0.84363,966,3864,DR_primary,5050,5087
23,0,C0,20,4552,0.4498,23,0.78688,0.84318,966,3864,DR_primary,4552,4976
23,0,C1,20,4964,0.4906,23,0.78692,0.84313,966,3864,DR_primary,4964,4976
23,0,C2,20,4964,0.4906,23,0.78679,0.84318,966,3864,DR_primary,4964,4976
23,0,C3,20,4964,0.4906,23,0.7867,0.84308,966,3864,DR_primary,4964,4976
23,0,C0,21,4529,0.4476,23,0.78706,0.84345,966,3864,DR_primary,4529,4995
23,0,C1,21,4959,0.4901,23,0.78693,0.84319,966,3864,DR_primary,4959,4995
23,0,C2,21,4959,0.4901,23,0.78688,0.84328,966,3864,DR_primary,4959,4995
23,0,C3,21,4959,0.4901,23,0.78688,0.84321,966,3864,DR_primary,4959,4995
23,0,C0,22,4493,0.444,23,0.78683,0.84296,966,3864,DR_primary,4493,4950
23,0,C1,22,4921,0.4863,23,0.78682,0.843,966,3864,DR_primary,4921,4950
23,0,C2,22,4921,0.4863,23,0.78706,0.84332,966,3864,DR_primary,4921,4950
23,0,C3,22,4921,0.4863,23,0.78704,0.8433,966,3864,DR_primary,4921,4950
23,0,C0,23,4606,0.4552,23,0.78603,0.84261,966,3864,DR_primary,4606,5064
23,0,C1,23,5037,0.4978,23,0.78623,0.84271,966,3864,DR_primary,5037,5064
23,0,C2,23,5037,0.4978,23,0.78598,0.84257,966,3864,DR_primary,5037,5064
23,0,C3,23,5037,0.4978,23,0.78602,0.8426,966,3864,DR_primary,5037,5064
23,0,C0,24,4571,0.4517,23,0.78726,0.84335,966,3864,DR_primary,4571,4991
23,0,C1,24,4980,0.4921,23,0.7869,0.84306,966,3864,DR_primary,4980,4991
23,0,C2,24,4980,0.4921,23,0.78701,0.84321,966,3864,DR_primary,4980,4991
23,0,C3,24,4980,0.4921,23,0.78706,0.84325,966,3864,DR_primary,4980,4991
23,0,C0,25,4610,0.4556,23,0.78837,0.84438,966,3864,DR_primary,4610,5095
23,0,C1,25,5053,0.4994,23,0.78808,0.84408,966,3864,DR_primary,5053,5095
23,0,C2,25,5053,0.4994,23,0.78805,0.84411,966,3864,DR_primary,5053,5095
23,0,C3,25,5053,0.4994,23,0.78812,0.84421,966,3864,DR_primary,5053,5095
23,0,C0,26,4531,0.4478,23,0.78792,0.84427,966,3864,DR_primary,4531,4941
23,0,C1,26,4931,0.4873,23,0.78748,0.84398,966,3864,DR_primary,4931,4941
23,0,C2,26,4931,0.4873,23,0.78747,0.84391,966,3864,DR_primary,4931,4941
23,0,C3,26,4931,0.4873,23,0.78751,0.84391,966,3864,DR_primary,4931,4941
23,0,C0,27,4522,0.4469,23,0.78612,0.84284,966,3864,DR_primary,4522,5002
23,0,C1,27,4969,0.4911,23,0.78627,0.84295,966,3864,DR_primary,4969,5002
23,0,C2,27,4969,0.4911,23,0.78612,0.84297,966,3864,DR_primary,4969,5002
23,0,C3,27,4969,0.4911,23,0.78616,0.84299,966,3864,DR_primary,4969,5002
23,0,C0,28,4600,0.4546,23,0.78665,0.84284,966,3864,DR_primary,4600,5073
23,0,C1,28,5045,0.4986,23,0.78651,0.8428,966,3864,DR_primary,5045,5073
23,0,C2,28,5045,0.4986,23,0.78661,0.84295,966,3864,DR_primary,5045,5073
23,0,C3,28,5045,0.4986,23,0.78657,0.84283,966,3864,DR_primary,5045,5073
23,0,C0,29,4595,0.4541,23,0.78642,0.84259,966,3864,DR_primary,4595,5030
23,0,C1,29,4997,0.4938,23,0.7861,0.84231,966,3864,DR_primary,4997,5030
23,0,C2,29,4997,0.4938,23,0.7862,0.84247,966,3864,DR_primary,4997,5030
23,0,C3,29,4997,0.4938,23,0.78629,0.84256,966,3864,DR_primary,4997,5030
23,0,C0,30,4630,0.4576,23,0.78672,0.84322,966,3864,DR_primary,4630,5076
23,0,C1,30,5055,0.4996,23,0.78674,0.84331,966,3864,DR_primary,5055,5076
23,0,C2,30,5055,0.4996,23,0.78671,0.84326,966,3864,DR_primary,5055,5076
23,0,C3,30,5055,0.4996,23,0.7868,0.84332,966,3864,DR_primary,5055,5076
23,1,C0,1,4596,0.4542,23,0.78801,0.84345,966,3864,DR_primary,4596,5036
23,1,C1,1,5011,0.4952,23,0.78792,0.84335,966,3864,DR_primary,5011,5036
23,1,C2,1,5011,0.4952,23,0.78858,0.84381,966,3864,DR_primary,5011,5036
23,1,C3,1,5011,0.4952,23,0.78844,0.84365,966,3864,DR_primary,5011,5036
23,1,C0,2,4546,0.4493,23,0.78746,0.84345,966,3864,DR_primary,4546,4991
23,1,C1,2,4972,0.4914,23,0.7874,0.84339,966,3864,DR_primary,4972,4991
23,1,C2,2,4972,0.4914,23,0.78728,0.84341,966,3864,DR_primary,4972,4991
23,1,C3,2,4972,0.4914,23,0.78729,0.8434,966,3864,DR_primary,4972,4991
23,1,C0,3,4649,0.4594,23,0.7867,0.84296,966,3864,DR_primary,4649,5124
23,1,C1,3,5084,0.5024,23,0.7867,0.84304,966,3864,DR_primary,5084,5124
23,1,C2,3,5084,0.5024,23,0.7867,0.84311,966,3864,DR_primary,5084,5124
23,1,C3,3,5084,0.5024,23,0.78667,0.84306,966,3864,DR_primary,5084,5124
23,1,C0,4,4596,0.4542,23,0.78761,0.8437,966,3864,DR_primary,4596,5018
23,1,C1,4,4979,0.492,23,0.78728,0.84339,966,3864,DR_primary,4979,5018
23,1,C2,4,4979,0.492,23,0.78701,0.8433,966,3864,DR_primary,4979,5018
23,1,C3,4,4979,0.492,23,0.78698,0.84325,966,3864,DR_primary,4979,5018
23,1,C0,5,4590,0.4536,23,0.7869,0.84342,966,3864,DR_primary,4590,5018
23,1,C1,5,4997,0.4938,23,0.78701,0.84352,966,3864,DR_primary,4997,5018
23,1,C2,5,4997,0.4938,23,0.787,0.84355,966,3864,DR_primary,4997,5018
23,1,C3,5,4997,0.4938,23,0.78699,0.84352,966,3864,DR_primary,4997,5018
23,1,C0,6,4544,0.4491,23,0.78689,0.8431,966,3864,DR_primary,4544,4985
23,1,C1,6,4955,0.4897,23,0.78677,0.84289,966,3864,DR_primary,4955,4985
23,1,C2,6,4955,0.4897,23,0.78659,0.84278,966,3864,DR_primary,4955,4985
23,1,C3,6,4955,0.4897,23,0.78645,0.84271,966,3864,DR_primary,4955,4985
23,1,C0,7,4503,0.445,23,0.78691,0.84357,966,3864,DR_primary,4503,4963
23,1,C1,7,4925,0.4867,23,0.78697,0.84354,966,3864,DR_primary,4925,4963
23,1,C2,7,4925,0.4867,23,0.78707,0.8437,966,3864,DR_primary,4925,4963
23,1,C3,7,4925,0.4867,23,0.7869,0.84356,966,3864,DR_primary,4925,4963
23,1,C0,8,4587,0.4533,23,0.78788,0.84358,966,3864,DR_primary,4587,5039
23,1,C1,8,4998,0.4939,23,0.78754,0.84327,966,3864,DR_primary,4998,5039
23,1,C2,8,4998,0.4939,23,0.78771,0.84358,966,3864,DR_primary,4998,5039
23,1,C3,8,4998,0.4939,23,0.78761,0.8435,966,3864,DR_primary,4998,5039
23,1,C0,9,4610,0.4556,23,0.78739,0.84325,966,3864,DR_primary,4610,5069
23,1,C1,9,5051,0.4992,23,0.78702,0.84308,966,3864,DR_primary,5051,5069
23,1,C2,9,5051,0.4992,23,0.78716,0.84329,966,3864,DR_primary,5051,5069
23,1,C3,9,5051,0.4992,23,0.78694,0.84315,966,3864,DR_primary,5051,5069
23,1,C0,10,4615,0.4561,23,0.78761,0.84363,966,3864,DR_primary,4615,5007
23,1,C1,10,4975,0.4916,23,0.78762,0.84363,966,3864,DR_primary,4975,5007
23,1,C2,10,4975,0.4916,23,0.78758,0.84372,966,3864,DR_primary,4975,5007
23,1,C3,10,4975,0.4916,23,0.78766,0.84375,966,3864,DR_primary,4975,5007
23,1,C0,11,4577,0.4523,23,0.78683,0.84286,966,3864,DR_primary,4577,5029
23,1,C1,11,4986,0.4927,23,0.78699,0.84292,966,3864,DR_primary,4986,5029
23,1,C2,11,4986,0.4927,23,0.78668,0.84279,966,3864,DR_primary,4986,5029
23,1,C3,11,4986,0.4927,23,0.78658,0.84277,966,3864,DR_primary,4986,5029
23,1,C0,12,4652,0.4597,23,0.78731,0.84384,966,3864,DR_primary,4652,5109
23,1,C1,12,5078,0.5018,23,0.78724,0.84363,966,3864,DR_primary,5078,5109
23,1,C2,12,5078,0.5018,23,0.78709,0.84352,966,3864,DR_primary,5078,5109
23,1,C3,12,5078,0.5018,23,0.78714,0.84356,966,3864,DR_primary,5078,5109
23,1,C0,13,4555,0.4501,23,0.78763,0.84337,966,3864,DR_primary,4555,5000
23,1,C1,13,4972,0.4914,23,0.78758,0.84329,966,3864,DR_primary,4972,5000
23,1,C2,13,4972,0.4914,23,0.78751,0.84337,966,3864,DR_primary,4972,5000
23,1,C3,13,4972,0.4914,23,0.78747,0.84332,966,3864,DR_primary,4972,5000
23,1,C0,14,4577,0.4523,23,0.78734,0.84323,966,3864,DR_primary,4577,5044
23,1,C1,14,5018,0.4959,23,0.78723,0.84308,966,3864,DR_primary,5018,5044
23,1,C2,14,5018,0.4959,23,0.78746,0.84336,966,3864,DR_primary,5018,5044
23,1,C3,14,5018,0.4959,23,0.78751,0.84338,966,3864,DR_primary,5018,5044
23,1,C0,15,4553,0.4499,23,0.78682,0.843,966,3864,DR_primary,4553,4968
23,1,C1,15,4945,0.4887,23,0.78677,0.84303,966,3864,DR_primary,4945,4968
23,1,C2,15,4945,0.4887,23,0.7867,0.84288,966,3864,DR_primary,4945,4968
23,1,C3,15,4945,0.4887,23,0.78666,0.84281,966,3864,DR_primary,4945,4968
23,1,C0,16,4590,0.4536,23,0.78738,0.84312,966,3864,DR_primary,4590,5049
23,1,C1,16,5022,0.4963,23,0.78729,0.84308,966,3864,DR_primary,5022,5049
23,1,C2,16,5022,0.4963,23,0.7872,0.84312,966,3864,DR_primary,5022,5049
23,1,C3,16,5022,0.4963,23,0.78722,0.84311,966,3864,DR_primary,5022,5049
23,1,C0,17,4611,0.4557,23,0.78635,0.84299,966,3864,DR_primary,4611,5064
23,1,C1,17,5032,0.4973,23,0.78688,0.84336,966,3864,DR_primary,5032,5064
23,1,C2,17,5032,0.4973,23,0.78678,0.84333,966,3864,DR_primary,5032,5064
23,1,C3,17,5032,0.4973,23,0.78671,0.84329,966,3864,DR_primary,5032,5064
23,1,C0,18,4551,0.4497,23,0.78625,0.84283,966,3864,DR_primary,4551,4986
23,1,C1,18,4965,0.4907,23,0.78619,0.84263,966,3864,DR_primary,4965,4986
23,1,C2,18,4965,0.4907,23,0.78612,0.84274,966,3864,DR_primary,4965,4986
23,1,C3,18,4965,0.4907,23,0.78614,0.84275,966,3864,DR_primary,4965,4986
23,1,C0,19,4603,0.4549,23,0.7863,0.84258,966,3864,DR_primary,4603,5052
23,1,C1,19,5022,0.4963,23,0.78624,0.84246,966,3864,DR_primary,5022,5052
23,1,C2,19,5022,0.4963,23,0.78606,0.84239,966,3864,DR_primary,5022,5052
23,1,C3,19,5022,0.4963,23,0.786,0.84232,966,3864,DR_primary,5022,5052
23,1,C0,20,4682,0.4627,23,0.78674,0.84299,966,3864,DR_primary,4682,5106
23,1,C1,20,5073,0.5013,23,0.78669,0.84298,966,3864,DR_primary,5073,5106
23,1,C2,20,5073,0.5013,23,0.78638,0.84273,966,3864,DR_primary,5073,5106
23,1,C3,20,5073,0.5013,23,0.78645,0.84284,966,3864,DR_primary,5073,5106
23,1,C0,21,4548,0.4495,23,0.78702,0.84333,966,3864,DR_primary,4548,4978
23,1,C1,21,4941,0.4883,23,0.7873,0.84358,966,3864,DR_primary,4941,4978
23,1,C2,21,4941,0.4883,23,0.78706,0.84351,966,3864,DR_primary,4941,4978
23,1,C3,21,4941,0.4883,23,0.7869,0.84332,966,3864,DR_primary,4941,4978
23,1,C0,22,4548,0.4495,23,0.78718,0.84335,966,3864,DR_primary,4548,5010
23,1,C1,22,4978,0.4919,23,0.78738,0.84364,966,3864,DR_primary,4978,5010
23,1,C2,22,4978,0.4919,23,0.78741,0.84373,966,3864,DR_primary,4978,5010
23,1,C3,22,4978,0.4919,23,0.78741,0.84365,966,3864,DR_primary,4978,5010
23,1,C0,23,4500,0.4447,23,0.78678,0.84279,966,3864,DR_primary,4500,4948
23,1,C1,23,4921,0.4863,23,0.78691,0.84277,966,3864,DR_primary,4921,4948
23,1,C2,23,4921,0.4863,23,0.78692,0.84287,966,3864,DR_primary,4921,4948
23,1,C3,23,4921,0.4863,23,0.78693,0.84294,966,3864,DR_primary,4921,4948
23,1,C0,24,4627,0.4573,23,0.78719,0.84351,966,3864,DR_primary,4627,5061
23,1,C1,24,5037,0.4978,23,0.78717,0.84347,966,3864,DR_primary,5037,5061
23,1,C2,24,5037,0.4978,23,0.78724,0.84361,966,3864,DR_primary,5037,5061
23,1,C3,24,5037,0.4978,23,0.78742,0.84381,966,3864,DR_primary,5037,5061
23,1,C0,25,4611,0.4557,23,0.78781,0.84368,966,3864,DR_primary,4611,5062
23,1,C1,25,5024,0.4965,23,0.7878,0.84363,966,3864,DR_primary,5024,5062
23,1,C2,25,5024,0.4965,23,0.78769,0.84364,966,3864,DR_primary,5024,5062
23,1,C3,25,5024,0.4965,23,0.78785,0.84375,966,3864,DR_primary,5024,5062
23,1,C0,26,4577,0.4523,23,0.78739,0.84354,966,3864,DR_primary,4577,5046
23,1,C1,26,5016,0.4957,23,0.78754,0.84372,966,3864,DR_primary,5016,5046
23,1,C2,26,5016,0.4957,23,0.78741,0.84372,966,3864,DR_primary,5016,5046
23,1,C3,26,5016,0.4957,23,0.78731,0.84359,966,3864,DR_primary,5016,5046
23,1,C0,27,4542,0.4489,23,0.78657,0.84265,966,3864,DR_primary,4542,5043
23,1,C1,27,5015,0.4956,23,0.7866,0.84263,966,3864,DR_primary,5015,5043
23,1,C2,27,5015,0.4956,23,0.78648,0.84252,966,3864,DR_primary,5015,5043
23,1,C3,27,5015,0.4956,23,0.78651,0.84258,966,3864,DR_primary,5015,5043
23,1,C0,28,4633,0.4579,23,0.7869,0.84329,966,3864,DR_primary,4633,5099
23,1,C1,28,5068,0.5008,23,0.78663,0.84314,966,3864,DR_primary,5068,5099
23,1,C2,28,5068,0.5008,23,0.78663,0.84317,966,3864,DR_primary,5068,5099
23,1,C3,28,5068,0.5008,23,0.78666,0.84323,966,3864,DR_primary,5068,5099
23,1,C0,29,4588,0.4534,23,0.78668,0.84271,966,3864,DR_primary,4588,5029
23,1,C1,29,4993,0.4934,23,0.78687,0.84296,966,3864,DR_primary,4993,5029
23,1,C2,29,4993,0.4934,23,0.78671,0.8429,966,3864,DR_primary,4993,5029
23,1,C3,29,4993,0.4934,23,0.78666,0.84284,966,3864,DR_primary,4993,5029
23,1,C0,30,4619,0.4565,23,0.7867,0.84312,966,3864,DR_primary,4619,5088
23,1,C1,30,5050,0.4991,23,0.78655,0.84302,966,3864,DR_primary,5050,5088
23,1,C2,30,5050,0.4991,23,0.78674,0.84331,966,3864,DR_primary,5050,5088
23,1,C3,30,5050,0.4991,23,0.78678,0.84335,966,3864,DR_primary,5050,5088
23,2,C0,1,4594,0.454,23,0.7866,0.84317,966,3864,DR_primary,4594,5036
23,2,C1,1,5012,0.4953,23,0.78671,0.8432,966,3864,DR_primary,5012,5036
23,2,C2,1,5012,0.4953,23,0.78708,0.8434,966,3864,DR_primary,5012,5036
23,2,C3,1,5012,0.4953,23,0.787,0.84336,966,3864,DR_primary,5012,5036
23,2,C0,2,4689,0.4634,23,0.78684,0.843,966,3864,DR_primary,4689,5127
23,2,C1,2,5107,0.5047,23,0.78669,0.84298,966,3864,DR_primary,5107,5127
23,2,C2,2,5107,0.5047,23,0.78669,0.84316,966,3864,DR_primary,5107,5127
23,2,C3,2,5107,0.5047,23,0.78665,0.84313,966,3864,DR_primary,5107,5127
23,2,C0,3,4530,0.4477,23,0.78709,0.84332,966,3864,DR_primary,4530,4971
23,2,C1,3,4944,0.4886,23,0.78687,0.84319,966,3864,DR_primary,4944,4971
23,2,C2,3,4944,0.4886,23,0.78675,0.84303,966,3864,DR_primary,4944,4971
23,2,C3,3,4944,0.4886,23,0.78672,0.84303,966,3864,DR_primary,4944,4971
23,2,C0,4,4637,0.4582,23,0.78677,0.84304,966,3864,DR_primary,4637,5077
23,2,C1,4,5039,0.498,23,0.78686,0.84305,966,3864,DR_primary,5039,5077
23,2,C2,4,5039,0.498,23,0.78657,0.84297,966,3864,DR_primary,5039,5077
23,2,C3,4,5039,0.498,23,0.78663,0.84297,966,3864,DR_primary,5039,5077
23,2,C0,5,4530,0.4477,23,0.78757,0.84406,966,3864,DR_primary,4530,4983
23,2,C1,5,4965,0.4907,23,0.78774,0.84423,966,3864,DR_primary,4965,4983
23,2,C2,5,4965,0.4907,23,0.78766,0.84434,966,3864,DR_primary,4965,4983
23,2,C3,5,4965,0.4907,23,0.78767,0.84432,966,3864,DR_primary,4965,4983
23,2,C0,6,4580,0.4526,23,0.78671,0.84315,966,3864,DR_primary,4580,5020
23,2,C1,6,4985,0.4926,23,0.78673,0.84311,966,3864,DR_primary,4985,5020
23,2,C2,6,4985,0.4926,23,0.78664,0.8431,966,3864,DR_primary,4985,5020
23,2,C3,6,4985,0.4926,23,0.78659,0.84308,966,3864,DR_primary,4985,5020
23,2,C0,7,4598,0.4544,23,0.78649,0.84317,966,3864,DR_primary,4598,5052
23,2,C1,7,5027,0.4968,23,0.78615,0.84291,966,3864,DR_primary,5027,5052
23,2,C2,7,5027,0.4968,23,0.78637,0.84313,966,3864,DR_primary,5027,5052
23,2,C3,7,5027,0.4968,23,0.78638,0.84312,966,3864,DR_primary,5027,5052
23,2,C0,8,4557,0.4503,23,0.78695,0.84324,966,3864,DR_primary,4557,5006
23,2,C1,8,4981,0.4922,23,0.78727,0.84357,966,3864,DR_primary,4981,5006
23,2,C2,8,4981,0.4922,23,0.78714,0.84342,966,3864,DR_primary,4981,5006
23,2,C3,8,4981,0.4922,23,0.78707,0.84332,966,3864,DR_primary,4981,5006
23,2,C0,9,4566,0.4512,23,0.7874,0.84363,966,3864,DR_primary,4566,5014
23,2,C1,9,4988,0.4929,23,0.78749,0.84377,966,3864,DR_primary,4988,5014
23,2,C2,9,4988,0.4929,23,0.78748,0.84386,966,3864,DR_primary,4988,5014
23,2,C3,9,4988,0.4929,23,0.78754,0.84392,966,3864,DR_primary,4988,5014
23,2,C0,10,4639,0.4584,23,0.78762,0.84359,966,3864,DR_primary,4639,5079
23,2,C1,10,5049,0.499,23,0.78723,0.84327,966,3864,DR_primary,5049,5079
23,2,C2,10,5049,0.499,23,0.78703,0.8432,966,3864,DR_primary,5049,5079
23,2,C3,10,5049,0.499,23,0.78712,0.8432,966,3864,DR_primary,5049,5079
23,2,C0,11,4535,0.4482,23,0.7865,0.84264,966,3864,DR_primary,4535,4972
23,2,C1,11,4942,0.4884,23,0.78658,0.84259,966,3864,DR_primary,4942,4972
23,2,C2,11,4942,0.4884,23,0.78633,0.84259,966,3864,DR_primary,4942,4972
23,2,C3,11,4942,0.4884,23,0.78635,0.84265,966,3864,DR_primary,4942,4972
23,2,C0,12,4667,0.4612,23,0.78699,0.84337,966,3864,DR_primary,4667,5119
23,2,C1,12,5086,0.5026,23,0.78702,0.84336,966,3864,DR_primary,5086,5119
23,2,C2,12,5086,0.5026,23,0.7868,0.84334,966,3864,DR_primary,5086,5119
23,2,C3,12,5086,0.5026,23,0.78671,0.84323,966,3864,DR_primary,5086,5119
23,2,C0,13,4589,0.4535,23,0.78669,0.84335,966,3864,DR_primary,4589,5046
23,2,C1,13,5010,0.4951,23,0.78689,0.84349,966,3864,DR_primary,5010,5046
23,2,C2,13,5010,0.4951,23,0.78664,0.84339,966,3864,DR_primary,5010,5046
23,2,C3,13,5010,0.4951,23,0.78662,0.84339,966,3864,DR_primary,5010,5046
23,2,C0,14,4555,0.4501,23,0.78663,0.84324,966,3864,DR_primary,4555,5030
23,2,C1,14,4997,0.4938,23,0.78654,0.8432,966,3864,DR_primary,4997,5030
23,2,C2,14,4997,0.4938,23,0.78643,0.84303,966,3864,DR_primary,4997,5030
23,2,C3,14,4997,0.4938,23,0.78648,0.84309,966,3864,DR_primary,4997,5030
23,2,C0,15,4620,0.4566,23,0.78729,0.84416,966,3864,DR_primary,4620,5080
23,2,C1,15,5042,0.4983,23,0.78703,0.84391,966,3864,DR_primary,5042,5080
23,2,C2,15,5042,0.4983,23,0.78685,0.84389,966,3864,DR_primary,5042,5080
23,2,C3,15,5042,0.4983,23,0.78683,0.84392,966,3864,DR_primary,5042,5080
23,2,C0,16,4572,0.4518,23,0.78681,0.84284,966,3864,DR_primary,4572,5050
23,2,C1,16,5030,0.4971,23,0.78673,0.84283,966,3864,DR_primary,5030,5050
23,2,C2,16,5030,0.4971,23,0.78676,0.84292,966,3864,DR_primary,5030,5050
23,2,C3,16,5030,0.4971,23,0.78674,0.8429,966,3864,DR_primary,5030,5050
23,2,C0,17,4607,0.4553,23,0.78736,0.84355,966,3864,DR_primary,4607,5026
23,2,C1,17,5003,0.4944,23,0.78751,0.84364,966,3864,DR_primary,5003,5026
23,2,C2,17,5003,0.4944,23,0.78727,0.84357,966,3864,DR_primary,5003,5026
23,2,C3,17,5003,0.4944,23,0.78733,0.84362,966,3864,DR_primary,5003,5026
23,2,C0,18,4513,0.446,23,0.78731,0.84359,966,3864,DR_primary,4513,4983
23,2,C1,18,4956,0.4898,23,0.78725,0.84355,966,3864,DR_primary,4956,4983
23,2,C2,18,4956,0.4898,23,0.78723,0.84365,966,3864,DR_primary,4956,4983
23,2,C3,18,4956,0.4898,23,0.7873,0.84372,966,3864,DR_primary,4956,4983
23,2,C0,19,4509,0.4456,23,0.78698,0.84299,966,3864,DR_primary,4509,4971
23,2,C1,19,4948,0.489,23,0.7868,0.84263,966,3864,DR_primary,4948,4971
23,2,C2,19,4948,0.489,23,0.78673,0.84283,966,3864,DR_primary,4948,4971
23,2,C3,19,4948,0.489,23,0.7867,0.84283,966,3864,DR_primary,4948,4971
23,2,C0,20,4683,0.4628,23,0.7867,0.84303,966,3864,DR_primary,4683,5146
23,2,C1,20,5116,0.5056,23,0.78674,0.84323,966,3864,DR_primary,5116,5146
23,2,C2,20,5116,0.5056,23,0.78663,0.8433,966,3864,DR_primary,5116,5146
23,2,C3,20,5116,0.5056,23,0.78664,0.84326,966,3864,DR_primary,5116,5146
23,2,C0,21,4584,0.453,23,0.78756,0.84439,966,3864,DR_primary,4584,5022
23,2,C1,21,4996,0.4937,23,0.78742,0.84414,966,3864,DR_primary,4996,5022
23,2,C2,21,4996,0.4937,23,0.78707,0.84393,966,3864,DR_primary,4996,5022
23,2,C3,21,4996,0.4937,23,0.78718,0.84399,966,3864,DR_primary,4996,5022
23,2,C0,22,4599,0.4545,23,0.78632,0.84301,966,3864,DR_primary,4599,5046
23,2,C1,22,5009,0.495,23,0.78605,0.84292,966,3864,DR_primary,5009,5046
23,2,C2,22,5009,0.495,23,0.78626,0.84298,966,3864,DR_primary,5009,5046
23,2,C3,22,5009,0.495,23,0.78635,0.84307,966,3864,DR_primary,5009,5046
23,2,C0,23,4548,0.4495,23,0.78703,0.84306,966,3864,DR_primary,4548,4984
23,2,C1,23,4964,0.4906,23,0.78719,0.84322,966,3864,DR_primary,4964,4984
23,2,C2,23,4964,0.4906,23,0.78706,0.8433,966,3864,DR_primary,4964,4984
23,2,C3,23,4964,0.4906,23,0.78718,0.84338,966,3864,DR_primary,4964,4984
23,2,C0,24,4646,0.4591,23,0.78834,0.8441,966,3864,DR_primary,4646,5107
23,2,C1,24,5063,0.5003,23,0.78823,0.84408,966,3864,DR_primary,5063,5107
23,2,C2,24,5063,0.5003,23,0.78821,0.84419,966,3864,DR_primary,5063,5107
23,2,C3,24,5063,0.5003,23,0.78818,0.84406,966,3864,DR_primary,5063,5107
23,2,C0,25,4597,0.4543,23,0.78648,0.84269,966,3864,DR_primary,4597,5050
23,2,C1,25,5021,0.4962,23,0.78643,0.84265,966,3864,DR_primary,5021,5050
23,2,C2,25,5021,0.4962,23,0.78636,0.84263,966,3864,DR_primary,5021,5050
23,2,C3,25,5021,0.4962,23,0.78634,0.84256,966,3864,DR_primary,5021,5050
23,2,C0,26,4609,0.4555,23,0.78739,0.84327,966,3864,DR_primary,4609,5044
23,2,C1,26,5015,0.4956,23,0.78743,0.84327,966,3864,DR_primary,5015,5044
23,2,C2,26,5015,0.4956,23,0.78732,0.84331,966,3864,DR_primary,5015,5044
23,2,C3,26,5015,0.4956,23,0.78737,0.84338,966,3864,DR_primary,5015,5044
23,2,C0,27,4571,0.4517,23,0.7873,0.84344,966,3864,DR_primary,4571,5024
23,2,C1,27,4996,0.4937,23,0.78735,0.84335,966,3864,DR_primary,4996,5024
23,2,C2,27,4996,0.4937,23,0.78714,0.84332,966,3864,DR_primary,4996,5024
23,2,C3,27,4996,0.4937,23,0.78719,0.84333,966,3864,DR_primary,4996,5024
23,2,C0,28,4606,0.4552,23,0.78641,0.8426,966,3864,DR_primary,4606,5047
23,2,C1,28,5023,0.4964,23,0.78659,0.84261,966,3864,DR_primary,5023,5047
23,2,C2,28,5023,0.4964,23,0.78631,0.84264,966,3864,DR_primary,5023,5047
23,2,C3,28,5023,0.4964,23,0.78628,0.84254,966,3864,DR_primary,5023,5047
23,2,C0,29,4596,0.4542,23,0.78791,0.84399,966,3864,DR_primary,4596,5071
23,2,C1,29,5029,0.497,23,0.78755,0.84366,966,3864,DR_primary,5029,5071
23,2,C2,29,5029,0.497,23,0.78754,0.84371,966,3864,DR_primary,5029,5071
23,2,C3,29,5029,0.497,23,0.78748,0.84363,966,3864,DR_primary,5029,5071
23,2,C0,30,4555,0.4501,23,0.78739,0.84301,966,3864,DR_primary,4555,4991
23,2,C1,30,4973,0.4915,23,0.78753,0.84325,966,3864,DR_primary,4973,4991
23,2,C2,30,4973,0.4915,23,0.78739,0.84335,966,3864,DR_primary,4973,4991
23,2,C3,30,4973,0.4915,23,0.78734,0.84331,966,3864,DR_primary,4973,4991
23,3,C0,1,4652,0.4597,23,0.78729,0.84344,966,3864,DR_primary,4652,5098
23,3,C1,1,5069,0.5009,23,0.78716,0.84329,966,3864,DR_primary,5069,5098
23,3,C2,1,5069,0.5009,23,0.78751,0.84347,966,3864,DR_primary,5069,5098
23,3,C3,1,5069,0.5009,23,0.78754,0.84349,966,3864,DR_primary,5069,5098
23,3,C0,2,4632,0.4578,23,0.7869,0.84277,966,3864,DR_primary,4632,5072
23,3,C1,2,5050,0.4991,23,0.78681,0.84279,966,3864,DR_primary,5050,5072
23,3,C2,2,5050,0.4991,23,0.7868,0.84281,966,3864,DR_primary,5050,5072
23,3,C3,2,5050,0.4991,23,0.78685,0.84293,966,3864,DR_primary,5050,5072
23,3,C0,3,4660,0.4605,23,0.78616,0.84249,966,3864,DR_primary,4660,5117
23,3,C1,3,5083,0.5023,23,0.78633,0.84246,966,3864,DR_primary,5083,5117
23,3,C2,3,5083,0.5023,23,0.78651,0.84282,966,3864,DR_primary,5083,5117
23,3,C3,3,5083,0.5023,23,0.78639,0.84278,966,3864,DR_primary,5083,5117
23,3,C0,4,4648,0.4593,23,0.78662,0.84241,966,3864,DR_primary,4648,5083
23,3,C1,4,5068,0.5008,23,0.78689,0.84256,966,3864,DR_primary,5068,5083
23,3,C2,4,5068,0.5008,23,0.7867,0.84249,966,3864,DR_primary,5068,5083
23,3,C3,4,5068,0.5008,23,0.78671,0.84249,966,3864,DR_primary,5068,5083
23,3,C0,5,4593,0.4539,23,0.78678,0.84314,966,3864,DR_primary,4593,5081
23,3,C1,5,5040,0.4981,23,0.78673,0.84313,966,3864,DR_primary,5040,5081
23,3,C2,5,5040,0.4981,23,0.78658,0.84323,966,3864,DR_primary,5040,5081
23,3,C3,5,5040,0.4981,23,0.7865,0.84311,966,3864,DR_primary,5040,5081
23,3,C0,6,4679,0.4624,23,0.78739,0.84379,966,3864,DR_primary,4679,5089
23,3,C1,6,5067,0.5007,23,0.78747,0.84381,966,3864,DR_primary,5067,5089
23,3,C2,6,5067,0.5007,23,0.78731,0.8437,966,3864,DR_primary,5067,5089
23,3,C3,6,5067,0.5007,23,0.78732,0.84364,966,3864,DR_primary,5067,5089
23,3,C0,7,4626,0.4572,23,0.78699,0.84347,966,3864,DR_primary,4626,5074
23,3,C1,7,5037,0.4978,23,0.78694,0.84312,966,3864,DR_primary,5037,5074
23,3,C2,7,5037,0.4978,23,0.78685,0.84327,966,3864,DR_primary,5037,5074
23,3,C3,7,5037,0.4978,23,0.78689,0.84335,966,3864,DR_primary,5037,5074
23,3,C0,8,4515,0.4462,23,0.78631,0.84296,966,3864,DR_primary,4515,4974
23,3,C1,8,4944,0.4886,23,0.78651,0.84301,966,3864,DR_primary,4944,4974
23,3,C2,8,4944,0.4886,23,0.78633,0.84298,966,3864,DR_primary,4944,4974
23,3,C3,8,4944,0.4886,23,0.78642,0.84305,966,3864,DR_primary,4944,4974
23,3,C0,9,4593,0.4539,23,0.78766,0.84379,966,3864,DR_primary,4593,5024
23,3,C1,9,4983,0.4924,23,0.78755,0.8437,966,3864,DR_primary,4983,5024
23,3,C2,9,4983,0.4924,23,0.78791,0.84402,966,3864,DR_primary,4983,5024
23,3,C3,9,4983,0.4924,23,0.78774,0.84391,966,3864,DR_primary,4983,5024
23,3,C0,10,4650,0.4595,23,0.78745,0.84331,966,3864,DR_primary,4650,5084
23,3,C1,10,5063,0.5003,23,0.78717,0.84318,966,3864,DR_primary,5063,5084
23,3,C2,10,5063,0.5003,23,0.78706,0.84331,966,3864,DR_primary,5063,5084
23,3,C3,10,5063,0.5003,23,0.78707,0.84337,966,3864,DR_primary,5063,5084
23,3,C0,11,4677,0.4622,23,0.78694,0.84287,966,3864,DR_primary,4677,5130
23,3,C1,11,5101,0.5041,23,0.78682,0.84286,966,3864,DR_primary,5101,5130
23,3,C2,11,5101,0.5041,23,0.78684,0.84293,966,3864,DR_primary,5101,5130
23,3,C3,11,5101,0.5041,23,0.78689,0.84292,966,3864,DR_primary,5101,5130
23,3,C0,12,4605,0.4551,23,0.78711,0.8434,966,3864,DR_primary,4605,5055
23,3,C1,12,5014,0.4955,23,0.78714,0.84312,966,3864,DR_primary,5014,5055
23,3,C2,12,5014,0.4955,23,0.7869,0.84308,966,3864,DR_primary,5014,5055
23,3,C3,12,5014,0.4955,23,0.78687,0.84291,966,3864,DR_primary,5014,5055
23,3,C0,13,4507,0.4454,23,0.7869,0.84306,966,3864,DR_primary,4507,4956
23,3,C1,13,4936,0.4878,23,0.78736,0.84346,966,3864,DR_primary,4936,4956
23,3,C2,13,4936,0.4878,23,0.787,0.8433,966,3864,DR_primary,4936,4956
23,3,C3,13,4936,0.4878,23,0.78706,0.84334,966,3864,DR_primary,4936,4956
23,3,C0,14,4540,0.4487,23,0.78669,0.84287,966,3864,DR_primary,4540,5001
23,3,C1,14,4970,0.4912,23,0.78688,0.84308,966,3864,DR_primary,4970,5001
23,3,C2,14,4970,0.4912,23,0.78686,0.84314,966,3864,DR_primary,4970,5001
23,3,C3,14,4970,0.4912,23,0.78683,0.84314,966,3864,DR_primary,4970,5001
23,3,C0,15,4545,0.4492,23,0.78676,0.84327,966,3864,DR_primary,4545,5039
23,3,C1,15,5008,0.4949,23,0.78678,0.84336,966,3864,DR_primary,5008,5039
23,3,C2,15,5008,0.4949,23,0.78652,0.84326,966,3864,DR_primary,5008,5039
23,3,C3,15,5008,0.4949,23,0.78656,0.84325,966,3864,DR_primary,5008,5039
23,3,C0,16,4558,0.4504,23,0.78695,0.84314,966,3864,DR_primary,4558,5035
23,3,C1,16,5009,0.495,23,0.78701,0.84325,966,3864,DR_primary,5009,5035
23,3,C2,16,5009,0.495,23,0.7867,0.84308,966,3864,DR_primary,5009,5035
23,3,C3,16,5009,0.495,23,0.78662,0.84297,966,3864,DR_primary,5009,5035
23,3,C0,17,4545,0.4492,23,0.78653,0.84252,966,3864,DR_primary,4545,5008
23,3,C1,17,4979,0.492,23,0.78639,0.84258,966,3864,DR_primary,4979,5008
23,3,C2,17,4979,0.492,23,0.78645,0.84265,966,3864,DR_primary,4979,5008
23,3,C3,17,4979,0.492,23,0.78654,0.84269,966,3864,DR_primary,4979,5008
23,3,C0,18,4637,0.4582,23,0.78665,0.84298,966,3864,DR_primary,4637,5096
23,3,C1,18,5074,0.5014,23,0.78669,0.84295,966,3864,DR_primary,5074,5096
23,3,C2,18,5074,0.5014,23,0.78631,0.84297,966,3864,DR_primary,5074,5096
23,3,C3,18,5074,0.5014,23,0.78637,0.843,966,3864,DR_primary,5074,5096
23,3,C0,19,4551,0.4497,23,0.78747,0.84358,966,3864,DR_primary,4551,4986
23,3,C1,19,4961,0.4903,23,0.78745,0.84357,966,3864,DR_primary,4961,4986
23,3,C2,19,4961,0.4903,23,0.78748,0.84364,966,3864,DR_primary,4961,4986
23,3,C3,19,4961,0.4903,23,0.78746,0.84362,966,3864,DR_primary,4961,4986
23,3,C0,20,4537,0.4484,23,0.78735,0.84338,966,3864,DR_primary,4537,4999
23,3,C1,20,4961,0.4903,23,0.78731,0.84336,966,3864,DR_primary,4961,4999
23,3,C2,20,4961,0.4903,23,0.78728,0.84346,966,3864,DR_primary,4961,4999
23,3,C3,20,4961,0.4903,23,0.78724,0.8434,966,3864,DR_primary,4961,4999
23,3,C0,21,4597,0.4543,23,0.78619,0.84283,966,3864,DR_primary,4597,5044
23,3,C1,21,5016,0.4957,23,0.78645,0.84292,966,3864,DR_primary,5016,5044
23,3,C2,21,5016,0.4957,23,0.7865,0.84295,966,3864,DR_primary,5016,5044
23,3,C3,21,5016,0.4957,23,0.78654,0.84297,966,3864,DR_primary,5016,5044
23,3,C0,22,4629,0.4575,23,0.78663,0.84325,966,3864,DR_primary,4629,5078
23,3,C1,22,5053,0.4994,23,0.78597,0.84269,966,3864,DR_primary,5053,5078
23,3,C2,22,5053,0.4994,23,0.7862,0.84288,966,3864,DR_primary,5053,5078
23,3,C3,22,5053,0.4994,23,0.78608,0.84274,966,3864,DR_primary,5053,5078
23,3,C0,23,4555,0.4501,23,0.78663,0.84318,966,3864,DR_primary,4555,5021
23,3,C1,23,4985,0.4926,23,0.78667,0.84297,966,3864,DR_primary,4985,5021
23,3,C2,23,4985,0.4926,23,0.78663,0.84312,966,3864,DR_primary,4985,5021
23,3,C3,23,4985,0.4926,23,0.78658,0.84302,966,3864,DR_primary,4985,5021
23,3,C0,24,4585,0.4531,23,0.78711,0.84316,966,3864,DR_primary,4585,5043
23,3,C1,24,4995,0.4936,23,0.78735,0.84319,966,3864,DR_primary,4995,5043
23,3,C2,24,4995,0.4936,23,0.78724,0.8433,966,3864,DR_primary,4995,5043
23,3,C3,24,4995,0.4936,23,0.78738,0.84334,966,3864,DR_primary,4995,5043
23,3,C0,25,4605,0.4551,23,0.78657,0.84283,966,3864,DR_primary,4605,5051
23,3,C1,25,5003,0.4944,23,0.78655,0.84281,966,3864,DR_primary,5003,5051
23,3,C2,25,5003,0.4944,23,0.78645,0.84293,966,3864,DR_primary,5003,5051
23,3,C3,25,5003,0.4944,23,0.78662,0.84305,966,3864,DR_primary,5003,5051
23,3,C0,26,4600,0.4546,23,0.78823,0.84391,966,3864,DR_primary,4600,5036
23,3,C1,26,5001,0.4942,23,0.78807,0.84383,966,3864,DR_primary,5001,5036
23,3,C2,26,5001,0.4942,23,0.78784,0.84381,966,3864,DR_primary,5001,5036
23,3,C3,26,5001,0.4942,23,0.78774,0.84369,966,3864,DR_primary,5001,5036
23,3,C0,27,4669,0.4614,23,0.78656,0.84303,966,3864,DR_primary,4669,5105
23,3,C1,27,5092,0.5032,23,0.78652,0.84302,966,3864,DR_primary,5092,5105
23,3,C2,27,5092,0.5032,23,0.78668,0.84323,966,3864,DR_primary,5092,5105
23,3,C3,27,5092,0.5032,23,0.78667,0.84324,966,3864,DR_primary,5092,5105
23,3,C0,28,4621,0.4567,23,0.78706,0.84347,966,3864,DR_primary,4621,5070
23,3,C1,28,5036,0.4977,23,0.78692,0.84338,966,3864,DR_primary,5036,5070
23,3,C2,28,5036,0.4977,23,0.78692,0.84328,966,3864,DR_primary,5036,5070
23,3,C3,28,5036,0.4977,23,0.7869,0.84327,966,3864,DR_primary,5036,5070
23,3,C0,29,4508,0.4455,23,0.78764,0.84326,966,3864,DR_primary,4508,4963
23,3,C1,29,4926,0.4868,23,0.78796,0.84369,966,3864,DR_primary,4926,4963
23,3,C2,29,4926,0.4868,23,0.78791,0.84365,966,3864,DR_primary,4926,4963
23,3,C3,29,4926,0.4868,23,0.7879,0.84365,966,3864,DR_primary,4926,4963
23,3,C0,30,4522,0.4469,23,0.78678,0.84282,966,3864,DR_primary,4522,4982
23,3,C1,30,4950,0.4892,23,0.78685,0.84299,966,3864,DR_primary,4950,4982
23,3,C2,30,4950,0.4892,23,0.78664,0.84319,966,3864,DR_primary,4950,4982
23,3,C3,30,4950,0.4892,23,0.78674,0.84328,966,3864,DR_primary,4950,4982
23,4,C0,1,4574,0.452,23,0.7869,0.84309,966,3864,DR_primary,4574,5038
23,4,C1,1,5005,0.4946,23,0.78703,0.84313,966,3864,DR_primary,5005,5038
23,4,C2,1,5005,0.4946,23,0.78734,0.84338,966,3864,DR_primary,5005,5038
23,4,C3,1,5005,0.4946,23,0.78734,0.84335,966,3864,DR_primary,5005,5038
23,4,C0,2,4673,0.4618,23,0.78669,0.84324,966,3864,DR_primary,4673,5121
23,4,C1,2,5102,0.5042,23,0.78655,0.8433,966,3864,DR_primary,5102,5121
23,4,C2,2,5102,0.5042,23,0.78652,0.84323,966,3864,DR_primary,5102,5121
23,4,C3,2,5102,0.5042,23,0.78657,0.84332,966,3864,DR_primary,5102,5121
23,4,C0,3,4631,0.4577,23,0.78628,0.84289,966,3864,DR_primary,4631,5057
23,4,C1,3,5034,0.4975,23,0.78635,0.84307,966,3864,DR_primary,5034,5057
23,4,C2,3,5034,0.4975,23,0.78613,0.843,966,3864,DR_primary,5034,5057
23,4,C3,3,5034,0.4975,23,0.78626,0.84318,966,3864,DR_primary,5034,5057
23,4,C0,4,4623,0.4569,23,0.78711,0.84315,966,3864,DR_primary,4623,5093
23,4,C1,4,5064,0.5004,23,0.78734,0.84334,966,3864,DR_primary,5064,5093
23,4,C2,4,5064,0.5004,23,0.78737,0.84351,966,3864,DR_primary,5064,5093
23,4,C3,4,5064,0.5004,23,0.78723,0.84344,966,3864,DR_primary,5064,5093
23,4,C0,5,4615,0.4561,23,0.78618,0.84216,966,3864,DR_primary,4615,5061
23,4,C1,5,5032,0.4973,23,0.78633,0.84218,966,3864,DR_primary,5032,5061
23,4,C2,5,5032,0.4973,23,0.78625,0.84231,966,3864,DR_primary,5032,5061
23,4,C3,5,5032,0.4973,23,0.78618,0.84222,966,3864,DR_primary,5032,5061
23,4,C0,6,4606,0.4552,23,0.78764,0.84369,966,3864,DR_primary,4606,5093
23,4,C1,6,5053,0.4994,23,0.78719,0.84328,966,3864,DR_primary,5053,5093
23,4,C2,6,5053,0.4994,23,0.78709,0.8433,966,3864,DR_primary,5053,5093
23,4,C3,6,5053,0.4994,23,0.78705,0.84327,966,3864,DR_primary,5053,5093
23,4,C0,7,4637,0.4582,23,0.78722,0.84342,966,3864,DR_primary,4637,5080
23,4,C1,7,5060,0.5,23,0.78712,0.84344,966,3864,DR_primary,5060,5080
23,4,C2,7,5060,0.5,23,0.78678,0.8432,966,3864,DR_primary,5060,5080
23,4,C3,7,5060,0.5,23,0.78672,0.84312,966,3864,DR_primary,5060,5080
23,4,C0,8,4597,0.4543,23,0.78732,0.8435,966,3864,DR_primary,4597,5052
23,4,C1,8,5017,0.4958,23,0.78724,0.84328,966,3864,DR_primary,5017,5052
23,4,C2,8,5017,0.4958,23,0.78722,0.84348,966,3864,DR_primary,5017,5052
23,4,C3,8,5017,0.4958,23,0.78712,0.84336,966,3864,DR_primary,5017,5052
23,4,C0,9,4625,0.4571,23,0.78751,0.84343,966,3864,DR_primary,4625,5090
23,4,C1,9,5066,0.5006,23,0.78742,0.84345,966,3864,DR_primary,5066,5090
23,4,C2,9,5066,0.5006,23,0.78749,0.84363,966,3864,DR_primary,5066,5090
23,4,C3,9,5066,0.5006,23,0.78749,0.8436,966,3864,DR_primary,5066,5090
23,4,C0,10,4615,0.4561,23,0.78658,0.8425,966,3864,DR_primary,4615,5055
23,4,C1,10,5031,0.4972,23,0.78651,0.84252,966,3864,DR_primary,5031,5055
23,4,C2,10,5031,0.4972,23,0.78649,0.84266,966,3864,DR_primary,5031,5055
23,4,C3,10,5031,0.4972,23,0.78642,0.84251,966,3864,DR_primary,5031,5055
23,4,C0,11,4566,0.4512,23,0.78703,0.8431,966,3864,DR_primary,4566,5005
23,4,C1,11,4973,0.4915,23,0.78695,0.84307,966,3864,DR_primary,4973,5005
23,4,C2,11,4973,0.4915,23,0.78688,0.84309,966,3864,DR_primary,4973,5005
23,4,C3,11,4973,0.4915,23,0.78679,0.84301,966,3864,DR_primary,4973,5005
23,4,C0,12,4627,0.4573,23,0.7864,0.84319,966,3864,DR_primary,4627,5100
23,4,C1,12,5062,0.5002,23,0.78688,0.84344,966,3864,DR_primary,5062,5100
23,4,C2,12,5062,0.5002,23,0.78655,0.8434,966,3864,DR_primary,5062,5100
23,4,C3,12,5062,0.5002,23,0.78662,0.84338,966,3864,DR_primary,5062,5100
23,4,C0,13,4556,0.4502,23,0.78686,0.84288,966,3864,DR_primary,4556,5033
23,4,C1,13,5002,0.4943,23,0.78701,0.84306,966,3864,DR_primary,5002,5033
23,4,C2,13,5002,0.4943,23,0.78692,0.84302,966,3864,DR_primary,5002,5033
23,4,C3,13,5002,0.4943,23,0.78702,0.84311,966,3864,DR_primary,5002,5033
23,4,C0,14,4598,0.4544,23,0.78705,0.84307,966,3864,DR_primary,4598,5103
23,4,C1,14,5056,0.4997,23,0.78687,0.84302,966,3864,DR_primary,5056,5103
23,4,C2,14,5056,0.4997,23,0.78706,0.8431,966,3864,DR_primary,5056,5103
23,4,C3,14,5056,0.4997,23,0.78695,0.84307,966,3864,DR_primary,5056,5103
23,4,C0,15,4600,0.4546,23,0.787,0.84302,966,3864,DR_primary,4600,5042
23,4,C1,15,5014,0.4955,23,0.78719,0.84324,966,3864,DR_primary,5014,5042
23,4,C2,15,5014,0.4955,23,0.78713,0.84323,966,3864,DR_primary,5014,5042
23,4,C3,15,5014,0.4955,23,0.78716,0.84326,966,3864,DR_primary,5014,5042
23,4,C0,16,4646,0.4591,23,0.78663,0.84279,966,3864,DR_primary,4646,5092
23,4,C1,16,5067,0.5007,23,0.78682,0.84277,966,3864,DR_primary,5067,5092
23,4,C2,16,5067,0.5007,23,0.78664,0.84279,966,3864,DR_primary,5067,5092
23,4,C3,16,5067,0.5007,23,0.7865,0.84264,966,3864,DR_primary,5067,5092
23,4,C0,17,4548,0.4495,23,0.78738,0.84344,966,3864,DR_primary,4548,5006
23,4,C1,17,4975,0.4916,23,0.78754,0.8434,966,3864,DR_primary,4975,5006
23,4,C2,17,4975,0.4916,23,0.78713,0.84322,966,3864,DR_primary,4975,5006
23,4,C3,17,4975,0.4916,23,0.78706,0.84315,966,3864,DR_primary,4975,5006
23,4,C0,18,4598,0.4544,23,0.78727,0.8434,966,3864,DR_primary,4598,5058
23,4,C1,18,5013,0.4954,23,0.78728,0.84337,966,3864,DR_primary,5013,5058
23,4,C2,18,5013,0.4954,23,0.78714,0.84336,966,3864,DR_primary,5013,5058
23,4,C3,18,5013,0.4954,23,0.78702,0.84327,966,3864,DR_primary,5013,5058
23,4,C0,19,4558,0.4504,23,0.78646,0.84277,966,3864,DR_primary,4558,5013
23,4,C1,19,4979,0.492,23,0.78621,0.84255,966,3864,DR_primary,4979,5013
23,4,C2,19,4979,0.492,23,0.78632,0.84265,966,3864,DR_primary,4979,5013
23,4,C3,19,4979,0.492,23,0.78627,0.84265,966,3864,DR_primary,4979,5013
23,4,C0,20,4648,0.4593,23,0.78686,0.84301,966,3864,DR_primary,4648,5088
23,4,C1,20,5065,0.5005,23,0.78689,0.84312,966,3864,DR_primary,5065,5088
23,4,C2,20,5065,0.5005,23,0.78681,0.84306,966,3864,DR_primary,5065,5088
23,4,C3,20,5065,0.5005,23,0.78682,0.8431,966,3864,DR_primary,5065,5088
23,4,C0,21,4612,0.4558,23,0.78791,0.84379,966,3864,DR_primary,4612,5039
23,4,C1,21,5011,0.4952,23,0.78782,0.84371,966,3864,DR_primary,5011,5039
23,4,C2,21,5011,0.4952,23,0.78758,0.8435,966,3864,DR_primary,5011,5039
23,4,C3,21,5011,0.4952,23,0.78757,0.84355,966,3864,DR_primary,5011,5039
23,4,C0,22,4722,0.4666,23,0.78597,0.84273,966,3864,DR_primary,4722,5155
23,4,C1,22,5121,0.5061,23,0.78613,0.84286,966,3864,DR_primary,5121,5155
23,4,C2,22,5121,0.5061,23,0.78622,0.84299,966,3864,DR_primary,5121,5155
23,4,C3,22,5121,0.5061,23,0.78615,0.84297,966,3864,DR_primary,5121,5155
23,4,C0,23,4664,0.4609,23,0.78787,0.84387,966,3864,DR_primary,4664,5116
23,4,C1,23,5086,0.5026,23,0.78799,0.84391,966,3864,DR_primary,5086,5116
23,4,C2,23,5086,0.5026,23,0.78772,0.84381,966,3864,DR_primary,5086,5116
23,4,C3,23,5086,0.5026,23,0.78756,0.84369,966,3864,DR_primary,5086,5116
23,4,C0,24,4662,0.4607,23,0.78754,0.84348,966,3864,DR_primary,4662,5087
23,4,C1,24,5068,0.5008,23,0.78773,0.84369,966,3864,DR_primary,5068,5087
23,4,C2,24,5068,0.5008,23,0.78749,0.84366,966,3864,DR_primary,5068,5087
23,4,C3,24,5068,0.5008,23,0.78755,0.84369,966,3864,DR_primary,5068,5087
23,4,C0,25,4660,0.4605,23,0.78659,0.84275,966,3864,DR_primary,4660,5134
23,4,C1,25,5099,0.5039,23,0.78635,0.84246,966,3864,DR_primary,5099,5134
23,4,C2,25,5099,0.5039,23,0.78604,0.84229,966,3864,DR_primary,5099,5134
23,4,C3,25,5099,0.5039,23,0.78614,0.84227,966,3864,DR_primary,5099,5134
23,4,C0,26,4614,0.456,23,0.78763,0.84412,966,3864,DR_primary,4614,5040
23,4,C1,26,5022,0.4963,23,0.78732,0.84387,966,3864,DR_primary,5022,5040
23,4,C2,26,5022,0.4963,23,0.78727,0.84373,966,3864,DR_primary,5022,5040
23,4,C3,26,5022,0.4963,23,0.7874,0.84385,966,3864,DR_primary,5022,5040
23,4,C0,27,4549,0.4496,23,0.78733,0.8437,966,3864,DR_primary,4549,4999
23,4,C1,27,4968,0.491,23,0.78724,0.84356,966,3864,DR_primary,4968,4999
23,4,C2,27,4968,0.491,23,0.78706,0.84347,966,3864,DR_primary,4968,4999
23,4,C3,27,4968,0.491,23,0.78707,0.84348,966,3864,DR_primary,4968,4999
23,4,C0,28,4500,0.4447,23,0.78647,0.84231,966,3864,DR_primary,4500,4947
23,4,C1,28,4922,0.4864,23,0.78668,0.84271,966,3864,DR_primary,4922,4947
23,4,C2,28,4922,0.4864,23,0.78658,0.84276,966,3864,DR_primary,4922,4947
23,4,C3,28,4922,0.4864,23,0.78655,0.84268,966,3864,DR_primary,4922,4947
23,4,C0,29,4518,0.4465,23,0.7874,0.84332,966,3864,DR_primary,4518,4975
23,4,C1,29,4934,0.4876,23,0.78735,0.8433,966,3864,DR_primary,4934,4975
23,4,C2,29,4934,0.4876,23,0.78719,0.84323,966,3864,DR_primary,4934,4975
23,4,C3,29,4934,0.4876,23,0.78727,0.8433,966,3864,DR_primary,4934,4975
23,4,C0,30,4551,0.4497,23,0.78673,0.8429,966,3864,DR_primary,4551,5005
23,4,C1,30,4972,0.4914,23,0.78673,0.84295,966,3864,DR_primary,4972,5005
23,4,C2,30,4972,0.4914,23,0.78675,0.84296,966,3864,DR_primary,4972,5005
23,4,C3,30,4972,0.4914,23,0.78667,0.84292,966,3864,DR_primary,4972,5005
23,5,C0,1,4624,0.457,23,0.78669,0.84295,966,3864,DR_primary,4624,5083
23,5,C1,1,5043,0.4984,23,0.78668,0.84292,966,3864,DR_primary,5043,5083
23,5,C2,1,5043,0.4984,23,0.78712,0.84311,966,3864,DR_primary,5043,5083
23,5,C3,1,5043,0.4984,23,0.787,0.84308,966,3864,DR_primary,5043,5083
23,5,C0,2,4517,0.4464,23,0.78656,0.84281,966,3864,DR_primary,4517,4972
23,5,C1,2,4942,0.4884,23,0.78671,0.84297,966,3864,DR_primary,4942,4972
23,5,C2,2,4942,0.4884,23,0.78675,0.84307,966,3864,DR_primary,4942,4972
23,5,C3,2,4942,0.4884,23,0.78677,0.84303,966,3864,DR_primary,4942,4972
23,5,C0,3,4642,0.4587,23,0.78721,0.84351,966,3864,DR_primary,4642,5093
23,5,C1,3,5064,0.5004,23,0.78693,0.84334,966,3864,DR_primary,5064,5093
23,5,C2,3,5064,0.5004,23,0.78699,0.84349,966,3864,DR_primary,5064,5093
23,5,C3,3,5064,0.5004,23,0.78694,0.84346,966,3864,DR_primary,5064,5093
23,5,C0,4,4578,0.4524,23,0.78742,0.84341,966,3864,DR_primary,4578,5060
23,5,C1,4,5028,0.4969,23,0.78739,0.84329,966,3864,DR_primary,5028,5060
23,5,C2,4,5028,0.4969,23,0.78734,0.84334,966,3864,DR_primary,5028,5060
23,5,C3,4,5028,0.4969,23,0.7873,0.84329,966,3864,DR_primary,5028,5060
23,5,C0,5,4527,0.4474,23,0.78753,0.84385,966,3864,DR_primary,4527,5006
23,5,C1,5,4993,0.4934,23,0.78748,0.84379,966,3864,DR_primary,4993,5006
23,5,C2,5,4993,0.4934,23,0.78743,0.84395,966,3864,DR_primary,4993,5006
23,5,C3,5,4993,0.4934,23,0.78743,0.84402,966,3864,DR_primary,4993,5006
23,5,C0,6,4640,0.4585,23,0.78727,0.84372,966,3864,DR_primary,4640,5105
23,5,C1,6,5082,0.5022,23,0.7873,0.84358,966,3864,DR_primary,5082,5105
23,5,C2,6,5082,0.5022,23,0.78701,0.84356,966,3864,DR_primary,5082,5105
23,5,C3,6,5082,0.5022,23,0.78689,0.84342,966,3864,DR_primary,5082,5105
23,5,C0,7,4544,0.4491,23,0.78742,0.84353,966,3864,DR_primary,4544,4984
23,5,C1,7,4967,0.4909,23,0.78739,0.84333,966,3864,DR_primary,4967,4984
23,5,C2,7,4967,0.4909,23,0.78712,0.84319,966,3864,DR_primary,4967,4984
23,5,C3,7,4967,0.4909,23,0.78711,0.84319,966,3864,DR_primary,4967,4984
23,5,C0,8,4590,0.4536,23,0.78601,0.84202,966,3864,DR_primary,4590,5020
23,5,C1,8,4999,0.494,23,0.78622,0.84217,966,3864,DR_primary,4999,5020
23,5,C2,8,4999,0.494,23,0.78593,0.842,966,3864,DR_primary,4999,5020
23,5,C3,8,4999,0.494,23,0.78593,0.84204,966,3864,DR_primary,4999,5020
23,5,C0,9,4568,0.4514,23,0.78704,0.84318,966,3864,DR_primary,4568,5030
23,5,C1,9,4997,0.4938,23,0.78695,0.84314,966,3864,DR_primary,4997,5030
23,5,C2,9,4997,0.4938,23,0.78711,0.84327,966,3864,DR_primary,4997,5030
23,5,C3,9,4997,0.4938,23,0.7872,0.84335,966,3864,DR_primary,4997,5030
23,5,C0,10,4556,0.4502,23,0.78838,0.84428,966,3864,DR_primary,4556,5055
23,5,C1,10,5018,0.4959,23,0.78778,0.84389,966,3864,DR_primary,5018,5055
23,5,C2,10,5018,0.4959,23,0.78788,0.84389,966,3864,DR_primary,5018,5055
23,5,C3,10,5018,0.4959,23,0.78782,0.84374,966,3864,DR_primary,5018,5055
23,5,C0,11,4646,0.4591,23,0.78693,0.8434,966,3864,DR_primary,4646,5090
23,5,C1,11,5052,0.4993,23,0.78682,0.8432,966,3864,DR_primary,5052,5090
23,5,C2,11,5052,0.4993,23,0.78685,0.84347,966,3864,DR_primary,5052,5090
23,5,C3,11,5052,0.4993,23,0.78687,0.84347,966,3864,DR_primary,5052,5090
23,5,C0,12,4587,0.4533,23,0.7871,0.84328,966,3864,DR_primary,4587,5062
23,5,C1,12,5032,0.4973,23,0.78683,0.84303,966,3864,DR_primary,5032,5062
23,5,C2,12,5032,0.4973,23,0.78661,0.84293,966,3864,DR_primary,5032,5062
23,5,C3,12,5032,0.4973,23,0.78672,0.84304,966,3864,DR_primary,5032,5062
23,5,C0,13,4557,0.4503,23,0.78674,0.84335,966,3864,DR_primary,4557,5016
23,5,C1,13,4989,0.493,23,0.78693,0.84352,966,3864,DR_primary,4989,5016
23,5,C2,13,4989,0.493,23,0.78669,0.84339,966,3864,DR_primary,4989,5016
23,5,C3,13,4989,0.493,23,0.78668,0.84336,966,3864,DR_primary,4989,5016
23,5,C0,14,4574,0.452,23,0.78716,0.84302,966,3864,DR_primary,4574,5010
23,5,C1,14,4974,0.4916,23,0.78725,0.84318,966,3864,DR_primary,4974,5010
23,5,C2,14,4974,0.4916,23,0.78709,0.84311,966,3864,DR_primary,4974,5010
23,5,C3,14,4974,0.4916,23,0.78722,0.84323,966,3864,DR_primary,4974,5010
23,5,C0,15,4661,0.4606,23,0.78579,0.84256,966,3864,DR_primary,4661,5109
23,5,C1,15,5081,0.5021,23,0.78565,0.84229,966,3864,DR_primary,5081,5109
23,5,C2,15,5081,0.5021,23,0.78552,0.84215,966,3864,DR_primary,5081,5109
23,5,C3,15,5081,0.5021,23,0.7855,0.84212,966,3864,DR_primary,5081,5109
23,5,C0,16,4489,0.4436,23,0.7875,0.84355,966,3864,DR_primary,4489,4924
23,5,C1,16,4892,0.4834,23,0.78727,0.84339,966,3864,DR_primary,4892,4924
23,5,C2,16,4892,0.4834,23,0.78714,0.84326,966,3864,DR_primary,4892,4924
23,5,C3,16,4892,0.4834,23,0.78716,0.84332,966,3864,DR_primary,4892,4924
23,5,C0,17,4676,0.4621,23,0.78706,0.843,966,3864,DR_primary,4676,5133
23,5,C1,17,5102,0.5042,23,0.78731,0.8434,966,3864,DR_primary,5102,5133
23,5,C2,17,5102,0.5042,23,0.78711,0.84335,966,3864,DR_primary,5102,5133
23,5,C3,17,5102,0.5042,23,0.78708,0.84336,966,3864,DR_primary,5102,5133
23,5,C0,18,4611,0.4557,23,0.7873,0.84355,966,3864,DR_primary,4611,5037
23,5,C1,18,5004,0.4945,23,0.78708,0.84333,966,3864,DR_primary,5004,5037
23,5,C2,18,5004,0.4945,23,0.78709,0.84335,966,3864,DR_primary,5004,5037
23,5,C3,18,5004,0.4945,23,0.78703,0.84337,966,3864,DR_primary,5004,5037
23,5,C0,19,4614,0.456,23,0.78679,0.84283,966,3864,DR_primary,4614,5072
23,5,C1,19,5034,0.4975,23,0.78658,0.84272,966,3864,DR_primary,5034,5072
23,5,C2,19,5034,0.4975,23,0.78683,0.84285,966,3864,DR_primary,5034,5072
23,5,C3,19,5034,0.4975,23,0.78685,0.84288,966,3864,DR_primary,5034,5072
23,5,C0,20,4603,0.4549,23,0.78643,0.84252,966,3864,DR_primary,4603,5057
23,5,C1,20,5022,0.4963,23,0.78658,0.84279,966,3864,DR_primary,5022,5057
23,5,C2,20,5022,0.4963,23,0.78637,0.84275,966,3864,DR_primary,5022,5057
23,5,C3,20,5022,0.4963,23,0.78636,0.84273,966,3864,DR_primary,5022,5057
23,5,C0,21,4631,0.4577,23,0.78738,0.84355,966,3864,DR_primary,4631,5088
23,5,C1,21,5060,0.5,23,0.78729,0.84345,966,3864,DR_primary,5060,5088
23,5,C2,21,5060,0.5,23,0.78714,0.84344,966,3864,DR_primary,5060,5088
23,5,C3,21,5060,0.5,23,0.78717,0.84349,966,3864,DR_primary,5060,5088
23,5,C0,22,4528,0.4475,23,0.78673,0.84259,966,3864,DR_primary,4528,5010
23,5,C1,22,4984,0.4925,23,0.78651,0.84264,966,3864,DR_primary,4984,5010
23,5,C2,22,4984,0.4925,23,0.78678,0.84293,966,3864,DR_primary,4984,5010
23,5,C3,22,4984,0.4925,23,0.78674,0.84294,966,3864,DR_primary,4984,5010
23,5,C0,23,4547,0.4494,23,0.7868,0.84365,966,3864,DR_primary,4547,4999
23,5,C1,23,4982,0.4923,23,0.78671,0.84345,966,3864,DR_primary,4982,4999
23,5,C2,23,4982,0.4923,23,0.78675,0.84356,966,3864,DR_primary,4982,4999
23,5,C3,23,4982,0.4923,23,0.78678,0.84361,966,3864,DR_primary,4982,4999
23,5,C0,24,4494,0.4441,23,0.78606,0.8425,966,3864,DR_primary,4494,4953
23,5,C1,24,4932,0.4874,23,0.78645,0.84268,966,3864,DR_primary,4932,4953
23,5,C2,24,4932,0.4874,23,0.78597,0.84247,966,3864,DR_primary,4932,4953
23,5,C3,24,4932,0.4874,23,0.78601,0.84249,966,3864,DR_primary,4932,4953
23,5,C0,25,4600,0.4546,23,0.78739,0.84374,966,3864,DR_primary,4600,5085
23,5,C1,25,5052,0.4993,23,0.78733,0.84371,966,3864,DR_primary,5052,5085
23,5,C2,25,5052,0.4993,23,0.78742,0.84383,966,3864,DR_primary,5052,5085
23,5,C3,25,5052,0.4993,23,0.78745,0.8439,966,3864,DR_primary,5052,5085
23,5,C0,26,4664,0.4609,23,0.78667,0.84318,966,3864,DR_primary,4664,5105
23,5,C1,26,5083,0.5023,23,0.78684,0.8431,966,3864,DR_primary,5083,5105
23,5,C2,26,5083,0.5023,23,0.78644,0.84296,966,3864,DR_primary,5083,5105
23,5,C3,26,5083,0.5023,23,0.78646,0.84295,966,3864,DR_primary,5083,5105
23,5,C0,27,4624,0.457,23,0.7863,0.84263,966,3864,DR_primary,4624,5088
23,5,C1,27,5060,0.5,23,0.78625,0.84264,966,3864,DR_primary,5060,5088
23,5,C2,27,5060,0.5,23,0.78635,0.84281,966,3864,DR_primary,5060,5088
23,5,C3,27,5060,0.5,23,0.7863,0.84276,966,3864,DR_primary,5060,5088
23,5,C0,28,4621,0.4567,23,0.78703,0.84372,966,3864,DR_primary,4621,5056
23,5,C1,28,5023,0.4964,23,0.78733,0.84376,966,3864,DR_primary,5023,5056
23,5,C2,28,5023,0.4964,23,0.78688,0.84346,966,3864,DR_primary,5023,5056
23,5,C3,28,5023,0.4964,23,0.78689,0.84346,966,3864,DR_primary,5023,5056
23,5,C0,29,4671,0.4616,23,0.78713,0.84316,966,3864,DR_primary,4671,5124
23,5,C1,29,5091,0.5031,23,0.7874,0.8434,966,3864,DR_primary,5091,5124
23,5,C2,29,5091,0.5031,23,0.78695,0.84331,966,3864,DR_primary,5091,5124
23,5,C3,29,5091,0.5031,23,0.78717,0.84348,966,3864,DR_primary,5091,5124
23,5,C0,30,4668,0.4613,23,0.78675,0.84295,966,3864,DR_primary,4668,5105
23,5,C1,30,5069,0.5009,23,0.78708,0.8433,966,3864,DR_primary,5069,5105
23,5,C2,30,5069,0.5009,23,0.78694,0.8432,966,3864,DR_primary,5069,5105
23,5,C3,30,5069,0.5009,23,0.78691,0.84321,966,3864,DR_primary,5069,5105
23,6,C0,1,4569,0.4515,23,0.78723,0.84338,966,3864,DR_primary,4569,5030
23,6,C1,1,5005,0.4946,23,0.78738,0.84357,966,3864,DR_primary,5005,5030
23,6,C2,1,5005,0.4946,23,0.78763,0.84356,966,3864,DR_primary,5005,5030
23,6,C3,1,5005,0.4946,23,0.78775,0.84367,966,3864,DR_primary,5005,5030
23,6,C0,2,4585,0.4531,23,0.78763,0.84417,966,3864,DR_primary,4585,5084
23,6,C1,2,5060,0.5,23,0.78731,0.84387,966,3864,DR_primary,5060,5084
23,6,C2,2,5060,0.5,23,0.78734,0.84392,966,3864,DR_primary,5060,5084
23,6,C3,2,5060,0.5,23,0.78736,0.84395,966,3864,DR_primary,5060,5084
23,6,C0,3,4606,0.4552,23,0.78676,0.84318,966,3864,DR_primary,4606,5065
23,6,C1,3,5040,0.4981,23,0.78652,0.84299,966,3864,DR_primary,5040,5065
23,6,C2,3,5040,0.4981,23,0.78657,0.84316,966,3864,DR_primary,5040,5065
23,6,C3,3,5040,0.4981,23,0.78667,0.84325,966,3864,DR_primary,5040,5065
23,6,C0,4,4557,0.4503,23,0.78693,0.84333,966,3864,DR_primary,4557,5019
23,6,C1,4,4984,0.4925,23,0.78687,0.8433,966,3864,DR_primary,4984,5019
23,6,C2,4,4984,0.4925,23,0.78671,0.84325,966,3864,DR_primary,4984,5019
23,6,C3,4,4984,0.4925,23,0.78667,0.84321,966,3864,DR_primary,4984,5019
23,6,C0,5,4683,0.4628,23,0.78757,0.84381,966,3864,DR_primary,4683,5152
23,6,C1,5,5127,0.5067,23,0.78741,0.84374,966,3864,DR_primary,5127,5152
23,6,C2,5,5127,0.5067,23,0.78731,0.84364,966,3864,DR_primary,5127,5152
23,6,C3,5,5127,0.5067,23,0.78731,0.84368,966,3864,DR_primary,5127,5152
23,6,C0,6,4537,0.4484,23,0.78654,0.84264,966,3864,DR_primary,4537,5010
23,6,C1,6,4977,0.4918,23,0.78663,0.84282,966,3864,DR_primary,4977,5010
23,6,C2,6,4977,0.4918,23,0.78655,0.84281,966,3864,DR_primary,4977,5010
23,6,C3,6,4977,0.4918,23,0.78658,0.84286,966,3864,DR_primary,4977,5010
23,6,C0,7,4594,0.454,23,0.78641,0.84253,966,3864,DR_primary,4594,5038
23,6,C1,7,5017,0.4958,23,0.78632,0.84244,966,3864,DR_primary,5017,5038
23,6,C2,7,5017,0.4958,23,0.7864,0.84271,966,3864,DR_primary,5017,5038
23,6,C3,7,5017,0.4958,23,0.78628,0.84263,966,3864,DR_primary,5017,5038
23,6,C0,8,4573,0.4519,23,0.7874,0.84296,966,3864,DR_primary,4573,5007
23,6,C1,8,4980,0.4921,23,0.78759,0.8433,966,3864,DR_primary,4980,5007
23,6,C2,8,4980,0.4921,23,0.78775,0.84356,966,3864,DR_primary,4980,5007
23,6,C3,8,4980,0.4921,23,0.78767,0.84353,966,3864,DR_primary,4980,5007
23,6,C0,9,4545,0.4492,23,0.787,0.84352,966,3864,DR_primary,4545,5026
23,6,C1,9,4996,0.4937,23,0.78713,0.84353,966,3864,DR_primary,4996,5026
23,6,C2,9,4996,0.4937,23,0.7871,0.84349,966,3864,DR_primary,4996,5026
23,6,C3,9,4996,0.4937,23,0.78713,0.84346,966,3864,DR_primary,4996,5026
23,6,C0,10,4492,0.4439,23,0.78648,0.84299,966,3864,DR_primary,4492,4965
23,6,C1,10,4926,0.4868,23,0.78644,0.84286,966,3864,DR_primary,4926,4965
23,6,C2,10,4926,0.4868,23,0.78641,0.84286,966,3864,DR_primary,4926,4965
23,6,C3,10,4926,0.4868,23,0.78631,0.84285,966,3864,DR_primary,4926,4965
23,6,C0,11,4697,0.4642,23,0.78678,0.84324,966,3864,DR_primary,4697,5139
23,6,C1,11,5110,0.505,23,0.7868,0.8431,966,3864,DR_primary,5110,5139
23,6,C2,11,5110,0.505,23,0.78678,0.84319,966,3864,DR_primary,5110,5139
23,6,C3,11,5110,0.505,23,0.78676,0.84313,966,3864,DR_primary,5110,5139
23,6,C0,12,4529,0.4476,23,0.78639,0.8426,966,3864,DR_primary,4529,4981
23,6,C1,12,4955,0.4897,23,0.78604,0.8425,966,3864,DR_primary,4955,4981
23,6,C2,12,4955,0.4897,23,0.78627,0.84265,966,3864,DR_primary,4955,4981
23,6,C3,12,4955,0.4897,23,0.78612,0.84256,966,3864,DR_primary,4955,4981
23,6,C0,13,4694,0.4639,23,0.78686,0.84291,966,3864,DR_primary,4694,5122
23,6,C1,13,5094,0.5034,23,0.78693,0.843,966,3864,DR_primary,5094,5122
23,6,C2,13,5094,0.5034,23,0.78679,0.84292,966,3864,DR_primary,5094,5122
23,6,C3,13,5094,0.5034,23,0.78682,0.84293,966,3864,DR_primary,5094,5122
23,6,C0,14,4587,0.4533,23,0.78646,0.84299,966,3864,DR_primary,4587,5032
23,6,C1,14,4994,0.4935,23,0.78651,0.84289,966,3864,DR_primary,4994,5032
23,6,C2,14,4994,0.4935,23,0.78648,0.84302,966,3864,DR_primary,4994,5032
23,6,C3,14,4994,0.4935,23,0.78644,0.84297,966,3864,DR_primary,4994,5032
23,6,C0,15,4681,0.4626,23,0.78681,0.8432,966,3864,DR_primary,4681,5150
23,6,C1,15,5119,0.5059,23,0.78671,0.84317,966,3864,DR_primary,5119,5150
23,6,C2,15,5119,0.5059,23,0.78677,0.84314,966,3864,DR_primary,5119,5150
23,6,C3,15,5119,0.5059,23,0.78667,0.84301,966,3864,DR_primary,5119,5150
23,6,C0,16,4576,0.4522,23,0.78699,0.84313,966,3864,DR_primary,4576,5055
23,6,C1,16,5034,0.4975,23,0.78731,0.84355,966,3864,DR_primary,5034,5055
23,6,C2,16,5034,0.4975,23,0.78718,0.84356,966,3864,DR_primary,5034,5055
23,6,C3,16,5034,0.4975,23,0.78718,0.84356,966,3864,DR_primary,5034,5055
23,6,C0,17,4647,0.4592,23,0.78677,0.84329,966,3864,DR_primary,4647,5099
23,6,C1,17,5079,0.5019,23,0.78703,0.8434,966,3864,DR_primary,5079,5099
23,6,C2,17,5079,0.5019,23,0.78697,0.84332,966,3864,DR_primary,5079,5099
23,6,C3,17,5079,0.5019,23,0.78699,0.84338,966,3864,DR_primary,5079,5099
23,6,C0,18,4581,0.4527,23,0.78684,0.84282,966,3864,DR_primary,4581,5041
23,6,C1,18,5019,0.496,23,0.7868,0.84283,966,3864,DR_primary,5019,5041
23,6,C2,18,5019,0.496,23,0.78658,0.84291,966,3864,DR_primary,5019,5041
23,6,C3,18,5019,0.496,23,0.78659,0.84291,966,3864,DR_primary,5019,5041
23,6,C0,19,4689,0.4634,23,0.78718,0.84338,966,3864,DR_primary,4689,5154
23,6,C1,19,5115,0.5055,23,0.78711,0.8433,966,3864,DR_primary,5115,5154
23,6,C2,19,5115,0.5055,23,0.78713,0.84338,966,3864,DR_primary,5115,5154
23,6,C3,19,5115,0.5055,23,0.78705,0.84327,966,3864,DR_primary,5115,5154
23,6,C0,20,4510,0.4457,23,0.78637,0.84282,966,3864,DR_primary,4510,4974
23,6,C1,20,4935,0.4877,23,0.78637,0.84298,966,3864,DR_primary,4935,4974
23,6,C2,20,4935,0.4877,23,0.78632,0.84321,966,3864,DR_primary,4935,4974
23,6,C3,20,4935,0.4877,23,0.78638,0.84327,966,3864,DR_primary,4935,4974
23,6,C0,21,4603,0.4549,23,0.78744,0.84341,966,3864,DR_primary,4603,5067
23,6,C1,21,5043,0.4984,23,0.78719,0.84323,966,3864,DR_primary,5043,5067
23,6,C2,21,5043,0.4984,23,0.78717,0.84323,966,3864,DR_primary,5043,5067
23,6,C3,21,5043,0.4984,23,0.78714,0.84318,966,3864,DR_primary,5043,5067
23,6,C0,22,4653,0.4598,23,0.78779,0.84357,966,3864,DR_primary,4653,5100
23,6,C1,22,5070,0.501,23,0.78775,0.84353,966,3864,DR_primary,5070,5100
23,6,C2,22,5070,0.501,23,0.7876,0.84354,966,3864,DR_primary,5070,5100
23,6,C3,22,5070,0.501,23,0.78761,0.84355,966,3864,DR_primary,5070,5100
23,6,C0,23,4645,0.459,23,0.78746,0.84363,966,3864,DR_primary,4645,5147
23,6,C1,23,5111,0.5051,23,0.78719,0.84358,966,3864,DR_primary,5111,5147
23,6,C2,23,5111,0.5051,23,0.78755,0.84385,966,3864,DR_primary,5111,5147
23,6,C3,23,5111,0.5051,23,0.78764,0.84396,966,3864,DR_primary,5111,5147
23,6,C0,24,4518,0.4465,23,0.78619,0.84228,966,3864,DR_primary,4518,5010
23,6,C1,24,4968,0.491,23,0.7862,0.84225,966,3864,DR_primary,4968,5010
23,6,C2,24,4968,0.491,23,0.78598,0.8422,966,3864,DR_primary,4968,5010
23,6,C3,24,4968,0.491,23,0.78599,0.84221,966,3864,DR_primary,4968,5010
23,6,C0,25,4635,0.458,23,0.78678,0.84296,966,3864,DR_primary,4635,5066
23,6,C1,25,5036,0.4977,23,0.78689,0.84315,966,3864,DR_primary,5036,5066
23,6,C2,25,5036,0.4977,23,0.78709,0.84323,966,3864,DR_primary,5036,5066
23,6,C3,25,5036,0.4977,23,0.78713,0.84324,966,3864,DR_primary,5036,5066
23,6,C0,26,4614,0.456,23,0.78734,0.84368,966,3864,DR_primary,4614,5096
23,6,C1,26,5068,0.5008,23,0.78743,0.84376,966,3864,DR_primary,5068,5096
23,6,C2,26,5068,0.5008,23,0.78703,0.8435,966,3864,DR_primary,5068,5096
23,6,C3,26,5068,0.5008,23,0.78715,0.84359,966,3864,DR_primary,5068,5096
23,6,C0,27,4619,0.4565,23,0.78731,0.84325,966,3864,DR_primary,4619,5061
23,6,C1,27,5021,0.4962,23,0.78742,0.84346,966,3864,DR_primary,5021,5061
23,6,C2,27,5021,0.4962,23,0.78754,0.84365,966,3864,DR_primary,5021,5061
23,6,C3,27,5021,0.4962,23,0.78764,0.84375,966,3864,DR_primary,5021,5061
23,6,C0,28,4615,0.4561,23,0.78744,0.8438,966,3864,DR_primary,4615,5070
23,6,C1,28,5032,0.4973,23,0.78742,0.84372,966,3864,DR_primary,5032,5070
23,6,C2,28,5032,0.4973,23,0.78747,0.84381,966,3864,DR_primary,5032,5070
23,6,C3,28,5032,0.4973,23,0.78743,0.84376,966,3864,DR_primary,5032,5070
23,6,C0,29,4546,0.4493,23,0.78693,0.84292,966,3864,DR_primary,4546,5024
23,6,C1,29,4989,0.493,23,0.78686,0.84299,966,3864,DR_primary,4989,5024
23,6,C2,29,4989,0.493,23,0.7869,0.84311,966,3864,DR_primary,4989,5024
23,6,C3,29,4989,0.493,23,0.78685,0.84303,966,3864,DR_primary,4989,5024
23,6,C0,30,4594,0.454,23,0.787,0.8434,966,3864,DR_primary,4594,5069
23,6,C1,30,5037,0.4978,23,0.78692,0.84332,966,3864,DR_primary,5037,5069
23,6,C2,30,5037,0.4978,23,0.7867,0.84345,966,3864,DR_primary,5037,5069
23,6,C3,30,5037,0.4978,23,0.78664,0.84335,966,3864,DR_primary,5037,5069
23,7,C0,1,4592,0.4538,23,0.78727,0.84366,966,3864,DR_primary,4592,5057
23,7,C1,1,5028,0.4969,23,0.78687,0.84326,966,3864,DR_primary,5028,5057
23,7,C2,1,5028,0.4969,23,0.78758,0.84384,966,3864,DR_primary,5028,5057
23,7,C3,1,5028,0.4969,23,0.78763,0.84387,966,3864,DR_primary,5028,5057
23,7,C0,2,4585,0.4531,23,0.78639,0.84283,966,3864,DR_primary,4585,5049
23,7,C1,2,5020,0.4961,23,0.78645,0.84281,966,3864,DR_primary,5020,5049
23,7,C2,2,5020,0.4961,23,0.78627,0.84271,966,3864,DR_primary,5020,5049
23,7,C3,2,5020,0.4961,23,0.78631,0.84271,966,3864,DR_primary,5020,5049
23,7,C0,3,4585,0.4531,23,0.78692,0.84321,966,3864,DR_primary,4585,5034
23,7,C1,3,5013,0.4954,23,0.78708,0.84325,966,3864,DR_primary,5013,5034
23,7,C2,3,5013,0.4954,23,0.78697,0.84327,966,3864,DR_primary,5013,5034
23,7,C3,3,5013,0.4954,23,0.78697,0.84322,966,3864,DR_primary,5013,5034
23,7,C0,4,4485,0.4432,23,0.78697,0.84335,966,3864,DR_primary,4485,4961
23,7,C1,4,4937,0.4879,23,0.78696,0.84335,966,3864,DR_primary,4937,4961
23,7,C2,4,4937,0.4879,23,0.78691,0.84339,966,3864,DR_primary,4937,4961
23,7,C3,4,4937,0.4879,23,0.78689,0.84332,966,3864,DR_primary,4937,4961
23,7,C0,5,4590,0.4536,23,0.78718,0.84338,966,3864,DR_primary,4590,5032
23,7,C1,5,5011,0.4952,23,0.78737,0.84364,966,3864,DR_primary,5011,5032
23,7,C2,5,5011,0.4952,23,0.78728,0.84352,966,3864,DR_primary,5011,5032
23,7,C3,5,5011,0.4952,23,0.78723,0.8435,966,3864,DR_primary,5011,5032
23,7,C0,6,4569,0.4515,23,0.7876,0.84385,966,3864,DR_primary,4569,5037
23,7,C1,6,5006,0.4947,23,0.78749,0.84388,966,3864,DR_primary,5006,5037
23,7,C2,6,5006,0.4947,23,0.78751,0.84394,966,3864,DR_primary,5006,5037
23,7,C3,6,5006,0.4947,23,0.78752,0.84387,966,3864,DR_primary,5006,5037
23,7,C0,7,4554,0.45,23,0.78717,0.84314,966,3864,DR_primary,4554,5015
23,7,C1,7,4986,0.4927,23,0.787,0.84302,966,3864,DR_primary,4986,5015
23,7,C2,7,4986,0.4927,23,0.78681,0.84302,966,3864,DR_primary,4986,5015
23,7,C3,7,4986,0.4927,23,0.78681,0.84301,966,3864,DR_primary,4986,5015
23,7,C0,8,4596,0.4542,23,0.78757,0.84315,966,3864,DR_primary,4596,5040
23,7,C1,8,5011,0.4952,23,0.78736,0.8432,966,3864,DR_primary,5011,5040
23,7,C2,8,5011,0.4952,23,0.78753,0.84349,966,3864,DR_primary,5011,5040
23,7,C3,8,5011,0.4952,23,0.78734,0.84337,966,3864,DR_primary,5011,5040
23,7,C0,9,4661,0.4606,23,0.78651,0.84311,966,3864,DR_primary,4661,5102
23,7,C1,9,5072,0.5012,23,0.78687,0.84337,966,3864,DR_primary,5072,5102
23,7,C2,9,5072,0.5012,23,0.7866,0.84313,966,3864,DR_primary,5072,5102
23,7,C3,9,5072,0.5012,23,0.7866,0.84315,966,3864,DR_primary,5072,5102
23,7,C0,10,4625,0.4571,23,0.7867,0.84316,966,3864,DR_primary,4625,5092
23,7,C1,10,5082,0.5022,23,0.78651,0.84284,966,3864,DR_primary,5082,5092
23,7,C2,10,5082,0.5022,23,0.78645,0.84285,966,3864,DR_primary,5082,5092
23,7,C3,10,5082,0.5022,23,0.78652,0.84289,966,3864,DR_primary,5082,5092
23,7,C0,11,4713,0.4658,23,0.78697,0.84309,966,3864,DR_primary,4713,5146
23,7,C1,11,5116,0.5056,23,0.78686,0.84292,966,3864,DR_primary,5116,5146
23,7,C2,11,5116,0.5056,23,0.78683,0.84319,966,3864,DR_primary,5116,5146
23,7,C3,11,5116,0.5056,23,0.78677,0.84309,966,3864,DR_primary,5116,5146
23,7,C0,12,4478,0.4425,23,0.78706,0.84323,966,3864,DR_primary,4478,4930
23,7,C1,12,4899,0.4841,23,0.78713,0.84321,966,3864,DR_primary,4899,4930
23,7,C2,12,4899,0.4841,23,0.78701,0.8432,966,3864,DR_primary,4899,4930
23,7,C3,12,4899,0.4841,23,0.78698,0.84311,966,3864,DR_primary,4899,4930
23,7,C0,13,4606,0.4552,23,0.78773,0.84391,966,3864,DR_primary,4606,5040
23,7,C1,13,4991,0.4932,23,0.78766,0.84388,966,3864,DR_primary,4991,5040
23,7,C2,13,4991,0.4932,23,0.7874,0.84375,966,3864,DR_primary,4991,5040
23,7,C3,13,4991,0.4932,23,0.78756,0.8439,966,3864,DR_primary,4991,5040
23,7,C0,14,4553,0.4499,23,0.78734,0.84371,966,3864,DR_primary,4553,5004
23,7,C1,14,4980,0.4921,23,0.78769,0.84386,966,3864,DR_primary,4980,5004
23,7,C2,14,4980,0.4921,23,0.7874,0.84379,966,3864,DR_primary,4980,5004
23,7,C3,14,4980,0.4921,23,0.78742,0.84386,966,3864,DR_primary,4980,5004
23,7,C0,15,4649,0.4594,23,0.78656,0.84311,966,3864,DR_primary,4649,5097
23,7,C1,15,5068,0.5008,23,0.78681,0.84325,966,3864,DR_primary,5068,5097
23,7,C2,15,5068,0.5008,23,0.78653,0.8431,966,3864,DR_primary,5068,5097
23,7,C3,15,5068,0.5008,23,0.78647,0.84308,966,3864,DR_primary,5068,5097
23,7,C0,16,4541,0.4488,23,0.78738,0.84332,966,3864,DR_primary,4541,4959
23,7,C1,16,4939,0.4881,23,0.78729,0.84341,966,3864,DR_primary,4939,4959
23,7,C2,16,4939,0.4881,23,0.78735,0.84343,966,3864,DR_primary,4939,4959
23,7,C3,16,4939,0.4881,23,0.78729,0.84334,966,3864,DR_primary,4939,4959
23,7,C0,17,4635,0.458,23,0.78645,0.84244,966,3864,DR_primary,4635,5091
23,7,C1,17,5070,0.501,23,0.78609,0.84245,966,3864,DR_primary,5070,5091
23,7,C2,17,5070,0.501,23,0.78631,0.84253,966,3864,DR_primary,5070,5091
23,7,C3,17,5070,0.501,23,0.78623,0.84245,966,3864,DR_primary,5070,5091
23,7,C0,18,4618,0.4564,23,0.78743,0.84347,966,3864,DR_primary,4618,5077
23,7,C1,18,5050,0.4991,23,0.78737,0.84354,966,3864,DR_primary,5050,5077
23,7,C2,18,5050,0.4991,23,0.78736,0.84357,966,3864,DR_primary,5050,5077
23,7,C3,18,5050,0.4991,23,0.78738,0.84358,966,3864,DR_primary,5050,5077
23,7,C0,19,4567,0.4513,23,0.78661,0.84265,966,3864,DR_primary,4567,5048
23,7,C1,19,5018,0.4959,23,0.78684,0.84272,966,3864,DR_primary,5018,5048
23,7,C2,19,5018,0.4959,23,0.78653,0.84273,966,3864,DR_primary,5018,5048
23,7,C3,19,5018,0.4959,23,0.78657,0.84278,966,3864,DR_primary,5018,5048
23,7,C0,20,4608,0.4554,23,0.78685,0.84339,966,3864,DR_primary,4608,5041
23,7,C1,20,5022,0.4963,23,0.78652,0.84322,966,3864,DR_primary,5022,5041
23,7,C2,20,5022,0.4963,23,0.78679,0.84349,966,3864,DR_primary,5022,5041
23,7,C3,20,5022,0.4963,23,0.7867,0.84347,966,3864,DR_primary,5022,5041
23,7,C0,21,4667,0.4612,23,0.78659,0.84268,966,3864,DR_primary,4667,5121
23,7,C1,21,5098,0.5038,23,0.78692,0.84292,966,3864,DR_primary,5098,5121
23,7,C2,21,5098,0.5038,23,0.78672,0.84287,966,3864,DR_primary,5098,5121
23,7,C3,21,5098,0.5038,23,0.78646,0.84267,966,3864,DR_primary,5098,5121
23,7,C0,22,4620,0.4566,23,0.78709,0.84331,966,3864,DR_primary,4620,5072
23,7,C1,22,5039,0.498,23,0.78708,0.84328,966,3864,DR_primary,5039,5072
23,7,C2,22,5039,0.498,23,0.78698,0.84315,966,3864,DR_primary,5039,5072
23,7,C3,22,5039,0.498,23,0.78704,0.84321,966,3864,DR_primary,5039,5072
23,7,C0,23,4549,0.4496,23,0.78696,0.84307,966,3864,DR_primary,4549,4985
23,7,C1,23,4962,0.4904,23,0.78681,0.8429,966,3864,DR_primary,4962,4985
23,7,C2,23,4962,0.4904,23,0.78679,0.84296,966,3864,DR_primary,4962,4985
23,7,C3,23,4962,0.4904,23,0.78688,0.84301,966,3864,DR_primary,4962,4985
23,7,C0,24,4625,0.4571,23,0.78731,0.84349,966,3864,DR_primary,4625,5096
23,7,C1,24,5061,0.5001,23,0.78743,0.84361,966,3864,DR_primary,5061,5096
23,7,C2,24,5061,0.5001,23,0.78732,0.8435,966,3864,DR_primary,5061,5096
23,7,C3,24,5061,0.5001,23,0.78738,0.84354,966,3864,DR_primary,5061,5096
23,7,C0,25,4636,0.4581,23,0.78643,0.84267,966,3864,DR_primary,4636,5095
23,7,C1,25,5058,0.4999,23,0.7863,0.84235,966,3864,DR_primary,5058,5095
23,7,C2,25,5058,0.4999,23,0.78622,0.84255,966,3864,DR_primary,5058,5095
23,7,C3,25,5058,0.4999,23,0.78638,0.84268,966,3864,DR_primary,5058,5095
23,7,C0,26,4638,0.4583,23,0.78745,0.84327,966,3864,DR_primary,4638,5084
23,7,C1,26,5053,0.4994,23,0.78733,0.84322,966,3864,DR_primary,5053,5084
23,7,C2,26,5053,0.4994,23,0.78709,0.84314,966,3864,DR_primary,5053,5084
23,7,C3,26,5053,0.4994,23,0.78716,0.84319,966,3864,DR_primary,5053,5084
23,7,C0,27,4528,0.4475,23,0.78749,0.84339,966,3864,DR_primary,4528,5000
23,7,C1,27,4964,0.4906,23,0.78745,0.84339,966,3864,DR_primary,4964,5000
23,7,C2,27,4964,0.4906,23,0.78733,0.84335,966,3864,DR_primary,4964,5000
23,7,C3,27,4964,0.4906,23,0.78732,0.84337,966,3864,DR_primary,4964,5000
23,7,C0,28,4488,0.4435,23,0.78721,0.84313,966,3864,DR_primary,4488,4930
23,7,C1,28,4884,0.4827,23,0.7871,0.84311,966,3864,DR_primary,4884,4930
23,7,C2,28,4884,0.4827,23,0.78679,0.843,966,3864,DR_primary,4884,4930
23,7,C3,28,4884,0.4827,23,0.7868,0.843,966,3864,DR_primary,4884,4930
23,7,C0,29,4533,0.448,23,0.78704,0.84349,966,3864,DR_primary,4533,5002
23,7,C1,29,4959,0.4901,23,0.78737,0.84366,966,3864,DR_primary,4959,5002
23,7,C2,29,4959,0.4901,23,0.787,0.84351,966,3864,DR_primary,4959,5002
23,7,C3,29,4959,0.4901,23,0.78692,0.84347,966,3864,DR_primary,4959,5002
23,7,C0,30,4566,0.4512,23,0.78701,0.84292,966,3864,DR_primary,4566,5047
23,7,C1,30,5023,0.4964,23,0.7871,0.84314,966,3864,DR_primary,5023,5047
23,7,C2,30,5023,0.4964,23,0.78703,0.84305,966,3864,DR_primary,5023,5047
23,7,C3,30,5023,0.4964,23,0.78692,0.84301,966,3864,DR_primary,5023,5047
23,8,C0,1,4550,0.4496,23,0.78739,0.84395,966,3864,DR_primary,4550,5022
23,8,C1,1,4998,0.4939,23,0.78742,0.84387,966,3864,DR_primary,4998,5022
23,8,C2,1,4998,0.4939,23,0.78797,0.84415,966,3864,DR_primary,4998,5022
23,8,C3,1,4998,0.4939,23,0.78793,0.84414,966,3864,DR_primary,4998,5022
23,8,C0,2,4656,0.4601,23,0.78655,0.8429,966,3864,DR_primary,4656,5100
23,8,C1,2,5087,0.5027,23,0.78648,0.84284,966,3864,DR_primary,5087,5100
23,8,C2,2,5087,0.5027,23,0.78641,0.84293,966,3864,DR_primary,5087,5100
23,8,C3,2,5087,0.5027,23,0.78645,0.84292,966,3864,DR_primary,5087,5100
23,8,C0,3,4519,0.4466,23,0.78661,0.84227,966,3864,DR_primary,4519,4980
23,8,C1,3,4946,0.4888,23,0.78676,0.84246,966,3864,DR_primary,4946,4980
23,8,C2,3,4946,0.4888,23,0.78674,0.84265,966,3864,DR_primary,4946,4980
23,8,C3,3,4946,0.4888,23,0.7867,0.84261,966,3864,DR_primary,4946,4980
23,8,C0,4,4601,0.4547,23,0.78615,0.84298,966,3864,DR_primary,4601,5051
23,8,C1,4,5022,0.4963,23,0.78617,0.84297,966,3864,DR_primary,5022,5051
23,8,C2,4,5022,0.4963,23,0.7861,0.84292,966,3864,DR_primary,5022,5051
23,8,C3,4,5022,0.4963,23,0.78615,0.84299,966,3864,DR_primary,5022,5051
23,8,C0,5,4607,0.4553,23,0.78753,0.84342,966,3864,DR_primary,4607,5063
23,8,C1,5,5042,0.4983,23,0.78757,0.84337,966,3864,DR_primary,5042,5063
23,8,C2,5,5042,0.4983,23,0.78786,0.84375,966,3864,DR_primary,5042,5063
23,8,C3,5,5042,0.4983,23,0.78773,0.84367,966,3864,DR_primary,5042,5063
23,8,C0,6,4610,0.4556,23,0.78653,0.84294,966,3864,DR_primary,4610,5081
23,8,C1,6,5047,0.4988,23,0.7869,0.84303,966,3864,DR_primary,5047,5081
23,8,C2,6,5047,0.4988,23,0.78662,0.84299,966,3864,DR_primary,5047,5081
23,8,C3,6,5047,0.4988,23,0.78683,0.84312,966,3864,DR_primary,5047,5081
23,8,C0,7,4569,0.4515,23,0.78689,0.84322,966,3864,DR_primary,4569,5050
23,8,C1,7,5016,0.4957,23,0.78695,0.84329,966,3864,DR_primary,5016,5050
23,8,C2,7,5016,0.4957,23,0.78683,0.84331,966,3864,DR_primary,5016,5050
23,8,C3,7,5016,0.4957,23,0.78676,0.8432,966,3864,DR_primary,5016,5050
23,8,C0,8,4509,0.4456,23,0.78658,0.84252,966,3864,DR_primary,4509,4951
23,8,C1,8,4920,0.4862,23,0.78673,0.84273,966,3864,DR_primary,4920,4951
23,8,C2,8,4920,0.4862,23,0.78671,0.84277,966,3864,DR_primary,4920,4951
23,8,C3,8,4920,0.4862,23,0.78671,0.84276,966,3864,DR_primary,4920,4951
23,8,C0,9,4566,0.4512,23,0.78683,0.84313,966,3864,DR_primary,4566,5035
23,8,C1,9,4992,0.4933,23,0.78698,0.84326,966,3864,DR_primary,4992,5035
23,8,C2,9,4992,0.4933,23,0.78657,0.84306,966,3864,DR_primary,4992,5035
23,8,C3,9,4992,0.4933,23,0.78668,0.84316,966,3864,DR_primary,4992,5035
23,8,C0,10,4628,0.4574,23,0.78779,0.84395,966,3864,DR_primary,4628,5056
23,8,C1,10,5023,0.4964,23,0.78768,0.84381,966,3864,DR_primary,5023,5056
23,8,C2,10,5023,0.4964,23,0.7878,0.84399,966,3864,DR_primary,5023,5056
23,8,C3,10,5023,0.4964,23,0.78778,0.84396,966,3864,DR_primary,5023,5056
23,8,C0,11,4582,0.4528,23,0.78718,0.84314,966,3864,DR_primary,4582,5062
23,8,C1,11,5026,0.4967,23,0.78707,0.84328,966,3864,DR_primary,5026,5062
23,8,C2,11,5026,0.4967,23,0.78714,0.84333,966,3864,DR_primary,5026,5062
23,8,C3,11,5026,0.4967,23,0.78712,0.84329,966,3864,DR_primary,5026,5062
23,8,C0,12,4568,0.4514,23,0.78649,0.84273,966,3864,DR_primary,4568,5000
23,8,C1,12,4982,0.4923,23,0.78684,0.8432,966,3864,DR_primary,4982,5000
23,8,C2,12,4982,0.4923,23,0.78685,0.84328,966,3864,DR_primary,4982,5000
23,8,C3,12,4982,0.4923,23,0.78677,0.8432,966,3864,DR_primary,4982,5000
23,8,C0,13,4564,0.451,23,0.78637,0.84281,966,3864,DR_primary,4564,5026
23,8,C1,13,4997,0.4938,23,0.78651,0.84285,966,3864,DR_primary,4997,5026
23,8,C2,13,4997,0.4938,23,0.78637,0.84283,966,3864,DR_primary,4997,5026
23,8,C3,13,4997,0.4938,23,0.78633,0.84278,966,3864,DR_primary,4997,5026
23,8,C0,14,4600,0.4546,23,0.78625,0.84282,966,3864,DR_primary,4600,5057
23,8,C1,14,5027,0.4968,23,0.78646,0.84274,966,3864,DR_primary,5027,5057
23,8,C2,14,5027,0.4968,23,0.78613,0.84269,966,3864,DR_primary,5027,5057
23,8,C3,14,5027,0.4968,23,0.7862,0.84273,966,3864,DR_primary,5027,5057
23,8,C0,15,4558,0.4504,23,0.78692,0.84351,966,3864,DR_primary,4558,5001
23,8,C1,15,4975,0.4916,23,0.78692,0.84341,966,3864,DR_primary,4975,5001
23,8,C2,15,4975,0.4916,23,0.78691,0.84357,966,3864,DR_primary,4975,5001
23,8,C3,15,4975,0.4916,23,0.78683,0.84352,966,3864,DR_primary,4975,5001
23,8,C0,16,4665,0.461,23,0.78613,0.84261,966,3864,DR_primary,4665,5106
23,8,C1,16,5076,0.5016,23,0.78625,0.84283,966,3864,DR_primary,5076,5106
23,8,C2,16,5076,0.5016,23,0.78612,0.84286,966,3864,DR_primary,5076,5106
23,8,C3,16,5076,0.5016,23,0.78604,0.84273,966,3864,DR_primary,5076,5106
23,8,C0,17,4622,0.4568,23,0.78689,0.84291,966,3864,DR_primary,4622,5059
23,8,C1,17,5023,0.4964,23,0.78715,0.84326,966,3864,DR_primary,5023,5059
23,8,C2,17,5023,0.4964,23,0.78703,0.84324,966,3864,DR_primary,5023,5059
23,8,C3,17,5023,0.4964,23,0.78722,0.84342,966,3864,DR_primary,5023,5059
23,8,C0,18,4555,0.4501,23,0.78733,0.84329,966,3864,DR_primary,4555,5014
23,8,C1,18,4980,0.4921,23,0.78733,0.84321,966,3864,DR_primary,4980,5014
23,8,C2,18,4980,0.4921,23,0.78721,0.84332,966,3864,DR_primary,4980,5014
23,8,C3,18,4980,0.4921,23,0.78725,0.84335,966,3864,DR_primary,4980,5014
23,8,C0,19,4607,0.4553,23,0.78748,0.84407,966,3864,DR_primary,4607,5050
23,8,C1,19,5008,0.4949,23,0.78728,0.84387,966,3864,DR_primary,5008,5050
23,8,C2,19,5008,0.4949,23,0.78717,0.84384,966,3864,DR_primary,5008,5050
23,8,C3,19,5008,0.4949,23,0.78716,0.84382,966,3864,DR_primary,5008,5050
23,8,C0,20,4612,0.4558,23,0.78656,0.84279,966,3864,DR_primary,4612,5049
23,8,C1,20,5033,0.4974,23,0.78632,0.84261,966,3864,DR_primary,5033,5049
23,8,C2,20,5033,0.4974,23,0.78654,0.84283,966,3864,DR_primary,5033,5049
23,8,C3,20,5033,0.4974,23,0.78651,0.8428,966,3864,DR_primary,5033,5049
23,8,C0,21,4602,0.4548,23,0.78731,0.84334,966,3864,DR_primary,4602,5029
23,8,C1,21,5001,0.4942,23,0.78751,0.84364,966,3864,DR_primary,5001,5029
23,8,C2,21,5001,0.4942,23,0.78718,0.84348,966,3864,DR_primary,5001,5029
23,8,C3,21,5001,0.4942,23,0.78723,0.8435,966,3864,DR_primary,5001,5029
23,8,C0,22,4596,0.4542,23,0.78726,0.84323,966,3864,DR_primary,4596,5057
23,8,C1,22,5030,0.4971,23,0.78708,0.84327,966,3864,DR_primary,5030,5057
23,8,C2,22,5030,0.4971,23,0.7871,0.84323,966,3864,DR_primary,5030,5057
23,8,C3,22,5030,0.4971,23,0.78704,0.84316,966,3864,DR_primary,5030,5057
23,8,C0,23,4597,0.4543,23,0.78663,0.84315,966,3864,DR_primary,4597,5045
23,8,C1,23,5020,0.4961,23,0.78636,0.84302,966,3864,DR_primary,5020,5045
23,8,C2,23,5020,0.4961,23,0.78613,0.84288,966,3864,DR_primary,5020,5045
23,8,C3,23,5020,0.4961,23,0.78622,0.84293,966,3864,DR_primary,5020,5045
23,8,C0,24,4638,0.4583,23,0.78733,0.84334,966,3864,DR_primary,4638,5107
23,8,C1,24,5080,0.502,23,0.78713,0.84314,966,3864,DR_primary,5080,5107
23,8,C2,24,5080,0.502,23,0.78691,0.84312,966,3864,DR_primary,5080,5107
23,8,C3,24,5080,0.502,23,0.78679,0.84301,966,3864,DR_primary,5080,5107
23,8,C0,25,4585,0.4531,23,0.78695,0.84304,966,3864,DR_primary,4585,5034
23,8,C1,25,5011,0.4952,23,0.78722,0.84326,966,3864,DR_primary,5011,5034
23,8,C2,25,5011,0.4952,23,0.78688,0.84311,966,3864,DR_primary,5011,5034
23,8,C3,25,5011,0.4952,23,0.78696,0.84317,966,3864,DR_primary,5011,5034
23,8,C0,26,4559,0.4505,23,0.78723,0.84333,966,3864,DR_primary,4559,5036
23,8,C1,26,4997,0.4938,23,0.78696,0.84319,966,3864,DR_primary,4997,5036
23,8,C2,26,4997,0.4938,23,0.78719,0.84338,966,3864,DR_primary,4997,5036
23,8,C3,26,4997,0.4938,23,0.78714,0.84336,966,3864,DR_primary,4997,5036
23,8,C0,27,4515,0.4462,23,0.78657,0.84305,966,3864,DR_primary,4515,4985
23,8,C1,27,4957,0.4899,23,0.78675,0.84314,966,3864,DR_primary,4957,4985
23,8,C2,27,4957,0.4899,23,0.78623,0.84293,966,3864,DR_primary,4957,4985
23,8,C3,27,4957,0.4899,23,0.78638,0.84302,966,3864,DR_primary,4957,4985
23,8,C0,28,4592,0.4538,23,0.78684,0.84291,966,3864,DR_primary,4592,5074
23,8,C1,28,5058,0.4999,23,0.78718,0.84298,966,3864,DR_primary,5058,5074
23,8,C2,28,5058,0.4999,23,0.78687,0.84287,966,3864,DR_primary,5058,5074
23,8,C3,28,5058,0.4999,23,0.78685,0.8429,966,3864,DR_primary,5058,5074
23,8,C0,29,4653,0.4598,23,0.78702,0.84277,966,3864,DR_primary,4653,5107
23,8,C1,29,5080,0.502,23,0.78709,0.84286,966,3864,DR_primary,5080,5107
23,8,C2,29,5080,0.502,23,0.78689,0.84273,966,3864,DR_primary,5080,5107
23,8,C3,29,5080,0.502,23,0.78681,0.84262,966,3864,DR_primary,5080,5107
23,8,C0,30,4557,0.4503,23,0.78739,0.84315,966,3864,DR_primary,4557,5025
23,8,C1,30,4989,0.493,23,0.78705,0.84296,966,3864,DR_primary,4989,5025
23,8,C2,30,4989,0.493,23,0.78705,0.84304,966,3864,DR_primary,4989,5025
23,8,C3,30,4989,0.493,23,0.78701,0.84301,966,3864,DR_primary,4989,5025
23,9,C0,1,4505,0.4452,23,0.78708,0.84299,966,3864,DR_primary,4505,4953
23,9,C1,1,4923,0.4865,23,0.78705,0.84316,966,3864,DR_primary,4923,4953
23,9,C2,1,4923,0.4865,23,0.78739,0.84317,966,3864,DR_primary,4923,4953
23,9,C3,1,4923,0.4865,23,0.78748,0.84326,966,3864,DR_primary,4923,4953
23,9,C0,2,4614,0.456,23,0.78796,0.84359,966,3864,DR_primary,4614,5061
23,9,C1,2,5029,0.497,23,0.78775,0.8434,966,3864,DR_primary,5029,5061
23,9,C2,2,5029,0.497,23,0.78777,0.84354,966,3864,DR_primary,5029,5061
23,9,C3,2,5029,0.497,23,0.78773,0.84351,966,3864,DR_primary,5029,5061
23,9,C0,3,4614,0.456,23,0.78687,0.84353,966,3864,DR_primary,4614,5056
23,9,C1,3,5022,0.4963,23,0.78665,0.84331,966,3864,DR_primary,5022,5056
23,9,C2,3,5022,0.4963,23,0.78665,0.84329,966,3864,DR_primary,5022,5056
23,9,C3,3,5022,0.4963,23,0.78658,0.84321,966,3864,DR_primary,5022,5056
23,9,C0,4,4651,0.4596,23,0.78691,0.84344,966,3864,DR_primary,4651,5103
23,9,C1,4,5077,0.5017,23,0.7868,0.84322,966,3864,DR_primary,5077,5103
23,9,C2,4,5077,0.5017,23,0.78675,0.84309,966,3864,DR_primary,5077,5103
23,9,C3,4,5077,0.5017,23,0.78674,0.84311,966,3864,DR_primary,5077,5103
23,9,C0,5,4575,0.4521,23,0.78675,0.84335,966,3864,DR_primary,4575,5043
23,9,C1,5,5023,0.4964,23,0.78654,0.84311,966,3864,DR_primary,5023,5043
23,9,C2,5,5023,0.4964,23,0.78639,0.84305,966,3864,DR_primary,5023,5043
23,9,C3,5,5023,0.4964,23,0.78648,0.84313,966,3864,DR_primary,5023,5043
23,9,C0,6,4615,0.4561,23,0.78778,0.84371,966,3864,DR_primary,4615,5067
23,9,C1,6,5041,0.4982,23,0.78721,0.84347,966,3864,DR_primary,5041,5067
23,9,C2,6,5041,0.4982,23,0.78716,0.84338,966,3864,DR_primary,5041,5067
23,9,C3,6,5041,0.4982,23,0.78713,0.84334,966,3864,DR_primary,5041,5067
23,9,C0,7,4542,0.4489,23,0.78769,0.84325,966,3864,DR_primary,4542,4999
23,9,C1,7,4968,0.491,23,0.78775,0.84328,966,3864,DR_primary,4968,4999
23,9,C2,7,4968,0.491,23,0.78764,0.84342,966,3864,DR_primary,4968,4999
23,9,C3,7,4968,0.491,23,0.78755,0.84335,966,3864,DR_primary,4968,4999
23,9,C0,8,4652,0.4597,23,0.78741,0.84315,966,3864,DR_primary,4652,5104
23,9,C1,8,5081,0.5021,23,0.78761,0.84338,966,3864,DR_primary,5081,5104
23,9,C2,8,5081,0.5021,23,0.78742,0.84331,966,3864,DR_primary,5081,5104
23,9,C3,8,5081,0.5021,23,0.78747,0.84333,966,3864,DR_primary,5081,5104
23,9,C0,9,4582,0.4528,23,0.7872,0.84342,966,3864,DR_primary,4582,5034
23,9,C1,9,5001,0.4942,23,0.78726,0.8435,966,3864,DR_primary,5001,5034
23,9,C2,9,5001,0.4942,23,0.78696,0.84336,966,3864,DR_primary,5001,5034
23,9,C3,9,5001,0.4942,23,0.78704,0.84347,966,3864,DR_primary,5001,5034
23,9,C0,10,4612,0.4558,23,0.78591,0.84223,966,3864,DR_primary,4612,5087
23,9,C1,10,5053,0.4994,23,0.78575,0.84208,966,3864,DR_primary,5053,5087
23,9,C2,10,5053,0.4994,23,0.78599,0.8422,966,3864,DR_primary,5053,5087
23,9,C3,10,5053,0.4994,23,0.78586,0.84214,966,3864,DR_primary,5053,5087
23,9,C0,11,4659,0.4604,23,0.78745,0.84353,966,3864,DR_primary,4659,5084
23,9,C1,11,5055,0.4996,23,0.78742,0.84342,966,3864,DR_primary,5055,5084
23,9,C2,11,5055,0.4996,23,0.78735,0.84356,966,3864,DR_primary,5055,5084
23,9,C3,11,5055,0.4996,23,0.78733,0.84354,966,3864,DR_primary,5055,5084
23,9,C0,12,4590,0.4536,23,0.78642,0.84267,966,3864,DR_primary,4590,5035
23,9,C1,12,5006,0.4947,23,0.78629,0.84268,966,3864,DR_primary,5006,5035
23,9,C2,12,5006,0.4947,23,0.78639,0.8427,966,3864,DR_primary,5006,5035
23,9,C3,12,5006,0.4947,23,0.78653,0.84288,966,3864,DR_primary,5006,5035
23,9,C0,13,4611,0.4557,23,0.78733,0.84372,966,3864,DR_primary,4611,5051
23,9,C1,13,5015,0.4956,23,0.78707,0.84356,966,3864,DR_primary,5015,5051
23,9,C2,13,5015,0.4956,23,0.78717,0.84365,966,3864,DR_primary,5015,5051
23,9,C3,13,5015,0.4956,23,0.78701,0.84356,966,3864,DR_primary,5015,5051
23,9,C0,14,4641,0.4586,23,0.78717,0.84319,966,3864,DR_primary,4641,5084
23,9,C1,14,5057,0.4998,23,0.78718,0.84324,966,3864,DR_primary,5057,5084
23,9,C2,14,5057,0.4998,23,0.78724,0.84329,966,3864,DR_primary,5057,5084
23,9,C3,14,5057,0.4998,23,0.78725,0.8433,966,3864,DR_primary,5057,5084
23,9,C0,15,4591,0.4537,23,0.78652,0.84256,966,3864,DR_primary,4591,5046
23,9,C1,15,5031,0.4972,23,0.78653,0.84251,966,3864,DR_primary,5031,5046
23,9,C2,15,5031,0.4972,23,0.78649,0.84253,966,3864,DR_primary,5031,5046
23,9,C3,15,5031,0.4972,23,0.78649,0.84252,966,3864,DR_primary,5031,5046
23,9,C0,16,4574,0.452,23,0.78716,0.84324,966,3864,DR_primary,4574,5036
23,9,C1,16,5015,0.4956,23,0.78702,0.84309,966,3864,DR_primary,5015,5036
23,9,C2,16,5015,0.4956,23,0.78722,0.84337,966,3864,DR_primary,5015,5036
23,9,C3,16,5015,0.4956,23,0.78709,0.84326,966,3864,DR_primary,5015,5036
23,9,C0,17,4602,0.4548,23,0.78606,0.84258,966,3864,DR_primary,4602,5081
23,9,C1,17,5039,0.498,23,0.78678,0.84301,966,3864,DR_primary,5039,5081
23,9,C2,17,5039,0.498,23,0.78649,0.84303,966,3864,DR_primary,5039,5081
23,9,C3,17,5039,0.498,23,0.78657,0.84308,966,3864,DR_primary,5039,5081
23,9,C0,18,4573,0.4519,23,0.78743,0.84383,966,3864,DR_primary,4573,4994
23,9,C1,18,4970,0.4912,23,0.78741,0.84379,966,3864,DR_primary,4970,4994
23,9,C2,18,4970,0.4912,23,0.78735,0.84372,966,3864,DR_primary,4970,4994
23,9,C3,18,4970,0.4912,23,0.78737,0.84379,966,3864,DR_primary,4970,4994
23,9,C0,19,4583,0.4529,23,0.78621,0.84295,966,3864,DR_primary,4583,5044
23,9,C1,19,5008,0.4949,23,0.78651,0.84329,966,3864,DR_primary,5008,5044
23,9,C2,19,5008,0.4949,23,0.78645,0.84326,966,3864,DR_primary,5008,5044
23,9,C3,19,5008,0.4949,23,0.78653,0.84332,966,3864,DR_primary,5008,5044
23,9,C0,20,4480,0.4427,23,0.78693,0.84322,966,3864,DR_primary,4480,4931
23,9,C1,20,4902,0.4844,23,0.78668,0.84298,966,3864,DR_primary,4902,4931
23,9,C2,20,4902,0.4844,23,0.78672,0.84312,966,3864,DR_primary,4902,4931
23,9,C3,20,4902,0.4844,23,0.78675,0.84316,966,3864,DR_primary,4902,4931
23,9,C0,21,4555,0.4501,23,0.78723,0.84334,966,3864,DR_primary,4555,5024
23,9,C1,21,4996,0.4937,23,0.7873,0.84334,966,3864,DR_primary,4996,5024
23,9,C2,21,4996,0.4937,23,0.78729,0.84326,966,3864,DR_primary,4996,5024
23,9,C3,21,4996,0.4937,23,0.78726,0.84328,966,3864,DR_primary,4996,5024
23,9,C0,22,4569,0.4515,23,0.78641,0.84272,966,3864,DR_primary,4569,5045
23,9,C1,22,5013,0.4954,23,0.7864,0.84262,966,3864,DR_primary,5013,5045
23,9,C2,22,5013,0.4954,23,0.7861,0.84252,966,3864,DR_primary,5013,5045
23,9,C3,22,5013,0.4954,23,0.78616,0.84255,966,3864,DR_primary,5013,5045
23,9,C0,23,4567,0.4513,23,0.78667,0.84292,966,3864,DR_primary,4567,5000
23,9,C1,23,4983,0.4924,23,0.78651,0.84282,966,3864,DR_primary,4983,5000
23,9,C2,23,4983,0.4924,23,0.78637,0.8429,966,3864,DR_primary,4983,5000
23,9,C3,23,4983,0.4924,23,0.78639,0.84289,966,3864,DR_primary,4983,5000
23,9,C0,24,4619,0.4565,23,0.78729,0.84306,966,3864,DR_primary,4619,5045
23,9,C1,24,5017,0.4958,23,0.7873,0.84316,966,3864,DR_primary,5017,5045
23,9,C2,24,5017,0.4958,23,0.78713,0.84311,966,3864,DR_primary,5017,5045
23,9,C3,24,5017,0.4958,23,0.78719,0.84321,966,3864,DR_primary,5017,5045
23,9,C0,25,4638,0.4583,23,0.78646,0.84268,966,3864,DR_primary,4638,5044
23,9,C1,25,5023,0.4964,23,0.78668,0.84279,966,3864,DR_primary,5023,5044
23,9,C2,25,5023,0.4964,23,0.78641,0.84264,966,3864,DR_primary,5023,5044
23,9,C3,25,5023,0.4964,23,0.78651,0.84272,966,3864,DR_primary,5023,5044
23,9,C0,26,4596,0.4542,23,0.78644,0.84271,966,3864,DR_primary,4596,5046
23,9,C1,26,5005,0.4946,23,0.78686,0.84308,966,3864,DR_primary,5005,5046
23,9,C2,26,5005,0.4946,23,0.78656,0.84294,966,3864,DR_primary,5005,5046
23,9,C3,26,5005,0.4946,23,0.78654,0.84283,966,3864,DR_primary,5005,5046
23,9,C0,27,4619,0.4565,23,0.78674,0.84297,966,3864,DR_primary,4619,5080
23,9,C1,27,5062,0.5002,23,0.78686,0.84291,966,3864,DR_primary,5062,5080
23,9,C2,27,5062,0.5002,23,0.78681,0.84301,966,3864,DR_primary,5062,5080
23,9,C3,27,5062,0.5002,23,0.78687,0.84306,966,3864,DR_primary,5062,5080
23,9,C0,28,4535,0.4482,23,0.78696,0.84293,966,3864,DR_primary,4535,5017
23,9,C1,28,4985,0.4926,23,0.78663,0.84288,966,3864,DR_primary,4985,5017
23,9,C2,28,4985,0.4926,23,0.78676,0.84297,966,3864,DR_primary,4985,5017
23,9,C3,28,4985,0.4926,23,0.7867,0.84297,966,3864,DR_primary,4985,5017
23,9,C0,29,4703,0.4648,23,0.7868,0.84303,966,3864,DR_primary,4703,5152
23,9,C1,29,5122,0.5062,23,0.78701,0.84307,966,3864,DR_primary,5122,5152
23,9,C2,29,5122,0.5062,23,0.78691,0.84312,966,3864,DR_primary,5122,5152
23,9,C3,29,5122,0.5062,23,0.78691,0.84316,966,3864,DR_primary,5122,5152
23,9,C0,30,4599,0.4545,23,0.78676,0.84265,966,3864,DR_primary,4599,5060
23,9,C1,30,5029,0.497,23,0.78701,0.84293,966,3864,DR_primary,5029,5060
23,9,C2,30,5029,0.497,23,0.78679,0.84294,966,3864,DR_primary,5029,5060
23,9,C3,30,5029,0.497,23,0.7868,0.84286,966,3864,DR_primary,5029,5060
37,0,C0,1,4544,0.4491,23,0.78543,0.84175,966,3864,DR_primary,4544,5004
37,0,C1,1,4968,0.491,23,0.78596,0.8421,966,3864,DR_primary,4968,5004
37,0,C2,1,4968,0.491,23,0.78576,0.8421,966,3864,DR_primary,4968,5004
37,0,C3,1,4968,0.491,23,0.7858,0.84212,966,3864,DR_primary,4968,5004
37,0,C0,2,4550,0.4496,23,0.78751,0.84365,966,3864,DR_primary,4550,4963
37,0,C1,2,4928,0.487,23,0.78754,0.8438,966,3864,DR_primary,4928,4963
37,0,C2,2,4928,0.487,23,0.78759,0.84378,966,3864,DR_primary,4928,4963
37,0,C3,2,4928,0.487,23,0.78741,0.84374,966,3864,DR_primary,4928,4963
37,0,C0,3,4607,0.4553,23,0.78736,0.84344,966,3864,DR_primary,4607,5059
37,0,C1,3,5023,0.4964,23,0.7874,0.8433,966,3864,DR_primary,5023,5059
37,0,C2,3,5023,0.4964,23,0.7872,0.84322,966,3864,DR_primary,5023,5059
37,0,C3,3,5023,0.4964,23,0.78713,0.84315,966,3864,DR_primary,5023,5059
37,0,C0,4,4543,0.449,23,0.78729,0.84313,966,3864,DR_primary,4543,5009
37,0,C1,4,4983,0.4924,23,0.78714,0.84298,966,3864,DR_primary,4983,5009
37,0,C2,4,4983,0.4924,23,0.78724,0.84316,966,3864,DR_primary,4983,5009
37,0,C3,4,4983,0.4924,23,0.7871,0.84305,966,3864,DR_primary,4983,5009
37,0,C0,5,4556,0.4502,23,0.78653,0.84293,966,3864,DR_primary,4556,5024
37,0,C1,5,4992,0.4933,23,0.78674,0.84309,966,3864,DR_primary,4992,5024
37,0,C2,5,4992,0.4933,23,0.78654,0.843,966,3864,DR_primary,4992,5024
37,0,C3,5,4992,0.4933,23,0.78657,0.84305,966,3864,DR_primary,4992,5024
37,0,C0,6,4567,0.4513,23,0.78569,0.8421,966,3864,DR_primary,4567,5041
37,0,C1,6,5012,0.4953,23,0.78619,0.84248,966,3864,DR_primary,5012,5041
37,0,C2,6,5012,0.4953,23,0.78603,0.84248,966,3864,DR_primary,5012,5041
37,0,C3,6,5012,0.4953,23,0.78604,0.84249,966,3864,DR_primary,5012,5041
37,0,C0,7,4560,0.4506,23,0.78714,0.84317,966,3864,DR_primary,4560,4989
37,0,C1,7,4962,0.4904,23,0.78695,0.84305,966,3864,DR_primary,4962,4989
37,0,C2,7,4962,0.4904,23,0.78691,0.84304,966,3864,DR_primary,4962,4989
37,0,C3,7,4962,0.4904,23,0.7868,0.84301,966,3864,DR_primary,4962,4989
37,0,C0,8,4626,0.4572,23,0.7877,0.84358,966,3864,DR_primary,4626,5101
37,0,C1,8,5078,0.5018,23,0.78755,0.8436,966,3864,DR_primary,5078,5101
37,0,C2,8,5078,0.5018,23,0.78775,0.84401,966,3864,DR_primary,5078,5101
37,0,C3,8,5078,0.5018,23,0.78778,0.84398,966,3864,DR_primary,5078,5101
37,0,C0,9,4589,0.4535,23,0.78711,0.84341,966,3864,DR_primary,4589,5050
37,0,C1,9,5015,0.4956,23,0.78693,0.84336,966,3864,DR_primary,5015,5050
37,0,C2,9,5015,0.4956,23,0.78687,0.84334,966,3864,DR_primary,5015,5050
37,0,C3,9,5015,0.4956,23,0.78683,0.84333,966,3864,DR_primary,5015,5050
37,0,C0,10,4584,0.453,23,0.78714,0.84348,966,3864,DR_primary,4584,5024
37,0,C1,10,5000,0.4941,23,0.78737,0.84361,966,3864,DR_primary,5000,5024
37,0,C2,10,5000,0.4941,23,0.78716,0.8435,966,3864,DR_primary,5000,5024
37,0,C3,10,5000,0.4941,23,0.78703,0.84339,966,3864,DR_primary,5000,5024
37,0,C0,11,4631,0.4577,23,0.7874,0.84337,966,3864,DR_primary,4631,5087
37,0,C1,11,5054,0.4995,23,0.78729,0.84313,966,3864,DR_primary,5054,5087
37,0,C2,11,5054,0.4995,23,0.78711,0.8431,966,3864,DR_primary,5054,5087
37,0,C3,11,5054,0.4995,23,0.78705,0.84309,966,3864,DR_primary,5054,5087
37,0,C0,12,4608,0.4554,23,0.78702,0.84347,966,3864,DR_primary,4608,5078
37,0,C1,12,5051,0.4992,23,0.7871,0.84336,966,3864,DR_primary,5051,5078
37,0,C2,12,5051,0.4992,23,0.78691,0.84335,966,3864,DR_primary,5051,5078
37,0,C3,12,5051,0.4992,23,0.78697,0.84338,966,3864,DR_primary,5051,5078
37,0,C0,13,4618,0.4564,23,0.78739,0.84356,966,3864,DR_primary,4618,5086
37,0,C1,13,5043,0.4984,23,0.78766,0.84372,966,3864,DR_primary,5043,5086
37,0,C2,13,5043,0.4984,23,0.78728,0.84347,966,3864,DR_primary,5043,5086
37,0,C3,13,5043,0.4984,23,0.78717,0.84349,966,3864,DR_primary,5043,5086
37,0,C0,14,4582,0.4528,23,0.78761,0.84366,966,3864,DR_primary,4582,5040
37,0,C1,14,5023,0.4964,23,0.78763,0.84382,966,3864,DR_primary,5023,5040
37,0,C2,14,5023,0.4964,23,0.78745,0.84363,966,3864,DR_primary,5023,5040
37,0,C3,14,5023,0.4964,23,0.78733,0.84356,966,3864,DR_primary,5023,5040
37,0,C0,15,4591,0.4537,23,0.78673,0.84287,966,3864,DR_primary,4591,5012
37,0,C1,15,4985,0.4926,23,0.7865,0.84268,966,3864,DR_primary,4985,5012
37,0,C2,15,4985,0.4926,23,0.78651,0.84281,966,3864,DR_primary,4985,5012
37,0,C3,15,4985,0.4926,23,0.78658,0.84297,966,3864,DR_primary,4985,5012
37,0,C0,16,4599,0.4545,23,0.78685,0.84287,966,3864,DR_primary,4599,5061
37,0,C1,16,5029,0.497,23,0.78681,0.84298,966,3864,DR_primary,5029,5061
37,0,C2,16,5029,0.497,23,0.787,0.84331,966,3864,DR_primary,5029,5061
37,0,C3,16,5029,0.497,23,0.78701,0.8433,966,3864,DR_primary,5029,5061
37,0,C0,17,4506,0.4453,23,0.78705,0.84315,966,3864,DR_primary,4506,4970
37,0,C1,17,4943,0.4885,23,0.78647,0.84273,966,3864,DR_primary,4943,4970
37,0,C2,17,4943,0.4885,23,0.78668,0.84295,966,3864,DR_primary,4943,4970
37,0,C3,17,4943,0.4885,23,0.78658,0.84291,966,3864,DR_primary,4943,4970
37,0,C0,18,4518,0.4465,23,0.78654,0.8429,966,3864,DR_primary,4518,4974
37,0,C1,18,4944,0.4886,23,0.78666,0.84301,966,3864,DR_primary,4944,4974
37,0,C2,18,4944,0.4886,23,0.78657,0.84315,966,3864,DR_primary,4944,4974
37,0,C3,18,4944,0.4886,23,0.78668,0.84319,966,3864,DR_primary,4944,4974
37,0,C0,19,4599,0.4545,23,0.78674,0.84304,966,3864,DR_primary,4599,5066
37,0,C1,19,5033,0.4974,23,0.78652,0.84286,966,3864,DR_primary,5033,5066
37,0,C2,19,5033,0.4974,23,0.78627,0.84278,966,3864,DR_primary,5033,5066
37,0,C3,19,5033,0.4974,23,0.78625,0.84281,966,3864,DR_primary,5033,5066
37,0,C0,20,4658,0.4603,23,0.78784,0.8443,966,3864,DR_primary,4658,5109
37,0,C1,20,5085,0.5025,23,0.78735,0.84362,966,3864,DR_primary,5085,5109
37,0,C2,20,5085,0.5025,23,0.78752,0.84383,966,3864,DR_primary,5085,5109
37,0,C3,20,5085,0.5025,23,0.78769,0.84397,966,3864,DR_primary,5085,5109
37,0,C0,21,4618,0.4564,23,0.78704,0.84351,966,3864,DR_primary,4618,5057
37,0,C1,21,5028,0.4969,23,0.78712,0.84358,966,3864,DR_primary,5028,5057
37,0,C2,21,5028,0.4969,23,0.78721,0.84356,966,3864,DR_primary,5028,5057
37,0,C3,21,5028,0.4969,23,0.78715,0.84357,966,3864,DR_primary,5028,5057
37,0,C0,22,4670,0.4615,23,0.78775,0.84368,966,3864,DR_primary,4670,5089
37,0,C1,22,5073,0.5013,23,0.78768,0.84364,966,3864,DR_primary,5073,5089
37,0,C2,22,5073,0.5013,23,0.78739,0.84353,966,3864,DR_primary,5073,5089
37,0,C3,22,5073,0.5013,23,0.78731,0.84344,966,3864,DR_primary,5073,5089
37,0,C0,23,4542,0.4489,23,0.78667,0.84323,966,3864,DR_primary,4542,5001
37,0,C1,23,4974,0.4916,23,0.78642,0.84304,966,3864,DR_primary,4974,5001
37,0,C2,23,4974,0.4916,23,0.78648,0.84306,966,3864,DR_primary,4974,5001
37,0,C3,23,4974,0.4916,23,0.78633,0.84299,966,3864,DR_primary,4974,5001
37,0,C0,24,4563,0.4509,23,0.78741,0.84374,966,3864,DR_primary,4563,5023
37,0,C1,24,5002,0.4943,23,0.78719,0.84345,966,3864,DR_primary,5002,5023
37,0,C2,24,5002,0.4943,23,0.78711,0.84339,966,3864,DR_primary,5002,5023
37,0,C3,24,5002,0.4943,23,0.78716,0.84348,966,3864,DR_primary,5002,5023
37,0,C0,25,4610,0.4556,23,0.78708,0.84321,966,3864,DR_primary,4610,5037
37,0,C1,25,5006,0.4947,23,0.78664,0.84291,966,3864,DR_primary,5006,5037
37,0,C2,25,5006,0.4947,23,0.78707,0.84332,966,3864,DR_primary,5006,5037
37,0,C3,25,5006,0.4947,23,0.78699,0.84323,966,3864,DR_primary,5006,5037
37,0,C0,26,4570,0.4516,23,0.78708,0.8433,966,3864,DR_primary,4570,5007
37,0,C1,26,4970,0.4912,23,0.78703,0.84334,966,3864,DR_primary,4970,5007
37,0,C2,26,4970,0.4912,23,0.78679,0.84321,966,3864,DR_primary,4970,5007
37,0,C3,26,4970,0.4912,23,0.78674,0.84317,966,3864,DR_primary,4970,5007
37,0,C0,27,4615,0.4561,23,0.78684,0.84329,966,3864,DR_primary,4615,5077
37,0,C1,27,5031,0.4972,23,0.78684,0.84324,966,3864,DR_primary,5031,5077
37,0,C2,27,5031,0.4972,23,0.78672,0.8432,966,3864,DR_primary,5031,5077
37,0,C3,27,5031,0.4972,23,0.78679,0.84328,966,3864,DR_primary,5031,5077
37,0,C0,28,4570,0.4516,23,0.78705,0.84292,966,3864,DR_primary,4570,5035
37,0,C1,28,4999,0.494,23,0.78673,0.84279,966,3864,DR_primary,4999,5035
37,0,C2,28,4999,0.494,23,0.78684,0.84288,966,3864,DR_primary,4999,5035
37,0,C3,28,4999,0.494,23,0.78687,0.84291,966,3864,DR_primary,4999,5035
37,0,C0,29,4515,0.4462,23,0.78781,0.84361,966,3864,DR_primary,4515,4983
37,0,C1,29,4950,0.4892,23,0.78789,0.84358,966,3864,DR_primary,4950,4983
37,0,C2,29,4950,0.4892,23,0.7875,0.84334,966,3864,DR_primary,4950,4983
37,0,C3,29,4950,0.4892,23,0.78761,0.84345,966,3864,DR_primary,4950,4983
37,0,C0,30,4594,0.454,23,0.78704,0.84319,966,3864,DR_primary,4594,5034
37,0,C1,30,4996,0.4937,23,0.7871,0.84315,966,3864,DR_primary,4996,5034
37,0,C2,30,4996,0.4937,23,0.78717,0.84328,966,3864,DR_primary,4996,5034
37,0,C3,30,4996,0.4937,23,0.78702,0.84319,966,3864,DR_primary,4996,5034
37,1,C0,1,4608,0.4554,23,0.78794,0.84344,966,3864,DR_primary,4608,5091
37,1,C1,1,5044,0.4985,23,0.78777,0.8433,966,3864,DR_primary,5044,5091
37,1,C2,1,5044,0.4985,23,0.78779,0.84346,966,3864,DR_primary,5044,5091
37,1,C3,1,5044,0.4985,23,0.78778,0.84342,966,3864,DR_primary,5044,5091
37,1,C0,2,4642,0.4587,23,0.78779,0.84365,966,3864,DR_primary,4642,5109
37,1,C1,2,5065,0.5005,23,0.78774,0.84355,966,3864,DR_primary,5065,5109
37,1,C2,2,5065,0.5005,23,0.78759,0.8435,966,3864,DR_primary,5065,5109
37,1,C3,2,5065,0.5005,23,0.78772,0.84361,966,3864,DR_primary,5065,5109
37,1,C0,3,4588,0.4534,23,0.78681,0.84294,966,3864,DR_primary,4588,5030
37,1,C1,3,5006,0.4947,23,0.78641,0.84277,966,3864,DR_primary,5006,5030
37,1,C2,3,5006,0.4947,23,0.78636,0.8428,966,3864,DR_primary,5006,5030
37,1,C3,3,5006,0.4947,23,0.78644,0.84286,966,3864,DR_primary,5006,5030
37,1,C0,4,4600,0.4546,23,0.7873,0.8434,966,3864,DR_primary,4600,5049
37,1,C1,4,5009,0.495,23,0.78729,0.84336,966,3864,DR_primary,5009,5049
37,1,C2,4,5009,0.495,23,0.78716,0.8433,966,3864,DR_primary,5009,5049
37,1,C3,4,5009,0.495,23,0.78711,0.84324,966,3864,DR_primary,5009,5049
37,1,C0,5,4622,0.4568,23,0.78682,0.84319,966,3864,DR_primary,4622,5071
37,1,C1,5,5037,0.4978,23,0.78693,0.84315,966,3864,DR_primary,5037,5071
37,1,C2,5,5037,0.4978,23,0.78673,0.84309,966,3864,DR_primary,5037,5071
37,1,C3,5,5037,0.4978,23,0.78676,0.84313,966,3864,DR_primary,5037,5071
37,1,C0,6,4650,0.4595,23,0.78666,0.84293,966,3864,DR_primary,4650,5114
37,1,C1,6,5085,0.5025,23,0.78679,0.84295,966,3864,DR_primary,5085,5114
37,1,C2,6,5085,0.5025,23,0.78629,0.84273,966,3864,DR_primary,5085,5114
37,1,C3,6,5085,0.5025,23,0.78626,0.84267,966,3864,DR_primary,5085,5114
37,1,C0,7,4587,0.4533,23,0.78684,0.84327,966,3864,DR_primary,4587,5032
37,1,C1,7,5008,0.4949,23,0.78694,0.84324,966,3864,DR_primary,5008,5032
37,1,C2,7,5008,0.4949,23,0.78696,0.84329,966,3864,DR_primary,5008,5032
37,1,C3,7,5008,0.4949,23,0.78687,0.84321,966,3864,DR_primary,5008,5032
37,1,C0,8,4514,0.4461,23,0.78583,0.84207,966,3864,DR_primary,4514,5008
37,1,C1,8,4973,0.4915,23,0.78591,0.84209,966,3864,DR_primary,4973,5008
37,1,C2,8,4973,0.4915,23,0.78607,0.84229,966,3864,DR_primary,4973,5008
37,1,C3,8,4973,0.4915,23,0.78592,0.84224,966,3864,DR_primary,4973,5008
37,1,C0,9,4556,0.4502,23,0.78654,0.84286,966,3864,DR_primary,4556,4984
37,1,C1,9,4969,0.4911,23,0.7863,0.84274,966,3864,DR_primary,4969,4984
37,1,C2,9,4969,0.4911,23,0.78636,0.84286,966,3864,DR_primary,4969,4984
37,1,C3,9,4969,0.4911,23,0.78641,0.84287,966,3864,DR_primary,4969,4984
37,1,C0,10,4492,0.4439,23,0.78639,0.84314,966,3864,DR_primary,4492,4936
37,1,C1,10,4911,0.4853,23,0.78657,0.84312,966,3864,DR_primary,4911,4936
37,1,C2,10,4911,0.4853,23,0.78633,0.8432,966,3864,DR_primary,4911,4936
37,1,C3,10,4911,0.4853,23,0.78637,0.84325,966,3864,DR_primary,4911,4936
37,1,C0,11,4541,0.4488,23,0.78603,0.84266,966,3864,DR_primary,4541,5018
37,1,C1,11,4995,0.4936,23,0.78649,0.843,966,3864,DR_primary,4995,5018
37,1,C2,11,4995,0.4936,23,0.7864,0.84299,966,3864,DR_primary,4995,5018
37,1,C3,11,4995,0.4936,23,0.78639,0.84297,966,3864,DR_primary,4995,5018
37,1,C0,12,4494,0.4441,23,0.78671,0.84301,966,3864,DR_primary,4494,4941
37,1,C1,12,4908,0.485,23,0.78694,0.8432,966,3864,DR_primary,4908,4941
37,1,C2,12,4908,0.485,23,0.78678,0.84317,966,3864,DR_primary,4908,4941
37,1,C3,12,4908,0.485,23,0.78685,0.84328,966,3864,DR_primary,4908,4941
37,1,C0,13,4608,0.4554,23,0.78642,0.84272,966,3864,DR_primary,4608,5038
37,1,C1,13,5013,0.4954,23,0.78632,0.84269,966,3864,DR_primary,5013,5038
37,1,C2,13,5013,0.4954,23,0.78644,0.8428,966,3864,DR_primary,5013,5038
37,1,C3,13,5013,0.4954,23,0.7865,0.84289,966,3864,DR_primary,5013,5038
37,1,C0,14,4631,0.4577,23,0.78633,0.84251,966,3864,DR_primary,4631,5061
37,1,C1,14,5037,0.4978,23,0.78641,0.8426,966,3864,DR_primary,5037,5061
37,1,C2,14,5037,0.4978,23,0.78624,0.84251,966,3864,DR_primary,5037,5061
37,1,C3,14,5037,0.4978,23,0.78621,0.84241,966,3864,DR_primary,5037,5061
37,1,C0,15,4581,0.4527,23,0.78703,0.84348,966,3864,DR_primary,4581,5025
37,1,C1,15,5006,0.4947,23,0.78703,0.84341,966,3864,DR_primary,5006,5025
37,1,C2,15,5006,0.4947,23,0.78676,0.84329,966,3864,DR_primary,5006,5025
37,1,C3,15,5006,0.4947,23,0.78674,0.8433,966,3864,DR_primary,5006,5025
37,1,C0,16,4524,0.4471,23,0.78716,0.84339,966,3864,DR_primary,4524,4981
37,1,C1,16,4951,0.4893,23,0.78685,0.84305,966,3864,DR_primary,4951,4981
37,1,C2,16,4951,0.4893,23,0.78694,0.84316,966,3864,DR_primary,4951,4981
37,1,C3,16,4951,0.4893,23,0.7868,0.84303,966,3864,DR_primary,4951,4981
37,1,C0,17,4595,0.4541,23,0.78717,0.84316,966,3864,DR_primary,4595,5045
37,1,C1,17,5019,0.496,23,0.78734,0.84345,966,3864,DR_primary,5019,5045
37,1,C2,17,5019,0.496,23,0.78723,0.84345,966,3864,DR_primary,5019,5045
37,1,C3,17,5019,0.496,23,0.78721,0.84338,966,3864,DR_primary,5019,5045
37,1,C0,18,4559,0.4505,23,0.78632,0.84267,966,3864,DR_primary,4559,5024
37,1,C1,18,5016,0.4957,23,0.78611,0.84241,966,3864,DR_primary,5016,5024
37,1,C2,18,5016,0.4957,23,0.78647,0.84267,966,3864,DR_primary,5016,5024
37,1,C3,18,5016,0.4957,23,0.78632,0.84261,966,3864,DR_primary,5016,5024
37,1,C0,19,4521,0.4468,23,0.78833,0.84423,966,3864,DR_primary,4521,4978
37,1,C1,19,4945,0.4887,23,0.78779,0.84392,966,3864,DR_primary,4945,4978
37,1,C2,19,4945,0.4887,23,0.78802,0.84415,966,3864,DR_primary,4945,4978
37,1,C3,19,4945,0.4887,23,0.78803,0.84415,966,3864,DR_primary,4945,4978
37,1,C0,20,4619,0.4565,23,0.78752,0.84397,966,3864,DR_primary,4619,5044
37,1,C1,20,5020,0.4961,23,0.78755,0.84409,966,3864,DR_primary,5020,5044
37,1,C2,20,5020,0.4961,23,0.7874,0.84399,966,3864,DR_primary,5020,5044
37,1,C3,20,5020,0.4961,23,0.78742,0.84399,966,3864,DR_primary,5020,5044
37,1,C0,21,4631,0.4577,23,0.78675,0.84264,966,3864,DR_primary,4631,5082
37,1,C1,21,5047,0.4988,23,0.78661,0.84253,966,3864,DR_primary,5047,5082
37,1,C2,21,5047,0.4988,23,0.7866,0.84259,966,3864,DR_primary,5047,5082
37,1,C3,21,5047,0.4988,23,0.78663,0.84253,966,3864,DR_primary,5047,5082
37,1,C0,22,4662,0.4607,23,0.78741,0.84336,966,3864,DR_primary,4662,5113
37,1,C1,22,5087,0.5027,23,0.78732,0.84329,966,3864,DR_primary,5087,5113
37,1,C2,22,5087,0.5027,23,0.78705,0.84323,966,3864,DR_primary,5087,5113
37,1,C3,22,5087,0.5027,23,0.78711,0.84328,966,3864,DR_primary,5087,5113
37,1,C0,23,4554,0.45,23,0.78751,0.84349,966,3864,DR_primary,4554,5005
37,1,C1,23,4966,0.4908,23,0.78762,0.84352,966,3864,DR_primary,4966,5005
37,1,C2,23,4966,0.4908,23,0.78744,0.84352,966,3864,DR_primary,4966,5005
37,1,C3,23,4966,0.4908,23,0.78751,0.8436,966,3864,DR_primary,4966,5005
37,1,C0,24,4713,0.4658,23,0.78766,0.84345,966,3864,DR_primary,4713,5127
37,1,C1,24,5101,0.5041,23,0.7874,0.84324,966,3864,DR_primary,5101,5127
37,1,C2,24,5101,0.5041,23,0.78736,0.84333,966,3864,DR_primary,5101,5127
37,1,C3,24,5101,0.5041,23,0.78735,0.84329,966,3864,DR_primary,5101,5127
37,1,C0,25,4584,0.453,23,0.78694,0.84279,966,3864,DR_primary,4584,5080
37,1,C1,25,5032,0.4973,23,0.78669,0.84274,966,3864,DR_primary,5032,5080
37,1,C2,25,5032,0.4973,23,0.78675,0.84287,966,3864,DR_primary,5032,5080
37,1,C3,25,5032,0.4973,23,0.78664,0.84277,966,3864,DR_primary,5032,5080
37,1,C0,26,4605,0.4551,23,0.78711,0.84367,966,3864,DR_primary,4605,5037
37,1,C1,26,5009,0.495,23,0.78679,0.84348,966,3864,DR_primary,5009,5037
37,1,C2,26,5009,0.495,23,0.78701,0.84375,966,3864,DR_primary,5009,5037
37,1,C3,26,5009,0.495,23,0.78694,0.84367,966,3864,DR_primary,5009,5037
37,1,C0,27,4667,0.4612,23,0.78719,0.84339,966,3864,DR_primary,4667,5135
37,1,C1,27,5103,0.5043,23,0.78703,0.84326,966,3864,DR_primary,5103,5135
37,1,C2,27,5103,0.5043,23,0.78701,0.8432,966,3864,DR_primary,5103,5135
37,1,C3,27,5103,0.5043,23,0.78706,0.84321,966,3864,DR_primary,5103,5135
37,1,C0,28,4679,0.4624,23,0.7875,0.84335,966,3864,DR_primary,4679,5140
37,1,C1,28,5125,0.5065,23,0.78708,0.84341,966,3864,DR_primary,5125,5140
37,1,C2,28,5125,0.5065,23,0.78713,0.8434,966,3864,DR_primary,5125,5140
37,1,C3,28,5125,0.5065,23,0.78714,0.84342,966,3864,DR_primary,5125,5140
37,1,C0,29,4550,0.4496,23,0.78748,0.84342,966,3864,DR_primary,4550,5014
37,1,C1,29,4973,0.4915,23,0.78732,0.84347,966,3864,DR_primary,4973,5014
37,1,C2,29,4973,0.4915,23,0.78738,0.84372,966,3864,DR_primary,4973,5014
37,1,C3,29,4973,0.4915,23,0.78739,0.84376,966,3864,DR_primary,4973,5014
37,1,C0,30,4578,0.4524,23,0.78724,0.84356,966,3864,DR_primary,4578,5025
37,1,C1,30,4998,0.4939,23,0.787,0.84345,966,3864,DR_primary,4998,5025
37,1,C2,30,4998,0.4939,23,0.78707,0.84336,966,3864,DR_primary,4998,5025
37,1,C3,30,4998,0.4939,23,0.78703,0.84339,966,3864,DR_primary,4998,5025
37,2,C0,1,4478,0.4425,23,0.78584,0.84258,966,3864,DR_primary,4478,4975
37,2,C1,1,4938,0.488,23,0.7861,0.84261,966,3864,DR_primary,4938,4975
37,2,C2,1,4938,0.488,23,0.78601,0.84267,966,3864,DR_primary,4938,4975
37,2,C3,1,4938,0.488,23,0.78614,0.84278,966,3864,DR_primary,4938,4975
37,2,C0,2,4627,0.4573,23,0.78633,0.84307,966,3864,DR_primary,4627,5080
37,2,C1,2,5071,0.5011,23,0.78666,0.84331,966,3864,DR_primary,5071,5080
37,2,C2,2,5071,0.5011,23,0.78675,0.84338,966,3864,DR_primary,5071,5080
37,2,C3,2,5071,0.5011,23,0.78676,0.84337,966,3864,DR_primary,5071,5080
37,2,C0,3,4586,0.4532,23,0.78633,0.84266,966,3864,DR_primary,4586,5020
37,2,C1,3,4990,0.4931,23,0.78612,0.84257,966,3864,DR_primary,4990,5020
37,2,C2,3,4990,0.4931,23,0.78631,0.8428,966,3864,DR_primary,4990,5020
37,2,C3,3,4990,0.4931,23,0.78628,0.84278,966,3864,DR_primary,4990,5020
37,2,C0,4,4561,0.4507,23,0.78717,0.84326,966,3864,DR_primary,4561,5016
37,2,C1,4,4995,0.4936,23,0.78742,0.84333,966,3864,DR_primary,4995,5016
37,2,C2,4,4995,0.4936,23,0.78736,0.84343,966,3864,DR_primary,4995,5016
37,2,C3,4,4995,0.4936,23,0.78733,0.8434,966,3864,DR_primary,4995,5016
37,2,C0,5,4637,0.4582,23,0.78619,0.84321,966,3864,DR_primary,4637,5097
37,2,C1,5,5069,0.5009,23,0.78642,0.84335,966,3864,DR_primary,5069,5097
37,2,C2,5,5069,0.5009,23,0.78593,0.84302,966,3864,DR_primary,5069,5097
37,2,C3,5,5069,0.5009,23,0.78588,0.84302,966,3864,DR_primary,5069,5097
37,2,C0,6,4617,0.4563,23,0.78569,0.84212,966,3864,DR_primary,4617,5067
37,2,C1,6,5037,0.4978,23,0.78577,0.84221,966,3864,DR_primary,5037,5067
37,2,C2,6,5037,0.4978,23,0.78578,0.84242,966,3864,DR_primary,5037,5067
37,2,C3,6,5037,0.4978,23,0.78588,0.84244,966,3864,DR_primary,5037,5067
37,2,C0,7,4476,0.4423,23,0.78707,0.84348,966,3864,DR_primary,4476,4920
37,2,C1,7,4898,0.484,23,0.78687,0.8434,966,3864,DR_primary,4898,4920
37,2,C2,7,4898,0.484,23,0.78695,0.8435,966,3864,DR_primary,4898,4920
37,2,C3,7,4898,0.484,23,0.78679,0.84337,966,3864,DR_primary,4898,4920
37,2,C0,8,4690,0.4635,23,0.78675,0.84301,966,3864,DR_primary,4690,5124
37,2,C1,8,5100,0.504,23,0.78697,0.84321,966,3864,DR_primary,5100,5124
37,2,C2,8,5100,0.504,23,0.78689,0.84317,966,3864,DR_primary,5100,5124
37,2,C3,8,5100,0.504,23,0.78685,0.84319,966,3864,DR_primary,5100,5124
37,2,C0,9,4597,0.4543,23,0.78737,0.84352,966,3864,DR_primary,4597,5023
37,2,C1,9,4997,0.4938,23,0.78754,0.84361,966,3864,DR_primary,4997,5023
37,2,C2,9,4997,0.4938,23,0.7872,0.84338,966,3864,DR_primary,4997,5023
37,2,C3,9,4997,0.4938,23,0.78713,0.84338,966,3864,DR_primary,4997,5023
37,2,C0,10,4546,0.4493,23,0.787,0.84291,966,3864,DR_primary,4546,4995
37,2,C1,10,4957,0.4899,23,0.78717,0.84317,966,3864,DR_primary,4957,4995
37,2,C2,10,4957,0.4899,23,0.78692,0.84313,966,3864,DR_primary,4957,4995
37,2,C3,10,4957,0.4899,23,0.78699,0.84319,966,3864,DR_primary,4957,4995
37,2,C0,11,4610,0.4556,23,0.78751,0.84385,966,3864,DR_primary,4610,5045
37,2,C1,11,5021,0.4962,23,0.78735,0.84386,966,3864,DR_primary,5021,5045
37,2,C2,11,5021,0.4962,23,0.78757,0.84401,966,3864,DR_primary,5021,5045
37,2,C3,11,5021,0.4962,23,0.78744,0.84388,966,3864,DR_primary,5021,5045
37,2,C0,12,4617,0.4563,23,0.78791,0.84412,966,3864,DR_primary,4617,5054
37,2,C1,12,5023,0.4964,23,0.78764,0.84396,966,3864,DR_primary,5023,5054
37,2,C2,12,5023,0.4964,23,0.78767,0.84403,966,3864,DR_primary,5023,5054
37,2,C3,12,5023,0.4964,23,0.78761,0.84388,966,3864,DR_primary,5023,5054
37,2,C0,13,4612,0.4558,23,0.78775,0.84347,966,3864,DR_primary,4612,5076
37,2,C1,13,5037,0.4978,23,0.78776,0.84364,966,3864,DR_primary,5037,5076
37,2,C2,13,5037,0.4978,23,0.7878,0.84381,966,3864,DR_primary,5037,5076
37,2,C3,13,5037,0.4978,23,0.78768,0.84374,966,3864,DR_primary,5037,5076
37,2,C0,14,4602,0.4548,23,0.7871,0.84322,966,3864,DR_primary,4602,5065
37,2,C1,14,5043,0.4984,23,0.78725,0.84323,966,3864,DR_primary,5043,5065
37,2,C2,14,5043,0.4984,23,0.78714,0.84331,966,3864,DR_primary,5043,5065
37,2,C3,14,5043,0.4984,23,0.78712,0.84332,966,3864,DR_primary,5043,5065
37,2,C0,15,4580,0.4526,23,0.7874,0.84352,966,3864,DR_primary,4580,5040
37,2,C1,15,4998,0.4939,23,0.78733,0.84339,966,3864,DR_primary,4998,5040
37,2,C2,15,4998,0.4939,23,0.78719,0.84343,966,3864,DR_primary,4998,5040
37,2,C3,15,4998,0.4939,23,0.78704,0.84339,966,3864,DR_primary,4998,5040
37,2,C0,16,4567,0.4513,23,0.78648,0.84284,966,3864,DR_primary,4567,5005
37,2,C1,16,4972,0.4914,23,0.78647,0.8428,966,3864,DR_primary,4972,5005
37,2,C2,16,4972,0.4914,23,0.78637,0.84289,966,3864,DR_primary,4972,5005
37,2,C3,16,4972,0.4914,23,0.78643,0.84292,966,3864,DR_primary,4972,5005
37,2,C0,17,4591,0.4537,23,0.7873,0.84331,966,3864,DR_primary,4591,5067
37,2,C1,17,5036,0.4977,23,0.78727,0.84352,966,3864,DR_primary,5036,5067
37,2,C2,17,5036,0.4977,23,0.78729,0.84369,966,3864,DR_primary,5036,5067
37,2,C3,17,5036,0.4977,23,0.78722,0.84362,966,3864,DR_primary,5036,5067
37,2,C0,18,4604,0.455,23,0.78786,0.84397,966,3864,DR_primary,4604,5075
37,2,C1,18,5047,0.4988,23,0.78766,0.8438,966,3864,DR_primary,5047,5075
37,2,C2,18,5047,0.4988,23,0.7878,0.84397,966,3864,DR_primary,5047,5075
37,2,C3,18,5047,0.4988,23,0.78779,0.84397,966,3864,DR_primary,5047,5075
37,2,C0,19,4631,0.4577,23,0.78776,0.84359,966,3864,DR_primary,4631,5057
37,2,C1,19,5034,0.4975,23,0.78787,0.84372,966,3864,DR_primary,5034,5057
37,2,C2,19,5034,0.4975,23,0.78781,0.84384,966,3864,DR_primary,5034,5057
37,2,C3,19,5034,0.4975,23,0.78761,0.8437,966,3864,DR_primary,5034,5057
37,2,C0,20,4481,0.4428,23,0.78658,0.84296,966,3864,DR_primary,4481,4953
37,2,C1,20,4915,0.4857,23,0.78672,0.84309,966,3864,DR_primary,4915,4953
37,2,C2,20,4915,0.4857,23,0.78644,0.84311,966,3864,DR_primary,4915,4953
37,2,C3,20,4915,0.4857,23,0.78642,0.84309,966,3864,DR_primary,4915,4953
37,2,C0,21,4623,0.4569,23,0.78672,0.84292,966,3864,DR_primary,4623,5077
37,2,C1,21,5042,0.4983,23,0.78707,0.84327,966,3864,DR_primary,5042,5077
37,2,C2,21,5042,0.4983,23,0.78668,0.84296,966,3864,DR_primary,5042,5077
37,2,C3,21,5042,0.4983,23,0.78674,0.84298,966,3864,DR_primary,5042,5077
37,2,C0,22,4648,0.4593,23,0.78752,0.84338,966,3864,DR_primary,4648,5102
37,2,C1,22,5086,0.5026,23,0.78749,0.8434,966,3864,DR_primary,5086,5102
37,2,C2,22,5086,0.5026,23,0.78746,0.84353,966,3864,DR_primary,5086,5102
37,2,C3,22,5086,0.5026,23,0.78749,0.84352,966,3864,DR_primary,5086,5102
37,2,C0,23,4557,0.4503,23,0.78688,0.84295,966,3864,DR_primary,4557,5015
37,2,C1,23,4982,0.4923,23,0.78708,0.84315,966,3864,DR_primary,4982,5015
37,2,C2,23,4982,0.4923,23,0.78701,0.84312,966,3864,DR_primary,4982,5015
37,2,C3,23,4982,0.4923,23,0.78701,0.84309,966,3864,DR_primary,4982,5015
37,2,C0,24,4630,0.4576,23,0.78623,0.84254,966,3864,DR_primary,4630,5059
37,2,C1,24,5030,0.4971,23,0.78614,0.84261,966,3864,DR_primary,5030,5059
37,2,C2,24,5030,0.4971,23,0.78607,0.84259,966,3864,DR_primary,5030,5059
37,2,C3,24,5030,0.4971,23,0.78611,0.84257,966,3864,DR_primary,5030,5059
37,2,C0,25,4639,0.4584,23,0.78734,0.84349,966,3864,DR_primary,4639,5102
37,2,C1,25,5070,0.501,23,0.78754,0.84363,966,3864,DR_primary,5070,5102
37,2,C2,25,5070,0.501,23,0.78729,0.84364,966,3864,DR_primary,5070,5102
37,2,C3,25,5070,0.501,23,0.78724,0.8436,966,3864,DR_primary,5070,5102
37,2,C0,26,4567,0.4513,23,0.78715,0.84314,966,3864,DR_primary,4567,5048
37,2,C1,26,5016,0.4957,23,0.78672,0.84288,966,3864,DR_primary,5016,5048
37,2,C2,26,5016,0.4957,23,0.78688,0.84302,966,3864,DR_primary,5016,5048
37,2,C3,26,5016,0.4957,23,0.78682,0.84295,966,3864,DR_primary,5016,5048
37,2,C0,27,4456,0.4404,23,0.78742,0.84384,966,3864,DR_primary,4456,4944
37,2,C1,27,4908,0.485,23,0.7873,0.84362,966,3864,DR_primary,4908,4944
37,2,C2,27,4908,0.485,23,0.78691,0.84357,966,3864,DR_primary,4908,4944
37,2,C3,27,4908,0.485,23,0.78692,0.8436,966,3864,DR_primary,4908,4944
37,2,C0,28,4608,0.4554,23,0.78668,0.84314,966,3864,DR_primary,4608,5085
37,2,C1,28,5047,0.4988,23,0.78653,0.84301,966,3864,DR_primary,5047,5085
37,2,C2,28,5047,0.4988,23,0.78682,0.84344,966,3864,DR_primary,5047,5085
37,2,C3,28,5047,0.4988,23,0.78669,0.84335,966,3864,DR_primary,5047,5085
37,2,C0,29,4623,0.4569,23,0.78752,0.84371,966,3864,DR_primary,4623,5087
37,2,C1,29,5050,0.4991,23,0.78741,0.84363,966,3864,DR_primary,5050,5087
37,2,C2,29,5050,0.4991,23,0.78723,0.84355,966,3864,DR_primary,5050,5087
37,2,C3,29,5050,0.4991,23,0.7872,0.84351,966,3864,DR_primary,5050,5087
37,2,C0,30,4589,0.4535,23,0.78657,0.84271,966,3864,DR_primary,4589,5001
37,2,C1,30,4962,0.4904,23,0.7865,0.84272,966,3864,DR_primary,4962,5001
37,2,C2,30,4962,0.4904,23,0.78627,0.84265,966,3864,DR_primary,4962,5001
37,2,C3,30,4962,0.4904,23,0.78631,0.84275,966,3864,DR_primary,4962,5001
37,3,C0,1,4599,0.4545,23,0.786,0.84295,966,3864,DR_primary,4599,5025
37,3,C1,1,5007,0.4948,23,0.78615,0.8429,966,3864,DR_primary,5007,5025
37,3,C2,1,5007,0.4948,23,0.78629,0.84304,966,3864,DR_primary,5007,5025
37,3,C3,1,5007,0.4948,23,0.7864,0.84305,966,3864,DR_primary,5007,5025
37,3,C0,2,4607,0.4553,23,0.78645,0.8427,966,3864,DR_primary,4607,5050
37,3,C1,2,5030,0.4971,23,0.78681,0.8428,966,3864,DR_primary,5030,5050
37,3,C2,2,5030,0.4971,23,0.78633,0.84263,966,3864,DR_primary,5030,5050
37,3,C3,2,5030,0.4971,23,0.78628,0.84257,966,3864,DR_primary,5030,5050
37,3,C0,3,4582,0.4528,23,0.78651,0.8427,966,3864,DR_primary,4582,5049
37,3,C1,3,5015,0.4956,23,0.78661,0.8426,966,3864,DR_primary,5015,5049
37,3,C2,3,5015,0.4956,23,0.78665,0.84273,966,3864,DR_primary,5015,5049
37,3,C3,3,5015,0.4956,23,0.78658,0.8427,966,3864,DR_primary,5015,5049
37,3,C0,4,4608,0.4554,23,0.78708,0.84318,966,3864,DR_primary,4608,5045
37,3,C1,4,5014,0.4955,23,0.78702,0.84315,966,3864,DR_primary,5014,5045
37,3,C2,4,5014,0.4955,23,0.78684,0.84311,966,3864,DR_primary,5014,5045
37,3,C3,4,5014,0.4955,23,0.78678,0.84303,966,3864,DR_primary,5014,5045
37,3,C0,5,4590,0.4536,23,0.78674,0.8428,966,3864,DR_primary,4590,5049
37,3,C1,5,5025,0.4966,23,0.78685,0.84321,966,3864,DR_primary,5025,5049
37,3,C2,5,5025,0.4966,23,0.7866,0.84294,966,3864,DR_primary,5025,5049
37,3,C3,5,5025,0.4966,23,0.78664,0.84295,966,3864,DR_primary,5025,5049
37,3,C0,6,4516,0.4463,23,0.787,0.84356,966,3864,DR_primary,4516,4933
37,3,C1,6,4904,0.4846,23,0.78707,0.84355,966,3864,DR_primary,4904,4933
37,3,C2,6,4904,0.4846,23,0.78703,0.84368,966,3864,DR_primary,4904,4933
37,3,C3,6,4904,0.4846,23,0.78707,0.8437,966,3864,DR_primary,4904,4933
37,3,C0,7,4683,0.4628,23,0.78685,0.84267,966,3864,DR_primary,4683,5122
37,3,C1,7,5089,0.5029,23,0.78686,0.84283,966,3864,DR_primary,5089,5122
37,3,C2,7,5089,0.5029,23,0.78685,0.84294,966,3864,DR_primary,5089,5122
37,3,C3,7,5089,0.5029,23,0.78693,0.8431,966,3864,DR_primary,5089,5122
37,3,C0,8,4627,0.4573,23,0.78757,0.84352,966,3864,DR_primary,4627,5049
37,3,C1,8,5023,0.4964,23,0.78752,0.84336,966,3864,DR_primary,5023,5049
37,3,C2,8,5023,0.4964,23,0.78722,0.84321,966,3864,DR_primary,5023,5049
37,3,C3,8,5023,0.4964,23,0.78725,0.84328,966,3864,DR_primary,5023,5049
37,3,C0,9,4574,0.452,23,0.78636,0.84295,966,3864,DR_primary,4574,5032
37,3,C1,9,5005,0.4946,23,0.78672,0.84317,966,3864,DR_primary,5005,5032
37,3,C2,9,5005,0.4946,23,0.78654,0.8431,966,3864,DR_primary,5005,5032
37,3,C3,9,5005,0.4946,23,0.78651,0.84312,966,3864,DR_primary,5005,5032
37,3,C0,10,4533,0.448,23,0.78745,0.84339,966,3864,DR_primary,4533,4969
37,3,C1,10,4938,0.488,23,0.78757,0.84343,966,3864,DR_primary,4938,4969
37,3,C2,10,4938,0.488,23,0.78723,0.8434,966,3864,DR_primary,4938,4969
37,3,C3,10,4938,0.488,23,0.78727,0.84343,966,3864,DR_primary,4938,4969
37,3,C0,11,4668,0.4613,23,0.78624,0.84278,966,3864,DR_primary,4668,5097
37,3,C1,11,5069,0.5009,23,0.78636,0.84287,966,3864,DR_primary,5069,5097
37,3,C2,11,5069,0.5009,23,0.78625,0.84283,966,3864,DR_primary,5069,5097
37,3,C3,11,5069,0.5009,23,0.78617,0.84284,966,3864,DR_primary,5069,5097
37,3,C0,12,4597,0.4543,23,0.78783,0.84411,966,3864,DR_primary,4597,5055
37,3,C1,12,5023,0.4964,23,0.78748,0.84365,966,3864,DR_primary,5023,5055
37,3,C2,12,5023,0.4964,23,0.78752,0.84363,966,3864,DR_primary,5023,5055
37,3,C3,12,5023,0.4964,23,0.78749,0.84358,966,3864,DR_primary,5023,5055
37,3,C0,13,4604,0.455,23,0.78746,0.84306,966,3864,DR_primary,4604,5072
37,3,C1,13,5055,0.4996,23,0.78768,0.84328,966,3864,DR_primary,5055,5072
37,3,C2,13,5055,0.4996,23,0.78761,0.84333,966,3864,DR_primary,5055,5072
37,3,C3,13,5055,0.4996,23,0.78752,0.84334,966,3864,DR_primary,5055,5072
37,3,C0,14,4677,0.4622,23,0.78701,0.84354,966,3864,DR_primary,4677,5130
37,3,C1,14,5090,0.503,23,0.78709,0.84362,966,3864,DR_primary,5090,5130
37,3,C2,14,5090,0.503,23,0.78717,0.84378,966,3864,DR_primary,5090,5130
37,3,C3,14,5090,0.503,23,0.78722,0.84381,966,3864,DR_primary,5090,5130
37,3,C0,15,4634,0.458,23,0.78737,0.84311,966,3864,DR_primary,4634,5081
37,3,C1,15,5041,0.4982,23,0.78711,0.84294,966,3864,DR_primary,5041,5081
37,3,C2,15,5041,0.4982,23,0.78706,0.84299,966,3864,DR_primary,5041,5081
37,3,C3,15,5041,0.4982,23,0.7871,0.84299,966,3864,DR_primary,5041,5081
37,3,C0,16,4558,0.4504,23,0.7872,0.84361,966,3864,DR_primary,4558,4985
37,3,C1,16,4958,0.49,23,0.78718,0.84342,966,3864,DR_primary,4958,4985
37,3,C2,16,4958,0.49,23,0.78697,0.84337,966,3864,DR_primary,4958,4985
37,3,C3,16,4958,0.49,23,0.78701,0.84346,966,3864,DR_primary,4958,4985
37,3,C0,17,4667,0.4612,23,0.78652,0.84292,966,3864,DR_primary,4667,5137
37,3,C1,17,5109,0.5049,23,0.78691,0.84319,966,3864,DR_primary,5109,5137
37,3,C2,17,5109,0.5049,23,0.78647,0.84303,966,3864,DR_primary,5109,5137
37,3,C3,17,5109,0.5049,23,0.78653,0.84305,966,3864,DR_primary,5109,5137
37,3,C0,18,4569,0.4515,23,0.78778,0.84398,966,3864,DR_primary,4569,5003
37,3,C1,18,4984,0.4925,23,0.7876,0.8438,966,3864,DR_primary,4984,5003
37,3,C2,18,4984,0.4925,23,0.78765,0.84388,966,3864,DR_primary,4984,5003
37,3,C3,18,4984,0.4925,23,0.78768,0.8439,966,3864,DR_primary,4984,5003
37,3,C0,19,4601,0.4547,23,0.78774,0.84423,966,3864,DR_primary,4601,5069
37,3,C1,19,5040,0.4981,23,0.78801,0.84453,966,3864,DR_primary,5040,5069
37,3,C2,19,5040,0.4981,23,0.78798,0.84457,966,3864,DR_primary,5040,5069
37,3,C3,19,5040,0.4981,23,0.78797,0.8446,966,3864,DR_primary,5040,5069
37,3,C0,20,4610,0.4556,23,0.78721,0.84336,966,3864,DR_primary,4610,5071
37,3,C1,20,5038,0.4979,23,0.7874,0.84366,966,3864,DR_primary,5038,5071
37,3,C2,20,5038,0.4979,23,0.78738,0.8436,966,3864,DR_primary,5038,5071
37,3,C3,20,5038,0.4979,23,0.78749,0.84372,966,3864,DR_primary,5038,5071
37,3,C0,21,4528,0.4475,23,0.78787,0.84371,966,3864,DR_primary,4528,4987
37,3,C1,21,4960,0.4902,23,0.78753,0.84347,966,3864,DR_primary,4960,4987
37,3,C2,21,4960,0.4902,23,0.78758,0.84359,966,3864,DR_primary,4960,4987
37,3,C3,21,4960,0.4902,23,0.78759,0.84359,966,3864,DR_primary,4960,4987
37,3,C0,22,4614,0.456,23,0.78642,0.84291,966,3864,DR_primary,4614,5061
37,3,C1,22,5042,0.4983,23,0.78627,0.84281,966,3864,DR_primary,5042,5061
37,3,C2,22,5042,0.4983,23,0.7864,0.8429,966,3864,DR_primary,5042,5061
37,3,C3,22,5042,0.4983,23,0.78633,0.84291,966,3864,DR_primary,5042,5061
37,3,C0,23,4494,0.4441,23,0.78623,0.84291,966,3864,DR_primary,4494,4931
37,3,C1,23,4912,0.4854,23,0.78605,0.84271,966,3864,DR_primary,4912,4931
37,3,C2,23,4912,0.4854,23,0.78623,0.8428,966,3864,DR_primary,4912,4931
37,3,C3,23,4912,0.4854,23,0.78618,0.84281,966,3864,DR_primary,4912,4931
37,3,C0,24,4627,0.4573,23,0.7863,0.84251,966,3864,DR_primary,4627,5070
37,3,C1,24,5033,0.4974,23,0.78638,0.8425,966,3864,DR_primary,5033,5070
37,3,C2,24,5033,0.4974,23,0.78642,0.84275,966,3864,DR_primary,5033,5070
37,3,C3,24,5033,0.4974,23,0.78646,0.84276,966,3864,DR_primary,5033,5070
37,3,C0,25,4599,0.4545,23,0.7864,0.84299,966,3864,DR_primary,4599,5079
37,3,C1,25,5053,0.4994,23,0.7866,0.84314,966,3864,DR_primary,5053,5079
37,3,C2,25,5053,0.4994,23,0.78656,0.8432,966,3864,DR_primary,5053,5079
37,3,C3,25,5053,0.4994,23,0.7865,0.8431,966,3864,DR_primary,5053,5079
37,3,C0,26,4659,0.4604,23,0.78711,0.84345,966,3864,DR_primary,4659,5113
37,3,C1,26,5081,0.5021,23,0.78717,0.84334,966,3864,DR_primary,5081,5113
37,3,C2,26,5081,0.5021,23,0.78714,0.84339,966,3864,DR_primary,5081,5113
37,3,C3,26,5081,0.5021,23,0.78717,0.84354,966,3864,DR_primary,5081,5113
37,3,C0,27,4580,0.4526,23,0.78759,0.84384,966,3864,DR_primary,4580,5049
37,3,C1,27,5018,0.4959,23,0.78751,0.84369,966,3864,DR_primary,5018,5049
37,3,C2,27,5018,0.4959,23,0.78709,0.8435,966,3864,DR_primary,5018,5049
37,3,C3,27,5018,0.4959,23,0.78715,0.84351,966,3864,DR_primary,5018,5049
37,3,C0,28,4554,0.45,23,0.78697,0.84316,966,3864,DR_primary,4554,4993
37,3,C1,28,4980,0.4921,23,0.78659,0.84278,966,3864,DR_primary,4980,4993
37,3,C2,28,4980,0.4921,23,0.78676,0.84298,966,3864,DR_primary,4980,4993
37,3,C3,28,4980,0.4921,23,0.78665,0.84287,966,3864,DR_primary,4980,4993
37,3,C0,29,4652,0.4597,23,0.78702,0.84375,966,3864,DR_primary,4652,5094
37,3,C1,29,5072,0.5012,23,0.78701,0.84361,966,3864,DR_primary,5072,5094
37,3,C2,29,5072,0.5012,23,0.787,0.84371,966,3864,DR_primary,5072,5094
37,3,C3,29,5072,0.5012,23,0.78708,0.84371,966,3864,DR_primary,5072,5094
37,3,C0,30,4582,0.4528,23,0.78717,0.84368,966,3864,DR_primary,4582,5039
37,3,C1,30,5026,0.4967,23,0.78716,0.84357,966,3864,DR_primary,5026,5039
37,3,C2,30,5026,0.4967,23,0.78696,0.84347,966,3864,DR_primary,5026,5039
37,3,C3,30,5026,0.4967,23,0.78691,0.84342,966,3864,DR_primary,5026,5039
37,4,C0,1,4572,0.4518,23,0.78692,0.8428,966,3864,DR_primary,4572,5009
37,4,C1,1,4986,0.4927,23,0.78703,0.84297,966,3864,DR_primary,4986,5009
37,4,C2,1,4986,0.4927,23,0.7872,0.84314,966,3864,DR_primary,4986,5009
37,4,C3,1,4986,0.4927,23,0.78715,0.84307,966,3864,DR_primary,4986,5009
37,4,C0,2,4556,0.4502,23,0.78729,0.84354,966,3864,DR_primary,4556,5058
37,4,C1,2,5001,0.4942,23,0.78726,0.84341,966,3864,DR_primary,5001,5058
37,4,C2,2,5001,0.4942,23,0.78714,0.84346,966,3864,DR_primary,5001,5058
37,4,C3,2,5001,0.4942,23,0.78727,0.84351,966,3864,DR_primary,5001,5058
37,4,C0,3,4629,0.4575,23,0.7868,0.84296,966,3864,DR_primary,4629,5096
37,4,C1,3,5071,0.5011,23,0.78701,0.84317,966,3864,DR_primary,5071,5096
37,4,C2,3,5071,0.5011,23,0.78682,0.84318,966,3864,DR_primary,5071,5096
37,4,C3,3,5071,0.5011,23,0.78691,0.84321,966,3864,DR_primary,5071,5096
37,4,C0,4,4620,0.4566,23,0.78719,0.84328,966,3864,DR_primary,4620,5066
37,4,C1,4,5037,0.4978,23,0.78734,0.84339,966,3864,DR_primary,5037,5066
37,4,C2,4,5037,0.4978,23,0.78715,0.84337,966,3864,DR_primary,5037,5066
37,4,C3,4,5037,0.4978,23,0.78709,0.84327,966,3864,DR_primary,5037,5066
37,4,C0,5,4561,0.4507,23,0.78684,0.84296,966,3864,DR_primary,4561,4997
37,4,C1,5,4968,0.491,23,0.7869,0.84294,966,3864,DR_primary,4968,4997
37,4,C2,5,4968,0.491,23,0.78681,0.84298,966,3864,DR_primary,4968,4997
37,4,C3,5,4968,0.491,23,0.78676,0.84297,966,3864,DR_primary,4968,4997
37,4,C0,6,4608,0.4554,23,0.78612,0.84251,966,3864,DR_primary,4608,5047
37,4,C1,6,5015,0.4956,23,0.78653,0.84245,966,3864,DR_primary,5015,5047
37,4,C2,6,5015,0.4956,23,0.78617,0.84244,966,3864,DR_primary,5015,5047
37,4,C3,6,5015,0.4956,23,0.78615,0.84248,966,3864,DR_primary,5015,5047
37,4,C0,7,4617,0.4563,23,0.78622,0.8422,966,3864,DR_primary,4617,5075
37,4,C1,7,5031,0.4972,23,0.7864,0.84242,966,3864,DR_primary,5031,5075
37,4,C2,7,5031,0.4972,23,0.78626,0.8425,966,3864,DR_primary,5031,5075
37,4,C3,7,5031,0.4972,23,0.78624,0.8425,966,3864,DR_primary,5031,5075
37,4,C0,8,4681,0.4626,23,0.78754,0.84394,966,3864,DR_primary,4681,5130
37,4,C1,8,5096,0.5036,23,0.78704,0.84345,966,3864,DR_primary,5096,5130
37,4,C2,8,5096,0.5036,23,0.78708,0.8435,966,3864,DR_primary,5096,5130
37,4,C3,8,5096,0.5036,23,0.78711,0.84355,966,3864,DR_primary,5096,5130
37,4,C0,9,4494,0.4441,23,0.78772,0.84347,966,3864,DR_primary,4494,4946
37,4,C1,9,4916,0.4858,23,0.78752,0.84342,966,3864,DR_primary,4916,4946
37,4,C2,9,4916,0.4858,23,0.78766,0.84355,966,3864,DR_primary,4916,4946
37,4,C3,9,4916,0.4858,23,0.78768,0.84355,966,3864,DR_primary,4916,4946
37,4,C0,10,4581,0.4527,23,0.78678,0.84338,966,3864,DR_primary,4581,5024
37,4,C1,10,4993,0.4934,23,0.78668,0.8433,966,3864,DR_primary,4993,5024
37,4,C2,10,4993,0.4934,23,0.78654,0.84325,966,3864,DR_primary,4993,5024
37,4,C3,10,4993,0.4934,23,0.78661,0.84337,966,3864,DR_primary,4993,5024
37,4,C0,11,4603,0.4549,23,0.78719,0.84326,966,3864,DR_primary,4603,5051
37,4,C1,11,5010,0.4951,23,0.78727,0.84335,966,3864,DR_primary,5010,5051
37,4,C2,11,5010,0.4951,23,0.78718,0.84343,966,3864,DR_primary,5010,5051
37,4,C3,11,5010,0.4951,23,0.78713,0.84334,966,3864,DR_primary,5010,5051
37,4,C0,12,4627,0.4573,23,0.78693,0.84332,966,3864,DR_primary,4627,5074
37,4,C1,12,5050,0.4991,23,0.78684,0.84319,966,3864,DR_primary,5050,5074
37,4,C2,12,5050,0.4991,23,0.78671,0.84316,966,3864,DR_primary,5050,5074
37,4,C3,12,5050,0.4991,23,0.78682,0.84324,966,3864,DR_primary,5050,5074
37,4,C0,13,4603,0.4549,23,0.78688,0.84282,966,3864,DR_primary,4603,5058
37,4,C1,13,5021,0.4962,23,0.78678,0.84276,966,3864,DR_primary,5021,5058
37,4,C2,13,5021,0.4962,23,0.7867,0.84277,966,3864,DR_primary,5021,5058
37,4,C3,13,5021,0.4962,23,0.78665,0.84277,966,3864,DR_primary,5021,5058
37,4,C0,14,4591,0.4537,23,0.78721,0.84339,966,3864,DR_primary,4591,5029
37,4,C1,14,5001,0.4942,23,0.78697,0.84323,966,3864,DR_primary,5001,5029
37,4,C2,14,5001,0.4942,23,0.78684,0.84317,966,3864,DR_primary,5001,5029
37,4,C3,14,5001,0.4942,23,0.78685,0.84319,966,3864,DR_primary,5001,5029
37,4,C0,15,4537,0.4484,23,0.78727,0.84374,966,3864,DR_primary,4537,4990
37,4,C1,15,4967,0.4909,23,0.78729,0.84366,966,3864,DR_primary,4967,4990
37,4,C2,15,4967,0.4909,23,0.78722,0.8438,966,3864,DR_primary,4967,4990
37,4,C3,15,4967,0.4909,23,0.78708,0.84368,966,3864,DR_primary,4967,4990
37,4,C0,16,4658,0.4603,23,0.78688,0.84298,966,3864,DR_primary,4658,5122
37,4,C1,16,5102,0.5042,23,0.7869,0.843,966,3864,DR_primary,5102,5122
37,4,C2,16,5102,0.5042,23,0.78665,0.84289,966,3864,DR_primary,5102,5122
37,4,C3,16,5102,0.5042,23,0.78664,0.84291,966,3864,DR_primary,5102,5122
37,4,C0,17,4522,0.4469,23,0.78653,0.84289,966,3864,DR_primary,4522,4990
37,4,C1,17,4943,0.4885,23,0.78672,0.84289,966,3864,DR_primary,4943,4990
37,4,C2,17,4943,0.4885,23,0.78631,0.84271,966,3864,DR_primary,4943,4990
37,4,C3,17,4943,0.4885,23,0.78644,0.84278,966,3864,DR_primary,4943,4990
37,4,C0,18,4619,0.4565,23,0.78736,0.84354,966,3864,DR_primary,4619,5044
37,4,C1,18,5015,0.4956,23,0.78734,0.84365,966,3864,DR_primary,5015,5044
37,4,C2,18,5015,0.4956,23,0.78736,0.84373,966,3864,DR_primary,5015,5044
37,4,C3,18,5015,0.4956,23,0.78737,0.84372,966,3864,DR_primary,5015,5044
37,4,C0,19,4653,0.4598,23,0.78749,0.8435,966,3864,DR_primary,4653,5104
37,4,C1,19,5060,0.5,23,0.78693,0.84311,966,3864,DR_primary,5060,5104
37,4,C2,19,5060,0.5,23,0.78703,0.84321,966,3864,DR_primary,5060,5104
37,4,C3,19,5060,0.5,23,0.78696,0.8432,966,3864,DR_primary,5060,5104
37,4,C0,20,4614,0.456,23,0.78718,0.84342,966,3864,DR_primary,4614,5043
37,4,C1,20,5021,0.4962,23,0.78746,0.84357,966,3864,DR_primary,5021,5043
37,4,C2,20,5021,0.4962,23,0.78742,0.84371,966,3864,DR_primary,5021,5043
37,4,C3,20,5021,0.4962,23,0.78739,0.84366,966,3864,DR_primary,5021,5043
37,4,C0,21,4585,0.4531,23,0.78756,0.84344,966,3864,DR_primary,4585,5053
37,4,C1,21,5027,0.4968,23,0.78747,0.84343,966,3864,DR_primary,5027,5053
37,4,C2,21,5027,0.4968,23,0.78767,0.8436,966,3864,DR_primary,5027,5053
37,4,C3,21,5027,0.4968,23,0.78756,0.84354,966,3864,DR_primary,5027,5053
37,4,C0,22,4591,0.4537,23,0.7872,0.84336,966,3864,DR_primary,4591,5029
37,4,C1,22,4989,0.493,23,0.78686,0.84312,966,3864,DR_primary,4989,5029
37,4,C2,22,4989,0.493,23,0.78689,0.84312,966,3864,DR_primary,4989,5029
37,4,C3,22,4989,0.493,23,0.7868,0.84305,966,3864,DR_primary,4989,5029
37,4,C0,23,4497,0.4444,23,0.78739,0.84328,966,3864,DR_primary,4497,4944
37,4,C1,23,4903,0.4845,23,0.78732,0.8432,966,3864,DR_primary,4903,4944
37,4,C2,23,4903,0.4845,23,0.78739,0.84339,966,3864,DR_primary,4903,4944
37,4,C3,23,4903,0.4845,23,0.78718,0.84325,966,3864,DR_primary,4903,4944
37,4,C0,24,4595,0.4541,23,0.78682,0.84354,966,3864,DR_primary,4595,5067
37,4,C1,24,5046,0.4987,23,0.78685,0.84345,966,3864,DR_primary,5046,5067
37,4,C2,24,5046,0.4987,23,0.78675,0.84348,966,3864,DR_primary,5046,5067
37,4,C3,24,5046,0.4987,23,0.78674,0.84347,966,3864,DR_primary,5046,5067
37,4,C0,25,4598,0.4544,23,0.78686,0.84253,966,3864,DR_primary,4598,5062
37,4,C1,25,5024,0.4965,23,0.78687,0.84258,966,3864,DR_primary,5024,5062
37,4,C2,25,5024,0.4965,23,0.7868,0.84271,966,3864,DR_primary,5024,5062
37,4,C3,25,5024,0.4965,23,0.78666,0.84262,966,3864,DR_primary,5024,5062
37,4,C0,26,4556,0.4502,23,0.78601,0.84245,966,3864,DR_primary,4556,4996
37,4,C1,26,4967,0.4909,23,0.78587,0.84235,966,3864,DR_primary,4967,4996
37,4,C2,26,4967,0.4909,23,0.78586,0.84237,966,3864,DR_primary,4967,4996
37,4,C3,26,4967,0.4909,23,0.78598,0.84248,966,3864,DR_primary,4967,4996
37,4,C0,27,4522,0.4469,23,0.78751,0.84393,966,3864,DR_primary,4522,4994
37,4,C1,27,4965,0.4907,23,0.78705,0.84362,966,3864,DR_primary,4965,4994
37,4,C2,27,4965,0.4907,23,0.78701,0.84379,966,3864,DR_primary,4965,4994
37,4,C3,27,4965,0.4907,23,0.78718,0.84394,966,3864,DR_primary,4965,4994
37,4,C0,28,4647,0.4592,23,0.78685,0.84338,966,3864,DR_primary,4647,5083
37,4,C1,28,5058,0.4999,23,0.78701,0.84342,966,3864,DR_primary,5058,5083
37,4,C2,28,5058,0.4999,23,0.7868,0.84333,966,3864,DR_primary,5058,5083
37,4,C3,28,5058,0.4999,23,0.78678,0.84329,966,3864,DR_primary,5058,5083
37,4,C0,29,4636,0.4581,23,0.78764,0.84354,966,3864,DR_primary,4636,5044
37,4,C1,29,5032,0.4973,23,0.78753,0.84357,966,3864,DR_primary,5032,5044
37,4,C2,29,5032,0.4973,23,0.78771,0.84378,966,3864,DR_primary,5032,5044
37,4,C3,29,5032,0.4973,23,0.78779,0.84382,966,3864,DR_primary,5032,5044
37,4,C0,30,4555,0.4501,23,0.78731,0.84343,966,3864,DR_primary,4555,5020
37,4,C1,30,4989,0.493,23,0.78741,0.84365,966,3864,DR_primary,4989,5020
37,4,C2,30,4989,0.493,23,0.78753,0.8437,966,3864,DR_primary,4989,5020
37,4,C3,30,4989,0.493,23,0.78753,0.84366,966,3864,DR_primary,4989,5020
37,5,C0,1,4643,0.4588,23,0.78677,0.84275,966,3864,DR_primary,4643,5101
37,5,C1,1,5069,0.5009,23,0.78677,0.84278,966,3864,DR_primary,5069,5101
37,5,C2,1,5069,0.5009,23,0.78674,0.84281,966,3864,DR_primary,5069,5101
37,5,C3,1,5069,0.5009,23,0.78671,0.8428,966,3864,DR_primary,5069,5101
37,5,C0,2,4656,0.4601,23,0.78679,0.84304,966,3864,DR_primary,4656,5117
37,5,C1,2,5077,0.5017,23,0.78675,0.84301,966,3864,DR_primary,5077,5117
37,5,C2,2,5077,0.5017,23,0.78647,0.843,966,3864,DR_primary,5077,5117
37,5,C3,2,5077,0.5017,23,0.78649,0.84301,966,3864,DR_primary,5077,5117
37,5,C0,3,4714,0.4659,23,0.78663,0.84338,966,3864,DR_primary,4714,5154
37,5,C1,3,5127,0.5067,23,0.78663,0.84334,966,3864,DR_primary,5127,5154
37,5,C2,3,5127,0.5067,23,0.78665,0.84323,966,3864,DR_primary,5127,5154
37,5,C3,3,5127,0.5067,23,0.78668,0.84329,966,3864,DR_primary,5127,5154
37,5,C0,4,4643,0.4588,23,0.78655,0.84278,966,3864,DR_primary,4643,5088
37,5,C1,4,5041,0.4982,23,0.78672,0.84278,966,3864,DR_primary,5041,5088
37,5,C2,4,5041,0.4982,23,0.78661,0.84277,966,3864,DR_primary,5041,5088
37,5,C3,4,5041,0.4982,23,0.78672,0.84289,966,3864,DR_primary,5041,5088
37,5,C0,5,4466,0.4413,23,0.787,0.84299,966,3864,DR_primary,4466,4921
37,5,C1,5,4891,0.4833,23,0.78725,0.84306,966,3864,DR_primary,4891,4921
37,5,C2,5,4891,0.4833,23,0.78701,0.84293,966,3864,DR_primary,4891,4921
37,5,C3,5,4891,0.4833,23,0.78698,0.84287,966,3864,DR_primary,4891,4921
37,5,C0,6,4628,0.4574,23,0.78625,0.84276,966,3864,DR_primary,4628,5082
37,5,C1,6,5046,0.4987,23,0.78632,0.8428,966,3864,DR_primary,5046,5082
37,5,C2,6,5046,0.4987,23,0.78624,0.84274,966,3864,DR_primary,5046,5082
37,5,C3,6,5046,0.4987,23,0.78625,0.84274,966,3864,DR_primary,5046,5082
37,5,C0,7,4525,0.4472,23,0.78667,0.84313,966,3864,DR_primary,4525,4963
37,5,C1,7,4924,0.4866,23,0.78693,0.84335,966,3864,DR_primary,4924,4963
37,5,C2,7,4924,0.4866,23,0.78666,0.84325,966,3864,DR_primary,4924,4963
37,5,C3,7,4924,0.4866,23,0.78676,0.84342,966,3864,DR_primary,4924,4963
37,5,C0,8,4572,0.4518,23,0.78701,0.84343,966,3864,DR_primary,4572,5034
37,5,C1,8,4997,0.4938,23,0.78688,0.84336,966,3864,DR_primary,4997,5034
37,5,C2,8,4997,0.4938,23,0.78675,0.84334,966,3864,DR_primary,4997,5034
37,5,C3,8,4997,0.4938,23,0.78676,0.84336,966,3864,DR_primary,4997,5034
37,5,C0,9,4694,0.4639,23,0.78744,0.84327,966,3864,DR_primary,4694,5130
37,5,C1,9,5112,0.5052,23,0.78789,0.84342,966,3864,DR_primary,5112,5130
37,5,C2,9,5112,0.5052,23,0.78758,0.84332,966,3864,DR_primary,5112,5130
37,5,C3,9,5112,0.5052,23,0.78756,0.84332,966,3864,DR_primary,5112,5130
37,5,C0,10,4533,0.448,23,0.78723,0.84316,966,3864,DR_primary,4533,4999
37,5,C1,10,4979,0.492,23,0.78725,0.84309,966,3864,DR_primary,4979,4999
37,5,C2,10,4979,0.492,23,0.78692,0.84305,966,3864,DR_primary,4979,4999
37,5,C3,10,4979,0.492,23,0.78692,0.84302,966,3864,DR_primary,4979,4999
37,5,C0,11,4553,0.4499,23,0.78718,0.84323,966,3864,DR_primary,4553,5012
37,5,C1,11,4985,0.4926,23,0.78697,0.84318,966,3864,DR_primary,4985,5012
37,5,C2,11,4985,0.4926,23,0.78694,0.84325,966,3864,DR_primary,4985,5012
37,5,C3,11,4985,0.4926,23,0.78697,0.84331,966,3864,DR_primary,4985,5012
37,5,C0,12,4506,0.4453,23,0.78725,0.84315,966,3864,DR_primary,4506,4971
37,5,C1,12,4935,0.4877,23,0.7871,0.84309,966,3864,DR_primary,4935,4971
37,5,C2,12,4935,0.4877,23,0.78717,0.84321,966,3864,DR_primary,4935,4971
37,5,C3,12,4935,0.4877,23,0.78728,0.84325,966,3864,DR_primary,4935,4971
37,5,C0,13,4579,0.4525,23,0.7867,0.84307,966,3864,DR_primary,4579,5043
37,5,C1,13,5021,0.4962,23,0.78675,0.84331,966,3864,DR_primary,5021,5043
37,5,C2,13,5021,0.4962,23,0.78688,0.8434,966,3864,DR_primary,5021,5043
37,5,C3,13,5021,0.4962,23,0.78683,0.84336,966,3864,DR_primary,5021,5043
37,5,C0,14,4621,0.4567,23,0.78669,0.84326,966,3864,DR_primary,4621,5055
37,5,C1,14,5036,0.4977,23,0.78666,0.84315,966,3864,DR_primary,5036,5055
37,5,C2,14,5036,0.4977,23,0.78655,0.84323,966,3864,DR_primary,5036,5055
37,5,C3,14,5036,0.4977,23,0.78661,0.84324,966,3864,DR_primary,5036,5055
37,5,C0,15,4688,0.4633,23,0.78677,0.84301,966,3864,DR_primary,4688,5135
37,5,C1,15,5116,0.5056,23,0.7868,0.84322,966,3864,DR_primary,5116,5135
37,5,C2,15,5116,0.5056,23,0.78676,0.8432,966,3864,DR_primary,5116,5135
37,5,C3,15,5116,0.5056,23,0.78677,0.84321,966,3864,DR_primary,5116,5135
37,5,C0,16,4626,0.4572,23,0.78689,0.84312,966,3864,DR_primary,4626,5051
37,5,C1,16,5014,0.4955,23,0.78695,0.84316,966,3864,DR_primary,5014,5051
37,5,C2,16,5014,0.4955,23,0.78702,0.84336,966,3864,DR_primary,5014,5051
37,5,C3,16,5014,0.4955,23,0.78697,0.8433,966,3864,DR_primary,5014,5051
37,5,C0,17,4570,0.4516,23,0.78664,0.84291,966,3864,DR_primary,4570,5028
37,5,C1,17,5000,0.4941,23,0.7868,0.84326,966,3864,DR_primary,5000,5028
37,5,C2,17,5000,0.4941,23,0.78677,0.84327,966,3864,DR_primary,5000,5028
37,5,C3,17,5000,0.4941,23,0.78689,0.84339,966,3864,DR_primary,5000,5028
37,5,C0,18,4592,0.4538,23,0.78704,0.84334,966,3864,DR_primary,4592,5075
37,5,C1,18,5040,0.4981,23,0.78703,0.84318,966,3864,DR_primary,5040,5075
37,5,C2,18,5040,0.4981,23,0.78692,0.84324,966,3864,DR_primary,5040,5075
37,5,C3,18,5040,0.4981,23,0.78688,0.84318,966,3864,DR_primary,5040,5075
37,5,C0,19,4591,0.4537,23,0.78745,0.84356,966,3864,DR_primary,4591,5055
37,5,C1,19,5010,0.4951,23,0.78715,0.84339,966,3864,DR_primary,5010,5055
37,5,C2,19,5010,0.4951,23,0.78689,0.84325,966,3864,DR_primary,5010,5055
37,5,C3,19,5010,0.4951,23,0.78707,0.84341,966,3864,DR_primary,5010,5055
37,5,C0,20,4561,0.4507,23,0.78695,0.84366,966,3864,DR_primary,4561,5024
37,5,C1,20,4989,0.493,23,0.78709,0.84369,966,3864,DR_primary,4989,5024
37,5,C2,20,4989,0.493,23,0.78659,0.84343,966,3864,DR_primary,4989,5024
37,5,C3,20,4989,0.493,23,0.78668,0.84351,966,3864,DR_primary,4989,5024
37,5,C0,21,4577,0.4523,23,0.78711,0.84328,966,3864,DR_primary,4577,5040
37,5,C1,21,5029,0.497,23,0.78691,0.84321,966,3864,DR_primary,5029,5040
37,5,C2,21,5029,0.497,23,0.787,0.8434,966,3864,DR_primary,5029,5040
37,5,C3,21,5029,0.497,23,0.78702,0.84341,966,3864,DR_primary,5029,5040
37,5,C0,22,4667,0.4612,23,0.7869,0.84319,966,3864,DR_primary,4667,5092
37,5,C1,22,5073,0.5013,23,0.78694,0.84326,966,3864,DR_primary,5073,5092
37,5,C2,22,5073,0.5013,23,0.78677,0.84311,966,3864,DR_primary,5073,5092
37,5,C3,22,5073,0.5013,23,0.78685,0.84317,966,3864,DR_primary,5073,5092
37,5,C0,23,4609,0.4555,23,0.78675,0.8433,966,3864,DR_primary,4609,5046
37,5,C1,23,5011,0.4952,23,0.78677,0.84331,966,3864,DR_primary,5011,5046
37,5,C2,23,5011,0.4952,23,0.78674,0.84332,966,3864,DR_primary,5011,5046
37,5,C3,23,5011,0.4952,23,0.78668,0.84332,966,3864,DR_primary,5011,5046
37,5,C0,24,4647,0.4592,23,0.7863,0.84302,966,3864,DR_primary,4647,5119
37,5,C1,24,5087,0.5027,23,0.7862,0.84297,966,3864,DR_primary,5087,5119
37,5,C2,24,5087,0.5027,23,0.78615,0.84277,966,3864,DR_primary,5087,5119
37,5,C3,24,5087,0.5027,23,0.78619,0.84285,966,3864,DR_primary,5087,5119
37,5,C0,25,4540,0.4487,23,0.78661,0.8431,966,3864,DR_primary,4540,4986
37,5,C1,25,4962,0.4904,23,0.7865,0.8429,966,3864,DR_primary,4962,4986
37,5,C2,25,4962,0.4904,23,0.78618,0.84273,966,3864,DR_primary,4962,4986
37,5,C3,25,4962,0.4904,23,0.7863,0.8428,966,3864,DR_primary,4962,4986
37,5,C0,26,4699,0.4644,23,0.78714,0.84315,966,3864,DR_primary,4699,5140
37,5,C1,26,5130,0.507,23,0.78707,0.84292,966,3864,DR_primary,5130,5140
37,5,C2,26,5130,0.507,23,0.78685,0.84282,966,3864,DR_primary,5130,5140
37,5,C3,26,5130,0.507,23,0.78689,0.84287,966,3864,DR_primary,5130,5140
37,5,C0,27,4669,0.4614,23,0.78723,0.84312,966,3864,DR_primary,4669,5144
37,5,C1,27,5117,0.5057,23,0.78739,0.84333,966,3864,DR_primary,5117,5144
37,5,C2,27,5117,0.5057,23,0.78738,0.8434,966,3864,DR_primary,5117,5144
37,5,C3,27,5117,0.5057,23,0.78741,0.84349,966,3864,DR_primary,5117,5144
37,5,C0,28,4557,0.4503,23,0.78646,0.84311,966,3864,DR_primary,4557,5012
37,5,C1,28,4992,0.4933,23,0.78614,0.84259,966,3864,DR_primary,4992,5012
37,5,C2,28,4992,0.4933,23,0.78597,0.84262,966,3864,DR_primary,4992,5012
37,5,C3,28,4992,0.4933,23,0.78603,0.84266,966,3864,DR_primary,4992,5012
37,5,C0,29,4568,0.4514,23,0.78757,0.84354,966,3864,DR_primary,4568,5014
37,5,C1,29,4991,0.4932,23,0.78793,0.84375,966,3864,DR_primary,4991,5014
37,5,C2,29,4991,0.4932,23,0.78781,0.84375,966,3864,DR_primary,4991,5014
37,5,C3,29,4991,0.4932,23,0.78769,0.84366,966,3864,DR_primary,4991,5014
37,5,C0,30,4591,0.4537,23,0.78745,0.84356,966,3864,DR_primary,4591,5027
37,5,C1,30,4998,0.4939,23,0.78773,0.84366,966,3864,DR_primary,4998,5027
37,5,C2,30,4998,0.4939,23,0.78721,0.84336,966,3864,DR_primary,4998,5027
37,5,C3,30,4998,0.4939,23,0.78734,0.84347,966,3864,DR_primary,4998,5027
37,6,C0,1,4604,0.455,23,0.78667,0.84316,966,3864,DR_primary,4604,5049
37,6,C1,1,5033,0.4974,23,0.78669,0.84303,966,3864,DR_primary,5033,5049
37,6,C2,1,5033,0.4974,23,0.78669,0.84312,966,3864,DR_primary,5033,5049
37,6,C3,1,5033,0.4974,23,0.78661,0.84309,966,3864,DR_primary,5033,5049
37,6,C0,2,4592,0.4538,23,0.78749,0.84374,966,3864,DR_primary,4592,5048
37,6,C1,2,5029,0.497,23,0.78756,0.84401,966,3864,DR_primary,5029,5048
37,6,C2,2,5029,0.497,23,0.78762,0.8442,966,3864,DR_primary,5029,5048
37,6,C3,2,5029,0.497,23,0.78763,0.84412,966,3864,DR_primary,5029,5048
37,6,C0,3,4651,0.4596,23,0.78682,0.84249,966,3864,DR_primary,4651,5102
37,6,C1,3,5086,0.5026,23,0.78695,0.84266,966,3864,DR_primary,5086,5102
37,6,C2,3,5086,0.5026,23,0.78675,0.84265,966,3864,DR_primary,5086,5102
37,6,C3,3,5086,0.5026,23,0.78675,0.84261,966,3864,DR_primary,5086,5102
37,6,C0,4,4657,0.4602,23,0.7865,0.84312,966,3864,DR_primary,4657,5119
37,6,C1,4,5088,0.5028,23,0.78642,0.843,966,3864,DR_primary,5088,5119
37,6,C2,4,5088,0.5028,23,0.78626,0.84307,966,3864,DR_primary,5088,5119
37,6,C3,4,5088,0.5028,23,0.78622,0.84307,966,3864,DR_primary,5088,5119
37,6,C0,5,4603,0.4549,23,0.78729,0.84393,966,3864,DR_primary,4603,5028
37,6,C1,5,5005,0.4946,23,0.78712,0.84378,966,3864,DR_primary,5005,5028
37,6,C2,5,5005,0.4946,23,0.78689,0.84372,966,3864,DR_primary,5005,5028
37,6,C3,5,5005,0.4946,23,0.78694,0.84376,966,3864,DR_primary,5005,5028
37,6,C0,6,4544,0.4491,23,0.78669,0.84285,966,3864,DR_primary,4544,4996
37,6,C1,6,4965,0.4907,23,0.7866,0.8428,966,3864,DR_primary,4965,4996
37,6,C2,6,4965,0.4907,23,0.78655,0.8428,966,3864,DR_primary,4965,4996
37,6,C3,6,4965,0.4907,23,0.78666,0.84292,966,3864,DR_primary,4965,4996
37,6,C0,7,4506,0.4453,23,0.78831,0.84436,966,3864,DR_primary,4506,4982
37,6,C1,7,4943,0.4885,23,0.78795,0.84404,966,3864,DR_primary,4943,4982
37,6,C2,7,4943,0.4885,23,0.78809,0.84423,966,3864,DR_primary,4943,4982
37,6,C3,7,4943,0.4885,23,0.7881,0.84419,966,3864,DR_primary,4943,4982
37,6,C0,8,4568,0.4514,23,0.78686,0.84281,966,3864,DR_primary,4568,5004
37,6,C1,8,4960,0.4902,23,0.78673,0.84293,966,3864,DR_primary,4960,5004
37,6,C2,8,4960,0.4902,23,0.78662,0.84302,966,3864,DR_primary,4960,5004
37,6,C3,8,4960,0.4902,23,0.78671,0.84309,966,3864,DR_primary,4960,5004
37,6,C0,9,4629,0.4575,23,0.78605,0.8428,966,3864,DR_primary,4629,5059
37,6,C1,9,5022,0.4963,23,0.78611,0.84273,966,3864,DR_primary,5022,5059
37,6,C2,9,5022,0.4963,23,0.78619,0.84282,966,3864,DR_primary,5022,5059
37,6,C3,9,5022,0.4963,23,0.78623,0.8429,966,3864,DR_primary,5022,5059
37,6,C0,10,4507,0.4454,23,0.78712,0.84323,966,3864,DR_primary,4507,4985
37,6,C1,10,4948,0.489,23,0.78699,0.84311,966,3864,DR_primary,4948,4985
37,6,C2,10,4948,0.489,23,0.78704,0.84315,966,3864,DR_primary,4948,4985
37,6,C3,10,4948,0.489,23,0.78711,0.84323,966,3864,DR_primary,4948,4985
37,6,C0,11,4585,0.4531,23,0.78713,0.84325,966,3864,DR_primary,4585,5036
37,6,C1,11,5002,0.4943,23,0.78719,0.84332,966,3864,DR_primary,5002,5036
37,6,C2,11,5002,0.4943,23,0.78705,0.84314,966,3864,DR_primary,5002,5036
37,6,C3,11,5002,0.4943,23,0.78709,0.84322,966,3864,DR_primary,5002,5036
37,6,C0,12,4640,0.4585,23,0.78758,0.84364,966,3864,DR_primary,4640,5088
37,6,C1,12,5054,0.4995,23,0.78694,0.84319,966,3864,DR_primary,5054,5088
37,6,C2,12,5054,0.4995,23,0.78692,0.84328,966,3864,DR_primary,5054,5088
37,6,C3,12,5054,0.4995,23,0.78697,0.84327,966,3864,DR_primary,5054,5088
37,6,C0,13,4561,0.4507,23,0.7869,0.84326,966,3864,DR_primary,4561,5006
37,6,C1,13,4973,0.4915,23,0.78686,0.84309,966,3864,DR_primary,4973,5006
37,6,C2,13,4973,0.4915,23,0.78701,0.84332,966,3864,DR_primary,4973,5006
37,6,C3,13,4973,0.4915,23,0.78691,0.84321,966,3864,DR_primary,4973,5006
37,6,C0,14,4528,0.4475,23,0.78728,0.84363,966,3864,DR_primary,4528,4949
37,6,C1,14,4925,0.4867,23,0.78718,0.84365,966,3864,DR_primary,4925,4949
37,6,C2,14,4925,0.4867,23,0.78693,0.84344,966,3864,DR_primary,4925,4949
37,6,C3,14,4925,0.4867,23,0.7869,0.84338,966,3864,DR_primary,4925,4949
37,6,C0,15,4548,0.4495,23,0.78743,0.84367,966,3864,DR_primary,4548,4996
37,6,C1,15,4977,0.4918,23,0.78725,0.84348,966,3864,DR_primary,4977,4996
37,6,C2,15,4977,0.4918,23,0.78698,0.84334,966,3864,DR_primary,4977,4996
37,6,C3,15,4977,0.4918,23,0.78706,0.84341,966,3864,DR_primary,4977,4996
37,6,C0,16,4573,0.4519,23,0.78709,0.84361,966,3864,DR_primary,4573,5030
37,6,C1,16,4999,0.494,23,0.78714,0.84356,966,3864,DR_primary,4999,5030
37,6,C2,16,4999,0.494,23,0.78707,0.8435,966,3864,DR_primary,4999,5030
37,6,C3,16,4999,0.494,23,0.787,0.84352,966,3864,DR_primary,4999,5030
37,6,C0,17,4592,0.4538,23,0.78684,0.84308,966,3864,DR_primary,4592,5026
37,6,C1,17,4988,0.4929,23,0.78665,0.84298,966,3864,DR_primary,4988,5026
37,6,C2,17,4988,0.4929,23,0.78665,0.8431,966,3864,DR_primary,4988,5026
37,6,C3,17,4988,0.4929,23,0.78668,0.84311,966,3864,DR_primary,4988,5026
37,6,C0,18,4683,0.4628,23,0.7872,0.84322,966,3864,DR_primary,4683,5114
37,6,C1,18,5090,0.503,23,0.78688,0.84297,966,3864,DR_primary,5090,5114
37,6,C2,18,5090,0.503,23,0.78716,0.84311,966,3864,DR_primary,5090,5114
37,6,C3,18,5090,0.503,23,0.78722,0.84319,966,3864,DR_primary,5090,5114
37,6,C0,19,4581,0.4527,23,0.78729,0.84368,966,3864,DR_primary,4581,5015
37,6,C1,19,4980,0.4921,23,0.78754,0.84383,966,3864,DR_primary,4980,5015
37,6,C2,19,4980,0.4921,23,0.78747,0.84391,966,3864,DR_primary,4980,5015
37,6,C3,19,4980,0.4921,23,0.78738,0.84382,966,3864,DR_primary,4980,5015
37,6,C0,20,4529,0.4476,23,0.78666,0.84277,966,3864,DR_primary,4529,4987
37,6,C1,20,4960,0.4902,23,0.78703,0.84315,966,3864,DR_primary,4960,4987
37,6,C2,20,4960,0.4902,23,0.78704,0.84342,966,3864,DR_primary,4960,4987
37,6,C3,20,4960,0.4902,23,0.78691,0.8433,966,3864,DR_primary,4960,4987
37,6,C0,21,4544,0.4491,23,0.78695,0.84354,966,3864,DR_primary,4544,5006
37,6,C1,21,4964,0.4906,23,0.78674,0.84325,966,3864,DR_primary,4964,5006
37,6,C2,21,4964,0.4906,23,0.78666,0.84326,966,3864,DR_primary,4964,5006
37,6,C3,21,4964,0.4906,23,0.78651,0.84313,966,3864,DR_primary,4964,5006
37,6,C0,22,4590,0.4536,23,0.78666,0.84267,966,3864,DR_primary,4590,5054
37,6,C1,22,5029,0.497,23,0.78661,0.84258,966,3864,DR_primary,5029,5054
37,6,C2,22,5029,0.497,23,0.78653,0.84256,966,3864,DR_primary,5029,5054
37,6,C3,22,5029,0.497,23,0.78657,0.84254,966,3864,DR_primary,5029,5054
37,6,C0,23,4573,0.4519,23,0.78616,0.84247,966,3864,DR_primary,4573,5015
37,6,C1,23,4978,0.4919,23,0.7861,0.84242,966,3864,DR_primary,4978,5015
37,6,C2,23,4978,0.4919,23,0.7861,0.84249,966,3864,DR_primary,4978,5015
37,6,C3,23,4978,0.4919,23,0.78603,0.84246,966,3864,DR_primary,4978,5015
37,6,C0,24,4490,0.4437,23,0.78691,0.843,966,3864,DR_primary,4490,4956
37,6,C1,24,4926,0.4868,23,0.78736,0.84332,966,3864,DR_primary,4926,4956
37,6,C2,24,4926,0.4868,23,0.78731,0.84337,966,3864,DR_primary,4926,4956
37,6,C3,24,4926,0.4868,23,0.7873,0.84341,966,3864,DR_primary,4926,4956
37,6,C0,25,4493,0.444,23,0.78661,0.84309,966,3864,DR_primary,4493,4946
37,6,C1,25,4907,0.4849,23,0.78675,0.84318,966,3864,DR_primary,4907,4946
37,6,C2,25,4907,0.4849,23,0.7864,0.84294,966,3864,DR_primary,4907,4946
37,6,C3,25,4907,0.4849,23,0.78659,0.84306,966,3864,DR_primary,4907,4946
37,6,C0,26,4578,0.4524,23,0.78639,0.84296,966,3864,DR_primary,4578,5031
37,6,C1,26,5001,0.4942,23,0.78627,0.84281,966,3864,DR_primary,5001,5031
37,6,C2,26,5001,0.4942,23,0.78626,0.84295,966,3864,DR_primary,5001,5031
37,6,C3,26,5001,0.4942,23,0.78616,0.84288,966,3864,DR_primary,5001,5031
37,6,C0,27,4594,0.454,23,0.78711,0.84361,966,3864,DR_primary,4594,5064
37,6,C1,27,5031,0.4972,23,0.78678,0.8431,966,3864,DR_primary,5031,5064
37,6,C2,27,5031,0.4972,23,0.78688,0.84334,966,3864,DR_primary,5031,5064
37,6,C3,27,5031,0.4972,23,0.78683,0.84331,966,3864,DR_primary,5031,5064
37,6,C0,28,4617,0.4563,23,0.78694,0.84278,966,3864,DR_primary,4617,5063
37,6,C1,28,5034,0.4975,23,0.7864,0.84239,966,3864,DR_primary,5034,5063
37,6,C2,28,5034,0.4975,23,0.78653,0.84253,966,3864,DR_primary,5034,5063
37,6,C3,28,5034,0.4975,23,0.78649,0.84253,966,3864,DR_primary,5034,5063
37,6,C0,29,4614,0.456,23,0.78637,0.84326,966,3864,DR_primary,4614,5027
37,6,C1,29,4993,0.4934,23,0.78632,0.84313,966,3864,DR_primary,4993,5027
37,6,C2,29,4993,0.4934,23,0.78617,0.84307,966,3864,DR_primary,4993,5027
37,6,C3,29,4993,0.4934,23,0.78617,0.84313,966,3864,DR_primary,4993,5027
37,6,C0,30,4597,0.4543,23,0.78695,0.84338,966,3864,DR_primary,4597,5050
37,6,C1,30,5022,0.4963,23,0.7872,0.84337,966,3864,DR_primary,5022,5050
37,6,C2,30,5022,0.4963,23,0.78704,0.84332,966,3864,DR_primary,5022,5050
37,6,C3,30,5022,0.4963,23,0.787,0.84327,966,3864,DR_primary,5022,5050
37,7,C0,1,4549,0.4496,23,0.78714,0.84323,966,3864,DR_primary,4549,4989
37,7,C1,1,4959,0.4901,23,0.78726,0.84313,966,3864,DR_primary,4959,4989
37,7,C2,1,4959,0.4901,23,0.78733,0.84338,966,3864,DR_primary,4959,4989
37,7,C3,1,4959,0.4901,23,0.78728,0.84336,966,3864,DR_primary,4959,4989
37,7,C0,2,4596,0.4542,23,0.78665,0.8431,966,3864,DR_primary,4596,5038
37,7,C1,2,5014,0.4955,23,0.78673,0.84304,966,3864,DR_primary,5014,5038
37,7,C2,2,5014,0.4955,23,0.78638,0.84294,966,3864,DR_primary,5014,5038
37,7,C3,2,5014,0.4955,23,0.7864,0.84292,966,3864,DR_primary,5014,5038
37,7,C0,3,4535,0.4482,23,0.78749,0.84313,966,3864,DR_primary,4535,4974
37,7,C1,3,4935,0.4877,23,0.78737,0.8431,966,3864,DR_primary,4935,4974
37,7,C2,3,4935,0.4877,23,0.7874,0.84302,966,3864,DR_primary,4935,4974
37,7,C3,3,4935,0.4877,23,0.78744,0.84301,966,3864,DR_primary,4935,4974
37,7,C0,4,4607,0.4553,23,0.78589,0.8422,966,3864,DR_primary,4607,5045
37,7,C1,4,5006,0.4947,23,0.78631,0.8424,966,3864,DR_primary,5006,5045
37,7,C2,4,5006,0.4947,23,0.78614,0.84249,966,3864,DR_primary,5006,5045
37,7,C3,4,5006,0.4947,23,0.78604,0.84242,966,3864,DR_primary,5006,5045
37,7,C0,5,4543,0.449,23,0.78661,0.84276,966,3864,DR_primary,4543,5010
37,7,C1,5,4988,0.4929,23,0.78655,0.84267,966,3864,DR_primary,4988,5010
37,7,C2,5,4988,0.4929,23,0.78631,0.8426,966,3864,DR_primary,4988,5010
37,7,C3,5,4988,0.4929,23,0.78654,0.84273,966,3864,DR_primary,4988,5010
37,7,C0,6,4632,0.4578,23,0.78706,0.84324,966,3864,DR_primary,4632,5058
37,7,C1,6,5019,0.496,23,0.7873,0.84348,966,3864,DR_primary,5019,5058
37,7,C2,6,5019,0.496,23,0.78727,0.84351,966,3864,DR_primary,5019,5058
37,7,C3,6,5019,0.496,23,0.78716,0.84351,966,3864,DR_primary,5019,5058
37,7,C0,7,4595,0.4541,23,0.78639,0.84262,966,3864,DR_primary,4595,5067
37,7,C1,7,5037,0.4978,23,0.78671,0.84269,966,3864,DR_primary,5037,5067
37,7,C2,7,5037,0.4978,23,0.78614,0.84242,966,3864,DR_primary,5037,5067
37,7,C3,7,5037,0.4978,23,0.78611,0.84242,966,3864,DR_primary,5037,5067
37,7,C0,8,4589,0.4535,23,0.7869,0.84316,966,3864,DR_primary,4589,5022
37,7,C1,8,4991,0.4932,23,0.78666,0.84301,966,3864,DR_primary,4991,5022
37,7,C2,8,4991,0.4932,23,0.78691,0.84326,966,3864,DR_primary,4991,5022
37,7,C3,8,4991,0.4932,23,0.78687,0.84313,966,3864,DR_primary,4991,5022
37,7,C0,9,4545,0.4492,23,0.78696,0.84321,966,3864,DR_primary,4545,4996
37,7,C1,9,4964,0.4906,23,0.78712,0.84336,966,3864,DR_primary,4964,4996
37,7,C2,9,4964,0.4906,23,0.787,0.84349,966,3864,DR_primary,4964,4996
37,7,C3,9,4964,0.4906,23,0.78708,0.84348,966,3864,DR_primary,4964,4996
37,7,C0,10,4569,0.4515,23,0.78631,0.84286,966,3864,DR_primary,4569,5042
37,7,C1,10,5011,0.4952,23,0.78638,0.84287,966,3864,DR_primary,5011,5042
37,7,C2,10,5011,0.4952,23,0.7863,0.8429,966,3864,DR_primary,5011,5042
37,7,C3,10,5011,0.4952,23,0.78628,0.84293,966,3864,DR_primary,5011,5042
37,7,C0,11,4532,0.4479,23,0.78688,0.84317,966,3864,DR_primary,4532,4951
37,7,C1,11,4928,0.487,23,0.78687,0.84325,966,3864,DR_primary,4928,4951
37,7,C2,11,4928,0.487,23,0.78725,0.84361,966,3864,DR_primary,4928,4951
37,7,C3,11,4928,0.487,23,0.78725,0.84361,966,3864,DR_primary,4928,4951
37,7,C0,12,4570,0.4516,23,0.78747,0.84358,966,3864,DR_primary,4570,5022
37,7,C1,12,4993,0.4934,23,0.7873,0.84358,966,3864,DR_primary,4993,5022
37,7,C2,12,4993,0.4934,23,0.78717,0.84355,966,3864,DR_primary,4993,5022
37,7,C3,12,4993,0.4934,23,0.78723,0.84363,966,3864,DR_primary,4993,5022
37,7,C0,13,4579,0.4525,23,0.78724,0.84332,966,3864,DR_primary,4579,5024
37,7,C1,13,5012,0.4953,23,0.78705,0.8433,966,3864,DR_primary,5012,5024
37,7,C2,13,5012,0.4953,23,0.78695,0.84318,966,3864,DR_primary,5012,5024
37,7,C3,13,5012,0.4953,23,0.78691,0.84317,966,3864,DR_primary,5012,5024
37,7,C0,14,4580,0.4526,23,0.78677,0.84326,966,3864,DR_primary,4580,5025
37,7,C1,14,5002,0.4943,23,0.78658,0.84301,966,3864,DR_primary,5002,5025
37,7,C2,14,5002,0.4943,23,0.78655,0.84305,966,3864,DR_primary,5002,5025
37,7,C3,14,5002,0.4943,23,0.78652,0.84304,966,3864,DR_primary,5002,5025
37,7,C0,15,4530,0.4477,23,0.78719,0.84394,966,3864,DR_primary,4530,4992
37,7,C1,15,4961,0.4903,23,0.78693,0.84354,966,3864,DR_primary,4961,4992
37,7,C2,15,4961,0.4903,23,0.78665,0.84345,966,3864,DR_primary,4961,4992
37,7,C3,15,4961,0.4903,23,0.78678,0.8435,966,3864,DR_primary,4961,4992
37,7,C0,16,4588,0.4534,23,0.78713,0.84342,966,3864,DR_primary,4588,5039
37,7,C1,16,5009,0.495,23,0.78726,0.84346,966,3864,DR_primary,5009,5039
37,7,C2,16,5009,0.495,23,0.78685,0.84323,966,3864,DR_primary,5009,5039
37,7,C3,16,5009,0.495,23,0.78688,0.84328,966,3864,DR_primary,5009,5039
37,7,C0,17,4549,0.4496,23,0.78705,0.84372,966,3864,DR_primary,4549,4994
37,7,C1,17,4961,0.4903,23,0.78698,0.84366,966,3864,DR_primary,4961,4994
37,7,C2,17,4961,0.4903,23,0.78707,0.84391,966,3864,DR_primary,4961,4994
37,7,C3,17,4961,0.4903,23,0.78706,0.84386,966,3864,DR_primary,4961,4994
37,7,C0,18,4537,0.4484,23,0.78703,0.84312,966,3864,DR_primary,4537,4994
37,7,C1,18,4957,0.4899,23,0.78718,0.8433,966,3864,DR_primary,4957,4994
37,7,C2,18,4957,0.4899,23,0.78709,0.84339,966,3864,DR_primary,4957,4994
37,7,C3,18,4957,0.4899,23,0.78696,0.84336,966,3864,DR_primary,4957,4994
37,7,C0,19,4585,0.4531,23,0.78734,0.84387,966,3864,DR_primary,4585,5007
37,7,C1,19,4981,0.4922,23,0.78703,0.84365,966,3864,DR_primary,4981,5007
37,7,C2,19,4981,0.4922,23,0.78697,0.84364,966,3864,DR_primary,4981,5007
37,7,C3,19,4981,0.4922,23,0.78702,0.84372,966,3864,DR_primary,4981,5007
37,7,C0,20,4561,0.4507,23,0.78676,0.84324,966,3864,DR_primary,4561,5042
37,7,C1,20,5015,0.4956,23,0.78656,0.84324,966,3864,DR_primary,5015,5042
37,7,C2,20,5015,0.4956,23,0.78688,0.84359,966,3864,DR_primary,5015,5042
37,7,C3,20,5015,0.4956,23,0.78687,0.84361,966,3864,DR_primary,5015,5042
37,7,C0,21,4578,0.4524,23,0.7874,0.84348,966,3864,DR_primary,4578,5060
37,7,C1,21,5030,0.4971,23,0.7876,0.84359,966,3864,DR_primary,5030,5060
37,7,C2,21,5030,0.4971,23,0.78742,0.84357,966,3864,DR_primary,5030,5060
37,7,C3,21,5030,0.4971,23,0.7874,0.8436,966,3864,DR_primary,5030,5060
37,7,C0,22,4608,0.4554,23,0.78755,0.84372,966,3864,DR_primary,4608,5057
37,7,C1,22,5017,0.4958,23,0.78729,0.84342,966,3864,DR_primary,5017,5057
37,7,C2,22,5017,0.4958,23,0.78704,0.84333,966,3864,DR_primary,5017,5057
37,7,C3,22,5017,0.4958,23,0.78694,0.84323,966,3864,DR_primary,5017,5057
37,7,C0,23,4559,0.4505,23,0.78668,0.84272,966,3864,DR_primary,4559,4996
37,7,C1,23,4978,0.4919,23,0.78704,0.84295,966,3864,DR_primary,4978,4996
37,7,C2,23,4978,0.4919,23,0.78681,0.84292,966,3864,DR_primary,4978,4996
37,7,C3,23,4978,0.4919,23,0.78683,0.84291,966,3864,DR_primary,4978,4996
37,7,C0,24,4582,0.4528,23,0.78657,0.84296,966,3864,DR_primary,4582,5024
37,7,C1,24,5001,0.4942,23,0.78652,0.84281,966,3864,DR_primary,5001,5024
37,7,C2,24,5001,0.4942,23,0.78663,0.84298,966,3864,DR_primary,5001,5024
37,7,C3,24,5001,0.4942,23,0.78655,0.84301,966,3864,DR_primary,5001,5024
37,7,C0,25,4571,0.4517,23,0.78645,0.84291,966,3864,DR_primary,4571,5018
37,7,C1,25,4989,0.493,23,0.78634,0.84281,966,3864,DR_primary,4989,5018
37,7,C2,25,4989,0.493,23,0.78653,0.84288,966,3864,DR_primary,4989,5018
37,7,C3,25,4989,0.493,23,0.7865,0.84289,966,3864,DR_primary,4989,5018
37,7,C0,26,4624,0.457,23,0.78633,0.84255,966,3864,DR_primary,4624,5069
37,7,C1,26,5040,0.4981,23,0.7864,0.8425,966,3864,DR_primary,5040,5069
37,7,C2,26,5040,0.4981,23,0.7863,0.84252,966,3864,DR_primary,5040,5069
37,7,C3,26,5040,0.4981,23,0.7863,0.84254,966,3864,DR_primary,5040,5069
37,7,C0,27,4550,0.4496,23,0.78787,0.84416,966,3864,DR_primary,4550,5024
37,7,C1,27,4985,0.4926,23,0.78774,0.84386,966,3864,DR_primary,4985,5024
37,7,C2,27,4985,0.4926,23,0.78753,0.84389,966,3864,DR_primary,4985,5024
37,7,C3,27,4985,0.4926,23,0.78772,0.84404,966,3864,DR_primary,4985,5024
37,7,C0,28,4614,0.456,23,0.78724,0.84374,966,3864,DR_primary,4614,5047
37,7,C1,28,5014,0.4955,23,0.78745,0.8438,966,3864,DR_primary,5014,5047
37,7,C2,28,5014,0.4955,23,0.7872,0.84376,966,3864,DR_primary,5014,5047
37,7,C3,28,5014,0.4955,23,0.7871,0.84369,966,3864,DR_primary,5014,5047
37,7,C0,29,4526,0.4473,23,0.78701,0.84359,966,3864,DR_primary,4526,4964
37,7,C1,29,4923,0.4865,23,0.78661,0.84339,966,3864,DR_primary,4923,4964
37,7,C2,29,4923,0.4865,23,0.78664,0.84348,966,3864,DR_primary,4923,4964
37,7,C3,29,4923,0.4865,23,0.78669,0.84347,966,3864,DR_primary,4923,4964
37,7,C0,30,4581,0.4527,23,0.78668,0.84317,966,3864,DR_primary,4581,5064
37,7,C1,30,5031,0.4972,23,0.78678,0.84322,966,3864,DR_primary,5031,5064
37,7,C2,30,5031,0.4972,23,0.78668,0.8433,966,3864,DR_primary,5031,5064
37,7,C3,30,5031,0.4972,23,0.78662,0.84328,966,3864,DR_primary,5031,5064
37,8,C0,1,4469,0.4416,23,0.78773,0.84381,966,3864,DR_primary,4469,4957
37,8,C1,1,4902,0.4844,23,0.78786,0.84372,966,3864,DR_primary,4902,4957
37,8,C2,1,4902,0.4844,23,0.78744,0.84364,966,3864,DR_primary,4902,4957
37,8,C3,1,4902,0.4844,23,0.78744,0.84364,966,3864,DR_primary,4902,4957
37,8,C0,2,4669,0.4614,23,0.787,0.84349,966,3864,DR_primary,4669,5102
37,8,C1,2,5071,0.5011,23,0.78677,0.84314,966,3864,DR_primary,5071,5102
37,8,C2,2,5071,0.5011,23,0.78668,0.84309,966,3864,DR_primary,5071,5102
37,8,C3,2,5071,0.5011,23,0.78671,0.84308,966,3864,DR_primary,5071,5102
37,8,C0,3,4536,0.4483,23,0.78656,0.843,966,3864,DR_primary,4536,4972
37,8,C1,3,4948,0.489,23,0.78633,0.84276,966,3864,DR_primary,4948,4972
37,8,C2,3,4948,0.489,23,0.78611,0.84269,966,3864,DR_primary,4948,4972
37,8,C3,3,4948,0.489,23,0.78607,0.84266,966,3864,DR_primary,4948,4972
37,8,C0,4,4633,0.4579,23,0.78606,0.84281,966,3864,DR_primary,4633,5090
37,8,C1,4,5068,0.5008,23,0.78619,0.84295,966,3864,DR_primary,5068,5090
37,8,C2,4,5068,0.5008,23,0.78608,0.84284,966,3864,DR_primary,5068,5090
37,8,C3,4,5068,0.5008,23,0.78613,0.84292,966,3864,DR_primary,5068,5090
37,8,C0,5,4479,0.4426,23,0.78655,0.84256,966,3864,DR_primary,4479,4919
37,8,C1,5,4873,0.4816,23,0.78659,0.84254,966,3864,DR_primary,4873,4919
37,8,C2,5,4873,0.4816,23,0.7864,0.84266,966,3864,DR_primary,4873,4919
37,8,C3,5,4873,0.4816,23,0.78637,0.84265,966,3864,DR_primary,4873,4919
37,8,C0,6,4664,0.4609,23,0.78654,0.84298,966,3864,DR_primary,4664,5088
37,8,C1,6,5064,0.5004,23,0.78668,0.84296,966,3864,DR_primary,5064,5088
37,8,C2,6,5064,0.5004,23,0.78651,0.84287,966,3864,DR_primary,5064,5088
37,8,C3,6,5064,0.5004,23,0.78656,0.84289,966,3864,DR_primary,5064,5088
37,8,C0,7,4593,0.4539,23,0.78764,0.84372,966,3864,DR_primary,4593,5022
37,8,C1,7,4990,0.4931,23,0.78739,0.8436,966,3864,DR_primary,4990,5022
37,8,C2,7,4990,0.4931,23,0.78751,0.84376,966,3864,DR_primary,4990,5022
37,8,C3,7,4990,0.4931,23,0.78737,0.84369,966,3864,DR_primary,4990,5022
37,8,C0,8,4604,0.455,23,0.78725,0.8434,966,3864,DR_primary,4604,5085
37,8,C1,8,5063,0.5003,23,0.7875,0.84359,966,3864,DR_primary,5063,5085
37,8,C2,8,5063,0.5003,23,0.78757,0.8437,966,3864,DR_primary,5063,5085
37,8,C3,8,5063,0.5003,23,0.7876,0.84374,966,3864,DR_primary,5063,5085
37,8,C0,9,4588,0.4534,23,0.78742,0.84336,966,3864,DR_primary,4588,5031
37,8,C1,9,5002,0.4943,23,0.78722,0.84332,966,3864,DR_primary,5002,5031
37,8,C2,9,5002,0.4943,23,0.78727,0.84348,966,3864,DR_primary,5002,5031
37,8,C3,9,5002,0.4943,23,0.78701,0.8433,966,3864,DR_primary,5002,5031
37,8,C0,10,4630,0.4576,23,0.7866,0.84291,966,3864,DR_primary,4630,5075
37,8,C1,10,5058,0.4999,23,0.78678,0.84295,966,3864,DR_primary,5058,5075
37,8,C2,10,5058,0.4999,23,0.78665,0.84309,966,3864,DR_primary,5058,5075
37,8,C3,10,5058,0.4999,23,0.78664,0.84311,966,3864,DR_primary,5058,5075
37,8,C0,11,4652,0.4597,23,0.78744,0.84326,966,3864,DR_primary,4652,5087
37,8,C1,11,5050,0.4991,23,0.78751,0.84365,966,3864,DR_primary,5050,5087
37,8,C2,11,5050,0.4991,23,0.78761,0.84377,966,3864,DR_primary,5050,5087
37,8,C3,11,5050,0.4991,23,0.78757,0.84374,966,3864,DR_primary,5050,5087
37,8,C0,12,4653,0.4598,23,0.78621,0.84241,966,3864,DR_primary,4653,5104
37,8,C1,12,5079,0.5019,23,0.78624,0.84248,966,3864,DR_primary,5079,5104
37,8,C2,12,5079,0.5019,23,0.7861,0.84243,966,3864,DR_primary,5079,5104
37,8,C3,12,5079,0.5019,23,0.78604,0.84232,966,3864,DR_primary,5079,5104
37,8,C0,13,4613,0.4559,23,0.78798,0.84418,966,3864,DR_primary,4613,5049
37,8,C1,13,5017,0.4958,23,0.78802,0.84411,966,3864,DR_primary,5017,5049
37,8,C2,13,5017,0.4958,23,0.78787,0.84419,966,3864,DR_primary,5017,5049
37,8,C3,13,5017,0.4958,23,0.7879,0.84423,966,3864,DR_primary,5017,5049
37,8,C0,14,4606,0.4552,23,0.78722,0.84304,966,3864,DR_primary,4606,5053
37,8,C1,14,5019,0.496,23,0.78692,0.8429,966,3864,DR_primary,5019,5053
37,8,C2,14,5019,0.496,23,0.7872,0.84306,966,3864,DR_primary,5019,5053
37,8,C3,14,5019,0.496,23,0.78711,0.843,966,3864,DR_primary,5019,5053
37,8,C0,15,4566,0.4512,23,0.7877,0.84392,966,3864,DR_primary,4566,5041
37,8,C1,15,5017,0.4958,23,0.78737,0.8436,966,3864,DR_primary,5017,5041
37,8,C2,15,5017,0.4958,23,0.78742,0.84377,966,3864,DR_primary,5017,5041
37,8,C3,15,5017,0.4958,23,0.78737,0.84371,966,3864,DR_primary,5017,5041
37,8,C0,16,4534,0.4481,23,0.78655,0.84319,966,3864,DR_primary,4534,4976
37,8,C1,16,4939,0.4881,23,0.78674,0.84319,966,3864,DR_primary,4939,4976
37,8,C2,16,4939,0.4881,23,0.78644,0.84308,966,3864,DR_primary,4939,4976
37,8,C3,16,4939,0.4881,23,0.78644,0.8431,966,3864,DR_primary,4939,4976
37,8,C0,17,4551,0.4497,23,0.78636,0.84261,966,3864,DR_primary,4551,4963
37,8,C1,17,4937,0.4879,23,0.78652,0.8428,966,3864,DR_primary,4937,4963
37,8,C2,17,4937,0.4879,23,0.78623,0.84272,966,3864,DR_primary,4937,4963
37,8,C3,17,4937,0.4879,23,0.78614,0.84265,966,3864,DR_primary,4937,4963
37,8,C0,18,4582,0.4528,23,0.78757,0.84319,966,3864,DR_primary,4582,5016
37,8,C1,18,4976,0.4917,23,0.78739,0.8431,966,3864,DR_primary,4976,5016
37,8,C2,18,4976,0.4917,23,0.7874,0.84308,966,3864,DR_primary,4976,5016
37,8,C3,18,4976,0.4917,23,0.78734,0.84311,966,3864,DR_primary,4976,5016
37,8,C0,19,4673,0.4618,23,0.78734,0.84365,966,3864,DR_primary,4673,5113
37,8,C1,19,5081,0.5021,23,0.78732,0.84337,966,3864,DR_primary,5081,5113
37,8,C2,19,5081,0.5021,23,0.78709,0.84314,966,3864,DR_primary,5081,5113
37,8,C3,19,5081,0.5021,23,0.78707,0.84313,966,3864,DR_primary,5081,5113
37,8,C0,20,4647,0.4592,23,0.78681,0.84364,966,3864,DR_primary,4647,5082
37,8,C1,20,5054,0.4995,23,0.78699,0.84362,966,3864,DR_primary,5054,5082
37,8,C2,20,5054,0.4995,23,0.78678,0.8436,966,3864,DR_primary,5054,5082
37,8,C3,20,5054,0.4995,23,0.78681,0.84365,966,3864,DR_primary,5054,5082
37,8,C0,21,4678,0.4623,23,0.78783,0.84422,966,3864,DR_primary,4678,5114
37,8,C1,21,5081,0.5021,23,0.78748,0.8438,966,3864,DR_primary,5081,5114
37,8,C2,21,5081,0.5021,23,0.78726,0.84375,966,3864,DR_primary,5081,5114
37,8,C3,21,5081,0.5021,23,0.78721,0.84368,966,3864,DR_primary,5081,5114
37,8,C0,22,4575,0.4521,23,0.78732,0.84367,966,3864,DR_primary,4575,5031
37,8,C1,22,4999,0.494,23,0.78707,0.84357,966,3864,DR_primary,4999,5031
37,8,C2,22,4999,0.494,23,0.78722,0.84362,966,3864,DR_primary,4999,5031
37,8,C3,22,4999,0.494,23,0.78716,0.84358,966,3864,DR_primary,4999,5031
37,8,C0,23,4550,0.4496,23,0.78751,0.84366,966,3864,DR_primary,4550,4984
37,8,C1,23,4968,0.491,23,0.78751,0.84369,966,3864,DR_primary,4968,4984
37,8,C2,23,4968,0.491,23,0.78728,0.84356,966,3864,DR_primary,4968,4984
37,8,C3,23,4968,0.491,23,0.78728,0.84357,966,3864,DR_primary,4968,4984
37,8,C0,24,4688,0.4633,23,0.78726,0.84342,966,3864,DR_primary,4688,5099
37,8,C1,24,5069,0.5009,23,0.78704,0.84325,966,3864,DR_primary,5069,5099
37,8,C2,24,5069,0.5009,23,0.78721,0.8434,966,3864,DR_primary,5069,5099
37,8,C3,24,5069,0.5009,23,0.78723,0.84338,966,3864,DR_primary,5069,5099
37,8,C0,25,4609,0.4555,23,0.7881,0.84415,966,3864,DR_primary,4609,5069
37,8,C1,25,5043,0.4984,23,0.78788,0.84395,966,3864,DR_primary,5043,5069
37,8,C2,25,5043,0.4984,23,0.78789,0.84397,966,3864,DR_primary,5043,5069
37,8,C3,25,5043,0.4984,23,0.788,0.84409,966,3864,DR_primary,5043,5069
37,8,C0,26,4565,0.4511,23,0.78652,0.84264,966,3864,DR_primary,4565,5040
37,8,C1,26,4998,0.4939,23,0.78663,0.84267,966,3864,DR_primary,4998,5040
37,8,C2,26,4998,0.4939,23,0.78645,0.84264,966,3864,DR_primary,4998,5040
37,8,C3,26,4998,0.4939,23,0.78641,0.84263,966,3864,DR_primary,4998,5040
37,8,C0,27,4626,0.4572,23,0.78691,0.84311,966,3864,DR_primary,4626,5063
37,8,C1,27,5016,0.4957,23,0.78691,0.84312,966,3864,DR_primary,5016,5063
37,8,C2,27,5016,0.4957,23,0.78693,0.84334,966,3864,DR_primary,5016,5063
37,8,C3,27,5016,0.4957,23,0.78692,0.84333,966,3864,DR_primary,5016,5063
37,8,C0,28,4541,0.4488,23,0.78688,0.84317,966,3864,DR_primary,4541,4976
37,8,C1,28,4959,0.4901,23,0.78688,0.84306,966,3864,DR_primary,4959,4976
37,8,C2,28,4959,0.4901,23,0.7867,0.84306,966,3864,DR_primary,4959,4976
37,8,C3,28,4959,0.4901,23,0.7867,0.84306,966,3864,DR_primary,4959,4976
37,8,C0,29,4603,0.4549,23,0.78712,0.84315,966,3864,DR_primary,4603,5050
37,8,C1,29,5014,0.4955,23,0.78743,0.84349,966,3864,DR_primary,5014,5050
37,8,C2,29,5014,0.4955,23,0.78737,0.84341,966,3864,DR_primary,5014,5050
37,8,C3,29,5014,0.4955,23,0.78733,0.84341,966,3864,DR_primary,5014,5050
37,8,C0,30,4570,0.4516,23,0.7872,0.84336,966,3864,DR_primary,4570,5070
37,8,C1,30,5030,0.4971,23,0.78701,0.84316,966,3864,DR_primary,5030,5070
37,8,C2,30,5030,0.4971,23,0.78667,0.84292,966,3864,DR_primary,5030,5070
37,8,C3,30,5030,0.4971,23,0.78681,0.84302,966,3864,DR_primary,5030,5070
37,9,C0,1,4550,0.4496,23,0.78738,0.84354,966,3864,DR_primary,4550,5015
37,9,C1,1,4991,0.4932,23,0.78712,0.84321,966,3864,DR_primary,4991,5015
37,9,C2,1,4991,0.4932,23,0.78722,0.84336,966,3864,DR_primary,4991,5015
37,9,C3,1,4991,0.4932,23,0.78718,0.84333,966,3864,DR_primary,4991,5015
37,9,C0,2,4589,0.4535,23,0.78691,0.84324,966,3864,DR_primary,4589,5070
37,9,C1,2,5038,0.4979,23,0.78668,0.843,966,3864,DR_primary,5038,5070
37,9,C2,2,5038,0.4979,23,0.78657,0.84301,966,3864,DR_primary,5038,5070
37,9,C3,2,5038,0.4979,23,0.7867,0.84311,966,3864,DR_primary,5038,5070
37,9,C0,3,4542,0.4489,23,0.78691,0.84309,966,3864,DR_primary,4542,4996
37,9,C1,3,4973,0.4915,23,0.78663,0.84282,966,3864,DR_primary,4973,4996
37,9,C2,3,4973,0.4915,23,0.78662,0.84286,966,3864,DR_primary,4973,4996
37,9,C3,3,4973,0.4915,23,0.78658,0.84285,966,3864,DR_primary,4973,4996
37,9,C0,4,4539,0.4486,23,0.78643,0.84298,966,3864,DR_primary,4539,5008
37,9,C1,4,4968,0.491,23,0.78636,0.84286,966,3864,DR_primary,4968,5008
37,9,C2,4,4968,0.491,23,0.78643,0.84297,966,3864,DR_primary,4968,5008
37,9,C3,4,4968,0.491,23,0.78642,0.84303,966,3864,DR_primary,4968,5008
37,9,C0,5,4551,0.4497,23,0.78651,0.84262,966,3864,DR_primary,4551,5033
37,9,C1,5,4993,0.4934,23,0.78651,0.8427,966,3864,DR_primary,4993,5033
37,9,C2,5,4993,0.4934,23,0.78661,0.843,966,3864,DR_primary,4993,5033
37,9,C3,5,4993,0.4934,23,0.78657,0.84296,966,3864,DR_primary,4993,5033
37,9,C0,6,4644,0.4589,23,0.78735,0.84342,966,3864,DR_primary,4644,5092
37,9,C1,6,5061,0.5001,23,0.78732,0.84336,966,3864,DR_primary,5061,5092
37,9,C2,6,5061,0.5001,23,0.78714,0.84334,966,3864,DR_primary,5061,5092
37,9,C3,6,5061,0.5001,23,0.78708,0.8433,966,3864,DR_primary,5061,5092
37,9,C0,7,4535,0.4482,23,0.78687,0.84343,966,3864,DR_primary,4535,4987
37,9,C1,7,4954,0.4896,23,0.78701,0.84342,966,3864,DR_primary,4954,4987
37,9,C2,7,4954,0.4896,23,0.7868,0.84344,966,3864,DR_primary,4954,4987
37,9,C3,7,4954,0.4896,23,0.7869,0.84346,966,3864,DR_primary,4954,4987
37,9,C0,8,4540,0.4487,23,0.78651,0.84272,966,3864,DR_primary,4540,5002
37,9,C1,8,4972,0.4914,23,0.78658,0.84273,966,3864,DR_primary,4972,5002
37,9,C2,8,4972,0.4914,23,0.7862,0.84257,966,3864,DR_primary,4972,5002
37,9,C3,8,4972,0.4914,23,0.78626,0.8426,966,3864,DR_primary,4972,5002
37,9,C0,9,4477,0.4424,23,0.78706,0.84336,966,3864,DR_primary,4477,4945
37,9,C1,9,4914,0.4856,23,0.78686,0.84325,966,3864,DR_primary,4914,4945
37,9,C2,9,4914,0.4856,23,0.78692,0.84332,966,3864,DR_primary,4914,4945
37,9,C3,9,4914,0.4856,23,0.787,0.84338,966,3864,DR_primary,4914,4945
37,9,C0,10,4552,0.4498,23,0.78733,0.84333,966,3864,DR_primary,4552,5025
37,9,C1,10,5002,0.4943,23,0.78729,0.84321,966,3864,DR_primary,5002,5025
37,9,C2,10,5002,0.4943,23,0.78722,0.84322,966,3864,DR_primary,5002,5025
37,9,C3,10,5002,0.4943,23,0.78734,0.84328,966,3864,DR_primary,5002,5025
37,9,C0,11,4619,0.4565,23,0.78693,0.84309,966,3864,DR_primary,4619,5058
37,9,C1,11,5030,0.4971,23,0.78691,0.84328,966,3864,DR_primary,5030,5058
37,9,C2,11,5030,0.4971,23,0.78686,0.84321,966,3864,DR_primary,5030,5058
37,9,C3,11,5030,0.4971,23,0.78696,0.8432,966,3864,DR_primary,5030,5058
37,9,C0,12,4580,0.4526,23,0.78708,0.84328,966,3864,DR_primary,4580,5048
37,9,C1,12,5015,0.4956,23,0.78698,0.84338,966,3864,DR_primary,5015,5048
37,9,C2,12,5015,0.4956,23,0.78699,0.84341,966,3864,DR_primary,5015,5048
37,9,C3,12,5015,0.4956,23,0.78706,0.84349,966,3864,DR_primary,5015,5048
37,9,C0,13,4646,0.4591,23,0.78732,0.84338,966,3864,DR_primary,4646,5066
37,9,C1,13,5022,0.4963,23,0.78732,0.84342,966,3864,DR_primary,5022,5066
37,9,C2,13,5022,0.4963,23,0.78705,0.84319,966,3864,DR_primary,5022,5066
37,9,C3,13,5022,0.4963,23,0.7872,0.84337,966,3864,DR_primary,5022,5066
37,9,C0,14,4582,0.4528,23,0.78741,0.84352,966,3864,DR_primary,4582,5025
37,9,C1,14,4997,0.4938,23,0.78743,0.84367,966,3864,DR_primary,4997,5025
37,9,C2,14,4997,0.4938,23,0.78763,0.84384,966,3864,DR_primary,4997,5025
37,9,C3,14,4997,0.4938,23,0.78772,0.84392,966,3864,DR_primary,4997,5025
37,9,C0,15,4630,0.4576,23,0.78662,0.84285,966,3864,DR_primary,4630,5074
37,9,C1,15,5053,0.4994,23,0.78655,0.84279,966,3864,DR_primary,5053,5074
37,9,C2,15,5053,0.4994,23,0.78655,0.84294,966,3864,DR_primary,5053,5074
37,9,C3,15,5053,0.4994,23,0.78653,0.84295,966,3864,DR_primary,5053,5074
37,9,C0,16,4521,0.4468,23,0.78645,0.84294,966,3864,DR_primary,4521,4977
37,9,C1,16,4949,0.4891,23,0.78645,0.84292,966,3864,DR_primary,4949,4977
37,9,C2,16,4949,0.4891,23,0.78647,0.84287,966,3864,DR_primary,4949,4977
37,9,C3,16,4949,0.4891,23,0.78651,0.84289,966,3864,DR_primary,4949,4977
37,9,C0,17,4704,0.4649,23,0.78758,0.8436,966,3864,DR_primary,4704,5172
37,9,C1,17,5141,0.5081,23,0.78729,0.84337,966,3864,DR_primary,5141,5172
37,9,C2,17,5141,0.5081,23,0.78732,0.8434,966,3864,DR_primary,5141,5172
37,9,C3,17,5141,0.5081,23,0.78733,0.84342,966,3864,DR_primary,5141,5172
37,9,C0,18,4516,0.4463,23,0.78669,0.84284,966,3864,DR_primary,4516,4990
37,9,C1,18,4965,0.4907,23,0.78697,0.84296,966,3864,DR_primary,4965,4990
37,9,C2,18,4965,0.4907,23,0.78658,0.84277,966,3864,DR_primary,4965,4990
37,9,C3,18,4965,0.4907,23,0.78673,0.8428,966,3864,DR_primary,4965,4990
37,9,C0,19,4651,0.4596,23,0.78637,0.84257,966,3864,DR_primary,4651,5079
37,9,C1,19,5058,0.4999,23,0.78682,0.84287,966,3864,DR_primary,5058,5079
37,9,C2,19,5058,0.4999,23,0.78651,0.84272,966,3864,DR_primary,5058,5079
37,9,C3,19,5058,0.4999,23,0.78648,0.84273,966,3864,DR_primary,5058,5079
37,9,C0,20,4679,0.4624,23,0.78636,0.84252,966,3864,DR_primary,4679,5153
37,9,C1,20,5130,0.507,23,0.78647,0.84271,966,3864,DR_primary,5130,5153
37,9,C2,20,5130,0.507,23,0.7864,0.84276,966,3864,DR_primary,5130,5153
37,9,C3,20,5130,0.507,23,0.78641,0.84281,966,3864,DR_primary,5130,5153
37,9,C0,21,4655,0.46,23,0.78718,0.84331,966,3864,DR_primary,4655,5100
37,9,C1,21,5077,0.5017,23,0.78706,0.84325,966,3864,DR_primary,5077,5100
37,9,C2,21,5077,0.5017,23,0.78695,0.84316,966,3864,DR_primary,5077,5100
37,9,C3,21,5077,0.5017,23,0.78698,0.84319,966,3864,DR_primary,5077,5100
37,9,C0,22,4527,0.4474,23,0.78672,0.8429,966,3864,DR_primary,4527,4962
37,9,C1,22,4930,0.4872,23,0.7867,0.84284,966,3864,DR_primary,4930,4962
37,9,C2,22,4930,0.4872,23,0.78644,0.84276,966,3864,DR_primary,4930,4962
37,9,C3,22,4930,0.4872,23,0.78643,0.84279,966,3864,DR_primary,4930,4962
37,9,C0,23,4553,0.4499,23,0.78616,0.84251,966,3864,DR_primary,4553,5018
37,9,C1,23,4994,0.4935,23,0.78627,0.84263,966,3864,DR_primary,4994,5018
37,9,C2,23,4994,0.4935,23,0.78613,0.84259,966,3864,DR_primary,4994,5018
37,9,C3,23,4994,0.4935,23,0.78597,0.84244,966,3864,DR_primary,4994,5018
37,9,C0,24,4585,0.4531,23,0.78722,0.84333,966,3864,DR_primary,4585,5012
37,9,C1,24,4982,0.4923,23,0.78765,0.84373,966,3864,DR_primary,4982,5012
37,9,C2,24,4982,0.4923,23,0.78768,0.84392,966,3864,DR_primary,4982,5012
37,9,C3,24,4982,0.4923,23,0.78771,0.84398,966,3864,DR_primary,4982,5012
37,9,C0,25,4589,0.4535,23,0.7868,0.84337,966,3864,DR_primary,4589,5023
37,9,C1,25,4998,0.4939,23,0.78685,0.84335,966,3864,DR_primary,4998,5023
37,9,C2,25,4998,0.4939,23,0.78688,0.84352,966,3864,DR_primary,4998,5023
37,9,C3,25,4998,0.4939,23,0.78678,0.84346,966,3864,DR_primary,4998,5023
37,9,C0,26,4519,0.4466,23,0.78731,0.8432,966,3864,DR_primary,4519,4955
37,9,C1,26,4938,0.488,23,0.78739,0.84336,966,3864,DR_primary,4938,4955
37,9,C2,26,4938,0.488,23,0.78728,0.84336,966,3864,DR_primary,4938,4955
37,9,C3,26,4938,0.488,23,0.7873,0.84336,966,3864,DR_primary,4938,4955
37,9,C0,27,4563,0.4509,23,0.7878,0.84378,966,3864,DR_primary,4563,5015
37,9,C1,27,4988,0.4929,23,0.78756,0.84393,966,3864,DR_primary,4988,5015
37,9,C2,27,4988,0.4929,23,0.78744,0.8439,966,3864,DR_primary,4988,5015
37,9,C3,27,4988,0.4929,23,0.78744,0.84389,966,3864,DR_primary,4988,5015
37,9,C0,28,4580,0.4526,23,0.78676,0.84308,966,3864,DR_primary,4580,5034
37,9,C1,28,5012,0.4953,23,0.78678,0.84309,966,3864,DR_primary,5012,5034
37,9,C2,28,5012,0.4953,23,0.78673,0.84319,966,3864,DR_primary,5012,5034
37,9,C3,28,5012,0.4953,23,0.78676,0.84318,966,3864,DR_primary,5012,5034
37,9,C0,29,4629,0.4575,23,0.78741,0.84341,966,3864,DR_primary,4629,5086
37,9,C1,29,5043,0.4984,23,0.78686,0.84295,966,3864,DR_primary,5043,5086
37,9,C2,29,5043,0.4984,23,0.78695,0.84306,966,3864,DR_primary,5043,5086
37,9,C3,29,5043,0.4984,23,0.7869,0.84306,966,3864,DR_primary,5043,5086
37,9,C0,30,4578,0.4524,23,0.78706,0.84318,966,3864,DR_primary,4578,5020
37,9,C1,30,5001,0.4942,23,0.78699,0.84305,966,3864,DR_primary,5001,5020
37,9,C2,30,5001,0.4942,23,0.78705,0.84319,966,3864,DR_primary,5001,5020
37,9,C3,30,5001,0.4942,23,0.78703,0.84316,966,3864,DR_primary,5001,5020
