pr_auc,auroc,mcc,bal_acc,sens,spec,brier,ece,model,outcome,site_test,seed,fold,n_test,n_pos_test
0.1914018523218804,0.5495169082125604,0.007858682668274145,0.5054347826086957,0.4166666666666667,0.5942028985507246,0.22596551899239767,0.293939449960531,LR-local-A,Y6-base,all,7,0,81,12
0.17420023479345514,0.5477272727272727,0.08042946923566698,0.5590909090909091,0.5,0.6181818181818182,0.22198336960409404,0.30921447426108983,LR-local-A,Y6-base,A,7,0,63,8
0.3112373737373737,0.5,-0.2091650066335189,0.375,0.25,0.5,0.23990304185146039,0.26278998578096135,LR-local-A,Y6-base,B,7,0,18,4
0.35441258698108014,0.608695652173913,0.05716310740294926,0.5398550724637681,0.5,0.5797101449275363,0.23642120192640873,0.3201401511841299,EN-compact,Y6-base,all,7,0,81,12
0.2105345199095199,0.5545454545454546,0.0337099931231621,0.5238636363636364,0.375,0.6727272727272727,0.2126545026246401,0.2942265395666724,EN-compact,Y6-base,A,7,0,63,8
0.6291666666666667,0.6428571428571428,-0.03571428571428571,0.48214285714285715,0.75,0.21428571428571427,0.31960464948259903,0.41083779184523095,EN-compact,Y6-base,B,7,0,18,4
0.22593284902161714,0.571256038647343,0.07858682668274145,0.5543478260869565,0.5,0.6086956521739131,0.23829158857827548,0.33589503483288574,EN-full,Y6-base,all,7,0,81,12
0.22862687168421608,0.5659090909090908,0.12063796017838169,0.5863636363636364,0.5,0.6727272727272727,0.22885470138715094,0.34434431478775795,EN-full,Y6-base,A,7,0,63,8
0.2951923076923077,0.44642857142857145,-0.12182898077463453,0.4285714285714286,0.5,0.35714285714285715,0.2713206937472112,0.30632255499083294,EN-full,Y6-base,B,7,0,18,4
0.17469790116885447,0.5120772946859904,-0.08178608201095307,0.4782608695652174,0.0,0.9565217391304348,0.16078180152239246,0.17015910714062352,GBM-full,Y6-base,all,7,0,81,12
0.20063110895081057,0.5568181818181818,-0.04843594796964828,0.4909090909090909,0.0,0.9818181818181818,0.12734629334060724,0.13672193977438635,GBM-full,Y6-base,A,7,0,63,8
0.22489495798319326,0.39285714285714285,-0.1889822365046136,0.42857142857142855,0.0,0.8571428571428571,0.2778060801586408,0.31418401269354085,GBM-full,Y6-base,B,7,0,18,4
0.3637750838869314,0.533816425120773,0.0,0.5,0.0,1.0,0.14043677834234217,0.12396002414120014,FL-FedAvg,Y6-base,all,7,0,81,12
0.282053722740538,0.4954545454545455,0.0,0.5,0.0,1.0,0.1278668692381,0.13334256181818677,FL-FedAvg,Y6-base,A,7,0,63,8
0.5299145299145299,0.5535714285714286,0.0,0.5,0.0,1.0,0.18443146020718987,0.09112114227174695,FL-FedAvg,Y6-base,B,7,0,18,4
0.3637750838869314,0.533816425120773,0.0,0.5,0.0,1.0,0.14069302412898319,0.12458277719921057,FL-FedProx,Y6-base,all,7,0,81,12
0.282053722740538,0.4954545454545455,0.0,0.5,0.0,1.0,0.12814469781831545,0.13386571319254684,FL-FedProx,Y6-base,A,7,0,63,8
0.5299145299145299,0.5535714285714286,0.0,0.5,0.0,1.0,0.18461216621632026,0.11462431989341271,FL-FedProx,Y6-base,B,7,0,18,4
0.2551012993767935,0.49758454106280187,0.0,0.5,0.0,1.0,0.15137374064809322,0.17018250436291107,FL-FedAvg-E,Y6-base,all,7,0,81,12
0.3049252494745337,0.5909090909090908,0.0,0.5,0.0,1.0,0.1423239961038139,0.1946559097200316,FL-FedAvg-E,Y6-base,A,7,0,63,8
0.2569444444444444,0.42857142857142855,0.0,0.5,0.0,1.0,0.1830478465530707,0.08452558561298906,FL-FedAvg-E,Y6-base,B,7,0,18,4
0.16348047419114126,0.5675324675324676,0.012182898077463453,0.5077922077922078,0.2727272727272727,0.7428571428571429,0.20821808740543937,0.263275217392273,LR-local-A,Y6-base,all,7,1,81,11
0.13588067604931792,0.5068181818181818,-0.055271767544800184,0.46136363636363636,0.25,0.6727272727272727,0.229474478635346,0.30469897695374504,LR-local-A,Y6-base,A,7,1,63,8
0.7380952380952381,0.7555555555555555,0.5423261445466404,0.6666666666666666,0.3333333333333333,1.0,0.13382071810076615,0.18335037056380823,LR-local-A,Y6-base,B,7,1,18,3
0.16221312915817632,0.5753246753246753,0.09074222442419232,0.5629870129870129,0.45454545454545453,0.6714285714285714,0.21505323695796524,0.2958371123887832,EN-compact,Y6-base,all,7,1,81,11
0.17363604243875408,0.6136363636363636,0.09035374434125316,0.5602272727272728,0.375,0.7454545454545455,0.20067352287912188,0.286044953335802,EN-compact,Y6-base,A,7,1,63,8
0.17498514557338088,0.37777777777777777,0.050964719143762556,0.5333333333333333,0.6666666666666666,0.4,0.265382236233917,0.33010966907421724,EN-compact,Y6-base,B,7,1,18,3
0.1518916541983306,0.5506493506493506,-0.07005166394541486,0.45519480519480515,0.18181818181818182,0.7285714285714285,0.21991049282556385,0.28726927071044916,EN-full,Y6-base,all,7,1,81,11
0.1391861391582565,0.5340909090909092,-0.1944689739217591,0.38181818181818183,0.0,0.7636363636363637,0.21334510035938412,0.27927856288303626,EN-full,Y6-base,A,7,1,63,8
0.23333333333333334,0.5555555555555556,0.2,0.6333333333333333,0.6666666666666666,0.6,0.24288936645719283,0.31523674810639424,EN-full,Y6-base,B,7,1,18,3
0.13777902702920727,0.4337662337662338,0.048065801332024816,0.5168831168831168,0.09090909090909091,0.9428571428571428,0.14950997017684184,0.13633982830299962,GBM-full,Y6-base,all,7,1,81,11
0.1414210241512873,0.46590909090909094,0.06438763875992323,0.5261363636363636,0.125,0.9272727272727272,0.14466971558765696,0.13440167527453556,GBM-full,Y6-base,A,7,1,63,8
0.17677224736048266,0.3555555555555555,0.0,0.5,0.0,1.0,0.16645086123898886,0.14312336390262384,GBM-full,Y6-base,B,7,1,18,3
0.14374858468206533,0.5103896103896104,-0.04432026302139592,0.4928571428571429,0.0,0.9857142857142858,0.1395979410799566,0.11956213082710755,FL-FedAvg,Y6-base,all,7,1,81,11
0.12383279146000001,0.4545454545454546,-0.04843594796964828,0.4909090909090909,0.0,0.9818181818181818,0.13728308240062573,0.12233205389540407,FL-FedAvg,Y6-base,A,7,1,63,8
0.28535353535353536,0.6666666666666666,0.0,0.5,0.0,1.0,0.14769994645761464,0.10986740008806961,FL-FedAvg,Y6-base,B,7,1,18,3
0.14374858468206533,0.5103896103896104,-0.04432026302139592,0.4928571428571429,0.0,0.9857142857142858,0.13983934216658678,0.12072420424288847,FL-FedProx,Y6-base,all,7,1,81,11
0.12383279146000001,0.4545454545454546,-0.04843594796964828,0.4909090909090909,0.0,0.9818181818181818,0.13751498895821818,0.12349864369882219,FL-FedProx,Y6-base,A,7,1,63,8
0.28535353535353536,0.6666666666666666,0.0,0.5,0.0,1.0,0.1479745783958769,0.11101366614712042,FL-FedProx,Y6-base,B,7,1,18,3
0.11581822437241147,0.39610389610389607,-0.07774288420142414,0.4785714285714286,0.0,0.9571428571428572,0.15628888052717163,0.1483686804251393,FL-FedAvg-E,Y6-base,all,7,1,81,11
0.11566574905824399,0.4113636363636364,-0.08528028654224418,0.4727272727272727,0.0,0.9454545454545454,0.15700895371330212,0.1930249293948376,FL-FedAvg-E,Y6-base,A,7,1,63,8
0.20555555555555555,0.5111111111111112,0.0,0.5,0.0,1.0,0.15376862437571506,0.20024649167735023,FL-FedAvg-E,Y6-base,B,7,1,18,3
0.16661261166421898,0.4835309617918313,-0.03629770043203139,0.4736495388669302,0.45454545454545453,0.4927536231884058,0.24784205989638117,0.3514417775796148,LR-local-A,Y6-base,all,7,2,80,11
0.14648283393625008,0.5064935064935066,-0.05096471914376255,0.4597402597402597,0.42857142857142855,0.4909090909090909,0.24564082464354414,0.3756853981683973,LR-local-A,Y6-base,A,7,2,62,7
0.3246732026143791,0.42857142857142855,0.0,0.5,0.5,0.5,0.255424092433931,0.26793597332936403,LR-local-A,Y6-base,B,7,2,18,4
0.19289974982654873,0.536231884057971,0.023863496965085815,0.5171277997364954,0.45454545454545453,0.5797101449275363,0.24775973479316918,0.3412073752616908,EN-compact,Y6-base,all,7,2,80,11
0.15392936449958428,0.5194805194805194,0.04254156107243916,0.5324675324675324,0.42857142857142855,0.6363636363636364,0.22744183104690588,0.3389296832206979,EN-compact,Y6-base,A,7,2,62,7
0.2799145299145299,0.4642857142857143,-0.12182898077463453,0.4285714285714286,0.5,0.35714285714285715,0.3177436254747429,0.4166558759006077,EN-compact,Y6-base,B,7,2,18,4
0.16622420161244167,0.5006587615283268,0.044455422447438706,0.5316205533596838,0.45454545454545453,0.6086956521739131,0.2612747306803646,0.34549146916622747,EN-full,Y6-base,all,7,2,80,11
0.14968954193121112,0.5064935064935064,0.06773804629577862,0.5506493506493506,0.42857142857142855,0.6727272727272727,0.24264076458102968,0.34577140960819513,EN-full,Y6-base,A,7,2,62,7
0.23856209150326796,0.3392857142857143,-0.12182898077463453,0.4285714285714286,0.5,0.35714285714285715,0.32545839168918494,0.4137360139395445,EN-full,Y6-base,B,7,2,18,4
0.2112347542817615,0.5349143610013175,-0.0639351213330643,0.4855072463768116,0.0,0.9710144927536232,0.1372517881493384,0.11531439511499116,GBM-full,Y6-base,all,7,2,80,11
0.22406695190936332,0.5974025974025974,-0.06513389472789297,0.4818181818181818,0.0,0.9636363636363636,0.11488491284338176,0.11596254207623703,GBM-full,Y6-base,A,7,2,62,7
0.2746732026143791,0.3392857142857143,0.0,0.5,0.0,1.0,0.21429324753652232,0.20645677442697502,GBM-full,Y6-base,B,7,2,18,4
0.15222820250577268,0.49011857707509887,0.0,0.5,0.0,1.0,0.14669190518413744,0.14547933016150844,FL-FedAvg,Y6-base,all,7,2,80,11
0.16805453187074873,0.5454545454545454,0.0,0.5,0.0,1.0,0.1279089468714081,0.15856957395902796,FL-FedAvg,Y6-base,A,7,2,62,7
0.1798014077425842,0.2142857142857143,0.0,0.5,0.0,1.0,0.21138876159464962,0.23862377997117906,FL-FedAvg,Y6-base,B,7,2,18,4
0.15189560827073945,0.4888010540184453,0.0,0.5,0.0,1.0,0.1469480395776563,0.14652079809707635,FL-FedProx,Y6-base,all,7,2,80,11
0.16805453187074873,0.5454545454545454,0.0,0.5,0.0,1.0,0.12820513073449727,0.15962644769783835,FL-FedProx,Y6-base,A,7,2,62,7
0.1798014077425842,0.2142857142857143,0.0,0.5,0.0,1.0,0.21150694781520396,0.23869461068175243,FL-FedProx,Y6-base,B,7,2,18,4
0.21131926147806035,0.4505928853754941,-0.0639351213330643,0.4855072463768116,0.0,0.9710144927536232,0.15650184212138202,0.218922065576081,FL-FedAvg-E,Y6-base,all,7,2,80,11
0.2633527707612311,0.6181818181818182,-0.06513389472789297,0.4818181818181818,0.0,0.9636363636363636,0.1441795180566227,0.24483831369917156,FL-FedAvg-E,Y6-base,A,7,2,62,7
0.17847222222222223,0.23214285714285715,0.0,0.5,0.0,1.0,0.19894540278888634,0.12965498870765793,FL-FedAvg-E,Y6-base,B,7,2,18,4
0.17839971479877498,0.5526960784313726,0.0035555681975982887,0.5024509803921569,0.4166666666666667,0.5882352941176471,0.23627331285146563,0.3296095300829394,LR-local-A,Y6-base,all,7,3,80,12
0.19669100191396205,0.6064814814814815,0.08921722983855179,0.5648148148148149,0.5,0.6296296296296297,0.23257741545680052,0.3483063431111234,LR-local-A,Y6-base,A,7,3,62,8
0.21271963330786858,0.375,-0.2672612419124244,0.3392857142857143,0.25,0.42857142857142855,0.24900362609975657,0.2652093963191945,LR-local-A,Y6-base,B,7,3,18,4
0.16592373793071535,0.5490196078431373,0.025149772741392844,0.5171568627450981,0.4166666666666667,0.6176470588235294,0.24683714320822983,0.3197396819992628,EN-compact,Y6-base,all,7,3,80,12
0.15751039197730374,0.5578703703703703,0.007248089700593803,0.5046296296296297,0.25,0.7592592592592593,0.21190770374104548,0.2995145737561819,EN-compact,Y6-base,A,7,3,62,8
0.1868673605805959,0.26785714285714285,-0.236227795630767,0.4107142857142857,0.75,0.07142857142857142,0.36714965692853146,0.45040075646307876,EN-compact,Y6-base,B,7,3,18,4
0.17895659248091572,0.5906862745098038,-0.003701647803626497,0.49754901960784315,0.3333333333333333,0.6617647058823529,0.24625354613367065,0.3272807333436314,EN-full,Y6-base,all,7,3,80,12
0.1783230789872156,0.6180555555555556,-0.06678230711206282,0.46064814814814814,0.125,0.7962962962962963,0.2186862115923247,0.3144651536276923,EN-full,Y6-base,A,7,3,62,8
0.19366883116883116,0.3035714285714286,-0.11952286093343938,0.4464285714285714,0.75,0.14285714285714285,0.34120769844275134,0.3754586843325614,EN-full,Y6-base,B,7,3,18,4
0.13382687723129882,0.4276960784313726,-0.140028008402801,0.4411764705882353,0.0,0.8823529411764706,0.2126275478487897,0.23121126235292375,GBM-full,Y6-base,all,7,3,80,12
0.12325881422855113,0.43518518518518523,-0.11399759467612823,0.4537037037037037,0.0,0.9074074074074074,0.17225430938373346,0.19315888778594867,GBM-full,Y6-base,A,7,3,62,8
0.1994047619047619,0.32142857142857145,-0.23904572186687875,0.39285714285714285,0.0,0.7857142857142857,0.35169092478398367,0.3958554223500129,GBM-full,Y6-base,B,7,3,18,4
0.1758418530382993,0.5637254901960784,-0.0472631454134277,0.49264705882352944,0.0,0.9852941176470589,0.14762161642983843,0.12466825330077823,FL-FedAvg,Y6-base,all,7,3,80,12
0.1977855477855478,0.6296296296296297,-0.049281418063638185,0.49074074074074076,0.0,0.9814814814814815,0.12861799431428655,0.12705459602508762,FL-FedAvg,Y6-base,A,7,3,62,8
0.19453781512605042,0.2678571428571429,0.0,0.5,0.0,1.0,0.21307853705007268,0.27629893543463435,FL-FedAvg,Y6-base,B,7,3,18,4
0.1758418530382993,0.5637254901960784,-0.0472631454134277,0.49264705882352944,0.0,0.9852941176470589,0.14783483578092826,0.12573508829854635,FL-FedProx,Y6-base,all,7,3,80,12
0.1977855477855478,0.6296296296296297,-0.049281418063638185,0.49074074074074076,0.0,0.9814814814814815,0.12888553063046046,0.12818902261107654,FL-FedProx,Y6-base,A,7,3,62,8
0.19453781512605042,0.2678571428571429,0.0,0.5,0.0,1.0,0.2131046646325396,0.2763311515915513,FL-FedProx,Y6-base,B,7,3,18,4
0.16009810334296226,0.47794117647058826,-0.08291849892341731,0.47794117647058826,0.0,0.9558823529411765,0.16434216503453752,0.17959023668755433,FL-FedAvg-E,Y6-base,all,7,3,80,12
0.19547381144141943,0.6365740740740741,-0.08679260732054925,0.4722222222222222,0.0,0.9444444444444444,0.15035590614411595,0.18370710202515061,FL-FedAvg-E,Y6-base,A,7,3,62,8
0.1806985294117647,0.21428571428571425,0.0,0.5,0.0,1.0,0.2125170567682117,0.22165215180678105,FL-FedAvg-E,Y6-base,B,7,3,18,4
0.2291532743917966,0.5955882352941178,0.11258675491219976,0.5784313725490196,0.5833333333333334,0.5735294117647058,0.2229138022157823,0.30123827871550124,LR-local-A,Y6-base,all,7,4,80,12
0.17175568684189374,0.587962962962963,0.1213100440404351,0.5902777777777778,0.625,0.5555555555555556,0.225223182680339,0.3262883263871626,LR-local-A,Y6-base,A,7,4,62,8
0.49583333333333335,0.625,0.12182898077463453,0.5714285714285714,0.5,0.6428571428571429,0.2149592695045312,0.21495478117977854,LR-local-A,Y6-base,B,7,4,18,4
0.20803873231329234,0.5232843137254901,-0.13866715970633325,0.40441176470588236,0.25,0.5588235294117647,0.23412982135190755,0.28984378065289435,EN-compact,Y6-base,all,7,4,80,12
0.1798981524427953,0.49768518518518523,-0.16268389404829248,0.38657407407407407,0.125,0.6481481481481481,0.20808484770237784,0.2699692325195063,EN-compact,Y6-base,A,7,4,62,8
0.29583333333333334,0.48214285714285715,-0.26519741765271837,0.35714285714285715,0.5,0.21428571428571427,0.32384028614473187,0.4003820375360553,EN-compact,Y6-base,B,7,4,18,4
0.18834717634492534,0.5502450980392157,0.13211031413252305,0.5882352941176471,0.5,0.6764705882352942,0.224283270468638,0.27666783501069364,EN-full,Y6-base,all,7,4,80,12
0.13891600370555746,0.48842592592592593,0.08697559598404854,0.5578703703703703,0.375,0.7407407407407407,0.20844677660564825,0.26455702682740445,EN-full,Y6-base,A,7,4,62,8
0.33630952380952384,0.6071428571428571,0.15228622596829317,0.5892857142857143,0.75,0.42857142857142855,0.2788311937744916,0.3183828409753564,EN-full,Y6-base,B,7,4,18,4
0.3101019520635897,0.5563725490196079,0.22487239817113244,0.5686274509803921,0.16666666666666666,0.9705882352941176,0.13790243569695806,0.14135622433112388,GBM-full,Y6-base,all,7,4,80,12
0.27531847821718514,0.6134259259259259,0.20203440606631312,0.5532407407407407,0.125,0.9814814814814815,0.11792270855362341,0.11579808639423042,GBM-full,Y6-base,A,7,4,62,8
0.4056985294117647,0.39285714285714285,0.236227795630767,0.5892857142857143,0.25,0.9285714285714286,0.20672149585733296,0.24785325475167658,GBM-full,Y6-base,B,7,4,18,4
0.181108190071429,0.5661764705882353,0.0,0.5,0.0,1.0,0.13962483927850183,0.10978308314507877,FL-FedAvg,Y6-base,all,7,4,80,12
0.14853309332534925,0.5370370370370371,0.0,0.5,0.0,1.0,0.12803567494839374,0.11780183501344718,FL-FedAvg,Y6-base,A,7,4,62,8
0.2895833333333333,0.5535714285714285,0.0,0.5,0.0,1.0,0.17954307197109642,0.08216293782069878,FL-FedAvg,Y6-base,B,7,4,18,4
0.181108190071429,0.5661764705882353,0.0,0.5,0.0,1.0,0.13986441718254589,0.11094845946190313,FL-FedProx,Y6-base,all,7,4,80,12
0.14853309332534925,0.5370370370370371,0.0,0.5,0.0,1.0,0.12830068104496223,0.1189872813177003,FL-FedProx,Y6-base,A,7,4,62,8
0.2895833333333333,0.5535714285714285,0.0,0.5,0.0,1.0,0.1796950638786673,0.08325918418082402,FL-FedProx,Y6-base,B,7,4,18,4
0.16258786958854438,0.46078431372549017,0.0,0.5,0.0,1.0,0.15425935931753446,0.13826706147077522,FL-FedAvg-E,Y6-base,all,7,4,80,12
0.17486167280575174,0.5532407407407407,0.0,0.5,0.0,1.0,0.14418243938050573,0.17185963749006788,FL-FedAvg-E,Y6-base,A,7,4,62,8
0.19177807486631016,0.2857142857142857,0.0,0.5,0.0,1.0,0.18896875021174458,0.09126994082909652,FL-FedAvg-E,Y6-base,B,7,4,18,4
0.15379916764635188,0.5,0.07465899855842975,0.552536231884058,0.5833333333333334,0.5217391304347826,0.24311543361117052,0.3365233646829291,LR-local-A,Y6-base,all,11,0,81,12
0.12964344889309687,0.46136363636363636,0.05330017908890261,0.5397727272727273,0.625,0.45454545454545453,0.24745355700574925,0.36411104121903676,LR-local-A,Y6-base,A,11,0,63,8
0.6291208791208791,0.6428571428571428,0.26519741765271837,0.6428571428571428,0.5,0.7857142857142857,0.22793200173014505,0.23996649680655258,LR-local-A,Y6-base,B,11,0,18,4
0.2516746910190772,0.5821256038647343,0.1757064882217068,0.6231884057971014,0.6666666666666666,0.5797101449275363,0.2531292181575358,0.32858254184911573,EN-compact,Y6-base,all,11,0,81,12
0.15153260200747665,0.5295454545454545,0.08042946923566698,0.5590909090909091,0.5,0.6181818181818182,0.24063533074781643,0.3238353225260832,EN-compact,Y6-base,A,11,0,63,8
0.4873376623376623,0.6607142857142857,0.3779644730092272,0.7142857142857143,1.0,0.42857142857142855,0.2968578240915537,0.34519780947972933,EN-compact,Y6-base,B,11,0,18,4
0.24720470123945354,0.5422705314009661,0.007858682668274145,0.5054347826086957,0.4166666666666667,0.5942028985507246,0.24358659098080107,0.3067398281961441,EN-full,Y6-base,all,11,0,81,12
0.14078709788816174,0.4681818181818182,0.007858682668274143,0.5056818181818181,0.375,0.6363636363636364,0.2351833083396392,0.3039147456801639,EN-full,Y6-base,A,11,0,63,8
0.4848484848484848,0.6428571428571429,-0.05976143046671968,0.4642857142857143,0.5,0.42857142857142855,0.2729980802248677,0.3496088765513052,EN-full,Y6-base,B,11,0,18,4
0.3667504549367294,0.6763285024154588,0.28625128703833574,0.5760869565217391,0.16666666666666666,0.9855072463768116,0.13520149438864296,0.15558588561176018,GBM-full,Y6-base,all,11,0,81,12
0.31594157110637844,0.7045454545454546,0.3329971422913319,0.5625,0.125,1.0,0.12126537636920785,0.14034296398827675,GBM-full,Y6-base,A,11,0,63,8
0.5504901960784314,0.625,0.236227795630767,0.5892857142857143,0.25,0.9285714285714286,0.18397790745666598,0.2089361112939522,GBM-full,Y6-base,B,11,0,18,4
0.2505676071618408,0.5579710144927535,0.0,0.5,0.0,1.0,0.14064331515549602,0.12047903482905736,FL-FedAvg,Y6-base,all,11,0,81,12
0.1574655621199232,0.5068181818181818,0.0,0.5,0.0,1.0,0.13211715589448178,0.13376500682095302,FL-FedAvg,Y6-base,A,11,0,63,8
0.4784090909090909,0.6428571428571428,0.0,0.5,0.0,1.0,0.1704848725690461,0.1379455855289946,FL-FedAvg,Y6-base,B,11,0,18,4
0.2505676071618408,0.5579710144927535,0.0,0.5,0.0,1.0,0.14089274656536965,0.12161178685969332,FL-FedProx,Y6-base,all,11,0,81,12
0.1574655621199232,0.5068181818181818,0.0,0.5,0.0,1.0,0.1323962553650925,0.13493295030624683,FL-FedProx,Y6-base,A,11,0,63,8
0.4784090909090909,0.6428571428571428,0.0,0.5,0.0,1.0,0.17063046576633958,0.13890814201536422,FL-FedProx,Y6-base,B,11,0,18,4
0.17753122659352222,0.4625603864734299,0.0,0.5,0.0,1.0,0.15383112910946192,0.14461450411187857,FL-FedAvg-E,Y6-base,all,11,0,81,12
0.17424883524846302,0.46590909090909094,0.0,0.5,0.0,1.0,0.14914112794837317,0.18162017123335572,FL-FedAvg-E,Y6-base,A,11,0,63,8
0.44734848484848483,0.5535714285714286,0.0,0.5,0.0,1.0,0.17024613317327247,0.03255957661594037,FL-FedAvg-E,Y6-base,B,11,0,18,4
0.1569470253126412,0.487012987012987,-0.03531357254851617,0.4746753246753247,0.36363636363636365,0.5857142857142857,0.2627146211460675,0.295906730236754,LR-local-A,Y6-base,all,11,1,81,11
0.13560360029404678,0.41363636363636364,-0.12603755744009754,0.4068181818181818,0.25,0.5636363636363636,0.2822980900252175,0.33097773147053017,LR-local-A,Y6-base,A,11,1,63,8
0.3611111111111111,0.6888888888888889,0.2548235957188128,0.6666666666666666,0.6666666666666666,0.6666666666666666,0.19417248006904236,0.2183951396863042,LR-local-A,Y6-base,B,11,1,18,3
0.2174442286596423,0.5337662337662338,-0.03531357254851617,0.4746753246753247,0.36363636363636365,0.5857142857142857,0.24031917237593498,0.3242573633269671,EN-compact,Y6-base,all,11,1,81,11
0.2400656951589028,0.48863636363636365,-0.055271767544800184,0.46136363636363636,0.25,0.6727272727272727,0.22031939458647104,0.30629709943301586,EN-compact,Y6-base,A,11,1,63,8
0.2777777777777778,0.6,-0.05547001962252291,0.4666666666666667,0.6666666666666666,0.26666666666666666,0.3103183946390587,0.4086818707295016,EN-compact,Y6-base,B,11,1,18,3
0.1608715146131498,0.4974025974025974,-0.03531357254851617,0.4746753246753247,0.36363636363636365,0.5857142857142857,0.2435150524009736,0.32095854686786823,EN-full,Y6-base,all,11,1,81,11
0.14937613714787626,0.44772727272727275,-0.055271767544800184,0.46136363636363636,0.25,0.6727272727272727,0.22651190063698004,0.3008179969036335,EN-full,Y6-base,A,11,1,63,8
0.22883597883597884,0.5333333333333333,-0.05547001962252291,0.4666666666666667,0.6666666666666666,0.26666666666666666,0.30302608357495103,0.3914504717426902,EN-full,Y6-base,B,11,1,18,3
0.17114333204530524,0.474025974025974,0.0759768009261234,0.5240259740259741,0.09090909090909091,0.9571428571428572,0.1489598129122264,0.15415031034008617,GBM-full,Y6-base,all,11,1,81,11
0.2208522263209763,0.6136363636363636,0.2028577500763056,0.553409090909091,0.125,0.9818181818181818,0.1300473630614859,0.13942259436075277,GBM-full,Y6-base,A,11,1,63,8
0.12041226747109099,0.06666666666666665,-0.15811388300841897,0.43333333333333335,0.0,0.8666666666666667,0.21515338738981798,0.2639414030208671,GBM-full,Y6-base,B,11,1,18,3
0.14912580063627714,0.4662337662337662,0.0,0.5,0.0,1.0,0.14218168595206132,0.13310537725386262,FL-FedAvg,Y6-base,all,11,1,81,11
0.1623839963093006,0.4318181818181818,0.0,0.5,0.0,1.0,0.13467281283481067,0.1337677791259035,FL-FedAvg,Y6-base,A,11,1,63,8
0.1888888888888889,0.4444444444444444,0.0,0.5,0.0,1.0,0.1684627418624386,0.14247478841052325,FL-FedAvg,Y6-base,B,11,1,18,3
0.14912580063627714,0.4662337662337662,0.0,0.5,0.0,1.0,0.14245240091363637,0.1375108451592139,FL-FedProx,Y6-base,all,11,1,81,11
0.1623839963093006,0.4318181818181818,0.0,0.5,0.0,1.0,0.13495268308590302,0.14062673342161974,FL-FedProx,Y6-base,A,11,1,63,8
0.1888888888888889,0.4444444444444444,0.0,0.5,0.0,1.0,0.168701413310703,0.14341717594985345,FL-FedProx,Y6-base,B,11,1,18,3
0.15476341472931077,0.40909090909090906,-0.06307376777101417,0.4857142857142857,0.0,0.9714285714285714,0.1545214777748834,0.17010073367300246,FL-FedAvg-E,Y6-base,all,11,1,81,11
0.17367529294357367,0.4431818181818182,-0.06905795747278488,0.4818181818181818,0.0,0.9636363636363636,0.15313363307003003,0.18737827738001922,FL-FedAvg-E,Y6-base,A,11,1,63,8
0.17678571428571427,0.39999999999999997,0.0,0.5,0.0,1.0,0.15937893424187013,0.10962933069844395,FL-FedAvg-E,Y6-base,B,11,1,18,3
0.16157652830699723,0.42424242424242425,-0.08434823356733,0.4407114624505929,0.2727272727272727,0.6086956521739131,0.22943600403192485,0.29036392357556245,LR-local-A,Y6-base,all,11,2,80,11
0.1819542999004614,0.5090909090909091,-0.05154060995580371,0.461038961038961,0.2857142857142857,0.6363636363636364,0.2147000991731599,0.31256486314458665,LR-local-A,Y6-base,A,11,2,62,7
0.17712710084033612,0.2142857142857143,-0.2091650066335189,0.375,0.25,0.5,0.2801930096565596,0.3210841274991375,LR-local-A,Y6-base,B,11,2,18,4
0.2041674806190395,0.4255599472990777,-0.10297049891304745,0.43148880105401843,0.18181818181818182,0.6811594202898551,0.23523544772934923,0.30715103458144566,EN-compact,Y6-base,all,11,2,80,11
0.24105253025844497,0.4571428571428572,-0.08253602181654553,0.4441558441558442,0.14285714285714285,0.7454545454545455,0.20055425363550747,0.30774191362626174,EN-compact,Y6-base,A,11,2,62,7
0.17193784565108094,0.19642857142857142,-0.2672612419124244,0.3392857142857143,0.25,0.42857142857142855,0.354692894052582,0.40830152245855666,EN-compact,Y6-base,B,11,2,18,4
0.12468491029008133,0.3557312252964427,-0.18217857500000703,0.3787878787878788,0.09090909090909091,0.6666666666666666,0.2394628059111418,0.28200281048696313,EN-full,Y6-base,all,11,2,80,11
0.1574255508655075,0.38181818181818183,-0.07077624204383746,0.45324675324675323,0.14285714285714285,0.7636363636363637,0.2018319969303442,0.2793677006352555,EN-full,Y6-base,A,11,2,62,7
0.16175913547237078,0.12499999999999997,-0.5976143046671968,0.14285714285714285,0.0,0.2857142857142857,0.36908003684500007,0.45765951132355676,EN-full,Y6-base,B,11,2,18,4
0.1852435161516049,0.5322793148880105,-0.07881104062391008,0.4782608695652174,0.0,0.9565217391304348,0.140293902842722,0.1184816201333457,GBM-full,Y6-base,all,11,2,80,11
0.21545239706530028,0.6285714285714286,-0.06513389472789297,0.4818181818181818,0.0,0.9636363636363636,0.11230338987089597,0.09406129772744035,GBM-full,Y6-base,A,11,2,62,7
0.22787114845938375,0.3035714285714286,-0.12964074471043288,0.4642857142857143,0.0,0.9285714285714286,0.2367056697456784,0.28764159809592965,GBM-full,Y6-base,B,11,2,18,4
0.12951448984104422,0.36890645586297766,0.0,0.5,0.0,1.0,0.14712238151586485,0.15501753465211546,FL-FedAvg,Y6-base,all,11,2,80,11
0.16420780176884944,0.35844155844155845,0.0,0.5,0.0,1.0,0.12889265947468218,0.18209311250062818,FL-FedAvg,Y6-base,A,11,2,62,7
0.16175913547237078,0.12499999999999997,0.0,0.5,0.0,1.0,0.20991364632438297,0.24334483611901797,FL-FedAvg,Y6-base,B,11,2,18,4
0.12934629540827994,0.3675889328063241,0.0,0.5,0.0,1.0,0.14737496288315768,0.15564813324441673,FL-FedProx,Y6-base,all,11,2,80,11
0.16420780176884944,0.35844155844155845,0.0,0.5,0.0,1.0,0.12921107783574987,0.18257804243093642,FL-FedProx,Y6-base,A,11,2,62,7
0.16175913547237078,0.12499999999999997,0.0,0.5,0.0,1.0,0.20993945582422904,0.24303981921594286,FL-FedProx,Y6-base,B,11,2,18,4
0.12989135680059913,0.31357048748353095,-0.0639351213330643,0.4855072463768116,0.0,0.9710144927536232,0.1594831099758725,0.21143534768854896,FL-FedAvg-E,Y6-base,all,11,2,80,11
0.14326419479898528,0.41818181818181815,-0.06513389472789297,0.4818181818181818,0.0,0.9636363636363636,0.14875252988537288,0.20139727298922255,FL-FedAvg-E,Y6-base,A,11,2,62,7
0.17110177404295052,0.1785714285714286,0.0,0.5,0.0,1.0,0.19644399695426018,0.24601093831956214,FL-FedAvg-E,Y6-base,B,11,2,18,4
0.17967718463637866,0.5747549019607843,0.08574929257125442,0.5588235294117647,0.5,0.6176470588235294,0.22403703941855055,0.2904104287272568,LR-local-A,Y6-base,all,11,3,80,12
0.1621488859971177,0.5648148148148149,0.10281154346066493,0.5740740740740741,0.5,0.6481481481481481,0.21568276442333528,0.2973525447012838,LR-local-A,Y6-base,A,11,3,62,8
0.27692307692307694,0.5535714285714286,0.0,0.5,0.5,0.5,0.2528128755131809,0.2664986959278301,LR-local-A,Y6-base,B,11,3,18,4
0.24351772249712822,0.5882352941176472,0.11258675491219976,0.5784313725490196,0.5833333333333334,0.5735294117647058,0.25432969005538764,0.3367701030759114,EN-compact,Y6-base,all,11,3,80,12
0.2579417592072391,0.5277777777777778,0.05723029906331337,0.5393518518518519,0.375,0.7037037037037037,0.205293739658308,0.2969362731597732,EN-compact,Y6-base,A,11,3,62,8
0.33333333333333337,0.6071428571428572,0.12964074471043288,0.5357142857142857,1.0,0.07142857142857142,0.4232312969786619,0.5005418853483805,EN-compact,Y6-base,B,11,3,18,4
0.21291016704236979,0.5723039215686274,0.13211031413252305,0.5882352941176471,0.5,0.6764705882352942,0.2413993756760587,0.32699602685075946,EN-full,Y6-base,all,11,3,80,12
0.16487424612424612,0.5069444444444444,0.07312724241271307,0.5416666666666667,0.25,0.8333333333333334,0.21070303685033623,0.3026321330431503,EN-full,Y6-base,A,11,3,62,8
0.28035714285714286,0.5535714285714286,0.12964074471043288,0.5357142857142857,1.0,0.07142857142857142,0.34713120940910286,0.4109161055214131,EN-full,Y6-base,B,11,3,18,4
0.4348302602630987,0.7683823529411764,0.2856081629584374,0.5759803921568628,0.16666666666666666,0.9852941176470589,0.11719151817833806,0.08803696171100654,GBM-full,Y6-base,all,11,3,80,12
0.4128708179907246,0.8078703703703703,0.20203440606631312,0.5532407407407407,0.125,0.9814814814814815,0.10194644538866511,0.08749106087049095,GBM-full,Y6-base,A,11,3,62,8
0.5505952380952381,0.6428571428571428,0.4537426064865151,0.625,0.25,1.0,0.1697023244538782,0.21847172783432003,GBM-full,Y6-base,B,11,3,18,4
0.22666481046737638,0.5686274509803921,0.0,0.5,0.0,1.0,0.1397969999671984,0.11614986380741796,FL-FedAvg,Y6-base,all,11,3,80,12
0.16726867670620943,0.4907407407407408,0.0,0.5,0.0,1.0,0.1268968843459106,0.11441785527245567,FL-FedAvg,Y6-base,A,11,3,62,8
0.36715686274509807,0.5892857142857143,0.0,0.5,0.0,1.0,0.18423073155163416,0.12211567098339919,FL-FedAvg,Y6-base,B,11,3,18,4
0.22666481046737638,0.5686274509803921,0.0,0.5,0.0,1.0,0.140035377060247,0.1172579736840318,FL-FedProx,Y6-base,all,11,3,80,12
0.16726867670620943,0.4907407407407408,0.0,0.5,0.0,1.0,0.12715787670118334,0.11561785713148764,FL-FedProx,Y6-base,A,11,3,62,8
0.36715686274509807,0.5892857142857143,0.0,0.5,0.0,1.0,0.1843912116303551,0.12290726403168399,FL-FedProx,Y6-base,B,11,3,18,4
0.16218326034475122,0.47058823529411764,-0.06726727939963124,0.4852941176470588,0.0,0.9705882352941176,0.15494565438636237,0.15831443835652062,FL-FedAvg-E,Y6-base,all,11,3,80,12
0.14577586315286545,0.4560185185185185,-0.07027283689263066,0.48148148148148145,0.0,0.9629629629629629,0.14885054155642696,0.17461123425367972,FL-FedAvg-E,Y6-base,A,11,3,62,8
0.32965686274509803,0.5357142857142857,0.0,0.5,0.0,1.0,0.17593993191169532,0.10218103026630576,FL-FedAvg-E,Y6-base,B,11,3,18,4
0.18299953404393832,0.5,0.042540858626002855,0.5269607843137255,0.3333333333333333,0.7205882352941176,0.2283298148686818,0.2971774143374258,LR-local-A,Y6-base,all,11,4,80,12
0.16668574631598979,0.5254629629629629,0.029514066805047763,0.5208333333333333,0.375,0.6666666666666666,0.234925261113383,0.3185446890013286,LR-local-A,Y6-base,A,11,4,62,8
0.4188034188034188,0.4464285714285714,0.236227795630767,0.5892857142857143,0.25,0.9285714285714286,0.20561216669248886,0.26285765582945875,LR-local-A,Y6-base,B,11,4,18,4
0.21059208069557264,0.5674019607843137,0.04733410580983675,0.5318627450980392,0.4166666666666667,0.6470588235294118,0.22829406682703407,0.30555387690662544,EN-compact,Y6-base,all,11,4,80,12
0.2246864149094284,0.6527777777777778,0.11677484162422845,0.5833333333333333,0.5,0.6666666666666666,0.21871758391473528,0.3232219474239595,EN-compact,Y6-base,A,11,4,62,8
0.2837024087024087,0.39285714285714285,-0.15228622596829317,0.4107142857142857,0.25,0.5714285714285714,0.2612797301916189,0.3600007322698603,EN-compact,Y6-base,B,11,4,18,4
0.17914777665243514,0.49019607843137253,-0.045834924851410566,0.47058823529411764,0.25,0.6911764705882353,0.23885522105258233,0.2699632967378451,EN-full,Y6-base,all,11,4,80,12
0.17932958805084162,0.5231481481481481,-0.020874143036171647,0.4861111111111111,0.25,0.7222222222222222,0.2262265921848423,0.2832304089264272,EN-full,Y6-base,A,11,4,62,8
0.28022875816993464,0.35714285714285715,-0.15228622596829317,0.4107142857142857,0.25,0.5714285714285714,0.2823538315970202,0.4465136533696351,EN-full,Y6-base,B,11,4,18,4
0.2177745313569251,0.5208333333333333,-0.06726727939963124,0.4852941176470588,0.0,0.9705882352941176,0.14438987684718793,0.1548757332514255,GBM-full,Y6-base,all,11,4,80,12
0.2546033122726009,0.625,-0.07027283689263066,0.48148148148148145,0.0,0.9629629629629629,0.12179192315012752,0.13683562682581638,GBM-full,Y6-base,A,11,4,62,8
0.21063311688311687,0.375,0.0,0.5,0.0,1.0,0.22222727291484043,0.21701387760630123,GBM-full,Y6-base,B,11,4,18,4
0.264351404770652,0.5674019607843137,0.0,0.5,0.0,1.0,0.13947872919887067,0.11963656110490709,FL-FedAvg,Y6-base,all,11,4,80,12
0.2988755594687798,0.6388888888888888,0.0,0.5,0.0,1.0,0.12605130408988086,0.13933627438473306,FL-FedAvg,Y6-base,A,11,4,62,8
0.272885101010101,0.3392857142857143,0.0,0.5,0.0,1.0,0.18572874901872435,0.14161530963668623,FL-FedAvg,Y6-base,B,11,4,18,4
0.264351404770652,0.5674019607843137,0.0,0.5,0.0,1.0,0.13972824586640184,0.12070574533190119,FL-FedProx,Y6-base,all,11,4,80,12
0.2988755594687798,0.6388888888888888,0.0,0.5,0.0,1.0,0.12634596765347855,0.14038282959814366,FL-FedProx,Y6-base,A,11,4,62,8
0.272885101010101,0.3392857142857143,0.0,0.5,0.0,1.0,0.18582275971091533,0.1426148160632827,FL-FedProx,Y6-base,B,11,4,18,4
0.2611626536021905,0.5269607843137255,0.279108277990115,0.6029411764705883,0.25,0.9558823529411765,0.15325365647259867,0.1492573218352772,FL-FedAvg-E,Y6-base,all,11,4,80,12
0.32205710955710953,0.6782407407407407,0.36221595330050943,0.6597222222222222,0.375,0.9444444444444444,0.14235770211198873,0.19162292188930347,FL-FedAvg-E,Y6-base,A,11,4,62,8
0.19758852258852258,0.2857142857142857,0.0,0.5,0.0,1.0,0.19078416593692174,0.11235314667619373,FL-FedAvg-E,Y6-base,B,11,4,18,4
0.25035579962332816,0.5990338164251208,0.22411369205400505,0.6576086956521738,0.75,0.5652173913043478,0.24129111433496492,0.3427518784174763,LR-local-A,Y6-base,all,19,0,81,12
0.27665485569611153,0.6272727272727273,0.22166037318387508,0.6659090909090909,0.75,0.5818181818181818,0.2400492833631019,0.36331544973576657,LR-local-A,Y6-base,A,19,0,63,8
0.2958333333333333,0.5535714285714286,0.2091650066335189,0.625,0.75,0.5,0.24563752273648543,0.2707793788034604,LR-local-A,Y6-base,B,19,0,18,4
0.2845781194951328,0.711352657004831,0.1757064882217068,0.6231884057971014,0.6666666666666666,0.5797101449275363,0.22571283673211356,0.3207966798132422,EN-compact,Y6-base,all,19,0,81,12
0.2968771032290054,0.7,0.10687808428852835,0.5772727272727273,0.5,0.6545454545454545,0.20367288598746253,0.30745554682975396,EN-compact,Y6-base,A,19,0,63,8
0.3404761904761905,0.6785714285714285,0.2857142857142857,0.6428571428571428,1.0,0.2857142857142857,0.30285266433839203,0.3674906452554513,EN-compact,Y6-base,B,19,0,18,4
0.17122398588405374,0.5144927536231885,-0.05265784148389183,0.46376811594202894,0.3333333333333333,0.5942028985507246,0.24963045883243043,0.2896297034946984,EN-full,Y6-base,all,19,0,81,12
0.15426727370181983,0.5249999999999999,-0.004674734950042286,0.4965909090909091,0.375,0.6181818181818182,0.23981016398205174,0.2949774820087862,EN-full,Y6-base,A,19,0,63,8
0.28685897435897434,0.4107142857142857,-0.2091650066335189,0.375,0.25,0.5,0.28400149080875603,0.32753323999086714,EN-full,Y6-base,B,19,0,18,4
0.21026644854135104,0.6304347826086957,-0.12826236331261867,0.4492753623188406,0.0,0.8985507246376812,0.15925885077825958,0.1503616553519092,GBM-full,Y6-base,all,19,0,81,12
0.23418803418803416,0.7022727272727273,-0.09930420492387221,0.4636363636363636,0.0,0.9272727272727272,0.131396906577421,0.12769779482002924,GBM-full,Y6-base,A,19,0,63,8
0.23115079365079363,0.4107142857142857,-0.23904572186687875,0.39285714285714285,0.0,0.7857142857142857,0.2567756554811947,0.31395836679739686,GBM-full,Y6-base,B,19,0,18,4
0.26927679505855834,0.6171497584541062,0.0,0.5,0.0,1.0,0.1368361155919658,0.12046420672763652,FL-FedAvg,Y6-base,all,19,0,81,12
0.281377918187931,0.6022727272727273,0.0,0.5,0.0,1.0,0.12529693471831674,0.13414805215713507,FL-FedAvg,Y6-base,A,19,0,63,8
0.2630952380952381,0.5,0.0,0.5,0.0,1.0,0.1772232486497375,0.07257074772439158,FL-FedAvg,Y6-base,B,19,0,18,4
0.2683021361891626,0.6159420289855073,0.0,0.5,0.0,1.0,0.1370983166876257,0.12158073980473363,FL-FedProx,Y6-base,all,19,0,81,12
0.281377918187931,0.6022727272727273,0.0,0.5,0.0,1.0,0.1255855351451696,0.1352626188781342,FL-FedProx,Y6-base,A,19,0,63,8
0.25416666666666665,0.48214285714285715,0.0,0.5,0.0,1.0,0.17739305208622203,0.07369416304783158,FL-FedProx,Y6-base,B,19,0,18,4
0.233311967752852,0.5205314009661837,0.2680951323690902,0.5416666666666666,0.08333333333333333,1.0,0.14826359102442624,0.1518046139186146,FL-FedAvg-E,Y6-base,all,19,0,81,12
0.2740426139882662,0.6045454545454545,0.3329971422913319,0.5625,0.125,1.0,0.14145786604931102,0.194414803821676,FL-FedAvg-E,Y6-base,A,19,0,63,8
0.29851190476190476,0.5892857142857143,0.0,0.5,0.0,1.0,0.17208362843732952,0.13829331517068844,FL-FedAvg-E,Y6-base,B,19,0,18,4
0.20263704561098894,0.49090909090909085,-0.005527899928227821,0.4961038961038961,0.36363636363636365,0.6285714285714286,0.23934131338496148,0.3068748470560971,LR-local-A,Y6-base,all,19,1,81,11
0.155130477319877,0.4113636363636364,-0.1028441689009303,0.425,0.25,0.6,0.25780574422658453,0.3361717366210693,LR-local-A,Y6-base,A,19,1,63,8
0.626984126984127,0.7333333333333334,0.31622776601683794,0.7,0.6666666666666666,0.7333333333333333,0.17471580543928047,0.29072840897971586,LR-local-A,Y6-base,B,19,1,18,3
0.28829037453720796,0.5064935064935066,0.014967789595743061,0.5103896103896104,0.36363636363636365,0.6571428571428571,0.2355111565347656,0.3330928960209169,EN-compact,Y6-base,all,19,1,81,11
0.1950177320848285,0.46136363636363636,-0.017047876290802483,0.48863636363636365,0.25,0.7272727272727273,0.2116360697017649,0.3045154195014815,EN-compact,Y6-base,A,19,1,63,8
0.6180555555555556,0.6888888888888889,0.050964719143762556,0.5333333333333333,0.6666666666666666,0.4,0.31907396045026787,0.4331140638389412,EN-compact,Y6-base,B,19,1,18,3
0.16564399514531658,0.474025974025974,-0.025482359571881278,0.4818181818181818,0.36363636363636365,0.6,0.24396577216075166,0.3506198214430274,EN-full,Y6-base,all,19,1,81,11
0.17800333103800264,0.42954545454545456,-0.09116071895198007,0.4340909090909091,0.25,0.6181818181818182,0.2375919563550587,0.3495972852862709,EN-full,Y6-base,A,19,1,63,8
0.2103174603174603,0.5111111111111111,0.14907119849998599,0.6,0.6666666666666666,0.5333333333333333,0.26627412748067697,0.35419869799167547,EN-full,Y6-base,B,19,1,18,3
0.1961953069686385,0.5701298701298702,0.11035193010961948,0.548051948051948,0.18181818181818182,0.9142857142857143,0.1494432073123776,0.14586802547523767,GBM-full,Y6-base,all,19,1,81,11
0.18116937191490137,0.5454545454545454,0.06438763875992323,0.5261363636363636,0.125,0.9272727272727272,0.1429385032586042,0.14266302059471395,GBM-full,Y6-base,A,19,1,63,8
0.31666666666666665,0.5777777777777777,0.2,0.6,0.3333333333333333,0.8666666666666667,0.1722096715005844,0.20925690543462885,GBM-full,Y6-base,B,19,1,18,3
0.27806645284271847,0.4597402597402598,0.0,0.5,0.0,1.0,0.1402217030649283,0.15598728324024755,FL-FedAvg,Y6-base,all,19,1,81,11
0.2314907425007785,0.3818181818181818,0.0,0.5,0.0,1.0,0.1362681574647533,0.15341653863693286,FL-FedAvg,Y6-base,A,19,1,63,8
0.5111111111111111,0.6444444444444445,0.0,0.5,0.0,1.0,0.15405911266554084,0.164984889351849,FL-FedAvg,Y6-base,B,19,1,18,3
0.2755871139997432,0.4584415584415585,0.0,0.5,0.0,1.0,0.14052159647043733,0.15660220533804686,FL-FedProx,Y6-base,all,19,1,81,11
0.2314907425007785,0.3818181818181818,0.0,0.5,0.0,1.0,0.1365668138696377,0.15395704584703304,FL-FedProx,Y6-base,A,19,1,63,8
0.5111111111111111,0.6444444444444445,0.0,0.5,0.0,1.0,0.15436333557323612,0.1658602635565951,FL-FedProx,Y6-base,B,19,1,18,3
0.16171284898875093,0.45324675324675323,0.0,0.5,0.0,1.0,0.1501838238791469,0.16135868025013478,FL-FedAvg-E,Y6-base,all,19,1,81,11
0.1677892719165939,0.4409090909090909,0.0,0.5,0.0,1.0,0.15111776381264688,0.18629677574288037,FL-FedAvg-E,Y6-base,A,19,1,63,8
0.26587301587301587,0.5777777777777777,0.0,0.5,0.0,1.0,0.14691503411189685,0.07407534602552532,FL-FedAvg-E,Y6-base,B,19,1,18,3
0.12470365088424956,0.4347826086956522,-0.18217857500000703,0.3787878787878788,0.09090909090909091,0.6666666666666666,0.24304002306976075,0.2567746894444506,LR-local-A,Y6-base,all,19,2,80,11
0.10500135118982659,0.4103896103896104,-0.14763420346515854,0.38961038961038963,0.14285714285714285,0.6363636363636364,0.250288943219299,0.29616385337491247,LR-local-A,Y6-base,A,19,2,62,7
0.2487373737373737,0.5,-0.23904572186687875,0.39285714285714285,0.0,0.7857142857142857,0.21807152033246213,0.27379896437121576,LR-local-A,Y6-base,B,19,2,18,4
0.15599867205737522,0.544137022397892,0.11854779319316988,0.5843214756258235,0.5454545454545454,0.6231884057971014,0.24418761571279254,0.29996573056060216,EN-compact,Y6-base,all,19,2,80,11
0.119187675070028,0.48311688311688317,-0.016047268396780154,0.4883116883116883,0.2857142857142857,0.6909090909090909,0.2224657278084693,0.281663819490724,EN-compact,Y6-base,A,19,2,62,7
0.25151515151515147,0.5,0.33149677206589795,0.6785714285714286,1.0,0.35714285714285715,0.3190074518276836,0.403976392994742,EN-compact,Y6-base,B,19,2,18,4
0.15903273223552206,0.5612648221343873,0.03410161423163867,0.5243741765480896,0.45454545454545453,0.5942028985507246,0.23934735771669358,0.3205285246778541,EN-full,Y6-base,all,19,2,80,11
0.13534460812785937,0.5402597402597402,-0.028135197938133197,0.4792207792207792,0.2857142857142857,0.6727272727272727,0.22244958178665272,0.3165093867411818,EN-full,Y6-base,A,19,2,62,7
0.25766594516594515,0.5,0.033149677206589796,0.5178571428571428,0.75,0.2857142857142857,0.29755080814239004,0.33437222201528105,EN-full,Y6-base,B,19,2,18,4
0.17211637078233624,0.5032938076416337,0.07494537224185459,0.5237154150197628,0.09090909090909091,0.9565217391304348,0.14527397915754447,0.14467077500987904,GBM-full,Y6-base,all,19,2,80,11
0.20233047267302653,0.5766233766233766,0.1570604577220243,0.5532467532467532,0.14285714285714285,0.9636363636363636,0.11723255019488259,0.12254635528302932,GBM-full,Y6-base,A,19,2,62,7
0.2444444444444444,0.375,-0.12964074471043288,0.4642857142857143,0.0,0.9285714285714286,0.2418611233622688,0.24616424596016673,GBM-full,Y6-base,B,19,2,18,4
0.15179937383083758,0.5270092226613966,-0.0639351213330643,0.4855072463768116,0.0,0.9710144927536232,0.14381296685399922,0.13549634455851928,FL-FedAvg,Y6-base,all,19,2,80,11
0.16109243697478992,0.5818181818181818,-0.06513389472789297,0.4818181818181818,0.0,0.9636363636363636,0.12807539797453388,0.15157725547638806,FL-FedAvg,Y6-base,A,19,2,62,7
0.19920051353874882,0.3214285714285714,0.0,0.5,0.0,1.0,0.19802014854993555,0.08010654028586042,FL-FedAvg,Y6-base,B,19,2,18,4
0.15220207190795426,0.52832674571805,-0.0639351213330643,0.4855072463768116,0.0,0.9710144927536232,0.1440528400625108,0.13659088184685186,FL-FedProx,Y6-base,all,19,2,80,11
0.16109243697478992,0.5818181818181818,-0.06513389472789297,0.4818181818181818,0.0,0.9636363636363636,0.12836548106957882,0.15269665726794496,FL-FedProx,Y6-base,A,19,2,62,7
0.19920051353874882,0.3214285714285714,0.0,0.5,0.0,1.0,0.1980870765937209,0.08111543317419789,FL-FedProx,Y6-base,B,19,2,18,4
0.15420958607574536,0.4967061923583663,-0.1030922854711811,0.463768115942029,0.0,0.927536231884058,0.16219203360777854,0.1752066513981858,FL-FedAvg-E,Y6-base,all,19,2,80,11
0.18224726962957105,0.6857142857142857,-0.10566112966540278,0.45454545454545453,0.0,0.9090909090909091,0.1511339612476823,0.21559142589774402,FL-FedAvg-E,Y6-base,A,19,2,62,7
0.19788748832866482,0.2857142857142857,0.0,0.5,0.0,1.0,0.20028094951477673,0.10093029182703751,FL-FedAvg-E,Y6-base,B,19,2,18,4
0.2500401564055793,0.571078431372549,0.04733410580983675,0.5318627450980392,0.4166666666666667,0.6470588235294118,0.22952342725259314,0.3196751198596938,LR-local-A,Y6-base,all,19,3,80,12
0.1456808028631985,0.5324074074074074,0.003212860733145779,0.5023148148148149,0.375,0.6296296296296297,0.23285320436019735,0.3419898769001118,LR-local-A,Y6-base,A,19,3,62,8
0.6375,0.6607142857142857,0.1889822365046136,0.6071428571428572,0.5,0.7142857142857143,0.21805419499306747,0.2829049712386317,LR-local-A,Y6-base,B,19,3,18,4
0.2968032693403243,0.625,0.19297750830164212,0.6299019607843137,0.5833333333333334,0.6764705882352942,0.21958421046897875,0.28168048571228443,EN-compact,Y6-base,all,19,3,80,12
0.2386140553873112,0.587962962962963,0.1028601641333488,0.5671296296296297,0.375,0.7592592592592593,0.19359514051933316,0.2572890948864981,EN-compact,Y6-base,A,19,3,62,8
0.46442307692307694,0.6071428571428572,0.33149677206589795,0.6785714285714286,1.0,0.35714285714285715,0.30910211807331334,0.365695276334437,EN-compact,Y6-base,B,19,3,18,4
0.26931518189096043,0.6029411764705882,0.036155076303109365,0.5245098039215687,0.4166666666666667,0.6323529411764706,0.22304901970322616,0.2782754830902349,EN-full,Y6-base,all,19,3,80,12
0.21411020401634057,0.5393518518518519,-0.034192080827592425,0.47685185185185186,0.25,0.7037037037037037,0.19980017820046425,0.2576451146391769,EN-full,Y6-base,A,19,3,62,8
0.41041666666666665,0.6607142857142857,0.0944911182523068,0.5535714285714286,0.75,0.35714285714285715,0.30312836265718396,0.3493356410883236,EN-full,Y6-base,B,19,3,18,4
0.24903708956108883,0.5208333333333334,0.15695698526580623,0.5343137254901961,0.08333333333333333,0.9852941176470589,0.1438239906177819,0.16091696141272177,GBM-full,Y6-base,all,19,3,80,12
0.3205563688281645,0.6458333333333334,0.20203440606631312,0.5532407407407407,0.125,0.9814814814814815,0.11909349793664528,0.13389193685831713,GBM-full,Y6-base,A,19,3,62,8
0.19215686274509802,0.2857142857142857,0.0,0.5,0.0,1.0,0.22900679874169694,0.25400315710011545,GBM-full,Y6-base,B,19,3,18,4
0.23557238044460288,0.6066176470588235,0.0,0.5,0.0,1.0,0.13613627704816517,0.10202296877356637,FL-FedAvg,Y6-base,all,19,3,80,12
0.1850779903529264,0.5856481481481481,0.0,0.5,0.0,1.0,0.12436391606364519,0.10802530744110574,FL-FedAvg,Y6-base,A,19,3,62,8
0.4186720142602495,0.5892857142857143,0.0,0.5,0.0,1.0,0.17668552043928948,0.08134824669648638,FL-FedAvg,Y6-base,B,19,3,18,4
0.23557238044460288,0.6066176470588235,0.0,0.5,0.0,1.0,0.13636945708239914,0.10317619221925364,FL-FedProx,Y6-base,all,19,3,80,12
0.1850779903529264,0.5856481481481481,0.0,0.5,0.0,1.0,0.1246241784796775,0.10923059236624137,FL-FedProx,Y6-base,A,19,3,62,8
0.4186720142602495,0.5892857142857143,0.0,0.5,0.0,1.0,0.17682541671399585,0.08232214726851819,FL-FedProx,Y6-base,B,19,3,18,4
0.21718078913733976,0.5379901960784313,0.0,0.5,0.0,1.0,0.14560315768474624,0.12558855693858684,FL-FedAvg-E,Y6-base,all,19,3,80,12
0.26293717405167144,0.6226851851851851,0.0,0.5,0.0,1.0,0.13517993500363998,0.16323805726313073,FL-FedAvg-E,Y6-base,A,19,3,62,8
0.25984848484848483,0.5,0.0,0.5,0.0,1.0,0.18150536914188983,0.09652499121748895,FL-FedAvg-E,Y6-base,B,19,3,18,4
0.17037006762554363,0.5465686274509803,0.05871569517001025,0.5392156862745098,0.4166666666666667,0.6617647058823529,0.23869274960510087,0.3317626234554313,LR-local-A,Y6-base,all,19,4,80,12
0.17256270447606764,0.625,0.10281154346066493,0.5740740740740741,0.5,0.6481481481481481,0.2370230963033927,0.3560997451253402,LR-local-A,Y6-base,A,19,4,62,8
0.2571924603174603,0.3928571428571428,-0.033149677206589796,0.48214285714285715,0.25,0.7142857142857143,0.24444377764431793,0.27286400278225453,LR-local-A,Y6-base,B,19,4,18,4
0.23494126975338514,0.6090686274509804,0.13454889462527145,0.5931372549019608,0.5833333333333334,0.6029411764705882,0.238368631098344,0.3106018604160262,EN-compact,Y6-base,all,19,4,80,12
0.26308305052790343,0.7083333333333334,0.20241022618818408,0.6458333333333333,0.625,0.6666666666666666,0.2046500387627551,0.2998043993396595,EN-compact,Y6-base,A,19,4,62,8
0.27615307486631013,0.3571428571428571,-0.12182898077463453,0.4285714285714286,0.5,0.35714285714285715,0.35451044914315033,0.4224633307502862,EN-compact,Y6-base,B,19,4,18,4
0.19364320091779108,0.5698529411764706,0.14577829610152984,0.6004901960784315,0.5833333333333334,0.6176470588235294,0.23822013410831291,0.33318406224123287,EN-full,Y6-base,all,19,4,80,12
0.19568189315860124,0.6435185185185185,0.20241022618818408,0.6458333333333333,0.625,0.6666666666666666,0.22940582948562854,0.34634929299077677,EN-full,Y6-base,A,19,4,62,8
0.23962710084033612,0.3928571428571428,-0.05976143046671968,0.4642857142857143,0.5,0.42857142857142855,0.2685805166975587,0.28783715632613727,EN-full,Y6-base,B,19,4,18,4
0.2603999720093787,0.6139705882352942,-0.0472631454134277,0.49264705882352944,0.0,0.9852941176470589,0.15089970122530047,0.159081910214628,GBM-full,Y6-base,all,19,4,80,12
0.31564799022116097,0.7060185185185186,-0.049281418063638185,0.49074074074074076,0.0,0.9814814814814815,0.12701464581600974,0.13505562314058794,GBM-full,Y6-base,A,19,4,62,8
0.24131944444444442,0.35714285714285715,0.0,0.5,0.0,1.0,0.2331704476350797,0.24183912124743256,GBM-full,Y6-base,B,19,4,18,4
0.2760266737884948,0.6544117647058822,0.0,0.5,0.0,1.0,0.13494830000959618,0.10819276380339968,FL-FedAvg,Y6-base,all,19,4,80,12
0.41141630751786135,0.7384259259259259,0.0,0.5,0.0,1.0,0.11832809948929443,0.1254154292136773,FL-FedAvg,Y6-base,A,19,4,62,8
0.23903186274509802,0.35714285714285715,0.0,0.5,0.0,1.0,0.19219565735730212,0.14791605293476906,FL-FedAvg,Y6-base,B,19,4,18,4
0.2760266737884948,0.6544117647058822,0.0,0.5,0.0,1.0,0.1351886414699979,0.10931985329116696,FL-FedProx,Y6-base,all,19,4,80,12
0.41141630751786135,0.7384259259259259,0.0,0.5,0.0,1.0,0.11862151211103301,0.1264080256270111,FL-FedProx,Y6-base,A,19,4,62,8
0.23903186274509802,0.35714285714285715,0.0,0.5,0.0,1.0,0.192253198150877,0.14776405019134803,FL-FedProx,Y6-base,B,19,4,18,4
0.24936130680278323,0.553921568627451,0.0,0.5,0.0,1.0,0.14766274428953946,0.14446400780946173,FL-FedAvg-E,Y6-base,all,19,4,80,12
0.33351185869084476,0.6828703703703703,0.0,0.5,0.0,1.0,0.13532421840164716,0.17006936261586286,FL-FedAvg-E,Y6-base,A,19,4,62,8
0.26916006787330315,0.3214285714285714,0.0,0.5,0.0,1.0,0.1901621112367241,0.24971683369977007,FL-FedAvg-E,Y6-base,B,19,4,18,4
0.22930572926186213,0.5036231884057971,0.07049073768502413,0.5434782608695652,0.3333333333333333,0.7536231884057971,0.2247808184052995,0.2484987362612489,LR-local-A,Y6-base,all,23,0,81,12
0.267256751954113,0.584090909090909,0.18090680674665816,0.6227272727272728,0.5,0.7454545454545455,0.22090054871032827,0.28537265202018663,LR-local-A,Y6-base,A,23,0,63,8
0.22574786324786325,0.375,-0.23904572186687875,0.39285714285714285,0.0,0.7857142857142857,0.2383617623376987,0.25054695270808036,LR-local-A,Y6-base,B,23,0,18,4
0.17655815692642549,0.53743961352657,-0.0026080607233710173,0.49818840579710144,0.4166666666666667,0.5797101449275363,0.23901495043585338,0.33291346432690955,EN-compact,Y6-base,all,23,0,81,12
0.2270663009760373,0.6340909090909091,0.09349469900084573,0.5681818181818181,0.5,0.6363636363636364,0.22860654394236526,0.34666122607187067,EN-compact,Y6-base,A,23,0,63,8
0.18293650793650795,0.23214285714285715,-0.3286878675669582,0.3035714285714286,0.25,0.35714285714285715,0.2754443731630618,0.2847962982195449,EN-compact,Y6-base,B,23,0,18,4
0.19134895322461598,0.5640096618357489,0.007858682668274145,0.5054347826086957,0.4166666666666667,0.5942028985507246,0.2309787631217374,0.31245962656902504,EN-full,Y6-base,all,23,0,81,12
0.2681770590545064,0.6772727272727272,0.12063796017838169,0.5863636363636364,0.5,0.6727272727272727,0.2072800892998803,0.31316638016182163,EN-full,Y6-base,A,23,0,63,8
0.19401709401709402,0.2678571428571429,-0.3959441875175622,0.26785714285714285,0.25,0.2857142857142857,0.3139241214982372,0.3448754369528653,EN-full,Y6-base,B,23,0,18,4
0.2405903889811506,0.5664251207729468,0.15759090291080308,0.5344202898550725,0.08333333333333333,0.9855072463768116,0.14161892811320023,0.13502952655982126,GBM-full,Y6-base,all,23,0,81,12
0.41319721944721943,0.6522727272727272,0.3329971422913319,0.5625,0.125,1.0,0.1026466499109398,0.10763220733366102,GBM-full,Y6-base,A,23,0,63,8
0.2371031746031746,0.42857142857142855,-0.12964074471043288,0.4642857142857143,0.0,0.9285714285714286,0.27802190182111186,0.2978080683502842,GBM-full,Y6-base,B,23,0,18,4
0.21941308712434357,0.6147342995169083,0.0,0.5,0.0,1.0,0.13931564926919554,0.11508843182801763,FL-FedAvg,Y6-base,all,23,0,81,12
0.2885266694090224,0.6954545454545454,0.0,0.5,0.0,1.0,0.12115387205894075,0.13333924570120195,FL-FedAvg,Y6-base,A,23,0,63,8
0.18697038255861786,0.2678571428571428,0.0,0.5,0.0,1.0,0.20288186950508733,0.2748628887255906,FL-FedAvg,Y6-base,B,23,0,18,4
0.21941308712434357,0.6147342995169083,0.0,0.5,0.0,1.0,0.13957425360633266,0.11619983612847085,FL-FedProx,Y6-base,all,23,0,81,12
0.2885266694090224,0.6954545454545454,0.0,0.5,0.0,1.0,0.12146036054541448,0.13441343955077986,FL-FedProx,Y6-base,A,23,0,63,8
0.18697038255861786,0.2678571428571428,0.0,0.5,0.0,1.0,0.20297287931954633,0.2747669631460073,FL-FedProx,Y6-base,B,23,0,18,4
0.2340890976870026,0.609903381642512,-0.10696563746013953,0.463768115942029,0.0,0.927536231884058,0.147610176056738,0.18106708761592086,FL-FedAvg-E,Y6-base,all,23,0,81,12
0.3065091586151369,0.8,-0.09930420492387221,0.4636363636363636,0.0,0.9272727272727272,0.13359102439747936,0.22378816247168115,FL-FedAvg-E,Y6-base,A,23,0,63,8
0.19374999999999998,0.3035714285714286,-0.12964074471043288,0.4642857142857143,0.0,0.9285714285714286,0.19667720686414325,0.13019127083729584,FL-FedAvg-E,Y6-base,B,23,0,18,4
0.23406559877754382,0.6935064935064935,0.1634605995001022,0.6181818181818182,0.6363636363636364,0.6,0.21885585479797842,0.3280653587099796,LR-local-A,Y6-base,all,23,1,81,11
0.28585372960372957,0.7454545454545455,0.22166037318387508,0.6659090909090909,0.75,0.5818181818181818,0.21610508419380609,0.3370006868575003,LR-local-A,Y6-base,A,23,1,63,8
0.23433048433048434,0.5555555555555556,0.0,0.5,0.3333333333333333,0.6666666666666666,0.22848355191258152,0.296791710193657,LR-local-A,Y6-base,B,23,1,18,3
0.20734569879048448,0.6402597402597403,0.15310636316482226,0.611038961038961,0.6363636363636364,0.5857142857142857,0.24169459463335832,0.3404585660930882,EN-compact,Y6-base,all,23,1,81,11
0.24290701128936423,0.6886363636363637,0.19166413295173373,0.6397727272727273,0.625,0.6545454545454545,0.2192556993450351,0.32345694846242196,EN-compact,Y6-base,A,23,1,63,8
0.20882352941176469,0.4666666666666666,0.0,0.5,0.6666666666666666,0.3333333333333333,0.3202307281424896,0.4338252040644254,EN-compact,Y6-base,B,23,1,18,3
0.26659563346869847,0.5974025974025974,0.008058229640253803,0.5058441558441559,0.45454545454545453,0.5571428571428572,0.23943091960695578,0.321802935656048,EN-full,Y6-base,all,23,1,81,11
0.36821013138955866,0.6840909090909091,0.06762990887029624,0.55,0.5,0.6,0.211921569823198,0.31718743466113036,EN-full,Y6-base,A,23,1,63,8
0.18382352941176472,0.3111111111111111,-0.2,0.3666666666666667,0.3333333333333333,0.4,0.33571364385010827,0.5072117907730733,EN-full,Y6-base,B,23,1,18,3
0.13451286477578508,0.4727272727272727,-0.04432026302139592,0.4928571428571429,0.0,0.9857142857142858,0.14606057866929442,0.1628794317177018,GBM-full,Y6-base,all,23,1,81,11
0.15167461005002536,0.5545454545454546,-0.04843594796964828,0.4909090909090909,0.0,0.9818181818181818,0.1367963365069884,0.15441131462593877,GBM-full,Y6-base,A,23,1,63,8
0.15604575163398693,0.26666666666666666,0.0,0.5,0.0,1.0,0.1784854262373654,0.19251784153887241,GBM-full,Y6-base,B,23,1,18,3
0.2307487835166953,0.6103896103896103,-0.04432026302139592,0.4928571428571429,0.0,0.9857142857142858,0.1350241183138461,0.13659262049668772,FL-FedAvg,Y6-base,all,23,1,81,11
0.3583979271479272,0.7181818181818183,-0.04843594796964828,0.4909090909090909,0.0,0.9818181818181818,0.12322112981928493,0.15626819099768943,FL-FedAvg,Y6-base,A,23,1,63,8
0.14493464052287583,0.2444444444444444,0.0,0.5,0.0,1.0,0.17633457804481034,0.20676103893818792,FL-FedAvg,Y6-base,B,23,1,18,3
0.2307487835166953,0.6103896103896103,-0.04432026302139592,0.4928571428571429,0.0,0.9857142857142858,0.13533296591203614,0.13773514552110805,FL-FedProx,Y6-base,all,23,1,81,11
0.3583979271479272,0.7181818181818183,-0.04843594796964828,0.4909090909090909,0.0,0.9818181818181818,0.12355050779031557,0.15703826374686736,FL-FedProx,Y6-base,A,23,1,63,8
0.14493464052287583,0.2444444444444444,0.0,0.5,0.0,1.0,0.17657156933805804,0.2075391448370557,FL-FedProx,Y6-base,B,23,1,18,3
0.2300598553456509,0.5441558441558442,-0.04432026302139592,0.4928571428571429,0.0,0.9857142857142858,0.1504088760453126,0.18559454453812277,FL-FedAvg-E,Y6-base,all,23,1,81,11
0.2699930991352354,0.6681818181818182,-0.04843594796964828,0.4909090909090909,0.0,0.9818181818181818,0.14680136003825053,0.20025799463372512,FL-FedAvg-E,Y6-base,A,23,1,63,8
0.14484126984126983,0.22222222222222218,0.0,0.5,0.0,1.0,0.16303518207002965,0.17549109521711642,FL-FedAvg-E,Y6-base,B,23,1,18,3
0.14882591618238536,0.5270092226613966,-0.15006940110803021,0.3952569169960475,0.18181818181818182,0.6086956521739131,0.23347295004206564,0.29297004566169016,LR-local-A,Y6-base,all,23,2,80,11
0.12795351473922903,0.5012987012987014,-0.1788867118728113,0.3623376623376623,0.14285714285714285,0.5818181818181818,0.24114406405934266,0.3250516045212178,LR-local-A,Y6-base,A,23,2,62,7
0.31858766233766234,0.6428571428571428,-0.033149677206589796,0.48214285714285715,0.25,0.7142857142857143,0.20705022398255563,0.20549987771064304,LR-local-A,Y6-base,B,23,2,18,4
0.1697592535160315,0.5704874835309618,0.044455422447438706,0.5316205533596838,0.45454545454545453,0.6086956521739131,0.2340378558534039,0.33364256599714515,EN-compact,Y6-base,all,23,2,80,11
0.14874112193307554,0.6025974025974026,0.06773804629577862,0.5506493506493506,0.42857142857142855,0.6727272727272727,0.22145777676924688,0.3429712878921475,EN-compact,Y6-base,A,23,2,62,7
0.33824786324786327,0.5,-0.12182898077463453,0.4285714285714286,0.5,0.35714285714285715,0.2773692393655002,0.3720513310376697,EN-compact,Y6-base,B,23,2,18,4
0.12539743679375343,0.4426877470355731,-0.009372025951925555,0.49341238471673254,0.36363636363636365,0.6231884057971014,0.24241564991251058,0.32440641540037163,EN-full,Y6-base,all,23,2,80,11
0.1036933783239202,0.4207792207792208,-0.13715908994839932,0.39870129870129867,0.14285714285714285,0.6545454545454545,0.232837844111462,0.33477863865392316,EN-full,Y6-base,A,23,2,62,7
0.2347222222222222,0.42857142857142855,0.2091650066335189,0.625,0.75,0.5,0.27540586989390015,0.3208259360840245,EN-full,Y6-base,B,23,2,18,4
0.15539379945639,0.5111989459815547,0.004817147191476218,0.5019762845849802,0.09090909090909091,0.9130434782608695,0.17036526634950763,0.1809132766095541,GBM-full,Y6-base,all,23,2,80,11
0.17606483912874887,0.6025974025974026,0.11376392303190627,0.5441558441558442,0.14285714285714285,0.9454545454545454,0.12605634092694468,0.14405023201656794,GBM-full,Y6-base,A,23,2,62,7
0.20096153846153847,0.3035714285714286,-0.23904572186687875,0.39285714285714285,0.0,0.7857142857142857,0.32298489836055766,0.3495820759296283,GBM-full,Y6-base,B,23,2,18,4
0.1301745024847309,0.450592885375494,0.0,0.5,0.0,1.0,0.14165281181779407,0.12347967225023393,FL-FedAvg,Y6-base,all,23,2,80,11
0.10580543358833622,0.4207792207792208,0.0,0.5,0.0,1.0,0.12902093732094141,0.13832773843780308,FL-FedAvg,Y6-base,A,23,2,62,7
0.23623737373737375,0.4285714285714286,0.0,0.5,0.0,1.0,0.1851626017513976,0.07375362617890398,FL-FedAvg,Y6-base,B,23,2,18,4
0.1301745024847309,0.450592885375494,0.0,0.5,0.0,1.0,0.1419119612518091,0.12461452237532172,FL-FedProx,Y6-base,all,23,2,80,11
0.10580543358833622,0.4207792207792208,0.0,0.5,0.0,1.0,0.12931512232881645,0.13948063337356623,FL-FedProx,Y6-base,A,23,2,62,7
0.23623737373737375,0.4285714285714286,0.0,0.5,0.0,1.0,0.18530107309767282,0.07340902893692394,FL-FedProx,Y6-base,B,23,2,18,4
0.10890537800941572,0.3346508563899868,-0.07881104062391008,0.4782608695652174,0.0,0.9565217391304348,0.1611643073886199,0.1540705939298645,FL-FedAvg-E,Y6-base,all,23,2,80,11
0.09767068440123895,0.35324675324675325,-0.08044560029664659,0.4727272727272727,0.0,0.9454545454545454,0.15364867756296688,0.1887601919705762,FL-FedAvg-E,Y6-base,A,23,2,62,7
0.22777777777777775,0.4107142857142857,0.0,0.5,0.0,1.0,0.18705147678809117,0.08981297220000375,FL-FedAvg-E,Y6-base,B,23,2,18,4
0.15754990351489195,0.47549019607843135,-0.025487595436065942,0.4828431372549019,0.3333333333333333,0.6323529411764706,0.24676873465069452,0.326377911122449,LR-local-A,Y6-base,all,23,3,80,12
0.13278964875426044,0.4189814814814815,-0.09638582199437337,0.4305555555555556,0.25,0.6111111111111112,0.25408062198559106,0.3487909299548614,LR-local-A,Y6-base,A,23,3,62,8
0.4375,0.6428571428571428,0.1889822365046136,0.6071428571428572,0.5,0.7142857142857143,0.2215833449416064,0.2931953159012604,LR-local-A,Y6-base,B,23,3,18,4
0.24822248676406444,0.5257352941176471,-0.007081520769751129,0.4950980392156863,0.4166666666666667,0.5735294117647058,0.2550882420340164,0.3315834570737636,EN-compact,Y6-base,all,23,3,80,12
0.15427844879436647,0.4444444444444445,-0.05976143046671969,0.4583333333333333,0.25,0.6666666666666666,0.22728452282092523,0.31708346537714965,EN-compact,Y6-base,A,23,3,62,8
0.4208333333333333,0.6785714285714285,-0.03571428571428571,0.48214285714285715,0.75,0.21428571428571427,0.3508566082124418,0.44962256807818113,EN-compact,Y6-base,B,23,3,18,4
0.18480742826691424,0.49754901960784315,0.025149772741392844,0.5171568627450981,0.4166666666666667,0.6176470588235294,0.24669826915215873,0.3366525147017938,EN-full,Y6-base,all,23,3,80,12
0.14074916332936097,0.4074074074074074,-0.034192080827592425,0.47685185185185186,0.25,0.7037037037037037,0.22208947533046852,0.3323626077457641,EN-full,Y6-base,A,23,3,62,8
0.2818452380952381,0.5535714285714286,0.033149677206589796,0.5178571428571428,0.75,0.2857142857142857,0.3314618923157584,0.4383115486324673,EN-full,Y6-base,B,23,3,18,4
0.22619271889392606,0.5968137254901961,-0.0472631454134277,0.49264705882352944,0.0,0.9852941176470589,0.15344782465011192,0.14511042267589322,GBM-full,Y6-base,all,23,3,80,12
0.2783102052957619,0.6388888888888888,-0.049281418063638185,0.49074074074074076,0.0,0.9814814814814815,0.1335873247187271,0.1279144696820415,GBM-full,Y6-base,A,23,3,62,8
0.244047619047619,0.4642857142857143,0.0,0.5,0.0,1.0,0.22185621330265953,0.22072794401615503,GBM-full,Y6-base,B,23,3,18,4
0.1947242373588348,0.4938725490196079,0.0,0.5,0.0,1.0,0.1456159224625755,0.14455891699349732,FL-FedAvg,Y6-base,all,23,3,80,12
0.1295758144797251,0.3912037037037037,0.0,0.5,0.0,1.0,0.1353216775125659,0.17006948650578363,FL-FedAvg,Y6-base,A,23,3,62,8
0.31666666666666665,0.5892857142857143,0.0,0.5,0.0,1.0,0.18107387729038624,0.09810681160601942,FL-FedAvg,Y6-base,B,23,3,18,4
0.19449266215810335,0.4938725490196079,0.0,0.5,0.0,1.0,0.14585287124363894,0.1451459313680468,FL-FedProx,Y6-base,all,23,3,80,12
0.12913893797473713,0.3912037037037037,0.0,0.5,0.0,1.0,0.13557787852958078,0.17064469986220943,FL-FedProx,Y6-base,A,23,3,62,8
0.31666666666666665,0.5892857142857143,0.0,0.5,0.0,1.0,0.18124451281428372,0.09904996090043115,FL-FedProx,Y6-base,B,23,3,18,4
0.14136750689969146,0.41666666666666663,0.0,0.5,0.0,1.0,0.15537217474182366,0.13837567977454573,FL-FedAvg-E,Y6-base,all,23,3,80,12
0.1439060034801577,0.4375,0.0,0.5,0.0,1.0,0.14732345560266774,0.1618482912212602,FL-FedAvg-E,Y6-base,A,23,3,62,8
0.24305555555555552,0.4642857142857143,0.0,0.5,0.0,1.0,0.1830955406655829,0.13616475600129174,FL-FedAvg-E,Y6-base,B,23,3,18,4
0.1597328963318437,0.5220588235294118,-0.10192082319742922,0.4362745098039216,0.16666666666666666,0.7058823529411765,0.22153958216341954,0.2359217134915699,LR-local-A,Y6-base,all,23,4,80,12
0.12569712117397952,0.4652777777777778,-0.14018753139312895,0.4050925925925926,0.125,0.6851851851851852,0.23071036199360562,0.2516693808519197,LR-local-A,Y6-base,A,23,4,62,8
0.39567307692307696,0.6785714285714286,0.03571428571428571,0.5178571428571428,0.25,0.7857142857142857,0.189951340526112,0.18167974813925405,LR-local-A,Y6-base,B,23,4,18,4
0.1705054157800959,0.5294117647058824,0.025149772741392844,0.5171568627450981,0.4166666666666667,0.6176470588235294,0.24336995348813054,0.29796332754158783,EN-compact,Y6-base,all,23,4,80,12
0.1368837981337981,0.4861111111111111,-0.034192080827592425,0.47685185185185186,0.25,0.7037037037037037,0.22566256814360272,0.2860242112399129,EN-compact,Y6-base,A,23,4,62,8
0.31101190476190477,0.5714285714285714,0.033149677206589796,0.5178571428571428,0.75,0.2857142857142857,0.30436205856372633,0.3390869503584678,EN-compact,Y6-base,B,23,4,18,4
0.16552474262425637,0.5281862745098039,-0.003701647803626497,0.49754901960784315,0.3333333333333333,0.6617647058823529,0.23171205283871724,0.2888867030901716,EN-full,Y6-base,all,23,4,80,12
0.12860112448527083,0.4814814814814815,-0.10509730065861014,0.43287037037037035,0.125,0.7407407407407407,0.21491910169233083,0.2761200716551947,EN-full,Y6-base,A,23,4,62,8
0.3154040404040404,0.5178571428571429,0.0944911182523068,0.5535714285714286,0.75,0.35714285714285715,0.28955444012071474,0.3328606558106479,EN-full,Y6-base,B,23,4,18,4
0.3555924469080678,0.5759803921568627,0.22487239817113244,0.5686274509803921,0.16666666666666666,0.9705882352941176,0.12882705981094877,0.14700387621605263,GBM-full,Y6-base,all,23,4,80,12
0.4393789735312616,0.6388888888888888,0.29060425003857965,0.6064814814814814,0.25,0.9629629629629629,0.10150698089028214,0.12350315603541338,GBM-full,Y6-base,A,23,4,62,8
0.22068250377073906,0.3571428571428571,0.0,0.5,0.0,1.0,0.22292955387102265,0.22795080128269907,GBM-full,Y6-base,B,23,4,18,4
0.16280444009929182,0.5245098039215685,0.0,0.5,0.0,1.0,0.1441214448855455,0.1153111507154761,FL-FedAvg,Y6-base,all,23,4,80,12
0.13921437855733332,0.49768518518518523,0.0,0.5,0.0,1.0,0.13205194836875378,0.12383919850752922,FL-FedAvg,Y6-base,A,23,4,62,8
0.2749542124542125,0.4821428571428572,0.0,0.5,0.0,1.0,0.18569415511005047,0.08593676387618221,FL-FedAvg,Y6-base,B,23,4,18,4
0.16280444009929182,0.5245098039215685,0.0,0.5,0.0,1.0,0.14434687803807783,0.11645232048148654,FL-FedProx,Y6-base,all,23,4,80,12
0.13921437855733332,0.49768518518518523,0.0,0.5,0.0,1.0,0.13229446794388272,0.12500183329465323,FL-FedProx,Y6-base,A,23,4,62,8
0.2749542124542125,0.4821428571428572,0.0,0.5,0.0,1.0,0.1858607350291943,0.08700399856946794,FL-FedProx,Y6-base,B,23,4,18,4
0.1233622346258436,0.3700980392156863,-0.0472631454134277,0.49264705882352944,0.0,0.9852941176470589,0.1655792004924031,0.15044865139016794,FL-FedAvg-E,Y6-base,all,23,4,80,12
0.11047843044529153,0.3657407407407408,-0.049281418063638185,0.49074074074074076,0.0,0.9814814814814815,0.16009253956179287,0.1865295206829862,FL-FedAvg-E,Y6-base,A,23,4,62,8
0.2173611111111111,0.375,0.0,0.5,0.0,1.0,0.18447769925339397,0.0888858670942165,FL-FedAvg-E,Y6-base,B,23,4,18,4
0.16472620192719822,0.5434782608695652,0.0051488964523054995,0.5036231884057971,0.5,0.5072463768115942,0.24216654913674507,0.33803295589256466,LR-local-A,Y6-base,all,37,0,81,12
0.1756206030923355,0.6318181818181818,0.10141276606145108,0.5761363636363637,0.625,0.5272727272727272,0.23814752473431255,0.35883735533764016,LR-local-A,Y6-base,A,37,0,63,8
0.19821428571428573,0.28571428571428575,-0.2672612419124244,0.3392857142857143,0.25,0.42857142857142855,0.2562331345452589,0.2652175578348002,LR-local-A,Y6-base,B,37,0,18,4
0.2637162841136142,0.6654589371980676,0.1606064165258701,0.6105072463768115,0.5833333333333334,0.6376811594202898,0.2267414464237135,0.3196960206293873,EN-compact,Y6-base,all,37,0,81,12
0.3360229079705824,0.7318181818181818,0.26875597447257255,0.6852272727272728,0.625,0.7454545454545455,0.20079697662311083,0.312528433987379,EN-compact,Y6-base,A,37,0,63,8
0.21335649644473176,0.3214285714285714,-0.26519741765271837,0.35714285714285715,0.5,0.21428571428571427,0.3175470907258229,0.34478257387641587,EN-compact,Y6-base,B,37,0,18,4
0.20391622075528104,0.6123188405797102,0.07858682668274145,0.5543478260869565,0.5,0.6086956521739131,0.22865929184529155,0.30891877828958847,EN-full,Y6-base,all,37,0,81,12
0.2376217693555155,0.6568181818181819,0.1348399724926484,0.5954545454545455,0.5,0.6909090909090909,0.2067050576187653,0.3108202170070819,EN-full,Y6-base,A,37,0,63,8
0.22435897435897434,0.375,-0.1889822365046136,0.39285714285714285,0.5,0.2857142857142857,0.30549911163813315,0.3333179598957385,EN-full,Y6-base,B,37,0,18,4
0.22973767017883745,0.6690821256038647,-0.10696563746013953,0.463768115942029,0.0,0.927536231884058,0.16056004555997722,0.1907197198923241,GBM-full,Y6-base,all,37,0,81,12
0.24769096979850155,0.7363636363636363,-0.08528028654224418,0.4727272727272727,0.0,0.9454545454545454,0.13393268752488624,0.15717642021695163,GBM-full,Y6-base,A,37,0,63,8
0.26715686274509803,0.48214285714285715,-0.1889822365046136,0.42857142857142855,0.0,0.8571428571428571,0.25375579868279563,0.3081212687561278,GBM-full,Y6-base,B,37,0,18,4
0.20637482301001597,0.605072463768116,-0.04662524041201569,0.4927536231884058,0.0,0.9855072463768116,0.13874025149184083,0.12008975897490959,FL-FedAvg,Y6-base,all,37,0,81,12
0.2367538950819002,0.65,-0.04843594796964828,0.4909090909090909,0.0,0.9818181818181818,0.1246265329177116,0.1447843569865699,FL-FedAvg,Y6-base,A,37,0,63,8
0.2338235294117647,0.39285714285714285,0.0,0.5,0.0,1.0,0.18813826650129312,0.0826432193829071,FL-FedAvg,Y6-base,B,37,0,18,4
0.20500119663638963,0.6038647342995169,-0.04662524041201569,0.4927536231884058,0.0,0.9855072463768116,0.1389845382967199,0.12120012605650708,FL-FedProx,Y6-base,all,37,0,81,12
0.2367538950819002,0.65,-0.04843594796964828,0.4909090909090909,0.0,0.9818181818181818,0.1248990575344483,0.1459385658119742,FL-FedProx,Y6-base,A,37,0,63,8
0.2338235294117647,0.39285714285714285,0.0,0.5,0.0,1.0,0.18828372096467058,0.08364892647120999,FL-FedProx,Y6-base,B,37,0,18,4
0.19884467345005208,0.5205314009661836,0.15759090291080308,0.5344202898550725,0.08333333333333333,0.9855072463768116,0.1497828655307713,0.16163976541276262,FL-FedAvg-E,Y6-base,all,37,0,81,12
0.21839232921549995,0.6113636363636363,0.2028577500763056,0.553409090909091,0.125,0.9818181818181818,0.14135898332653316,0.18980473040202214,FL-FedAvg-E,Y6-base,A,37,0,63,8
0.23418982977806507,0.3392857142857143,0.0,0.5,0.0,1.0,0.17926645324560492,0.10316491875365383,FL-FedAvg-E,Y6-base,B,37,0,18,4
0.13272387886539824,0.44545454545454544,0.07980910083686653,0.5558441558441558,0.45454545454545453,0.6571428571428571,0.24261683613188403,0.3072881556609697,LR-local-A,Y6-base,all,37,1,81,11
0.13083004768455586,0.44318181818181823,0.10687808428852835,0.5772727272727273,0.5,0.6545454545454545,0.25194311351577897,0.3399681292577902,LR-local-A,Y6-base,A,37,1,63,8
0.22692307692307695,0.5333333333333333,0.0,0.5,0.3333333333333333,0.6666666666666666,0.20997486528825204,0.23232629089205453,LR-local-A,Y6-base,B,37,1,18,3
0.1831014597318945,0.5298701298701298,0.04823446633248956,0.5344155844155845,0.45454545454545453,0.6142857142857143,0.2455872827627647,0.33836750292360185,EN-compact,Y6-base,all,37,1,81,11
0.13401252404007097,0.4636363636363636,-0.04286905114286433,0.47045454545454546,0.25,0.6909090909090909,0.2273387915176363,0.3133168531790403,EN-compact,Y6-base,A,37,1,63,8
0.3686868686868687,0.7333333333333334,0.2773500981126146,0.6666666666666666,1.0,0.3333333333333333,0.30945700212071403,0.4260447770295675,EN-compact,Y6-base,B,37,1,18,3
0.1672667040231035,0.548051948051948,0.03114589088221762,0.5227272727272727,0.5454545454545454,0.5,0.26790388325364134,0.354540083563143,EN-full,Y6-base,all,37,1,81,11
0.14270021793887247,0.509090909090909,-0.004674734950042286,0.4965909090909091,0.375,0.6181818181818182,0.24205932824210105,0.3205179953265916,EN-full,Y6-base,A,37,1,63,8
0.28535353535353536,0.6666666666666666,0.10846522890932808,0.5333333333333333,1.0,0.06666666666666667,0.3583598257940323,0.47361739239107303,EN-full,Y6-base,B,37,1,18,3
0.3468649467307055,0.6506493506493507,0.3475527173238718,0.622077922077922,0.2727272727272727,0.9714285714285714,0.11745613095783679,0.12343153506811957,GBM-full,Y6-base,all,37,1,81,11
0.4540577478077478,0.7227272727272728,0.487211255407748,0.678409090909091,0.375,0.9818181818181818,0.09512628273395242,0.10898605430608486,GBM-full,Y6-base,A,37,1,63,8
0.16704863763687294,0.3555555555555555,-0.10846522890932808,0.4666666666666667,0.0,0.9333333333333333,0.19561059974143216,0.21588242213955147,GBM-full,Y6-base,B,37,1,18,3
0.15955981305531386,0.5220779220779221,0.0,0.5,0.0,1.0,0.1413945258363329,0.14183594487025128,FL-FedAvg,Y6-base,all,37,1,81,11
0.15257811547621553,0.4977272727272727,0.0,0.5,0.0,1.0,0.13499109800776987,0.14038995736192417,FL-FedAvg,Y6-base,A,37,1,63,8
0.24523809523809526,0.5555555555555555,0.0,0.5,0.0,1.0,0.16380652323630343,0.14689690114939616,FL-FedAvg,Y6-base,B,37,1,18,3
0.15927460806422652,0.5207792207792208,0.0,0.5,0.0,1.0,0.1417070165471932,0.14257279979306006,FL-FedProx,Y6-base,all,37,1,81,11
0.15208208373018378,0.4954545454545455,0.0,0.5,0.0,1.0,0.13530461337167435,0.14106838636479258,FL-FedProx,Y6-base,A,37,1,63,8
0.24523809523809526,0.5555555555555555,0.0,0.5,0.0,1.0,0.1641154276615092,0.14783824679199614,FL-FedProx,Y6-base,B,37,1,18,3
0.1878815100802416,0.551948051948052,0.0,0.5,0.0,1.0,0.14893934892568086,0.17117199037877123,FL-FedAvg-E,Y6-base,all,37,1,81,11
0.1936851930473232,0.5568181818181819,0.0,0.5,0.0,1.0,0.15131238098256988,0.19709476589085567,FL-FedAvg-E,Y6-base,A,37,1,63,8
0.4,0.6666666666666666,0.0,0.5,0.0,1.0,0.14063373672656926,0.11828049772372112,FL-FedAvg-E,Y6-base,B,37,1,18,3
0.17698682650778713,0.4703557312252965,-0.1125707613394346,0.4242424242424242,0.18181818181818182,0.6666666666666666,0.23511695256828732,0.31293290161537807,LR-local-A,Y6-base,all,37,2,80,11
0.18956217952626803,0.5116883116883116,-0.05154060995580371,0.461038961038961,0.2857142857142857,0.6363636363636364,0.23848899249791267,0.32673125197668473,LR-local-A,Y6-base,A,37,2,62,7
0.275,0.4642857142857143,-0.23904572186687875,0.39285714285714285,0.0,0.7857142857142857,0.2235021483662446,0.31371610103439074,LR-local-A,Y6-base,B,37,2,18,4
0.2502512164037529,0.5836627140974967,0.013719241215239542,0.5098814229249011,0.45454545454545453,0.5652173913043478,0.2429907665382139,0.3275962693013507,EN-compact,Y6-base,all,37,2,80,11
0.30405308976737544,0.6025974025974026,0.05497665061952396,0.5415584415584416,0.42857142857142855,0.6545454545454545,0.21751560752890006,0.32242373846665934,EN-compact,Y6-base,A,37,2,62,7
0.254656862745098,0.4107142857142857,-0.26519741765271837,0.35714285714285715,0.5,0.21428571428571427,0.33073853645918344,0.4202361338630277,EN-compact,Y6-base,B,37,2,18,4
0.24787047398317422,0.536231884057971,0.022069227478917566,0.5151515151515151,0.36363636363636365,0.6666666666666666,0.23274861539567562,0.308451349271018,EN-full,Y6-base,all,37,2,80,11
0.25351631066326996,0.5272727272727272,0.009213166547046368,0.5064935064935066,0.2857142857142857,0.7272727272727273,0.22093452200648306,0.31882726232142716,EN-full,Y6-base,A,37,2,62,7
0.29523809523809524,0.44642857142857145,-0.05976143046671968,0.4642857142857143,0.5,0.42857142857142855,0.27344160373622795,0.29678727812933575,EN-full,Y6-base,B,37,2,18,4
0.24436976049429882,0.5823451910408433,0.04686012975962778,0.5164690382081686,0.09090909090909091,0.9420289855072463,0.12974209923002442,0.12322363570933079,GBM-full,Y6-base,all,37,2,80,11
0.21710613841364446,0.5740259740259741,0.08151001431331072,0.535064935064935,0.14285714285714285,0.9272727272727272,0.1138876155601884,0.11409759660333221,GBM-full,Y6-base,A,37,2,62,7
0.416025641025641,0.5892857142857143,0.0,0.5,0.0,1.0,0.18435198742612635,0.21903685532442801,GBM-full,Y6-base,B,37,2,18,4
0.2091915319952679,0.552042160737813,-0.044921913946267406,0.4927536231884058,0.0,0.9855072463768116,0.1379386196724892,0.1379320035596917,FL-FedAvg,Y6-base,all,37,2,80,11
0.2303813721495858,0.6103896103896104,-0.045677545380765835,0.4909090909090909,0.0,0.9818181818181818,0.12267891327051929,0.17038067177871924,FL-FedAvg,Y6-base,A,37,2,62,7
0.22743055555555555,0.30357142857142855,0.0,0.5,0.0,1.0,0.19049983061260772,0.07137334347610472,FL-FedAvg,Y6-base,B,37,2,18,4
0.20894314650098075,0.5507246376811594,-0.044921913946267406,0.4927536231884058,0.0,0.9855072463768116,0.13822954124623402,0.1390280135939344,FL-FedProx,Y6-base,all,37,2,80,11
0.2303813721495858,0.6103896103896104,-0.045677545380765835,0.4909090909090909,0.0,0.9818181818181818,0.12301210170025255,0.17150758667034957,FL-FedProx,Y6-base,A,37,2,62,7
0.22743055555555555,0.30357142857142855,0.0,0.5,0.0,1.0,0.19064516634905904,0.07244285526971384,FL-FedProx,Y6-base,B,37,2,18,4
0.1956320666923113,0.5375494071146245,-0.0639351213330643,0.4855072463768116,0.0,0.9710144927536232,0.14915973409393693,0.17649984869299087,FL-FedAvg-E,Y6-base,all,37,2,80,11
0.22110381888604497,0.6779220779220779,-0.06513389472789297,0.4818181818181818,0.0,0.9636363636363636,0.13962280707224758,0.20363472969147273,FL-FedAvg-E,Y6-base,A,37,2,62,7
0.28273809523809523,0.3928571428571429,0.0,0.5,0.0,1.0,0.1820091493908668,0.1213923950074042,FL-FedAvg-E,Y6-base,B,37,2,18,4
0.12069800953485965,0.3394607843137255,-0.1321696096086382,0.4142156862745098,0.16666666666666666,0.6617647058823529,0.2619264954659951,0.3083088566825275,LR-local-A,Y6-base,all,37,3,80,12
0.09976079007554253,0.2847222222222222,-0.1848934992383617,0.3680555555555556,0.125,0.6111111111111112,0.2683919606108396,0.3501719628117923,LR-local-A,Y6-base,A,37,3,62,8
0.27499999999999997,0.5,0.11952286093343938,0.5535714285714286,0.25,0.8571428571428571,0.23965655996708657,0.23303279632097923,LR-local-A,Y6-base,B,37,3,18,4
0.26142205907441024,0.525735294117647,0.025149772741392844,0.5171568627450981,0.4166666666666667,0.6176470588235294,0.24746861799523456,0.2971525934509878,EN-compact,Y6-base,all,37,3,80,12
0.13325376604641576,0.47685185185185186,-0.05976143046671969,0.4583333333333333,0.25,0.6666666666666666,0.2231322994290283,0.2742147763248862,EN-compact,Y6-base,A,37,3,62,8
0.5020053475935828,0.5892857142857143,0.15228622596829317,0.5892857142857143,0.75,0.42857142857142855,0.33129371527883383,0.3761606302186712,EN-compact,Y6-base,B,37,3,18,4
0.14946402323062674,0.392156862745098,-0.04670672080544385,0.4681372549019608,0.3333333333333333,0.6029411764705882,0.2793413902216842,0.34242305161990905,EN-full,Y6-base,all,37,3,80,12
0.10360005558647471,0.27083333333333337,-0.15149196810877066,0.3958333333333333,0.125,0.6666666666666666,0.2528427664841874,0.3102286210827645,EN-full,Y6-base,A,37,3,62,8
0.23950534759358288,0.4285714285714286,0.0944911182523068,0.5535714285714286,0.75,0.35714285714285715,0.3706144275397287,0.4536826870935118,EN-full,Y6-base,B,37,3,18,4
0.1490545125979247,0.44607843137254904,-0.06726727939963124,0.4852941176470588,0.0,0.9705882352941176,0.16632510324517757,0.17375025246790635,GBM-full,Y6-base,all,37,3,80,12
0.1842570290382342,0.5138888888888888,-0.049281418063638185,0.49074074074074076,0.0,0.9814814814814815,0.13504428430903304,0.14344800470923427,GBM-full,Y6-base,A,37,3,62,8
0.1914128151260504,0.2857142857142857,-0.12964074471043288,0.4642857142857143,0.0,0.9285714285714286,0.2740701462474531,0.33128800659794655,GBM-full,Y6-base,B,37,3,18,4
0.21648764291397032,0.41544117647058826,0.0,0.5,0.0,1.0,0.15026987901577674,0.16250310723254877,FL-FedAvg,Y6-base,all,37,3,80,12
0.10722739071456762,0.28240740740740744,0.0,0.5,0.0,1.0,0.14111199713272235,0.18555383078430376,FL-FedAvg,Y6-base,A,37,3,62,8
0.4464285714285714,0.5357142857142857,0.0,0.5,0.0,1.0,0.18181369439074183,0.11210364263367181,FL-FedAvg,Y6-base,B,37,3,18,4
0.21664748946128487,0.4166666666666667,0.0,0.5,0.0,1.0,0.15049360275698187,0.1430312526555584,FL-FedProx,Y6-base,all,37,3,80,12
0.10746306190612115,0.2847222222222222,0.0,0.5,0.0,1.0,0.14135208130911736,0.1602117488185078,FL-FedProx,Y6-base,A,37,3,62,8
0.4464285714285714,0.5357142857142857,0.0,0.5,0.0,1.0,0.18198106552184828,0.11214710730703494,FL-FedProx,Y6-base,B,37,3,18,4
0.11196674245533135,0.2818627450980392,-0.0472631454134277,0.49264705882352944,0.0,0.9852941176470589,0.1716037603770882,0.18925807054154178,FL-FedAvg-E,Y6-base,all,37,3,80,12
0.0989866840461497,0.24768518518518517,-0.049281418063638185,0.49074074074074076,0.0,0.9814814814814815,0.16724262347428384,0.2054611940011147,FL-FedAvg-E,Y6-base,A,37,3,62,8
0.2181985294117647,0.3571428571428571,0.0,0.5,0.0,1.0,0.18662545415341392,0.13344731195856832,FL-FedAvg-E,Y6-base,B,37,3,18,4
0.17651191469005528,0.5269607843137255,-0.025487595436065942,0.4828431372549019,0.3333333333333333,0.6323529411764706,0.22608678071285002,0.2868375033500959,LR-local-A,Y6-base,all,37,4,80,12
0.1737712336396547,0.5532407407407407,0.003212860733145779,0.5023148148148149,0.375,0.6296296296296297,0.22249284626736582,0.2990412008970951,LR-local-A,Y6-base,A,37,4,62,8
0.25187908496732025,0.4642857142857143,-0.0944911182523068,0.44642857142857145,0.25,0.6428571428571429,0.23846588824729553,0.24665981025418138,LR-local-A,Y6-base,B,37,4,18,4
0.1803337413720027,0.5674019607843137,-0.025487595436065942,0.4828431372549019,0.3333333333333333,0.6323529411764706,0.22795708267673004,0.29809360832360193,EN-compact,Y6-base,all,37,4,80,12
0.19414412957211868,0.6203703703703703,-0.047130834522728655,0.4675925925925926,0.25,0.6851851851851852,0.20695560851176104,0.29760349337175984,EN-compact,Y6-base,A,37,4,62,8
0.22634310134310134,0.39285714285714285,-0.05976143046671968,0.4642857142857143,0.5,0.42857142857142855,0.30029549368940106,0.34828574666922496,EN-compact,Y6-base,B,37,4,18,4
0.1739653671562587,0.5588235294117647,0.025149772741392844,0.5171568627450981,0.4166666666666667,0.6176470588235294,0.2363455562767302,0.32868311808014417,EN-full,Y6-base,all,37,4,80,12
0.19608098924136658,0.6365740740740741,0.029514066805047763,0.5208333333333333,0.375,0.6666666666666666,0.22702796893052296,0.34199537274929276,EN-full,Y6-base,A,37,4,62,8
0.21299019607843137,0.35714285714285715,-0.05976143046671968,0.4642857142857143,0.5,0.42857142857142855,0.26843946824699955,0.30567433801640237,EN-full,Y6-base,B,37,4,18,4
0.3523351552679862,0.6323529411764706,0.2856081629584374,0.5759803921568628,0.16666666666666666,0.9852941176470589,0.13641266111795977,0.14878442127484867,GBM-full,Y6-base,all,37,4,80,12
0.3417105053403475,0.7291666666666667,0.20203440606631312,0.5532407407407407,0.125,0.9814814814814815,0.1201212229855623,0.12719504199245957,GBM-full,Y6-base,A,37,4,62,8
0.4007936507936508,0.375,0.4537426064865151,0.625,0.25,1.0,0.19252761468510665,0.2231478388030777,GBM-full,Y6-base,B,37,4,18,4
0.18256818734899208,0.5870098039215687,0.0,0.5,0.0,1.0,0.14072478746687572,0.10876413167250575,FL-FedAvg,Y6-base,all,37,4,80,12
0.18866864344805523,0.6296296296296295,0.0,0.5,0.0,1.0,0.12593319113343218,0.11795260567176812,FL-FedAvg,Y6-base,A,37,4,62,8
0.22916666666666666,0.42857142857142855,0.0,0.5,0.0,1.0,0.19167361928207027,0.07711494345282421,FL-FedAvg,Y6-base,B,37,4,18,4
0.18256818734899208,0.5870098039215687,0.0,0.5,0.0,1.0,0.14095778077943327,0.10991755808307692,FL-FedProx,Y6-base,all,37,4,80,12
0.18866864344805523,0.6296296296296295,0.0,0.5,0.0,1.0,0.1262009661641662,0.11913797284023299,FL-FedProx,Y6-base,A,37,4,62,8
0.22916666666666666,0.42857142857142855,0.0,0.5,0.0,1.0,0.1917868088986865,0.07815835169731708,FL-FedProx,Y6-base,B,37,4,18,4
0.20313150037115218,0.536764705882353,-0.0472631454134277,0.49264705882352944,0.0,0.9852941176470589,0.15347787923710204,0.16556553680290276,FL-FedAvg-E,Y6-base,all,37,4,80,12
0.23549849287541103,0.6828703703703703,-0.049281418063638185,0.49074074074074076,0.0,0.9814814814814815,0.1416046672873266,0.17994666824854488,FL-FedAvg-E,Y6-base,A,37,4,62,8
0.1926282051282051,0.28571428571428575,0.0,0.5,0.0,1.0,0.19437449817521746,0.19345216096458556,FL-FedAvg-E,Y6-base,B,37,4,18,4
0.3645668314264359,0.6790123456790125,0.22160131510697959,0.6309523809523809,0.6111111111111112,0.6507936507936508,0.2409779300936434,0.2714121373695355,LR-local-A,Y12-base,all,7,0,81,18
0.40860435860435856,0.7476923076923078,0.3160278709680284,0.6946153846153846,0.7692307692307693,0.62,0.24032537377359584,0.28997973625957774,LR-local-A,Y12-base,A,7,0,63,13
0.3568939393939394,0.5692307692307692,-0.033149677206589796,0.48461538461538467,0.2,0.7692307692307693,0.24326187721380987,0.2064255412543879,LR-local-A,Y12-base,B,7,0,18,5
0.2923596597314697,0.5961199294532628,0.17548350532571264,0.6031746031746033,0.5555555555555556,0.6507936507936508,0.24679560850190965,0.2763156187035643,EN-compact,Y12-base,all,7,0,81,18
0.32109255866564107,0.6430769230769231,0.2024285438557499,0.6192307692307693,0.5384615384615384,0.7,0.24382666534704825,0.2908523514754866,EN-compact,Y12-base,A,7,0,63,13
0.2659663865546219,0.39999999999999997,0.05547001962252291,0.5307692307692308,0.6,0.46153846153846156,0.2571869095439244,0.22543705400183567,EN-compact,Y12-base,B,7,0,18,5
0.3210437458480998,0.63668430335097,0.1900763853245966,0.6111111111111112,0.5555555555555556,0.6666666666666666,0.24425745436929333,0.2733836554428844,EN-full,Y12-base,all,7,0,81,18
0.34305451871489606,0.6815384615384615,0.28470595200357085,0.6676923076923077,0.6153846153846154,0.72,0.24189051334095865,0.28808191053597426,EN-full,Y12-base,A,7,0,63,13
0.27376068376068374,0.4,-0.12403473458920847,0.4307692307692308,0.4,0.46153846153846156,0.25254174796846496,0.22193976261707046,EN-full,Y12-base,B,7,0,18,5
0.21862718676507373,0.455026455026455,0.0,0.5,0.1111111111111111,0.8888888888888888,0.23463526717235816,0.21787583453451678,GBM-full,Y12-base,all,7,0,81,18
0.22839446049999843,0.49230769230769234,0.04113766756037212,0.5169230769230769,0.15384615384615385,0.88,0.21872038895981014,0.1891808376372387,GBM-full,Y12-base,A,7,0,63,13
0.2560839160839161,0.3846153846153846,-0.1504142093990467,0.46153846153846156,0.0,0.9230769230769231,0.2903373409162763,0.37237827053232303,GBM-full,Y12-base,B,7,0,18,5
0.3366442185162498,0.6375661375661376,0.2091650066335189,0.5277777777777778,0.05555555555555555,1.0,0.17804724046682913,0.1070888643844586,FL-FedAvg,Y12-base,all,7,0,81,18
0.4105348516073872,0.6953846153846154,0.24906774069335894,0.5384615384615384,0.07692307692307693,1.0,0.16418654761458618,0.1158216141017996,FL-FedAvg,Y12-base,A,7,0,63,13
0.2513220113220113,0.3692307692307692,0.0,0.5,0.0,1.0,0.22655966544967931,0.21156360225191162,FL-FedAvg,Y12-base,B,7,0,18,5
0.3366442185162498,0.6375661375661376,0.2091650066335189,0.5277777777777778,0.05555555555555555,1.0,0.17820396764014304,0.10800199485675482,FL-FedProx,Y12-base,all,7,0,81,18
0.4105348516073872,0.6953846153846154,0.24906774069335894,0.5384615384615384,0.07692307692307693,1.0,0.16438302825801052,0.1167724439120491,FL-FedProx,Y12-base,A,7,0,63,13
0.2513220113220113,0.3692307692307692,0.0,0.5,0.0,1.0,0.22657725547760682,0.21165716129293222,FL-FedProx,Y12-base,B,7,0,18,5
0.2903039010797893,0.4876543209876543,0.10968169942141635,0.5317460317460317,0.1111111111111111,0.9523809523809523,0.19382457000404638,0.14941532920883718,FL-FedAvg-E,Y12-base,all,7,0,81,18
0.3283124609409411,0.5523076923076924,0.140499299109988,0.5469230769230768,0.15384615384615385,0.94,0.18622361555826733,0.15943795160793223,FL-FedAvg-E,Y12-base,A,7,0,63,13
0.2435064935064935,0.3384615384615385,0.0,0.5,0.0,1.0,0.22042791056427316,0.20425565361796175,FL-FedAvg-E,Y12-base,B,7,0,18,5
0.33063254267708264,0.5978835978835979,0.1110040985551159,0.5634920634920635,0.4444444444444444,0.6825396825396826,0.2337395977442709,0.191936090890534,LR-local-A,Y12-base,all,7,1,81,18
0.30470687804917795,0.5492307692307693,0.06744618487543244,0.5407692307692308,0.46153846153846156,0.62,0.2541397624436196,0.25364438233937847,LR-local-A,Y12-base,A,7,1,63,13
0.6309523809523809,0.7846153846153847,0.3882901373576604,0.6615384615384616,0.4,0.9230769230769231,0.16233902129655045,0.22132798422057243,LR-local-A,Y12-base,B,7,1,18,5
0.40297351633510065,0.6340388007054675,0.20498001542269692,0.6190476190476191,0.5555555555555556,0.6825396825396826,0.22014736832095072,0.25617167854158235,EN-compact,Y12-base,all,7,1,81,18
0.34909295773073035,0.5538461538461539,0.07356255172368736,0.5423076923076923,0.38461538461538464,0.7,0.22040128473777204,0.2617370309775166,EN-compact,Y12-base,A,7,1,63,13
0.5644444444444444,0.8153846153846154,0.5547001962252291,0.8076923076923077,1.0,0.6153846153846154,0.2192586608620761,0.23669294501581253,EN-compact,Y12-base,B,7,1,18,5
0.34424590664345656,0.6190476190476191,0.11473921502065827,0.5674603174603174,0.5,0.6349206349206349,0.2251622026508288,0.2188832961228652,EN-full,Y12-base,all,7,1,81,18
0.28893647376308884,0.5846153846153846,0.020690424004474867,0.5123076923076924,0.38461538461538464,0.64,0.2279159555438777,0.2206648544838074,EN-full,Y12-base,A,7,1,63,13
0.5991452991452992,0.7384615384615385,0.3721042037676254,0.7076923076923077,0.8,0.6153846153846154,0.21552406752515765,0.23644543781810812,EN-full,Y12-base,B,7,1,18,5
0.3883470761963848,0.6834215167548501,0.15265620249783177,0.5515873015873016,0.16666666666666666,0.9365079365079365,0.17884390247460374,0.15074411587135347,GBM-full,Y12-base,all,7,1,81,18
0.4358537231889582,0.716923076923077,0.2856051326170248,0.5953846153846154,0.23076923076923078,0.96,0.15609503907531003,0.12411966714283833,GBM-full,Y12-base,A,7,1,63,13
0.3568939393939394,0.5692307692307692,-0.21926450482675733,0.4230769230769231,0.0,0.8461538461538461,0.258464924372132,0.2439296864211566,GBM-full,Y12-base,B,7,1,18,5
0.39750494926333113,0.6022927689594356,0.2976702788937936,0.5555555555555556,0.1111111111111111,1.0,0.17352282534026411,0.1048185882263463,FL-FedAvg,Y12-base,all,7,1,81,18
0.4017781227049612,0.5953846153846154,0.3551104121142175,0.5769230769230769,0.15384615384615385,1.0,0.16811286042978119,0.1251528925776439,FL-FedAvg,Y12-base,A,7,1,63,13
0.47631701631701634,0.6000000000000001,0.0,0.5,0.0,1.0,0.19245770252695443,0.0971464729926453,FL-FedAvg,Y12-base,B,7,1,18,5
0.39771852783511874,0.6031746031746031,0.2976702788937936,0.5555555555555556,0.1111111111111111,1.0,0.1736807262295439,0.10575274273103827,FL-FedProx,Y12-base,all,7,1,81,18
0.402154888796013,0.596923076923077,0.3551104121142175,0.5769230769230769,0.15384615384615385,1.0,0.1682704913497054,0.12609013143898098,FL-FedProx,Y12-base,A,7,1,63,13
0.47631701631701634,0.6000000000000001,0.0,0.5,0.0,1.0,0.19261654830897892,0.0980239597682851,FL-FedProx,Y12-base,B,7,1,18,5
0.31288587877294116,0.5308641975308642,0.23307361127050977,0.5674603174603174,0.16666666666666666,0.9682539682539683,0.18468759650693578,0.13331091730283232,FL-FedAvg-E,Y12-base,all,7,1,81,18
0.3393966390918418,0.58,0.2856051326170248,0.5953846153846154,0.23076923076923078,0.96,0.17999634178220014,0.14795175515076062,FL-FedAvg-E,Y12-base,A,7,1,63,13
0.44803418803418804,0.5384615384615384,0.0,0.5,0.0,1.0,0.2011069880435106,0.21053992257574966,FL-FedAvg-E,Y12-base,B,7,1,18,5
0.32625491574194765,0.546218487394958,0.08859410418174002,0.5527544351073763,0.47058823529411764,0.6349206349206349,0.25707938489192467,0.2808775038334459,LR-local-A,Y12-base,all,7,2,80,17
0.3276495895553422,0.5566666666666666,0.06374552583116766,0.54,0.5,0.58,0.2669074363907426,0.3098794279410354,LR-local-A,Y12-base,A,7,2,62,12
0.4838235294117647,0.523076923076923,0.26519741765271837,0.6230769230769231,0.4,0.8461538461538461,0.22322720750710726,0.2545024618763392,LR-local-A,Y12-base,B,7,2,18,5
0.31129089014904243,0.5,-0.026948402781814772,0.48366013071895425,0.4117647058823529,0.5555555555555556,0.24420358501974623,0.287203529414074,EN-compact,Y12-base,all,7,2,80,17
0.2930911814529899,0.5258333333333334,-0.018592445034090566,0.4883333333333334,0.4166666666666667,0.56,0.24414279393219998,0.3098273800468634,EN-compact,Y12-base,A,7,2,62,12
0.44583333333333336,0.47692307692307695,-0.05547001962252291,0.46923076923076923,0.4,0.5384615384615384,0.24441297654351665,0.20927693279002135,EN-compact,Y12-base,B,7,2,18,5
0.3124817123662287,0.5331465919701214,0.08859410418174002,0.5527544351073763,0.47058823529411764,0.6349206349206349,0.24105206106741442,0.2827721078344993,EN-full,Y12-base,all,7,2,80,17
0.3079482621755858,0.5666666666666667,0.0966464719508195,0.56,0.5,0.62,0.24125965481983375,0.30668360309022435,EN-full,Y12-base,A,7,2,62,12
0.44583333333333336,0.47692307692307695,0.08770580193070292,0.5461538461538462,0.4,0.6923076923076923,0.2403370159201924,0.20041029084255754,EN-full,Y12-base,B,7,2,18,5
0.3174250699543082,0.5154061624649859,0.17323973216880928,0.5700280112044818,0.23529411764705882,0.9047619047619048,0.21313170440498883,0.20142364223831982,GBM-full,Y12-base,all,7,2,80,17
0.29301287547664356,0.485,0.11581320482871722,0.5433333333333333,0.16666666666666666,0.92,0.20594543721775715,0.19595143161921852,GBM-full,Y12-base,A,7,2,62,12
0.48787878787878786,0.5692307692307692,0.26519741765271837,0.6230769230769231,0.4,0.8461538461538461,0.2378844024943423,0.26707968391524833,GBM-full,Y12-base,B,7,2,18,5
0.34000045826778247,0.53874883286648,0.21658694143873736,0.5294117647058824,0.058823529411764705,1.0,0.17448731964704298,0.11785808461230673,FL-FedAvg,Y12-base,all,7,2,80,17
0.336859711908019,0.57,0.2613541867446583,0.5416666666666666,0.08333333333333333,1.0,0.1662917526487126,0.12569965487902207,FL-FedAvg,Y12-base,A,7,2,62,12
0.49532051282051287,0.49230769230769234,0.0,0.5,0.0,1.0,0.2027164948635142,0.22750411205000612,FL-FedAvg,Y12-base,B,7,2,18,5
0.34000045826778247,0.53874883286648,0.21658694143873736,0.5294117647058824,0.058823529411764705,1.0,0.17464410795857033,0.11290519402639121,FL-FedProx,Y12-base,all,7,2,80,17
0.336859711908019,0.57,0.2613541867446583,0.5416666666666666,0.08333333333333333,1.0,0.16648247770468763,0.12661926793308131,FL-FedProx,Y12-base,A,7,2,62,12
0.49532051282051287,0.49230769230769234,0.0,0.5,0.0,1.0,0.20275638994416637,0.22756529775795828,FL-FedProx,Y12-base,B,7,2,18,5
0.26758002491682725,0.5154061624649859,0.021030505843376807,0.5056022408963585,0.058823529411764705,0.9523809523809523,0.18951551396620533,0.131916812190722,FL-FedAvg-E,Y12-base,all,7,2,80,17
0.2761968495096678,0.5433333333333333,0.037523938719322816,0.5116666666666666,0.08333333333333333,0.94,0.1838557651233624,0.16033223925532183,FL-FedAvg-E,Y12-base,A,7,2,62,12
0.43555555555555553,0.46153846153846156,0.0,0.5,0.0,1.0,0.2090102044248866,0.09171660054995692,FL-FedAvg-E,Y12-base,B,7,2,18,5
0.2342860110885928,0.5044802867383512,-0.10369516947304253,0.44623655913978494,0.16666666666666666,0.7258064516129032,0.23973922726247326,0.24822369377666884,LR-local-A,Y12-base,all,7,3,80,18
0.2456761029123813,0.5321821036106751,-0.03213024650430299,0.4827315541601256,0.23076923076923078,0.7346938775510204,0.23869203275935477,0.26590026987552856,LR-local-A,Y12-base,A,7,3,62,13
0.2885714285714286,0.4769230769230769,-0.33149677206589795,0.34615384615384615,0.0,0.6923076923076923,0.24334623055099247,0.18733770943615233,LR-local-A,Y12-base,B,7,3,18,5
0.3292637641085563,0.60752688172043,0.2627853742640953,0.6523297491039427,0.6111111111111112,0.6935483870967742,0.23177115750592966,0.2724239981313506,EN-compact,Y12-base,all,7,3,80,18
0.2802653283171013,0.554160125588697,0.2163099582786291,0.6185243328100472,0.46153846153846156,0.7755102040816326,0.21913281899243822,0.2593597117642376,EN-compact,Y12-base,A,7,3,62,13
0.5385281385281385,0.7846153846153846,0.38461538461538464,0.6923076923076923,1.0,0.38461538461538464,0.2753032123857336,0.31742320672918417,EN-compact,Y12-base,B,7,3,18,5
0.2526976548919885,0.5412186379928314,0.03919309008348103,0.521505376344086,0.3333333333333333,0.7096774193548387,0.2423073488664061,0.24735174891403713,EN-full,Y12-base,all,7,3,80,18
0.2531336834970811,0.5321821036106751,-0.013430068715992848,0.49293563579277866,0.23076923076923078,0.7551020408163265,0.23276488146547406,0.25011260280300684,EN-full,Y12-base,A,7,3,62,13
0.3032034632034632,0.5076923076923077,0.12403473458920847,0.5692307692307692,0.6,0.5384615384615384,0.2751758476918386,0.2482224407257485,EN-full,Y12-base,B,7,3,18,5
0.25480608443217684,0.49910394265232977,-0.015457963192005608,0.49551971326164873,0.05555555555555555,0.9354838709677419,0.21980972346177596,0.16406751330043817,GBM-full,Y12-base,all,7,3,80,18
0.22128352185261102,0.4992150706436421,-0.13526630756399982,0.45918367346938777,0.0,0.9183673469387755,0.22333382197553442,0.17519375399428994,GBM-full,Y12-base,A,7,3,62,13
0.558888888888889,0.49230769230769234,0.39107694443752145,0.6,0.2,1.0,0.20767116191438595,0.23773738217786483,GBM-full,Y12-base,B,7,3,18,5
0.26259101395579815,0.5412186379928315,0.04502320110545681,0.5152329749103942,0.1111111111111111,0.9193548387096774,0.18943508627532055,0.08077649402423313,FL-FedAvg,Y12-base,all,7,3,80,18
0.2453373135647383,0.5023547880690737,0.1384713306062786,0.5463108320251178,0.15384615384615385,0.9387755102040817,0.18292549367413682,0.09946659961786741,FL-FedAvg,Y12-base,A,7,3,62,13
0.37414529914529915,0.6307692307692307,-0.21926450482675733,0.4230769230769231,0.0,0.8461538461538461,0.21185701634606457,0.20832775438297071,FL-FedAvg,Y12-base,B,7,3,18,5
0.26259101395579815,0.5412186379928315,0.04502320110545681,0.5152329749103942,0.1111111111111111,0.9193548387096774,0.18953508875763583,0.08172368845306348,FL-FedProx,Y12-base,all,7,3,80,18
0.2453373135647383,0.5023547880690737,0.1384713306062786,0.5463108320251178,0.15384615384615385,0.9387755102040817,0.18303725294820106,0.11522130386093268,FL-FedProx,Y12-base,A,7,3,62,13
0.37414529914529915,0.6307692307692307,-0.21926450482675733,0.4230769230769231,0.0,0.8461538461538461,0.21191652321235557,0.2086367806887451,FL-FedProx,Y12-base,B,7,3,18,5
0.277970977247245,0.5510752688172043,-0.03977722198292638,0.4874551971326165,0.05555555555555555,0.9193548387096774,0.1943234001952034,0.13377683704915488,FL-FedAvg-E,Y12-base,all,7,3,80,18
0.27747547738028244,0.5416012558869703,0.02601275145461535,0.5078492935635793,0.07692307692307693,0.9387755102040817,0.19035629664530992,0.1516099617955911,FL-FedAvg-E,Y12-base,A,7,3,62,13
0.36702865761689296,0.5538461538461539,-0.21926450482675733,0.4230769230769231,0.0,0.8461538461538461,0.2079878679781698,0.192013232270542,FL-FedAvg-E,Y12-base,B,7,3,18,5
0.21088705201876012,0.4139784946236559,-0.0815869230407957,0.45340501792114696,0.2777777777777778,0.6290322580645161,0.26284676951347663,0.2763158562995537,LR-local-A,Y12-base,all,7,4,80,18
0.1904486523538957,0.4144427001569859,-0.06746899458653,0.4599686028257457,0.3076923076923077,0.6122448979591837,0.2645060677671972,0.28762816782588724,LR-local-A,Y12-base,A,7,4,62,13
0.40656467715291245,0.4,-0.1076923076923077,0.4461538461538461,0.2,0.6923076923076923,0.2571314088617723,0.2690315037565118,LR-local-A,Y12-base,B,7,4,18,5
0.2543253080130541,0.5537634408602151,0.05986843400892497,0.53584229390681,0.5555555555555556,0.5161290322580645,0.25308605120287025,0.25358583655682476,EN-compact,Y12-base,all,7,4,80,18
0.28657455562931444,0.5698587127158555,0.06122901534747143,0.5368916797488226,0.46153846153846156,0.6122448979591837,0.2313234306837549,0.24201905333910195,EN-compact,Y12-base,A,7,4,62,13
0.2954901960784314,0.4769230769230769,-0.05547001962252291,0.47692307692307695,0.8,0.15384615384615385,0.32804618854649,0.3048432734553532,EN-compact,Y12-base,B,7,4,18,5
0.21764133243556927,0.449820788530466,-0.018827751470952857,0.489247311827957,0.3333333333333333,0.6451612903225806,0.295203542585125,0.2792625666009272,EN-full,Y12-base,all,7,4,80,18
0.19583262659601663,0.41601255886970173,-0.08455690739102581,0.45211930926216637,0.23076923076923078,0.673469387755102,0.2858790656075231,0.29481993581459964,EN-full,Y12-base,A,7,4,62,13
0.34487179487179487,0.5076923076923077,0.12403473458920847,0.5692307692307692,0.6,0.5384615384615384,0.3273211855079755,0.4387656571344225,EN-full,Y12-base,B,7,4,18,5
0.25977942377246943,0.5179211469534051,0.04563481614280677,0.5188172043010753,0.16666666666666666,0.8709677419354839,0.21830910284906818,0.14810533106277912,GBM-full,Y12-base,all,7,4,80,18
0.281607326404913,0.5745682888540031,0.09730085108210397,0.5439560439560439,0.23076923076923078,0.8571428571428571,0.1961218065381638,0.13236319908182448,GBM-full,Y12-base,A,7,4,62,13
0.2584126984126984,0.3076923076923077,-0.1504142093990467,0.46153846153846156,0.0,0.9230769230769231,0.29473201236440527,0.2096745429473167,GBM-full,Y12-base,B,7,4,18,5
0.22194058514211001,0.471326164874552,-0.13912166872805048,0.4596774193548387,0.0,0.9193548387096774,0.19490656058750883,0.10981817820465434,FL-FedAvg,Y12-base,all,7,4,80,18
0.2131814600019885,0.4521193092621664,-0.11614706978413032,0.46938775510204084,0.0,0.9387755102040817,0.1876987920538286,0.1265338515212427,FL-FedAvg,Y12-base,A,7,4,62,13
0.2908549783549783,0.43076923076923074,-0.21926450482675733,0.4230769230769231,0.0,0.8461538461538461,0.21973331887018513,0.17723638890681817,FL-FedAvg,Y12-base,B,7,4,18,5
0.22217029355670048,0.471326164874552,-0.13912166872805048,0.4596774193548387,0.0,0.9193548387096774,0.1949766020326273,0.11541730363108679,FL-FedProx,Y12-base,all,7,4,80,18
0.2140175804033263,0.4536891679748823,-0.11614706978413032,0.46938775510204084,0.0,0.9387755102040817,0.18779368976726077,0.1335676313326769,FL-FedProx,Y12-base,A,7,4,62,13
0.2908549783549783,0.43076923076923074,-0.21926450482675733,0.4230769230769231,0.0,0.8461538461538461,0.2197177442800009,0.17738459575282262,FL-FedProx,Y12-base,B,7,4,18,5
0.2457679135264969,0.471326164874552,0.09236598720255564,0.5349462365591398,0.16666666666666666,0.9032258064516129,0.20268855227304267,0.15992411808578713,FL-FedAvg-E,Y12-base,all,7,4,80,18
0.2649729656028752,0.48665620094191525,0.15631557871448984,0.5643642072213501,0.23076923076923078,0.8979591836734694,0.19791900859365338,0.18402554397568557,FL-FedAvg-E,Y12-base,A,7,4,62,13
0.3032034632034632,0.5076923076923077,-0.1504142093990467,0.46153846153846156,0.0,0.9230769230769231,0.21911698050205022,0.14822447043529116,FL-FedAvg-E,Y12-base,B,7,4,18,5
0.40320973061909104,0.617283950617284,0.19316171027835072,0.6150793650793651,0.6111111111111112,0.6190476190476191,0.24840593772572425,0.30998313160726115,LR-local-A,Y12-base,all,11,0,81,18
0.45364431667786526,0.7092307692307692,0.2826918856869624,0.6746153846153846,0.7692307692307693,0.58,0.24093651820001893,0.3203044999010245,LR-local-A,Y12-base,A,11,0,63,13
0.4191300366300367,0.4307692307692308,-0.033149677206589796,0.48461538461538467,0.2,0.7692307692307693,0.2745489060656927,0.27619305006696165,LR-local-A,Y12-base,B,11,0,18,5
0.2222222222222222,0.5,0.0,0.5,0.0,1.0,0.24527842218117385,0.2691447863294669,EN-compact,Y12-base,all,11,0,81,18
0.20634920634920634,0.5,0.0,0.5,0.0,1.0,0.2450043589605925,0.2850178022024826,EN-compact,Y12-base,A,11,0,63,13
0.2777777777777778,0.5,0.0,0.5,0.0,1.0,0.24623764345320842,0.2135892307739113,EN-compact,Y12-base,B,11,0,18,5
0.2222222222222222,0.5,0.0,0.5,0.0,1.0,0.2490133670025884,0.2759961246643671,EN-full,Y12-base,all,11,0,81,18
0.20634920634920634,0.5,0.0,0.5,0.0,1.0,0.24895680658628966,0.29186914053738294,EN-full,Y12-base,A,11,0,63,13
0.2777777777777778,0.5,0.0,0.5,0.0,1.0,0.24921132845963406,0.2204405691088117,EN-full,Y12-base,B,11,0,18,5
0.33506379696900557,0.6225749559082892,0.15265620249783177,0.5515873015873016,0.16666666666666666,0.9365079365079365,0.19424523070377392,0.15376228081401483,GBM-full,Y12-base,all,11,0,81,18
0.34238371991902694,0.6446153846153847,0.140499299109988,0.5469230769230768,0.15384615384615385,0.94,0.17941792769857318,0.14190636632560072,GBM-full,Y12-base,A,11,0,63,13
0.40535714285714286,0.5692307692307692,0.17541160386140586,0.5615384615384615,0.2,0.9230769230769231,0.24614079122197635,0.23626960784051854,GBM-full,Y12-base,B,11,0,18,5
0.3253819631360667,0.6375661375661376,0.10631081389064057,0.5198412698412698,0.05555555555555555,0.9841269841269841,0.17746490490990022,0.11275837145325043,FL-FedAvg,Y12-base,all,11,0,81,18
0.43410953709834393,0.7015384615384616,0.24906774069335894,0.5384615384615384,0.07692307692307693,1.0,0.1627542389080595,0.12562334285699514,FL-FedAvg,Y12-base,A,11,0,63,13
0.26084582084582086,0.39999999999999997,-0.1504142093990467,0.46153846153846156,0.0,0.9230769230769231,0.2289522359163424,0.18156449366137115,FL-FedAvg,Y12-base,B,11,0,18,5
0.3257020970998177,0.6384479717813052,0.10631081389064057,0.5198412698412698,0.05555555555555555,0.9841269841269841,0.17762414661895629,0.11365125637887476,FL-FedProx,Y12-base,all,11,0,81,18
0.43472003770884454,0.703076923076923,0.24906774069335894,0.5384615384615384,0.07692307692307693,1.0,0.16297372646330552,0.12656458676422877,FL-FedProx,Y12-base,A,11,0,63,13
0.26084582084582086,0.39999999999999997,-0.1504142093990467,0.46153846153846156,0.0,0.9230769230769231,0.22890061716373397,0.18145436535333379,FL-FedProx,Y12-base,B,11,0,18,5
0.29343398766340795,0.5908289241622575,0.07559289460184546,0.5238095238095238,0.1111111111111111,0.9365079365079365,0.18832677222575342,0.12139810575876972,FL-FedAvg-E,Y12-base,all,11,0,81,18
0.3404320954587816,0.68,0.140499299109988,0.5469230769230768,0.15384615384615385,0.94,0.17483395753567058,0.146262173657656,FL-FedAvg-E,Y12-base,A,11,0,63,13
0.29222222222222227,0.46153846153846156,-0.1504142093990467,0.46153846153846156,0.0,0.9230769230769231,0.23555162364104332,0.1832425821782443,FL-FedAvg-E,Y12-base,B,11,0,18,5
0.2301688689027172,0.4435626102292769,-0.1,0.4444444444444444,0.2222222222222222,0.6666666666666666,0.24420654642815726,0.22058449609788103,LR-local-A,Y12-base,all,11,1,81,18
0.22561826419080716,0.4123076923076923,-0.09496256677057822,0.4453846153846154,0.23076923076923078,0.66,0.2466585890051458,0.23804675168107522,LR-local-A,Y12-base,A,11,1,63,13
0.3398701298701299,0.5692307692307692,-0.1076923076923077,0.4461538461538461,0.2,0.6923076923076923,0.23562439740869726,0.20099038411653442,LR-local-A,Y12-base,B,11,1,18,5
0.31788165109366184,0.5238095238095238,0.013321497260575911,0.5079365079365079,0.4444444444444444,0.5714285714285714,0.25335802115855616,0.2629301281542687,EN-compact,Y12-base,all,11,1,81,18
0.2139405995920137,0.42923076923076925,-0.11094003924504582,0.43538461538461537,0.23076923076923078,0.64,0.24695528891149163,0.2482107741773478,EN-compact,Y12-base,A,11,1,63,13
0.5426373626373626,0.7076923076923076,0.33149677206589795,0.6538461538461539,1.0,0.3076923076923077,0.27576758402328205,0.37710210183554377,EN-compact,Y12-base,B,11,1,18,5
0.2646491813846624,0.48236331569664903,0.013321497260575911,0.5079365079365079,0.4444444444444444,0.5714285714285714,0.24827212329559856,0.2733160924414531,EN-full,Y12-base,all,11,1,81,18
0.25338811361934616,0.4430769230769231,-0.06077812051314493,0.46384615384615385,0.3076923076923077,0.62,0.24666329586537583,0.2846869246586721,EN-full,Y12-base,A,11,1,63,13
0.37629870129870124,0.5846153846153845,0.17541160386140583,0.5923076923076923,0.8,0.38461538461538464,0.25390301930137804,0.233518179681186,EN-full,Y12-base,B,11,1,18,5
0.20591687781758472,0.39506172839506176,-0.013710212427677044,0.49603174603174605,0.05555555555555555,0.9365079365079365,0.24627577188817712,0.24231940910317387,GBM-full,Y12-base,all,11,1,81,18
0.18956485920924485,0.41692307692307695,-0.13276715950892298,0.46,0.0,0.92,0.24912664988772082,0.25580136785448754,GBM-full,Y12-base,A,11,1,63,13
0.3987682252388135,0.3538461538461538,0.39107694443752145,0.6,0.2,1.0,0.23629769888977384,0.24990146433006383,GBM-full,Y12-base,B,11,1,18,5
0.2751913028850267,0.46296296296296297,0.15228622596829317,0.5396825396825397,0.1111111111111111,0.9682539682539683,0.18918116909509314,0.13913073416131153,FL-FedAvg,Y12-base,all,11,1,81,18
0.2434989552549734,0.4,0.13139085248226048,0.5284615384615384,0.07692307692307693,0.98,0.1864231435281893,0.1592995623865246,FL-FedAvg,Y12-base,A,11,1,63,13
0.4175757575757576,0.6615384615384615,0.17541160386140586,0.5615384615384615,0.2,0.9230769230769231,0.19883425857925668,0.23641704331168417,FL-FedAvg,Y12-base,B,11,1,18,5
0.2751913028850267,0.46296296296296297,0.15228622596829317,0.5396825396825397,0.1111111111111111,0.9682539682539683,0.18930069346770734,0.11996242940422343,FL-FedProx,Y12-base,all,11,1,81,18
0.2434989552549734,0.4,0.13139085248226048,0.5284615384615384,0.07692307692307693,0.98,0.18654352495426804,0.1344432730911234,FL-FedProx,Y12-base,A,11,1,63,13
0.4175757575757576,0.6615384615384615,0.17541160386140586,0.5615384615384615,0.2,0.9230769230769231,0.19895078326474477,0.2365805924148069,FL-FedProx,Y12-base,B,11,1,18,5
0.24419054097382278,0.46649029982363316,-0.03779644730092273,0.4880952380952381,0.05555555555555555,0.9206349206349206,0.19690723752871636,0.11222154016392985,FL-FedAvg-E,Y12-base,all,11,1,81,18
0.22136433253085494,0.4215384615384616,-0.031814238148788886,0.4884615384615385,0.07692307692307693,0.9,0.19888436804174625,0.14887088481864363,FL-FedAvg-E,Y12-base,A,11,1,63,13
0.5037698412698413,0.6307692307692307,0.0,0.5,0.0,1.0,0.18998728073311189,0.09587065735757552,FL-FedAvg-E,Y12-base,B,11,1,18,5
0.20944788102868467,0.5014005602240896,-0.12492494745645802,0.427170868347339,0.23529411764705882,0.6190476190476191,0.2465397070928057,0.2174180637603809,LR-local-A,Y12-base,all,11,2,80,17
0.19942229525096267,0.485,-0.05407380704358751,0.4666666666666667,0.3333333333333333,0.6,0.25611952837846746,0.25770152170048094,LR-local-A,Y12-base,A,11,2,62,12
0.36103174603174604,0.6307692307692307,-0.33149677206589795,0.34615384615384615,0.0,0.6923076923076923,0.21354254488663763,0.28133421818654664,LR-local-A,Y12-base,B,11,2,18,5
0.2552751693649228,0.5555555555555556,-0.04765818067214009,0.47245564892623715,0.29411764705882354,0.6507936507936508,0.24172486399440607,0.27342926581977933,EN-compact,Y12-base,all,11,2,80,17
0.22412430437868874,0.5333333333333333,-0.10734396709982016,0.435,0.25,0.62,0.24282769656466133,0.29330444213637086,EN-compact,Y12-base,A,11,2,62,12
0.6060606060606061,0.6461538461538462,0.16923076923076924,0.5846153846153846,0.4,0.7692307692307693,0.2379262184746379,0.2049703251737418,EN-compact,Y12-base,B,11,2,18,5
0.2621504165965407,0.5434173669467788,0.09067463011466965,0.5494864612511672,0.35294117647058826,0.746031746031746,0.2412843186219395,0.272816539951496,EN-full,Y12-base,all,11,2,80,17
0.254639129252275,0.5533333333333333,0.08427009716003844,0.5466666666666666,0.3333333333333333,0.76,0.24192648613904968,0.2931383088463106,EN-full,Y12-base,A,11,2,62,12
0.37296703296703304,0.5538461538461539,0.08770580193070292,0.5461538461538462,0.4,0.6923076923076923,0.2390724082852268,0.20281933598046833,EN-full,Y12-base,B,11,2,18,5
0.2457104863079455,0.5182072829131653,0.008461607485076307,0.5032679738562091,0.11764705882352941,0.8888888888888888,0.22994813362212527,0.2298802836342226,GBM-full,Y12-base,all,11,2,80,17
0.2136210623239748,0.5083333333333333,-0.04577377082170635,0.4816666666666667,0.08333333333333333,0.88,0.22016766824970055,0.213237786093156,GBM-full,Y12-base,A,11,2,62,12
0.4605050505050505,0.5692307692307692,0.17541160386140586,0.5615384615384615,0.2,0.9230769230769231,0.26363640323825516,0.30125878048962434,GBM-full,Y12-base,B,11,2,18,5
0.2514908109043255,0.5751633986928104,-0.08318056815751451,0.48412698412698413,0.0,0.9682539682539683,0.17807499531888193,0.09509895274621485,FL-FedAvg,Y12-base,all,11,2,80,17
0.22969167968973478,0.545,-0.08944271909999159,0.48,0.0,0.96,0.17254850181283235,0.11092306229180883,FL-FedAvg,Y12-base,A,11,2,62,12
0.37263736263736263,0.6307692307692307,0.0,0.5,0.0,1.0,0.1971106951730527,0.14523456251782638,FL-FedAvg,Y12-base,B,11,2,18,5
0.2514908109043255,0.5751633986928104,-0.08318056815751451,0.48412698412698413,0.0,0.9682539682539683,0.17821989443051786,0.09603648772176375,FL-FedProx,Y12-base,all,11,2,80,17
0.22969167968973478,0.545,-0.08944271909999159,0.48,0.0,0.96,0.1727044948359866,0.11191239673793071,FL-FedProx,Y12-base,A,11,2,62,12
0.37263736263736263,0.6307692307692307,0.0,0.5,0.0,1.0,0.19721738192279226,0.1455203959033472,FL-FedProx,Y12-base,B,11,2,18,5
0.22652688427019257,0.5070028011204482,0.021030505843376807,0.5056022408963585,0.058823529411764705,0.9523809523809523,0.1890016438819234,0.11934254537173443,FL-FedAvg-E,Y12-base,all,11,2,80,17
0.19244856776483096,0.4583333333333333,0.037523938719322816,0.5116666666666666,0.08333333333333333,0.94,0.19086035086114023,0.15336712342677827,FL-FedAvg-E,Y12-base,A,11,2,62,12
0.6696428571428572,0.6615384615384615,0.0,0.5,0.0,1.0,0.18259943095350967,0.0731591696176778,FL-FedAvg-E,Y12-base,B,11,2,18,5
0.25038300787772494,0.543010752688172,-0.03456505649101418,0.482078853046595,0.2222222222222222,0.7419354838709677,0.23576090584918238,0.24421040491774987,LR-local-A,Y12-base,all,11,3,80,18
0.27409870229375416,0.5934065934065934,-0.013430068715992848,0.49293563579277866,0.23076923076923078,0.7551020408163265,0.22998312262279383,0.2569872283241877,LR-local-A,Y12-base,A,11,3,62,13
0.2729761904761905,0.41538461538461535,-0.1076923076923077,0.4461538461538461,0.2,0.6923076923076923,0.25566215918452057,0.20020134651779736,LR-local-A,Y12-base,B,11,3,18,5
0.2946158138197136,0.5582437275985663,0.12070337472678247,0.5654121863799283,0.3888888888888889,0.7419354838709677,0.2350117523196913,0.24459944151600482,EN-compact,Y12-base,all,11,3,80,18
0.35638641961476547,0.5572998430141287,0.148813553059004,0.5722135007849294,0.3076923076923077,0.8367346938775511,0.22093936524811103,0.2460239817605122,EN-compact,Y12-base,A,11,3,62,13
0.2549346405228758,0.36923076923076925,-0.01413506985480439,0.49230769230769234,0.6,0.38461538461538464,0.2834833077884677,0.2658750095971309,EN-compact,Y12-base,B,11,3,18,5
0.24867177702534526,0.5098566308243728,0.05099812138145098,0.5259856630824373,0.2777777777777778,0.7741935483870968,0.24062066635559604,0.2534806152511044,EN-full,Y12-base,all,11,3,80,18
0.30251720219566414,0.5368916797488226,0.10087640180614377,0.5518053375196232,0.3076923076923077,0.7959183673469388,0.23358477367462113,0.2629153933925836,EN-full,Y12-base,A,11,3,62,13
0.268482905982906,0.4,-0.1076923076923077,0.4461538461538461,0.2,0.6923076923076923,0.26485540781228745,0.22098304609712024,EN-full,Y12-base,B,11,3,18,5
0.28439774142226526,0.5080645161290323,0.10898234854603565,0.546594982078853,0.2222222222222222,0.8709677419354839,0.21849699471559275,0.20090943946304302,GBM-full,Y12-base,all,11,3,80,18
0.34480313178244626,0.6059654631083202,0.191833090886631,0.5745682888540031,0.23076923076923078,0.9183673469387755,0.1794773631844494,0.15895081291245705,GBM-full,Y12-base,A,11,3,62,13
0.23174603174603176,0.24615384615384617,-0.1076923076923077,0.4461538461538461,0.2,0.6923076923076923,0.3528979477673088,0.36606100960180654,GBM-full,Y12-base,B,11,3,18,5
0.23451465194671148,0.48655913978494625,-0.10635445160305,0.47580645161290325,0.0,0.9516129032258065,0.18844236830172906,0.08047166448043319,FL-FedAvg,Y12-base,all,11,3,80,18
0.2731026512801504,0.5149136577708006,0.0,0.5,0.0,1.0,0.1731238089231722,0.08548847395000668,FL-FedAvg,Y12-base,A,11,3,62,13
0.25037878787878787,0.3538461538461538,-0.2773500981126146,0.38461538461538464,0.0,0.7692307692307693,0.2412062950500918,0.11609465701917865,FL-FedAvg,Y12-base,B,11,3,18,5
0.23429494071005108,0.48566308243727596,-0.10635445160305,0.47580645161290325,0.0,0.9516129032258065,0.18854382685002397,0.08124980381356495,FL-FedProx,Y12-base,all,11,3,80,18
0.2731026512801504,0.5149136577708006,0.0,0.5,0.0,1.0,0.1732829331110478,0.08628470227247556,FL-FedProx,Y12-base,A,11,3,62,13
0.25037878787878787,0.3538461538461538,-0.2773500981126146,0.38461538461538464,0.0,0.7692307692307693,0.2411091275064972,0.11537631774105589,FL-FedProx,Y12-base,B,11,3,18,5
0.2959939252743474,0.4274193548387097,0.15108236796222702,0.5394265232974911,0.1111111111111111,0.967741935483871,0.19812335855671198,0.1344015746360333,FL-FedAvg-E,Y12-base,all,11,3,80,18
0.3495192648803938,0.5086342229199372,0.2531410495295148,0.5667189952904239,0.15384615384615385,0.9795918367346939,0.187038552142999,0.1472437827469232,FL-FedAvg-E,Y12-base,A,11,3,62,13
0.25737179487179485,0.38461538461538464,-0.1504142093990467,0.46153846153846156,0.0,0.9230769230769231,0.23630435842616768,0.15497962463918039,FL-FedAvg-E,Y12-base,B,11,3,18,5
0.34282418054039254,0.7007168458781362,0.23220893480841856,0.6326164874551972,0.5555555555555556,0.7096774193548387,0.24464375864256124,0.2732093442417614,LR-local-A,Y12-base,all,11,4,80,18
0.3329075494476861,0.7331240188383046,0.2606155281087531,0.6546310832025117,0.6153846153846154,0.6938775510204082,0.24582912914520022,0.2923940622149457,LR-local-A,Y12-base,A,11,4,62,13
0.5282828282828282,0.6153846153846154,0.16923076923076924,0.5846153846153846,0.4,0.7692307692307693,0.2405608158001381,0.20712864900079372,LR-local-A,Y12-base,B,11,4,18,5
0.310470763957939,0.6075268817204301,0.23219126545047605,0.6362007168458781,0.6111111111111112,0.6612903225806451,0.24803252617868302,0.2760829314767676,EN-compact,Y12-base,all,11,4,80,18
0.30543310950523084,0.609105180533752,0.2606155281087531,0.6546310832025117,0.6153846153846154,0.6938775510204082,0.24753462163463083,0.2890984575149896,EN-compact,Y12-base,A,11,4,62,13
0.4782174688057041,0.5692307692307692,0.12403473458920847,0.5692307692307692,0.6,0.5384615384615384,0.24974753071930722,0.23125167512289213,EN-compact,Y12-base,B,11,4,18,5
0.2510432347042989,0.5376344086021505,0.02697453457247051,0.5161290322580645,0.5,0.532258064516129,0.27992262356167297,0.29370635229457254,EN-full,Y12-base,all,11,4,80,18
0.262892254090778,0.555729984301413,0.06122901534747143,0.5368916797488226,0.46153846153846156,0.6122448979591837,0.25853993645240786,0.2849572595595952,EN-full,Y12-base,A,11,4,62,13
0.28075396825396826,0.4,-0.16923076923076924,0.41538461538461535,0.6,0.23076923076923078,0.35357410138247486,0.33415106685090323,EN-full,Y12-base,B,11,4,18,5
0.25117797736943015,0.5224014336917563,-0.06091374267208862,0.47939068100358423,0.05555555555555555,0.9032258064516129,0.23641691352951746,0.20464483783619788,GBM-full,Y12-base,all,11,4,80,18
0.20233337330510737,0.4662480376766091,-0.16859909838630924,0.4387755102040816,0.0,0.8775510204081632,0.25551836782433146,0.2410754922331162,GBM-full,Y12-base,A,11,4,62,13
0.7444444444444445,0.7230769230769232,0.39107694443752145,0.6,0.2,1.0,0.17062301540293578,0.20459715454504065,GBM-full,Y12-base,B,11,4,18,5
0.26430416500095,0.5564516129032258,-0.13912166872805048,0.4596774193548387,0.0,0.9193548387096774,0.19619109422511447,0.13414450479091933,FL-FedAvg,Y12-base,all,11,4,80,18
0.2736738360581428,0.5729984301412873,-0.13526630756399982,0.45918367346938777,0.0,0.9183673469387755,0.18858361659655726,0.1845599966884496,FL-FedAvg,Y12-base,A,11,4,62,13
0.24533910533910536,0.3384615384615385,-0.1504142093990467,0.46153846153846156,0.0,0.9230769230769231,0.22239462827903356,0.12361708414973831,FL-FedAvg,Y12-base,B,11,4,18,5
0.26410323092904814,0.5564516129032258,-0.13912166872805048,0.4596774193548387,0.0,0.9193548387096774,0.1962957084159616,0.13482151516352042,FL-FedProx,Y12-base,all,11,4,80,18
0.2730534886636019,0.5729984301412873,-0.13526630756399982,0.45918367346938777,0.0,0.9183673469387755,0.18871505641732625,0.18503766837698504,FL-FedProx,Y12-base,A,11,4,62,13
0.24533910533910536,0.3384615384615385,-0.1504142093990467,0.46153846153846156,0.0,0.9230769230769231,0.22240684307792769,0.12348161216517944,FL-FedProx,Y12-base,B,11,4,18,5
0.2175872992895117,0.4686379928315412,-0.16685068644963405,0.4435483870967742,0.0,0.8870967741935484,0.2134945847535108,0.1604537593849293,FL-FedAvg-E,Y12-base,all,11,4,80,18
0.22195844031923237,0.5023547880690737,-0.16859909838630924,0.4387755102040816,0.0,0.8775510204081632,0.2122963355413122,0.19456270474240778,FL-FedAvg-E,Y12-base,A,11,4,62,13
0.2776330532212885,0.41538461538461535,-0.1504142093990467,0.46153846153846156,0.0,0.9230769230769231,0.21762188759552797,0.1461622711561151,FL-FedAvg-E,Y12-base,B,11,4,18,5
0.3043639092909968,0.5939153439153437,0.22142857142857142,0.623015873015873,0.5,0.746031746031746,0.24279563462588694,0.26979396718616727,LR-local-A,Y12-base,all,19,0,81,18
0.32655615500638124,0.6446153846153846,0.32635022946508574,0.6876923076923077,0.6153846153846154,0.76,0.24049530612774392,0.2859086368336782,LR-local-A,Y12-base,A,19,0,63,13
0.29555555555555557,0.3769230769230769,-0.1076923076923077,0.4461538461538461,0.2,0.6923076923076923,0.2508467843693876,0.21339262341987913,LR-local-A,Y12-base,B,19,0,18,5
0.41866171203236346,0.6807760141093474,0.23904572186687872,0.6428571428571428,0.6666666666666666,0.6190476190476191,0.23522848844115612,0.27401426472373075,EN-compact,Y12-base,all,19,0,81,18
0.46562101786305454,0.6907692307692308,0.24208767021795294,0.6392307692307693,0.5384615384615384,0.74,0.2158053273149697,0.26577909750404854,EN-compact,Y12-base,A,19,0,63,13
0.5082051282051283,0.6153846153846154,0.21926450482675733,0.5769230769230769,1.0,0.15384615384615385,0.3032095523828087,0.3303352800680409,EN-compact,Y12-base,B,19,0,18,5
0.4235511394435514,0.6384479717813051,0.16559559904146734,0.5992063492063493,0.6111111111111112,0.5873015873015873,0.23858544951237526,0.27468339927142166,EN-full,Y12-base,all,19,0,81,18
0.460807173197404,0.6353846153846154,0.22188007849009164,0.6292307692307693,0.5384615384615384,0.72,0.2137935232528426,0.2539457521043053,EN-full,Y12-base,A,19,0,63,13
0.46715686274509804,0.5538461538461539,-0.17541160386140586,0.43846153846153846,0.8,0.07692307692307693,0.32535719142073977,0.3517623041480271,EN-full,Y12-base,B,19,0,18,5
0.38745350438133075,0.5908289241622575,0.07021094974994095,0.5277777777777778,0.16666666666666666,0.8888888888888888,0.1885541412813329,0.1683489363614894,GBM-full,Y12-base,all,19,0,81,18
0.34933571815097747,0.5876923076923077,0.06933752452815364,0.5269230769230769,0.15384615384615385,0.9,0.18603692133144842,0.15572277047383787,GBM-full,Y12-base,A,19,0,63,13
0.5277124183006536,0.6461538461538461,0.05547001962252291,0.5230769230769231,0.2,0.8461538461538461,0.1973644111059286,0.25089993193669025,GBM-full,Y12-base,B,19,0,18,5
0.42255746374466496,0.6278659611992946,0.15228622596829317,0.5396825396825397,0.1111111111111111,0.9682539682539683,0.1747033295506698,0.1123569511320825,FL-FedAvg,Y12-base,all,19,0,81,18
0.4520832026272616,0.636923076923077,0.24906774069335894,0.5384615384615384,0.07692307692307693,1.0,0.16223969935321417,0.1116627399138707,FL-FedAvg,Y12-base,A,19,0,63,13
0.46055555555555555,0.4923076923076923,0.05547001962252291,0.5230769230769231,0.2,0.8461538461538461,0.21832603524176475,0.11478669039582368,FL-FedAvg,Y12-base,B,19,0,18,5
0.42255746374466496,0.6278659611992946,0.15228622596829317,0.5396825396825397,0.1111111111111111,0.9682539682539683,0.17490338752292062,0.11323564003798674,FL-FedProx,Y12-base,all,19,0,81,18
0.4520832026272616,0.636923076923077,0.24906774069335894,0.5384615384615384,0.07692307692307693,1.0,0.16246747431602043,0.11263417080154793,FL-FedProx,Y12-base,A,19,0,63,13
0.46055555555555555,0.4923076923076923,0.05547001962252291,0.5230769230769231,0.2,0.8461538461538461,0.2184290837470711,0.11534078236552255,FL-FedProx,Y12-base,B,19,0,18,5
0.4475823855428793,0.6067019400352734,0.28934382933975705,0.5753968253968254,0.16666666666666666,0.9841269841269841,0.18335346990278437,0.1581923636044128,FL-FedAvg-E,Y12-base,all,19,0,81,18
0.48446859707917944,0.6384615384615385,0.34979040101389325,0.6053846153846154,0.23076923076923078,0.98,0.17385814726363996,0.17677827633693857,FL-FedAvg-E,Y12-base,A,19,0,63,13
0.44263305322128854,0.49230769230769234,0.0,0.5,0.0,1.0,0.21658709913979,0.1631872827338832,FL-FedAvg-E,Y12-base,B,19,0,18,5
0.2669797844407915,0.5238095238095237,-0.027529308506178355,0.4841269841269841,0.3333333333333333,0.6349206349206349,0.24504818284963528,0.2656357904680312,LR-local-A,Y12-base,all,19,1,81,18
0.2400263650341255,0.5338461538461539,0.0038461538461538464,0.5023076923076923,0.38461538461538464,0.62,0.24747276549232075,0.2848348644875841,LR-local-A,Y12-base,A,19,1,63,13
0.4479761904761905,0.5076923076923077,-0.1076923076923077,0.4461538461538461,0.2,0.6923076923076923,0.23656214360023606,0.23740466206043126,LR-local-A,Y12-base,B,19,1,18,5
0.2885403557408574,0.5696649029982364,0.03305825766839418,0.5198412698412698,0.5,0.5396825396825397,0.24586012974414448,0.26823247059484273,EN-compact,Y12-base,all,19,1,81,18
0.2649616499953461,0.54,-0.04529108136578383,0.4723076923076923,0.38461538461538464,0.56,0.2423561382895841,0.27332199151448755,EN-compact,Y12-base,A,19,1,63,13
0.4891666666666667,0.6000000000000001,0.24029618753167464,0.6307692307692307,0.8,0.46153846153846156,0.25812409983510554,0.25041914737608595,EN-compact,Y12-base,B,19,1,18,5
0.28323411500926166,0.5687830687830688,0.0925631214715037,0.5555555555555556,0.5555555555555556,0.5555555555555556,0.2502654915759669,0.2712991735095064,EN-full,Y12-base,all,19,1,81,18
0.26570554968533594,0.5630769230769231,0.06744618487543244,0.5407692307692308,0.46153846153846156,0.62,0.24485398593638288,0.27219611356158446,EN-full,Y12-base,A,19,1,63,13
0.5115384615384615,0.5538461538461539,0.1076923076923077,0.5538461538461539,0.8,0.3076923076923077,0.2692057613145111,0.29916688590434104,EN-full,Y12-base,B,19,1,18,5
0.23496184313893237,0.5467372134038802,-0.08504865111251246,0.48412698412698413,0.0,0.9682539682539683,0.2288942491351548,0.2307858383574152,GBM-full,Y12-base,all,19,1,81,18
0.23653162005024625,0.5876923076923077,-0.06475761258027332,0.49,0.0,0.98,0.21091108813693854,0.2233012933104463,GBM-full,Y12-base,A,19,1,63,13
0.27269841269841266,0.4,-0.1504142093990467,0.46153846153846156,0.0,0.9230769230769231,0.2918353126289118,0.3031504957951336,GBM-full,Y12-base,B,19,1,18,5
0.30034134174802213,0.5670194003527338,0.015228622596829318,0.503968253968254,0.05555555555555555,0.9523809523809523,0.18427345888244392,0.13161468745574686,FL-FedAvg,Y12-base,all,19,1,81,18
0.27831928639431064,0.5646153846153846,-0.11401754250991379,0.47,0.0,0.94,0.18030026920833164,0.15960640200990606,FL-FedAvg,Y12-base,A,19,1,63,13
0.5212121212121212,0.5846153846153846,0.39107694443752145,0.6,0.2,1.0,0.198179622741837,0.1187195275732981,FL-FedAvg,Y12-base,B,19,1,18,5
0.30034134174802213,0.5670194003527338,0.015228622596829318,0.503968253968254,0.05555555555555555,0.9523809523809523,0.18443971455428415,0.12251542507245122,FL-FedProx,Y12-base,all,19,1,81,18
0.27831928639431064,0.5646153846153846,-0.11401754250991379,0.47,0.0,0.94,0.18049213500003822,0.14774353244754085,FL-FedProx,Y12-base,A,19,1,63,13
0.5212121212121212,0.5846153846153846,0.39107694443752145,0.6,0.2,1.0,0.1982562429941449,0.11942058376597182,FL-FedProx,Y12-base,B,19,1,18,5
0.31227713759147235,0.5573192239858906,0.015228622596829318,0.503968253968254,0.05555555555555555,0.9523809523809523,0.1890145428561232,0.12082640689581686,FL-FedAvg-E,Y12-base,all,19,1,81,18
0.32779238665594385,0.5938461538461538,0.028085360665349092,0.5084615384615384,0.07692307692307693,0.94,0.18619971805016047,0.15834436816068198,FL-FedAvg-E,Y12-base,A,19,1,63,13
0.5327272727272727,0.6153846153846154,0.0,0.5,0.0,1.0,0.1988664296769927,0.05980102289079944,FL-FedAvg-E,Y12-base,B,19,1,18,5
0.22367665365806377,0.5144724556489262,-0.020601266687222692,0.4883286647992531,0.29411764705882354,0.6825396825396826,0.24353923996507426,0.21699682037734042,LR-local-A,Y12-base,all,19,2,80,17
0.22248063637270976,0.5316666666666667,0.06330541649476575,0.5383333333333333,0.4166666666666667,0.66,0.24655761862535824,0.253902158954529,LR-local-A,Y12-base,A,19,2,62,12
0.32534798534798537,0.5384615384615384,-0.2773500981126146,0.38461538461538464,0.0,0.7692307692307693,0.23314260235742948,0.12173050781904127,LR-local-A,Y12-base,B,19,2,18,5
0.227303161811466,0.4901960784313726,0.0435567922338745,0.5266106442577031,0.5294117647058824,0.5238095238095238,0.2713957984657663,0.27747157434411585,EN-compact,Y12-base,all,19,2,80,17
0.1993647414047201,0.455,-0.002668802563418119,0.4983333333333333,0.4166666666666667,0.58,0.26854669075327364,0.2797955507208241,EN-compact,Y12-base,A,19,2,62,12
0.3879365079365079,0.5538461538461539,0.1076923076923077,0.5538461538461539,0.8,0.3076923076923077,0.28120939169768555,0.34395886552900656,EN-compact,Y12-base,B,19,2,18,5
0.22419698488268175,0.5200746965452848,-0.0007758885906700885,0.4995331465919701,0.4117647058823529,0.5873015873015873,0.2626456823959037,0.2501412477036665,EN-full,Y12-base,all,19,2,80,17
0.20413661644912395,0.4883333333333333,-0.06980022974225854,0.45666666666666667,0.3333333333333333,0.58,0.26151852193537833,0.2726647525172963,EN-full,Y12-base,A,19,2,62,12
0.3516666666666667,0.5846153846153845,0.1941450686788302,0.6076923076923078,0.6,0.6153846153846154,0.26652812398215797,0.21398797571449635,EN-full,Y12-base,B,19,2,18,5
0.22340645349704852,0.4873949579831933,-0.10394383930128556,0.4579831932773109,0.058823529411764705,0.8571428571428571,0.24099521092876994,0.2241750090595886,GBM-full,Y12-base,all,19,2,80,17
0.1880791246066141,0.43333333333333335,-0.10383665673571776,0.45166666666666666,0.08333333333333333,0.82,0.25365512094813936,0.2632081434507587,GBM-full,Y12-base,A,19,2,62,12
0.6755555555555556,0.7076923076923077,0.0,0.5,0.0,1.0,0.19738885419538638,0.2232281920978274,GBM-full,Y12-base,B,19,2,18,5
0.23180581422921948,0.5219421101774043,-0.05271806018176838,0.48179271708683474,0.058823529411764705,0.9047619047619048,0.19260295250867504,0.1540254204886443,FL-FedAvg,Y12-base,all,19,2,80,17
0.2126944782720819,0.505,0.0048365083340667445,0.5016666666666667,0.08333333333333333,0.92,0.1883305450390276,0.18450254284825401,FL-FedAvg,Y12-base,A,19,2,62,12
0.35820512820512823,0.5692307692307692,-0.21926450482675733,0.4230769230769231,0.0,0.8461538461538461,0.20731902268190497,0.07986838335648017,FL-FedAvg,Y12-base,B,19,2,18,5
0.23180581422921948,0.5219421101774043,-0.05271806018176838,0.48179271708683474,0.058823529411764705,0.9047619047619048,0.19272580625171687,0.1541579243402282,FL-FedProx,Y12-base,all,19,2,80,17
0.2126944782720819,0.505,0.0048365083340667445,0.5016666666666667,0.08333333333333333,0.92,0.1884688169143663,0.1845660550418964,FL-FedProx,Y12-base,A,19,2,62,12
0.35820512820512823,0.5692307692307692,-0.21926450482675733,0.4230769230769231,0.0,0.8461538461538461,0.20738876952481353,0.07970361017830513,FL-FedProx,Y12-base,B,19,2,18,5
0.2025805056801942,0.4668534080298786,-0.11867743583945688,0.450046685340803,0.058823529411764705,0.8412698412698413,0.21063388308587577,0.14280758876610103,FL-FedAvg-E,Y12-base,all,19,2,80,17
0.18558550120811754,0.44,-0.12065379433217113,0.4416666666666667,0.08333333333333333,0.8,0.21411436413373913,0.17750790239739564,FL-FedAvg-E,Y12-base,A,19,2,62,12
0.3582142857142857,0.5846153846153846,0.0,0.5,0.0,1.0,0.19864555947656862,0.1792792467973492,FL-FedAvg-E,Y12-base,B,19,2,18,5
0.32973633437401695,0.482078853046595,-0.1182350023116271,0.4336917562724014,0.2222222222222222,0.6451612903225806,0.24678718866761473,0.2675287075649609,LR-local-A,Y12-base,all,19,3,80,18
0.3805322541167875,0.5321821036106751,-0.13356385571549387,0.42150706436420726,0.23076923076923078,0.6122448979591837,0.24363032524701098,0.30591526074899544,LR-local-A,Y12-base,A,19,3,62,13
0.24715983363042185,0.30769230769230765,-0.033149677206589796,0.48461538461538467,0.2,0.7692307692307693,0.25766082933858314,0.2027891003957967,LR-local-A,Y12-base,B,19,3,18,5
0.23557543902709252,0.4946236559139785,0.0075427137033570076,0.5044802867383513,0.4444444444444444,0.5645161290322581,0.2544783506275501,0.25779281799659703,EN-compact,Y12-base,all,19,3,80,18
0.29855190152672983,0.5510204081632653,0.03205532537171853,0.5188383045525903,0.38461538461538464,0.6530612244897959,0.23791249954487037,0.25758117785867723,EN-compact,Y12-base,A,19,3,62,13
0.22412698412698412,0.2615384615384615,-0.16923076923076924,0.41538461538461535,0.6,0.23076923076923078,0.31153850435678015,0.3579550659798077,EN-compact,Y12-base,B,19,3,18,5
0.22102066155199462,0.467741935483871,-0.08664965843990097,0.44892473118279574,0.3333333333333333,0.5645161290322581,0.2743828664667179,0.311485706965587,EN-full,Y12-base,all,19,3,80,18
0.26241644056647917,0.5149136577708006,0.014552136087290782,0.5086342229199372,0.38461538461538464,0.6326530612244898,0.2451490863468982,0.30204425179662003,EN-full,Y12-base,A,19,3,62,13
0.22497737556561087,0.2615384615384615,-0.4437601569801833,0.25384615384615383,0.2,0.3076923076923077,0.3750769979905414,0.4101725347757911,EN-full,Y12-base,B,19,3,18,5
0.3122974044805201,0.6102150537634408,0.013734760723838819,0.503584229390681,0.05555555555555555,0.9516129032258065,0.21787738910170296,0.20707588535532942,GBM-full,Y12-base,all,19,3,80,18
0.34658833320245674,0.6452119309262166,0.06849698987269225,0.5180533751962323,0.07692307692307693,0.9591836734693877,0.19364558105825272,0.19633103344343242,GBM-full,Y12-base,A,19,3,62,13
0.31555555555555553,0.476923076923077,-0.1504142093990467,0.46153846153846156,0.0,0.9230769230769231,0.30134250569580934,0.29838799550264034,GBM-full,Y12-base,B,19,3,18,5
0.23960990642977156,0.4390681003584229,0.051207698919987034,0.5116487455197133,0.05555555555555555,0.967741935483871,0.1936403653106988,0.13923746238596918,FL-FedAvg,Y12-base,all,19,3,80,18
0.33007411728886105,0.49764521193092626,0.24857728847995222,0.5384615384615384,0.07692307692307693,1.0,0.1780059102602615,0.13694432884362945,FL-FedAvg,Y12-base,A,19,3,62,13
0.23174603174603176,0.24615384615384617,-0.21926450482675733,0.4230769230769231,0.0,0.8461538461538461,0.24749237715109393,0.3055634580613061,FL-FedAvg,Y12-base,B,19,3,18,5
0.23942094195509278,0.4381720430107527,0.051207698919987034,0.5116487455197133,0.05555555555555555,0.967741935483871,0.19376041578949005,0.13916889575466326,FL-FedProx,Y12-base,all,19,3,80,18
0.33007411728886105,0.49764521193092626,0.24857728847995222,0.5384615384615384,0.07692307692307693,1.0,0.17817100026849825,0.13751485062006433,FL-FedProx,Y12-base,A,19,3,62,13
0.2291819291819292,0.23076923076923078,-0.21926450482675733,0.4230769230769231,0.0,0.8461538461538461,0.24745729147290646,0.30556157867860906,FL-FedProx,Y12-base,B,19,3,18,5
0.22049207246462682,0.3817204301075269,0.013734760723838819,0.503584229390681,0.05555555555555555,0.9516129032258065,0.20386520000640057,0.1773166566650946,FL-FedAvg-E,Y12-base,all,19,3,80,18
0.2561898257589061,0.4552590266875982,0.06849698987269225,0.5180533751962323,0.07692307692307693,0.9591836734693877,0.1907616301321291,0.17504280287355778,FL-FedAvg-E,Y12-base,A,19,3,62,13
0.22826797385620914,0.27692307692307694,-0.1504142093990467,0.46153846153846156,0.0,0.9230769230769231,0.2489997184622246,0.3008327564466198,FL-FedAvg-E,Y12-base,B,19,3,18,5
0.3040499043632313,0.5403225806451613,0.0349638972652232,0.5206093189964158,0.4444444444444444,0.5967741935483871,0.23908497683819913,0.25394546904231097,LR-local-A,Y12-base,all,19,4,80,18
0.38275166128435256,0.5698587127158555,0.12432646702181056,0.5753532182103611,0.5384615384615384,0.6122448979591837,0.23953692417431077,0.27451640046161035,LR-local-A,Y12-base,A,19,4,62,13
0.3347619047619047,0.5538461538461539,-0.24029618753167464,0.36923076923076925,0.2,0.5384615384615384,0.23752826934714794,0.19940070217109296,LR-local-A,Y12-base,B,19,4,18,5
0.29475332380146546,0.5439068100358423,0.15411645329153517,0.5887096774193548,0.5,0.6774193548387096,0.24120340530254838,0.2596978452361626,EN-compact,Y12-base,all,19,4,80,18
0.3128560457278784,0.49921507064364207,0.13367921995670232,0.5777080062794349,0.46153846153846156,0.6938775510204082,0.23680397026900207,0.27638229194680297,EN-compact,Y12-base,A,19,4,62,13
0.3917748917748918,0.6000000000000001,0.1941450686788302,0.6076923076923078,0.6,0.6153846153846154,0.25635701486254103,0.23494373517830397,EN-compact,Y12-base,B,19,4,18,5
0.3119915856346212,0.5152329749103943,0.07728981596002804,0.5448028673835126,0.4444444444444444,0.6451612903225806,0.2612752747306518,0.28719559707878317,EN-full,Y12-base,all,19,4,80,18
0.2879683790027593,0.5023547880690737,0.03205532537171853,0.5188383045525903,0.38461538461538464,0.6530612244897959,0.2586033288584927,0.2920530583292121,EN-full,Y12-base,A,19,4,62,13
0.43174603174603177,0.5538461538461539,0.1941450686788302,0.6076923076923078,0.6,0.6153846153846154,0.2704786438458667,0.32002131532088113,EN-full,Y12-base,B,19,4,18,5
0.3158701566501422,0.46774193548387094,0.11973686801784993,0.543010752688172,0.16666666666666666,0.9193548387096774,0.21038314621039023,0.223510530412726,GBM-full,Y12-base,all,19,4,80,18
0.31473845714344195,0.4411302982731555,0.1384713306062786,0.5463108320251178,0.15384615384615385,0.9387755102040817,0.1953406022945935,0.2098243479395668,GBM-full,Y12-base,A,19,4,62,13
0.37858391608391606,0.5230769230769231,0.05547001962252291,0.5230769230769231,0.2,0.8461538461538461,0.26219635303146804,0.3260531427116471,GBM-full,Y12-base,B,19,4,18,5
0.2905958374843616,0.48028673835125446,0.10545283989955931,0.5197132616487455,0.05555555555555555,0.9838709677419355,0.18885450282128735,0.1423745970134063,FL-FedAvg,Y12-base,all,19,4,80,18
0.2764906113745776,0.47252747252747257,0.24857728847995222,0.5384615384615384,0.07692307692307693,1.0,0.18218888886546875,0.16434582072643122,FL-FedAvg,Y12-base,A,19,4,62,13
0.37709401709401713,0.5076923076923077,-0.1504142093990467,0.46153846153846156,0.0,0.9230769230769231,0.21181383978021803,0.12668499603248745,FL-FedAvg,Y12-base,B,19,4,18,5
0.29022757149109557,0.47939068100358423,0.10545283989955931,0.5197132616487455,0.05555555555555555,0.9838709677419355,0.18894468318250318,0.14304320719684338,FL-FedProx,Y12-base,all,19,4,80,18
0.27579384437346277,0.4709576138147567,0.24857728847995222,0.5384615384615384,0.07692307692307693,1.0,0.18230652455597976,0.16504174789299292,FL-FedProx,Y12-base,A,19,4,62,13
0.37709401709401713,0.5076923076923077,-0.1504142093990467,0.46153846153846156,0.0,0.9230769230769231,0.2118094517849728,0.12714355943020073,FL-FedProx,Y12-base,B,19,4,18,5
0.2734315212440621,0.4175627240143369,0.10820574234403926,0.5313620071684588,0.1111111111111111,0.9516129032258065,0.2023746673137614,0.17595997063992783,FL-FedAvg-E,Y12-base,all,19,4,80,18
0.27364358120581633,0.40659340659340665,0.1384713306062786,0.5463108320251178,0.15384615384615385,0.9387755102040817,0.20200583678350728,0.2246897792160101,FL-FedAvg-E,Y12-base,A,19,4,62,13
0.4645378151260504,0.523076923076923,0.0,0.5,0.0,1.0,0.2036450835846366,0.07845652334880152,FL-FedAvg-E,Y12-base,B,19,4,18,5
0.40113576816561936,0.6534391534391534,0.2820380374088831,0.6666666666666666,0.6666666666666666,0.6666666666666666,0.23080419535424032,0.24209183136547296,LR-local-A,Y12-base,all,23,0,81,18
0.4579424944636962,0.7323076923076923,0.3332820473366711,0.7046153846153846,0.7692307692307693,0.64,0.22637612035168847,0.2690492476191231,LR-local-A,Y12-base,A,23,0,63,13
0.4036953242835596,0.5076923076923077,0.16923076923076924,0.5846153846153846,0.4,0.7692307692307693,0.24630245786317184,0.2701047974846252,LR-local-A,Y12-base,B,23,0,18,5
0.3921049871756984,0.5767195767195767,0.006788442333021307,0.503968253968254,0.3888888888888889,0.6190476190476191,0.23604677447669536,0.26134558783919737,EN-compact,Y12-base,all,23,0,81,18
0.45596564928145766,0.6261538461538462,0.0038461538461538464,0.5023076923076923,0.38461538461538464,0.62,0.23437423764917514,0.2815702267497903,EN-compact,Y12-base,A,23,0,63,13
0.2996336996336996,0.49230769230769234,0.01413506985480439,0.5076923076923077,0.4,0.6153846153846154,0.24190065337301617,0.19055935165212223,EN-compact,Y12-base,B,23,0,18,5
0.3701910741203523,0.6313932980599647,0.0732682349331675,0.5436507936507937,0.5,0.5873015873015873,0.22929581652135334,0.2339135109342515,EN-full,Y12-base,all,23,0,81,18
0.41474235725247866,0.6876923076923076,0.17541160386140586,0.6076923076923078,0.6153846153846154,0.6,0.21770892027666167,0.24656567631436016,EN-full,Y12-base,A,23,0,63,13
0.32264957264957267,0.4461538461538462,-0.24029618753167464,0.36923076923076925,0.2,0.5384615384615384,0.26984995337777395,0.296733549352618,EN-full,Y12-base,B,23,0,18,5
0.21168841955131815,0.4708994708994709,-0.038525706426470976,0.4841269841269841,0.1111111111111111,0.8571428571428571,0.25355291413137526,0.270993324423135,GBM-full,Y12-base,all,23,0,81,18
0.2012398641398529,0.46307692307692305,-0.027880093677272136,0.4869230769230769,0.15384615384615385,0.82,0.25245606175064994,0.2723170071339261,GBM-full,Y12-base,A,23,0,63,13
0.2923701298701299,0.47692307692307695,0.0,0.5,0.0,1.0,0.2573918974639141,0.2663604349353661,GBM-full,Y12-base,B,23,0,18,5
0.431177250890309,0.6331569664902998,0.36689969285267143,0.5833333333333334,0.16666666666666666,1.0,0.17029811025663624,0.12025978147020219,FL-FedAvg,Y12-base,all,23,0,81,18
0.5035843464967311,0.6938461538461539,0.4385290096535146,0.6153846153846154,0.23076923076923078,1.0,0.15911119117528608,0.1504523150764318,FL-FedAvg,Y12-base,A,23,0,63,13
0.25583333333333336,0.36923076923076925,0.0,0.5,0.0,1.0,0.20945232704136169,0.110977998817461,FL-FedAvg,Y12-base,B,23,0,18,5
0.431177250890309,0.6331569664902998,0.36689969285267143,0.5833333333333334,0.16666666666666666,1.0,0.17045526477873524,0.12045687017856117,FL-FedProx,Y12-base,all,23,0,81,18
0.5035843464967311,0.6938461538461539,0.4385290096535146,0.6153846153846154,0.23076923076923078,1.0,0.1593003086803435,0.14668871191538702,FL-FedProx,Y12-base,A,23,0,63,13
0.25583333333333336,0.36923076923076925,0.0,0.5,0.0,1.0,0.20949761112310633,0.11128841228248573,FL-FedProx,Y12-base,B,23,0,18,5
0.30574309485362916,0.5185185185185186,0.23307361127050977,0.5674603174603174,0.16666666666666666,0.9682539682539683,0.18864025401423795,0.15915712313159847,FL-FedAvg-E,Y12-base,all,23,0,81,18
0.3366253816122867,0.5753846153846154,0.2856051326170248,0.5953846153846154,0.23076923076923078,0.96,0.18195016664894803,0.20193476597326948,FL-FedAvg-E,Y12-base,A,23,0,63,13
0.2857267732267732,0.4461538461538461,0.0,0.5,0.0,1.0,0.2120555597927525,0.06680790229179633,FL-FedAvg-E,Y12-base,B,23,0,18,5
0.30535707617276486,0.6102292768959436,0.14348601079588785,0.5833333333333333,0.5,0.6666666666666666,0.2419538277889561,0.2684942277318011,LR-local-A,Y12-base,all,23,1,81,18
0.36704908254637025,0.703076923076923,0.2099248607129947,0.6276923076923078,0.6153846153846154,0.64,0.2394533964400403,0.2878943507403824,LR-local-A,Y12-base,A,23,1,63,13
0.2611111111111111,0.3230769230769231,-0.033149677206589796,0.48461538461538467,0.2,0.7692307692307693,0.2507053375101616,0.20059379720176665,LR-local-A,Y12-base,B,23,1,18,5
0.37201907950752333,0.7116402116402116,0.387771233577943,0.7301587301587302,0.7777777777777778,0.6825396825396826,0.2292140402348304,0.2634901308119947,EN-compact,Y12-base,all,23,1,81,18
0.4350620137890916,0.7769230769230769,0.49487534795935134,0.7846153846153847,0.7692307692307693,0.8,0.21365838185479671,0.2561016495278867,EN-compact,Y12-base,A,23,1,63,13
0.43596638655462183,0.5846153846153845,0.033149677206589796,0.5153846153846154,0.8,0.23076923076923078,0.28365884456494844,0.2893498153063725,EN-compact,Y12-base,B,23,1,18,5
0.25775300857627587,0.591710758377425,0.1059811833865391,0.5634920634920635,0.5555555555555556,0.5714285714285714,0.2518029544833611,0.2619225263283752,EN-full,Y12-base,all,23,1,81,18
0.2706297301777385,0.6415384615384615,0.2099248607129947,0.6276923076923078,0.6153846153846154,0.64,0.23654357429037082,0.2601005020497778,EN-full,Y12-base,A,23,1,63,13
0.28702865761689295,0.4307692307692308,-0.26856632724128343,0.35384615384615387,0.4,0.3076923076923077,0.3052107851588268,0.3214345624999959,EN-full,Y12-base,B,23,1,18,5
0.32347018039455,0.6499118165784833,0.15265620249783177,0.5515873015873016,0.16666666666666666,0.9365079365079365,0.18789142656456947,0.15317889725119857,GBM-full,Y12-base,all,23,1,81,18
0.27058049603389045,0.64,0.028085360665349092,0.5084615384615384,0.07692307692307693,0.94,0.18933765998406915,0.14953747280805385,GBM-full,Y12-base,A,23,1,63,13
0.6440384615384616,0.6615384615384615,0.3882901373576604,0.6615384615384616,0.4,0.9230769230769231,0.18282960959632075,0.22368597824169326,GBM-full,Y12-base,B,23,1,18,5
0.32636607497224385,0.6763668430335097,-0.08504865111251246,0.48412698412698413,0.0,0.9682539682539683,0.17438669168531393,0.09345225360948854,FL-FedAvg,Y12-base,all,23,1,81,18
0.38776106469749144,0.7492307692307693,-0.09232870714969656,0.48,0.0,0.96,0.16164280441680273,0.108316833666105,FL-FedAvg,Y12-base,A,23,1,63,13
0.2992997198879552,0.43076923076923074,0.0,0.5,0.0,1.0,0.21899029712510318,0.18460020199231816,FL-FedAvg,Y12-base,B,23,1,18,5
0.3256636484077483,0.6754850088183422,-0.08504865111251246,0.48412698412698413,0.0,0.9682539682539683,0.17455095651119348,0.09437155436097186,FL-FedProx,Y12-base,all,23,1,81,18
0.3859616944770686,0.7476923076923077,-0.09232870714969656,0.48,0.0,0.96,0.16184005056895442,0.10919050581482917,FL-FedProx,Y12-base,A,23,1,63,13
0.2992997198879552,0.43076923076923074,0.0,0.5,0.0,1.0,0.21903912730903008,0.18488376918444704,FL-FedProx,Y12-base,B,23,1,18,5
0.32227746553609554,0.6437389770723104,-0.08504865111251246,0.48412698412698413,0.0,0.9682539682539683,0.18178078005500953,0.11839452029975156,FL-FedAvg-E,Y12-base,all,23,1,81,18
0.35148668115862686,0.7092307692307691,-0.09232870714969656,0.48,0.0,0.96,0.1731358777818373,0.13865406871698863,FL-FedAvg-E,Y12-base,A,23,1,63,13
0.28095238095238095,0.4461538461538461,0.0,0.5,0.0,1.0,0.21203793801111212,0.13067626182542208,FL-FedAvg-E,Y12-base,B,23,1,18,5
0.36154766930818044,0.5901027077497666,0.06726727939963124,0.5392156862745098,0.4117647058823529,0.6666666666666666,0.23469455721897417,0.2878946192099364,LR-local-A,Y12-base,all,23,2,80,17
0.3136981774571015,0.5633333333333334,-0.005565225807531215,0.4966666666666667,0.3333333333333333,0.66,0.2351279395117532,0.2989197645904038,LR-local-A,Y12-base,A,23,2,62,12
0.5245378151260505,0.6307692307692307,0.26856632724128343,0.6461538461538461,0.6,0.6923076923076923,0.23320179598829086,0.24991911845499315,LR-local-A,Y12-base,B,23,2,18,5
0.24649392939405687,0.5303454715219421,0.09624429564933848,0.5583566760037348,0.5294117647058824,0.5873015873015873,0.2566647650258804,0.263806285308136,EN-compact,Y12-base,all,23,2,80,17
0.2980241312507366,0.5033333333333333,-0.022019275302527213,0.4866666666666667,0.3333333333333333,0.64,0.23881976071380778,0.25968194053427573,EN-compact,Y12-base,A,23,2,62,12
0.30012654012654016,0.5076923076923077,0.38461538461538464,0.6923076923076923,1.0,0.38461538461538464,0.3181308909896863,0.365194719047468,EN-compact,Y12-base,B,23,2,18,5
0.29298660994921577,0.48366013071895425,0.053234843331076684,0.5312791783380019,0.4117647058823529,0.6507936507936508,0.2590378688468356,0.25511675844335047,EN-full,Y12-base,all,23,2,80,17
0.26941325756434864,0.44833333333333336,-0.026568446566202858,0.485,0.25,0.72,0.22787242348628808,0.22599525389935832,EN-full,Y12-base,A,23,2,62,12
0.31555555555555553,0.476923076923077,0.17541160386140583,0.5923076923076923,0.8,0.38461538461538464,0.36638551397761043,0.4612830274413888,EN-full,Y12-base,B,23,2,18,5
0.29260882903422125,0.5051353874883286,0.05878415046253472,0.5247432306255836,0.17647058823529413,0.873015873015873,0.22626158785670042,0.21066846801122638,GBM-full,Y12-base,all,23,2,80,17
0.3036841061752634,0.5133333333333334,0.09307578419910345,0.5449999999999999,0.25,0.84,0.2268833769094756,0.23450057630764093,GBM-full,Y12-base,A,23,2,62,12
0.5126984126984127,0.5384615384615385,0.0,0.5,0.0,1.0,0.22411987000825281,0.24797352812939263,GBM-full,Y12-base,B,23,2,18,5
0.26460025699314915,0.48926237161531283,0.021030505843376807,0.5056022408963585,0.058823529411764705,0.9523809523809523,0.18699420850913567,0.14132034555356499,FL-FedAvg,Y12-base,all,23,2,80,17
0.25363612816059705,0.44500000000000006,0.2613541867446583,0.5416666666666666,0.08333333333333333,1.0,0.1746574576949339,0.15717791342776954,FL-FedAvg,Y12-base,A,23,2,62,12
0.3235897435897436,0.5538461538461539,-0.2773500981126146,0.38461538461538464,0.0,0.7692307692307693,0.2294874613136083,0.2018453519722288,FL-FedAvg,Y12-base,B,23,2,18,5
0.26457479226180214,0.4892623716153128,0.021030505843376807,0.5056022408963585,0.058823529411764705,0.9523809523809523,0.18711275253460338,0.12195249765817946,FL-FedProx,Y12-base,all,23,2,80,17
0.25455187907634796,0.44666666666666666,0.2613541867446583,0.5416666666666666,0.08333333333333333,1.0,0.17483550757855573,0.13200752019659406,FL-FedProx,Y12-base,A,23,2,62,12
0.3235897435897436,0.5538461538461539,-0.2773500981126146,0.38461538461538464,0.0,0.7692307692307693,0.22940104071654538,0.20186952404796307,FL-FedProx,Y12-base,B,23,2,18,5
0.24000310763543234,0.3884220354808591,-0.029946642688461082,0.48739495798319327,0.11764705882352941,0.8571428571428571,0.21018313823852708,0.19168107011093,FL-FedAvg-E,Y12-base,all,23,2,80,17
0.27641049909422977,0.41833333333333333,0.029907848218242362,0.5133333333333333,0.16666666666666666,0.86,0.19992241467822866,0.20270850149245567,FL-FedAvg-E,Y12-base,A,23,2,62,12
0.2519871794871795,0.3538461538461538,-0.21926450482675733,0.4230769230769231,0.0,0.8461538461538461,0.24552563050177723,0.22136403269700533,FL-FedAvg-E,Y12-base,B,23,2,18,5
0.17333389973900953,0.32795698924731176,-0.28176846510876635,0.3378136200716846,0.1111111111111111,0.5645161290322581,0.25543370135253135,0.2443976508979841,LR-local-A,Y12-base,all,23,3,80,18
0.16422886722903568,0.31240188383045525,-0.2466554488815737,0.35243328100470955,0.15384615384615385,0.5510204081632653,0.2579288716925098,0.26342576181688665,LR-local-A,Y12-base,A,23,3,62,13
0.2688383838383838,0.4153846153846154,-0.38461538461538464,0.3076923076923077,0.0,0.6153846153846154,0.2468392257370501,0.24499819466780975,LR-local-A,Y12-base,B,23,3,18,5
0.2905403409367908,0.5232974910394265,-0.01951219649561913,0.4883512544802867,0.4444444444444444,0.532258064516129,0.24997924179225112,0.2597424782794572,EN-compact,Y12-base,all,23,3,80,18
0.2629216627045411,0.43956043956043955,-0.1165560628329474,0.4293563579277865,0.3076923076923077,0.5510204081632653,0.2512186162157892,0.2650896803130385,EN-compact,Y12-base,A,23,3,62,13
0.4157142857142857,0.676923076923077,0.24029618753167464,0.6307692307692307,0.8,0.46153846153846156,0.24571028544450874,0.24132433794156605,EN-compact,Y12-base,B,23,3,18,5
0.21773809698464155,0.4032258064516128,-0.15722991699439448,0.40949820788530467,0.2222222222222222,0.5967741935483871,0.2515849270377879,0.25920797012483904,EN-full,Y12-base,all,23,3,80,18
0.21422746452832342,0.37990580847723704,-0.13356385571549387,0.42150706436420726,0.23076923076923078,0.6122448979591837,0.25090034874984507,0.27177532156858397,EN-full,Y12-base,A,23,3,62,13
0.2874281274281274,0.47692307692307695,-0.24029618753167464,0.36923076923076925,0.2,0.5384615384615384,0.2539429189184799,0.21592042626305108,EN-full,Y12-base,B,23,3,18,5
0.2729528732275946,0.4211469534050179,-0.015457963192005608,0.49551971326164873,0.05555555555555555,0.9354838709677419,0.2118951967622354,0.20645689560091168,GBM-full,Y12-base,all,23,3,80,18
0.34982125841117967,0.4960753532182104,0.13020934719647143,0.5282574568288854,0.07692307692307693,0.9795918367346939,0.1840510459410354,0.18749771836953893,GBM-full,Y12-base,A,23,3,62,13
0.23011437908496732,0.24615384615384617,-0.2773500981126146,0.38461538461538464,0.0,0.7692307692307693,0.3078028273685908,0.2980782113543049,GBM-full,Y12-base,B,23,3,18,5
0.22536893520320778,0.4184587813620071,0.051207698919987034,0.5116487455197133,0.05555555555555555,0.967741935483871,0.199045635964845,0.11558425003875421,FL-FedAvg,Y12-base,all,23,3,80,18
0.2169513040261945,0.3579277864992151,0.06849698987269225,0.5180533751962323,0.07692307692307693,0.9591836734693877,0.19778266320811774,0.1743898553130468,FL-FedAvg,Y12-base,A,23,3,62,13
0.3269230769230769,0.5538461538461539,0.0,0.5,0.0,1.0,0.203395875460239,0.188743294390532,FL-FedAvg,Y12-base,B,23,3,18,5
0.22488344186057158,0.41666666666666663,0.051207698919987034,0.5116487455197133,0.05555555555555555,0.967741935483871,0.1991635592008517,0.11546194056728544,FL-FedProx,Y12-base,all,23,3,80,18
0.21662809782063536,0.3563579277864992,0.06849698987269225,0.5180533751962323,0.07692307692307693,0.9591836734693877,0.19790215009848977,0.17414169538726565,FL-FedProx,Y12-base,A,23,3,62,13
0.3269230769230769,0.5538461538461539,0.0,0.5,0.0,1.0,0.20350841277565404,0.188548244013768,FL-FedProx,Y12-base,B,23,3,18,5
0.24109772678434627,0.4614695340501792,-0.03977722198292638,0.4874551971326165,0.05555555555555555,0.9193548387096774,0.19846243602693048,0.14920113123206835,FL-FedAvg-E,Y12-base,all,23,3,80,18
0.24330361856350813,0.46310832025117743,-0.03458443043821728,0.4874411302982732,0.07692307692307693,0.8979591836734694,0.200201216719215,0.1722820364044532,FL-FedAvg-E,Y12-base,A,23,3,62,13
0.38272727272727275,0.6153846153846154,0.0,0.5,0.0,1.0,0.19247330253128378,0.0929153237124912,FL-FedAvg-E,Y12-base,B,23,3,18,5
0.2736345295796685,0.5654121863799284,0.04888237167378443,0.5286738351254481,0.4444444444444444,0.6129032258064516,0.24736534720976028,0.2699920684686024,LR-local-A,Y12-base,all,23,4,80,18
0.28879478371381206,0.6059654631083203,0.18688841543883614,0.6138147566718996,0.6153846153846154,0.6122448979591837,0.24792286349554282,0.2898386131209494,LR-local-A,Y12-base,A,23,4,62,13
0.2952380952380952,0.4923076923076923,-0.38461538461538464,0.3076923076923077,0.0,0.6153846153846154,0.24544501333650923,0.2016317479994073,LR-local-A,Y12-base,B,23,4,18,5
0.2877298737178928,0.6137992831541219,0.14686135489456165,0.5878136200716846,0.6111111111111112,0.5645161290322581,0.2525719933938569,0.2836952504610899,EN-compact,Y12-base,all,23,4,80,18
0.2824290664623689,0.6153846153846154,0.07871982411114054,0.5470957613814758,0.46153846153846156,0.6326530612244898,0.24335106326432915,0.28318746225915925,EN-compact,Y12-base,A,23,4,62,13
0.32813519813519815,0.5384615384615384,0.33149677206589795,0.6538461538461539,1.0,0.3076923076923077,0.284332974951119,0.28544429871218435,EN-compact,Y12-base,B,23,4,18,5
0.29835271518303363,0.6514336917562724,0.12822613295706914,0.5761648745519714,0.5555555555555556,0.5967741935483871,0.24924514730767716,0.27780666661161785,EN-full,Y12-base,all,23,4,80,18
0.29595113513589316,0.6577708006279435,0.12432646702181056,0.5753532182103611,0.5384615384615384,0.6122448979591837,0.24828731321053463,0.29319422968098063,EN-full,Y12-base,A,23,4,62,13
0.38606060606060605,0.6461538461538462,0.12403473458920847,0.5692307692307692,0.6,0.5384615384615384,0.25254435364227934,0.22480506048381224,EN-full,Y12-base,B,23,4,18,5
0.2281987355686611,0.49283154121863804,-0.07505688646938367,0.4668458781362007,0.1111111111111111,0.8225806451612904,0.2611119308926686,0.27139001359556636,GBM-full,Y12-base,all,23,4,80,18
0.23902004445227965,0.5384615384615384,-0.010425091187368283,0.49529042386185246,0.15384615384615385,0.8367346938775511,0.24071861614478365,0.24116848715099526,GBM-full,Y12-base,A,23,4,62,13
0.26551892551892553,0.36923076923076925,-0.2773500981126146,0.38461538461538464,0.0,0.7692307692307693,0.33135557057982784,0.3754863824601999,GBM-full,Y12-base,B,23,4,18,5
0.3093806083597146,0.6577060931899642,-0.13912166872805048,0.4596774193548387,0.0,0.9193548387096774,0.1805495465598365,0.13380371908034855,FL-FedAvg,Y12-base,all,23,4,80,18
0.31881304727328935,0.6687598116169544,-0.11614706978413032,0.46938775510204084,0.0,0.9387755102040817,0.1724225000669313,0.1349975467941212,FL-FedAvg,Y12-base,A,23,4,62,13
0.34939393939393937,0.5846153846153846,-0.21926450482675733,0.4230769230769231,0.0,0.8461538461538461,0.20854270670206515,0.19785797629149,FL-FedAvg,Y12-base,B,23,4,18,5
0.3093806083597146,0.6577060931899642,-0.13912166872805048,0.4596774193548387,0.0,0.9193548387096774,0.1806882326368593,0.1346094717240175,FL-FedProx,Y12-base,all,23,4,80,18
0.31881304727328935,0.6687598116169544,-0.11614706978413032,0.46938775510204084,0.0,0.9387755102040817,0.17258273186060225,0.1358079127620304,FL-FedProx,Y12-base,A,23,4,62,13
0.34939393939393937,0.5846153846153846,-0.21926450482675733,0.4230769230769231,0.0,0.8461538461538461,0.208607179755078,0.1976994956364717,FL-FedProx,Y12-base,B,23,4,18,5
0.2901078673298549,0.5761648745519714,0.06788442333021306,0.5268817204301075,0.16666666666666666,0.8870967741935484,0.19118261877662807,0.12612167086919673,FL-FedAvg-E,Y12-base,all,23,4,80,18
0.2948844805537812,0.6059654631083203,0.12517574506048262,0.554160125588697,0.23076923076923078,0.8775510204081632,0.18708454482986245,0.14310073807023338,FL-FedAvg-E,Y12-base,A,23,4,62,13
0.37689393939393934,0.5692307692307692,-0.1504142093990467,0.46153846153846156,0.0,0.9230769230769231,0.20529820681548752,0.13455904109768055,FL-FedAvg-E,Y12-base,B,23,4,18,5
0.26053616707726646,0.5414462081128748,0.1454563337409344,0.5873015873015872,0.6666666666666666,0.5079365079365079,0.2669798608455193,0.2959282627996931,LR-local-A,Y12-base,all,37,0,81,18
0.2754967180801971,0.5815384615384616,0.21926450482675733,0.6346153846153846,0.7692307692307693,0.5,0.26466783213220413,0.3092680852648455,LR-local-A,Y12-base,A,37,0,63,13
0.30549019607843136,0.4461538461538462,-0.05547001962252291,0.46923076923076923,0.4,0.5384615384615384,0.2750719613421223,0.3019603813075279,LR-local-A,Y12-base,B,37,0,18,5
0.23426341710926524,0.5044091710758378,0.05976143046671968,0.5357142857142857,0.5,0.5714285714285714,0.2578174779562572,0.26004325011902674,EN-compact,Y12-base,all,37,0,81,18
0.23643770776924722,0.5353846153846153,0.08461538461538462,0.5507692307692308,0.46153846153846156,0.64,0.24112692978836905,0.25484067544830313,EN-compact,Y12-base,A,37,0,63,13
0.2767676767676768,0.3846153846153846,-0.08770580193070292,0.45384615384615384,0.6,0.3076923076923077,0.31623439654386565,0.3134675599307496,EN-compact,Y12-base,B,37,0,18,5
0.23549523361088953,0.5202821869488536,0.052796367734845466,0.5317460317460317,0.5555555555555556,0.5079365079365079,0.26974846426881177,0.2744600562799213,EN-full,Y12-base,all,37,0,81,18
0.23156124191623872,0.5338461538461539,0.06357639532057509,0.5392307692307692,0.5384615384615384,0.54,0.2539947200777148,0.27090783352665154,EN-full,Y12-base,A,37,0,63,13
0.2826330532212885,0.41538461538461535,-0.01413506985480439,0.49230769230769234,0.6,0.38461538461538464,0.3248865689376511,0.3968388741314131,EN-full,Y12-base,B,37,0,18,5
0.2082562401948523,0.4867724867724868,-0.17694958208152353,0.4365079365079365,0.0,0.873015873015873,0.2715457971426398,0.2801598759211691,GBM-full,Y12-base,all,37,0,81,18
0.17936938154277504,0.42153846153846153,-0.18027756377319948,0.43,0.0,0.86,0.2695528762215491,0.29016384006998003,GBM-full,Y12-base,A,37,0,63,13
0.47090909090909094,0.7384615384615385,-0.1504142093990467,0.46153846153846156,0.0,0.9230769230769231,0.2785210203664574,0.30187810092605033,GBM-full,Y12-base,B,37,0,18,5
0.2354951545427675,0.5,-0.08504865111251246,0.48412698412698413,0.0,0.9682539682539683,0.1928734818859369,0.11063069318267958,FL-FedAvg,Y12-base,all,37,0,81,18
0.24016071335037273,0.5138461538461538,0.0,0.5,0.0,1.0,0.1830534218876826,0.11723323667073024,FL-FedAvg,Y12-base,A,37,0,63,13
0.2988235294117647,0.4307692307692308,-0.21926450482675733,0.4230769230769231,0.0,0.8461538461538461,0.22724369187982696,0.14975546835039047,FL-FedAvg,Y12-base,B,37,0,18,5
0.23660468287451805,0.5017636684303352,-0.08504865111251246,0.48412698412698413,0.0,0.9682539682539683,0.19302580062501865,0.110780153794029,FL-FedProx,Y12-base,all,37,0,81,18
0.2421783895166557,0.5169230769230769,0.0,0.5,0.0,1.0,0.18323896977432963,0.11818093105075797,FL-FedProx,Y12-base,A,37,0,63,13
0.2988235294117647,0.4307692307692308,-0.21926450482675733,0.4230769230769231,0.0,0.8461538461538461,0.22727970860243016,0.14968306212731933,FL-FedProx,Y12-base,B,37,0,18,5
0.2311082945011291,0.46472663139329806,0.02211869776019044,0.5079365079365079,0.1111111111111111,0.9047619047619048,0.20219591722499386,0.14117328986791755,FL-FedAvg-E,Y12-base,all,37,0,81,18
0.24024460078500215,0.49230769230769234,0.06933752452815364,0.5269230769230769,0.15384615384615385,0.9,0.196517680999362,0.15964398012865244,FL-FedAvg-E,Y12-base,A,37,0,63,13
0.2870286576168929,0.4461538461538462,-0.1504142093990467,0.46153846153846156,0.0,0.9230769230769231,0.22206974401470536,0.1383952761087252,FL-FedAvg-E,Y12-base,B,37,0,18,5
0.2982918067539943,0.5802469135802469,0.043355498476206,0.5238095238095238,0.3333333333333333,0.7142857142857143,0.2377240427312789,0.25761833217075525,LR-local-A,Y12-base,all,37,1,81,18
0.3461270256199246,0.6630769230769231,0.1386750490563073,0.5807692307692307,0.46153846153846156,0.7,0.23466347467111331,0.2768005408777573,LR-local-A,Y12-base,A,37,1,63,13
0.24527374586198114,0.3384615384615385,-0.2773500981126146,0.38461538461538464,0.0,0.7692307692307693,0.24843603094185834,0.19048060169624828,LR-local-A,Y12-base,B,37,1,18,5
0.30911108746696253,0.6164021164021164,0.20498001542269692,0.6190476190476191,0.5555555555555556,0.6825396825396826,0.2343964820070447,0.2404195148803544,EN-compact,Y12-base,all,37,1,81,18
0.36223268696510624,0.6661538461538462,0.24208767021795294,0.6392307692307693,0.5384615384615384,0.74,0.2143533011141023,0.23774281403643469,EN-compact,Y12-base,A,37,1,63,13
0.2888235294117647,0.4153846153846154,0.05547001962252291,0.5307692307692308,0.6,0.46153846153846156,0.30454761513234296,0.24978796783407303,EN-compact,Y12-base,B,37,1,18,5
0.24522238235316154,0.5696649029982364,0.043355498476206,0.5238095238095238,0.3333333333333333,0.7142857142857143,0.2459814000054884,0.20808454669830706,EN-full,Y12-base,all,37,1,81,18
0.2762963215618046,0.6476923076923078,0.08332051183416778,0.5438461538461539,0.3076923076923077,0.78,0.2184459953748255,0.2036990203592915,EN-full,Y12-base,A,37,1,63,13
0.2532967032967033,0.3692307692307692,-0.12403473458920847,0.4307692307692308,0.4,0.46153846153846156,0.34235531621280857,0.3372521835870103,EN-full,Y12-base,B,37,1,18,5
0.25544831655426103,0.5432098765432098,-0.08726388882593229,0.46031746031746035,0.1111111111111111,0.8095238095238095,0.2521200592564781,0.26597356425276,GBM-full,Y12-base,all,37,1,81,18
0.3030042904478928,0.6369230769230769,-0.027880093677272136,0.4869230769230769,0.15384615384615385,0.82,0.2218897867612018,0.2344863889028665,GBM-full,Y12-base,A,37,1,63,13
0.23321266968325793,0.27692307692307694,-0.2773500981126146,0.38461538461538464,0.0,0.7692307692307693,0.35792601298994525,0.43001231232565323,GBM-full,Y12-base,B,37,1,18,5
0.2602720853421712,0.5714285714285715,-0.08504865111251246,0.48412698412698413,0.0,0.9682539682539683,0.18094337029612878,0.10069727726689946,FL-FedAvg,Y12-base,all,37,1,81,18
0.3205537668598454,0.6646153846153846,-0.06475761258027332,0.49,0.0,0.98,0.1660826487776512,0.09583053140426924,FL-FedAvg,Y12-base,A,37,1,63,13
0.21731185481185483,0.21538461538461534,-0.1504142093990467,0.46153846153846156,0.0,0.9230769230769231,0.23295589561080046,0.38788436837235407,FL-FedAvg,Y12-base,B,37,1,18,5
0.2599413975114834,0.5705467372134039,-0.08504865111251246,0.48412698412698413,0.0,0.9682539682539683,0.18103407080983527,0.07792987876728676,FL-FedProx,Y12-base,all,37,1,81,18
0.3205537668598454,0.6646153846153846,-0.06475761258027332,0.49,0.0,0.98,0.16622313046610868,0.08789330937849013,FL-FedProx,Y12-base,A,37,1,63,13
0.21731185481185483,0.21538461538461534,-0.1504142093990467,0.46153846153846156,0.0,0.9230769230769231,0.23287236201287845,0.3879013821287246,FL-FedProx,Y12-base,B,37,1,18,5
0.27249057139382243,0.5537918871252204,0.15265620249783177,0.5515873015873016,0.16666666666666666,0.9365079365079365,0.19070325677998703,0.10790415446060547,FL-FedAvg-E,Y12-base,all,37,1,81,18
0.30542245127125034,0.6384615384615385,0.23542536230103778,0.5853846153846154,0.23076923076923078,0.94,0.18044144556123168,0.1485794438749615,FL-FedAvg-E,Y12-base,A,37,1,63,13
0.23496336996336997,0.30769230769230765,-0.1504142093990467,0.46153846153846156,0.0,0.9230769230769231,0.22661959604563084,0.21423331055045464,FL-FedAvg-E,Y12-base,B,37,1,18,5
0.32686491032633946,0.5247432306255837,0.16146816171752817,0.592436974789916,0.47058823529411764,0.7142857142857143,0.23841831381747697,0.24823800085369802,LR-local-A,Y12-base,all,37,2,80,17
0.3776889442789272,0.5866666666666667,0.21537001596217642,0.6316666666666667,0.5833333333333334,0.68,0.23685794614063566,0.2946547761333084,LR-local-A,Y12-base,A,37,2,62,12
0.29090354090354087,0.4153846153846154,0.05547001962252291,0.5230769230769231,0.2,0.8461538461538461,0.2437929135932634,0.20661772202858675,LR-local-A,Y12-base,B,37,2,18,5
0.39997047822924475,0.6704014939309056,0.2108268670411621,0.6218487394957983,0.5294117647058824,0.7142857142857143,0.23965280327080726,0.27874434694917904,EN-compact,Y12-base,all,37,2,80,17
0.4337451166719459,0.6583333333333333,0.17756913330150959,0.5983333333333334,0.4166666666666667,0.78,0.2364424305158153,0.2935826239226538,EN-compact,Y12-base,A,37,2,62,12
0.3408225108225108,0.5692307692307692,0.24029618753167464,0.6307692307692307,0.8,0.46153846153846156,0.2507107538713351,0.2276347262627662,EN-compact,Y12-base,B,37,2,18,5
0.40068316592237707,0.6816059757236228,0.19539543063702408,0.6139122315592904,0.5294117647058824,0.6984126984126984,0.23832789442176053,0.2824849212167275,EN-full,Y12-base,all,37,2,80,17
0.42927769241722724,0.69,0.20567231605441524,0.62,0.5,0.74,0.23508480752078675,0.29982245392371765,EN-full,Y12-base,A,37,2,62,12
0.3902564102564103,0.6307692307692307,0.12403473458920847,0.5692307692307692,0.6,0.5384615384615384,0.24949852708067033,0.22276675300376197,EN-full,Y12-base,B,37,2,18,5
0.24902593541201054,0.515406162464986,0.019672057630871886,0.5088702147525677,0.17647058823529413,0.8412698412698413,0.21488965603551108,0.2067196254727436,GBM-full,Y12-base,all,37,2,80,17
0.23621684758308986,0.5149999999999999,-0.013789005066533844,0.4933333333333333,0.16666666666666666,0.82,0.2115404431132401,0.20727128013826054,GBM-full,Y12-base,A,37,2,62,12
0.4488888888888889,0.5076923076923078,0.17541160386140586,0.5615384615384615,0.2,0.9230769230769231,0.2264258338788888,0.20481948162485186,GBM-full,Y12-base,B,37,2,18,5
0.3747967515577034,0.6181139122315593,0.11834526708278773,0.5350140056022409,0.11764705882352941,0.9523809523809523,0.17110229381825648,0.10602439770229576,FL-FedAvg,Y12-base,all,37,2,80,17
0.4186838414667147,0.605,0.20370138161918103,0.5633333333333334,0.16666666666666666,0.96,0.159154248373389,0.11803481963397071,FL-FedAvg,Y12-base,A,37,2,62,12
0.33131701631701627,0.5692307692307692,-0.1504142093990467,0.46153846153846156,0.0,0.9230769230769231,0.21225667257279998,0.20572502022260775,FL-FedAvg,Y12-base,B,37,2,18,5
0.373571261361625,0.6171802054154996,0.11834526708278773,0.5350140056022409,0.11764705882352941,0.9523809523809523,0.17128270568047563,0.10696784048093316,FL-FedProx,Y12-base,all,37,2,80,17
0.4186838414667147,0.605,0.20370138161918103,0.5633333333333334,0.16666666666666666,0.96,0.1593582283985342,0.12335884073632446,FL-FedProx,Y12-base,A,37,2,62,12
0.33131701631701627,0.5692307692307692,-0.1504142093990467,0.46153846153846156,0.0,0.9230769230769231,0.21235590520716263,0.2058409847285803,FL-FedProx,Y12-base,B,37,2,18,5
0.4125229855943453,0.6283846872082166,0.21914207652553164,0.5508870214752567,0.11764705882352941,0.9841269841269841,0.1716573534283753,0.11932820703398897,FL-FedAvg-E,Y12-base,all,37,2,80,17
0.4198670154779663,0.6066666666666667,0.2700352212501749,0.5733333333333334,0.16666666666666666,0.98,0.1661001226237181,0.1545795203538266,FL-FedAvg-E,Y12-base,A,37,2,62,12
0.4276190476190476,0.676923076923077,0.0,0.5,0.0,1.0,0.1907989261999724,0.08745976793511372,FL-FedAvg-E,Y12-base,B,37,2,18,5
0.2844018149433878,0.478494623655914,0.003351988784425186,0.5017921146953406,0.2777777777777778,0.7258064516129032,0.2533015562475348,0.2488906560352881,LR-local-A,Y12-base,all,37,3,80,18
0.253867436506358,0.4819466248037677,-0.016404835764663273,0.49058084772370486,0.3076923076923077,0.673469387755102,0.2599076419811637,0.27518402480333,LR-local-A,Y12-base,A,37,3,62,13
0.4200356506238859,0.4461538461538461,0.17541160386140586,0.5615384615384615,0.2,0.9230769230769231,0.23054726094281325,0.2805799049454814,LR-local-A,Y12-base,B,37,3,18,5
0.3761014167802835,0.6980286738351255,0.27865500140590704,0.660394265232975,0.6111111111111112,0.7096774193548387,0.2452164038896348,0.2761327350751027,EN-compact,Y12-base,all,37,3,80,18
0.3438752672257881,0.6656200941915228,0.17327235121111847,0.598116169544741,0.46153846153846156,0.7346938775510204,0.24446540734855207,0.2896723900537455,EN-compact,Y12-base,A,37,3,62,13
0.5253968253968254,0.8,0.5547001962252291,0.8076923076923077,1.0,0.6153846153846154,0.24780316975336428,0.2294961457042221,EN-compact,Y12-base,B,37,3,18,5
0.3039095763622509,0.5600358422939068,-0.040363289974706895,0.4775985663082437,0.2777777777777778,0.6774193548387096,0.23818573516963007,0.22086424859199857,EN-full,Y12-base,all,37,3,80,18
0.28837432097779003,0.5698587127158555,0.019710413199636085,0.510989010989011,0.3076923076923077,0.7142857142857143,0.23088657949315805,0.21311357199376924,EN-full,Y12-base,A,37,3,62,13
0.4482174688057041,0.5230769230769231,-0.24029618753167464,0.36923076923076925,0.2,0.5384615384615384,0.2633272713885892,0.3402379663194336,EN-full,Y12-base,B,37,3,18,5
0.26837463878590184,0.5304659498207887,0.16837085343132013,0.5743727598566308,0.2777777777777778,0.8709677419354839,0.21488276074356155,0.16245917757067588,GBM-full,Y12-base,all,37,3,80,18
0.31344269588765106,0.6200941915227629,0.27936070907251476,0.631083202511774,0.38461538461538464,0.8775510204081632,0.18687025231871893,0.12225378511389727,GBM-full,Y12-base,A,37,3,62,13
0.2212842712842713,0.24615384615384617,-0.21926450482675733,0.4230769230769231,0.0,0.8461538461538461,0.31137028976246417,0.33241674027421675,GBM-full,Y12-base,B,37,3,18,5
0.31409799725769627,0.6048387096774194,0.10820574234403926,0.5313620071684588,0.1111111111111111,0.9516129032258065,0.17821806732465756,0.09015533987757957,FL-FedAvg,Y12-base,all,37,3,80,18
0.31650108231593765,0.6138147566718996,0.1872918104732305,0.5565149136577707,0.15384615384615385,0.9591836734693877,0.1722772887834452,0.11458493632332677,FL-FedAvg,Y12-base,A,37,3,62,13
0.3702564102564102,0.5692307692307692,-0.1504142093990467,0.46153846153846156,0.0,0.9230769230769231,0.198680748966611,0.16713897308256362,FL-FedAvg,Y12-base,B,37,3,18,5
0.31409799725769627,0.6048387096774194,0.10820574234403926,0.5313620071684588,0.1111111111111111,0.9516129032258065,0.17834125659940878,0.0910490942655257,FL-FedProx,Y12-base,all,37,3,80,18
0.31650108231593765,0.6138147566718996,0.1872918104732305,0.5565149136577707,0.15384615384615385,0.9591836734693877,0.1724260956161963,0.11553523929024745,FL-FedProx,Y12-base,A,37,3,62,13
0.3702564102564102,0.5692307692307692,-0.1504142093990467,0.46153846153846156,0.0,0.9230769230769231,0.19871569998602956,0.16691299516398692,FL-FedProx,Y12-base,B,37,3,18,5
0.24976193133041363,0.514336917562724,0.019956144669641657,0.507168458781362,0.1111111111111111,0.9032258064516129,0.1970957909676478,0.13514144656974328,FL-FedAvg-E,Y12-base,all,37,3,80,18
0.25930122366059805,0.5698587127158556,0.03812575090597313,0.5156985871271585,0.15384615384615385,0.8775510204081632,0.1935768428550611,0.15766308747515473,FL-FedAvg-E,Y12-base,A,37,3,62,13
0.28275058275058274,0.4461538461538461,0.0,0.5,0.0,1.0,0.20921661224433527,0.2150707458445224,FL-FedAvg-E,Y12-base,B,37,3,18,5
0.37339557545944735,0.6353046594982079,0.27865500140590704,0.660394265232975,0.6111111111111112,0.7096774193548387,0.23677645892490454,0.2787256154323334,LR-local-A,Y12-base,all,37,4,80,18
0.3748676679163272,0.6452119309262165,0.3426366587825739,0.7032967032967032,0.6923076923076923,0.7142857142857143,0.24324111663274045,0.30831056898694653,LR-local-A,Y12-base,A,37,4,62,13
0.561547619047619,0.6615384615384615,0.08770580193070292,0.5461538461538462,0.4,0.6923076923076923,0.21450930459791445,0.2164300224972677,LR-local-A,Y12-base,B,37,4,18,5
0.37053358889266597,0.5761648745519713,0.09291228574962064,0.5555555555555556,0.6111111111111112,0.5,0.25382189725222354,0.2915717144294527,EN-compact,Y12-base,all,37,4,80,18
0.2861866751343205,0.5196232339089482,0.05626616867452687,0.5345368916797488,0.5384615384615384,0.5306122448979592,0.25427808975701105,0.2903910735150666,EN-compact,Y12-base,A,37,4,62,13
0.6158333333333333,0.7230769230769231,0.17541160386140583,0.5923076923076923,0.8,0.38461538461538464,0.25225056751351105,0.29563836646789327,EN-compact,Y12-base,B,37,4,18,5
0.3189493757592313,0.5501792114695341,0.13324891246333143,0.5797491039426523,0.6111111111111112,0.5483870967741935,0.25288315961848584,0.28454963980149695,EN-full,Y12-base,all,37,4,80,18
0.29480765488805905,0.5102040816326531,0.08988968316207743,0.554945054945055,0.5384615384615384,0.5714285714285714,0.25325227592068184,0.29489429915432613,EN-full,Y12-base,A,37,4,62,13
0.5301587301587302,0.6307692307692309,0.24029618753167464,0.6307692307692307,0.8,0.46153846153846156,0.251611759022033,0.316363334167262,EN-full,Y12-base,B,37,4,18,5
0.31907787889330974,0.5564516129032259,0.07387198368257757,0.5232974910394265,0.1111111111111111,0.9354838709677419,0.2025215036246702,0.17194719551256651,GBM-full,Y12-base,all,37,4,80,18
0.29497641444591494,0.5620094191522763,-0.007040915115573488,0.49764521193092626,0.07692307692307693,0.9183673469387755,0.20018622978765058,0.17060611122243755,GBM-full,Y12-base,A,37,4,62,13
0.42666666666666664,0.46153846153846156,0.39107694443752145,0.6,0.2,1.0,0.21056522461884886,0.21643780584160988,GBM-full,Y12-base,B,37,4,18,5
0.30649587034336456,0.5555555555555556,0.051207698919987034,0.5116487455197133,0.05555555555555555,0.967741935483871,0.18985743756740991,0.1370390151359885,FL-FedAvg,Y12-base,all,37,4,80,18
0.29922766688988744,0.5243328100470958,-0.06594907653549753,0.4897959183673469,0.0,0.9795918367346939,0.1862125838264264,0.13996087502975346,FL-FedAvg,Y12-base,A,37,4,62,13
0.41120448179271707,0.6153846153846154,0.17541160386140586,0.5615384615384615,0.2,0.9230769230769231,0.2024119337863532,0.14083374069293397,FL-FedAvg,Y12-base,B,37,4,18,5
0.30649587034336456,0.5555555555555556,0.051207698919987034,0.5116487455197133,0.05555555555555555,0.967741935483871,0.19000083028552037,0.11775889514202638,FL-FedProx,Y12-base,all,37,4,80,18
0.29922766688988744,0.5243328100470958,-0.06594907653549753,0.4897959183673469,0.0,0.9795918367346939,0.18636833201569855,0.11487961013484611,FL-FedProx,Y12-base,A,37,4,62,13
0.41120448179271707,0.6153846153846154,0.17541160386140586,0.5615384615384615,0.2,0.9230769230769231,0.2025127687704623,0.14097000077628888,FL-FedProx,Y12-base,B,37,4,18,5
0.2387926881952897,0.44175627240143367,-0.03977722198292638,0.4874551971326165,0.05555555555555555,0.9193548387096774,0.20660545966327631,0.16620995569808153,FL-FedAvg-E,Y12-base,all,37,4,80,18
0.22992215702093954,0.4411302982731554,-0.03458443043821728,0.4874411302982732,0.07692307692307693,0.8979591836734694,0.2066714515925474,0.18467413002080907,FL-FedAvg-E,Y12-base,A,37,4,62,13
0.44047619047619047,0.5076923076923077,0.0,0.5,0.0,1.0,0.2063781541291203,0.13199646570774387,FL-FedAvg-E,Y12-base,B,37,4,18,5
0.7112512146168883,0.8377425044091711,0.44582257006028225,0.6904761904761905,0.4444444444444444,0.9365079365079365,0.20419389918333236,0.31649331715035706,LR-local-A,Y12-landmark,all,7,0,81,18
0.6899485130254359,0.85,0.39454762978356894,0.6623076923076923,0.38461538461538464,0.94,0.20525041877782058,0.3155795251864185,LR-local-A,Y12-landmark,A,7,0,63,13
0.7722222222222221,0.8153846153846154,0.5635445125120265,0.7615384615384615,0.6,0.9230769230769231,0.2004960806026237,0.3196915890241419,LR-local-A,Y12-landmark,B,7,0,18,5
0.2923596597314697,0.5961199294532628,0.17548350532571264,0.6031746031746033,0.5555555555555556,0.6507936507936508,0.24679484046980887,0.276313231743431,EN-compact,Y12-landmark,all,7,0,81,18
0.32109255866564107,0.6430769230769231,0.2024285438557499,0.6192307692307693,0.5384615384615384,0.7,0.2438252708456328,0.29084912208709124,EN-compact,Y12-landmark,A,7,0,63,13
0.2659663865546219,0.39999999999999997,0.05547001962252291,0.5307692307692308,0.6,0.46153846153846156,0.257188334154425,0.22543761554061995,EN-compact,Y12-landmark,B,7,0,18,5
0.6911199080401049,0.8033509700176367,0.48157133033088717,0.6984126984126984,0.4444444444444444,0.9523809523809523,0.1999139893008379,0.30711869165584293,EN-full,Y12-landmark,all,7,0,81,18
0.6754661627964795,0.8215384615384613,0.39454762978356894,0.6623076923076923,0.38461538461538464,0.94,0.20108447718122396,0.3053271036244182,EN-full,Y12-landmark,A,7,0,63,13
0.7496503496503497,0.7692307692307692,0.7211102550927979,0.8,0.6,1.0,0.19581728171948662,0.31338924976582955,EN-full,Y12-landmark,B,7,0,18,5
0.49970170177597717,0.6622574955908289,0.5669467095138409,0.7142857142857142,0.4444444444444444,0.9841269841269841,0.15158056453364407,0.15846299302781003,GBM-full,Y12-landmark,all,7,0,81,18
0.44371264510607755,0.6584615384615385,0.5026649627508645,0.6823076923076923,0.38461538461538464,0.98,0.15624645302194362,0.16217336654941727,GBM-full,Y12-landmark,A,7,0,63,13
0.7088235294117646,0.6307692307692307,0.7211102550927979,0.8,0.6,1.0,0.13524995482459573,0.2007155116388001,GBM-full,Y12-landmark,B,7,0,18,5
0.6731100981223288,0.7777777777777778,0.5753964555687505,0.6944444444444444,0.3888888888888889,1.0,0.14028975088353515,0.14792405668588726,FL-FedAvg,Y12-landmark,all,7,0,81,18
0.7081164259546222,0.84,0.5106429211881653,0.6538461538461539,0.3076923076923077,1.0,0.13269892094628805,0.15430572063467607,FL-FedAvg,Y12-landmark,A,7,0,63,13
0.719642857142857,0.676923076923077,0.7211102550927979,0.8,0.6,1.0,0.16685765566390015,0.20566503309790685,FL-FedAvg,Y12-landmark,B,7,0,18,5
0.6731100981223288,0.7777777777777778,0.5753964555687505,0.6944444444444444,0.3888888888888889,1.0,0.1405533712508851,0.1489464140528751,FL-FedProx,Y12-landmark,all,7,0,81,18
0.7081164259546222,0.84,0.5106429211881653,0.6538461538461539,0.3076923076923077,1.0,0.1329620304079521,0.15493418544339965,FL-FedProx,Y12-landmark,A,7,0,63,13
0.719642857142857,0.676923076923077,0.7211102550927979,0.8,0.6,1.0,0.16712306420115064,0.20662528314311698,FL-FedProx,Y12-landmark,B,7,0,18,5
0.6191976093573335,0.7142857142857142,0.5669467095138409,0.7142857142857142,0.4444444444444444,0.9841269841269841,0.15293727441935545,0.1742625876256983,FL-FedAvg-E,Y12-landmark,all,7,0,81,18
0.5737156939391709,0.7076923076923077,0.5026649627508645,0.6823076923076923,0.38461538461538464,0.98,0.15260910972520067,0.16803605794887055,FL-FedAvg-E,Y12-landmark,A,7,0,63,13
0.7333333333333332,0.7230769230769231,0.7211102550927979,0.8,0.6,1.0,0.15408585084889737,0.21235622483823965,FL-FedAvg-E,Y12-landmark,B,7,0,18,5
0.45093149152536127,0.6807760141093475,0.19467193495850896,0.5992063492063492,0.3888888888888889,0.8095238095238095,0.22044682452917733,0.2502387143177485,LR-local-A,Y12-landmark,all,7,1,81,18
0.4450977385277842,0.6953846153846155,0.15304465935724168,0.5823076923076923,0.38461538461538464,0.78,0.22271316189185034,0.2702090129637623,LR-local-A,Y12-landmark,A,7,1,63,13
0.6782828282828283,0.6769230769230768,0.3882901373576604,0.6615384615384616,0.4,0.9230769230769231,0.21251464375982176,0.18851289078174102,LR-local-A,Y12-landmark,B,7,1,18,5
0.40297351633510065,0.6340388007054675,0.20498001542269692,0.6190476190476191,0.5555555555555556,0.6825396825396826,0.22015126543445654,0.2561810746652356,EN-compact,Y12-landmark,all,7,1,81,18
0.34909295773073035,0.5538461538461539,0.07356255172368736,0.5423076923076923,0.38461538461538464,0.7,0.22040495255459508,0.26174677184250567,EN-compact,Y12-landmark,A,7,1,63,13
0.5644444444444444,0.8153846153846154,0.5547001962252291,0.8076923076923077,1.0,0.6153846153846154,0.21926336051397166,0.23670113454479047,EN-compact,Y12-landmark,B,7,1,18,5
0.45381357161662106,0.7178130511463844,0.2569099983510709,0.623015873015873,0.3888888888888889,0.8571428571428571,0.21102826590961232,0.23073229690969324,EN-full,Y12-landmark,all,7,1,81,18
0.45428386943965193,0.7184615384615385,0.2246153846153846,0.6123076923076923,0.38461538461538464,0.84,0.21690371256242122,0.2540733102567795,EN-full,Y12-landmark,A,7,1,63,13
0.6754901960784314,0.7538461538461538,0.3882901373576604,0.6615384615384616,0.4,0.9230769230769231,0.19046420262478103,0.21969287804725066,EN-full,Y12-landmark,B,7,1,18,5
0.45540518906988103,0.6146384479717814,0.22688611094742397,0.6031746031746031,0.3333333333333333,0.873015873015873,0.2001990462134304,0.17892693008545554,GBM-full,Y12-landmark,all,7,1,81,18
0.49372062672341865,0.6169230769230769,0.25209529190188185,0.6223076923076923,0.38461538461538464,0.86,0.19440249117641945,0.18575184887227056,GBM-full,Y12-landmark,A,7,1,63,13
0.5225,0.6461538461538462,0.17541160386140586,0.5615384615384615,0.2,0.9230769230769231,0.2204869888429687,0.23507959055215244,GBM-full,Y12-landmark,B,7,1,18,5
0.46458561456110903,0.6860670194003528,0.33259182769968654,0.6468253968253969,0.3888888888888889,0.9047619047619048,0.16619495065650478,0.10256090974934999,FL-FedAvg,Y12-landmark,all,7,1,81,18
0.44519765371627995,0.6753846153846154,0.31519340020939335,0.6423076923076924,0.38461538461538464,0.9,0.16664464994970296,0.12360445739645474,FL-FedAvg,Y12-landmark,A,7,1,63,13
0.7421568627450981,0.7692307692307693,0.3882901373576604,0.6615384615384616,0.4,0.9230769230769231,0.16462100313031097,0.23636584296248908,FL-FedAvg,Y12-landmark,B,7,1,18,5
0.46458561456110903,0.6860670194003528,0.33259182769968654,0.6468253968253969,0.3888888888888889,0.9047619047619048,0.1663160368479291,0.10344818591147924,FL-FedProx,Y12-landmark,all,7,1,81,18
0.44519765371627995,0.6753846153846154,0.31519340020939335,0.6423076923076924,0.38461538461538464,0.9,0.16673400625365545,0.14986758710580253,FL-FedProx,Y12-landmark,A,7,1,63,13
0.7421568627450981,0.7692307692307693,0.3882901373576604,0.6615384615384616,0.4,0.9230769230769231,0.16485314392788697,0.23663924263839217,FL-FedProx,Y12-landmark,B,7,1,18,5
0.4370200740064696,0.7010582010582012,0.280305955290694,0.6309523809523809,0.3888888888888889,0.873015873015873,0.17237606557127436,0.12147860081533905,FL-FedAvg-E,Y12-landmark,all,7,1,81,18
0.44107502231808554,0.7123076923076923,0.25209529190188185,0.6223076923076923,0.38461538461538464,0.86,0.17455014450717662,0.15750947956424247,FL-FedAvg-E,Y12-landmark,A,7,1,63,13
0.6976190476190476,0.8,0.3882901373576604,0.6615384615384616,0.4,0.9230769230769231,0.1647667892956163,0.0684000656947674,FL-FedAvg-E,Y12-landmark,B,7,1,18,5
0.4107145831619087,0.6339869281045751,0.17833800186741364,0.5891690009337068,0.35294117647058826,0.8253968253968254,0.21352608678995127,0.2459484124821748,LR-local-A,Y12-landmark,all,7,2,80,17
0.35637944100064367,0.6316666666666667,0.09307578419910345,0.5449999999999999,0.25,0.84,0.21182270484029808,0.26124016374165787,LR-local-A,Y12-landmark,A,7,2,62,12
0.5158333333333334,0.5846153846153846,0.35082320772281167,0.6846153846153846,0.6,0.7692307692307693,0.21939329128320123,0.19327682481062192,LR-local-A,Y12-landmark,B,7,2,18,5
0.31129089014904243,0.5,-0.026948402781814772,0.48366013071895425,0.4117647058823529,0.5555555555555556,0.2442035459371926,0.28720352851577613,EN-compact,Y12-landmark,all,7,2,80,17
0.2930911814529899,0.5258333333333334,-0.018592445034090566,0.4883333333333334,0.4166666666666667,0.56,0.24414267773484852,0.3098272872383002,EN-compact,Y12-landmark,A,7,2,62,12
0.44583333333333336,0.47692307692307695,-0.05547001962252291,0.46923076923076923,0.4,0.5384615384615384,0.24441320307860004,0.20927724847152596,EN-compact,Y12-landmark,B,7,2,18,5
0.4342061762698167,0.6274509803921569,0.2681612066524115,0.6209150326797386,0.35294117647058826,0.8888888888888888,0.21370174231125422,0.25605908363043317,EN-full,Y12-landmark,all,7,2,80,17
0.37508918565366367,0.6266666666666667,0.21222384653700216,0.585,0.25,0.92,0.2101783516903113,0.25849512987417383,EN-full,Y12-landmark,A,7,2,62,12
0.6196428571428572,0.6307692307692307,0.35082320772281167,0.6846153846153846,0.6,0.7692307692307693,0.2258378655611686,0.2476682576797707,EN-full,Y12-landmark,B,7,2,18,5
0.3499757746852782,0.5985060690943044,0.12222646627042817,0.5597572362278245,0.29411764705882354,0.8253968253968254,0.2422315303207283,0.25447959933259856,GBM-full,Y12-landmark,all,7,2,80,17
0.31598873599015864,0.5366666666666667,0.029907848218242362,0.5133333333333333,0.16666666666666666,0.86,0.2298721696120087,0.23796035323236647,GBM-full,Y12-landmark,A,7,2,62,12
0.4566233766233766,0.7076923076923076,0.26856632724128343,0.6461538461538461,0.6,0.6923076923076923,0.2848026616507625,0.31137922478895375,GBM-full,Y12-landmark,B,7,2,18,5
0.42002439785433493,0.5891690009337068,0.3249765299155221,0.6367880485527544,0.35294117647058826,0.9206349206349206,0.1653360828070861,0.1288496129394946,FL-FedAvg,Y12-landmark,all,7,2,80,17
0.35960400271843856,0.5750000000000001,0.3047000250462049,0.605,0.25,0.96,0.15698356213229758,0.1258696991452766,FL-FedAvg,Y12-landmark,A,7,2,62,12
0.5491666666666666,0.6000000000000001,0.35082320772281167,0.6846153846153846,0.6,0.7692307692307693,0.19410587624246864,0.25863046307888715,FL-FedAvg,Y12-landmark,B,7,2,18,5
0.42002439785433493,0.5891690009337068,0.3249765299155221,0.6367880485527544,0.35294117647058826,0.9206349206349206,0.1654370537689049,0.134357503759758,FL-FedProx,Y12-landmark,all,7,2,80,17
0.35960400271843856,0.5750000000000001,0.3047000250462049,0.605,0.25,0.96,0.15712229325597357,0.12689956647101702,FL-FedProx,Y12-landmark,A,7,2,62,12
0.5491666666666666,0.6000000000000001,0.35082320772281167,0.6846153846153846,0.6,0.7692307692307693,0.19407678442455728,0.2587523570609377,FL-FedProx,Y12-landmark,B,7,2,18,5
0.3519807829335824,0.569561157796452,0.2656342559921742,0.607376283846872,0.29411764705882354,0.9206349206349206,0.1758341489077339,0.13814872832244895,FL-FedAvg-E,Y12-landmark,all,7,2,80,17
0.2942008291135137,0.5333333333333333,0.2538981798168031,0.595,0.25,0.94,0.17258371551390678,0.14005004739847693,FL-FedAvg-E,Y12-landmark,A,7,2,62,12
0.6088888888888888,0.5846153846153846,0.26519741765271837,0.6230769230769231,0.4,0.8461538461538461,0.18703008615313854,0.14523153558959268,FL-FedAvg-E,Y12-landmark,B,7,2,18,5
0.5403776040917413,0.721326164874552,0.35887623535456775,0.6890681003584229,0.5555555555555556,0.8225806451612904,0.1883994509469476,0.24389626874939596,LR-local-A,Y12-landmark,all,7,3,80,18
0.5279847376266813,0.739403453689168,0.35664293590247675,0.6875981161695448,0.5384615384615384,0.8367346938775511,0.1848549388128686,0.24025904206145166,LR-local-A,Y12-landmark,A,7,3,62,13
0.712156862745098,0.6461538461538461,0.35082320772281167,0.6846153846153846,0.6,0.7692307692307693,0.20060832607544204,0.3587927113360445,LR-local-A,Y12-landmark,B,7,3,18,5
0.3292637641085563,0.60752688172043,0.2627853742640953,0.6523297491039427,0.6111111111111112,0.6935483870967742,0.2317688883364613,0.2724207869081323,EN-compact,Y12-landmark,all,7,3,80,18
0.2802653283171013,0.554160125588697,0.2163099582786291,0.6185243328100472,0.46153846153846156,0.7755102040816326,0.21913117881852606,0.259357557925782,EN-compact,Y12-landmark,A,7,3,62,13
0.5385281385281385,0.7846153846153846,0.38461538461538464,0.6923076923076923,1.0,0.38461538461538464,0.27529877667601593,0.3174163534028944,EN-compact,Y12-landmark,B,7,3,18,5
0.5637204697647058,0.7446236559139785,0.38021562140115595,0.6971326164874552,0.5555555555555556,0.8387096774193549,0.20684677592961584,0.27802988016122987,EN-full,Y12-landmark,all,7,3,80,18
0.5643698480790059,0.7582417582417583,0.38516444325982163,0.6978021978021978,0.5384615384615384,0.8571428571428571,0.20302787483109022,0.3033783617900359,EN-full,Y12-landmark,A,7,3,62,13
0.6852272727272728,0.7076923076923076,0.35082320772281167,0.6846153846153846,0.6,0.7692307692307693,0.22000076860231507,0.215262620449243,EN-full,Y12-landmark,B,7,3,18,5
0.49986362424470515,0.6953405017921147,0.3033071397568463,0.6379928315412187,0.3888888888888889,0.8870967741935484,0.18601733730796752,0.17372006733505957,GBM-full,Y12-landmark,all,7,3,80,18
0.45243470172126243,0.6703296703296704,0.3127527356210485,0.641287284144427,0.38461538461538464,0.8979591836734694,0.18517544029043992,0.18257488617740047,GBM-full,Y12-landmark,A,7,3,62,13
0.6142857142857143,0.7384615384615385,0.26519741765271837,0.6230769230769231,0.4,0.8461538461538461,0.18891720481278484,0.2249797073621393,GBM-full,Y12-landmark,B,7,3,18,5
0.5340634871649512,0.7446236559139785,0.2780120324624746,0.6299283154121864,0.3888888888888889,0.8709677419354839,0.15470769856915656,0.10941803423916172,FL-FedAvg,Y12-landmark,all,7,3,80,18
0.47681026248561326,0.7252747252747253,0.2376525014916409,0.6028257456828885,0.3076923076923077,0.8979591836734694,0.14979953030681012,0.12641839103378874,FL-FedAvg,Y12-landmark,A,7,3,62,13
0.7722222222222221,0.8153846153846154,0.35082320772281167,0.6846153846153846,0.6,0.7692307692307693,0.1716136114727943,0.17048042689197235,FL-FedAvg,Y12-landmark,B,7,3,18,5
0.5340634871649512,0.7446236559139785,0.2780120324624746,0.6299283154121864,0.3888888888888889,0.8709677419354839,0.1549082304954553,0.1087353868572403,FL-FedProx,Y12-landmark,all,7,3,80,18
0.47681026248561326,0.7252747252747253,0.2376525014916409,0.6028257456828885,0.3076923076923077,0.8979591836734694,0.14999426759951348,0.12663302255474504,FL-FedProx,Y12-landmark,A,7,3,62,13
0.7722222222222221,0.8153846153846154,0.35082320772281167,0.6846153846153846,0.6,0.7692307692307693,0.17183410269258825,0.17097818636378947,FL-FedProx,Y12-landmark,B,7,3,18,5
0.5062739005855996,0.735663082437276,0.4730515397107005,0.7410394265232976,0.6111111111111112,0.8709677419354839,0.15999857314427904,0.1616438316768012,FL-FedAvg-E,Y12-landmark,all,7,3,80,18
0.4843513211934264,0.7237048665620094,0.5133437990580848,0.7566718995290425,0.6153846153846154,0.8979591836734694,0.15857881097536983,0.19139413411075165,FL-FedAvg-E,Y12-landmark,A,7,3,62,13
0.6788235294117647,0.7230769230769231,0.35082320772281167,0.6846153846153846,0.6,0.7692307692307693,0.16488886505941064,0.21173389751861751,FL-FedAvg-E,Y12-landmark,B,7,3,18,5
0.5037871452783733,0.710573476702509,0.2831541218637993,0.6415770609318996,0.4444444444444444,0.8387096774193549,0.21523876911281975,0.2520468230861969,LR-local-A,Y12-landmark,all,7,4,80,18
0.44572152286498634,0.7613814756671899,0.2641246847478594,0.6389324960753533,0.46153846153846156,0.8163265306122449,0.21664093041197055,0.2659768027446518,LR-local-A,Y12-landmark,A,7,4,62,13
0.5741883116883117,0.5538461538461539,0.3882901373576604,0.6615384615384616,0.4,0.9230769230769231,0.2104091024157446,0.2531872412425632,LR-local-A,Y12-landmark,B,7,4,18,5
0.2543253080130541,0.5537634408602151,0.05986843400892497,0.53584229390681,0.5555555555555556,0.5161290322580645,0.2530841728180473,0.25358109713016774,EN-compact,Y12-landmark,all,7,4,80,18
0.28657455562931444,0.5698587127158555,0.06122901534747143,0.5368916797488226,0.46153846153846156,0.6122448979591837,0.23132380482086945,0.24201526415185912,EN-compact,Y12-landmark,A,7,4,62,13
0.2954901960784314,0.4769230769230769,-0.05547001962252291,0.47692307692307695,0.8,0.15384615384615385,0.328036551474993,0.3048329508514582,EN-compact,Y12-landmark,B,7,4,18,5
0.4691514193093793,0.663978494623656,0.20447131584993633,0.6093189964157706,0.4444444444444444,0.7741935483870968,0.20397875021769182,0.22826005500525626,EN-full,Y12-landmark,all,7,4,80,18
0.4165124101343832,0.6766091051805336,0.2163099582786291,0.6185243328100472,0.46153846153846156,0.7755102040816326,0.2056911789790425,0.2498808762670977,EN-full,Y12-landmark,A,7,4,62,13
0.5863095238095238,0.5846153846153845,0.16923076923076924,0.5846153846153846,0.4,0.7692307692307693,0.19808038448415086,0.20307690544814477,EN-full,Y12-landmark,B,7,4,18,5
0.4419734380880781,0.6720430107526882,0.28183467890010566,0.6066308243727598,0.2777777777777778,0.9354838709677419,0.18048370353776103,0.15091891072101235,GBM-full,Y12-landmark,all,7,4,80,18
0.433231651327769,0.6766091051805337,0.31702942388632704,0.6232339089481946,0.3076923076923077,0.9387755102040817,0.17123435105301127,0.1451385502964246,GBM-full,Y12-landmark,A,7,4,62,13
0.5888888888888888,0.6615384615384616,0.17541160386140586,0.5615384615384615,0.2,0.9230769230769231,0.21234258431856576,0.2361892749650866,GBM-full,Y12-landmark,B,7,4,18,5
0.4475528007318757,0.6666666666666666,0.2766475001553213,0.6182795698924731,0.3333333333333333,0.9032258064516129,0.16645462570493225,0.11066785196101692,FL-FedAvg,Y12-landmark,all,7,4,80,18
0.41970261225354877,0.6718995290423861,0.2376525014916409,0.6028257456828885,0.3076923076923077,0.8979591836734694,0.16356656630416339,0.14012608033739282,FL-FedAvg,Y12-landmark,A,7,4,62,13
0.5904761904761905,0.6,0.3882901373576604,0.6615384615384616,0.4,0.9230769230769231,0.17640238586313592,0.10755764396615243,FL-FedAvg,Y12-landmark,B,7,4,18,5
0.4475528007318757,0.6666666666666666,0.2766475001553213,0.6182795698924731,0.3333333333333333,0.9032258064516129,0.16660350075383343,0.11111713220600963,FL-FedProx,Y12-landmark,all,7,4,80,18
0.41970261225354877,0.6718995290423861,0.2376525014916409,0.6028257456828885,0.3076923076923077,0.8979591836734694,0.16372825620154255,0.14052243967563197,FL-FedProx,Y12-landmark,A,7,4,62,13
0.5904761904761905,0.6,0.3882901373576604,0.6615384615384616,0.4,0.9230769230769231,0.17650712087839074,0.1075951535039064,FL-FedProx,Y12-landmark,B,7,4,18,5
0.43181040932161535,0.6890681003584229,0.36048007595996406,0.6541218637992832,0.3888888888888889,0.9193548387096774,0.17428727641863723,0.16878652552355405,FL-FedAvg-E,Y12-landmark,all,7,4,80,18
0.421854284984456,0.6813186813186813,0.3830754633389573,0.6797488226059655,0.46153846153846156,0.8979591836734694,0.17653753878697107,0.2116775770681477,FL-FedAvg-E,Y12-landmark,A,7,4,62,13
0.6909090909090909,0.8,0.39107694443752145,0.6,0.2,1.0,0.16653637270548743,0.048986701305348324,FL-FedAvg-E,Y12-landmark,B,7,4,18,5
0.4684875737832964,0.63668430335097,0.236227795630767,0.6388888888888888,0.6111111111111112,0.6666666666666666,0.2579196845000611,0.26009217949953906,LR-local-A,Y12-landmark,all,11,0,81,18
0.4440813780823795,0.64,0.2099248607129947,0.6276923076923078,0.6153846153846154,0.64,0.2803150327852229,0.29280475824189806,LR-local-A,Y12-landmark,A,11,0,63,13
0.6588888888888889,0.6153846153846153,0.35082320772281167,0.6846153846153846,0.6,0.7692307692307693,0.17953596550199458,0.24927163309720787,LR-local-A,Y12-landmark,B,11,0,18,5
0.2222222222222222,0.5,0.0,0.5,0.0,1.0,0.2493135614795523,0.2765394281232114,EN-compact,Y12-landmark,all,11,0,81,18
0.20634920634920634,0.5,0.0,0.5,0.0,1.0,0.24927424879210586,0.2924124439962272,EN-compact,Y12-landmark,A,11,0,63,13
0.2777777777777778,0.5,0.0,0.5,0.0,1.0,0.2494511558856153,0.220983872567656,EN-compact,Y12-landmark,B,11,0,18,5
0.5364613075620764,0.7063492063492063,0.35714285714285715,0.6785714285714286,0.5,0.8571428571428571,0.20016532249103755,0.2389769654627349,EN-full,Y12-landmark,all,11,0,81,18
0.4696690783409759,0.6938461538461539,0.2675026958886439,0.6407692307692308,0.46153846153846156,0.82,0.2157362778444686,0.2626442997355976,EN-full,Y12-landmark,A,11,0,63,13
0.7291666666666665,0.7076923076923077,0.7211102550927979,0.8,0.6,1.0,0.1456669787540286,0.20936585010731298,EN-full,Y12-landmark,B,11,0,18,5
0.43017499598346554,0.6278659611992945,0.1483486110040849,0.5674603174603174,0.2777777777777778,0.8571428571428571,0.2029840039578577,0.17810924053590244,GBM-full,Y12-landmark,all,11,0,81,18
0.4611486059160478,0.6246153846153846,0.2246153846153846,0.6123076923076923,0.38461538461538464,0.84,0.20124437664136155,0.20606990311455997,GBM-full,Y12-landmark,A,11,0,63,13
0.5102564102564102,0.7230769230769231,-0.1504142093990467,0.46153846153846156,0.0,0.9230769230769231,0.20907269956559432,0.24258306734495527,GBM-full,Y12-landmark,B,11,0,18,5
0.5450556704309307,0.7072310405643739,0.44582257006028225,0.6904761904761905,0.4444444444444444,0.9365079365079365,0.15642104603988297,0.1495655760216872,FL-FedAvg,Y12-landmark,all,11,0,81,18
0.5206368925169468,0.7107692307692307,0.3522819383711917,0.6523076923076924,0.38461538461538464,0.92,0.15682101211774158,0.15130535401292908,FL-FedAvg,Y12-landmark,A,11,0,63,13
0.7203619909502261,0.676923076923077,0.7211102550927979,0.8,0.6,1.0,0.15502116476737798,0.18978298915881928,FL-FedAvg,Y12-landmark,B,11,0,18,5
0.5561667815420419,0.7081128747795414,0.44582257006028225,0.6904761904761905,0.4444444444444444,0.9365079365079365,0.15661871550066608,0.15048562221818104,FL-FedProx,Y12-landmark,all,11,0,81,18
0.5206368925169468,0.7107692307692307,0.3522819383711917,0.6523076923076924,0.38461538461538464,0.92,0.1569876506542364,0.1522219654109856,FL-FedProx,Y12-landmark,A,11,0,63,13
0.7203619909502261,0.676923076923077,0.7211102550927979,0.8,0.6,1.0,0.15532744246317,0.19077653790191337,FL-FedProx,Y12-landmark,B,11,0,18,5
0.4828173361639674,0.7654320987654322,0.36223083817397933,0.6547619047619048,0.3888888888888889,0.9206349206349206,0.16235014232294898,0.14455647025383156,FL-FedAvg-E,Y12-landmark,all,11,0,81,18
0.46593473813970704,0.7507692307692309,0.3522819383711917,0.6523076923076924,0.38461538461538464,0.92,0.1641878636827441,0.1827830326389635,FL-FedAvg-E,Y12-landmark,A,11,0,63,13
0.6075757575757575,0.8307692307692307,0.3882901373576604,0.6615384615384616,0.4,0.9230769230769231,0.1559181175636661,0.12294092769270176,FL-FedAvg-E,Y12-landmark,B,11,0,18,5
0.5943715568263788,0.6781305114638448,0.26856632724128343,0.6507936507936508,0.5555555555555556,0.746031746031746,0.20972482479667412,0.2676690477289781,LR-local-A,Y12-landmark,all,11,1,81,18
0.5583461503193945,0.663076923076923,0.28527988955517947,0.6592307692307693,0.5384615384615384,0.78,0.20847028790866143,0.2653932260742934,LR-local-A,Y12-landmark,A,11,1,63,13
0.7333333333333332,0.7230769230769231,0.1941450686788302,0.6076923076923078,0.6,0.6153846153846154,0.21411570390471832,0.27563442352037476,LR-local-A,Y12-landmark,B,11,1,18,5
0.31788165109366184,0.5238095238095238,0.013321497260575911,0.5079365079365079,0.4444444444444444,0.5714285714285714,0.2533592246422862,0.26293360377249825,EN-compact,Y12-landmark,all,11,1,81,18
0.2139405995920137,0.42923076923076925,-0.11094003924504582,0.43538461538461537,0.23076923076923078,0.64,0.2469563393365661,0.24821338144677216,EN-compact,Y12-landmark,A,11,1,63,13
0.5426373626373626,0.7076923076923076,0.33149677206589795,0.6538461538461539,1.0,0.3076923076923077,0.27576932321230674,0.377103254858028,EN-compact,Y12-landmark,B,11,1,18,5
0.6510168550681321,0.7222222222222222,0.35714285714285715,0.6785714285714286,0.5,0.8571428571428571,0.20492680919577497,0.30529712674995557,EN-full,Y12-landmark,all,11,1,81,18
0.6138111801785113,0.6969230769230769,0.3854012949505266,0.6807692307692308,0.46153846153846156,0.9,0.20315858821689722,0.31810380566889723,EN-full,Y12-landmark,A,11,1,63,13
0.7658119658119658,0.8,0.26856632724128343,0.6461538461538461,0.6,0.6923076923076923,0.2111155826218471,0.26047375053366006,EN-full,Y12-landmark,B,11,1,18,5
0.36469660646206137,0.5961199294532628,0.10968169942141635,0.5317460317460317,0.1111111111111111,0.9523809523809523,0.20548182197667783,0.18992258638978715,GBM-full,Y12-landmark,all,11,1,81,18
0.31768466678521234,0.5723076923076924,0.07016464154456234,0.5184615384615384,0.07692307692307693,0.96,0.19782378693329428,0.1762156516905049,GBM-full,Y12-landmark,A,11,1,63,13
0.5245378151260505,0.6461538461538461,0.17541160386140586,0.5615384615384615,0.2,0.9230769230769231,0.23228494462852034,0.23923454337989014,GBM-full,Y12-landmark,B,11,1,18,5
0.5952387654728533,0.7081128747795415,0.3640263290332912,0.623015873015873,0.2777777777777778,0.9682539682539683,0.14850138379744163,0.16062572646746545,FL-FedAvg,Y12-landmark,all,11,1,81,18
0.5341514097703697,0.6876923076923077,0.2543468255990385,0.5669230769230769,0.15384615384615385,0.98,0.14730462136053382,0.1639484487145584,FL-FedAvg,Y12-landmark,A,11,1,63,13
0.7466666666666666,0.7538461538461538,0.5635445125120265,0.7615384615384615,0.6,0.9230769230769231,0.15269005232661914,0.14899619860264,FL-FedAvg,Y12-landmark,B,11,1,18,5
0.5946655732329943,0.707231040564374,0.3640263290332912,0.623015873015873,0.2777777777777778,0.9682539682539683,0.1487415184828083,0.16111825216359282,FL-FedProx,Y12-landmark,all,11,1,81,18
0.5330863210129733,0.6861538461538461,0.2543468255990385,0.5669230769230769,0.15384615384615385,0.98,0.14753471855267766,0.1643295120164414,FL-FedProx,Y12-landmark,A,11,1,63,13
0.7466666666666666,0.7538461538461538,0.5635445125120265,0.7615384615384615,0.6,0.9230769230769231,0.15296531823826554,0.14987884267862261,FL-FedProx,Y12-landmark,B,11,1,18,5
0.5990190425178551,0.744268077601411,0.48157133033088717,0.6984126984126984,0.4444444444444444,0.9523809523809523,0.1524998446256714,0.13805423130559927,FL-FedAvg-E,Y12-landmark,all,11,1,81,18
0.5660418302418786,0.7123076923076923,0.5123509505246345,0.7107692307692308,0.46153846153846156,0.96,0.1559682996447151,0.16659273227627328,FL-FedAvg-E,Y12-landmark,A,11,1,63,13
0.7753968253968253,0.8769230769230769,0.3882901373576604,0.6615384615384616,0.4,0.9230769230769231,0.14036025205901856,0.16209472825482424,FL-FedAvg-E,Y12-landmark,B,11,1,18,5
0.4876762092902799,0.7563025210084033,0.4277926319464986,0.7091503267973855,0.5294117647058824,0.8888888888888888,0.18345637110766852,0.22530825144942332,LR-local-A,Y12-landmark,all,11,2,80,17
0.4331757822387508,0.7050000000000001,0.306805362730378,0.6483333333333333,0.4166666666666667,0.88,0.18978222780453788,0.2310704920380221,LR-local-A,Y12-landmark,A,11,2,62,12
0.6342424242424242,0.8461538461538461,0.7230769230769231,0.8615384615384616,0.8,0.9230769230769231,0.16166730915178523,0.2851810773890065,LR-local-A,Y12-landmark,B,11,2,18,5
0.2552751693649228,0.5555555555555556,-0.04765818067214009,0.47245564892623715,0.29411764705882354,0.6507936507936508,0.24172528956586872,0.2734285128752658,EN-compact,Y12-landmark,all,11,2,80,17
0.22412430437868874,0.5333333333333333,-0.10734396709982016,0.435,0.25,0.62,0.24282750565543573,0.29330342868644643,EN-compact,Y12-landmark,A,11,2,62,12
0.6060606060606061,0.6461538461538462,0.16923076923076924,0.5846153846153846,0.4,0.7692307692307693,0.2379287674795824,0.2049704695256431,EN-compact,Y12-landmark,B,11,2,18,5
0.5217184252018086,0.7432306255835668,0.48452514167571675,0.7250233426704015,0.5294117647058824,0.9206349206349206,0.2050297199235917,0.287195601094462,EN-full,Y12-landmark,all,11,2,80,17
0.4548350602124129,0.6933333333333332,0.37758658375530985,0.6683333333333333,0.4166666666666667,0.92,0.20940843099038214,0.2866653120033084,EN-full,Y12-landmark,A,11,2,62,12
0.7202564102564102,0.8307692307692308,0.7230769230769231,0.8615384615384616,0.8,0.9230769230769231,0.18994749291575785,0.28902215240843515,EN-full,Y12-landmark,B,11,2,18,5
0.5298334875091721,0.7049486461251168,0.3509909229929247,0.6582633053221288,0.4117647058823529,0.9047619047619048,0.15174136806790303,0.12369080197663264,GBM-full,Y12-landmark,all,11,2,80,17
0.4351846000916375,0.6366666666666667,0.17677669529663687,0.575,0.25,0.9,0.1615392124487706,0.12799756287609312,GBM-full,Y12-landmark,A,11,2,62,12
0.6202564102564102,0.8153846153846154,0.7230769230769231,0.8615384615384616,0.8,0.9230769230769231,0.11799323742269266,0.13764967569934275,GBM-full,Y12-landmark,B,11,2,18,5
0.492216910084907,0.742296918767507,0.4504233036389041,0.6820728291316527,0.4117647058823529,0.9523809523809523,0.14758454154733797,0.14067656929299144,FL-FedAvg,Y12-landmark,all,11,2,80,17
0.4451238079037631,0.71,0.3047000250462049,0.605,0.25,0.96,0.14898177381957992,0.13997038002236498,FL-FedAvg,Y12-landmark,A,11,2,62,12
0.7202564102564102,0.8307692307692308,0.7230769230769231,0.8615384615384616,0.8,0.9230769230769231,0.1427718526096158,0.19078462220180975,FL-FedAvg,Y12-landmark,B,11,2,18,5
0.492216910084907,0.742296918767507,0.4504233036389041,0.6820728291316527,0.4117647058823529,0.9523809523809523,0.147813445797471,0.14166902658126843,FL-FedProx,Y12-landmark,all,11,2,80,17
0.4451238079037631,0.71,0.3047000250462049,0.605,0.25,0.96,0.14919368500231198,0.14100367132865133,FL-FedProx,Y12-landmark,A,11,2,62,12
0.7202564102564102,0.8307692307692308,0.7230769230769231,0.8615384615384616,0.8,0.9230769230769231,0.14305928853635208,0.19171430000543072,FL-FedProx,Y12-landmark,B,11,2,18,5
0.4980298110500042,0.723622782446312,0.4504233036389041,0.6820728291316527,0.4117647058823529,0.9523809523809523,0.15726413596065703,0.16986069532627723,FL-FedAvg-E,Y12-landmark,all,11,2,80,17
0.42005218197168664,0.6733333333333333,0.3047000250462049,0.605,0.25,0.96,0.16512095984781575,0.17210244260021254,FL-FedAvg-E,Y12-landmark,A,11,2,62,12
0.8225,0.8153846153846155,0.7230769230769231,0.8615384615384616,0.8,0.9230769230769231,0.13020174257155478,0.2156144354440649,FL-FedAvg-E,Y12-landmark,B,11,2,18,5
0.3497685008171997,0.5779569892473118,0.1547760067168989,0.5815412186379928,0.3888888888888889,0.7741935483870968,0.20905389745047515,0.19326247743045608,LR-local-A,Y12-landmark,all,11,3,80,18
0.4563896390436827,0.6718995290423863,0.2641246847478594,0.6389324960753533,0.46153846153846156,0.8163265306122449,0.18240644657596253,0.17291203714420503,LR-local-A,Y12-landmark,A,11,3,62,13
0.2560839160839161,0.3846153846153846,-0.17541160386140583,0.4076923076923077,0.2,0.6153846153846154,0.30083956157379643,0.3313025804163434,LR-local-A,Y12-landmark,B,11,3,18,5
0.2946158138197136,0.5582437275985663,0.12070337472678247,0.5654121863799283,0.3888888888888889,0.7419354838709677,0.23501050803904774,0.24459657111260572,EN-compact,Y12-landmark,all,11,3,80,18
0.35638641961476547,0.5572998430141287,0.148813553059004,0.5722135007849294,0.3076923076923077,0.8367346938775511,0.22093876799997786,0.2460215681666882,EN-compact,Y12-landmark,A,11,3,62,13
0.2549346405228758,0.36923076923076925,-0.01413506985480439,0.49230769230769234,0.6,0.38461538461538464,0.2834798348402885,0.2658709488077065,EN-compact,Y12-landmark,B,11,3,18,5
0.49721903679656854,0.6648745519713262,0.3033071397568463,0.6379928315412187,0.3888888888888889,0.8870967741935484,0.20905810722187423,0.24244115739441344,EN-full,Y12-landmark,all,11,3,80,18
0.5916875018224592,0.7441130298273155,0.5108850621400399,0.7103610675039247,0.46153846153846156,0.9591836734693877,0.19675674920960737,0.2855260909985864,EN-full,Y12-landmark,A,11,3,62,13
0.41456876456876457,0.4307692307692308,-0.17541160386140583,0.4076923076923077,0.2,0.6153846153846154,0.2514294514863489,0.2136974803498456,EN-full,Y12-landmark,B,11,3,18,5
0.4517528656112055,0.5994623655913978,0.2766475001553213,0.6182795698924731,0.3333333333333333,0.9032258064516129,0.1852214126916937,0.16763901596198483,GBM-full,Y12-landmark,all,11,3,80,18
0.5919879007281237,0.6687598116169545,0.4626060143539575,0.7001569858712716,0.46153846153846156,0.9387755102040817,0.13755057439344992,0.13291353453367402,GBM-full,Y12-landmark,A,11,3,62,13
0.27555555555555555,0.3384615384615384,-0.2773500981126146,0.38461538461538464,0.0,0.7692307692307693,0.349420966830089,0.3679179455802475,GBM-full,Y12-landmark,B,11,3,18,5
0.44743301794993084,0.5985663082437276,0.3064051941017026,0.6263440860215054,0.3333333333333333,0.9193548387096774,0.1684450561678337,0.1402278611501482,FL-FedAvg,Y12-landmark,all,11,3,80,18
0.5477801500025683,0.6577708006279435,0.44222575688602306,0.6718995290423861,0.38461538461538464,0.9591836734693877,0.14639435287602473,0.12895670296871983,FL-FedAvg,Y12-landmark,A,11,3,62,13
0.2521969696969697,0.3384615384615385,-0.033149677206589796,0.48461538461538467,0.2,0.7692307692307693,0.24439747861739766,0.28259719561990304,FL-FedAvg,Y12-landmark,B,11,3,18,5
0.44743301794993084,0.5985663082437276,0.3064051941017026,0.6263440860215054,0.3333333333333333,0.9193548387096774,0.16858400349170277,0.14020136848893866,FL-FedProx,Y12-landmark,all,11,3,80,18
0.5477801500025683,0.6577708006279435,0.44222575688602306,0.6718995290423861,0.38461538461538464,0.9591836734693877,0.14661960293585943,0.12999015102647615,FL-FedProx,Y12-landmark,A,11,3,62,13
0.2521969696969697,0.3384615384615385,-0.033149677206589796,0.48461538461538467,0.2,0.7692307692307693,0.2442391609618299,0.28229542443725886,FL-FedProx,Y12-landmark,B,11,3,18,5
0.47033431975350465,0.5412186379928315,0.3628340324380931,0.6227598566308243,0.2777777777777778,0.967741935483871,0.17595383755854585,0.174387684721875,FL-FedAvg-E,Y12-landmark,all,11,3,80,18
0.5329052769097211,0.6263736263736264,0.44222575688602306,0.6718995290423861,0.38461538461538464,0.9591836734693877,0.16052955934842938,0.19254208187513808,FL-FedAvg-E,Y12-landmark,A,11,3,62,13
0.4021969696969697,0.38461538461538464,0.0,0.5,0.0,1.0,0.22908190694894723,0.1793396439120351,FL-FedAvg-E,Y12-landmark,B,11,3,18,5
0.4435881628118228,0.6953405017921147,0.13743154016143264,0.5734767025089605,0.3888888888888889,0.7580645161290323,0.2314668715354482,0.2276615713208355,LR-local-A,Y12-landmark,all,11,4,80,18
0.4183632464190983,0.717425431711146,0.12749394891919197,0.5698587127158555,0.38461538461538464,0.7551020408163265,0.22875312567517467,0.23735932013716077,LR-local-A,Y12-landmark,A,11,4,62,13
0.5993939393939394,0.6307692307692307,0.16923076923076924,0.5846153846153846,0.4,0.7692307692307693,0.24081421838750142,0.27720764039080803,LR-local-A,Y12-landmark,B,11,4,18,5
0.310470763957939,0.6075268817204301,0.23219126545047605,0.6362007168458781,0.6111111111111112,0.6612903225806451,0.24803371035462982,0.2760849332772165,EN-compact,Y12-landmark,all,11,4,80,18
0.30543310950523084,0.609105180533752,0.2606155281087531,0.6546310832025117,0.6153846153846154,0.6938775510204082,0.24753589761568723,0.28910082979943663,EN-compact,Y12-landmark,A,11,4,62,13
0.4782174688057041,0.5692307692307692,0.12403473458920847,0.5692307692307692,0.6,0.5384615384615384,0.2497483986776542,0.2312524008117917,EN-compact,Y12-landmark,B,11,4,18,5
0.3667340637698092,0.603942652329749,0.1547760067168989,0.5815412186379928,0.3888888888888889,0.7741935483870968,0.24645262452668587,0.2688089418474587,EN-full,Y12-landmark,all,11,4,80,18
0.36086532914368263,0.6138147566718996,0.12749394891919197,0.5698587127158555,0.38461538461538464,0.7551020408163265,0.2421385549632111,0.28233491685956125,EN-full,Y12-landmark,A,11,4,62,13
0.4037121212121212,0.5076923076923077,0.26519741765271837,0.6230769230769231,0.4,0.8461538461538461,0.2613121974675433,0.31498645481446,EN-full,Y12-landmark,B,11,4,18,5
0.3417967148172152,0.5905017921146954,0.17960530202677488,0.5860215053763441,0.3333333333333333,0.8387096774193549,0.225345187916558,0.20193621347592589,GBM-full,Y12-landmark,all,11,4,80,18
0.3178747909185421,0.5902668759811617,0.148813553059004,0.5722135007849294,0.3076923076923077,0.8367346938775511,0.22682518411750804,0.219759485492621,GBM-full,Y12-landmark,A,11,4,62,13
0.5412698412698413,0.6000000000000001,0.26519741765271837,0.6230769230769231,0.4,0.8461538461538461,0.22024742322439667,0.21493181891037935,GBM-full,Y12-landmark,B,11,4,18,5
0.3723046256871999,0.6182795698924731,0.1591557800787011,0.5779569892473119,0.3333333333333333,0.8225806451612904,0.19461083912276594,0.12829955226947476,FL-FedAvg,Y12-landmark,all,11,4,80,18
0.3807541451119223,0.629513343799058,0.12401883830455258,0.5620094191522763,0.3076923076923077,0.8163265306122449,0.19047220557896483,0.18309626215346922,FL-FedAvg,Y12-landmark,A,11,4,62,13
0.39913003663003666,0.4923076923076923,0.26519741765271837,0.6230769230769231,0.4,0.8461538461538461,0.20886613244030322,0.2324116230491027,FL-FedAvg,Y12-landmark,B,11,4,18,5
0.3727634178126587,0.6191756272401433,0.1591557800787011,0.5779569892473119,0.3333333333333333,0.8225806451612904,0.1946480104121764,0.1337471296574136,FL-FedProx,Y12-landmark,all,11,4,80,18
0.3818192338693187,0.631083202511774,0.12401883830455258,0.5620094191522763,0.3076923076923077,0.8163265306122449,0.19051534988484284,0.18337140078641004,FL-FedProx,Y12-landmark,A,11,4,62,13
0.39913003663003666,0.4923076923076923,0.26519741765271837,0.6230769230769231,0.4,0.8461538461538461,0.2088827300063252,0.20993813852658275,FL-FedProx,Y12-landmark,B,11,4,18,5
0.3308764237850577,0.5645161290322581,0.13978494623655913,0.5698924731182795,0.3333333333333333,0.8064516129032258,0.21351088911974186,0.1859297376586348,FL-FedAvg-E,Y12-landmark,all,11,4,80,18
0.3204177051049033,0.5604395604395603,0.10087640180614377,0.5518053375196232,0.3076923076923077,0.7959183673469388,0.21807174864248347,0.22013346749432045,FL-FedAvg-E,Y12-landmark,A,11,4,62,13
0.45201465201465196,0.6307692307692307,0.26519741765271837,0.6230769230769231,0.4,0.8461538461538461,0.19780126187474317,0.17052147702770828,FL-FedAvg-E,Y12-landmark,B,11,4,18,5
0.7056374929679893,0.8245149911816578,0.5195369208463535,0.7817460317460317,0.7222222222222222,0.8412698412698413,0.17205973726761087,0.23909173202118247,LR-local-A,Y12-landmark,all,19,0,81,18
0.639503445272676,0.8323076923076924,0.4589285179800713,0.7561538461538462,0.6923076923076923,0.82,0.17473579654195512,0.2599156238482867,LR-local-A,Y12-landmark,A,19,0,63,13
0.8555555555555556,0.8,0.7230769230769231,0.8615384615384616,0.8,0.9230769230769231,0.1626935298074058,0.3769656376293267,LR-local-A,Y12-landmark,B,19,0,18,5
0.41866171203236346,0.6807760141093474,0.23904572186687872,0.6428571428571428,0.6666666666666666,0.6190476190476191,0.2352278901290403,0.2740135449384188,EN-compact,Y12-landmark,all,19,0,81,18
0.46562101786305454,0.6907692307692308,0.24208767021795294,0.6392307692307693,0.5384615384615384,0.74,0.21580489303352163,0.2657787160227355,EN-compact,Y12-landmark,A,19,0,63,13
0.5082051282051283,0.6153846153846154,0.21926450482675733,0.5769230769230769,1.0,0.15384615384615385,0.3032083799633557,0.3303333368979519,EN-compact,Y12-landmark,B,19,0,18,5
0.7369841250547008,0.8218694885361553,0.47476490700886964,0.753968253968254,0.6666666666666666,0.8412698412698413,0.17486540892430147,0.2690177478311208,EN-full,Y12-landmark,all,19,0,81,18
0.6731631819510167,0.8261538461538461,0.48221102489208245,0.7476923076923077,0.6153846153846154,0.88,0.17035465956820903,0.26799823328848976,EN-full,Y12-landmark,A,19,0,63,13
0.8555555555555556,0.8,0.4437601569801833,0.7461538461538462,0.8,0.6923076923076923,0.1906530316706248,0.3673772537209628,EN-full,Y12-landmark,B,19,0,18,5
0.6753322680206846,0.8209876543209876,0.46249861077744114,0.7103174603174602,0.5,0.9206349206349206,0.12209584775824839,0.0976692200838813,GBM-full,Y12-landmark,all,19,0,81,18
0.5652163323382979,0.8061538461538462,0.3522819383711917,0.6523076923076924,0.38461538461538464,0.92,0.13211045925459752,0.0892916821194153,GBM-full,Y12-landmark,A,19,0,63,13
0.8625,0.8307692307692308,0.7230769230769231,0.8615384615384616,0.8,0.9230769230769231,0.0870447075210264,0.1269906029595123,GBM-full,Y12-landmark,B,19,0,18,5
0.7370873518350337,0.8077601410934744,0.5682541697904469,0.7341269841269842,0.5,0.9682539682539683,0.13512188559336355,0.1603362085220228,FL-FedAvg,Y12-landmark,all,19,0,81,18
0.6872503634798717,0.823076923076923,0.4437601569801833,0.6723076923076923,0.38461538461538464,0.96,0.13114104272792168,0.13989871915965435,FL-FedAvg,Y12-landmark,A,19,0,63,13
0.8555555555555556,0.8,0.8618916073713346,0.9,0.8,1.0,0.14905483562241,0.36733338630505785,FL-FedAvg,Y12-landmark,B,19,0,18,5
0.7370873518350337,0.8077601410934744,0.6118382763923426,0.7420634920634921,0.5,0.9841269841269841,0.13543763908106457,0.17223079679615513,FL-FedProx,Y12-landmark,all,19,0,81,18
0.6872503634798717,0.823076923076923,0.5026649627508645,0.6823076923076923,0.38461538461538464,0.98,0.13143229923894728,0.14736989685742297,FL-FedProx,Y12-landmark,A,19,0,63,13
0.8555555555555556,0.8,0.8618916073713346,0.9,0.8,1.0,0.14945632852847487,0.3680443406214175,FL-FedProx,Y12-landmark,B,19,0,18,5
0.7634585273735253,0.82010582010582,0.6561946870831653,0.7896825396825398,0.6111111111111112,0.9682539682539683,0.14114952592405175,0.20629661617293366,FL-FedAvg-E,Y12-landmark,all,19,0,81,18
0.7034264388664733,0.8092307692307692,0.5764613536983136,0.7492307692307691,0.5384615384615384,0.96,0.14264972130977313,0.19040205870964083,FL-FedAvg-E,Y12-landmark,A,19,0,63,13
0.8625,0.8307692307692308,0.8618916073713346,0.9,0.8,1.0,0.13589884207402697,0.2619275672944589,FL-FedAvg-E,Y12-landmark,B,19,0,18,5
0.564589118663785,0.7548500881834215,0.36076332030412667,0.7063492063492063,0.6666666666666666,0.746031746031746,0.21816903748967345,0.2703750579481315,LR-local-A,Y12-landmark,all,19,1,81,18
0.551714212670903,0.7876923076923077,0.34656460207495404,0.7061538461538461,0.6923076923076923,0.72,0.21775970837058653,0.27883551347535557,LR-local-A,Y12-landmark,A,19,1,63,13
0.6815508021390375,0.6923076923076923,0.4461538461538462,0.7230769230769231,0.6,0.8461538461538461,0.2196016894064778,0.24076346360284728,LR-local-A,Y12-landmark,B,19,1,18,5
0.2885403557408574,0.5696649029982364,0.03305825766839418,0.5198412698412698,0.5,0.5396825396825397,0.2458604893151729,0.26823198036558726,EN-compact,Y12-landmark,all,19,1,81,18
0.2649616499953461,0.54,-0.04529108136578383,0.4723076923076923,0.38461538461538464,0.56,0.24235569670935367,0.2733199851989662,EN-compact,Y12-landmark,A,19,1,63,13
0.4891666666666667,0.6000000000000001,0.24029618753167464,0.6307692307692307,0.8,0.46153846153846156,0.2581272634355403,0.25042396344876117,EN-compact,Y12-landmark,B,19,1,18,5
0.6164802380308874,0.7821869488536155,0.40800109196074735,0.7182539682539683,0.6111111111111112,0.8253968253968254,0.21341835562310357,0.28789124240949804,EN-full,Y12-landmark,all,19,1,81,18
0.6081439993306925,0.796923076923077,0.3969413849831424,0.7176923076923076,0.6153846153846154,0.82,0.21171685876934462,0.2971896090192894,EN-full,Y12-landmark,A,19,1,63,13
0.6791666666666667,0.7692307692307693,0.4461538461538462,0.7230769230769231,0.6,0.8461538461538461,0.2193735946112598,0.2553469592752284,EN-full,Y12-landmark,B,19,1,18,5
0.4965958039297452,0.6869488536155204,0.41349254254555623,0.6825396825396826,0.4444444444444444,0.9206349206349206,0.16775927158921589,0.15522157798757566,GBM-full,Y12-landmark,all,19,1,81,18
0.6071391698719633,0.7030769230769232,0.5298656619736288,0.7392307692307691,0.5384615384615384,0.94,0.13282991611227546,0.14052534257284202,GBM-full,Y12-landmark,A,19,1,63,13
0.4126984126984127,0.6615384615384615,0.05547001962252291,0.5230769230769231,0.2,0.8461538461538461,0.29001201575850716,0.2862919280707675,GBM-full,Y12-landmark,B,19,1,18,5
0.6008997752951911,0.7936507936507936,0.35675303400633784,0.6666666666666666,0.4444444444444444,0.8888888888888888,0.15126556058533525,0.13894312574930606,FL-FedAvg,Y12-landmark,all,19,1,81,18
0.5956641397817868,0.7923076923076923,0.31519340020939335,0.6423076923076924,0.38461538461538464,0.9,0.14564325916362253,0.14027800991246783,FL-FedAvg,Y12-landmark,A,19,1,63,13
0.6342857142857143,0.7538461538461539,0.4461538461538462,0.7230769230769231,0.6,0.8461538461538461,0.17094361556132961,0.13427103117823982,FL-FedAvg,Y12-landmark,B,19,1,18,5
0.6008997752951911,0.7936507936507936,0.35675303400633784,0.6666666666666666,0.4444444444444444,0.8888888888888888,0.15153935219792894,0.13974581376543696,FL-FedProx,Y12-landmark,all,19,1,81,18
0.5956641397817868,0.7923076923076923,0.31519340020939335,0.6423076923076924,0.38461538461538464,0.9,0.14594487260706707,0.14111149030539433,FL-FedProx,Y12-landmark,A,19,1,63,13
0.6342857142857143,0.7538461538461539,0.4461538461538462,0.7230769230769231,0.6,0.8461538461538461,0.17112003076594537,0.13496594587558625,FL-FedProx,Y12-landmark,B,19,1,18,5
0.5777240754774958,0.8192239858906526,0.41349254254555623,0.6825396825396826,0.4444444444444444,0.9206349206349206,0.1551589998520157,0.1820972766677488,FL-FedAvg-E,Y12-landmark,all,19,1,81,18
0.5915563069409224,0.8169230769230769,0.48872164210747626,0.7292307692307692,0.5384615384615384,0.92,0.15531907601606668,0.21455952732235092,FL-FedAvg-E,Y12-landmark,A,19,1,63,13
0.6416666666666666,0.8769230769230769,0.17541160386140586,0.5615384615384615,0.2,0.9230769230769231,0.15459873327783727,0.22852744392396512,FL-FedAvg-E,Y12-landmark,B,19,1,18,5
0.3074381688708489,0.6171802054154996,0.14091693840021702,0.5732959850606909,0.35294117647058826,0.7936507936507936,0.20925910172025305,0.181884428163349,LR-local-A,Y12-landmark,all,19,2,80,17
0.2467659359275608,0.5766666666666667,0.028347335475692043,0.515,0.25,0.78,0.214575232002212,0.18535893620340357,LR-local-A,Y12-landmark,A,19,2,62,12
0.6163003663003663,0.6923076923076923,0.4461538461538462,0.7230769230769231,0.6,0.8461538461538461,0.19094798630461665,0.18964442735542666,LR-local-A,Y12-landmark,B,19,2,18,5
0.227303161811466,0.4901960784313726,0.0435567922338745,0.5266106442577031,0.5294117647058824,0.5238095238095238,0.271392934732274,0.277468604334469,EN-compact,Y12-landmark,all,19,2,80,17
0.1993647414047201,0.455,-0.002668802563418119,0.4983333333333333,0.4166666666666667,0.58,0.2685451135354632,0.2797934886448765,EN-compact,Y12-landmark,A,19,2,62,12
0.3879365079365079,0.5538461538461539,0.1076923076923077,0.5538461538461539,0.8,0.3076923076923077,0.2812020966323999,0.3439517703948983,EN-compact,Y12-landmark,B,19,2,18,5
0.37148174671791007,0.6059757236227825,0.14189626332752478,0.5676937441643324,0.29411764705882354,0.8412698412698413,0.2169610167242594,0.2405854082509471,EN-full,Y12-landmark,all,19,2,80,17
0.2616168016579245,0.5783333333333334,0.007161148740394328,0.5033333333333333,0.16666666666666666,0.84,0.21935803745913363,0.24847570148933598,EN-full,Y12-landmark,A,19,2,62,12
0.7282828282828282,0.6923076923076923,0.4461538461538462,0.7230769230769231,0.6,0.8461538461538461,0.2087046119708039,0.31270065329511043,EN-full,Y12-landmark,B,19,2,18,5
0.26029683651638347,0.4976657329598506,0.10250177397138509,0.5462184873949579,0.23529411764705882,0.8571428571428571,0.2293469705061276,0.22928697167432752,GBM-full,Y12-landmark,all,19,2,80,17
0.1880373043547438,0.39666666666666667,0.007161148740394328,0.5033333333333333,0.16666666666666666,0.84,0.23576929808799854,0.23684448296453073,GBM-full,Y12-landmark,A,19,2,62,12
0.5912698412698412,0.7384615384615385,0.3882901373576604,0.6615384615384616,0.4,0.9230769230769231,0.20722561994634983,0.20325554389696093,GBM-full,Y12-landmark,B,19,2,18,5
0.33503579435409236,0.6050420168067228,0.20186977857253474,0.5779645191409897,0.23529411764705882,0.9206349206349206,0.1755954624289589,0.09660378967371883,FL-FedAvg,Y12-landmark,all,19,2,80,17
0.2402272287305329,0.5666666666666667,0.0048365083340667445,0.5016666666666667,0.08333333333333333,0.92,0.178693713748846,0.09671419746783864,FL-FedAvg,Y12-landmark,A,19,2,62,12
0.6977124183006536,0.7230769230769231,0.5635445125120265,0.7615384615384615,0.6,0.9230769230769231,0.16492370788268096,0.16498604892950794,FL-FedAvg,Y12-landmark,B,19,2,18,5
0.33503579435409236,0.6050420168067228,0.20186977857253474,0.5779645191409897,0.23529411764705882,0.9206349206349206,0.17573912081874013,0.09759293716030215,FL-FedProx,Y12-landmark,all,19,2,80,17
0.2402272287305329,0.5666666666666667,0.0048365083340667445,0.5016666666666667,0.08333333333333333,0.92,0.1788135584698265,0.09776418162575223,FL-FedProx,Y12-landmark,A,19,2,62,12
0.6977124183006536,0.7230769230769231,0.5635445125120265,0.7615384615384615,0.6,0.9230769230769231,0.16514939113166488,0.16585125662382874,FL-FedProx,Y12-landmark,B,19,2,18,5
0.30215299778806687,0.5873015873015873,0.23624573676452632,0.5994397759103641,0.29411764705882354,0.9047619047619048,0.18797681295988858,0.13518043603823335,FL-FedAvg-E,Y12-landmark,all,19,2,80,17
0.21530054466720508,0.5149999999999999,0.054997194092287024,0.5233333333333333,0.16666666666666666,0.88,0.1987590410671138,0.16439703846332626,FL-FedAvg-E,Y12-landmark,A,19,2,62,12
0.7477124183006536,0.7384615384615385,0.7211102550927979,0.8,0.6,1.0,0.15083802725722384,0.1639808488617991,FL-FedAvg-E,Y12-landmark,B,19,2,18,5
0.5607300885322297,0.7311827956989247,0.29496810637826143,0.6684587813620072,0.6111111111111112,0.7258064516129032,0.21505180137416322,0.286184554153191,LR-local-A,Y12-landmark,all,19,3,80,18
0.5721187438292701,0.7582417582417582,0.3011158186903497,0.6750392464678179,0.6153846153846154,0.7346938775510204,0.21354786193031375,0.30809658829210596,LR-local-A,Y12-landmark,A,19,3,62,13
0.6116161616161616,0.6615384615384615,0.26856632724128343,0.6461538461538461,0.6,0.6923076923076923,0.22023203723631124,0.2107097698969281,LR-local-A,Y12-landmark,B,19,3,18,5
0.23557543902709252,0.4946236559139785,0.0075427137033570076,0.5044802867383513,0.4444444444444444,0.5645161290322581,0.254478859781745,0.2577937451615542,EN-compact,Y12-landmark,all,19,3,80,18
0.29855190152672983,0.5510204081632653,0.03205532537171853,0.5188383045525903,0.38461538461538464,0.6530612244897959,0.23791259467337036,0.2575808129769561,EN-compact,Y12-landmark,A,19,3,62,13
0.22412698412698412,0.2615384615384615,-0.16923076923076924,0.41538461538461535,0.6,0.23076923076923078,0.31154043959948,0.357958650209263,EN-compact,Y12-landmark,B,19,3,18,5
0.5369514067702474,0.7204301075268816,0.4041119295602435,0.6935483870967742,0.5,0.8870967741935484,0.210509235429272,0.2746080416108011,EN-full,Y12-landmark,all,19,3,80,18
0.5315431435732187,0.7472527472527474,0.42047867789052074,0.6899529042386185,0.46153846153846156,0.9183673469387755,0.2083692727956193,0.28093971863904244,EN-full,Y12-landmark,A,19,3,62,13
0.6722222222222223,0.6615384615384615,0.35082320772281167,0.6846153846153846,0.6,0.7692307692307693,0.21788021783407585,0.27958061622110386,EN-full,Y12-landmark,B,19,3,18,5
0.5447837183039621,0.7562724014336918,0.43139798140728813,0.7016129032258065,0.5,0.9032258064516129,0.15163545716664126,0.14882253656071134,GBM-full,Y12-landmark,all,19,3,80,18
0.5095108532608533,0.739403453689168,0.42047867789052074,0.6899529042386185,0.46153846153846156,0.9183673469387755,0.1423652710048907,0.14885588624032448,GBM-full,Y12-landmark,A,19,3,62,13
0.7247619047619047,0.8,0.4461538461538462,0.7230769230769231,0.6,0.8461538461538461,0.18356609839044868,0.20799813078665572,GBM-full,Y12-landmark,B,19,3,18,5
0.5108206528972766,0.696236559139785,0.28183467890010566,0.6066308243727598,0.2777777777777778,0.9354838709677419,0.16073455612399062,0.14375148603835186,FL-FedAvg,Y12-landmark,all,19,3,80,18
0.5340853590853591,0.7346938775510204,0.2839835763281307,0.5949764521193093,0.23076923076923078,0.9591836734693877,0.1524108906380453,0.17107842513136273,FL-FedAvg,Y12-landmark,A,19,3,62,13
0.5255555555555556,0.5538461538461539,0.26519741765271837,0.6230769230769231,0.4,0.8461538461538461,0.18940495946446897,0.2147402913002134,FL-FedAvg,Y12-landmark,B,19,3,18,5
0.5108206528972766,0.696236559139785,0.28183467890010566,0.6066308243727598,0.2777777777777778,0.9354838709677419,0.16096368799154406,0.14918389586985803,FL-FedProx,Y12-landmark,all,19,3,80,18
0.5340853590853591,0.7346938775510204,0.2839835763281307,0.5949764521193093,0.23076923076923078,0.9591836734693877,0.15264662704398513,0.1720185169102589,FL-FedProx,Y12-landmark,A,19,3,62,13
0.5255555555555556,0.5538461538461539,0.26519741765271837,0.6230769230769231,0.4,0.8461538461538461,0.1896113423664694,0.21535325104732256,FL-FedProx,Y12-landmark,B,19,3,18,5
0.5008207016198268,0.6693548387096773,0.4443126517646069,0.6899641577060931,0.4444444444444444,0.9354838709677419,0.16798049988552677,0.21626974667153737,FL-FedAvg-E,Y12-landmark,all,19,3,80,18
0.4780990483417313,0.6860282574568287,0.39269523433152326,0.6616954474097332,0.38461538461538464,0.9387755102040817,0.16519697614444145,0.21101901297829315,FL-FedAvg-E,Y12-landmark,A,19,3,62,13
0.6555555555555556,0.6000000000000001,0.5635445125120265,0.7615384615384615,0.6,0.9230769230769231,0.1775681927714872,0.2343556071704896,FL-FedAvg-E,Y12-landmark,B,19,3,18,5
0.4481478615358453,0.5994623655913979,0.13978494623655913,0.5698924731182795,0.3333333333333333,0.8064516129032258,0.22418921853185214,0.23830456327968083,LR-local-A,Y12-landmark,all,19,4,80,18
0.521062434535946,0.6577708006279436,0.2641246847478594,0.6389324960753533,0.46153846153846156,0.8163265306122449,0.21996027133501192,0.26218448375539266,LR-local-A,Y12-landmark,A,19,4,62,13
0.3113095238095238,0.4923076923076923,-0.2773500981126146,0.38461538461538464,0.0,0.7692307692307693,0.2387555922098573,0.15605150386334007,LR-local-A,Y12-landmark,B,19,4,18,5
0.29475332380146546,0.5439068100358423,0.15411645329153517,0.5887096774193548,0.5,0.6774193548387096,0.24120097327715478,0.25969473933867115,EN-compact,Y12-landmark,all,19,4,80,18
0.3128560457278784,0.49921507064364207,0.13367921995670232,0.5777080062794349,0.46153846153846156,0.6938775510204082,0.236798955947258,0.27637673594353723,EN-compact,Y12-landmark,A,19,4,62,13
0.3917748917748918,0.6000000000000001,0.1941450686788302,0.6076923076923078,0.6,0.6153846153846154,0.256363477413466,0.23494962260459987,EN-compact,Y12-landmark,B,19,4,18,5
0.31857636964888775,0.5743727598566308,0.0703917644729289,0.5376344086021505,0.3333333333333333,0.7419354838709677,0.24932390996565426,0.20179126646615722,EN-full,Y12-landmark,all,19,4,80,18
0.3361506352837622,0.6153846153846154,0.10699938594088161,0.5596546310832026,0.38461538461538464,0.7346938775510204,0.24260002268966108,0.2185550293813394,EN-full,Y12-landmark,A,19,4,62,13
0.3126984126984127,0.46153846153846156,-0.033149677206589796,0.48461538461538467,0.2,0.7692307692307693,0.2724839661385198,0.22005914446617467,EN-full,Y12-landmark,B,19,4,18,5
0.3526435313130687,0.4829749103942652,0.06696391397229073,0.5304659498207885,0.2222222222222222,0.8387096774193549,0.2541376800935916,0.23978039013267868,GBM-full,Y12-landmark,all,19,4,80,18
0.42459780348225373,0.5353218210361067,0.17564595480607215,0.5824175824175823,0.3076923076923077,0.8571428571428571,0.22407089666402122,0.20790679808955256,GBM-full,Y12-landmark,A,19,4,62,13
0.2588888888888889,0.3692307692307692,-0.2773500981126146,0.38461538461538464,0.0,0.7692307692307693,0.3577010452398897,0.3495672071701131,GBM-full,Y12-landmark,B,19,4,18,5
0.34648210010721925,0.568100358422939,0.1325582754624387,0.5546594982078853,0.2222222222222222,0.8870967741935484,0.1870539035286473,0.14000625693052637,FL-FedAvg,Y12-landmark,all,19,4,80,18
0.3782172284868813,0.618524332810047,0.2376525014916409,0.6028257456828885,0.3076923076923077,0.8979591836734694,0.17292803987315614,0.14254168771326006,FL-FedAvg,Y12-landmark,A,19,4,62,13
0.3088235294117647,0.4307692307692308,-0.21926450482675733,0.4230769230769231,0.0,0.8461538461538461,0.23570965611978334,0.24049072389248702,FL-FedAvg,Y12-landmark,B,19,4,18,5
0.34648210010721925,0.568100358422939,0.1325582754624387,0.5546594982078853,0.2222222222222222,0.8870967741935484,0.1870603554649915,0.14534742196103329,FL-FedProx,Y12-landmark,all,19,4,80,18
0.3782172284868813,0.618524332810047,0.2376525014916409,0.6028257456828885,0.3076923076923077,0.8979591836734694,0.17300226127418744,0.14288172318208872,FL-FedProx,Y12-landmark,A,19,4,62,13
0.3088235294117647,0.4307692307692308,-0.21926450482675733,0.4230769230769231,0.0,0.8461538461538461,0.23548267989998337,0.2627015358701094,FL-FedProx,Y12-landmark,B,19,4,18,5
0.3288567316639894,0.5206093189964158,0.19281492435067846,0.5824372759856631,0.2777777777777778,0.8870967741935484,0.2018955974426365,0.17650298619322877,FL-FedAvg-E,Y12-landmark,all,19,4,80,18
0.3704871766977384,0.5855572998430141,0.3127527356210485,0.641287284144427,0.38461538461538464,0.8979591836734694,0.18882302675295157,0.20222461112101403,FL-FedAvg-E,Y12-landmark,A,19,4,62,13
0.2922222222222222,0.4,-0.21926450482675733,0.4230769230769231,0.0,0.8461538461538461,0.24692334092932894,0.23400505576526176,FL-FedAvg-E,Y12-landmark,B,19,4,18,5
0.6263389710319536,0.8289241622574957,0.4514483587398445,0.7341269841269842,0.6111111111111112,0.8571428571428571,0.18516904696441383,0.23577319737817345,LR-local-A,Y12-landmark,all,23,0,81,18
0.6763797457313194,0.8492307692307692,0.48221102489208245,0.7476923076923077,0.6153846153846154,0.88,0.1730404423516693,0.2569949833870697,LR-local-A,Y12-landmark,A,23,0,63,13
0.46571428571428575,0.7076923076923077,0.35082320772281167,0.6846153846153846,0.6,0.7692307692307693,0.22761916310901972,0.2709360501496805,LR-local-A,Y12-landmark,B,23,0,18,5
0.3921049871756984,0.5767195767195767,0.006788442333021307,0.503968253968254,0.3888888888888889,0.6190476190476191,0.23604560721850854,0.26134332057270226,EN-compact,Y12-landmark,all,23,0,81,18
0.45596564928145766,0.6261538461538462,0.0038461538461538464,0.5023076923076923,0.38461538461538464,0.62,0.2343725122930054,0.28156696858974256,EN-compact,Y12-landmark,A,23,0,63,13
0.2996336996336996,0.49230769230769234,0.01413506985480439,0.5076923076923077,0.4,0.6153846153846154,0.24190143945776932,0.19056055251306112,EN-compact,Y12-landmark,B,23,0,18,5
0.6262902280039513,0.8077601410934744,0.42857142857142855,0.7142857142857143,0.5555555555555556,0.873015873015873,0.20654057346150356,0.26601674076662335,EN-full,Y12-landmark,all,23,0,81,18
0.6783468605301184,0.8261538461538462,0.4518689194467694,0.7192307692307692,0.5384615384615384,0.9,0.19924416182518853,0.30459670013658285,EN-full,Y12-landmark,A,23,0,63,13
0.418095238095238,0.676923076923077,0.35082320772281167,0.6846153846153846,0.6,0.7692307692307693,0.23207801418860619,0.2303728511784759,EN-full,Y12-landmark,B,23,0,18,5
0.39443104812813057,0.6490299823633157,0.1604821708570079,0.5634920634920635,0.2222222222222222,0.9047619047619048,0.1861776140203024,0.14674074909665677,GBM-full,Y12-landmark,all,23,0,81,18
0.4433510826780057,0.64,0.23542536230103778,0.5853846153846154,0.23076923076923078,0.94,0.15608561155249678,0.09764070869648656,GBM-full,Y12-landmark,A,23,0,63,13
0.3823809523809523,0.6461538461538461,-0.033149677206589796,0.48461538461538467,0.2,0.7692307692307693,0.29149962265762186,0.3196456910451443,GBM-full,Y12-landmark,B,23,0,18,5
0.6212444406103828,0.8130511463844797,0.5294143019465851,0.7261904761904762,0.5,0.9523809523809523,0.14127393089842552,0.1440418431413567,FL-FedAvg,Y12-landmark,all,23,0,81,18
0.6631557213785331,0.8307692307692308,0.5685677011308599,0.7207692307692308,0.46153846153846156,0.98,0.1284855453692557,0.15669047139459608,FL-FedAvg,Y12-landmark,A,23,0,63,13
0.5825,0.6615384615384615,0.4461538461538462,0.7230769230769231,0.6,0.8461538461538461,0.18603328025051977,0.14298933377383208,FL-FedAvg,Y12-landmark,B,23,0,18,5
0.6212444406103828,0.8130511463844797,0.5294143019465851,0.7261904761904762,0.5,0.9523809523809523,0.14152005726443728,0.14498844115903925,FL-FedProx,Y12-landmark,all,23,0,81,18
0.6631557213785331,0.8307692307692308,0.5685677011308599,0.7207692307692308,0.46153846153846156,0.98,0.128758194537655,0.15762694419544315,FL-FedProx,Y12-landmark,A,23,0,63,13
0.5825,0.6615384615384615,0.4461538461538462,0.7230769230769231,0.6,0.8461538461538461,0.18618657680817546,0.14367308922745042,FL-FedProx,Y12-landmark,B,23,0,18,5
0.595121308746913,0.7477954144620812,0.5294143019465851,0.7261904761904762,0.5,0.9523809523809523,0.1536842925380439,0.17840147660750902,FL-FedAvg-E,Y12-landmark,all,23,0,81,18
0.6002721609836604,0.7846153846153845,0.5123509505246345,0.7107692307692308,0.46153846153846156,0.96,0.1476982292899136,0.17949680845261742,FL-FedAvg-E,Y12-landmark,A,23,0,63,13
0.6659663865546219,0.6461538461538461,0.5635445125120265,0.7615384615384615,0.6,0.9230769230769231,0.17463551390649967,0.20881943422615723,FL-FedAvg-E,Y12-landmark,B,23,0,18,5
0.5404529143096217,0.7213403880070547,0.23845524161913298,0.6309523809523809,0.5,0.7619047619047619,0.213635102028536,0.2675657434004816,LR-local-A,Y12-landmark,all,23,1,81,18
0.588618522527441,0.783076923076923,0.26317335250883545,0.6492307692307693,0.5384615384615384,0.76,0.2105007606411823,0.28859173326269405,LR-local-A,Y12-landmark,A,23,1,63,13
0.42793650793650795,0.5384615384615384,0.16923076923076924,0.5846153846153846,0.4,0.7692307692307693,0.22460529688427386,0.2611557457064847,LR-local-A,Y12-landmark,B,23,1,18,5
0.37201907950752333,0.7116402116402116,0.387771233577943,0.7301587301587302,0.7777777777777778,0.6825396825396826,0.22921608752827885,0.26349484256024686,EN-compact,Y12-landmark,all,23,1,81,18
0.4350620137890916,0.7769230769230769,0.49487534795935134,0.7846153846153847,0.7692307692307693,0.8,0.21366132552617298,0.256107256966364,EN-compact,Y12-landmark,A,23,1,63,13
0.43596638655462183,0.5846153846153845,0.033149677206589796,0.5153846153846154,0.8,0.23076923076923078,0.2836577545356494,0.2893513921388368,EN-compact,Y12-landmark,B,23,1,18,5
0.5198579973971964,0.6992945326278659,0.3137183509887055,0.6626984126984127,0.5,0.8253968253968254,0.18981410024192824,0.22659840341259777,EN-full,Y12-landmark,all,23,1,81,18
0.5498370921595762,0.7523076923076923,0.30857634168300824,0.6692307692307693,0.5384615384615384,0.8,0.18620057043142732,0.24355304674782705,EN-full,Y12-landmark,A,23,1,63,13
0.4092997198879552,0.5230769230769231,0.3882901373576604,0.6615384615384616,0.4,0.9230769230769231,0.20246145457868148,0.2147313505356824,EN-full,Y12-landmark,B,23,1,18,5
0.42444683732247673,0.6860670194003528,0.41349254254555623,0.6825396825396826,0.4444444444444444,0.9206349206349206,0.1734884953442549,0.17348130664766392,GBM-full,Y12-landmark,all,23,1,81,18
0.4166283796290885,0.7046153846153846,0.4225295310915111,0.6907692307692308,0.46153846153846156,0.92,0.1639297596192431,0.16083986746951145,GBM-full,Y12-landmark,A,23,1,63,13
0.5952272727272727,0.6153846153846154,0.3882901373576604,0.6615384615384616,0.4,0.9230769230769231,0.20694407038179619,0.26374159680502,GBM-full,Y12-landmark,B,23,1,18,5
0.5148122350428032,0.7530864197530864,0.48157133033088717,0.6984126984126984,0.4444444444444444,0.9523809523809523,0.1484403773966346,0.13147854128127395,FL-FedAvg,Y12-landmark,all,23,1,81,18
0.6353864130415483,0.803076923076923,0.5123509505246345,0.7107692307692308,0.46153846153846156,0.96,0.1359440385766818,0.13642229106787626,FL-FedAvg,Y12-landmark,A,23,1,63,13
0.4091666666666667,0.5230769230769231,0.3882901373576604,0.6615384615384616,0.4,0.9230769230769231,0.19217756326646931,0.2206175478870645,FL-FedAvg,Y12-landmark,B,23,1,18,5
0.5148122350428032,0.7530864197530864,0.48157133033088717,0.6984126984126984,0.4444444444444444,0.9523809523809523,0.1486472980212835,0.13243857064931744,FL-FedProx,Y12-landmark,all,23,1,81,18
0.6353864130415483,0.803076923076923,0.5123509505246345,0.7107692307692308,0.46153846153846156,0.96,0.13618124093365022,0.13741721412922545,FL-FedProx,Y12-landmark,A,23,1,63,13
0.4091666666666667,0.5230769230769231,0.3882901373576604,0.6615384615384616,0.4,0.9230769230769231,0.19227849782799994,0.22035748501228541,FL-FedProx,Y12-landmark,B,23,1,18,5
0.5796218348065838,0.7151675485008818,0.41349254254555623,0.6825396825396826,0.4444444444444444,0.9206349206349206,0.15632943818240683,0.13267049707878872,FL-FedAvg-E,Y12-landmark,all,23,1,81,18
0.6303342357655404,0.7692307692307693,0.4225295310915111,0.6907692307692308,0.46153846153846156,0.92,0.14780763077984915,0.16278950601880804,FL-FedAvg-E,Y12-landmark,A,23,1,63,13
0.4240384615384616,0.5692307692307692,0.3882901373576604,0.6615384615384616,0.4,0.9230769230769231,0.18615576409135853,0.05916958220463883,FL-FedAvg-E,Y12-landmark,B,23,1,18,5
0.384723891979451,0.623716153127918,0.29523596914281325,0.6288515406162465,0.35294117647058826,0.9047619047619048,0.19960807982713663,0.1988206126078525,LR-local-A,Y12-landmark,all,23,2,80,17
0.26934260908479035,0.605,0.2291567596926185,0.6066666666666667,0.3333333333333333,0.88,0.20959527823453358,0.221341224150899,LR-local-A,Y12-landmark,A,23,2,62,12
0.6326984126984128,0.6153846153846154,0.570087712549569,0.7,0.4,1.0,0.16520772975721376,0.18359455113879722,LR-local-A,Y12-landmark,B,23,2,18,5
0.24649392939405687,0.5303454715219421,0.09624429564933848,0.5583566760037348,0.5294117647058824,0.5873015873015873,0.25666514966962206,0.26380833357414096,EN-compact,Y12-landmark,all,23,2,80,17
0.2980241312507366,0.5033333333333333,-0.022019275302527213,0.4866666666666667,0.3333333333333333,0.64,0.23881853905177317,0.25968324078953636,EN-compact,Y12-landmark,A,23,2,62,12
0.30012654012654016,0.5076923076923077,0.38461538461538464,0.6923076923076923,1.0,0.38461538461538464,0.31813680846443493,0.36520031916640255,EN-compact,Y12-landmark,B,23,2,18,5
0.35977307403198844,0.5798319327731093,0.29523596914281325,0.6288515406162465,0.35294117647058826,0.9047619047619048,0.2031717468527395,0.1990170944644676,EN-full,Y12-landmark,all,23,2,80,17
0.2548563297422995,0.5333333333333333,0.2291567596926185,0.6066666666666667,0.3333333333333333,0.88,0.21614240920684877,0.22085323257409928,EN-full,Y12-landmark,A,23,2,62,12
0.6788235294117647,0.7230769230769231,0.570087712549569,0.7,0.4,1.0,0.15849502096636303,0.14497605580555295,EN-full,Y12-landmark,B,23,2,18,5
0.31134592284491386,0.5508870214752568,0.23624573676452632,0.5994397759103641,0.29411764705882354,0.9047619047619048,0.20856414888528557,0.1789438232878109,GBM-full,Y12-landmark,all,23,2,80,17
0.27974051709457337,0.5166666666666667,0.2291567596926185,0.6066666666666667,0.3333333333333333,0.88,0.21539104078511082,0.2018974781518144,GBM-full,Y12-landmark,A,23,2,62,12
0.6755555555555556,0.7384615384615384,0.39107694443752145,0.6,0.2,1.0,0.18504929900810968,0.19983305727545708,GBM-full,Y12-landmark,B,23,2,18,5
0.384616266219861,0.5891690009337067,0.23624573676452632,0.5994397759103641,0.29411764705882354,0.9047619047619048,0.17090478546596924,0.1125596535283203,FL-FedAvg,Y12-landmark,all,23,2,80,17
0.29402301640409284,0.5716666666666667,0.17677669529663687,0.575,0.25,0.9,0.16876828050042775,0.1353446226861325,FL-FedAvg,Y12-landmark,A,23,2,62,12
0.6018939393939394,0.6307692307692307,0.3882901373576604,0.6615384615384616,0.4,0.9230769230769231,0.17826385812505652,0.19093627630798363,FL-FedAvg,Y12-landmark,B,23,2,18,5
0.384616266219861,0.5891690009337067,0.23624573676452632,0.5994397759103641,0.29411764705882354,0.9047619047619048,0.17104820397705334,0.11840636052493837,FL-FedProx,Y12-landmark,all,23,2,80,17
0.29402301640409284,0.5716666666666667,0.17677669529663687,0.575,0.25,0.9,0.16891764508131335,0.13557115649345217,FL-FedProx,Y12-landmark,A,23,2,62,12
0.6018939393939394,0.6307692307692307,0.3882901373576604,0.6615384615384616,0.4,0.9230769230769231,0.17838679572904648,0.19060131332056732,FL-FedProx,Y12-landmark,B,23,2,18,5
0.31809785094015264,0.546218487394958,0.1475149436135305,0.5620915032679739,0.23529411764705882,0.8888888888888888,0.1919752662117205,0.15228958330729075,FL-FedAvg-E,Y12-landmark,all,23,2,80,17
0.3066006676707889,0.5083333333333333,0.19994057346474073,0.5966666666666667,0.3333333333333333,0.86,0.19431417277234148,0.22553781366496542,FL-FedAvg-E,Y12-landmark,A,23,2,62,12
0.4805555555555555,0.7076923076923076,0.0,0.5,0.0,1.0,0.18391903250291491,0.13788915120227557,FL-FedAvg-E,Y12-landmark,B,23,2,18,5
0.3717693756485663,0.6030465949820789,0.16944976323857572,0.5967741935483871,0.5,0.6935483870967742,0.2263913050226321,0.24020972339649255,LR-local-A,Y12-landmark,all,23,3,80,18
0.3207108618102337,0.5368916797488226,0.06835348235276364,0.5392464678178964,0.38461538461538464,0.6938775510204082,0.23203897312087093,0.25065283136754407,LR-local-A,Y12-landmark,A,23,3,62,13
0.7147619047619047,0.8153846153846154,0.4437601569801833,0.7461538461538462,0.8,0.6923076923076923,0.20693822601758738,0.2631976064468608,LR-local-A,Y12-landmark,B,23,3,18,5
0.2905403409367908,0.5232974910394265,-0.01951219649561913,0.4883512544802867,0.4444444444444444,0.532258064516129,0.24998210980927765,0.25974425800811857,EN-compact,Y12-landmark,all,23,3,80,18
0.2629216627045411,0.43956043956043955,-0.1165560628329474,0.4293563579277865,0.3076923076923077,0.5510204081632653,0.2512225325852056,0.2650954160873929,EN-compact,Y12-landmark,A,23,3,62,13
0.4157142857142857,0.676923076923077,0.24029618753167464,0.6307692307692307,0.8,0.46153846153846156,0.24570954246997032,0.24131249129061838,EN-compact,Y12-landmark,B,23,3,18,5
0.4296831235427727,0.6603942652329748,0.23515854050088617,0.6290322580645161,0.5,0.7580645161290323,0.21240630217644724,0.23657637743980584,EN-full,Y12-landmark,all,23,3,80,18
0.3725606077848071,0.6122448979591837,0.17160643359324196,0.5902668759811617,0.38461538461538464,0.7959183673469388,0.21327199281620488,0.25241069865843296,EN-full,Y12-landmark,A,23,3,62,13
0.7814285714285714,0.8307692307692308,0.3721042037676254,0.7076923076923077,0.8,0.6153846153846154,0.20942447886172647,0.2675217120659409,EN-full,Y12-landmark,B,23,3,18,5
0.4488813545881449,0.6469534050179212,0.41179859333202395,0.6818996415770608,0.4444444444444444,0.9193548387096774,0.1764041381134958,0.18993835855693547,GBM-full,Y12-landmark,all,23,3,80,18
0.4823611466531106,0.6169544740973313,0.39269523433152326,0.6616954474097332,0.38461538461538464,0.9387755102040817,0.16654260787243833,0.18347145338644477,GBM-full,Y12-landmark,A,23,3,62,13
0.44358974358974357,0.6923076923076923,0.4461538461538462,0.7230769230769231,0.6,0.8461538461538461,0.21037163116602728,0.24360140667423852,GBM-full,Y12-landmark,B,23,3,18,5
0.46152683227981833,0.6406810035842295,0.22452606449532778,0.6021505376344086,0.3333333333333333,0.8709677419354839,0.1711663511007409,0.144297127433785,FL-FedAvg,Y12-landmark,all,23,3,80,18
0.3510754301911518,0.5777080062794349,0.03812575090597313,0.5156985871271585,0.15384615384615385,0.8775510204081632,0.17783369491990098,0.15817715811688213,FL-FedAvg,Y12-landmark,A,23,3,62,13
0.8666666666666667,0.8461538461538461,0.6139406135149204,0.823076923076923,0.8,0.8461538461538461,0.14820105572363385,0.18516763072663917,FL-FedAvg,Y12-landmark,B,23,3,18,5
0.4617887103194741,0.6415770609318997,0.22452606449532778,0.6021505376344086,0.3333333333333333,0.8709677419354839,0.17134393486477487,0.14967210075246842,FL-FedProx,Y12-landmark,all,23,3,80,18
0.3515192171734003,0.5792778649921507,0.03812575090597313,0.5156985871271585,0.15384615384615385,0.8775510204081632,0.1779684816628105,0.1649771343357443,FL-FedProx,Y12-landmark,A,23,3,62,13
0.8666666666666667,0.8461538461538461,0.6139406135149204,0.823076923076923,0.8,0.8461538461538461,0.14852605144931877,0.1859541471346213,FL-FedProx,Y12-landmark,B,23,3,18,5
0.4707453603063676,0.728494623655914,0.4027093033224923,0.7051971326164874,0.5555555555555556,0.8548387096774194,0.1719554792375788,0.1930110192596078,FL-FedAvg-E,Y12-landmark,all,23,3,80,18
0.4131145555399938,0.6813186813186813,0.31868131868131866,0.6593406593406593,0.46153846153846156,0.8571428571428571,0.1828272402677644,0.19727797617867596,FL-FedAvg-E,Y12-landmark,A,23,3,62,13
0.8266666666666667,0.8307692307692308,0.6139406135149204,0.823076923076923,0.8,0.8461538461538461,0.1345083023558286,0.17907117067017006,FL-FedAvg-E,Y12-landmark,B,23,3,18,5
0.4724780715544306,0.692652329749104,0.3471242937824793,0.692652329749104,0.6111111111111112,0.7741935483870968,0.21782645116724622,0.2627840586836158,LR-local-A,Y12-landmark,all,23,4,80,18
0.4619205912904205,0.7331240188383045,0.3848341180571734,0.7237048665620094,0.6923076923076923,0.7551020408163265,0.21893715061692362,0.26969174176108324,LR-local-A,Y12-landmark,A,23,4,62,13
0.5854901960784313,0.5846153846153846,0.26519741765271837,0.6230769230769231,0.4,0.8461538461538461,0.2140007086183573,0.25936532903989673,LR-local-A,Y12-landmark,B,23,4,18,5
0.2877298737178928,0.6137992831541219,0.14686135489456165,0.5878136200716846,0.6111111111111112,0.5645161290322581,0.252574474739357,0.2836992148599658,EN-compact,Y12-landmark,all,23,4,80,18
0.2824290664623689,0.6153846153846154,0.07871982411114054,0.5470957613814758,0.46153846153846156,0.6326530612244898,0.2433520706584132,0.28318974490005305,EN-compact,Y12-landmark,A,23,4,62,13
0.32813519813519815,0.5384615384615384,0.33149677206589795,0.6538461538461539,1.0,0.3076923076923077,0.2843405332403857,0.285454055832999,EN-compact,Y12-landmark,B,23,4,18,5
0.5153813835209206,0.7060931899641577,0.37868099398035776,0.685483870967742,0.5,0.8709677419354839,0.21106621467934295,0.2712503382360085,EN-full,Y12-landmark,all,23,4,80,18
0.5010429190692348,0.7268445839874411,0.35664293590247675,0.6875981161695448,0.5384615384615384,0.8367346938775511,0.2129270270835722,0.2759102348589528,EN-full,Y12-landmark,A,23,4,62,13
0.6333333333333333,0.676923076923077,0.570087712549569,0.7,0.4,1.0,0.20465674973144216,0.25519958320142294,EN-full,Y12-landmark,B,23,4,18,5
0.4858711308580969,0.6657706093189965,0.3064051941017026,0.6263440860215054,0.3333333333333333,0.9193548387096774,0.17130736607071642,0.15541100128986074,GBM-full,Y12-landmark,all,23,4,80,18
0.4498723488863213,0.6326530612244898,0.27450540652300653,0.6130298273155417,0.3076923076923077,0.9183673469387755,0.17018659406649322,0.15992201442312629,GBM-full,Y12-landmark,A,23,4,62,13
0.6166666666666667,0.7538461538461538,0.3882901373576604,0.6615384615384616,0.4,0.9230769230769231,0.1751678029741517,0.15518678657600748,GBM-full,Y12-landmark,B,23,4,18,5
0.5406807982732517,0.703405017921147,0.3933286534213345,0.6621863799283154,0.3888888888888889,0.9354838709677419,0.15615401136783855,0.11492925991267176,FL-FedAvg,Y12-landmark,all,23,4,80,18
0.5393859787082294,0.7299843014128728,0.3501292579227992,0.6514913657770801,0.38461538461538464,0.9183673469387755,0.1513411125646591,0.11338372886163599,FL-FedAvg,Y12-landmark,A,23,4,62,13
0.6315508021390375,0.6615384615384615,0.570087712549569,0.7,0.4,1.0,0.17273177391212358,0.19415244546666485,FL-FedAvg,Y12-landmark,B,23,4,18,5
0.5410806998359439,0.7043010752688172,0.3933286534213345,0.6621863799283154,0.3888888888888889,0.9354838709677419,0.15635587953079716,0.1159198523524205,FL-FedProx,Y12-landmark,all,23,4,80,18
0.5393859787082294,0.7299843014128728,0.3501292579227992,0.6514913657770801,0.38461538461538464,0.9183673469387755,0.15155129742629136,0.11433873802493522,FL-FedProx,Y12-landmark,A,23,4,62,13
0.6315508021390375,0.6615384615384615,0.570087712549569,0.7,0.4,1.0,0.17290499566853929,0.19494568405562643,FL-FedProx,Y12-landmark,B,23,4,18,5
0.5074502633604607,0.6899641577060932,0.33942211665106536,0.6344086021505376,0.3333333333333333,0.9354838709677419,0.16203877273914374,0.10783553353443055,FL-FedAvg-E,Y12-landmark,all,23,4,80,18
0.5024254818126548,0.6875981161695447,0.3501292579227992,0.6514913657770801,0.38461538461538464,0.9183673469387755,0.16366657417829045,0.14418558106035909,FL-FedAvg-E,Y12-landmark,A,23,4,62,13
0.6909090909090909,0.7846153846153846,0.39107694443752145,0.6,0.2,1.0,0.15643190111541622,0.20301962969162599,FL-FedAvg-E,Y12-landmark,B,23,4,18,5
0.590498025269709,0.7231040564373898,0.2857142857142857,0.6587301587301587,0.5555555555555556,0.7619047619047619,0.19295780520495537,0.2574028600183464,LR-local-A,Y12-landmark,all,37,0,81,18
0.562625536055678,0.7123076923076923,0.26317335250883545,0.6492307692307693,0.5384615384615384,0.76,0.19616776475326536,0.2741611448482269,LR-local-A,Y12-landmark,A,37,0,63,13
0.7013888888888888,0.7384615384615385,0.35082320772281167,0.6846153846153846,0.6,0.7692307692307693,0.18172294678587045,0.21528640570538232,LR-local-A,Y12-landmark,B,37,0,18,5
0.23426341710926524,0.5044091710758378,0.05976143046671968,0.5357142857142857,0.5,0.5714285714285714,0.2578149059151317,0.26003959065002435,EN-compact,Y12-landmark,all,37,0,81,18
0.23643770776924722,0.5353846153846153,0.08461538461538462,0.5507692307692308,0.46153846153846156,0.64,0.24112441082515715,0.25483666259690074,EN-compact,Y12-landmark,A,37,0,63,13
0.2767676767676768,0.3846153846153846,-0.08770580193070292,0.45384615384615384,0.6,0.3076923076923077,0.31623163873004245,0.3134680271503325,EN-compact,Y12-landmark,B,37,0,18,5
0.5192571105499945,0.6922398589065256,0.2820380374088831,0.6666666666666666,0.6666666666666666,0.6666666666666666,0.22420625738146466,0.23143462319864508,EN-full,Y12-landmark,all,37,0,81,18
0.536460832400682,0.683076923076923,0.26509605755733423,0.6576923076923077,0.6153846153846154,0.7,0.20734122855034318,0.2312855427260283,EN-full,Y12-landmark,A,37,0,63,13
0.6263888888888889,0.676923076923077,0.305085107923876,0.6692307692307693,0.8,0.5384615384615384,0.28323385829039005,0.27494345873598164,EN-full,Y12-landmark,B,37,0,18,5
0.5176208713029185,0.6693121693121693,0.34102461307114174,0.6349206349206349,0.3333333333333333,0.9365079365079365,0.1635720305153644,0.13437841016720128,GBM-full,Y12-landmark,all,37,0,81,18
0.4999584667475005,0.6461538461538461,0.27674430904250336,0.6138461538461539,0.3076923076923077,0.92,0.1683834983791376,0.1390948777013928,GBM-full,Y12-landmark,A,37,0,63,13
0.7588235294117647,0.7538461538461538,0.570087712549569,0.7,0.4,1.0,0.14673189299215808,0.1797290933391436,GBM-full,Y12-landmark,B,37,0,18,5
0.5470723478949255,0.6781305114638448,0.43129583417820866,0.6706349206349206,0.3888888888888889,0.9523809523809523,0.15651603005565995,0.14841199904327831,FL-FedAvg,Y12-landmark,all,37,0,81,18
0.4937437672551358,0.6753846153846154,0.5026649627508645,0.6823076923076923,0.38461538461538464,0.98,0.15119634965796722,0.1811319175004434,FL-FedAvg,Y12-landmark,A,37,0,63,13
0.6555555555555556,0.676923076923077,0.26519741765271837,0.6230769230769231,0.4,0.8461538461538461,0.17513491144758453,0.17245731523732694,FL-FedAvg,Y12-landmark,B,37,0,18,5
0.546877244978137,0.6772486772486771,0.43129583417820866,0.6706349206349206,0.3888888888888889,0.9523809523809523,0.15677196929214124,0.14903713232147697,FL-FedProx,Y12-landmark,all,37,0,81,18
0.4937437672551358,0.6753846153846154,0.5026649627508645,0.6823076923076923,0.38461538461538464,0.98,0.15146341989211182,0.1817350522888948,FL-FedProx,Y12-landmark,A,37,0,63,13
0.6555555555555556,0.676923076923077,0.26519741765271837,0.6230769230769231,0.4,0.8461538461538461,0.17535189219224437,0.17326382347814734,FL-FedProx,Y12-landmark,B,37,0,18,5
0.5325049941989253,0.6684303350970018,0.4943932573914259,0.7182539682539683,0.5,0.9365079365079365,0.16746412629626561,0.20458051525306006,FL-FedAvg-E,Y12-landmark,all,37,0,81,18
0.5110097034587862,0.6692307692307693,0.5298656619736288,0.7392307692307691,0.5384615384615384,0.94,0.1667505992673646,0.2105987136854399,FL-FedAvg-E,Y12-landmark,A,37,0,63,13
0.6722222222222223,0.6615384615384615,0.3882901373576604,0.6615384615384616,0.4,0.9230769230769231,0.16996147089741925,0.19436027590530286,FL-FedAvg-E,Y12-landmark,B,37,0,18,5
0.5245361513782631,0.7389770723104057,0.42857142857142855,0.7142857142857143,0.5555555555555556,0.873015873015873,0.1768988149318539,0.22427662740580315,LR-local-A,Y12-landmark,all,37,1,81,18
0.488027479387327,0.74,0.3878653895871098,0.6992307692307692,0.5384615384615384,0.86,0.18102524809645412,0.2268596094131616,LR-local-A,Y12-landmark,A,37,1,63,13
0.7333333333333332,0.7230769230769231,0.5635445125120265,0.7615384615384615,0.6,0.9230769230769231,0.16245629885575308,0.2231399012409486,LR-local-A,Y12-landmark,B,37,1,18,5
0.30911108746696253,0.6164021164021164,0.20498001542269692,0.6190476190476191,0.5555555555555556,0.6825396825396826,0.2343937138755997,0.24042676073588853,EN-compact,Y12-landmark,all,37,1,81,18
0.36223268696510624,0.6661538461538462,0.24208767021795294,0.6392307692307693,0.5384615384615384,0.74,0.2143512923898147,0.23774785689347544,EN-compact,Y12-landmark,A,37,1,63,13
0.2888235294117647,0.4153846153846154,0.05547001962252291,0.5307692307692308,0.6,0.46153846153846156,0.3045421890758471,0.2498029241843344,EN-compact,Y12-landmark,B,37,1,18,5
0.5303017845983493,0.746031746031746,0.406083545780725,0.6944444444444444,0.5,0.8888888888888888,0.20257580568411568,0.27027291630888023,EN-full,Y12-landmark,all,37,1,81,18
0.5005277932651091,0.7538461538461538,0.35198210567432564,0.6707692307692308,0.46153846153846156,0.88,0.2033553563637437,0.2588992132070414,EN-full,Y12-landmark,A,37,1,63,13
0.719642857142857,0.676923076923077,0.5635445125120265,0.7615384615384615,0.6,0.9230769230769231,0.19984737830541788,0.3100808771653162,EN-full,Y12-landmark,B,37,1,18,5
0.42378227186676976,0.6825396825396826,0.17079039800794713,0.5753968253968254,0.2777777777777778,0.873015873015873,0.18175327200153643,0.17202607980477866,GBM-full,Y12-landmark,all,37,1,81,18
0.42661039501571774,0.683076923076923,0.25209529190188185,0.6223076923076923,0.38461538461538464,0.86,0.17875856086388786,0.16679720971944442,GBM-full,Y12-landmark,A,37,1,63,13
0.5102564102564102,0.7230769230769231,-0.1504142093990467,0.46153846153846156,0.0,0.9230769230769231,0.19223476098330644,0.1903271251034486,GBM-full,Y12-landmark,B,37,1,18,5
0.5045013318112979,0.7566137566137565,0.3779644730092272,0.6428571428571428,0.3333333333333333,0.9523809523809523,0.1491460147935142,0.10796125429740486,FL-FedAvg,Y12-landmark,all,37,1,81,18
0.49295054707450264,0.7692307692307693,0.3690451625259511,0.6338461538461538,0.3076923076923077,0.96,0.14423541770529483,0.11532874755089445,FL-FedAvg,Y12-landmark,A,37,1,63,13
0.6071428571428572,0.6615384615384614,0.3882901373576604,0.6615384615384616,0.4,0.9230769230769231,0.16633310460228184,0.13925402554771935,FL-FedAvg,Y12-landmark,B,37,1,18,5
0.5048499156892935,0.7574955908289243,0.3779644730092272,0.6428571428571428,0.3333333333333333,0.9523809523809523,0.14931515071026194,0.10893688186069991,FL-FedProx,Y12-landmark,all,37,1,81,18
0.49295054707450264,0.7692307692307693,0.3690451625259511,0.6338461538461538,0.3076923076923077,0.96,0.1443950551378389,0.11631877741127625,FL-FedProx,Y12-landmark,A,37,1,63,13
0.6071428571428572,0.6615384615384614,0.3882901373576604,0.6615384615384616,0.4,0.9230769230769231,0.16653548521374242,0.1401639644527207,FL-FedProx,Y12-landmark,B,37,1,18,5
0.48532037776010073,0.7354497354497356,0.36223083817397933,0.6547619047619048,0.3888888888888889,0.9206349206349206,0.1576116602084719,0.11919111382731594,FL-FedAvg-E,Y12-landmark,all,37,1,81,18
0.473953064900315,0.7369230769230769,0.31519340020939335,0.6423076923076924,0.38461538461538464,0.9,0.1578692387620142,0.15862767618685758,FL-FedAvg-E,Y12-landmark,A,37,1,63,13
0.682967032967033,0.7076923076923077,0.570087712549569,0.7,0.4,1.0,0.156710135271074,0.21431053995496943,FL-FedAvg-E,Y12-landmark,B,37,1,18,5
0.3700765524348292,0.6106442577030812,0.1591083132200807,0.5868347338935573,0.4117647058823529,0.7619047619047619,0.22983525065523924,0.2639561732032053,LR-local-A,Y12-landmark,all,37,2,80,17
0.43235625854673476,0.7283333333333333,0.29520998656924324,0.6599999999999999,0.5,0.82,0.21936269898662863,0.28223259732282086,LR-local-A,Y12-landmark,A,37,2,62,12
0.3951871657754011,0.3538461538461538,-0.24029618753167464,0.36923076923076925,0.2,0.5384615384615384,0.26590737306934237,0.2992405079164848,LR-local-A,Y12-landmark,B,37,2,18,5
0.39997047822924475,0.6704014939309056,0.2108268670411621,0.6218487394957983,0.5294117647058824,0.7142857142857143,0.23964143933510468,0.2787246831881354,EN-compact,Y12-landmark,all,37,2,80,17
0.4337451166719459,0.6583333333333333,0.17756913330150959,0.5983333333333334,0.4166666666666667,0.78,0.23643429681736636,0.2935715002069204,EN-compact,Y12-landmark,A,37,2,62,12
0.3408225108225108,0.5692307692307692,0.24029618753167464,0.6307692307692307,0.8,0.46153846153846156,0.25068826356286983,0.22758564679009818,EN-compact,Y12-landmark,B,37,2,18,5
0.39698190446692727,0.6143790849673203,0.23233085137925333,0.6185807656395892,0.4117647058823529,0.8253968253968254,0.22858994979842673,0.23619253193344958,EN-full,Y12-landmark,all,37,2,80,17
0.4722828057649486,0.7666666666666667,0.3493883419646181,0.6799999999999999,0.5,0.86,0.2042894101039799,0.2527035158017876,EN-full,Y12-landmark,A,37,2,62,12
0.38578323637147166,0.3076923076923077,-0.1076923076923077,0.4461538461538461,0.2,0.6923076923076923,0.3122918087459658,0.2894605188236006,EN-full,Y12-landmark,B,37,2,18,5
0.2796652555728212,0.46965452847805794,0.10364145658263306,0.5518207282913166,0.29411764705882354,0.8095238095238095,0.26696323641486014,0.300763672420939,GBM-full,Y12-landmark,all,37,2,80,17
0.29965871117186904,0.4783333333333334,0.148813553059004,0.5766666666666667,0.3333333333333333,0.82,0.24888818360886109,0.27780152991085566,GBM-full,Y12-landmark,A,37,2,62,12
0.2838095238095238,0.4,-0.033149677206589796,0.48461538461538467,0.2,0.7692307692307693,0.32922175163552353,0.37985549662233753,GBM-full,Y12-landmark,B,37,2,18,5
0.3924865044464,0.607843137254902,0.22018385688753844,0.6050420168067226,0.35294117647058826,0.8571428571428571,0.17726793795236012,0.12202650240347349,FL-FedAvg,Y12-landmark,all,37,2,80,17
0.4597265466015466,0.7033333333333334,0.306805362730378,0.6483333333333333,0.4166666666666667,0.88,0.1555420649002969,0.13468288017856941,FL-FedAvg,Y12-landmark,A,37,2,62,12
0.3824499030381383,0.29230769230769227,-0.033149677206589796,0.48461538461538467,0.2,0.7692307692307693,0.2521015006872445,0.28727781107384326,FL-FedAvg,Y12-landmark,B,37,2,18,5
0.3924865044464,0.607843137254902,0.22018385688753844,0.6050420168067226,0.35294117647058826,0.8571428571428571,0.17737063251234406,0.12287616567621522,FL-FedProx,Y12-landmark,all,37,2,80,17
0.4597265466015466,0.7033333333333334,0.306805362730378,0.6483333333333333,0.4166666666666667,0.88,0.1557208953643441,0.13555289080030689,FL-FedProx,Y12-landmark,A,37,2,62,12
0.3824499030381383,0.29230769230769227,-0.033149677206589796,0.48461538461538467,0.2,0.7692307692307693,0.251941949355455,0.28678999868047395,FL-FedProx,Y12-landmark,B,37,2,18,5
0.3932299868126048,0.6339869281045752,0.2681612066524115,0.6209150326797386,0.35294117647058826,0.8888888888888888,0.17971182004499112,0.13275004911577132,FL-FedAvg-E,Y12-landmark,all,37,2,80,17
0.42084587666484224,0.7216666666666667,0.3401545651687306,0.6583333333333333,0.4166666666666667,0.9,0.1651456145313235,0.17667426971760755,FL-FedAvg-E,Y12-landmark,A,37,2,62,12
0.43750484809308343,0.49230769230769234,0.05547001962252291,0.5230769230769231,0.2,0.8461538461538461,0.22988430570317986,0.22993085644728536,FL-FedAvg-E,Y12-landmark,B,37,2,18,5
0.3922022212830033,0.5994623655913979,-0.011574296206677772,0.49372759856630827,0.2777777777777778,0.7096774193548387,0.24264168795267346,0.22816452842098253,LR-local-A,Y12-landmark,all,37,3,80,18
0.368601699793855,0.6059654631083202,-0.016404835764663273,0.49058084772370486,0.3076923076923077,0.673469387755102,0.24986074196817754,0.2563068093554796,LR-local-A,Y12-landmark,A,37,3,62,13
0.49964285714285717,0.5846153846153845,0.05547001962252291,0.5230769230769231,0.2,0.8461538461538461,0.21777605745482614,0.2720627893323703,LR-local-A,Y12-landmark,B,37,3,18,5
0.3761014167802835,0.6980286738351255,0.27865500140590704,0.660394265232975,0.6111111111111112,0.7096774193548387,0.24521611022716866,0.27613211700392254,EN-compact,Y12-landmark,all,37,3,80,18
0.3438752672257881,0.6656200941915228,0.17327235121111847,0.598116169544741,0.46153846153846156,0.7346938775510204,0.24446531627289672,0.28967209548827705,EN-compact,Y12-landmark,A,37,3,62,13
0.5253968253968254,0.8,0.5547001962252291,0.8076923076923077,1.0,0.6153846153846154,0.24780217829188306,0.22949441333559054,EN-compact,Y12-landmark,B,37,3,18,5
0.5755868250760636,0.782258064516129,0.4265232974910394,0.7132616487455197,0.5555555555555556,0.8709677419354839,0.21300831805179396,0.2689699480167084,EN-full,Y12-landmark,all,37,3,80,18
0.5500932595832262,0.7786499215070644,0.41601255886970173,0.7080062794348508,0.5384615384615384,0.8775510204081632,0.21574416285474896,0.2772508579763355,EN-full,Y12-landmark,A,37,3,62,13
0.6935897435897436,0.8153846153846154,0.4461538461538462,0.7230769230769231,0.6,0.8461538461538461,0.20358485261939321,0.24196706640759527,EN-full,Y12-landmark,B,37,3,18,5
0.27956778917758107,0.582437275985663,0.04563481614280677,0.5188172043010753,0.16666666666666666,0.8709677419354839,0.24112537690956443,0.20600736155620686,GBM-full,Y12-landmark,all,37,3,80,18
0.2977092054933625,0.6562009419152276,0.09730085108210397,0.5439560439560439,0.23076923076923078,0.8571428571428571,0.22638595934932962,0.19599050376219984,GBM-full,Y12-landmark,A,37,3,62,13
0.2984838690721044,0.3538461538461538,-0.1504142093990467,0.46153846153846156,0.0,0.9230769230769231,0.2918944818392619,0.3346633568931145,GBM-full,Y12-landmark,B,37,3,18,5
0.5763407136271307,0.7491039426523297,0.35470500693488133,0.6657706093189963,0.4444444444444444,0.8870967741935484,0.15220617433299952,0.12625132076989987,FL-FedAvg,Y12-landmark,all,37,3,80,18
0.5514942438019361,0.7692307692307693,0.27936070907251476,0.631083202511774,0.38461538461538464,0.8775510204081632,0.15113328938001444,0.1475957863949272,FL-FedAvg,Y12-landmark,A,37,3,62,13
0.7315508021390373,0.7076923076923076,0.5635445125120265,0.7615384615384615,0.6,0.9230769230769231,0.15590166694883723,0.19037196561537162,FL-FedAvg,Y12-landmark,B,37,3,18,5
0.5763407136271307,0.7491039426523297,0.35470500693488133,0.6657706093189963,0.4444444444444444,0.8870967741935484,0.15239216674563377,0.12690600287988033,FL-FedProx,Y12-landmark,all,37,3,80,18
0.5514942438019361,0.7692307692307693,0.27936070907251476,0.631083202511774,0.38461538461538464,0.8775510204081632,0.1513197167535973,0.14839842941036943,FL-FedProx,Y12-landmark,A,37,3,62,13
0.7315508021390373,0.7076923076923076,0.5635445125120265,0.7615384615384615,0.6,0.9230769230769231,0.1560861611626482,0.19103776130505806,FL-FedProx,Y12-landmark,B,37,3,18,5
0.5132713182288132,0.7150537634408602,0.3292763870490873,0.6577060931899641,0.4444444444444444,0.8709677419354839,0.1684811900302738,0.14084423017933329,FL-FedAvg-E,Y12-landmark,all,37,3,80,18
0.5217507512977683,0.7237048665620095,0.29040176277526236,0.6491365777080063,0.46153846153846156,0.8367346938775511,0.17201869808365963,0.17918024868541912,FL-FedAvg-E,Y12-landmark,A,37,3,62,13
0.6925,0.7230769230769232,0.570087712549569,0.7,0.4,1.0,0.15629644006861163,0.13252251148788216,FL-FedAvg-E,Y12-landmark,B,37,3,18,5
0.5441751796203851,0.6774193548387096,0.3548387096774194,0.6774193548387097,0.5,0.8548387096774194,0.2141682936359401,0.25141280308877645,LR-local-A,Y12-landmark,all,37,4,80,18
0.478612973539623,0.6609105180533752,0.29040176277526236,0.6491365777080063,0.46153846153846156,0.8367346938775511,0.21688116630516227,0.25566465414188083,LR-local-A,Y12-landmark,A,37,4,62,13
0.6944444444444444,0.7076923076923077,0.5635445125120265,0.7615384615384615,0.6,0.9230769230769231,0.20482395444195256,0.2367675383503057,LR-local-A,Y12-landmark,B,37,4,18,5
0.37053358889266597,0.5761648745519713,0.09291228574962064,0.5555555555555556,0.6111111111111112,0.5,0.25382689977189077,0.2915800132339774,EN-compact,Y12-landmark,all,37,4,80,18
0.2861866751343205,0.5196232339089482,0.05626616867452687,0.5345368916797488,0.5384615384615384,0.5306122448979592,0.2542841678762552,0.290400038154544,EN-compact,Y12-landmark,A,37,4,62,13
0.6158333333333333,0.7230769230769231,0.17541160386140583,0.5923076923076923,0.8,0.38461538461538464,0.25225186519019116,0.29564437184091463,EN-compact,Y12-landmark,B,37,4,18,5
0.5361730674842071,0.6594982078853047,0.3033071397568463,0.6379928315412187,0.3888888888888889,0.8870967741935484,0.21291923919624497,0.2562863019705429,EN-full,Y12-landmark,all,37,4,80,18
0.4664234121956776,0.6232339089481946,0.20502679335157623,0.5926216640502355,0.3076923076923077,0.8775510204081632,0.21524532827972476,0.2598057290256773,EN-full,Y12-landmark,A,37,4,62,13
0.7888888888888888,0.7692307692307693,0.5635445125120265,0.7615384615384615,0.6,0.9230769230769231,0.2049071545753703,0.2441638310028581,EN-full,Y12-landmark,B,37,4,18,5
0.4312309387837908,0.6245519713261649,0.3306560133651227,0.6460573476702509,0.3888888888888889,0.9032258064516129,0.18786152343090662,0.18060172295838645,GBM-full,Y12-landmark,all,37,4,80,18
0.3654800268039885,0.6075353218210362,0.2376525014916409,0.6028257456828885,0.3076923076923077,0.8979591836734694,0.19009398395658988,0.19879978869644843,GBM-full,Y12-landmark,A,37,4,62,13
0.6036953242835597,0.6461538461538462,0.5635445125120265,0.7615384615384615,0.6,0.9230769230769231,0.18017193717577562,0.23631624536847412,GBM-full,Y12-landmark,B,37,4,18,5
0.512948695525116,0.6505376344086021,0.36048007595996406,0.6541218637992832,0.3888888888888889,0.9193548387096774,0.1640501137619907,0.15510041911493525,FL-FedAvg,Y12-landmark,all,37,4,80,18
0.4680198331855337,0.609105180533752,0.31702942388632704,0.6232339089481946,0.3076923076923077,0.9387755102040817,0.16472175072236397,0.1700402700916887,FL-FedAvg,Y12-landmark,A,37,4,62,13
0.6564425770308124,0.7384615384615385,0.4461538461538462,0.7230769230769231,0.6,0.8461538461538461,0.1617366975651495,0.1703083110047406,FL-FedAvg,Y12-landmark,B,37,4,18,5
0.512948695525116,0.6505376344086021,0.36048007595996406,0.6541218637992832,0.3888888888888889,0.9193548387096774,0.16424927748536663,0.15564430018008996,FL-FedProx,Y12-landmark,all,37,4,80,18
0.4680198331855337,0.609105180533752,0.31702942388632704,0.6232339089481946,0.3076923076923077,0.9387755102040817,0.1649128889003681,0.17057522589093554,FL-FedProx,Y12-landmark,A,37,4,62,13
0.6564425770308124,0.7384615384615385,0.4461538461538462,0.7230769230769231,0.6,0.8461538461538461,0.16196350483369504,0.17107722198590003,FL-FedProx,Y12-landmark,B,37,4,18,5
0.46249358783419703,0.6308243727598567,0.3933286534213345,0.6621863799283154,0.3888888888888889,0.9354838709677419,0.17941166473915454,0.19659762437230005,FL-FedAvg-E,Y12-landmark,all,37,4,80,18
0.41745108219567506,0.5745682888540031,0.31702942388632704,0.6232339089481946,0.3076923076923077,0.9387755102040817,0.1869848713424634,0.2006836904388013,FL-FedAvg-E,Y12-landmark,A,37,4,62,13
0.6690476190476191,0.7846153846153847,0.5635445125120265,0.7615384615384615,0.6,0.9230769230769231,0.15332617532775755,0.288476132223837,FL-FedAvg-E,Y12-landmark,B,37,4,18,5
