experiment,scenario,scenario_label,round,n_total,n_attend,n_incentivized,participation_rate,incentive_util,active_clients,local_sample_counts,cumulative_records,auroc,pr_auc,ece,brier,comm_cost_params,model_hash,policy_hash,alloc_hash,attend_hash,agg_hash,chain_hash
betterbp,C0,No incentive,1,402,226,0,0.5622,0.0,2,"{""A"": 187, ""B"": 39}",226,0.52862,0.18821,0.35557,0.2493,24,6e199d6a6053858a,6e199d6a6053858a,5560728cd337269a,bc258f447621e33b,870ad86fa9331b1c,3fe68df0971eb75d
betterbp,C0,No incentive,2,402,225,0,0.5597,0.0,2,"{""A"": 185, ""B"": 40}",451,0.55608,0.20077,0.35558,0.24921,24,10a680c7d9cda73a,10a680c7d9cda73a,5560728cd337269a,41d4c424b76182b5,29595f3df87b03c4,7c48943aa74da9d7
betterbp,C0,No incentive,3,402,230,0,0.5721,0.0,2,"{""A"": 198, ""B"": 32}",681,0.55834,0.17928,0.35545,0.24902,24,4e721b000b2f6761,4e721b000b2f6761,5560728cd337269a,0db98060a526fbd8,17bd6d00f64455d9,0a74b846de5c6a81
betterbp,C0,No incentive,4,402,218,0,0.5423,0.0,2,"{""A"": 178, ""B"": 40}",899,0.54842,0.19619,0.35563,0.24935,24,4ba82acad871fb80,4ba82acad871fb80,5560728cd337269a,1774c72454852fde,7287b4fbfe0bda87,d56714a346d31dba
betterbp,C0,No incentive,5,402,222,0,0.5522,0.0,2,"{""A"": 188, ""B"": 34}",1121,0.52691,0.1889,0.35555,0.24933,24,556a948f6ef4bef6,556a948f6ef4bef6,5560728cd337269a,e220a6c5e2b52954,f82901d80f465567,ea067777e0d1008b
betterbp,C0,No incentive,6,402,215,0,0.5348,0.0,2,"{""A"": 182, ""B"": 33}",1336,0.55749,0.18807,0.35555,0.24918,24,55c9587b012c1954,55c9587b012c1954,5560728cd337269a,8ba225a72df0eaf0,81daaf39eafc10bf,8fc1c085df8d53f3
betterbp,C0,No incentive,7,402,215,0,0.5348,0.0,2,"{""A"": 177, ""B"": 38}",1551,0.51814,0.19268,0.35553,0.24924,24,d838012f4f00e1b3,d838012f4f00e1b3,5560728cd337269a,8021c56cacea9324,d4a0ae528b9bec73,6d96c03589d8f628
betterbp,C0,No incentive,8,402,229,0,0.5697,0.0,2,"{""A"": 188, ""B"": 41}",1780,0.53889,0.1768,0.35561,0.24941,24,89af0bfddc03b271,89af0bfddc03b271,5560728cd337269a,aa2de6c1e901ebc8,dac8a4f1dbfa8c88,7c06b175d2c02877
betterbp,C0,No incentive,9,402,210,0,0.5224,0.0,2,"{""A"": 173, ""B"": 37}",1990,0.54441,0.18397,0.35563,0.24949,24,89973d1c6fba2e3f,89973d1c6fba2e3f,5560728cd337269a,df40d492b94a6a37,7e38352c5376748b,8c6fb53e50578716
betterbp,C0,No incentive,10,402,251,0,0.6244,0.0,2,"{""A"": 209, ""B"": 42}",2241,0.55603,0.20836,0.35558,0.24922,24,5c5d9306daadd2c6,5c5d9306daadd2c6,5560728cd337269a,3c75e7465ee58ce5,ad4929b06f9922af,ebab765aed5832ac
betterbp,C0,No incentive,11,402,256,0,0.6368,0.0,2,"{""A"": 211, ""B"": 45}",2497,0.55253,0.17248,0.35563,0.24932,24,53e4ea0b5ac9fcc7,53e4ea0b5ac9fcc7,5560728cd337269a,251fe212eb56f937,94b58af5bb4793e5,62090746d217b976
betterbp,C0,No incentive,12,402,233,0,0.5796,0.0,2,"{""A"": 203, ""B"": 30}",2730,0.55333,0.22555,0.35554,0.24905,24,f1c7abca9b62ccec,f1c7abca9b62ccec,5560728cd337269a,3ccd59eb0cf0303c,02ddd72a7e6b1535,2a4d53d5d76266e6
betterbp,C0,No incentive,13,402,225,0,0.5597,0.0,2,"{""A"": 190, ""B"": 35}",2955,0.50496,0.15831,0.35523,0.25078,24,0327a5b693ca74ba,0327a5b693ca74ba,5560728cd337269a,5f8ac1efef9be1c5,891a2aedc7323596,91519864b09d4da7
betterbp,C0,No incentive,14,402,223,0,0.5547,0.0,2,"{""A"": 179, ""B"": 44}",3178,0.55724,0.18736,0.35543,0.24887,24,f94d9bc5efe732ce,f94d9bc5efe732ce,5560728cd337269a,7cd9c297d58f6410,41b26bf2732c3829,16d0e2131e0f85bc
betterbp,C0,No incentive,15,402,218,0,0.5423,0.0,2,"{""A"": 184, ""B"": 34}",3396,0.56425,0.18572,0.35546,0.24902,24,92795f3e20bc3828,92795f3e20bc3828,5560728cd337269a,5a9bfd0c83acd726,42ff2b354eeb957a,401b1db93704db72
betterbp,C0,No incentive,16,402,210,0,0.5224,0.0,2,"{""A"": 176, ""B"": 34}",3606,0.55122,0.21652,0.35557,0.2491,24,10aa445fbcf7c5bf,10aa445fbcf7c5bf,5560728cd337269a,7af5e093f703a73b,1e63b27ea4ba4dba,ea116f6eafdddbdb
betterbp,C0,No incentive,17,402,193,0,0.4801,0.0,2,"{""A"": 166, ""B"": 27}",3799,0.51017,0.14568,0.35553,0.24968,24,a8ccbd92a414c470,a8ccbd92a414c470,5560728cd337269a,344520fcd591d48a,91f8945c880aa19f,860ff8b48672e1f6
betterbp,C0,No incentive,18,402,233,0,0.5796,0.0,2,"{""A"": 193, ""B"": 40}",4032,0.5609,0.22014,0.3556,0.24902,24,2a7dcc8f0d054f60,2a7dcc8f0d054f60,5560728cd337269a,8052b6e778e8c67b,17a29e505dda931c,5d3f2894a51d0a3a
betterbp,C0,No incentive,19,402,220,0,0.5473,0.0,2,"{""A"": 187, ""B"": 33}",4252,0.56816,0.20674,0.35555,0.249,24,bcec47c4885e5a11,bcec47c4885e5a11,5560728cd337269a,c966961e623dc602,e37a1f8702e00139,e5ae2d2b1eb49dd7
betterbp,C0,No incentive,20,402,221,0,0.5498,0.0,2,"{""A"": 183, ""B"": 38}",4473,0.55197,0.21545,0.35543,0.24897,24,4735c495c0b440c5,4735c495c0b440c5,5560728cd337269a,43d3c8259b3a6459,b32ee6965aea709c,c42b146c54bd07a2
betterbp,C1,Random allocation,1,402,202,268,0.5025,1.0,2,"{""A"": 162, ""B"": 40}",202,0.52777,0.20088,0.35552,0.24918,24,9cc9d042f71353c7,9cc9d042f71353c7,1a06c75a4a5991d1,4417f9b5d07b33ce,ed432fda4ea60d7b,d5942fb293a0e48e
betterbp,C1,Random allocation,2,402,221,268,0.5498,1.0,2,"{""A"": 170, ""B"": 51}",423,0.54466,0.20756,0.35555,0.24918,24,fb6c0c2fd7a6bb0b,fb6c0c2fd7a6bb0b,d547fe73e2c7b051,d84ab365c957c4cc,4e4e155139a3e751,ea99c532f7c8ba24
betterbp,C1,Random allocation,3,402,220,268,0.5473,1.0,2,"{""A"": 180, ""B"": 40}",643,0.55839,0.18912,0.3555,0.24916,24,656188c40daa4e64,656188c40daa4e64,144d870353878411,dc539da0024cd71f,d750c9a25ed70417,d5e560f095f5dd4e
betterbp,C1,Random allocation,4,402,214,268,0.5323,1.0,2,"{""A"": 168, ""B"": 46}",857,0.53954,0.21145,0.35554,0.24911,24,df4e5f566e2c6249,df4e5f566e2c6249,a60ad70b37475574,07806898cb6d8da3,2337f47900aa8c10,d28aa6b464270c3b
betterbp,C1,Random allocation,5,402,219,268,0.5448,1.0,2,"{""A"": 175, ""B"": 44}",1076,0.53338,0.181,0.35547,0.24932,24,162bf1422d157861,162bf1422d157861,1a4dbcda2275c6c5,f732c7c7325f97ec,fd4c53148104fd51,24aa349d3772b034
betterbp,C1,Random allocation,6,402,203,268,0.505,1.0,2,"{""A"": 161, ""B"": 42}",1279,0.54882,0.20429,0.35546,0.249,24,a80f4d25e3da7fbf,a80f4d25e3da7fbf,560dbbe472a6be41,f1be1d85813d565b,87960dcfe44bec9c,e495b4e4e2143cff
betterbp,C1,Random allocation,7,402,203,268,0.505,1.0,2,"{""A"": 161, ""B"": 42}",1482,0.51874,0.19912,0.35551,0.24918,24,af2dd48554e8a87c,af2dd48554e8a87c,432e166da43be342,ac3a4b13df3edb7e,263881b6ccae85d9,49f41ef3d2ca59a7
betterbp,C1,Random allocation,8,402,214,268,0.5323,1.0,2,"{""A"": 167, ""B"": 47}",1696,0.52952,0.19409,0.35532,0.24976,24,2a97a081ba97ae20,2a97a081ba97ae20,66f8a4cefee1cd70,074346adba95eb34,281a38013206ce7b,d058d2a67ae4eca8
betterbp,C1,Random allocation,9,402,205,268,0.51,1.0,2,"{""A"": 157, ""B"": 48}",1901,0.54912,0.17333,0.35559,0.24965,24,8a78b92a6fe647f3,8a78b92a6fe647f3,f5f0244a5f673137,466a8e130e6cd065,6f46c8a2df8e8efd,f7e31f629149af98
betterbp,C1,Random allocation,10,402,242,268,0.602,1.0,2,"{""A"": 192, ""B"": 50}",2143,0.55659,0.2108,0.35555,0.24912,24,5a738f8244bc5149,5a738f8244bc5149,c5e4810a1a8c84e6,829720b396efa51f,7e77d5959316d6cd,de48bdbf8c8cebde
betterbp,C1,Random allocation,11,402,251,268,0.6244,1.0,2,"{""A"": 204, ""B"": 47}",2394,0.5643,0.21148,0.35562,0.24917,24,8af10e7028f6eae6,8af10e7028f6eae6,e39dbb9a55e72072,049c2fb9c3010210,cbce30b833298c66,9acb0151e0d1ea96
betterbp,C1,Random allocation,12,402,229,268,0.5697,1.0,2,"{""A"": 188, ""B"": 41}",2623,0.5606,0.21536,0.35553,0.24898,24,685a58e2f39e41b3,685a58e2f39e41b3,6f2d6c051e8727fc,af8c8041d03e6d64,072372216ce1b01b,6a3c919091f04743
betterbp,C1,Random allocation,13,402,213,268,0.5299,1.0,2,"{""A"": 171, ""B"": 42}",2836,0.50246,0.17219,0.35548,0.24955,24,ffdbb2f74d94a979,ffdbb2f74d94a979,90d5ae848c825f1f,2e6bc79f5d5aa938,bdd674d47560963e,e150e74596518198
betterbp,C1,Random allocation,14,402,209,268,0.5199,1.0,2,"{""A"": 157, ""B"": 52}",3045,0.54436,0.17906,0.35539,0.24896,24,b4a240baae4725a9,b4a240baae4725a9,8b129588f7c3ed65,131e4cfebbac9393,074097bbe6d3df60,84f4dc29e5b0fe96
betterbp,C1,Random allocation,15,402,214,268,0.5323,1.0,2,"{""A"": 175, ""B"": 39}",3259,0.55924,0.21031,0.3555,0.24892,24,d28388f6158ff57b,d28388f6158ff57b,2e8d772bf6c3e891,a931f941535ce405,f75419ed2ba51891,8579f679d6f24f8a
betterbp,C1,Random allocation,16,402,194,268,0.4826,1.0,2,"{""A"": 154, ""B"": 40}",3453,0.53208,0.19188,0.35542,0.24918,24,1af4ff29581dd03c,1af4ff29581dd03c,b549ba98f1704f2f,f8fa1e97fae0eb59,9bfdf907ba7bf664,2256818b466c1715
betterbp,C1,Random allocation,17,402,181,268,0.4502,1.0,2,"{""A"": 149, ""B"": 32}",3634,0.51148,0.16778,0.35544,0.24962,24,a2779fa1ab1ccd80,a2779fa1ab1ccd80,5734a1cab81814f7,5ef7dee88a10edfc,ed947dd8ad9be29e,6252c2ef4a9973e4
betterbp,C1,Random allocation,18,402,222,268,0.5522,1.0,2,"{""A"": 178, ""B"": 44}",3856,0.56045,0.21228,0.35558,0.24891,24,e083a8f25cbfcfa9,e083a8f25cbfcfa9,ed14515d8e89b4db,b283725ebd353a72,2390aa996b2b57ae,4cd17ebcf4cdb36b
betterbp,C1,Random allocation,19,402,216,268,0.5373,1.0,2,"{""A"": 175, ""B"": 41}",4072,0.57252,0.2351,0.35555,0.24885,24,ef70a707abe908d9,ef70a707abe908d9,041ee7177ba31877,5f4ebfc65cdcf0e9,ad1e3c583c8f0204,9fb0ccae3c5b4b79
betterbp,C1,Random allocation,20,402,211,268,0.5249,1.0,2,"{""A"": 168, ""B"": 43}",4283,0.53814,0.23261,0.35535,0.24884,24,4f0addbcbfbcdf8d,4f0addbcbfbcdf8d,b5adc24b07c28d3f,62f6d5235692668c,cc974c3e01cea7ef,ee7aa846c100ad35
betterbp,C2,FL nonattendance-risk ranking,1,402,217,268,0.5398,1.0,2,"{""A"": 175, ""B"": 42}",217,0.51679,0.18443,0.35551,0.24946,24,dd1b1ae547923126,dd1b1ae547923126,141e7e99ac74ca77,b09b000e8434df07,50c20fb1fc0e1bf2,caaca7d364cd6085
betterbp,C2,FL nonattendance-risk ranking,2,402,233,268,0.5796,1.0,2,"{""A"": 182, ""B"": 51}",450,0.55418,0.22057,0.35551,0.24903,24,23480de730b8f240,23480de730b8f240,34f3b667503090b2,4789028f5dc20ce1,aefcad25427ef894,5127129c0e4870d7
betterbp,C2,FL nonattendance-risk ranking,3,402,229,268,0.5697,1.0,2,"{""A"": 189, ""B"": 40}",679,0.55749,0.18929,0.35551,0.24913,24,2601dac0f1b058a6,2601dac0f1b058a6,1b69dc3a4316b1fb,8e480c378ef66fa8,09a41b8b70a6f10e,0605b3da9857e32b
betterbp,C2,FL nonattendance-risk ranking,4,402,216,268,0.5373,1.0,2,"{""A"": 171, ""B"": 45}",895,0.54175,0.21427,0.35552,0.24909,24,f4551d211a71824b,f4551d211a71824b,17113991d1c58ec8,4a3edc36dfe4345d,a9978b64cc1f09fd,8fefa168241697c4
betterbp,C2,FL nonattendance-risk ranking,5,402,228,268,0.5672,1.0,2,"{""A"": 186, ""B"": 42}",1123,0.53032,0.19297,0.35552,0.24933,24,31cabd7007f21523,31cabd7007f21523,eabb7852e32df2ef,b3c42713e18f9541,b713a0b9ae10c234,d289f96da622f2cb
betterbp,C2,FL nonattendance-risk ranking,6,402,205,268,0.51,1.0,2,"{""A"": 167, ""B"": 38}",1328,0.55042,0.19954,0.35549,0.24906,24,4e17292c7fe55346,4e17292c7fe55346,16b2db6ecae54dba,8331f6830c209b8e,ec17e1b5875d49a8,8c3f05614718fac8
betterbp,C2,FL nonattendance-risk ranking,7,402,216,268,0.5373,1.0,2,"{""A"": 173, ""B"": 43}",1544,0.51624,0.19628,0.35555,0.24925,24,cbf38d4394ca2854,cbf38d4394ca2854,85bd7a25658ad3e7,b1e04d84330d31ae,a5fe413239d659d6,e3965a84875c4242
betterbp,C2,FL nonattendance-risk ranking,8,402,232,268,0.5771,1.0,2,"{""A"": 185, ""B"": 47}",1776,0.55463,0.19998,0.35562,0.24927,24,d915e3b92e402e03,d915e3b92e402e03,5d284c06ca5d3719,187dfb2c61f3b51d,8c76d65f3fef8d30,8247f4be31ff09aa
betterbp,C2,FL nonattendance-risk ranking,9,402,216,268,0.5373,1.0,2,"{""A"": 169, ""B"": 47}",1992,0.55634,0.1789,0.35562,0.24935,24,c9bc714dbd71bce9,c9bc714dbd71bce9,b0b736cd1857678a,46645c24c835e953,7a0b75d7b6e6f958,375cab06ee6e65c9
betterbp,C2,FL nonattendance-risk ranking,10,402,226,268,0.5622,1.0,2,"{""A"": 181, ""B"": 45}",2218,0.55914,0.21041,0.35552,0.24901,24,0dbe8022dfa3342f,0dbe8022dfa3342f,704f86d41ecfda93,db85a46987bc5fc1,cc3f5660ed2db7a9,db4d7223a2a0b3df
betterbp,C2,FL nonattendance-risk ranking,11,402,248,268,0.6169,1.0,2,"{""A"": 200, ""B"": 48}",2466,0.57182,0.20685,0.35561,0.24912,24,1a40a95690ce69eb,1a40a95690ce69eb,7a1b28d0b40ee953,8cf9ea82547de92d,03601aa024d7fd2c,eaf1ce8f043961af
betterbp,C2,FL nonattendance-risk ranking,12,402,228,268,0.5672,1.0,2,"{""A"": 190, ""B"": 38}",2694,0.55503,0.22908,0.35554,0.24905,24,1747c2ae3c01ce18,1747c2ae3c01ce18,e807362f9ae5da40,da15bf12376fac46,a96962930063bea7,09aaed101b3d09f0
betterbp,C2,FL nonattendance-risk ranking,13,402,220,268,0.5473,1.0,2,"{""A"": 179, ""B"": 41}",2914,0.51188,0.14151,0.35558,0.24982,24,898040cdc13034ca,898040cdc13034ca,f13392053c0107ec,f365537b017d2a3d,3e553a898da1cc1c,e276be400f0b0f98
betterbp,C2,FL nonattendance-risk ranking,14,402,201,268,0.5,1.0,2,"{""A"": 157, ""B"": 44}",3115,0.54551,0.19409,0.35541,0.24886,24,ae84b13b13f5a79d,ae84b13b13f5a79d,a2f0750373061f9f,441cb41cd3e1e3a8,5d84931e03e8a3cd,7be88ca90b97e27a
betterbp,C2,FL nonattendance-risk ranking,15,402,222,268,0.5522,1.0,2,"{""A"": 182, ""B"": 40}",3337,0.56014,0.21507,0.3555,0.24892,24,ea78cc45c1357a36,ea78cc45c1357a36,e67433e2f78ecdba,752291a3e52ff9cd,4cb4b0bcce0272e7,128a6a1aa221ba08
betterbp,C2,FL nonattendance-risk ranking,16,402,205,268,0.51,1.0,2,"{""A"": 164, ""B"": 41}",3542,0.52491,0.18686,0.35558,0.24925,24,ce701ab1f6ab0069,ce701ab1f6ab0069,01534a0959490785,37c64fb975be9a41,4263a4486e3d041f,a762604e4e350719
betterbp,C2,FL nonattendance-risk ranking,17,402,196,268,0.4876,1.0,2,"{""A"": 165, ""B"": 31}",3738,0.52391,0.17015,0.35548,0.24955,24,a474530ace664133,a474530ace664133,744cb5364df0bf32,77197121df88a727,03deae4cbe20bbbd,462e53d881316149
betterbp,C2,FL nonattendance-risk ranking,18,402,218,268,0.5423,1.0,2,"{""A"": 174, ""B"": 44}",3956,0.55413,0.21756,0.35554,0.24885,24,10c7bf4645ac944e,10c7bf4645ac944e,1a6bcb526aacd0e9,410b27f7683a8f2f,f2be343f535f994a,8f48fa10fc85cf69
betterbp,C2,FL nonattendance-risk ranking,19,402,226,268,0.5622,1.0,2,"{""A"": 184, ""B"": 42}",4182,0.5623,0.24543,0.35554,0.24889,24,74c77c20998f3275,74c77c20998f3275,eb6bddbbec1c74ef,e1f70ff6b28583bd,95ae025c4ee22328,bce7c0323e1bfcb6
betterbp,C2,FL nonattendance-risk ranking,20,402,225,268,0.5597,1.0,2,"{""A"": 179, ""B"": 46}",4407,0.53544,0.23268,0.35525,0.24886,24,71622ba32b46980f,71622ba32b46980f,110de0cf51c2bfe6,65a5ce14bbac362d,e8241a9896bd391e,f4d42208c2e1d414
betterbp,C3,DR uplift ranking,1,402,230,268,0.5721,1.0,2,"{""A"": 189, ""B"": 41}",230,0.53724,0.2049,0.35559,0.24921,24,9e7e3e41a98c0b4e,9e7e3e41a98c0b4e,a317d65cf6cb209e,2082408adecf54f0,ffab21acd71da723,a341830cd2499e75
betterbp,C3,DR uplift ranking,2,402,243,268,0.6045,1.0,2,"{""A"": 192, ""B"": 51}",473,0.54972,0.20849,0.35552,0.24912,24,74649c10b3818944,74649c10b3818944,a317d65cf6cb209e,18bcd258911d7de4,85323dffc189d1e0,71f74209804fef90
betterbp,C3,DR uplift ranking,3,402,242,268,0.602,1.0,2,"{""A"": 202, ""B"": 40}",715,0.55984,0.18525,0.35557,0.24916,24,9c20475614302845,9c20475614302845,a317d65cf6cb209e,0ea3247ee03797f9,448c72d2bb887156,4712d65a3dd2d578
betterbp,C3,DR uplift ranking,4,402,234,268,0.5821,1.0,2,"{""A"": 187, ""B"": 47}",949,0.5407,0.21466,0.35554,0.24911,24,d224e594305761d0,d224e594305761d0,a317d65cf6cb209e,c87ad687896fe7cd,86d1d8be85a7e3c3,477f2b58c9d59f5b
betterbp,C3,DR uplift ranking,5,402,241,268,0.5995,1.0,2,"{""A"": 195, ""B"": 46}",1190,0.53579,0.18549,0.35557,0.24936,24,a33a9da7e5b9e33d,a33a9da7e5b9e33d,a317d65cf6cb209e,f3497e3c4b6b37dc,9e3a8f1913efc7f3,b540194e1cd98884
betterbp,C3,DR uplift ranking,6,402,225,268,0.5597,1.0,2,"{""A"": 183, ""B"": 42}",1415,0.55493,0.2013,0.3555,0.24904,24,0720aa1d1213b6e1,0720aa1d1213b6e1,a317d65cf6cb209e,36cfcef440b827ba,3026394ffa6d5e04,0183185ae42939a2
betterbp,C3,DR uplift ranking,7,402,229,268,0.5697,1.0,2,"{""A"": 186, ""B"": 43}",1644,0.5212,0.20117,0.35558,0.2493,24,5bf553e583cf9079,5bf553e583cf9079,a317d65cf6cb209e,222dc755287abdfd,f865c8b72219e752,2255b24756d8df3c
betterbp,C3,DR uplift ranking,8,402,243,268,0.6045,1.0,2,"{""A"": 195, ""B"": 48}",1887,0.55994,0.19388,0.35562,0.24922,24,7bd4c017fb74d3c3,7bd4c017fb74d3c3,a317d65cf6cb209e,846268fbb9938dc8,4af1c797c86dac22,d53903c237d89ccb
betterbp,C3,DR uplift ranking,9,402,229,268,0.5697,1.0,2,"{""A"": 179, ""B"": 50}",2116,0.55172,0.17071,0.35564,0.24938,24,00877a256a18a7fe,00877a256a18a7fe,a317d65cf6cb209e,fc16c7f8827f36ce,9f05162293a9f8ce,77f8f788e0df3285
betterbp,C3,DR uplift ranking,10,402,263,268,0.6542,1.0,2,"{""A"": 213, ""B"": 50}",2379,0.55684,0.22483,0.35556,0.24906,24,999447346c27dddc,999447346c27dddc,a317d65cf6cb209e,caf522104aa7ba0e,86e3ecd54c8e0493,e8b898f2d343332f
betterbp,C3,DR uplift ranking,11,402,266,268,0.6617,1.0,2,"{""A"": 216, ""B"": 50}",2645,0.56796,0.20407,0.35562,0.24915,24,47456206a82e902e,47456206a82e902e,a317d65cf6cb209e,fd4f0fdc8926e087,c495a02e28aa25a6,86d97657a1a6f517
betterbp,C3,DR uplift ranking,12,402,253,268,0.6294,1.0,2,"{""A"": 211, ""B"": 42}",2898,0.56125,0.22887,0.35557,0.24904,24,a535f25b645421b0,a535f25b645421b0,a317d65cf6cb209e,31106ddc69a4bafb,66e31d7bd5f9c1e4,90239d8571f14916
betterbp,C3,DR uplift ranking,13,402,237,268,0.5896,1.0,2,"{""A"": 194, ""B"": 43}",3135,0.50887,0.13947,0.35558,0.24983,24,e9552b778e430ef2,e9552b778e430ef2,a317d65cf6cb209e,9b6d17ff0621e313,c70a24a0823c6301,f8f8e1c60f855718
betterbp,C3,DR uplift ranking,14,402,234,268,0.5821,1.0,2,"{""A"": 181, ""B"": 53}",3369,0.54285,0.2044,0.35548,0.24893,24,dba0999660fd8d9c,dba0999660fd8d9c,a317d65cf6cb209e,9fbd2b2f0a19b991,08607fda711f1738,31c38f4d115941cb
betterbp,C3,DR uplift ranking,15,402,232,268,0.5771,1.0,2,"{""A"": 192, ""B"": 40}",3601,0.55779,0.21354,0.35549,0.24892,24,2d23f92c03a188fd,2d23f92c03a188fd,a317d65cf6cb209e,12cdb2cc851a71c7,1bf09342920ed677,cc6a1934960950d7
betterbp,C3,DR uplift ranking,16,402,221,268,0.5498,1.0,2,"{""A"": 181, ""B"": 40}",3822,0.55298,0.21454,0.35556,0.24909,24,15625540a601c298,15625540a601c298,a317d65cf6cb209e,a46a9745e2a6f8ab,ef84c3ecbb11d4b8,3af348ce54cf3aad
betterbp,C3,DR uplift ranking,17,402,209,268,0.5199,1.0,2,"{""A"": 176, ""B"": 33}",4031,0.51834,0.17036,0.35548,0.24958,24,eaf49ca49d5c26c0,eaf49ca49d5c26c0,a317d65cf6cb209e,0c845c0f3285ba82,fd441d0c93a69cd9,6d535a475ea7ab03
betterbp,C3,DR uplift ranking,18,402,243,268,0.6045,1.0,2,"{""A"": 197, ""B"": 46}",4274,0.5634,0.21917,0.35559,0.24897,24,a6ec453fd52b6f12,a6ec453fd52b6f12,a317d65cf6cb209e,391c4be4651db992,878628935e2346e1,c92f8d1da78a1e01
betterbp,C3,DR uplift ranking,19,402,238,268,0.592,1.0,2,"{""A"": 195, ""B"": 43}",4512,0.56716,0.24893,0.35551,0.24881,24,62f66eac86a7c735,62f66eac86a7c735,a317d65cf6cb209e,84d96d65c9b5a2e8,ed96cf5a536f462f,96d490da7be0875e
betterbp,C3,DR uplift ranking,20,402,234,268,0.5821,1.0,2,"{""A"": 189, ""B"": 45}",4746,0.54581,0.22508,0.35539,0.24888,24,60f23c0e6c98374a,60f23c0e6c98374a,a317d65cf6cb209e,47fdb7763b122c20,0c57ba0cd94130a2,e5f4d2f3460553da
cimas,C0,No incentive,1,12649,5736,0,0.4535,0.0,23,"{""ASHBRITTLE   PHARMACY"": 32, ""BALLANTYNE PARK PHARMACY"": 26, ""CIMAS BORROWDALE OFFICE PARK PHARMACY"": 157, ""CIMAS BULAWAYO PHARMACY"": 567, ""CIMAS CLINIC -MASVINGO PHARMACY"": 135, ""CIMAS FIFE AVENUE PHARMACY"": 203, ""CIMAS FOURTH STREET PHARMACY"": 874, ""CIMAS HCC  MUTARE PHARMACY"": 431, ""CIMAS HCC CHINHOYI ST. PHARM"": 594, ""CIMAS HCC CHITUNGWIZA PHARMACY"": 343, ""CIMAS HCC GWERU PHARMACY"": 203, ""CIMAS HIGH GLEN PHARMACY"": 374, ""CIMAS KWEKWE CLINIC- PHARMACY"": 117, ""CIMAS MANRESA - PHARRMACY"": 213, ""CLIQUE PHARMACY"": 43, ""FAREPLAN ENTERPRISE P/L T/A CHINHOYI TOWN PHARMACY"": 37, ""HEALTHLINK PHARMACY"": 140, ""KENLINK KENSINGTON PHARMACY"": 67, ""MEDICINE CHEST"": 39, ""ROWLAND SQUARE PHARMACY"": 973, ""SOMMERDRIFT INV T/A KENLINK THE BRIDGE"": 59, ""TRINITY PHARMACY -AVENUES"": 55, ""WATERSHED PHARMACY"": 54}",5736,0.7848,0.83901,0.11505,0.2041,483,ee90ff19da16ecc7,ee90ff19da16ecc7,c5a6bfa0da863230,ced58d900b3331d2,789e14dccf9cf5ee,2ccda45bf786fd8d
cimas,C0,No incentive,2,12649,5765,0,0.4558,0.0,23,"{""ASHBRITTLE   PHARMACY"": 36, ""BALLANTYNE PARK PHARMACY"": 38, ""CIMAS BORROWDALE OFFICE PARK PHARMACY"": 155, ""CIMAS BULAWAYO PHARMACY"": 568, ""CIMAS CLINIC -MASVINGO PHARMACY"": 138, ""CIMAS FIFE AVENUE PHARMACY"": 228, ""CIMAS FOURTH STREET PHARMACY"": 909, ""CIMAS HCC  MUTARE PHARMACY"": 416, ""CIMAS HCC CHINHOYI ST. PHARM"": 618, ""CIMAS HCC CHITUNGWIZA PHARMACY"": 334, ""CIMAS HCC GWERU PHARMACY"": 218, ""CIMAS HIGH GLEN PHARMACY"": 354, ""CIMAS KWEKWE CLINIC- PHARMACY"": 122, ""CIMAS MANRESA - PHARRMACY"": 200, ""CLIQUE PHARMACY"": 34, ""FAREPLAN ENTERPRISE P/L T/A CHINHOYI TOWN PHARMACY"": 38, ""HEALTHLINK PHARMACY"": 139, ""KENLINK KENSINGTON PHARMACY"": 70, ""MEDICINE CHEST"": 35, ""ROWLAND SQUARE PHARMACY"": 961, ""SOMMERDRIFT INV T/A KENLINK THE BRIDGE"": 58, ""TRINITY PHARMACY -AVENUES"": 51, ""WATERSHED PHARMACY"": 45}",11501,0.78475,0.83898,0.11434,0.20371,483,d3a8c5dc1265765d,d3a8c5dc1265765d,c5a6bfa0da863230,f3a2a4c310c59fd2,a999137210a2fb53,61bb1805d745d2c3
cimas,C0,No incentive,3,12649,5692,0,0.45,0.0,23,"{""ASHBRITTLE   PHARMACY"": 46, ""BALLANTYNE PARK PHARMACY"": 32, ""CIMAS BORROWDALE OFFICE PARK PHARMACY"": 136, ""CIMAS BULAWAYO PHARMACY"": 547, ""CIMAS CLINIC -MASVINGO PHARMACY"": 130, ""CIMAS FIFE AVENUE PHARMACY"": 205, ""CIMAS FOURTH STREET PHARMACY"": 910, ""CIMAS HCC  MUTARE PHARMACY"": 420, ""CIMAS HCC CHINHOYI ST. PHARM"": 557, ""CIMAS HCC CHITUNGWIZA PHARMACY"": 354, ""CIMAS HCC GWERU PHARMACY"": 218, ""CIMAS HIGH GLEN PHARMACY"": 354, ""CIMAS KWEKWE CLINIC- PHARMACY"": 126, ""CIMAS MANRESA - PHARRMACY"": 173, ""CLIQUE PHARMACY"": 48, ""FAREPLAN ENTERPRISE P/L T/A CHINHOYI TOWN PHARMACY"": 37, ""HEALTHLINK PHARMACY"": 139, ""KENLINK KENSINGTON PHARMACY"": 69, ""MEDICINE CHEST"": 41, ""ROWLAND SQUARE PHARMACY"": 976, ""SOMMERDRIFT INV T/A KENLINK THE BRIDGE"": 63, ""TRINITY PHARMACY -AVENUES"": 63, ""WATERSHED PHARMACY"": 48}",17193,0.7854,0.8396,0.1165,0.20414,483,91f6d4f60a624722,91f6d4f60a624722,c5a6bfa0da863230,03b131fb287592be,43310638dea0bbfa,be52fba242c66049
cimas,C0,No incentive,4,12649,5732,0,0.4532,0.0,23,"{""ASHBRITTLE   PHARMACY"": 38, ""BALLANTYNE PARK PHARMACY"": 36, ""CIMAS BORROWDALE OFFICE PARK PHARMACY"": 144, ""CIMAS BULAWAYO PHARMACY"": 562, ""CIMAS CLINIC -MASVINGO PHARMACY"": 147, ""CIMAS FIFE AVENUE PHARMACY"": 202, ""CIMAS FOURTH STREET PHARMACY"": 925, ""CIMAS HCC  MUTARE PHARMACY"": 406, ""CIMAS HCC CHINHOYI ST. PHARM"": 621, ""CIMAS HCC CHITUNGWIZA PHARMACY"": 322, ""CIMAS HCC GWERU PHARMACY"": 208, ""CIMAS HIGH GLEN PHARMACY"": 347, ""CIMAS KWEKWE CLINIC- PHARMACY"": 119, ""CIMAS MANRESA - PHARRMACY"": 192, ""CLIQUE PHARMACY"": 42, ""FAREPLAN ENTERPRISE P/L T/A CHINHOYI TOWN PHARMACY"": 52, ""HEALTHLINK PHARMACY"": 159, ""KENLINK KENSINGTON PHARMACY"": 67, ""MEDICINE CHEST"": 35, ""ROWLAND SQUARE PHARMACY"": 940, ""SOMMERDRIFT INV T/A KENLINK THE BRIDGE"": 65, ""TRINITY PHARMACY -AVENUES"": 62, ""WATERSHED PHARMACY"": 41}",22925,0.78396,0.83829,0.11224,0.20355,483,e3530a3a8c7f7791,e3530a3a8c7f7791,c5a6bfa0da863230,906490fd928fdee0,ef5059e37322c3e1,358731507a8cd042
cimas,C0,No incentive,5,12649,5669,0,0.4482,0.0,23,"{""ASHBRITTLE   PHARMACY"": 35, ""BALLANTYNE PARK PHARMACY"": 30, ""CIMAS BORROWDALE OFFICE PARK PHARMACY"": 134, ""CIMAS BULAWAYO PHARMACY"": 563, ""CIMAS CLINIC -MASVINGO PHARMACY"": 147, ""CIMAS FIFE AVENUE PHARMACY"": 206, ""CIMAS FOURTH STREET PHARMACY"": 892, ""CIMAS HCC  MUTARE PHARMACY"": 431, ""CIMAS HCC CHINHOYI ST. PHARM"": 581, ""CIMAS HCC CHITUNGWIZA PHARMACY"": 345, ""CIMAS HCC GWERU PHARMACY"": 222, ""CIMAS HIGH GLEN PHARMACY"": 338, ""CIMAS KWEKWE CLINIC- PHARMACY"": 118, ""CIMAS MANRESA - PHARRMACY"": 190, ""CLIQUE PHARMACY"": 52, ""FAREPLAN ENTERPRISE P/L T/A CHINHOYI TOWN PHARMACY"": 39, ""HEALTHLINK PHARMACY"": 137, ""KENLINK KENSINGTON PHARMACY"": 58, ""MEDICINE CHEST"": 34, ""ROWLAND SQUARE PHARMACY"": 959, ""SOMMERDRIFT INV T/A KENLINK THE BRIDGE"": 62, ""TRINITY PHARMACY -AVENUES"": 60, ""WATERSHED PHARMACY"": 36}",28594,0.78397,0.83774,0.11151,0.20346,483,a1cbc3661d3ce84e,a1cbc3661d3ce84e,c5a6bfa0da863230,5c1327bae6e877bf,df8b21a137acb3c6,a1b3479fd87284f4
cimas,C0,No incentive,6,12649,5725,0,0.4526,0.0,23,"{""ASHBRITTLE   PHARMACY"": 43, ""BALLANTYNE PARK PHARMACY"": 39, ""CIMAS BORROWDALE OFFICE PARK PHARMACY"": 153, ""CIMAS BULAWAYO PHARMACY"": 533, ""CIMAS CLINIC -MASVINGO PHARMACY"": 142, ""CIMAS FIFE AVENUE PHARMACY"": 189, ""CIMAS FOURTH STREET PHARMACY"": 910, ""CIMAS HCC  MUTARE PHARMACY"": 433, ""CIMAS HCC CHINHOYI ST. PHARM"": 607, ""CIMAS HCC CHITUNGWIZA PHARMACY"": 315, ""CIMAS HCC GWERU PHARMACY"": 209, ""CIMAS HIGH GLEN PHARMACY"": 364, ""CIMAS KWEKWE CLINIC- PHARMACY"": 132, ""CIMAS MANRESA - PHARRMACY"": 205, ""CLIQUE PHARMACY"": 45, ""FAREPLAN ENTERPRISE P/L T/A CHINHOYI TOWN PHARMACY"": 34, ""HEALTHLINK PHARMACY"": 134, ""KENLINK KENSINGTON PHARMACY"": 53, ""MEDICINE CHEST"": 37, ""ROWLAND SQUARE PHARMACY"": 988, ""SOMMERDRIFT INV T/A KENLINK THE BRIDGE"": 53, ""TRINITY PHARMACY -AVENUES"": 69, ""WATERSHED PHARMACY"": 38}",34319,0.78434,0.83887,0.11062,0.2029,483,979b33121d1b1cb6,979b33121d1b1cb6,c5a6bfa0da863230,296549b5553508e4,fd6134571922a060,4a345b8bfb1a3786
cimas,C0,No incentive,7,12649,5865,0,0.4637,0.0,23,"{""ASHBRITTLE   PHARMACY"": 42, ""BALLANTYNE PARK PHARMACY"": 34, ""CIMAS BORROWDALE OFFICE PARK PHARMACY"": 150, ""CIMAS BULAWAYO PHARMACY"": 560, ""CIMAS CLINIC -MASVINGO PHARMACY"": 137, ""CIMAS FIFE AVENUE PHARMACY"": 206, ""CIMAS FOURTH STREET PHARMACY"": 964, ""CIMAS HCC  MUTARE PHARMACY"": 417, ""CIMAS HCC CHINHOYI ST. PHARM"": 614, ""CIMAS HCC CHITUNGWIZA PHARMACY"": 347, ""CIMAS HCC GWERU PHARMACY"": 203, ""CIMAS HIGH GLEN PHARMACY"": 365, ""CIMAS KWEKWE CLINIC- PHARMACY"": 139, ""CIMAS MANRESA - PHARRMACY"": 197, ""CLIQUE PHARMACY"": 57, ""FAREPLAN ENTERPRISE P/L T/A CHINHOYI TOWN PHARMACY"": 43, ""HEALTHLINK PHARMACY"": 146, ""KENLINK KENSINGTON PHARMACY"": 69, ""MEDICINE CHEST"": 42, ""ROWLAND SQUARE PHARMACY"": 962, ""SOMMERDRIFT INV T/A KENLINK THE BRIDGE"": 56, ""TRINITY PHARMACY -AVENUES"": 63, ""WATERSHED PHARMACY"": 52}",40184,0.78613,0.83999,0.11664,0.20399,483,1640e0ca07a46271,1640e0ca07a46271,c5a6bfa0da863230,c998dcf52b422da8,4f858b71a9c847b3,f400554bdf123d5e
cimas,C0,No incentive,8,12649,5679,0,0.449,0.0,23,"{""ASHBRITTLE   PHARMACY"": 36, ""BALLANTYNE PARK PHARMACY"": 31, ""CIMAS BORROWDALE OFFICE PARK PHARMACY"": 161, ""CIMAS BULAWAYO PHARMACY"": 565, ""CIMAS CLINIC -MASVINGO PHARMACY"": 140, ""CIMAS FIFE AVENUE PHARMACY"": 194, ""CIMAS FOURTH STREET PHARMACY"": 916, ""CIMAS HCC  MUTARE PHARMACY"": 424, ""CIMAS HCC CHINHOYI ST. PHARM"": 566, ""CIMAS HCC CHITUNGWIZA PHARMACY"": 314, ""CIMAS HCC GWERU PHARMACY"": 200, ""CIMAS HIGH GLEN PHARMACY"": 375, ""CIMAS KWEKWE CLINIC- PHARMACY"": 125, ""CIMAS MANRESA - PHARRMACY"": 201, ""CLIQUE PHARMACY"": 45, ""FAREPLAN ENTERPRISE P/L T/A CHINHOYI TOWN PHARMACY"": 40, ""HEALTHLINK PHARMACY"": 135, ""KENLINK KENSINGTON PHARMACY"": 69, ""MEDICINE CHEST"": 49, ""ROWLAND SQUARE PHARMACY"": 942, ""SOMMERDRIFT INV T/A KENLINK THE BRIDGE"": 57, ""TRINITY PHARMACY -AVENUES"": 59, ""WATERSHED PHARMACY"": 35}",45863,0.78467,0.83843,0.11551,0.20399,483,673152380387c212,673152380387c212,c5a6bfa0da863230,daffce0bf2e0bf30,e1a2fbb363f3e823,61e67708866f510f
cimas,C0,No incentive,9,12649,5733,0,0.4532,0.0,23,"{""ASHBRITTLE   PHARMACY"": 41, ""BALLANTYNE PARK PHARMACY"": 37, ""CIMAS BORROWDALE OFFICE PARK PHARMACY"": 138, ""CIMAS BULAWAYO PHARMACY"": 544, ""CIMAS CLINIC -MASVINGO PHARMACY"": 139, ""CIMAS FIFE AVENUE PHARMACY"": 214, ""CIMAS FOURTH STREET PHARMACY"": 928, ""CIMAS HCC  MUTARE PHARMACY"": 408, ""CIMAS HCC CHINHOYI ST. PHARM"": 621, ""CIMAS HCC CHITUNGWIZA PHARMACY"": 314, ""CIMAS HCC GWERU PHARMACY"": 218, ""CIMAS HIGH GLEN PHARMACY"": 349, ""CIMAS KWEKWE CLINIC- PHARMACY"": 120, ""CIMAS MANRESA - PHARRMACY"": 201, ""CLIQUE PHARMACY"": 43, ""FAREPLAN ENTERPRISE P/L T/A CHINHOYI TOWN PHARMACY"": 35, ""HEALTHLINK PHARMACY"": 148, ""KENLINK KENSINGTON PHARMACY"": 71, ""MEDICINE CHEST"": 37, ""ROWLAND SQUARE PHARMACY"": 962, ""SOMMERDRIFT INV T/A KENLINK THE BRIDGE"": 61, ""TRINITY PHARMACY -AVENUES"": 59, ""WATERSHED PHARMACY"": 45}",51596,0.78471,0.83888,0.1136,0.20354,483,c13b712c048b8f37,c13b712c048b8f37,c5a6bfa0da863230,3445c13dc7523b0f,c594fabaacde26d4,0e13d24be82261a9
cimas,C0,No incentive,10,12649,5757,0,0.4551,0.0,23,"{""ASHBRITTLE   PHARMACY"": 42, ""BALLANTYNE PARK PHARMACY"": 36, ""CIMAS BORROWDALE OFFICE PARK PHARMACY"": 142, ""CIMAS BULAWAYO PHARMACY"": 569, ""CIMAS CLINIC -MASVINGO PHARMACY"": 141, ""CIMAS FIFE AVENUE PHARMACY"": 218, ""CIMAS FOURTH STREET PHARMACY"": 883, ""CIMAS HCC  MUTARE PHARMACY"": 414, ""CIMAS HCC CHINHOYI ST. PHARM"": 604, ""CIMAS HCC CHITUNGWIZA PHARMACY"": 348, ""CIMAS HCC GWERU PHARMACY"": 219, ""CIMAS HIGH GLEN PHARMACY"": 362, ""CIMAS KWEKWE CLINIC- PHARMACY"": 131, ""CIMAS MANRESA - PHARRMACY"": 216, ""CLIQUE PHARMACY"": 52, ""FAREPLAN ENTERPRISE P/L T/A CHINHOYI TOWN PHARMACY"": 32, ""HEALTHLINK PHARMACY"": 123, ""KENLINK KENSINGTON PHARMACY"": 68, ""MEDICINE CHEST"": 41, ""ROWLAND SQUARE PHARMACY"": 948, ""SOMMERDRIFT INV T/A KENLINK THE BRIDGE"": 68, ""TRINITY PHARMACY -AVENUES"": 59, ""WATERSHED PHARMACY"": 41}",57353,0.7842,0.83873,0.11266,0.20343,483,8d8f3fd567a39df5,8d8f3fd567a39df5,c5a6bfa0da863230,3bfb5998ffea916a,fa1c961e3e1e1128,f1a816b06bed65f6
cimas,C0,No incentive,11,12649,5733,0,0.4532,0.0,23,"{""ASHBRITTLE   PHARMACY"": 42, ""BALLANTYNE PARK PHARMACY"": 40, ""CIMAS BORROWDALE OFFICE PARK PHARMACY"": 158, ""CIMAS BULAWAYO PHARMACY"": 572, ""CIMAS CLINIC -MASVINGO PHARMACY"": 142, ""CIMAS FIFE AVENUE PHARMACY"": 204, ""CIMAS FOURTH STREET PHARMACY"": 904, ""CIMAS HCC  MUTARE PHARMACY"": 402, ""CIMAS HCC CHINHOYI ST. PHARM"": 658, ""CIMAS HCC CHITUNGWIZA PHARMACY"": 340, ""CIMAS HCC GWERU PHARMACY"": 191, ""CIMAS HIGH GLEN PHARMACY"": 366, ""CIMAS KWEKWE CLINIC- PHARMACY"": 113, ""CIMAS MANRESA - PHARRMACY"": 187, ""CLIQUE PHARMACY"": 42, ""FAREPLAN ENTERPRISE P/L T/A CHINHOYI TOWN PHARMACY"": 40, ""HEALTHLINK PHARMACY"": 134, ""KENLINK KENSINGTON PHARMACY"": 68, ""MEDICINE CHEST"": 38, ""ROWLAND SQUARE PHARMACY"": 943, ""SOMMERDRIFT INV T/A KENLINK THE BRIDGE"": 52, ""TRINITY PHARMACY -AVENUES"": 60, ""WATERSHED PHARMACY"": 37}",63086,0.78505,0.83912,0.11346,0.2033,483,d3a84c89290bf5bc,d3a84c89290bf5bc,c5a6bfa0da863230,cb18f786273d3fd1,89c82bdf1a4161b1,0f581f0c38984097
cimas,C0,No incentive,12,12649,5700,0,0.4506,0.0,23,"{""ASHBRITTLE   PHARMACY"": 35, ""BALLANTYNE PARK PHARMACY"": 37, ""CIMAS BORROWDALE OFFICE PARK PHARMACY"": 155, ""CIMAS BULAWAYO PHARMACY"": 564, ""CIMAS CLINIC -MASVINGO PHARMACY"": 145, ""CIMAS FIFE AVENUE PHARMACY"": 212, ""CIMAS FOURTH STREET PHARMACY"": 868, ""CIMAS HCC  MUTARE PHARMACY"": 394, ""CIMAS HCC CHINHOYI ST. PHARM"": 602, ""CIMAS HCC CHITUNGWIZA PHARMACY"": 344, ""CIMAS HCC GWERU PHARMACY"": 219, ""CIMAS HIGH GLEN PHARMACY"": 363, ""CIMAS KWEKWE CLINIC- PHARMACY"": 130, ""CIMAS MANRESA - PHARRMACY"": 189, ""CLIQUE PHARMACY"": 40, ""FAREPLAN ENTERPRISE P/L T/A CHINHOYI TOWN PHARMACY"": 44, ""HEALTHLINK PHARMACY"": 147, ""KENLINK KENSINGTON PHARMACY"": 65, ""MEDICINE CHEST"": 42, ""ROWLAND SQUARE PHARMACY"": 946, ""SOMMERDRIFT INV T/A KENLINK THE BRIDGE"": 59, ""TRINITY PHARMACY -AVENUES"": 59, ""WATERSHED PHARMACY"": 41}",68786,0.78491,0.83945,0.11614,0.20422,483,c2ef92d51bb9039b,c2ef92d51bb9039b,c5a6bfa0da863230,04c33867317af550,2991e937adabeded,962ed3c153c8591b
cimas,C0,No incentive,13,12649,5687,0,0.4496,0.0,23,"{""ASHBRITTLE   PHARMACY"": 46, ""BALLANTYNE PARK PHARMACY"": 34, ""CIMAS BORROWDALE OFFICE PARK PHARMACY"": 157, ""CIMAS BULAWAYO PHARMACY"": 552, ""CIMAS CLINIC -MASVINGO PHARMACY"": 156, ""CIMAS FIFE AVENUE PHARMACY"": 207, ""CIMAS FOURTH STREET PHARMACY"": 886, ""CIMAS HCC  MUTARE PHARMACY"": 407, ""CIMAS HCC CHINHOYI ST. PHARM"": 594, ""CIMAS HCC CHITUNGWIZA PHARMACY"": 340, ""CIMAS HCC GWERU PHARMACY"": 234, ""CIMAS HIGH GLEN PHARMACY"": 336, ""CIMAS KWEKWE CLINIC- PHARMACY"": 127, ""CIMAS MANRESA - PHARRMACY"": 204, ""CLIQUE PHARMACY"": 50, ""FAREPLAN ENTERPRISE P/L T/A CHINHOYI TOWN PHARMACY"": 34, ""HEALTHLINK PHARMACY"": 145, ""KENLINK KENSINGTON PHARMACY"": 60, ""MEDICINE CHEST"": 39, ""ROWLAND SQUARE PHARMACY"": 922, ""SOMMERDRIFT INV T/A KENLINK THE BRIDGE"": 55, ""TRINITY PHARMACY -AVENUES"": 62, ""WATERSHED PHARMACY"": 40}",74473,0.78477,0.83919,0.11343,0.20366,483,8d8f3c38d139214b,8d8f3c38d139214b,c5a6bfa0da863230,02835687261d635e,6271de4d5bc3e986,1a35efd48b1ee608
cimas,C0,No incentive,14,12649,5675,0,0.4487,0.0,23,"{""ASHBRITTLE   PHARMACY"": 43, ""BALLANTYNE PARK PHARMACY"": 36, ""CIMAS BORROWDALE OFFICE PARK PHARMACY"": 134, ""CIMAS BULAWAYO PHARMACY"": 570, ""CIMAS CLINIC -MASVINGO PHARMACY"": 136, ""CIMAS FIFE AVENUE PHARMACY"": 222, ""CIMAS FOURTH STREET PHARMACY"": 882, ""CIMAS HCC  MUTARE PHARMACY"": 427, ""CIMAS HCC CHINHOYI ST. PHARM"": 585, ""CIMAS HCC CHITUNGWIZA PHARMACY"": 324, ""CIMAS HCC GWERU PHARMACY"": 220, ""CIMAS HIGH GLEN PHARMACY"": 356, ""CIMAS KWEKWE CLINIC- PHARMACY"": 122, ""CIMAS MANRESA - PHARRMACY"": 193, ""CLIQUE PHARMACY"": 42, ""FAREPLAN ENTERPRISE P/L T/A CHINHOYI TOWN PHARMACY"": 38, ""HEALTHLINK PHARMACY"": 134, ""KENLINK KENSINGTON PHARMACY"": 60, ""MEDICINE CHEST"": 42, ""ROWLAND SQUARE PHARMACY"": 952, ""SOMMERDRIFT INV T/A KENLINK THE BRIDGE"": 64, ""TRINITY PHARMACY -AVENUES"": 54, ""WATERSHED PHARMACY"": 39}",80148,0.78476,0.83894,0.11422,0.20366,483,6ad46c6647655e0c,6ad46c6647655e0c,c5a6bfa0da863230,91502148c6570066,46f3fb1719f833d0,c7804b3d7ba53836
cimas,C0,No incentive,15,12649,5749,0,0.4545,0.0,23,"{""ASHBRITTLE   PHARMACY"": 45, ""BALLANTYNE PARK PHARMACY"": 30, ""CIMAS BORROWDALE OFFICE PARK PHARMACY"": 148, ""CIMAS BULAWAYO PHARMACY"": 593, ""CIMAS CLINIC -MASVINGO PHARMACY"": 145, ""CIMAS FIFE AVENUE PHARMACY"": 200, ""CIMAS FOURTH STREET PHARMACY"": 893, ""CIMAS HCC  MUTARE PHARMACY"": 432, ""CIMAS HCC CHINHOYI ST. PHARM"": 590, ""CIMAS HCC CHITUNGWIZA PHARMACY"": 330, ""CIMAS HCC GWERU PHARMACY"": 229, ""CIMAS HIGH GLEN PHARMACY"": 360, ""CIMAS KWEKWE CLINIC- PHARMACY"": 129, ""CIMAS MANRESA - PHARRMACY"": 180, ""CLIQUE PHARMACY"": 53, ""FAREPLAN ENTERPRISE P/L T/A CHINHOYI TOWN PHARMACY"": 41, ""HEALTHLINK PHARMACY"": 142, ""KENLINK KENSINGTON PHARMACY"": 66, ""MEDICINE CHEST"": 32, ""ROWLAND SQUARE PHARMACY"": 963, ""SOMMERDRIFT INV T/A KENLINK THE BRIDGE"": 60, ""TRINITY PHARMACY -AVENUES"": 54, ""WATERSHED PHARMACY"": 34}",85897,0.78497,0.83877,0.1121,0.2033,483,ffa8f5ca251859ca,ffa8f5ca251859ca,c5a6bfa0da863230,b0c086f7c55739ed,a862f4e82f44f45d,26b236a7ef90da90
cimas,C0,No incentive,16,12649,5784,0,0.4573,0.0,23,"{""ASHBRITTLE   PHARMACY"": 43, ""BALLANTYNE PARK PHARMACY"": 34, ""CIMAS BORROWDALE OFFICE PARK PHARMACY"": 159, ""CIMAS BULAWAYO PHARMACY"": 533, ""CIMAS CLINIC -MASVINGO PHARMACY"": 146, ""CIMAS FIFE AVENUE PHARMACY"": 200, ""CIMAS FOURTH STREET PHARMACY"": 906, ""CIMAS HCC  MUTARE PHARMACY"": 415, ""CIMAS HCC CHINHOYI ST. PHARM"": 614, ""CIMAS HCC CHITUNGWIZA PHARMACY"": 345, ""CIMAS HCC GWERU PHARMACY"": 218, ""CIMAS HIGH GLEN PHARMACY"": 380, ""CIMAS KWEKWE CLINIC- PHARMACY"": 119, ""CIMAS MANRESA - PHARRMACY"": 199, ""CLIQUE PHARMACY"": 50, ""FAREPLAN ENTERPRISE P/L T/A CHINHOYI TOWN PHARMACY"": 46, ""HEALTHLINK PHARMACY"": 137, ""KENLINK KENSINGTON PHARMACY"": 70, ""MEDICINE CHEST"": 32, ""ROWLAND SQUARE PHARMACY"": 967, ""SOMMERDRIFT INV T/A KENLINK THE BRIDGE"": 59, ""TRINITY PHARMACY -AVENUES"": 71, ""WATERSHED PHARMACY"": 41}",91681,0.78478,0.83903,0.11424,0.20364,483,974471f107077ca2,974471f107077ca2,c5a6bfa0da863230,023f2e28f2b51a14,538ad2ac746a4003,00b39f6095db687c
cimas,C0,No incentive,17,12649,5731,0,0.4531,0.0,23,"{""ASHBRITTLE   PHARMACY"": 45, ""BALLANTYNE PARK PHARMACY"": 28, ""CIMAS BORROWDALE OFFICE PARK PHARMACY"": 143, ""CIMAS BULAWAYO PHARMACY"": 562, ""CIMAS CLINIC -MASVINGO PHARMACY"": 165, ""CIMAS FIFE AVENUE PHARMACY"": 204, ""CIMAS FOURTH STREET PHARMACY"": 915, ""CIMAS HCC  MUTARE PHARMACY"": 426, ""CIMAS HCC CHINHOYI ST. PHARM"": 623, ""CIMAS HCC CHITUNGWIZA PHARMACY"": 332, ""CIMAS HCC GWERU PHARMACY"": 211, ""CIMAS HIGH GLEN PHARMACY"": 342, ""CIMAS KWEKWE CLINIC- PHARMACY"": 116, ""CIMAS MANRESA - PHARRMACY"": 197, ""CLIQUE PHARMACY"": 45, ""FAREPLAN ENTERPRISE P/L T/A CHINHOYI TOWN PHARMACY"": 33, ""HEALTHLINK PHARMACY"": 129, ""KENLINK KENSINGTON PHARMACY"": 59, ""MEDICINE CHEST"": 47, ""ROWLAND SQUARE PHARMACY"": 948, ""SOMMERDRIFT INV T/A KENLINK THE BRIDGE"": 59, ""TRINITY PHARMACY -AVENUES"": 59, ""WATERSHED PHARMACY"": 43}",97412,0.78524,0.83898,0.11564,0.20392,483,52c09b6c86807d0b,52c09b6c86807d0b,c5a6bfa0da863230,cf2bb771f093691f,ecca168340437faf,77231bc7af6bbdd0
cimas,C0,No incentive,18,12649,5803,0,0.4588,0.0,23,"{""ASHBRITTLE   PHARMACY"": 35, ""BALLANTYNE PARK PHARMACY"": 36, ""CIMAS BORROWDALE OFFICE PARK PHARMACY"": 149, ""CIMAS BULAWAYO PHARMACY"": 552, ""CIMAS CLINIC -MASVINGO PHARMACY"": 141, ""CIMAS FIFE AVENUE PHARMACY"": 199, ""CIMAS FOURTH STREET PHARMACY"": 909, ""CIMAS HCC  MUTARE PHARMACY"": 446, ""CIMAS HCC CHINHOYI ST. PHARM"": 617, ""CIMAS HCC CHITUNGWIZA PHARMACY"": 344, ""CIMAS HCC GWERU PHARMACY"": 231, ""CIMAS HIGH GLEN PHARMACY"": 373, ""CIMAS KWEKWE CLINIC- PHARMACY"": 124, ""CIMAS MANRESA - PHARRMACY"": 198, ""CLIQUE PHARMACY"": 49, ""FAREPLAN ENTERPRISE P/L T/A CHINHOYI TOWN PHARMACY"": 43, ""HEALTHLINK PHARMACY"": 143, ""KENLINK KENSINGTON PHARMACY"": 67, ""MEDICINE CHEST"": 35, ""ROWLAND SQUARE PHARMACY"": 947, ""SOMMERDRIFT INV T/A KENLINK THE BRIDGE"": 61, ""TRINITY PHARMACY -AVENUES"": 59, ""WATERSHED PHARMACY"": 45}",103215,0.78513,0.83896,0.11219,0.20287,483,2e666a88390fa508,2e666a88390fa508,c5a6bfa0da863230,b58b6238578585a5,dc4a9127aa8f99a6,b051ec43623a93e6
cimas,C0,No incentive,19,12649,5741,0,0.4539,0.0,23,"{""ASHBRITTLE   PHARMACY"": 42, ""BALLANTYNE PARK PHARMACY"": 37, ""CIMAS BORROWDALE OFFICE PARK PHARMACY"": 149, ""CIMAS BULAWAYO PHARMACY"": 587, ""CIMAS CLINIC -MASVINGO PHARMACY"": 131, ""CIMAS FIFE AVENUE PHARMACY"": 199, ""CIMAS FOURTH STREET PHARMACY"": 934, ""CIMAS HCC  MUTARE PHARMACY"": 429, ""CIMAS HCC CHINHOYI ST. PHARM"": 606, ""CIMAS HCC CHITUNGWIZA PHARMACY"": 326, ""CIMAS HCC GWERU PHARMACY"": 204, ""CIMAS HIGH GLEN PHARMACY"": 364, ""CIMAS KWEKWE CLINIC- PHARMACY"": 134, ""CIMAS MANRESA - PHARRMACY"": 196, ""CLIQUE PHARMACY"": 39, ""FAREPLAN ENTERPRISE P/L T/A CHINHOYI TOWN PHARMACY"": 45, ""HEALTHLINK PHARMACY"": 126, ""KENLINK KENSINGTON PHARMACY"": 64, ""MEDICINE CHEST"": 33, ""ROWLAND SQUARE PHARMACY"": 925, ""SOMMERDRIFT INV T/A KENLINK THE BRIDGE"": 58, ""TRINITY PHARMACY -AVENUES"": 70, ""WATERSHED PHARMACY"": 43}",108956,0.78542,0.83975,0.11654,0.2042,483,b7e4bef43402e37c,b7e4bef43402e37c,c5a6bfa0da863230,0df72659684fc4aa,8bd7417ea9f207c9,076516257d08b261
cimas,C0,No incentive,20,12649,5744,0,0.4541,0.0,23,"{""ASHBRITTLE   PHARMACY"": 36, ""BALLANTYNE PARK PHARMACY"": 34, ""CIMAS BORROWDALE OFFICE PARK PHARMACY"": 166, ""CIMAS BULAWAYO PHARMACY"": 567, ""CIMAS CLINIC -MASVINGO PHARMACY"": 140, ""CIMAS FIFE AVENUE PHARMACY"": 201, ""CIMAS FOURTH STREET PHARMACY"": 912, ""CIMAS HCC  MUTARE PHARMACY"": 422, ""CIMAS HCC CHINHOYI ST. PHARM"": 569, ""CIMAS HCC CHITUNGWIZA PHARMACY"": 341, ""CIMAS HCC GWERU PHARMACY"": 211, ""CIMAS HIGH GLEN PHARMACY"": 335, ""CIMAS KWEKWE CLINIC- PHARMACY"": 127, ""CIMAS MANRESA - PHARRMACY"": 218, ""CLIQUE PHARMACY"": 47, ""FAREPLAN ENTERPRISE P/L T/A CHINHOYI TOWN PHARMACY"": 36, ""HEALTHLINK PHARMACY"": 131, ""KENLINK KENSINGTON PHARMACY"": 60, ""MEDICINE CHEST"": 38, ""ROWLAND SQUARE PHARMACY"": 974, ""SOMMERDRIFT INV T/A KENLINK THE BRIDGE"": 64, ""TRINITY PHARMACY -AVENUES"": 68, ""WATERSHED PHARMACY"": 47}",114700,0.78496,0.83884,0.11569,0.20406,483,a9437b5a35e71cf1,a9437b5a35e71cf1,c5a6bfa0da863230,00a55776880b7adf,d01ac07570d956f6,821a5a0e0dc7cf48
cimas,C1,Random allocation,1,12649,6745,8433,0.5332,1.0,23,"{""ASHBRITTLE   PHARMACY"": 45, ""BALLANTYNE PARK PHARMACY"": 36, ""CIMAS BORROWDALE OFFICE PARK PHARMACY"": 181, ""CIMAS BULAWAYO PHARMACY"": 650, ""CIMAS CLINIC -MASVINGO PHARMACY"": 158, ""CIMAS FIFE AVENUE PHARMACY"": 242, ""CIMAS FOURTH STREET PHARMACY"": 1062, ""CIMAS HCC  MUTARE PHARMACY"": 495, ""CIMAS HCC CHINHOYI ST. PHARM"": 694, ""CIMAS HCC CHITUNGWIZA PHARMACY"": 388, ""CIMAS HCC GWERU PHARMACY"": 234, ""CIMAS HIGH GLEN PHARMACY"": 443, ""CIMAS KWEKWE CLINIC- PHARMACY"": 151, ""CIMAS MANRESA - PHARRMACY"": 245, ""CLIQUE PHARMACY"": 50, ""FAREPLAN ENTERPRISE P/L T/A CHINHOYI TOWN PHARMACY"": 42, ""HEALTHLINK PHARMACY"": 166, ""KENLINK KENSINGTON PHARMACY"": 78, ""MEDICINE CHEST"": 45, ""ROWLAND SQUARE PHARMACY"": 1141, ""SOMMERDRIFT INV T/A KENLINK THE BRIDGE"": 63, ""TRINITY PHARMACY -AVENUES"": 73, ""WATERSHED PHARMACY"": 63}",6745,0.7848,0.83896,0.11486,0.204,483,73f1134583fad5fb,73f1134583fad5fb,64bcc3461dc3e266,e8220bc3286c23a6,9998ccb1d86c6481,1b558a72c480dff5
cimas,C1,Random allocation,2,12649,6732,8433,0.5322,1.0,23,"{""ASHBRITTLE   PHARMACY"": 43, ""BALLANTYNE PARK PHARMACY"": 49, ""CIMAS BORROWDALE OFFICE PARK PHARMACY"": 181, ""CIMAS BULAWAYO PHARMACY"": 653, ""CIMAS CLINIC -MASVINGO PHARMACY"": 158, ""CIMAS FIFE AVENUE PHARMACY"": 262, ""CIMAS FOURTH STREET PHARMACY"": 1081, ""CIMAS HCC  MUTARE PHARMACY"": 475, ""CIMAS HCC CHINHOYI ST. PHARM"": 722, ""CIMAS HCC CHITUNGWIZA PHARMACY"": 377, ""CIMAS HCC GWERU PHARMACY"": 248, ""CIMAS HIGH GLEN PHARMACY"": 416, ""CIMAS KWEKWE CLINIC- PHARMACY"": 145, ""CIMAS MANRESA - PHARRMACY"": 234, ""CLIQUE PHARMACY"": 45, ""FAREPLAN ENTERPRISE P/L T/A CHINHOYI TOWN PHARMACY"": 46, ""HEALTHLINK PHARMACY"": 157, ""KENLINK KENSINGTON PHARMACY"": 82, ""MEDICINE CHEST"": 53, ""ROWLAND SQUARE PHARMACY"": 1122, ""SOMMERDRIFT INV T/A KENLINK THE BRIDGE"": 67, ""TRINITY PHARMACY -AVENUES"": 63, ""WATERSHED PHARMACY"": 53}",13477,0.7849,0.83894,0.11447,0.20355,483,014aecb9789b365c,014aecb9789b365c,08ae0c63fdec8a6d,564df3475b51ade9,2f42c197f80c9d7b,daa0630326b3df56
cimas,C1,Random allocation,3,12649,6767,8433,0.535,1.0,23,"{""ASHBRITTLE   PHARMACY"": 55, ""BALLANTYNE PARK PHARMACY"": 35, ""CIMAS BORROWDALE OFFICE PARK PHARMACY"": 164, ""CIMAS BULAWAYO PHARMACY"": 646, ""CIMAS CLINIC -MASVINGO PHARMACY"": 164, ""CIMAS FIFE AVENUE PHARMACY"": 249, ""CIMAS FOURTH STREET PHARMACY"": 1085, ""CIMAS HCC  MUTARE PHARMACY"": 487, ""CIMAS HCC CHINHOYI ST. PHARM"": 673, ""CIMAS HCC CHITUNGWIZA PHARMACY"": 403, ""CIMAS HCC GWERU PHARMACY"": 251, ""CIMAS HIGH GLEN PHARMACY"": 415, ""CIMAS KWEKWE CLINIC- PHARMACY"": 156, ""CIMAS MANRESA - PHARRMACY"": 209, ""CLIQUE PHARMACY"": 58, ""FAREPLAN ENTERPRISE P/L T/A CHINHOYI TOWN PHARMACY"": 47, ""HEALTHLINK PHARMACY"": 167, ""KENLINK KENSINGTON PHARMACY"": 79, ""MEDICINE CHEST"": 49, ""ROWLAND SQUARE PHARMACY"": 1161, ""SOMMERDRIFT INV T/A KENLINK THE BRIDGE"": 75, ""TRINITY PHARMACY -AVENUES"": 79, ""WATERSHED PHARMACY"": 60}",20244,0.78568,0.83971,0.11731,0.20409,483,dbe6fa5229194426,dbe6fa5229194426,c1ce4b40540e1df6,424e01e580ed3d89,af05100451b7b2a8,14dee51e204b21b8
cimas,C1,Random allocation,4,12649,6760,8433,0.5344,1.0,23,"{""ASHBRITTLE   PHARMACY"": 51, ""BALLANTYNE PARK PHARMACY"": 45, ""CIMAS BORROWDALE OFFICE PARK PHARMACY"": 170, ""CIMAS BULAWAYO PHARMACY"": 640, ""CIMAS CLINIC -MASVINGO PHARMACY"": 172, ""CIMAS FIFE AVENUE PHARMACY"": 246, ""CIMAS FOURTH STREET PHARMACY"": 1113, ""CIMAS HCC  MUTARE PHARMACY"": 478, ""CIMAS HCC CHINHOYI ST. PHARM"": 739, ""CIMAS HCC CHITUNGWIZA PHARMACY"": 375, ""CIMAS HCC GWERU PHARMACY"": 237, ""CIMAS HIGH GLEN PHARMACY"": 406, ""CIMAS KWEKWE CLINIC- PHARMACY"": 144, ""CIMAS MANRESA - PHARRMACY"": 226, ""CLIQUE PHARMACY"": 55, ""FAREPLAN ENTERPRISE P/L T/A CHINHOYI TOWN PHARMACY"": 62, ""HEALTHLINK PHARMACY"": 176, ""KENLINK KENSINGTON PHARMACY"": 84, ""MEDICINE CHEST"": 46, ""ROWLAND SQUARE PHARMACY"": 1085, ""SOMMERDRIFT INV T/A KENLINK THE BRIDGE"": 81, ""TRINITY PHARMACY -AVENUES"": 79, ""WATERSHED PHARMACY"": 50}",27004,0.78451,0.83859,0.11368,0.20361,483,cf4a07bb02ee2ce7,cf4a07bb02ee2ce7,317f6bc4479926a9,025b21e9f2f50ed2,1446a60830f9db92,5828158cebdebb9b
cimas,C1,Random allocation,5,12649,6734,8433,0.5324,1.0,23,"{""ASHBRITTLE   PHARMACY"": 49, ""BALLANTYNE PARK PHARMACY"": 41, ""CIMAS BORROWDALE OFFICE PARK PHARMACY"": 164, ""CIMAS BULAWAYO PHARMACY"": 638, ""CIMAS CLINIC -MASVINGO PHARMACY"": 170, ""CIMAS FIFE AVENUE PHARMACY"": 237, ""CIMAS FOURTH STREET PHARMACY"": 1099, ""CIMAS HCC  MUTARE PHARMACY"": 480, ""CIMAS HCC CHINHOYI ST. PHARM"": 701, ""CIMAS HCC CHITUNGWIZA PHARMACY"": 396, ""CIMAS HCC GWERU PHARMACY"": 256, ""CIMAS HIGH GLEN PHARMACY"": 426, ""CIMAS KWEKWE CLINIC- PHARMACY"": 149, ""CIMAS MANRESA - PHARRMACY"": 225, ""CLIQUE PHARMACY"": 59, ""FAREPLAN ENTERPRISE P/L T/A CHINHOYI TOWN PHARMACY"": 47, ""HEALTHLINK PHARMACY"": 169, ""KENLINK KENSINGTON PHARMACY"": 70, ""MEDICINE CHEST"": 40, ""ROWLAND SQUARE PHARMACY"": 1122, ""SOMMERDRIFT INV T/A KENLINK THE BRIDGE"": 73, ""TRINITY PHARMACY -AVENUES"": 78, ""WATERSHED PHARMACY"": 45}",33738,0.78443,0.83807,0.11327,0.20355,483,84d121dc5acb6d03,84d121dc5acb6d03,d7cf1f85e3fbe684,0926e5a6d8feb60c,fbd8f34f5f8d1020,8361233f3b8ff0dc
cimas,C1,Random allocation,6,12649,6841,8433,0.5408,1.0,23,"{""ASHBRITTLE   PHARMACY"": 52, ""BALLANTYNE PARK PHARMACY"": 47, ""CIMAS BORROWDALE OFFICE PARK PHARMACY"": 173, ""CIMAS BULAWAYO PHARMACY"": 646, ""CIMAS CLINIC -MASVINGO PHARMACY"": 165, ""CIMAS FIFE AVENUE PHARMACY"": 231, ""CIMAS FOURTH STREET PHARMACY"": 1110, ""CIMAS HCC  MUTARE PHARMACY"": 505, ""CIMAS HCC CHINHOYI ST. PHARM"": 725, ""CIMAS HCC CHITUNGWIZA PHARMACY"": 368, ""CIMAS HCC GWERU PHARMACY"": 253, ""CIMAS HIGH GLEN PHARMACY"": 428, ""CIMAS KWEKWE CLINIC- PHARMACY"": 166, ""CIMAS MANRESA - PHARRMACY"": 242, ""CLIQUE PHARMACY"": 61, ""FAREPLAN ENTERPRISE P/L T/A CHINHOYI TOWN PHARMACY"": 43, ""HEALTHLINK PHARMACY"": 159, ""KENLINK KENSINGTON PHARMACY"": 73, ""MEDICINE CHEST"": 47, ""ROWLAND SQUARE PHARMACY"": 1151, ""SOMMERDRIFT INV T/A KENLINK THE BRIDGE"": 59, ""TRINITY PHARMACY -AVENUES"": 88, ""WATERSHED PHARMACY"": 49}",40579,0.78455,0.83894,0.11235,0.20331,483,07f0b7bc637c9aa4,07f0b7bc637c9aa4,1a5f137b57e44ff0,6861e84078097204,c8f4f3dc31ece03b,be6500d3da988a4d
cimas,C1,Random allocation,7,12649,6879,8433,0.5438,1.0,23,"{""ASHBRITTLE   PHARMACY"": 54, ""BALLANTYNE PARK PHARMACY"": 47, ""CIMAS BORROWDALE OFFICE PARK PHARMACY"": 173, ""CIMAS BULAWAYO PHARMACY"": 659, ""CIMAS CLINIC -MASVINGO PHARMACY"": 160, ""CIMAS FIFE AVENUE PHARMACY"": 252, ""CIMAS FOURTH STREET PHARMACY"": 1141, ""CIMAS HCC  MUTARE PHARMACY"": 489, ""CIMAS HCC CHINHOYI ST. PHARM"": 696, ""CIMAS HCC CHITUNGWIZA PHARMACY"": 396, ""CIMAS HCC GWERU PHARMACY"": 243, ""CIMAS HIGH GLEN PHARMACY"": 440, ""CIMAS KWEKWE CLINIC- PHARMACY"": 159, ""CIMAS MANRESA - PHARRMACY"": 227, ""CLIQUE PHARMACY"": 70, ""FAREPLAN ENTERPRISE P/L T/A CHINHOYI TOWN PHARMACY"": 51, ""HEALTHLINK PHARMACY"": 169, ""KENLINK KENSINGTON PHARMACY"": 82, ""MEDICINE CHEST"": 50, ""ROWLAND SQUARE PHARMACY"": 1124, ""SOMMERDRIFT INV T/A KENLINK THE BRIDGE"": 64, ""TRINITY PHARMACY -AVENUES"": 73, ""WATERSHED PHARMACY"": 60}",47458,0.78607,0.84012,0.11629,0.20392,483,b1fdfb5da01df01b,b1fdfb5da01df01b,90cec04eaaca8b75,390a4586d78d9a57,9b03a894cf35e55f,e5ca2091583e9c3a
cimas,C1,Random allocation,8,12649,6751,8433,0.5337,1.0,23,"{""ASHBRITTLE   PHARMACY"": 51, ""BALLANTYNE PARK PHARMACY"": 39, ""CIMAS BORROWDALE OFFICE PARK PHARMACY"": 187, ""CIMAS BULAWAYO PHARMACY"": 639, ""CIMAS CLINIC -MASVINGO PHARMACY"": 163, ""CIMAS FIFE AVENUE PHARMACY"": 239, ""CIMAS FOURTH STREET PHARMACY"": 1114, ""CIMAS HCC  MUTARE PHARMACY"": 497, ""CIMAS HCC CHINHOYI ST. PHARM"": 701, ""CIMAS HCC CHITUNGWIZA PHARMACY"": 363, ""CIMAS HCC GWERU PHARMACY"": 240, ""CIMAS HIGH GLEN PHARMACY"": 443, ""CIMAS KWEKWE CLINIC- PHARMACY"": 149, ""CIMAS MANRESA - PHARRMACY"": 228, ""CLIQUE PHARMACY"": 54, ""FAREPLAN ENTERPRISE P/L T/A CHINHOYI TOWN PHARMACY"": 52, ""HEALTHLINK PHARMACY"": 149, ""KENLINK KENSINGTON PHARMACY"": 78, ""MEDICINE CHEST"": 56, ""ROWLAND SQUARE PHARMACY"": 1117, ""SOMMERDRIFT INV T/A KENLINK THE BRIDGE"": 69, ""TRINITY PHARMACY -AVENUES"": 76, ""WATERSHED PHARMACY"": 47}",54209,0.78461,0.83854,0.11344,0.20367,483,c427be513b275605,c427be513b275605,5f12a14d4104214b,c49f1e23de034259,a58efea04613d7e8,ef302f0db1699764
cimas,C1,Random allocation,9,12649,6800,8433,0.5376,1.0,23,"{""ASHBRITTLE   PHARMACY"": 48, ""BALLANTYNE PARK PHARMACY"": 49, ""CIMAS BORROWDALE OFFICE PARK PHARMACY"": 168, ""CIMAS BULAWAYO PHARMACY"": 642, ""CIMAS CLINIC -MASVINGO PHARMACY"": 163, ""CIMAS FIFE AVENUE PHARMACY"": 258, ""CIMAS FOURTH STREET PHARMACY"": 1125, ""CIMAS HCC  MUTARE PHARMACY"": 477, ""CIMAS HCC CHINHOYI ST. PHARM"": 727, ""CIMAS HCC CHITUNGWIZA PHARMACY"": 364, ""CIMAS HCC GWERU PHARMACY"": 252, ""CIMAS HIGH GLEN PHARMACY"": 417, ""CIMAS KWEKWE CLINIC- PHARMACY"": 155, ""CIMAS MANRESA - PHARRMACY"": 242, ""CLIQUE PHARMACY"": 50, ""FAREPLAN ENTERPRISE P/L T/A CHINHOYI TOWN PHARMACY"": 43, ""HEALTHLINK PHARMACY"": 168, ""KENLINK KENSINGTON PHARMACY"": 81, ""MEDICINE CHEST"": 47, ""ROWLAND SQUARE PHARMACY"": 1115, ""SOMMERDRIFT INV T/A KENLINK THE BRIDGE"": 72, ""TRINITY PHARMACY -AVENUES"": 82, ""WATERSHED PHARMACY"": 55}",61009,0.78485,0.83898,0.11341,0.20342,483,98c2504466c64c74,98c2504466c64c74,8f7000e46dee472e,b3e60a7a1a909eaa,2691b59f1e21b627,6f71de047f075034
cimas,C1,Random allocation,10,12649,6728,8433,0.5319,1.0,23,"{""ASHBRITTLE   PHARMACY"": 51, ""BALLANTYNE PARK PHARMACY"": 43, ""CIMAS BORROWDALE OFFICE PARK PHARMACY"": 167, ""CIMAS BULAWAYO PHARMACY"": 651, ""CIMAS CLINIC -MASVINGO PHARMACY"": 163, ""CIMAS FIFE AVENUE PHARMACY"": 248, ""CIMAS FOURTH STREET PHARMACY"": 1059, ""CIMAS HCC  MUTARE PHARMACY"": 485, ""CIMAS HCC CHINHOYI ST. PHARM"": 715, ""CIMAS HCC CHITUNGWIZA PHARMACY"": 384, ""CIMAS HCC GWERU PHARMACY"": 264, ""CIMAS HIGH GLEN PHARMACY"": 428, ""CIMAS KWEKWE CLINIC- PHARMACY"": 155, ""CIMAS MANRESA - PHARRMACY"": 246, ""CLIQUE PHARMACY"": 58, ""FAREPLAN ENTERPRISE P/L T/A CHINHOYI TOWN PHARMACY"": 41, ""HEALTHLINK PHARMACY"": 142, ""KENLINK KENSINGTON PHARMACY"": 78, ""MEDICINE CHEST"": 53, ""ROWLAND SQUARE PHARMACY"": 1098, ""SOMMERDRIFT INV T/A KENLINK THE BRIDGE"": 77, ""TRINITY PHARMACY -AVENUES"": 73, ""WATERSHED PHARMACY"": 49}",67737,0.78474,0.83919,0.11394,0.20355,483,6c11116b7a17edd1,6c11116b7a17edd1,77c663804c669470,3aae709e6c2f4cd0,7b3a5374560dd18f,310904c373a0fdc6
cimas,C1,Random allocation,11,12649,6778,8433,0.5359,1.0,23,"{""ASHBRITTLE   PHARMACY"": 53, ""BALLANTYNE PARK PHARMACY"": 47, ""CIMAS BORROWDALE OFFICE PARK PHARMACY"": 183, ""CIMAS BULAWAYO PHARMACY"": 667, ""CIMAS CLINIC -MASVINGO PHARMACY"": 167, ""CIMAS FIFE AVENUE PHARMACY"": 237, ""CIMAS FOURTH STREET PHARMACY"": 1082, ""CIMAS HCC  MUTARE PHARMACY"": 481, ""CIMAS HCC CHINHOYI ST. PHARM"": 763, ""CIMAS HCC CHITUNGWIZA PHARMACY"": 397, ""CIMAS HCC GWERU PHARMACY"": 231, ""CIMAS HIGH GLEN PHARMACY"": 435, ""CIMAS KWEKWE CLINIC- PHARMACY"": 140, ""CIMAS MANRESA - PHARRMACY"": 237, ""CLIQUE PHARMACY"": 50, ""FAREPLAN ENTERPRISE P/L T/A CHINHOYI TOWN PHARMACY"": 47, ""HEALTHLINK PHARMACY"": 153, ""KENLINK KENSINGTON PHARMACY"": 81, ""MEDICINE CHEST"": 44, ""ROWLAND SQUARE PHARMACY"": 1102, ""SOMMERDRIFT INV T/A KENLINK THE BRIDGE"": 61, ""TRINITY PHARMACY -AVENUES"": 76, ""WATERSHED PHARMACY"": 44}",74515,0.78469,0.83895,0.11105,0.20305,483,47fe447e3bfd45d0,47fe447e3bfd45d0,17c78395ddf76e6d,3a97165a60b3ba73,ba7a110c9f0219bf,fbbcafce2da90899
cimas,C1,Random allocation,12,12649,6739,8433,0.5328,1.0,23,"{""ASHBRITTLE   PHARMACY"": 44, ""BALLANTYNE PARK PHARMACY"": 41, ""CIMAS BORROWDALE OFFICE PARK PHARMACY"": 178, ""CIMAS BULAWAYO PHARMACY"": 661, ""CIMAS CLINIC -MASVINGO PHARMACY"": 163, ""CIMAS FIFE AVENUE PHARMACY"": 262, ""CIMAS FOURTH STREET PHARMACY"": 1048, ""CIMAS HCC  MUTARE PHARMACY"": 467, ""CIMAS HCC CHINHOYI ST. PHARM"": 719, ""CIMAS HCC CHITUNGWIZA PHARMACY"": 402, ""CIMAS HCC GWERU PHARMACY"": 241, ""CIMAS HIGH GLEN PHARMACY"": 426, ""CIMAS KWEKWE CLINIC- PHARMACY"": 158, ""CIMAS MANRESA - PHARRMACY"": 226, ""CLIQUE PHARMACY"": 53, ""FAREPLAN ENTERPRISE P/L T/A CHINHOYI TOWN PHARMACY"": 51, ""HEALTHLINK PHARMACY"": 173, ""KENLINK KENSINGTON PHARMACY"": 73, ""MEDICINE CHEST"": 46, ""ROWLAND SQUARE PHARMACY"": 1112, ""SOMMERDRIFT INV T/A KENLINK THE BRIDGE"": 67, ""TRINITY PHARMACY -AVENUES"": 75, ""WATERSHED PHARMACY"": 53}",81254,0.78471,0.83938,0.11736,0.20449,483,127359637b73f4f2,127359637b73f4f2,c53087a084ad717a,bc2c0aabc8fd1998,1fd8ba107c3bfe1a,4488aea666bf759f
cimas,C1,Random allocation,13,12649,6740,8433,0.5328,1.0,23,"{""ASHBRITTLE   PHARMACY"": 52, ""BALLANTYNE PARK PHARMACY"": 42, ""CIMAS BORROWDALE OFFICE PARK PHARMACY"": 176, ""CIMAS BULAWAYO PHARMACY"": 634, ""CIMAS CLINIC -MASVINGO PHARMACY"": 174, ""CIMAS FIFE AVENUE PHARMACY"": 233, ""CIMAS FOURTH STREET PHARMACY"": 1101, ""CIMAS HCC  MUTARE PHARMACY"": 481, ""CIMAS HCC CHINHOYI ST. PHARM"": 692, ""CIMAS HCC CHITUNGWIZA PHARMACY"": 387, ""CIMAS HCC GWERU PHARMACY"": 262, ""CIMAS HIGH GLEN PHARMACY"": 408, ""CIMAS KWEKWE CLINIC- PHARMACY"": 155, ""CIMAS MANRESA - PHARRMACY"": 241, ""CLIQUE PHARMACY"": 66, ""FAREPLAN ENTERPRISE P/L T/A CHINHOYI TOWN PHARMACY"": 43, ""HEALTHLINK PHARMACY"": 162, ""KENLINK KENSINGTON PHARMACY"": 77, ""MEDICINE CHEST"": 50, ""ROWLAND SQUARE PHARMACY"": 1108, ""SOMMERDRIFT INV T/A KENLINK THE BRIDGE"": 66, ""TRINITY PHARMACY -AVENUES"": 77, ""WATERSHED PHARMACY"": 53}",87994,0.7851,0.8394,0.11523,0.2039,483,0dd7dd8ca1b7f41a,0dd7dd8ca1b7f41a,b3cbe773abb0b08b,aa6f887da3ff881f,7a5d74818a56b8d5,3e9dd0b37aa7833d
cimas,C1,Random allocation,14,12649,6724,8433,0.5316,1.0,23,"{""ASHBRITTLE   PHARMACY"": 50, ""BALLANTYNE PARK PHARMACY"": 42, ""CIMAS BORROWDALE OFFICE PARK PHARMACY"": 166, ""CIMAS BULAWAYO PHARMACY"": 661, ""CIMAS CLINIC -MASVINGO PHARMACY"": 164, ""CIMAS FIFE AVENUE PHARMACY"": 260, ""CIMAS FOURTH STREET PHARMACY"": 1066, ""CIMAS HCC  MUTARE PHARMACY"": 477, ""CIMAS HCC CHINHOYI ST. PHARM"": 704, ""CIMAS HCC CHITUNGWIZA PHARMACY"": 379, ""CIMAS HCC GWERU PHARMACY"": 252, ""CIMAS HIGH GLEN PHARMACY"": 433, ""CIMAS KWEKWE CLINIC- PHARMACY"": 159, ""CIMAS MANRESA - PHARRMACY"": 228, ""CLIQUE PHARMACY"": 53, ""FAREPLAN ENTERPRISE P/L T/A CHINHOYI TOWN PHARMACY"": 46, ""HEALTHLINK PHARMACY"": 150, ""KENLINK KENSINGTON PHARMACY"": 72, ""MEDICINE CHEST"": 45, ""ROWLAND SQUARE PHARMACY"": 1127, ""SOMMERDRIFT INV T/A KENLINK THE BRIDGE"": 72, ""TRINITY PHARMACY -AVENUES"": 67, ""WATERSHED PHARMACY"": 51}",94718,0.78459,0.83889,0.11463,0.2037,483,51fe89c89850ea50,51fe89c89850ea50,0e9709d22b06ac4a,8b26ce09fc7101b2,74050920b6db0692,d7762917132ef29a
cimas,C1,Random allocation,15,12649,6812,8433,0.5385,1.0,23,"{""ASHBRITTLE   PHARMACY"": 52, ""BALLANTYNE PARK PHARMACY"": 38, ""CIMAS BORROWDALE OFFICE PARK PHARMACY"": 170, ""CIMAS BULAWAYO PHARMACY"": 667, ""CIMAS CLINIC -MASVINGO PHARMACY"": 166, ""CIMAS FIFE AVENUE PHARMACY"": 228, ""CIMAS FOURTH STREET PHARMACY"": 1097, ""CIMAS HCC  MUTARE PHARMACY"": 505, ""CIMAS HCC CHINHOYI ST. PHARM"": 702, ""CIMAS HCC CHITUNGWIZA PHARMACY"": 382, ""CIMAS HCC GWERU PHARMACY"": 267, ""CIMAS HIGH GLEN PHARMACY"": 432, ""CIMAS KWEKWE CLINIC- PHARMACY"": 157, ""CIMAS MANRESA - PHARRMACY"": 223, ""CLIQUE PHARMACY"": 63, ""FAREPLAN ENTERPRISE P/L T/A CHINHOYI TOWN PHARMACY"": 48, ""HEALTHLINK PHARMACY"": 162, ""KENLINK KENSINGTON PHARMACY"": 84, ""MEDICINE CHEST"": 47, ""ROWLAND SQUARE PHARMACY"": 1135, ""SOMMERDRIFT INV T/A KENLINK THE BRIDGE"": 68, ""TRINITY PHARMACY -AVENUES"": 74, ""WATERSHED PHARMACY"": 45}",101530,0.78484,0.83861,0.11283,0.20343,483,ce4889814fec235c,ce4889814fec235c,1cbfb42c86f26116,675bcde3e8c7e0c9,734d8bcaf3724a00,88a12779ccf49f4e
cimas,C1,Random allocation,16,12649,6852,8433,0.5417,1.0,23,"{""ASHBRITTLE   PHARMACY"": 50, ""BALLANTYNE PARK PHARMACY"": 42, ""CIMAS BORROWDALE OFFICE PARK PHARMACY"": 182, ""CIMAS BULAWAYO PHARMACY"": 629, ""CIMAS CLINIC -MASVINGO PHARMACY"": 179, ""CIMAS FIFE AVENUE PHARMACY"": 242, ""CIMAS FOURTH STREET PHARMACY"": 1092, ""CIMAS HCC  MUTARE PHARMACY"": 474, ""CIMAS HCC CHINHOYI ST. PHARM"": 730, ""CIMAS HCC CHITUNGWIZA PHARMACY"": 406, ""CIMAS HCC GWERU PHARMACY"": 252, ""CIMAS HIGH GLEN PHARMACY"": 446, ""CIMAS KWEKWE CLINIC- PHARMACY"": 148, ""CIMAS MANRESA - PHARRMACY"": 224, ""CLIQUE PHARMACY"": 60, ""FAREPLAN ENTERPRISE P/L T/A CHINHOYI TOWN PHARMACY"": 55, ""HEALTHLINK PHARMACY"": 168, ""KENLINK KENSINGTON PHARMACY"": 84, ""MEDICINE CHEST"": 41, ""ROWLAND SQUARE PHARMACY"": 1140, ""SOMMERDRIFT INV T/A KENLINK THE BRIDGE"": 71, ""TRINITY PHARMACY -AVENUES"": 81, ""WATERSHED PHARMACY"": 56}",108382,0.78476,0.83916,0.11499,0.2037,483,efdbb0f22c04945b,efdbb0f22c04945b,1b6573334ae005f6,f7d105fdbe931f85,9f5f4ae705a57829,0b8ebb576b643481
cimas,C1,Random allocation,17,12649,6840,8433,0.5408,1.0,23,"{""ASHBRITTLE   PHARMACY"": 51, ""BALLANTYNE PARK PHARMACY"": 42, ""CIMAS BORROWDALE OFFICE PARK PHARMACY"": 166, ""CIMAS BULAWAYO PHARMACY"": 661, ""CIMAS CLINIC -MASVINGO PHARMACY"": 177, ""CIMAS FIFE AVENUE PHARMACY"": 249, ""CIMAS FOURTH STREET PHARMACY"": 1122, ""CIMAS HCC  MUTARE PHARMACY"": 500, ""CIMAS HCC CHINHOYI ST. PHARM"": 719, ""CIMAS HCC CHITUNGWIZA PHARMACY"": 394, ""CIMAS HCC GWERU PHARMACY"": 253, ""CIMAS HIGH GLEN PHARMACY"": 428, ""CIMAS KWEKWE CLINIC- PHARMACY"": 149, ""CIMAS MANRESA - PHARRMACY"": 236, ""CLIQUE PHARMACY"": 51, ""FAREPLAN ENTERPRISE P/L T/A CHINHOYI TOWN PHARMACY"": 46, ""HEALTHLINK PHARMACY"": 155, ""KENLINK KENSINGTON PHARMACY"": 72, ""MEDICINE CHEST"": 55, ""ROWLAND SQUARE PHARMACY"": 1114, ""SOMMERDRIFT INV T/A KENLINK THE BRIDGE"": 68, ""TRINITY PHARMACY -AVENUES"": 76, ""WATERSHED PHARMACY"": 56}",115222,0.7849,0.83889,0.1162,0.20411,483,8e8082d2d20203c9,8e8082d2d20203c9,bbf7dc46b8d87982,3469c1b491cff790,0364b15dd1e0859e,ffceff0bfff4d309
cimas,C1,Random allocation,18,12649,6854,8433,0.5419,1.0,23,"{""ASHBRITTLE   PHARMACY"": 49, ""BALLANTYNE PARK PHARMACY"": 48, ""CIMAS BORROWDALE OFFICE PARK PHARMACY"": 162, ""CIMAS BULAWAYO PHARMACY"": 634, ""CIMAS CLINIC -MASVINGO PHARMACY"": 164, ""CIMAS FIFE AVENUE PHARMACY"": 239, ""CIMAS FOURTH STREET PHARMACY"": 1085, ""CIMAS HCC  MUTARE PHARMACY"": 505, ""CIMAS HCC CHINHOYI ST. PHARM"": 723, ""CIMAS HCC CHITUNGWIZA PHARMACY"": 408, ""CIMAS HCC GWERU PHARMACY"": 265, ""CIMAS HIGH GLEN PHARMACY"": 460, ""CIMAS KWEKWE CLINIC- PHARMACY"": 154, ""CIMAS MANRESA - PHARRMACY"": 236, ""CLIQUE PHARMACY"": 63, ""FAREPLAN ENTERPRISE P/L T/A CHINHOYI TOWN PHARMACY"": 50, ""HEALTHLINK PHARMACY"": 166, ""KENLINK KENSINGTON PHARMACY"": 84, ""MEDICINE CHEST"": 45, ""ROWLAND SQUARE PHARMACY"": 1106, ""SOMMERDRIFT INV T/A KENLINK THE BRIDGE"": 75, ""TRINITY PHARMACY -AVENUES"": 76, ""WATERSHED PHARMACY"": 57}",122076,0.78545,0.83926,0.11357,0.20326,483,36a9d585a6fc71df,36a9d585a6fc71df,af65bdeadbcba989,6377a9dd0a5472cf,5f27c4b6890812b0,28cd50fa61327e83
cimas,C1,Random allocation,19,12649,6796,8433,0.5373,1.0,23,"{""ASHBRITTLE   PHARMACY"": 54, ""BALLANTYNE PARK PHARMACY"": 49, ""CIMAS BORROWDALE OFFICE PARK PHARMACY"": 173, ""CIMAS BULAWAYO PHARMACY"": 674, ""CIMAS CLINIC -MASVINGO PHARMACY"": 164, ""CIMAS FIFE AVENUE PHARMACY"": 240, ""CIMAS FOURTH STREET PHARMACY"": 1124, ""CIMAS HCC  MUTARE PHARMACY"": 489, ""CIMAS HCC CHINHOYI ST. PHARM"": 700, ""CIMAS HCC CHITUNGWIZA PHARMACY"": 382, ""CIMAS HCC GWERU PHARMACY"": 237, ""CIMAS HIGH GLEN PHARMACY"": 444, ""CIMAS KWEKWE CLINIC- PHARMACY"": 167, ""CIMAS MANRESA - PHARRMACY"": 229, ""CLIQUE PHARMACY"": 59, ""FAREPLAN ENTERPRISE P/L T/A CHINHOYI TOWN PHARMACY"": 51, ""HEALTHLINK PHARMACY"": 146, ""KENLINK KENSINGTON PHARMACY"": 73, ""MEDICINE CHEST"": 42, ""ROWLAND SQUARE PHARMACY"": 1098, ""SOMMERDRIFT INV T/A KENLINK THE BRIDGE"": 65, ""TRINITY PHARMACY -AVENUES"": 83, ""WATERSHED PHARMACY"": 53}",128872,0.78513,0.83961,0.11549,0.20409,483,1b657b5294bf8e56,1b657b5294bf8e56,9e325d7aae59814c,0f5a2c0af0dd35d6,2468c632f5befd36,62ff4b971c17625c
cimas,C1,Random allocation,20,12649,6813,8433,0.5386,1.0,23,"{""ASHBRITTLE   PHARMACY"": 42, ""BALLANTYNE PARK PHARMACY"": 39, ""CIMAS BORROWDALE OFFICE PARK PHARMACY"": 189, ""CIMAS BULAWAYO PHARMACY"": 662, ""CIMAS CLINIC -MASVINGO PHARMACY"": 165, ""CIMAS FIFE AVENUE PHARMACY"": 241, ""CIMAS FOURTH STREET PHARMACY"": 1110, ""CIMAS HCC  MUTARE PHARMACY"": 486, ""CIMAS HCC CHINHOYI ST. PHARM"": 666, ""CIMAS HCC CHITUNGWIZA PHARMACY"": 398, ""CIMAS HCC GWERU PHARMACY"": 254, ""CIMAS HIGH GLEN PHARMACY"": 405, ""CIMAS KWEKWE CLINIC- PHARMACY"": 159, ""CIMAS MANRESA - PHARRMACY"": 250, ""CLIQUE PHARMACY"": 56, ""FAREPLAN ENTERPRISE P/L T/A CHINHOYI TOWN PHARMACY"": 45, ""HEALTHLINK PHARMACY"": 167, ""KENLINK KENSINGTON PHARMACY"": 78, ""MEDICINE CHEST"": 44, ""ROWLAND SQUARE PHARMACY"": 1150, ""SOMMERDRIFT INV T/A KENLINK THE BRIDGE"": 69, ""TRINITY PHARMACY -AVENUES"": 78, ""WATERSHED PHARMACY"": 60}",135685,0.78517,0.83911,0.11688,0.20416,483,8b9874460ca96e05,8b9874460ca96e05,b53ea13ea738751b,7ed369c3a1ec22da,ca0c015e80cb7ec4,53fe25d20c805603
cimas,C2,FL nonattendance-risk ranking,1,12649,6417,8433,0.5073,1.0,23,"{""ASHBRITTLE   PHARMACY"": 40, ""BALLANTYNE PARK PHARMACY"": 33, ""CIMAS BORROWDALE OFFICE PARK PHARMACY"": 171, ""CIMAS BULAWAYO PHARMACY"": 617, ""CIMAS CLINIC -MASVINGO PHARMACY"": 154, ""CIMAS FIFE AVENUE PHARMACY"": 234, ""CIMAS FOURTH STREET PHARMACY"": 1016, ""CIMAS HCC  MUTARE PHARMACY"": 473, ""CIMAS HCC CHINHOYI ST. PHARM"": 669, ""CIMAS HCC CHITUNGWIZA PHARMACY"": 367, ""CIMAS HCC GWERU PHARMACY"": 223, ""CIMAS HIGH GLEN PHARMACY"": 419, ""CIMAS KWEKWE CLINIC- PHARMACY"": 141, ""CIMAS MANRESA - PHARRMACY"": 233, ""CLIQUE PHARMACY"": 48, ""FAREPLAN ENTERPRISE P/L T/A CHINHOYI TOWN PHARMACY"": 40, ""HEALTHLINK PHARMACY"": 158, ""KENLINK KENSINGTON PHARMACY"": 72, ""MEDICINE CHEST"": 42, ""ROWLAND SQUARE PHARMACY"": 1076, ""SOMMERDRIFT INV T/A KENLINK THE BRIDGE"": 63, ""TRINITY PHARMACY -AVENUES"": 69, ""WATERSHED PHARMACY"": 59}",6417,0.78474,0.83913,0.11515,0.20409,483,c019390ffa2160cc,c019390ffa2160cc,0be69c177e4ed1ad,1eb7a2e4f38813e2,aa050ba4399021c4,6f376d6ceaf8f5d9
cimas,C2,FL nonattendance-risk ranking,2,12649,6409,8433,0.5067,1.0,23,"{""ASHBRITTLE   PHARMACY"": 39, ""BALLANTYNE PARK PHARMACY"": 42, ""CIMAS BORROWDALE OFFICE PARK PHARMACY"": 168, ""CIMAS BULAWAYO PHARMACY"": 618, ""CIMAS CLINIC -MASVINGO PHARMACY"": 153, ""CIMAS FIFE AVENUE PHARMACY"": 247, ""CIMAS FOURTH STREET PHARMACY"": 1047, ""CIMAS HCC  MUTARE PHARMACY"": 461, ""CIMAS HCC CHINHOYI ST. PHARM"": 694, ""CIMAS HCC CHITUNGWIZA PHARMACY"": 365, ""CIMAS HCC GWERU PHARMACY"": 236, ""CIMAS HIGH GLEN PHARMACY"": 395, ""CIMAS KWEKWE CLINIC- PHARMACY"": 138, ""CIMAS MANRESA - PHARRMACY"": 220, ""CLIQUE PHARMACY"": 42, ""FAREPLAN ENTERPRISE P/L T/A CHINHOYI TOWN PHARMACY"": 44, ""HEALTHLINK PHARMACY"": 149, ""KENLINK KENSINGTON PHARMACY"": 77, ""MEDICINE CHEST"": 47, ""ROWLAND SQUARE PHARMACY"": 1055, ""SOMMERDRIFT INV T/A KENLINK THE BRIDGE"": 63, ""TRINITY PHARMACY -AVENUES"": 58, ""WATERSHED PHARMACY"": 51}",12826,0.78488,0.83909,0.11405,0.20359,483,58dab61514b18286,58dab61514b18286,e6d890de97effa52,709fcc99677b772b,2e383d15d348d32f,0b39a345706a5ff7
cimas,C2,FL nonattendance-risk ranking,3,12649,6397,8433,0.5057,1.0,23,"{""ASHBRITTLE   PHARMACY"": 54, ""BALLANTYNE PARK PHARMACY"": 34, ""CIMAS BORROWDALE OFFICE PARK PHARMACY"": 152, ""CIMAS BULAWAYO PHARMACY"": 601, ""CIMAS CLINIC -MASVINGO PHARMACY"": 154, ""CIMAS FIFE AVENUE PHARMACY"": 234, ""CIMAS FOURTH STREET PHARMACY"": 1039, ""CIMAS HCC  MUTARE PHARMACY"": 462, ""CIMAS HCC CHINHOYI ST. PHARM"": 636, ""CIMAS HCC CHITUNGWIZA PHARMACY"": 387, ""CIMAS HCC GWERU PHARMACY"": 240, ""CIMAS HIGH GLEN PHARMACY"": 401, ""CIMAS KWEKWE CLINIC- PHARMACY"": 150, ""CIMAS MANRESA - PHARRMACY"": 197, ""CLIQUE PHARMACY"": 54, ""FAREPLAN ENTERPRISE P/L T/A CHINHOYI TOWN PHARMACY"": 45, ""HEALTHLINK PHARMACY"": 153, ""KENLINK KENSINGTON PHARMACY"": 74, ""MEDICINE CHEST"": 44, ""ROWLAND SQUARE PHARMACY"": 1086, ""SOMMERDRIFT INV T/A KENLINK THE BRIDGE"": 68, ""TRINITY PHARMACY -AVENUES"": 76, ""WATERSHED PHARMACY"": 56}",19223,0.78537,0.8396,0.11542,0.20382,483,4d680b34ebcd51a9,4d680b34ebcd51a9,4ab44bc946886ce4,6727f577d6e1e4d6,fede7e4d334727fd,05ee4bf1dea10578
cimas,C2,FL nonattendance-risk ranking,4,12649,6410,8433,0.5068,1.0,23,"{""ASHBRITTLE   PHARMACY"": 46, ""BALLANTYNE PARK PHARMACY"": 40, ""CIMAS BORROWDALE OFFICE PARK PHARMACY"": 157, ""CIMAS BULAWAYO PHARMACY"": 610, ""CIMAS CLINIC -MASVINGO PHARMACY"": 168, ""CIMAS FIFE AVENUE PHARMACY"": 229, ""CIMAS FOURTH STREET PHARMACY"": 1058, ""CIMAS HCC  MUTARE PHARMACY"": 450, ""CIMAS HCC CHINHOYI ST. PHARM"": 710, ""CIMAS HCC CHITUNGWIZA PHARMACY"": 361, ""CIMAS HCC GWERU PHARMACY"": 225, ""CIMAS HIGH GLEN PHARMACY"": 392, ""CIMAS KWEKWE CLINIC- PHARMACY"": 136, ""CIMAS MANRESA - PHARRMACY"": 214, ""CLIQUE PHARMACY"": 51, ""FAREPLAN ENTERPRISE P/L T/A CHINHOYI TOWN PHARMACY"": 58, ""HEALTHLINK PHARMACY"": 171, ""KENLINK KENSINGTON PHARMACY"": 78, ""MEDICINE CHEST"": 42, ""ROWLAND SQUARE PHARMACY"": 1022, ""SOMMERDRIFT INV T/A KENLINK THE BRIDGE"": 74, ""TRINITY PHARMACY -AVENUES"": 73, ""WATERSHED PHARMACY"": 45}",25633,0.78409,0.83847,0.11256,0.20353,483,fbb024df18a05808,fbb024df18a05808,02484edc9ea6ca03,3e528bf4d6b69fd9,0b8d6db4b041ad6f,0c0b55f7d19aa7c2
cimas,C2,FL nonattendance-risk ranking,5,12649,6370,8433,0.5036,1.0,23,"{""ASHBRITTLE   PHARMACY"": 44, ""BALLANTYNE PARK PHARMACY"": 40, ""CIMAS BORROWDALE OFFICE PARK PHARMACY"": 152, ""CIMAS BULAWAYO PHARMACY"": 607, ""CIMAS CLINIC -MASVINGO PHARMACY"": 162, ""CIMAS FIFE AVENUE PHARMACY"": 230, ""CIMAS FOURTH STREET PHARMACY"": 1047, ""CIMAS HCC  MUTARE PHARMACY"": 460, ""CIMAS HCC CHINHOYI ST. PHARM"": 670, ""CIMAS HCC CHITUNGWIZA PHARMACY"": 374, ""CIMAS HCC GWERU PHARMACY"": 241, ""CIMAS HIGH GLEN PHARMACY"": 394, ""CIMAS KWEKWE CLINIC- PHARMACY"": 140, ""CIMAS MANRESA - PHARRMACY"": 215, ""CLIQUE PHARMACY"": 55, ""FAREPLAN ENTERPRISE P/L T/A CHINHOYI TOWN PHARMACY"": 47, ""HEALTHLINK PHARMACY"": 156, ""KENLINK KENSINGTON PHARMACY"": 66, ""MEDICINE CHEST"": 39, ""ROWLAND SQUARE PHARMACY"": 1048, ""SOMMERDRIFT INV T/A KENLINK THE BRIDGE"": 68, ""TRINITY PHARMACY -AVENUES"": 73, ""WATERSHED PHARMACY"": 42}",32003,0.78387,0.83785,0.11235,0.20359,483,7560b7e1b31ce8fb,7560b7e1b31ce8fb,afd2d23d7b63e0c8,63a1b4a72f11d66d,7787413b7f404e5e,e2d79307501e9b54
cimas,C2,FL nonattendance-risk ranking,6,12649,6463,8433,0.5109,1.0,23,"{""ASHBRITTLE   PHARMACY"": 49, ""BALLANTYNE PARK PHARMACY"": 44, ""CIMAS BORROWDALE OFFICE PARK PHARMACY"": 164, ""CIMAS BULAWAYO PHARMACY"": 600, ""CIMAS CLINIC -MASVINGO PHARMACY"": 160, ""CIMAS FIFE AVENUE PHARMACY"": 214, ""CIMAS FOURTH STREET PHARMACY"": 1060, ""CIMAS HCC  MUTARE PHARMACY"": 474, ""CIMAS HCC CHINHOYI ST. PHARM"": 689, ""CIMAS HCC CHITUNGWIZA PHARMACY"": 353, ""CIMAS HCC GWERU PHARMACY"": 234, ""CIMAS HIGH GLEN PHARMACY"": 404, ""CIMAS KWEKWE CLINIC- PHARMACY"": 157, ""CIMAS MANRESA - PHARRMACY"": 228, ""CLIQUE PHARMACY"": 56, ""FAREPLAN ENTERPRISE P/L T/A CHINHOYI TOWN PHARMACY"": 40, ""HEALTHLINK PHARMACY"": 146, ""KENLINK KENSINGTON PHARMACY"": 67, ""MEDICINE CHEST"": 45, ""ROWLAND SQUARE PHARMACY"": 1093, ""SOMMERDRIFT INV T/A KENLINK THE BRIDGE"": 56, ""TRINITY PHARMACY -AVENUES"": 85, ""WATERSHED PHARMACY"": 45}",38466,0.78443,0.83898,0.11075,0.20287,483,c5c6f797e4f045ab,c5c6f797e4f045ab,b7f582fa004f4e0c,55e73e10892cdf2d,9ad5fdf37b1b978c,6d0ca86157b08bc7
cimas,C2,FL nonattendance-risk ranking,7,12649,6549,8433,0.5177,1.0,23,"{""ASHBRITTLE   PHARMACY"": 48, ""BALLANTYNE PARK PHARMACY"": 41, ""CIMAS BORROWDALE OFFICE PARK PHARMACY"": 167, ""CIMAS BULAWAYO PHARMACY"": 622, ""CIMAS CLINIC -MASVINGO PHARMACY"": 156, ""CIMAS FIFE AVENUE PHARMACY"": 231, ""CIMAS FOURTH STREET PHARMACY"": 1105, ""CIMAS HCC  MUTARE PHARMACY"": 461, ""CIMAS HCC CHINHOYI ST. PHARM"": 668, ""CIMAS HCC CHITUNGWIZA PHARMACY"": 379, ""CIMAS HCC GWERU PHARMACY"": 231, ""CIMAS HIGH GLEN PHARMACY"": 420, ""CIMAS KWEKWE CLINIC- PHARMACY"": 155, ""CIMAS MANRESA - PHARRMACY"": 218, ""CLIQUE PHARMACY"": 66, ""FAREPLAN ENTERPRISE P/L T/A CHINHOYI TOWN PHARMACY"": 48, ""HEALTHLINK PHARMACY"": 163, ""KENLINK KENSINGTON PHARMACY"": 78, ""MEDICINE CHEST"": 48, ""ROWLAND SQUARE PHARMACY"": 1058, ""SOMMERDRIFT INV T/A KENLINK THE BRIDGE"": 60, ""TRINITY PHARMACY -AVENUES"": 69, ""WATERSHED PHARMACY"": 57}",45015,0.78599,0.84015,0.11574,0.20373,483,5b3892deac29e60b,5b3892deac29e60b,3a85c70383303cd3,6b4f9075eba541aa,219727eef38055e2,ee2e8f5c41e9741c
cimas,C2,FL nonattendance-risk ranking,8,12649,6402,8433,0.5061,1.0,23,"{""ASHBRITTLE   PHARMACY"": 47, ""BALLANTYNE PARK PHARMACY"": 35, ""CIMAS BORROWDALE OFFICE PARK PHARMACY"": 176, ""CIMAS BULAWAYO PHARMACY"": 605, ""CIMAS CLINIC -MASVINGO PHARMACY"": 155, ""CIMAS FIFE AVENUE PHARMACY"": 229, ""CIMAS FOURTH STREET PHARMACY"": 1069, ""CIMAS HCC  MUTARE PHARMACY"": 474, ""CIMAS HCC CHINHOYI ST. PHARM"": 653, ""CIMAS HCC CHITUNGWIZA PHARMACY"": 346, ""CIMAS HCC GWERU PHARMACY"": 230, ""CIMAS HIGH GLEN PHARMACY"": 426, ""CIMAS KWEKWE CLINIC- PHARMACY"": 143, ""CIMAS MANRESA - PHARRMACY"": 219, ""CLIQUE PHARMACY"": 52, ""FAREPLAN ENTERPRISE P/L T/A CHINHOYI TOWN PHARMACY"": 49, ""HEALTHLINK PHARMACY"": 143, ""KENLINK KENSINGTON PHARMACY"": 75, ""MEDICINE CHEST"": 54, ""ROWLAND SQUARE PHARMACY"": 1042, ""SOMMERDRIFT INV T/A KENLINK THE BRIDGE"": 65, ""TRINITY PHARMACY -AVENUES"": 72, ""WATERSHED PHARMACY"": 43}",51417,0.78442,0.83848,0.11232,0.20346,483,2eaa3dd5bbd319f2,2eaa3dd5bbd319f2,0bcd1204fa2eaba5,342c69615a4ef071,65ff19d9db0009d5,d12f5a22ef14d3fe
cimas,C2,FL nonattendance-risk ranking,9,12649,6453,8433,0.5102,1.0,23,"{""ASHBRITTLE   PHARMACY"": 45, ""BALLANTYNE PARK PHARMACY"": 45, ""CIMAS BORROWDALE OFFICE PARK PHARMACY"": 156, ""CIMAS BULAWAYO PHARMACY"": 606, ""CIMAS CLINIC -MASVINGO PHARMACY"": 161, ""CIMAS FIFE AVENUE PHARMACY"": 242, ""CIMAS FOURTH STREET PHARMACY"": 1072, ""CIMAS HCC  MUTARE PHARMACY"": 454, ""CIMAS HCC CHINHOYI ST. PHARM"": 698, ""CIMAS HCC CHITUNGWIZA PHARMACY"": 350, ""CIMAS HCC GWERU PHARMACY"": 242, ""CIMAS HIGH GLEN PHARMACY"": 397, ""CIMAS KWEKWE CLINIC- PHARMACY"": 147, ""CIMAS MANRESA - PHARRMACY"": 226, ""CLIQUE PHARMACY"": 48, ""FAREPLAN ENTERPRISE P/L T/A CHINHOYI TOWN PHARMACY"": 41, ""HEALTHLINK PHARMACY"": 158, ""KENLINK KENSINGTON PHARMACY"": 78, ""MEDICINE CHEST"": 46, ""ROWLAND SQUARE PHARMACY"": 1056, ""SOMMERDRIFT INV T/A KENLINK THE BRIDGE"": 65, ""TRINITY PHARMACY -AVENUES"": 71, ""WATERSHED PHARMACY"": 49}",57870,0.78467,0.839,0.11253,0.20335,483,9464539f2b331b0f,9464539f2b331b0f,efdfa3e543ce77a6,9df28c1f0b0c2da5,9130641da8b9cb0c,652ba28c06033373
cimas,C2,FL nonattendance-risk ranking,10,12649,6386,8433,0.5049,1.0,23,"{""ASHBRITTLE   PHARMACY"": 47, ""BALLANTYNE PARK PHARMACY"": 43, ""CIMAS BORROWDALE OFFICE PARK PHARMACY"": 156, ""CIMAS BULAWAYO PHARMACY"": 616, ""CIMAS CLINIC -MASVINGO PHARMACY"": 154, ""CIMAS FIFE AVENUE PHARMACY"": 235, ""CIMAS FOURTH STREET PHARMACY"": 1011, ""CIMAS HCC  MUTARE PHARMACY"": 452, ""CIMAS HCC CHINHOYI ST. PHARM"": 685, ""CIMAS HCC CHITUNGWIZA PHARMACY"": 373, ""CIMAS HCC GWERU PHARMACY"": 251, ""CIMAS HIGH GLEN PHARMACY"": 401, ""CIMAS KWEKWE CLINIC- PHARMACY"": 149, ""CIMAS MANRESA - PHARRMACY"": 239, ""CLIQUE PHARMACY"": 56, ""FAREPLAN ENTERPRISE P/L T/A CHINHOYI TOWN PHARMACY"": 39, ""HEALTHLINK PHARMACY"": 134, ""KENLINK KENSINGTON PHARMACY"": 71, ""MEDICINE CHEST"": 51, ""ROWLAND SQUARE PHARMACY"": 1035, ""SOMMERDRIFT INV T/A KENLINK THE BRIDGE"": 72, ""TRINITY PHARMACY -AVENUES"": 70, ""WATERSHED PHARMACY"": 46}",64256,0.78428,0.839,0.1126,0.20337,483,88d8630688aa3143,88d8630688aa3143,841e4720696385f7,14ccc980eedec9d3,ab8a9a2f672c6a9e,d9d42bc2a3246ab1
cimas,C2,FL nonattendance-risk ranking,11,12649,6445,8433,0.5095,1.0,23,"{""ASHBRITTLE   PHARMACY"": 49, ""BALLANTYNE PARK PHARMACY"": 46, ""CIMAS BORROWDALE OFFICE PARK PHARMACY"": 173, ""CIMAS BULAWAYO PHARMACY"": 643, ""CIMAS CLINIC -MASVINGO PHARMACY"": 162, ""CIMAS FIFE AVENUE PHARMACY"": 223, ""CIMAS FOURTH STREET PHARMACY"": 1044, ""CIMAS HCC  MUTARE PHARMACY"": 456, ""CIMAS HCC CHINHOYI ST. PHARM"": 734, ""CIMAS HCC CHITUNGWIZA PHARMACY"": 373, ""CIMAS HCC GWERU PHARMACY"": 217, ""CIMAS HIGH GLEN PHARMACY"": 409, ""CIMAS KWEKWE CLINIC- PHARMACY"": 134, ""CIMAS MANRESA - PHARRMACY"": 222, ""CLIQUE PHARMACY"": 46, ""FAREPLAN ENTERPRISE P/L T/A CHINHOYI TOWN PHARMACY"": 44, ""HEALTHLINK PHARMACY"": 148, ""KENLINK KENSINGTON PHARMACY"": 76, ""MEDICINE CHEST"": 44, ""ROWLAND SQUARE PHARMACY"": 1035, ""SOMMERDRIFT INV T/A KENLINK THE BRIDGE"": 58, ""TRINITY PHARMACY -AVENUES"": 68, ""WATERSHED PHARMACY"": 41}",70701,0.7846,0.83905,0.11167,0.20312,483,27f3be5109be5118,27f3be5109be5118,3008ff7e591d7b0b,b6508b73d28f9e4a,512471dfdea12f9b,58245e8ba9ce5c48
cimas,C2,FL nonattendance-risk ranking,12,12649,6383,8433,0.5046,1.0,23,"{""ASHBRITTLE   PHARMACY"": 42, ""BALLANTYNE PARK PHARMACY"": 41, ""CIMAS BORROWDALE OFFICE PARK PHARMACY"": 170, ""CIMAS BULAWAYO PHARMACY"": 619, ""CIMAS CLINIC -MASVINGO PHARMACY"": 160, ""CIMAS FIFE AVENUE PHARMACY"": 246, ""CIMAS FOURTH STREET PHARMACY"": 1009, ""CIMAS HCC  MUTARE PHARMACY"": 433, ""CIMAS HCC CHINHOYI ST. PHARM"": 677, ""CIMAS HCC CHITUNGWIZA PHARMACY"": 381, ""CIMAS HCC GWERU PHARMACY"": 234, ""CIMAS HIGH GLEN PHARMACY"": 404, ""CIMAS KWEKWE CLINIC- PHARMACY"": 151, ""CIMAS MANRESA - PHARRMACY"": 213, ""CLIQUE PHARMACY"": 48, ""FAREPLAN ENTERPRISE P/L T/A CHINHOYI TOWN PHARMACY"": 50, ""HEALTHLINK PHARMACY"": 161, ""KENLINK KENSINGTON PHARMACY"": 69, ""MEDICINE CHEST"": 45, ""ROWLAND SQUARE PHARMACY"": 1044, ""SOMMERDRIFT INV T/A KENLINK THE BRIDGE"": 65, ""TRINITY PHARMACY -AVENUES"": 73, ""WATERSHED PHARMACY"": 48}",77084,0.78462,0.83944,0.11656,0.20437,483,49e39a7ae8805209,49e39a7ae8805209,b98d4d4d99307a44,910e9dd9c22749c9,5f6be7f407a7f2bf,1b7b27156d0f7b74
cimas,C2,FL nonattendance-risk ranking,13,12649,6413,8433,0.507,1.0,23,"{""ASHBRITTLE   PHARMACY"": 50, ""BALLANTYNE PARK PHARMACY"": 40, ""CIMAS BORROWDALE OFFICE PARK PHARMACY"": 167, ""CIMAS BULAWAYO PHARMACY"": 602, ""CIMAS CLINIC -MASVINGO PHARMACY"": 169, ""CIMAS FIFE AVENUE PHARMACY"": 223, ""CIMAS FOURTH STREET PHARMACY"": 1050, ""CIMAS HCC  MUTARE PHARMACY"": 448, ""CIMAS HCC CHINHOYI ST. PHARM"": 669, ""CIMAS HCC CHITUNGWIZA PHARMACY"": 371, ""CIMAS HCC GWERU PHARMACY"": 253, ""CIMAS HIGH GLEN PHARMACY"": 389, ""CIMAS KWEKWE CLINIC- PHARMACY"": 146, ""CIMAS MANRESA - PHARRMACY"": 228, ""CLIQUE PHARMACY"": 60, ""FAREPLAN ENTERPRISE P/L T/A CHINHOYI TOWN PHARMACY"": 39, ""HEALTHLINK PHARMACY"": 157, ""KENLINK KENSINGTON PHARMACY"": 71, ""MEDICINE CHEST"": 48, ""ROWLAND SQUARE PHARMACY"": 1046, ""SOMMERDRIFT INV T/A KENLINK THE BRIDGE"": 62, ""TRINITY PHARMACY -AVENUES"": 74, ""WATERSHED PHARMACY"": 51}",83497,0.78483,0.83936,0.1141,0.20365,483,1d55ad408ca8ac11,1d55ad408ca8ac11,4b7bef81c36698d9,dbb9aabfc9d60173,f3e610ec5078abd9,2b3f02fcb6eed164
cimas,C2,FL nonattendance-risk ranking,14,12649,6378,8433,0.5042,1.0,23,"{""ASHBRITTLE   PHARMACY"": 48, ""BALLANTYNE PARK PHARMACY"": 38, ""CIMAS BORROWDALE OFFICE PARK PHARMACY"": 150, ""CIMAS BULAWAYO PHARMACY"": 621, ""CIMAS CLINIC -MASVINGO PHARMACY"": 158, ""CIMAS FIFE AVENUE PHARMACY"": 246, ""CIMAS FOURTH STREET PHARMACY"": 1028, ""CIMAS HCC  MUTARE PHARMACY"": 455, ""CIMAS HCC CHINHOYI ST. PHARM"": 671, ""CIMAS HCC CHITUNGWIZA PHARMACY"": 358, ""CIMAS HCC GWERU PHARMACY"": 246, ""CIMAS HIGH GLEN PHARMACY"": 400, ""CIMAS KWEKWE CLINIC- PHARMACY"": 151, ""CIMAS MANRESA - PHARRMACY"": 213, ""CLIQUE PHARMACY"": 50, ""FAREPLAN ENTERPRISE P/L T/A CHINHOYI TOWN PHARMACY"": 45, ""HEALTHLINK PHARMACY"": 145, ""KENLINK KENSINGTON PHARMACY"": 67, ""MEDICINE CHEST"": 45, ""ROWLAND SQUARE PHARMACY"": 1063, ""SOMMERDRIFT INV T/A KENLINK THE BRIDGE"": 67, ""TRINITY PHARMACY -AVENUES"": 64, ""WATERSHED PHARMACY"": 49}",89875,0.78451,0.839,0.11387,0.20368,483,5c4a54ce8bbde47b,5c4a54ce8bbde47b,b243f815519cefe6,1c9a08a81bb1aaf1,339be89e09f5a6fb,dac6840daea2d446
cimas,C2,FL nonattendance-risk ranking,15,12649,6449,8433,0.5098,1.0,23,"{""ASHBRITTLE   PHARMACY"": 49, ""BALLANTYNE PARK PHARMACY"": 34, ""CIMAS BORROWDALE OFFICE PARK PHARMACY"": 162, ""CIMAS BULAWAYO PHARMACY"": 635, ""CIMAS CLINIC -MASVINGO PHARMACY"": 158, ""CIMAS FIFE AVENUE PHARMACY"": 216, ""CIMAS FOURTH STREET PHARMACY"": 1059, ""CIMAS HCC  MUTARE PHARMACY"": 479, ""CIMAS HCC CHINHOYI ST. PHARM"": 671, ""CIMAS HCC CHITUNGWIZA PHARMACY"": 365, ""CIMAS HCC GWERU PHARMACY"": 256, ""CIMAS HIGH GLEN PHARMACY"": 413, ""CIMAS KWEKWE CLINIC- PHARMACY"": 147, ""CIMAS MANRESA - PHARRMACY"": 206, ""CLIQUE PHARMACY"": 58, ""FAREPLAN ENTERPRISE P/L T/A CHINHOYI TOWN PHARMACY"": 47, ""HEALTHLINK PHARMACY"": 154, ""KENLINK KENSINGTON PHARMACY"": 73, ""MEDICINE CHEST"": 40, ""ROWLAND SQUARE PHARMACY"": 1056, ""SOMMERDRIFT INV T/A KENLINK THE BRIDGE"": 64, ""TRINITY PHARMACY -AVENUES"": 65, ""WATERSHED PHARMACY"": 42}",96324,0.78472,0.83865,0.11173,0.20319,483,516d7bd94a399065,516d7bd94a399065,5724b359fa53f346,cf9d6412ac052156,b8d4c91dae6b7d7f,1abdb9cba3db9df0
cimas,C2,FL nonattendance-risk ranking,16,12649,6509,8433,0.5146,1.0,23,"{""ASHBRITTLE   PHARMACY"": 49, ""BALLANTYNE PARK PHARMACY"": 39, ""CIMAS BORROWDALE OFFICE PARK PHARMACY"": 170, ""CIMAS BULAWAYO PHARMACY"": 598, ""CIMAS CLINIC -MASVINGO PHARMACY"": 169, ""CIMAS FIFE AVENUE PHARMACY"": 225, ""CIMAS FOURTH STREET PHARMACY"": 1048, ""CIMAS HCC  MUTARE PHARMACY"": 447, ""CIMAS HCC CHINHOYI ST. PHARM"": 698, ""CIMAS HCC CHITUNGWIZA PHARMACY"": 383, ""CIMAS HCC GWERU PHARMACY"": 242, ""CIMAS HIGH GLEN PHARMACY"": 426, ""CIMAS KWEKWE CLINIC- PHARMACY"": 140, ""CIMAS MANRESA - PHARRMACY"": 214, ""CLIQUE PHARMACY"": 57, ""FAREPLAN ENTERPRISE P/L T/A CHINHOYI TOWN PHARMACY"": 53, ""HEALTHLINK PHARMACY"": 155, ""KENLINK KENSINGTON PHARMACY"": 80, ""MEDICINE CHEST"": 38, ""ROWLAND SQUARE PHARMACY"": 1083, ""SOMMERDRIFT INV T/A KENLINK THE BRIDGE"": 65, ""TRINITY PHARMACY -AVENUES"": 78, ""WATERSHED PHARMACY"": 52}",102833,0.78463,0.8392,0.11368,0.20361,483,0dac8010df934149,0dac8010df934149,010537ce285f63c7,62efcd785859dd03,8240f7bea0fe0de9,fba4cb19d3c99fe9
cimas,C2,FL nonattendance-risk ranking,17,12649,6467,8433,0.5113,1.0,23,"{""ASHBRITTLE   PHARMACY"": 48, ""BALLANTYNE PARK PHARMACY"": 36, ""CIMAS BORROWDALE OFFICE PARK PHARMACY"": 157, ""CIMAS BULAWAYO PHARMACY"": 618, ""CIMAS CLINIC -MASVINGO PHARMACY"": 175, ""CIMAS FIFE AVENUE PHARMACY"": 230, ""CIMAS FOURTH STREET PHARMACY"": 1079, ""CIMAS HCC  MUTARE PHARMACY"": 469, ""CIMAS HCC CHINHOYI ST. PHARM"": 699, ""CIMAS HCC CHITUNGWIZA PHARMACY"": 376, ""CIMAS HCC GWERU PHARMACY"": 237, ""CIMAS HIGH GLEN PHARMACY"": 398, ""CIMAS KWEKWE CLINIC- PHARMACY"": 143, ""CIMAS MANRESA - PHARRMACY"": 226, ""CLIQUE PHARMACY"": 46, ""FAREPLAN ENTERPRISE P/L T/A CHINHOYI TOWN PHARMACY"": 40, ""HEALTHLINK PHARMACY"": 142, ""KENLINK KENSINGTON PHARMACY"": 66, ""MEDICINE CHEST"": 53, ""ROWLAND SQUARE PHARMACY"": 1037, ""SOMMERDRIFT INV T/A KENLINK THE BRIDGE"": 66, ""TRINITY PHARMACY -AVENUES"": 73, ""WATERSHED PHARMACY"": 53}",109300,0.785,0.83905,0.11539,0.20386,483,333316934334d7e9,333316934334d7e9,596a02aaffcfb011,b852382550e19dff,7bcea002d87801fa,efeae898a615e6c0
cimas,C2,FL nonattendance-risk ranking,18,12649,6493,8433,0.5133,1.0,23,"{""ASHBRITTLE   PHARMACY"": 46, ""BALLANTYNE PARK PHARMACY"": 44, ""CIMAS BORROWDALE OFFICE PARK PHARMACY"": 159, ""CIMAS BULAWAYO PHARMACY"": 599, ""CIMAS CLINIC -MASVINGO PHARMACY"": 157, ""CIMAS FIFE AVENUE PHARMACY"": 221, ""CIMAS FOURTH STREET PHARMACY"": 1045, ""CIMAS HCC  MUTARE PHARMACY"": 483, ""CIMAS HCC CHINHOYI ST. PHARM"": 690, ""CIMAS HCC CHITUNGWIZA PHARMACY"": 386, ""CIMAS HCC GWERU PHARMACY"": 256, ""CIMAS HIGH GLEN PHARMACY"": 436, ""CIMAS KWEKWE CLINIC- PHARMACY"": 142, ""CIMAS MANRESA - PHARRMACY"": 222, ""CLIQUE PHARMACY"": 55, ""FAREPLAN ENTERPRISE P/L T/A CHINHOYI TOWN PHARMACY"": 46, ""HEALTHLINK PHARMACY"": 156, ""KENLINK KENSINGTON PHARMACY"": 80, ""MEDICINE CHEST"": 38, ""ROWLAND SQUARE PHARMACY"": 1039, ""SOMMERDRIFT INV T/A KENLINK THE BRIDGE"": 67, ""TRINITY PHARMACY -AVENUES"": 72, ""WATERSHED PHARMACY"": 54}",115793,0.78527,0.83922,0.11235,0.20291,483,7fe7f439e7b4ec66,7fe7f439e7b4ec66,ec792dae23f10cf5,3e91d68b221e6ede,b2bfae11020c7364,f1ac0837ddd80860
cimas,C2,FL nonattendance-risk ranking,19,12649,6443,8433,0.5094,1.0,23,"{""ASHBRITTLE   PHARMACY"": 50, ""BALLANTYNE PARK PHARMACY"": 44, ""CIMAS BORROWDALE OFFICE PARK PHARMACY"": 168, ""CIMAS BULAWAYO PHARMACY"": 637, ""CIMAS CLINIC -MASVINGO PHARMACY"": 157, ""CIMAS FIFE AVENUE PHARMACY"": 229, ""CIMAS FOURTH STREET PHARMACY"": 1072, ""CIMAS HCC  MUTARE PHARMACY"": 464, ""CIMAS HCC CHINHOYI ST. PHARM"": 664, ""CIMAS HCC CHITUNGWIZA PHARMACY"": 361, ""CIMAS HCC GWERU PHARMACY"": 228, ""CIMAS HIGH GLEN PHARMACY"": 420, ""CIMAS KWEKWE CLINIC- PHARMACY"": 158, ""CIMAS MANRESA - PHARRMACY"": 221, ""CLIQUE PHARMACY"": 51, ""FAREPLAN ENTERPRISE P/L T/A CHINHOYI TOWN PHARMACY"": 49, ""HEALTHLINK PHARMACY"": 137, ""KENLINK KENSINGTON PHARMACY"": 70, ""MEDICINE CHEST"": 41, ""ROWLAND SQUARE PHARMACY"": 1030, ""SOMMERDRIFT INV T/A KENLINK THE BRIDGE"": 63, ""TRINITY PHARMACY -AVENUES"": 80, ""WATERSHED PHARMACY"": 49}",122236,0.78544,0.8399,0.11601,0.20407,483,881801ba6cd396d8,881801ba6cd396d8,acd8782f27807acb,9bfe48ac6276109a,a34a45182643aefe,bff124ca70233336
cimas,C2,FL nonattendance-risk ranking,20,12649,6458,8433,0.5106,1.0,23,"{""ASHBRITTLE   PHARMACY"": 40, ""BALLANTYNE PARK PHARMACY"": 36, ""CIMAS BORROWDALE OFFICE PARK PHARMACY"": 185, ""CIMAS BULAWAYO PHARMACY"": 628, ""CIMAS CLINIC -MASVINGO PHARMACY"": 157, ""CIMAS FIFE AVENUE PHARMACY"": 221, ""CIMAS FOURTH STREET PHARMACY"": 1059, ""CIMAS HCC  MUTARE PHARMACY"": 458, ""CIMAS HCC CHINHOYI ST. PHARM"": 635, ""CIMAS HCC CHITUNGWIZA PHARMACY"": 381, ""CIMAS HCC GWERU PHARMACY"": 246, ""CIMAS HIGH GLEN PHARMACY"": 385, ""CIMAS KWEKWE CLINIC- PHARMACY"": 155, ""CIMAS MANRESA - PHARRMACY"": 242, ""CLIQUE PHARMACY"": 51, ""FAREPLAN ENTERPRISE P/L T/A CHINHOYI TOWN PHARMACY"": 40, ""HEALTHLINK PHARMACY"": 155, ""KENLINK KENSINGTON PHARMACY"": 69, ""MEDICINE CHEST"": 42, ""ROWLAND SQUARE PHARMACY"": 1078, ""SOMMERDRIFT INV T/A KENLINK THE BRIDGE"": 67, ""TRINITY PHARMACY -AVENUES"": 72, ""WATERSHED PHARMACY"": 56}",128694,0.78492,0.83908,0.11558,0.2039,483,547fe9edeb94674a,547fe9edeb94674a,371a7f384acb0065,ddbed673acc4c3c6,1519edcb6a21b974,d315c2a96be118e3
cimas,C3,DR uplift ranking,1,12649,6417,8433,0.5073,1.0,23,"{""ASHBRITTLE   PHARMACY"": 40, ""BALLANTYNE PARK PHARMACY"": 33, ""CIMAS BORROWDALE OFFICE PARK PHARMACY"": 171, ""CIMAS BULAWAYO PHARMACY"": 617, ""CIMAS CLINIC -MASVINGO PHARMACY"": 154, ""CIMAS FIFE AVENUE PHARMACY"": 234, ""CIMAS FOURTH STREET PHARMACY"": 1016, ""CIMAS HCC  MUTARE PHARMACY"": 473, ""CIMAS HCC CHINHOYI ST. PHARM"": 669, ""CIMAS HCC CHITUNGWIZA PHARMACY"": 367, ""CIMAS HCC GWERU PHARMACY"": 223, ""CIMAS HIGH GLEN PHARMACY"": 419, ""CIMAS KWEKWE CLINIC- PHARMACY"": 141, ""CIMAS MANRESA - PHARRMACY"": 233, ""CLIQUE PHARMACY"": 48, ""FAREPLAN ENTERPRISE P/L T/A CHINHOYI TOWN PHARMACY"": 40, ""HEALTHLINK PHARMACY"": 158, ""KENLINK KENSINGTON PHARMACY"": 72, ""MEDICINE CHEST"": 42, ""ROWLAND SQUARE PHARMACY"": 1076, ""SOMMERDRIFT INV T/A KENLINK THE BRIDGE"": 63, ""TRINITY PHARMACY -AVENUES"": 69, ""WATERSHED PHARMACY"": 59}",6417,0.78474,0.83913,0.11515,0.20409,483,c019390ffa2160cc,c019390ffa2160cc,0be69c177e4ed1ad,1eb7a2e4f38813e2,aa050ba4399021c4,01d03ff5b9e04b26
cimas,C3,DR uplift ranking,2,12649,6409,8433,0.5067,1.0,23,"{""ASHBRITTLE   PHARMACY"": 39, ""BALLANTYNE PARK PHARMACY"": 42, ""CIMAS BORROWDALE OFFICE PARK PHARMACY"": 168, ""CIMAS BULAWAYO PHARMACY"": 618, ""CIMAS CLINIC -MASVINGO PHARMACY"": 153, ""CIMAS FIFE AVENUE PHARMACY"": 247, ""CIMAS FOURTH STREET PHARMACY"": 1047, ""CIMAS HCC  MUTARE PHARMACY"": 461, ""CIMAS HCC CHINHOYI ST. PHARM"": 694, ""CIMAS HCC CHITUNGWIZA PHARMACY"": 365, ""CIMAS HCC GWERU PHARMACY"": 236, ""CIMAS HIGH GLEN PHARMACY"": 395, ""CIMAS KWEKWE CLINIC- PHARMACY"": 138, ""CIMAS MANRESA - PHARRMACY"": 220, ""CLIQUE PHARMACY"": 42, ""FAREPLAN ENTERPRISE P/L T/A CHINHOYI TOWN PHARMACY"": 44, ""HEALTHLINK PHARMACY"": 149, ""KENLINK KENSINGTON PHARMACY"": 77, ""MEDICINE CHEST"": 47, ""ROWLAND SQUARE PHARMACY"": 1055, ""SOMMERDRIFT INV T/A KENLINK THE BRIDGE"": 63, ""TRINITY PHARMACY -AVENUES"": 58, ""WATERSHED PHARMACY"": 51}",12826,0.78488,0.83909,0.11405,0.20359,483,58dab61514b18286,58dab61514b18286,e6d890de97effa52,709fcc99677b772b,2e383d15d348d32f,a27542711d59a3b0
cimas,C3,DR uplift ranking,3,12649,6397,8433,0.5057,1.0,23,"{""ASHBRITTLE   PHARMACY"": 54, ""BALLANTYNE PARK PHARMACY"": 34, ""CIMAS BORROWDALE OFFICE PARK PHARMACY"": 152, ""CIMAS BULAWAYO PHARMACY"": 601, ""CIMAS CLINIC -MASVINGO PHARMACY"": 154, ""CIMAS FIFE AVENUE PHARMACY"": 234, ""CIMAS FOURTH STREET PHARMACY"": 1039, ""CIMAS HCC  MUTARE PHARMACY"": 462, ""CIMAS HCC CHINHOYI ST. PHARM"": 636, ""CIMAS HCC CHITUNGWIZA PHARMACY"": 387, ""CIMAS HCC GWERU PHARMACY"": 240, ""CIMAS HIGH GLEN PHARMACY"": 401, ""CIMAS KWEKWE CLINIC- PHARMACY"": 150, ""CIMAS MANRESA - PHARRMACY"": 197, ""CLIQUE PHARMACY"": 54, ""FAREPLAN ENTERPRISE P/L T/A CHINHOYI TOWN PHARMACY"": 45, ""HEALTHLINK PHARMACY"": 153, ""KENLINK KENSINGTON PHARMACY"": 74, ""MEDICINE CHEST"": 44, ""ROWLAND SQUARE PHARMACY"": 1086, ""SOMMERDRIFT INV T/A KENLINK THE BRIDGE"": 68, ""TRINITY PHARMACY -AVENUES"": 76, ""WATERSHED PHARMACY"": 56}",19223,0.78537,0.8396,0.11542,0.20382,483,4d680b34ebcd51a9,4d680b34ebcd51a9,4ab44bc946886ce4,6727f577d6e1e4d6,fede7e4d334727fd,335c5366bf6f5032
cimas,C3,DR uplift ranking,4,12649,6410,8433,0.5068,1.0,23,"{""ASHBRITTLE   PHARMACY"": 46, ""BALLANTYNE PARK PHARMACY"": 40, ""CIMAS BORROWDALE OFFICE PARK PHARMACY"": 157, ""CIMAS BULAWAYO PHARMACY"": 610, ""CIMAS CLINIC -MASVINGO PHARMACY"": 168, ""CIMAS FIFE AVENUE PHARMACY"": 229, ""CIMAS FOURTH STREET PHARMACY"": 1058, ""CIMAS HCC  MUTARE PHARMACY"": 450, ""CIMAS HCC CHINHOYI ST. PHARM"": 710, ""CIMAS HCC CHITUNGWIZA PHARMACY"": 361, ""CIMAS HCC GWERU PHARMACY"": 225, ""CIMAS HIGH GLEN PHARMACY"": 392, ""CIMAS KWEKWE CLINIC- PHARMACY"": 136, ""CIMAS MANRESA - PHARRMACY"": 214, ""CLIQUE PHARMACY"": 51, ""FAREPLAN ENTERPRISE P/L T/A CHINHOYI TOWN PHARMACY"": 58, ""HEALTHLINK PHARMACY"": 171, ""KENLINK KENSINGTON PHARMACY"": 78, ""MEDICINE CHEST"": 42, ""ROWLAND SQUARE PHARMACY"": 1022, ""SOMMERDRIFT INV T/A KENLINK THE BRIDGE"": 74, ""TRINITY PHARMACY -AVENUES"": 73, ""WATERSHED PHARMACY"": 45}",25633,0.78409,0.83847,0.11256,0.20353,483,fbb024df18a05808,fbb024df18a05808,02484edc9ea6ca03,3e528bf4d6b69fd9,0b8d6db4b041ad6f,e7eae37ca12d7784
cimas,C3,DR uplift ranking,5,12649,6370,8433,0.5036,1.0,23,"{""ASHBRITTLE   PHARMACY"": 44, ""BALLANTYNE PARK PHARMACY"": 40, ""CIMAS BORROWDALE OFFICE PARK PHARMACY"": 152, ""CIMAS BULAWAYO PHARMACY"": 607, ""CIMAS CLINIC -MASVINGO PHARMACY"": 162, ""CIMAS FIFE AVENUE PHARMACY"": 230, ""CIMAS FOURTH STREET PHARMACY"": 1047, ""CIMAS HCC  MUTARE PHARMACY"": 460, ""CIMAS HCC CHINHOYI ST. PHARM"": 670, ""CIMAS HCC CHITUNGWIZA PHARMACY"": 374, ""CIMAS HCC GWERU PHARMACY"": 241, ""CIMAS HIGH GLEN PHARMACY"": 394, ""CIMAS KWEKWE CLINIC- PHARMACY"": 140, ""CIMAS MANRESA - PHARRMACY"": 215, ""CLIQUE PHARMACY"": 55, ""FAREPLAN ENTERPRISE P/L T/A CHINHOYI TOWN PHARMACY"": 47, ""HEALTHLINK PHARMACY"": 156, ""KENLINK KENSINGTON PHARMACY"": 66, ""MEDICINE CHEST"": 39, ""ROWLAND SQUARE PHARMACY"": 1048, ""SOMMERDRIFT INV T/A KENLINK THE BRIDGE"": 68, ""TRINITY PHARMACY -AVENUES"": 73, ""WATERSHED PHARMACY"": 42}",32003,0.78387,0.83785,0.11235,0.20359,483,7560b7e1b31ce8fb,7560b7e1b31ce8fb,afd2d23d7b63e0c8,63a1b4a72f11d66d,7787413b7f404e5e,1e64c34ee772811b
cimas,C3,DR uplift ranking,6,12649,6463,8433,0.5109,1.0,23,"{""ASHBRITTLE   PHARMACY"": 49, ""BALLANTYNE PARK PHARMACY"": 44, ""CIMAS BORROWDALE OFFICE PARK PHARMACY"": 164, ""CIMAS BULAWAYO PHARMACY"": 600, ""CIMAS CLINIC -MASVINGO PHARMACY"": 160, ""CIMAS FIFE AVENUE PHARMACY"": 214, ""CIMAS FOURTH STREET PHARMACY"": 1060, ""CIMAS HCC  MUTARE PHARMACY"": 474, ""CIMAS HCC CHINHOYI ST. PHARM"": 689, ""CIMAS HCC CHITUNGWIZA PHARMACY"": 353, ""CIMAS HCC GWERU PHARMACY"": 234, ""CIMAS HIGH GLEN PHARMACY"": 404, ""CIMAS KWEKWE CLINIC- PHARMACY"": 157, ""CIMAS MANRESA - PHARRMACY"": 228, ""CLIQUE PHARMACY"": 56, ""FAREPLAN ENTERPRISE P/L T/A CHINHOYI TOWN PHARMACY"": 40, ""HEALTHLINK PHARMACY"": 146, ""KENLINK KENSINGTON PHARMACY"": 67, ""MEDICINE CHEST"": 45, ""ROWLAND SQUARE PHARMACY"": 1093, ""SOMMERDRIFT INV T/A KENLINK THE BRIDGE"": 56, ""TRINITY PHARMACY -AVENUES"": 85, ""WATERSHED PHARMACY"": 45}",38466,0.78443,0.83898,0.11075,0.20287,483,c5c6f797e4f045ab,c5c6f797e4f045ab,b7f582fa004f4e0c,55e73e10892cdf2d,9ad5fdf37b1b978c,ed2cf87941a7d40b
cimas,C3,DR uplift ranking,7,12649,6549,8433,0.5177,1.0,23,"{""ASHBRITTLE   PHARMACY"": 48, ""BALLANTYNE PARK PHARMACY"": 41, ""CIMAS BORROWDALE OFFICE PARK PHARMACY"": 167, ""CIMAS BULAWAYO PHARMACY"": 622, ""CIMAS CLINIC -MASVINGO PHARMACY"": 156, ""CIMAS FIFE AVENUE PHARMACY"": 231, ""CIMAS FOURTH STREET PHARMACY"": 1105, ""CIMAS HCC  MUTARE PHARMACY"": 461, ""CIMAS HCC CHINHOYI ST. PHARM"": 668, ""CIMAS HCC CHITUNGWIZA PHARMACY"": 379, ""CIMAS HCC GWERU PHARMACY"": 231, ""CIMAS HIGH GLEN PHARMACY"": 420, ""CIMAS KWEKWE CLINIC- PHARMACY"": 155, ""CIMAS MANRESA - PHARRMACY"": 218, ""CLIQUE PHARMACY"": 66, ""FAREPLAN ENTERPRISE P/L T/A CHINHOYI TOWN PHARMACY"": 48, ""HEALTHLINK PHARMACY"": 163, ""KENLINK KENSINGTON PHARMACY"": 78, ""MEDICINE CHEST"": 48, ""ROWLAND SQUARE PHARMACY"": 1058, ""SOMMERDRIFT INV T/A KENLINK THE BRIDGE"": 60, ""TRINITY PHARMACY -AVENUES"": 69, ""WATERSHED PHARMACY"": 57}",45015,0.78599,0.84015,0.11574,0.20373,483,5b3892deac29e60b,5b3892deac29e60b,3a85c70383303cd3,6b4f9075eba541aa,219727eef38055e2,c909cc7342df7962
cimas,C3,DR uplift ranking,8,12649,6402,8433,0.5061,1.0,23,"{""ASHBRITTLE   PHARMACY"": 47, ""BALLANTYNE PARK PHARMACY"": 35, ""CIMAS BORROWDALE OFFICE PARK PHARMACY"": 176, ""CIMAS BULAWAYO PHARMACY"": 605, ""CIMAS CLINIC -MASVINGO PHARMACY"": 155, ""CIMAS FIFE AVENUE PHARMACY"": 229, ""CIMAS FOURTH STREET PHARMACY"": 1069, ""CIMAS HCC  MUTARE PHARMACY"": 474, ""CIMAS HCC CHINHOYI ST. PHARM"": 653, ""CIMAS HCC CHITUNGWIZA PHARMACY"": 346, ""CIMAS HCC GWERU PHARMACY"": 230, ""CIMAS HIGH GLEN PHARMACY"": 426, ""CIMAS KWEKWE CLINIC- PHARMACY"": 143, ""CIMAS MANRESA - PHARRMACY"": 219, ""CLIQUE PHARMACY"": 52, ""FAREPLAN ENTERPRISE P/L T/A CHINHOYI TOWN PHARMACY"": 49, ""HEALTHLINK PHARMACY"": 143, ""KENLINK KENSINGTON PHARMACY"": 75, ""MEDICINE CHEST"": 54, ""ROWLAND SQUARE PHARMACY"": 1042, ""SOMMERDRIFT INV T/A KENLINK THE BRIDGE"": 65, ""TRINITY PHARMACY -AVENUES"": 72, ""WATERSHED PHARMACY"": 43}",51417,0.78442,0.83848,0.11232,0.20346,483,2eaa3dd5bbd319f2,2eaa3dd5bbd319f2,0bcd1204fa2eaba5,342c69615a4ef071,65ff19d9db0009d5,c5ab26b4f01e34f3
cimas,C3,DR uplift ranking,9,12649,6453,8433,0.5102,1.0,23,"{""ASHBRITTLE   PHARMACY"": 45, ""BALLANTYNE PARK PHARMACY"": 45, ""CIMAS BORROWDALE OFFICE PARK PHARMACY"": 156, ""CIMAS BULAWAYO PHARMACY"": 606, ""CIMAS CLINIC -MASVINGO PHARMACY"": 161, ""CIMAS FIFE AVENUE PHARMACY"": 242, ""CIMAS FOURTH STREET PHARMACY"": 1072, ""CIMAS HCC  MUTARE PHARMACY"": 454, ""CIMAS HCC CHINHOYI ST. PHARM"": 698, ""CIMAS HCC CHITUNGWIZA PHARMACY"": 350, ""CIMAS HCC GWERU PHARMACY"": 242, ""CIMAS HIGH GLEN PHARMACY"": 397, ""CIMAS KWEKWE CLINIC- PHARMACY"": 147, ""CIMAS MANRESA - PHARRMACY"": 226, ""CLIQUE PHARMACY"": 48, ""FAREPLAN ENTERPRISE P/L T/A CHINHOYI TOWN PHARMACY"": 41, ""HEALTHLINK PHARMACY"": 158, ""KENLINK KENSINGTON PHARMACY"": 78, ""MEDICINE CHEST"": 46, ""ROWLAND SQUARE PHARMACY"": 1056, ""SOMMERDRIFT INV T/A KENLINK THE BRIDGE"": 65, ""TRINITY PHARMACY -AVENUES"": 71, ""WATERSHED PHARMACY"": 49}",57870,0.78467,0.839,0.11253,0.20335,483,9464539f2b331b0f,9464539f2b331b0f,efdfa3e543ce77a6,9df28c1f0b0c2da5,9130641da8b9cb0c,c6e27f5822689e2e
cimas,C3,DR uplift ranking,10,12649,6386,8433,0.5049,1.0,23,"{""ASHBRITTLE   PHARMACY"": 47, ""BALLANTYNE PARK PHARMACY"": 43, ""CIMAS BORROWDALE OFFICE PARK PHARMACY"": 156, ""CIMAS BULAWAYO PHARMACY"": 616, ""CIMAS CLINIC -MASVINGO PHARMACY"": 154, ""CIMAS FIFE AVENUE PHARMACY"": 235, ""CIMAS FOURTH STREET PHARMACY"": 1011, ""CIMAS HCC  MUTARE PHARMACY"": 452, ""CIMAS HCC CHINHOYI ST. PHARM"": 685, ""CIMAS HCC CHITUNGWIZA PHARMACY"": 373, ""CIMAS HCC GWERU PHARMACY"": 251, ""CIMAS HIGH GLEN PHARMACY"": 401, ""CIMAS KWEKWE CLINIC- PHARMACY"": 149, ""CIMAS MANRESA - PHARRMACY"": 239, ""CLIQUE PHARMACY"": 56, ""FAREPLAN ENTERPRISE P/L T/A CHINHOYI TOWN PHARMACY"": 39, ""HEALTHLINK PHARMACY"": 134, ""KENLINK KENSINGTON PHARMACY"": 71, ""MEDICINE CHEST"": 51, ""ROWLAND SQUARE PHARMACY"": 1035, ""SOMMERDRIFT INV T/A KENLINK THE BRIDGE"": 72, ""TRINITY PHARMACY -AVENUES"": 70, ""WATERSHED PHARMACY"": 46}",64256,0.78428,0.839,0.1126,0.20337,483,88d8630688aa3143,88d8630688aa3143,841e4720696385f7,14ccc980eedec9d3,ab8a9a2f672c6a9e,2e8c64df1246fbf6
cimas,C3,DR uplift ranking,11,12649,6445,8433,0.5095,1.0,23,"{""ASHBRITTLE   PHARMACY"": 49, ""BALLANTYNE PARK PHARMACY"": 46, ""CIMAS BORROWDALE OFFICE PARK PHARMACY"": 173, ""CIMAS BULAWAYO PHARMACY"": 643, ""CIMAS CLINIC -MASVINGO PHARMACY"": 162, ""CIMAS FIFE AVENUE PHARMACY"": 223, ""CIMAS FOURTH STREET PHARMACY"": 1044, ""CIMAS HCC  MUTARE PHARMACY"": 456, ""CIMAS HCC CHINHOYI ST. PHARM"": 734, ""CIMAS HCC CHITUNGWIZA PHARMACY"": 373, ""CIMAS HCC GWERU PHARMACY"": 217, ""CIMAS HIGH GLEN PHARMACY"": 409, ""CIMAS KWEKWE CLINIC- PHARMACY"": 134, ""CIMAS MANRESA - PHARRMACY"": 222, ""CLIQUE PHARMACY"": 46, ""FAREPLAN ENTERPRISE P/L T/A CHINHOYI TOWN PHARMACY"": 44, ""HEALTHLINK PHARMACY"": 148, ""KENLINK KENSINGTON PHARMACY"": 76, ""MEDICINE CHEST"": 44, ""ROWLAND SQUARE PHARMACY"": 1035, ""SOMMERDRIFT INV T/A KENLINK THE BRIDGE"": 58, ""TRINITY PHARMACY -AVENUES"": 68, ""WATERSHED PHARMACY"": 41}",70701,0.7846,0.83905,0.11167,0.20312,483,27f3be5109be5118,27f3be5109be5118,3008ff7e591d7b0b,b6508b73d28f9e4a,512471dfdea12f9b,e9f48fb1fd10aeec
cimas,C3,DR uplift ranking,12,12649,6383,8433,0.5046,1.0,23,"{""ASHBRITTLE   PHARMACY"": 42, ""BALLANTYNE PARK PHARMACY"": 41, ""CIMAS BORROWDALE OFFICE PARK PHARMACY"": 170, ""CIMAS BULAWAYO PHARMACY"": 619, ""CIMAS CLINIC -MASVINGO PHARMACY"": 160, ""CIMAS FIFE AVENUE PHARMACY"": 246, ""CIMAS FOURTH STREET PHARMACY"": 1009, ""CIMAS HCC  MUTARE PHARMACY"": 433, ""CIMAS HCC CHINHOYI ST. PHARM"": 677, ""CIMAS HCC CHITUNGWIZA PHARMACY"": 381, ""CIMAS HCC GWERU PHARMACY"": 234, ""CIMAS HIGH GLEN PHARMACY"": 404, ""CIMAS KWEKWE CLINIC- PHARMACY"": 151, ""CIMAS MANRESA - PHARRMACY"": 213, ""CLIQUE PHARMACY"": 48, ""FAREPLAN ENTERPRISE P/L T/A CHINHOYI TOWN PHARMACY"": 50, ""HEALTHLINK PHARMACY"": 161, ""KENLINK KENSINGTON PHARMACY"": 69, ""MEDICINE CHEST"": 45, ""ROWLAND SQUARE PHARMACY"": 1044, ""SOMMERDRIFT INV T/A KENLINK THE BRIDGE"": 65, ""TRINITY PHARMACY -AVENUES"": 73, ""WATERSHED PHARMACY"": 48}",77084,0.78462,0.83944,0.11656,0.20437,483,49e39a7ae8805209,49e39a7ae8805209,b98d4d4d99307a44,910e9dd9c22749c9,5f6be7f407a7f2bf,91f8149bbcc7ce86
cimas,C3,DR uplift ranking,13,12649,6413,8433,0.507,1.0,23,"{""ASHBRITTLE   PHARMACY"": 50, ""BALLANTYNE PARK PHARMACY"": 40, ""CIMAS BORROWDALE OFFICE PARK PHARMACY"": 167, ""CIMAS BULAWAYO PHARMACY"": 602, ""CIMAS CLINIC -MASVINGO PHARMACY"": 169, ""CIMAS FIFE AVENUE PHARMACY"": 223, ""CIMAS FOURTH STREET PHARMACY"": 1050, ""CIMAS HCC  MUTARE PHARMACY"": 448, ""CIMAS HCC CHINHOYI ST. PHARM"": 669, ""CIMAS HCC CHITUNGWIZA PHARMACY"": 371, ""CIMAS HCC GWERU PHARMACY"": 253, ""CIMAS HIGH GLEN PHARMACY"": 389, ""CIMAS KWEKWE CLINIC- PHARMACY"": 146, ""CIMAS MANRESA - PHARRMACY"": 228, ""CLIQUE PHARMACY"": 60, ""FAREPLAN ENTERPRISE P/L T/A CHINHOYI TOWN PHARMACY"": 39, ""HEALTHLINK PHARMACY"": 157, ""KENLINK KENSINGTON PHARMACY"": 71, ""MEDICINE CHEST"": 48, ""ROWLAND SQUARE PHARMACY"": 1046, ""SOMMERDRIFT INV T/A KENLINK THE BRIDGE"": 62, ""TRINITY PHARMACY -AVENUES"": 74, ""WATERSHED PHARMACY"": 51}",83497,0.78483,0.83936,0.1141,0.20365,483,1d55ad408ca8ac11,1d55ad408ca8ac11,4b7bef81c36698d9,dbb9aabfc9d60173,f3e610ec5078abd9,291e2c3b679454be
cimas,C3,DR uplift ranking,14,12649,6378,8433,0.5042,1.0,23,"{""ASHBRITTLE   PHARMACY"": 48, ""BALLANTYNE PARK PHARMACY"": 38, ""CIMAS BORROWDALE OFFICE PARK PHARMACY"": 150, ""CIMAS BULAWAYO PHARMACY"": 621, ""CIMAS CLINIC -MASVINGO PHARMACY"": 158, ""CIMAS FIFE AVENUE PHARMACY"": 246, ""CIMAS FOURTH STREET PHARMACY"": 1028, ""CIMAS HCC  MUTARE PHARMACY"": 455, ""CIMAS HCC CHINHOYI ST. PHARM"": 671, ""CIMAS HCC CHITUNGWIZA PHARMACY"": 358, ""CIMAS HCC GWERU PHARMACY"": 246, ""CIMAS HIGH GLEN PHARMACY"": 400, ""CIMAS KWEKWE CLINIC- PHARMACY"": 151, ""CIMAS MANRESA - PHARRMACY"": 213, ""CLIQUE PHARMACY"": 50, ""FAREPLAN ENTERPRISE P/L T/A CHINHOYI TOWN PHARMACY"": 45, ""HEALTHLINK PHARMACY"": 145, ""KENLINK KENSINGTON PHARMACY"": 67, ""MEDICINE CHEST"": 45, ""ROWLAND SQUARE PHARMACY"": 1063, ""SOMMERDRIFT INV T/A KENLINK THE BRIDGE"": 67, ""TRINITY PHARMACY -AVENUES"": 64, ""WATERSHED PHARMACY"": 49}",89875,0.78451,0.839,0.11387,0.20368,483,5c4a54ce8bbde47b,5c4a54ce8bbde47b,b243f815519cefe6,1c9a08a81bb1aaf1,339be89e09f5a6fb,47e8e756ff0424a3
cimas,C3,DR uplift ranking,15,12649,6449,8433,0.5098,1.0,23,"{""ASHBRITTLE   PHARMACY"": 49, ""BALLANTYNE PARK PHARMACY"": 34, ""CIMAS BORROWDALE OFFICE PARK PHARMACY"": 162, ""CIMAS BULAWAYO PHARMACY"": 635, ""CIMAS CLINIC -MASVINGO PHARMACY"": 158, ""CIMAS FIFE AVENUE PHARMACY"": 216, ""CIMAS FOURTH STREET PHARMACY"": 1059, ""CIMAS HCC  MUTARE PHARMACY"": 479, ""CIMAS HCC CHINHOYI ST. PHARM"": 671, ""CIMAS HCC CHITUNGWIZA PHARMACY"": 365, ""CIMAS HCC GWERU PHARMACY"": 256, ""CIMAS HIGH GLEN PHARMACY"": 413, ""CIMAS KWEKWE CLINIC- PHARMACY"": 147, ""CIMAS MANRESA - PHARRMACY"": 206, ""CLIQUE PHARMACY"": 58, ""FAREPLAN ENTERPRISE P/L T/A CHINHOYI TOWN PHARMACY"": 47, ""HEALTHLINK PHARMACY"": 154, ""KENLINK KENSINGTON PHARMACY"": 73, ""MEDICINE CHEST"": 40, ""ROWLAND SQUARE PHARMACY"": 1056, ""SOMMERDRIFT INV T/A KENLINK THE BRIDGE"": 64, ""TRINITY PHARMACY -AVENUES"": 65, ""WATERSHED PHARMACY"": 42}",96324,0.78472,0.83865,0.11173,0.20319,483,516d7bd94a399065,516d7bd94a399065,5724b359fa53f346,cf9d6412ac052156,b8d4c91dae6b7d7f,060c8f1f89685cdb
cimas,C3,DR uplift ranking,16,12649,6509,8433,0.5146,1.0,23,"{""ASHBRITTLE   PHARMACY"": 49, ""BALLANTYNE PARK PHARMACY"": 39, ""CIMAS BORROWDALE OFFICE PARK PHARMACY"": 170, ""CIMAS BULAWAYO PHARMACY"": 598, ""CIMAS CLINIC -MASVINGO PHARMACY"": 169, ""CIMAS FIFE AVENUE PHARMACY"": 225, ""CIMAS FOURTH STREET PHARMACY"": 1048, ""CIMAS HCC  MUTARE PHARMACY"": 447, ""CIMAS HCC CHINHOYI ST. PHARM"": 698, ""CIMAS HCC CHITUNGWIZA PHARMACY"": 383, ""CIMAS HCC GWERU PHARMACY"": 242, ""CIMAS HIGH GLEN PHARMACY"": 426, ""CIMAS KWEKWE CLINIC- PHARMACY"": 140, ""CIMAS MANRESA - PHARRMACY"": 214, ""CLIQUE PHARMACY"": 57, ""FAREPLAN ENTERPRISE P/L T/A CHINHOYI TOWN PHARMACY"": 53, ""HEALTHLINK PHARMACY"": 155, ""KENLINK KENSINGTON PHARMACY"": 80, ""MEDICINE CHEST"": 38, ""ROWLAND SQUARE PHARMACY"": 1083, ""SOMMERDRIFT INV T/A KENLINK THE BRIDGE"": 65, ""TRINITY PHARMACY -AVENUES"": 78, ""WATERSHED PHARMACY"": 52}",102833,0.78463,0.8392,0.11368,0.20361,483,0dac8010df934149,0dac8010df934149,010537ce285f63c7,62efcd785859dd03,8240f7bea0fe0de9,5c12ea799f51313a
cimas,C3,DR uplift ranking,17,12649,6467,8433,0.5113,1.0,23,"{""ASHBRITTLE   PHARMACY"": 48, ""BALLANTYNE PARK PHARMACY"": 36, ""CIMAS BORROWDALE OFFICE PARK PHARMACY"": 157, ""CIMAS BULAWAYO PHARMACY"": 618, ""CIMAS CLINIC -MASVINGO PHARMACY"": 175, ""CIMAS FIFE AVENUE PHARMACY"": 230, ""CIMAS FOURTH STREET PHARMACY"": 1079, ""CIMAS HCC  MUTARE PHARMACY"": 469, ""CIMAS HCC CHINHOYI ST. PHARM"": 699, ""CIMAS HCC CHITUNGWIZA PHARMACY"": 376, ""CIMAS HCC GWERU PHARMACY"": 237, ""CIMAS HIGH GLEN PHARMACY"": 398, ""CIMAS KWEKWE CLINIC- PHARMACY"": 143, ""CIMAS MANRESA - PHARRMACY"": 226, ""CLIQUE PHARMACY"": 46, ""FAREPLAN ENTERPRISE P/L T/A CHINHOYI TOWN PHARMACY"": 40, ""HEALTHLINK PHARMACY"": 142, ""KENLINK KENSINGTON PHARMACY"": 66, ""MEDICINE CHEST"": 53, ""ROWLAND SQUARE PHARMACY"": 1037, ""SOMMERDRIFT INV T/A KENLINK THE BRIDGE"": 66, ""TRINITY PHARMACY -AVENUES"": 73, ""WATERSHED PHARMACY"": 53}",109300,0.785,0.83905,0.11539,0.20386,483,333316934334d7e9,333316934334d7e9,596a02aaffcfb011,b852382550e19dff,7bcea002d87801fa,57a2f2337dd3a4e9
cimas,C3,DR uplift ranking,18,12649,6493,8433,0.5133,1.0,23,"{""ASHBRITTLE   PHARMACY"": 46, ""BALLANTYNE PARK PHARMACY"": 44, ""CIMAS BORROWDALE OFFICE PARK PHARMACY"": 159, ""CIMAS BULAWAYO PHARMACY"": 599, ""CIMAS CLINIC -MASVINGO PHARMACY"": 157, ""CIMAS FIFE AVENUE PHARMACY"": 221, ""CIMAS FOURTH STREET PHARMACY"": 1045, ""CIMAS HCC  MUTARE PHARMACY"": 483, ""CIMAS HCC CHINHOYI ST. PHARM"": 690, ""CIMAS HCC CHITUNGWIZA PHARMACY"": 386, ""CIMAS HCC GWERU PHARMACY"": 256, ""CIMAS HIGH GLEN PHARMACY"": 436, ""CIMAS KWEKWE CLINIC- PHARMACY"": 142, ""CIMAS MANRESA - PHARRMACY"": 222, ""CLIQUE PHARMACY"": 55, ""FAREPLAN ENTERPRISE P/L T/A CHINHOYI TOWN PHARMACY"": 46, ""HEALTHLINK PHARMACY"": 156, ""KENLINK KENSINGTON PHARMACY"": 80, ""MEDICINE CHEST"": 38, ""ROWLAND SQUARE PHARMACY"": 1039, ""SOMMERDRIFT INV T/A KENLINK THE BRIDGE"": 67, ""TRINITY PHARMACY -AVENUES"": 72, ""WATERSHED PHARMACY"": 54}",115793,0.78527,0.83922,0.11235,0.20291,483,7fe7f439e7b4ec66,7fe7f439e7b4ec66,ec792dae23f10cf5,3e91d68b221e6ede,b2bfae11020c7364,9e807b649a49718d
cimas,C3,DR uplift ranking,19,12649,6443,8433,0.5094,1.0,23,"{""ASHBRITTLE   PHARMACY"": 50, ""BALLANTYNE PARK PHARMACY"": 44, ""CIMAS BORROWDALE OFFICE PARK PHARMACY"": 168, ""CIMAS BULAWAYO PHARMACY"": 637, ""CIMAS CLINIC -MASVINGO PHARMACY"": 157, ""CIMAS FIFE AVENUE PHARMACY"": 229, ""CIMAS FOURTH STREET PHARMACY"": 1072, ""CIMAS HCC  MUTARE PHARMACY"": 464, ""CIMAS HCC CHINHOYI ST. PHARM"": 664, ""CIMAS HCC CHITUNGWIZA PHARMACY"": 361, ""CIMAS HCC GWERU PHARMACY"": 228, ""CIMAS HIGH GLEN PHARMACY"": 420, ""CIMAS KWEKWE CLINIC- PHARMACY"": 158, ""CIMAS MANRESA - PHARRMACY"": 221, ""CLIQUE PHARMACY"": 51, ""FAREPLAN ENTERPRISE P/L T/A CHINHOYI TOWN PHARMACY"": 49, ""HEALTHLINK PHARMACY"": 137, ""KENLINK KENSINGTON PHARMACY"": 70, ""MEDICINE CHEST"": 41, ""ROWLAND SQUARE PHARMACY"": 1030, ""SOMMERDRIFT INV T/A KENLINK THE BRIDGE"": 63, ""TRINITY PHARMACY -AVENUES"": 80, ""WATERSHED PHARMACY"": 49}",122236,0.78544,0.8399,0.11601,0.20407,483,881801ba6cd396d8,881801ba6cd396d8,acd8782f27807acb,9bfe48ac6276109a,a34a45182643aefe,601472ae912adea0
cimas,C3,DR uplift ranking,20,12649,6458,8433,0.5106,1.0,23,"{""ASHBRITTLE   PHARMACY"": 40, ""BALLANTYNE PARK PHARMACY"": 36, ""CIMAS BORROWDALE OFFICE PARK PHARMACY"": 185, ""CIMAS BULAWAYO PHARMACY"": 628, ""CIMAS CLINIC -MASVINGO PHARMACY"": 157, ""CIMAS FIFE AVENUE PHARMACY"": 221, ""CIMAS FOURTH STREET PHARMACY"": 1059, ""CIMAS HCC  MUTARE PHARMACY"": 458, ""CIMAS HCC CHINHOYI ST. PHARM"": 635, ""CIMAS HCC CHITUNGWIZA PHARMACY"": 381, ""CIMAS HCC GWERU PHARMACY"": 246, ""CIMAS HIGH GLEN PHARMACY"": 385, ""CIMAS KWEKWE CLINIC- PHARMACY"": 155, ""CIMAS MANRESA - PHARRMACY"": 242, ""CLIQUE PHARMACY"": 51, ""FAREPLAN ENTERPRISE P/L T/A CHINHOYI TOWN PHARMACY"": 40, ""HEALTHLINK PHARMACY"": 155, ""KENLINK KENSINGTON PHARMACY"": 69, ""MEDICINE CHEST"": 42, ""ROWLAND SQUARE PHARMACY"": 1078, ""SOMMERDRIFT INV T/A KENLINK THE BRIDGE"": 67, ""TRINITY PHARMACY -AVENUES"": 72, ""WATERSHED PHARMACY"": 56}",128694,0.78492,0.83908,0.11558,0.2039,483,547fe9edeb94674a,547fe9edeb94674a,371a7f384acb0065,ddbed673acc4c3c6,1519edcb6a21b974,a95e60c44cd4348f
