pr_auc,auroc,mcc,bal_acc,sens,spec,brier,ece,model,outcome,site_test,seed,fold,n_test,n_pos_test
0.20145043087647446,0.5157004830917874,0.0,0.5,0.0,1.0,0.13311158859571617,0.0873474691691458,LR-A,Y6-nonatt,all,7,0,81,12
0.16673550376890597,0.4977272727272728,0.0,0.5,0.0,1.0,0.12046291184931593,0.073136755491687,LR-A,Y6-nonatt,A,7,0,63,8
0.52906162464986,0.5535714285714286,0.0,0.5,0.0,1.0,0.17738195720811692,0.14064736520397617,LR-A,Y6-nonatt,B,7,0,18,4
0.2753213045057431,0.4879227053140096,0.07372097807744857,0.532608695652174,0.16666666666666666,0.8985507246376812,0.16673007386745706,0.16326265220608255,LR-B,Y6-nonatt,all,7,0,81,12
0.35414061776419375,0.5,0.1685499656158105,0.5795454545454546,0.25,0.9090909090909091,0.14743224006703667,0.1710316829211911,LR-B,Y6-nonatt,A,7,0,63,8
0.27127774186597714,0.4642857142857143,-0.1889822365046136,0.42857142857142855,0.0,0.8571428571428571,0.2342724921689283,0.20394187754715085,LR-B,Y6-nonatt,B,7,0,18,4
0.3479607815484423,0.5410628019323671,0.0,0.5,0.0,1.0,0.1265046827753034,0.09412087302651907,LR-C,Y6-nonatt,all,7,0,81,12
0.2753413316737353,0.5363636363636364,0.0,0.5,0.0,1.0,0.11398978649282379,0.1005294143389331,LR-C,Y6-nonatt,A,7,0,63,8
0.4930555555555556,0.5535714285714285,0.0,0.5,0.0,1.0,0.17030681976398213,0.10341246165500237,LR-C,Y6-nonatt,B,7,0,18,4
0.26733450631604294,0.5615942028985507,0.0,0.5,0.0,1.0,0.12538804173467386,0.049072686384318574,EN-C,Y6-nonatt,all,7,0,81,12
0.2516775304256643,0.5750000000000001,0.0,0.5,0.0,1.0,0.10961618652240376,0.050515702374965374,EN-C,Y6-nonatt,A,7,0,63,8
0.4325609031491384,0.5,0.0,0.5,0.0,1.0,0.1805895349776193,0.07045253537677924,EN-C,Y6-nonatt,B,7,0,18,4
0.15593783468783468,0.45289855072463764,-0.0950496913043515,0.47101449275362317,0.0,0.9420289855072463,0.15660347710283176,0.13947015422067663,GBM-C,Y6-nonatt,all,7,0,81,12
0.2243369135904441,0.5590909090909092,0.0,0.5,0.0,1.0,0.11493007384295549,0.07797407000550535,GBM-C,Y6-nonatt,A,7,0,63,8
0.1856837606837607,0.25,-0.2857142857142857,0.35714285714285715,0.0,0.7142857142857143,0.30246038851239887,0.3547064489737761,GBM-C,Y6-nonatt,B,7,0,18,4
0.22833444630394806,0.4939613526570048,0.06534666277174166,0.519927536231884,0.08333333333333333,0.9565217391304348,0.157393013392081,0.1578686034839262,MLP-C,Y6-nonatt,all,7,0,81,12
0.2560889983309954,0.5159090909090909,0.0962009485200012,0.5352272727272727,0.125,0.9454545454545454,0.14815322872756417,0.16784393106017226,MLP-C,Y6-nonatt,A,7,0,63,8
0.25496031746031744,0.42857142857142855,0.0,0.5,0.0,1.0,0.18973225971788982,0.19912773324999591,MLP-C,Y6-nonatt,B,7,0,18,4
0.26549114608186336,0.4951690821256039,0.0,0.5,0.0,1.0,0.14097628262416853,0.16322156033465055,FL-FedAvg,Y6-nonatt,all,7,0,81,12
0.28174027194324586,0.49772727272727274,0.0,0.5,0.0,1.0,0.13083902246660653,0.18423536989924458,FL-FedAvg,Y6-nonatt,A,7,0,63,8
0.46324786324786327,0.5178571428571428,0.0,0.5,0.0,1.0,0.1764566931756355,0.1326010862746171,FL-FedAvg,Y6-nonatt,B,7,0,18,4
0.25857660806331995,0.5217391304347826,0.0,0.5,0.0,1.0,0.14515555056826124,0.17862260716027673,FL-FedAvg-E,Y6-nonatt,all,7,0,81,12
0.2664675771346001,0.5159090909090909,0.0,0.5,0.0,1.0,0.13556836233795985,0.20037473093012217,FL-FedAvg-E,Y6-nonatt,A,7,0,63,8
0.46388888888888885,0.5535714285714286,0.0,0.5,0.0,1.0,0.1787107093743161,0.10249017396581758,FL-FedAvg-E,Y6-nonatt,B,7,0,18,4
0.26549114608186336,0.4951690821256039,0.0,0.5,0.0,1.0,0.14122706861666848,0.1638607483464408,FL-FedProx,Y6-nonatt,all,7,0,81,12
0.28174027194324586,0.49772727272727274,0.0,0.5,0.0,1.0,0.1311298836262246,0.184862681971479,FL-FedProx,Y6-nonatt,A,7,0,63,8
0.46324786324786327,0.5178571428571428,0.0,0.5,0.0,1.0,0.176567216083222,0.1327725392775336,FL-FedProx,Y6-nonatt,B,7,0,18,4
0.16430514876445296,0.5597402597402596,-0.04432026302139592,0.4928571428571429,0.0,0.9857142857142858,0.1285765833155913,0.08093841625036421,LR-A,Y6-nonatt,all,7,1,81,11
0.14357282755291792,0.5045454545454545,-0.04843594796964828,0.4909090909090909,0.0,0.9818181818181818,0.12671867828459135,0.11471708042041262,LR-A,Y6-nonatt,A,7,1,63,8
0.6555555555555554,0.8222222222222222,0.0,0.5,0.0,1.0,0.13507925092409118,0.10454897863335472,LR-A,Y6-nonatt,B,7,1,18,3
0.11843390837438977,0.36493506493506495,-0.07005166394541486,0.45519480519480515,0.18181818181818182,0.7285714285714285,0.25195041825153836,0.2793882193822671,LR-B,Y6-nonatt,all,7,1,81,11
0.12283537001172083,0.3840909090909091,-0.017047876290802483,0.48863636363636365,0.25,0.7272727272727273,0.24793849897693684,0.2805473039024609,LR-B,Y6-nonatt,A,7,1,63,8
0.1508870214752568,0.2666666666666666,-0.23904572186687875,0.36666666666666664,0.0,0.7333333333333333,0.26599213571264385,0.2753314235615886,LR-B,Y6-nonatt,B,7,1,18,3
0.14594280452307334,0.5220779220779221,-0.04432026302139592,0.4928571428571429,0.0,0.9857142857142858,0.13089217996650435,0.08851650590677444,LR-C,Y6-nonatt,all,7,1,81,11
0.1267871957068477,0.46590909090909094,-0.04843594796964828,0.4909090909090909,0.0,0.9818181818181818,0.12924382347669788,0.08047069922096854,LR-C,Y6-nonatt,A,7,1,63,8
0.3075757575757576,0.6888888888888889,0.0,0.5,0.0,1.0,0.13666142768082679,0.11667682930709508,LR-C,Y6-nonatt,B,7,1,18,3
0.1391661873999957,0.5116883116883117,0.0,0.5,0.0,1.0,0.12391292684676351,0.056315679476718075,EN-C,Y6-nonatt,all,7,1,81,11
0.13790876186262185,0.5272727272727272,0.0,0.5,0.0,1.0,0.11843926108931543,0.07678256512510179,EN-C,Y6-nonatt,A,7,1,63,8
0.19761904761904764,0.4666666666666666,0.0,0.5,0.0,1.0,0.1430707569978318,0.04586325749454029,EN-C,Y6-nonatt,B,7,1,18,3
0.24067279728631233,0.5038961038961038,0.2820380374088831,0.5454545454545454,0.09090909090909091,1.0,0.1251870023744218,0.10948855420788088,GBM-C,Y6-nonatt,all,7,1,81,11
0.2877851046455697,0.5909090909090909,0.3329971422913319,0.5625,0.125,1.0,0.1144477575294121,0.09840398917537009,GBM-C,Y6-nonatt,A,7,1,63,8
0.14484126984126983,0.2444444444444444,0.0,0.5,0.0,1.0,0.1627743593319559,0.14828453182166867,GBM-C,Y6-nonatt,B,7,1,18,3
0.11620900472857844,0.39350649350649347,0.0,0.5,0.0,1.0,0.1437484249941407,0.14050599265462194,MLP-C,Y6-nonatt,all,7,1,81,11
0.10912605261729086,0.35,0.0,0.5,0.0,1.0,0.1428457921659716,0.18412186852460452,MLP-C,Y6-nonatt,A,7,1,63,8
0.23164983164983166,0.5777777777777777,0.0,0.5,0.0,1.0,0.14690763989273253,0.131467320150458,MLP-C,Y6-nonatt,B,7,1,18,3
0.13865928544472883,0.5051948051948052,-0.04432026302139592,0.4928571428571429,0.0,0.9857142857142858,0.1405790537015915,0.11902054675079113,FL-FedAvg,Y6-nonatt,all,7,1,81,11
0.1259859027607506,0.46590909090909094,-0.04843594796964828,0.4909090909090909,0.0,0.9818181818181818,0.1406235711884118,0.13456721883908357,FL-FedAvg,Y6-nonatt,A,7,1,63,8
0.2777777777777778,0.6444444444444445,0.0,0.5,0.0,1.0,0.14042324249772045,0.12394210122953007,FL-FedAvg,Y6-nonatt,B,7,1,18,3
0.1171945432083482,0.40909090909090906,-0.07774288420142414,0.4785714285714286,0.0,0.9571428571428572,0.15104616603094478,0.1374562878671136,FL-FedAvg-E,Y6-nonatt,all,7,1,81,11
0.11637846444983373,0.41818181818181815,-0.08528028654224418,0.4727272727272727,0.0,0.9454545454545454,0.1489540416564547,0.15352078053997104,FL-FedAvg-E,Y6-nonatt,A,7,1,63,8
0.1994949494949495,0.48888888888888893,0.0,0.5,0.0,1.0,0.15836860134166,0.17820485683155257,FL-FedAvg-E,Y6-nonatt,B,7,1,18,3
0.13904731205226764,0.5064935064935064,-0.04432026302139592,0.4928571428571429,0.0,0.9857142857142858,0.1408114252302258,0.12017435457443397,FL-FedProx,Y6-nonatt,all,7,1,81,11
0.1265429437589681,0.46818181818181825,-0.04843594796964828,0.4909090909090909,0.0,0.9818181818181818,0.14087155076805488,0.13570216313745415,FL-FedProx,Y6-nonatt,A,7,1,63,8
0.2777777777777778,0.6444444444444445,0.0,0.5,0.0,1.0,0.1406009858478239,0.12383945978189673,FL-FedProx,Y6-nonatt,B,7,1,18,3
0.1409114265887545,0.47562582345191046,-0.11369243355522204,0.45652173913043476,0.0,0.9130434782608695,0.16086560775975867,0.11041822996197993,LR-A,Y6-nonatt,all,7,2,80,11
0.1284923947406013,0.49610389610389605,-0.10566112966540278,0.45454545454545453,0.0,0.9090909090909091,0.14176390799814714,0.12002105300177032,LR-A,Y6-nonatt,A,7,2,62,7
0.2965811965811965,0.48214285714285715,-0.12964074471043288,0.4642857142857143,0.0,0.9285714285714286,0.22666035138308738,0.17756598959546827,LR-A,Y6-nonatt,B,7,2,18,4
0.21234961438442657,0.5072463768115942,0.08759080505161157,0.5401844532279315,0.18181818181818182,0.8985507246376812,0.16503239886444176,0.19014318648073042,LR-B,Y6-nonatt,all,7,2,80,11
0.24331051048267818,0.5844155844155844,0.16673880112867492,0.5883116883116883,0.2857142857142857,0.8909090909090909,0.14559757996045009,0.1742976032170795,LR-B,Y6-nonatt,A,7,2,62,7
0.21299019607843137,0.3214285714285714,-0.12964074471043288,0.4642857142857143,0.0,0.9285714285714286,0.23197455286707974,0.2756912052613003,LR-B,Y6-nonatt,B,7,2,18,4
0.15106882118702025,0.46245059288537554,-0.1030922854711811,0.463768115942029,0.0,0.927536231884058,0.14598862333632523,0.14325114226542512,LR-C,Y6-nonatt,all,7,2,80,11
0.14971019832259425,0.5038961038961038,-0.09368793661451105,0.4636363636363636,0.0,0.9272727272727272,0.12696777801356313,0.15268080418061092,LR-C,Y6-nonatt,A,7,2,62,7
0.22447038255861784,0.375,-0.12964074471043288,0.4642857142857143,0.0,0.9285714285714286,0.2115048683369502,0.13665680726218044,LR-C,Y6-nonatt,B,7,2,18,4
0.1377639687120107,0.45322793148880103,0.0,0.5,0.0,1.0,0.12424781736116901,0.03549705614987779,EN-C,Y6-nonatt,all,7,2,80,11
0.14256366960425837,0.5142857142857142,0.0,0.5,0.0,1.0,0.10484705807782162,0.044078637304627535,EN-C,Y6-nonatt,A,7,2,62,7
0.20277777777777775,0.3214285714285714,0.0,0.5,0.0,1.0,0.19107265489269906,0.1511303522059108,EN-C,Y6-nonatt,B,7,2,18,4
0.2206165242803174,0.5559947299077734,0.13327440563084203,0.5546772068511199,0.18181818181818182,0.927536231884058,0.14200927443525777,0.11282974616167736,GBM-C,Y6-nonatt,all,7,2,80,11
0.2462538614389185,0.5896103896103896,0.19480519480519481,0.5974025974025974,0.2857142857142857,0.9090909090909091,0.12427432972196645,0.10348054362910501,GBM-C,Y6-nonatt,A,7,2,62,7
0.2597222222222222,0.5,0.0,0.5,0.0,1.0,0.20309630622548347,0.1717857801149906,GBM-C,Y6-nonatt,B,7,2,18,4
0.16874710510339674,0.5388669301712781,-0.041157723645718625,0.48023715415019763,0.09090909090909091,0.8695652173913043,0.16936804984226814,0.2271051657528088,MLP-C,Y6-nonatt,all,7,2,80,11
0.18481635323740586,0.6441558441558441,-0.0023335141876912576,0.49870129870129865,0.14285714285714285,0.8545454545454545,0.15427946706505768,0.22255551911628102,MLP-C,Y6-nonatt,A,7,2,62,7
0.19962121212121214,0.32142857142857145,-0.12964074471043288,0.4642857142857143,0.0,0.9285714285714286,0.22133983496377088,0.2478355162841665,MLP-C,Y6-nonatt,B,7,2,18,4
0.14972102337292514,0.45849802371541504,0.0,0.5,0.0,1.0,0.14575283483206353,0.14028614280581952,FL-FedAvg,Y6-nonatt,all,7,2,80,11
0.1657523555889806,0.5584415584415584,0.0,0.5,0.0,1.0,0.1302037609114632,0.1663352114727499,FL-FedAvg,Y6-nonatt,A,7,2,62,7
0.17110177404295052,0.1785714285714286,0.0,0.5,0.0,1.0,0.19931075611413118,0.1758095107352471,FL-FedAvg,Y6-nonatt,B,7,2,18,4
0.18453706935526054,0.4888010540184453,0.0,0.5,0.0,1.0,0.14784715018172734,0.17336597384339447,FL-FedAvg-E,Y6-nonatt,all,7,2,80,11
0.23784755238814115,0.6337662337662338,0.0,0.5,0.0,1.0,0.13149563686020344,0.18696630452083615,FL-FedAvg-E,Y6-nonatt,A,7,2,62,7
0.18204365079365079,0.25,0.0,0.5,0.0,1.0,0.20416902940030968,0.1892670525723176,FL-FedAvg-E,Y6-nonatt,B,7,2,18,4
0.15195416680350265,0.45981554677206854,0.0,0.5,0.0,1.0,0.14599538338298745,0.14133446093558763,FL-FedProx,Y6-nonatt,all,7,2,80,11
0.17050286823423008,0.5636363636363636,0.0,0.5,0.0,1.0,0.13049538269213695,0.1673670144915241,FL-FedProx,Y6-nonatt,A,7,2,62,7
0.16872082166199814,0.1607142857142857,0.0,0.5,0.0,1.0,0.19938427465147254,0.1753371336552631,FL-FedProx,Y6-nonatt,B,7,2,18,4
0.1935565579023087,0.553921568627451,-0.06726727939963124,0.4852941176470588,0.0,0.9705882352941176,0.13694082867214127,0.09197011905338617,LR-A,Y6-nonatt,all,7,3,80,12
0.22872198879551822,0.6435185185185186,-0.07027283689263066,0.48148148148148145,0.0,0.9629629629629629,0.1165538405877255,0.058493549791316005,LR-A,Y6-nonatt,A,7,3,62,8
0.20595238095238097,0.35714285714285715,0.0,0.5,0.0,1.0,0.20716267651846235,0.20727830206718345,LR-A,Y6-nonatt,B,7,3,18,4
0.1253748748678145,0.38725490196078427,-0.10192082319742922,0.4362745098039216,0.16666666666666666,0.7058823529411765,0.2702961218322189,0.2588012479240681,LR-B,Y6-nonatt,all,7,3,80,12
0.13115742242507458,0.47685185185185186,-0.034192080827592425,0.47685185185185186,0.25,0.7037037037037037,0.25062582876092293,0.24300009976563788,LR-B,Y6-nonatt,A,7,3,62,8
0.16938474107591756,0.17857142857142858,-0.2857142857142857,0.35714285714285715,0.0,0.7142857142857143,0.33804935352223836,0.3904171643557466,LR-B,Y6-nonatt,B,7,3,18,4
0.1833377580747061,0.5526960784313726,-0.06726727939963124,0.4852941176470588,0.0,0.9705882352941176,0.14205364952849017,0.08952743971274699,LR-C,Y6-nonatt,all,7,3,80,12
0.2179707516664038,0.6782407407407407,-0.07027283689263066,0.48148148148148145,0.0,0.9629629629629629,0.12017058059515213,0.05272226110883564,LR-C,Y6-nonatt,A,7,3,62,8
0.18814484126984127,0.23214285714285715,0.0,0.5,0.0,1.0,0.21742866474332115,0.28412242834992196,LR-C,Y6-nonatt,B,7,3,18,4
0.1662309031446648,0.5294117647058825,0.0,0.5,0.0,1.0,0.13204029354952795,0.07208066098035296,EN-C,Y6-nonatt,all,7,3,80,12
0.19213489589184737,0.5949074074074074,0.0,0.5,0.0,1.0,0.11497991710080893,0.053735965040202054,EN-C,Y6-nonatt,A,7,3,62,8
0.20616883116883117,0.35714285714285715,0.0,0.5,0.0,1.0,0.1908038124284491,0.13526794699642822,EN-C,Y6-nonatt,B,7,3,18,4
0.17692185680125527,0.5122549019607844,0.07201249120253889,0.5318627450980392,0.16666666666666666,0.8970588235294118,0.1732268017754694,0.1863529041416561,GBM-C,Y6-nonatt,all,7,3,80,12
0.16380716219145225,0.537037037037037,0.06269867707187052,0.525462962962963,0.125,0.9259259259259259,0.1544805969315484,0.1722735367325661,GBM-C,Y6-nonatt,A,7,3,62,8
0.2951923076923077,0.44642857142857145,0.03571428571428571,0.5178571428571428,0.25,0.7857142857142857,0.23779706290453065,0.29638717076964294,GBM-C,Y6-nonatt,B,7,3,18,4
0.13333142647090246,0.3713235294117647,0.0,0.5,0.0,1.0,0.15220421193369707,0.12698054389820132,MLP-C,Y6-nonatt,all,7,3,80,12
0.1468352267542718,0.4375,0.0,0.5,0.0,1.0,0.13836430471585115,0.16208374530648276,MLP-C,Y6-nonatt,A,7,3,62,8
0.1906926406926407,0.2857142857142857,0.0,0.5,0.0,1.0,0.19987500346183296,0.14386284760135887,MLP-C,Y6-nonatt,B,7,3,18,4
0.18106116035359932,0.5379901960784313,-0.0472631454134277,0.49264705882352944,0.0,0.9852941176470589,0.14503068447757927,0.1192338325222212,FL-FedAvg,Y6-nonatt,all,7,3,80,12
0.21426572949575984,0.6574074074074074,-0.049281418063638185,0.49074074074074076,0.0,0.9814814814814815,0.13003109795328663,0.13677084075368579,FL-FedAvg,Y6-nonatt,A,7,3,62,8
0.1972850678733032,0.2857142857142857,0.0,0.5,0.0,1.0,0.19669592695014285,0.12760191593288425,FL-FedAvg,Y6-nonatt,B,7,3,18,4
0.15742029929887863,0.4852941176470588,-0.06726727939963124,0.4852941176470588,0.0,0.9705882352941176,0.15971224913474663,0.15055200105117464,FL-FedAvg-E,Y6-nonatt,all,7,3,80,12
0.19970280944545651,0.6458333333333334,-0.07027283689263066,0.48148148148148145,0.0,0.9629629629629629,0.1423572586726858,0.16154121335329003,FL-FedAvg-E,Y6-nonatt,A,7,3,62,8
0.165922619047619,0.16071428571428573,0.0,0.5,0.0,1.0,0.2194905496151782,0.24293790899299686,FL-FedAvg-E,Y6-nonatt,B,7,3,18,4
0.18188461226400773,0.5392156862745099,-0.0472631454134277,0.49264705882352944,0.0,0.9852941176470589,0.14525460766311082,0.12030425643359251,FL-FedProx,Y6-nonatt,all,7,3,80,12
0.21634906282909316,0.6597222222222222,-0.049281418063638185,0.49074074074074076,0.0,0.9814814814814815,0.13031133088900615,0.13784929134912924,FL-FedProx,Y6-nonatt,A,7,3,62,8
0.1972850678733032,0.2857142857142857,0.0,0.5,0.0,1.0,0.19672589432947132,0.128347417284399,FL-FedProx,Y6-nonatt,B,7,3,18,4
0.1738374744539224,0.5134803921568627,-0.0472631454134277,0.49264705882352944,0.0,0.9852941176470589,0.14100040010494633,0.11026787175605834,LR-A,Y6-nonatt,all,7,4,80,12
0.15884672262079194,0.4814814814814815,-0.049281418063638185,0.49074074074074076,0.0,0.9814814814814815,0.1267772870936292,0.10167066301677252,LR-A,Y6-nonatt,A,7,4,62,8
0.27827380952380953,0.5535714285714286,0.0,0.5,0.0,1.0,0.18999112269948293,0.1398804796358205,LR-A,Y6-nonatt,B,7,4,18,4
0.1860496995376279,0.4754901960784314,0.00474466806152653,0.5024509803921569,0.16666666666666666,0.8382352941176471,0.1958068452597604,0.2254343786343893,LR-B,Y6-nonatt,all,7,4,80,12
0.24556051587301586,0.5717592592592593,0.07312724241271307,0.5416666666666667,0.25,0.8333333333333334,0.163100975254026,0.19116845785107406,LR-B,Y6-nonatt,A,7,4,62,8
0.17906162464985995,0.23214285714285712,-0.1889822365046136,0.42857142857142855,0.0,0.8571428571428571,0.3084603975017344,0.40807840709088405,LR-B,Y6-nonatt,B,7,4,18,4
0.17005449841514975,0.5306372549019608,0.0,0.5,0.0,1.0,0.13781133022017417,0.08214206528230412,LR-C,Y6-nonatt,all,7,4,80,12
0.1675991617163941,0.5462962962962963,0.0,0.5,0.0,1.0,0.12223451931104054,0.05825924879258026,LR-C,Y6-nonatt,A,7,4,62,8
0.2755952380952381,0.5357142857142857,0.0,0.5,0.0,1.0,0.19146479001830105,0.16440509985801968,LR-C,Y6-nonatt,B,7,4,18,4
0.2287458787878957,0.6519607843137255,0.0,0.5,0.0,1.0,0.1245932094397703,0.045725494699214636,EN-C,Y6-nonatt,all,7,4,80,12
0.23374368686868685,0.6921296296296295,0.0,0.5,0.0,1.0,0.10925683464550885,0.030101777183317913,EN-C,Y6-nonatt,A,7,4,62,8
0.2791666666666667,0.5357142857142857,0.0,0.5,0.0,1.0,0.17741850039778198,0.0995405216984145,EN-C,Y6-nonatt,B,7,4,18,4
0.2661292351899229,0.5588235294117647,0.18077538151554684,0.5612745098039216,0.16666666666666666,0.9558823529411765,0.14452266604567893,0.1445894496616025,GBM-C,Y6-nonatt,all,7,4,80,12
0.2717000987109397,0.5833333333333333,0.13742162825753632,0.5439814814814814,0.125,0.9629629629629629,0.1278652581373874,0.1284538036198662,GBM-C,Y6-nonatt,A,7,4,62,8
0.3129444085326438,0.4821428571428571,0.236227795630767,0.5892857142857143,0.25,0.9285714285714286,0.20189818217423872,0.22146690625821197,GBM-C,Y6-nonatt,B,7,4,18,4
0.25139854151233465,0.41053921568627455,0.15695698526580623,0.5343137254901961,0.08333333333333333,0.9852941176470589,0.160164549494211,0.17599289767619689,MLP-C,Y6-nonatt,all,7,4,80,12
0.15210543508229343,0.30787037037037035,-0.049281418063638185,0.49074074074074076,0.0,0.9814814814814815,0.16119524155806403,0.23215800809389056,MLP-C,Y6-nonatt,A,7,4,62,8
0.5297619047619048,0.6785714285714286,0.4537426064865151,0.625,0.25,1.0,0.15661438794093951,0.10006666274261469,MLP-C,Y6-nonatt,B,7,4,18,4
0.1818363608000278,0.5808823529411765,0.0,0.5,0.0,1.0,0.13866587603612182,0.10743364339328519,FL-FedAvg,Y6-nonatt,all,7,4,80,12
0.16030416039388556,0.5671296296296297,0.0,0.5,0.0,1.0,0.1292273877758004,0.12795562865016785,FL-FedAvg,Y6-nonatt,A,7,4,62,8
0.3125,0.5892857142857143,0.0,0.5,0.0,1.0,0.17117622448833997,0.03674680528624506,FL-FedAvg,Y6-nonatt,B,7,4,18,4
0.1960418523709764,0.5257352941176471,0.0,0.5,0.0,1.0,0.14548084225179425,0.13292625604062652,FL-FedAvg-E,Y6-nonatt,all,7,4,80,12
0.2234538784067086,0.5972222222222222,0.0,0.5,0.0,1.0,0.13391165367022767,0.1570589814286758,FL-FedAvg-E,Y6-nonatt,A,7,4,62,8
0.20616883116883117,0.35714285714285715,0.0,0.5,0.0,1.0,0.1853302695883015,0.17736121302461927,FL-FedAvg-E,Y6-nonatt,B,7,4,18,4
0.1818363608000278,0.5808823529411765,0.0,0.5,0.0,1.0,0.1389014569559081,0.10859250271806906,FL-FedProx,Y6-nonatt,all,7,4,80,12
0.16030416039388556,0.5671296296296297,0.0,0.5,0.0,1.0,0.12951594451008253,0.12911386181052206,FL-FedProx,Y6-nonatt,A,7,4,62,8
0.3125,0.5892857142857143,0.0,0.5,0.0,1.0,0.17122933315819608,0.03790782139962,FL-FedProx,Y6-nonatt,B,7,4,18,4
0.2025593090018808,0.5700483091787439,-0.06635406438349603,0.4855072463768116,0.0,0.9710144927536232,0.13506715152313115,0.10984764778322187,LR-A,Y6-nonatt,all,11,0,81,12
0.20012534985056446,0.5840909090909091,-0.06905795747278488,0.4818181818181818,0.0,0.9636363636363636,0.11971679884608291,0.09993600926770972,LR-A,Y6-nonatt,A,11,0,63,8
0.3390151515151515,0.5892857142857143,0.0,0.5,0.0,1.0,0.18879338589279981,0.18126642789188285,LR-A,Y6-nonatt,B,11,0,18,4
0.25074889320821736,0.5084541062801933,0.021739130434782608,0.5108695652173914,0.16666666666666666,0.855072463768116,0.16865746708159096,0.1701303030555332,LR-B,Y6-nonatt,all,11,0,81,12
0.2754879145156537,0.55,0.016854996561581053,0.5079545454545454,0.125,0.8909090909090909,0.15050681887205034,0.1418809833930164,LR-B,Y6-nonatt,A,11,0,63,8
0.4132478632478632,0.4285714285714286,-0.033149677206589796,0.48214285714285715,0.25,0.7142857142857143,0.23218473581498314,0.31132944544291713,LR-B,Y6-nonatt,B,11,0,18,4
0.22461186199685146,0.5555555555555555,-0.04662524041201569,0.4927536231884058,0.0,0.9855072463768116,0.1320067186097978,0.0836139672609044,LR-C,Y6-nonatt,all,11,0,81,12
0.19957338375469733,0.5590909090909091,-0.04843594796964828,0.4909090909090909,0.0,0.9818181818181818,0.11890011915495051,0.08271228864654344,LR-C,Y6-nonatt,A,11,0,63,8
0.45707070707070707,0.5892857142857143,0.0,0.5,0.0,1.0,0.17787981670176334,0.08850712164831258,LR-C,Y6-nonatt,B,11,0,18,4
0.2154518932273115,0.5785024154589371,0.0,0.5,0.0,1.0,0.12588928879191844,0.011268503578746742,EN-C,Y6-nonatt,all,11,0,81,12
0.19512915321738852,0.6045454545454545,0.0,0.5,0.0,1.0,0.1108255957946709,0.02901498485379988,EN-C,Y6-nonatt,A,11,0,63,8
0.45707070707070707,0.5892857142857143,0.0,0.5,0.0,1.0,0.1786122142822847,0.10303741607877918,EN-C,Y6-nonatt,B,11,0,18,4
0.28600057196496925,0.6400966183574879,0.14744195615489714,0.5543478260869565,0.16666666666666666,0.9420289855072463,0.13744336455241318,0.11724519491865554,GBM-C,Y6-nonatt,all,11,0,81,12
0.24597328325269502,0.6386363636363637,0.0962009485200012,0.5352272727272727,0.125,0.9454545454545454,0.12762735649307247,0.11426534522499579,GBM-C,Y6-nonatt,A,11,0,63,8
0.5285714285714286,0.6964285714285715,0.236227795630767,0.5892857142857143,0.25,0.9285714285714286,0.17179939276010572,0.18577852719696697,GBM-C,Y6-nonatt,B,11,0,18,4
0.11840890195645179,0.3526570048309179,-0.04662524041201569,0.4927536231884058,0.0,0.9855072463768116,0.15923789025194593,0.14522498127238193,MLP-C,Y6-nonatt,all,11,0,81,12
0.10330092435242379,0.3363636363636364,-0.04843594796964828,0.4909090909090909,0.0,0.9818181818181818,0.1479818875062809,0.1518296772286727,MLP-C,Y6-nonatt,A,11,0,63,8
0.20498737373737375,0.3392857142857143,0.0,0.5,0.0,1.0,0.1986338998617735,0.24870129020485218,MLP-C,Y6-nonatt,B,11,0,18,4
0.2148600383349844,0.5917874396135265,0.0,0.5,0.0,1.0,0.13910662062395338,0.11903541402035525,FL-FedAvg,Y6-nonatt,all,11,0,81,12
0.17410229856350545,0.5931818181818183,0.0,0.5,0.0,1.0,0.13144080772004796,0.14498939656912674,FL-FedAvg,Y6-nonatt,A,11,0,63,8
0.4797619047619048,0.625,0.0,0.5,0.0,1.0,0.16593696578762235,0.03763091129090548,FL-FedAvg,Y6-nonatt,B,11,0,18,4
0.20885308052137103,0.5446859903381642,0.0,0.5,0.0,1.0,0.14298590894195168,0.12974824382695815,FL-FedAvg-E,Y6-nonatt,all,11,0,81,12
0.19125338250986615,0.5454545454545454,0.0,0.5,0.0,1.0,0.13566182720438136,0.15662573611934544,FL-FedAvg-E,Y6-nonatt,A,11,0,63,8
0.45211038961038963,0.5714285714285714,0.0,0.5,0.0,1.0,0.16862019502344802,0.03567702080360247,FL-FedAvg-E,Y6-nonatt,B,11,0,18,4
0.2148600383349844,0.5917874396135265,0.0,0.5,0.0,1.0,0.1393608490614565,0.12014642000505751,FL-FedProx,Y6-nonatt,all,11,0,81,12
0.17410229856350545,0.5931818181818183,0.0,0.5,0.0,1.0,0.13174777832372775,0.14609662782762953,FL-FedProx,Y6-nonatt,A,11,0,63,8
0.4797619047619048,0.625,0.0,0.5,0.0,1.0,0.16600659664350711,0.03715310943002653,FL-FedProx,Y6-nonatt,B,11,0,18,4
0.1775665781943392,0.5116883116883116,0.11308055883843511,0.5311688311688312,0.09090909090909091,0.9714285714285714,0.13532744546989625,0.1126213758651249,LR-A,Y6-nonatt,all,11,1,81,11
0.1739169560598132,0.45454545454545453,0.1385804656311468,0.5443181818181818,0.125,0.9636363636363636,0.13470025482880973,0.14510684886236563,LR-A,Y6-nonatt,A,11,1,63,8
0.3333333333333333,0.7333333333333333,0.0,0.5,0.0,1.0,0.13752261271369884,0.12021404660715937,LR-A,Y6-nonatt,B,11,1,18,3
0.1832963609062087,0.5246753246753246,-0.025482359571881278,0.4883116883116883,0.09090909090909091,0.8857142857142857,0.1770945174611135,0.18947455503866278,LR-B,Y6-nonatt,all,11,1,81,11
0.19161829884509055,0.5659090909090909,-0.0022727272727272726,0.49886363636363634,0.125,0.8727272727272727,0.16988828602604747,0.17633255512017232,LR-B,Y6-nonatt,A,11,1,63,8
0.28044871794871795,0.4444444444444444,-0.10846522890932808,0.4666666666666667,0.0,0.9333333333333333,0.20231632748384454,0.2354715547533795,LR-B,Y6-nonatt,B,11,1,18,3
0.19941790551831295,0.5025974025974026,-0.04432026302139592,0.4928571428571429,0.0,0.9857142857142858,0.12771533177909977,0.11628656368027562,LR-C,Y6-nonatt,all,11,1,81,11
0.21224027151931535,0.4840909090909091,-0.04843594796964828,0.4909090909090909,0.0,0.9818181818181818,0.12272512330170969,0.14164714010446874,LR-C,Y6-nonatt,A,11,1,63,8
0.2554945054945055,0.6,0.0,0.5,0.0,1.0,0.14518106144996484,0.12733274385808885,LR-C,Y6-nonatt,B,11,1,18,3
0.11921865840242232,0.3987012987012987,0.0,0.5,0.0,1.0,0.12264638361197915,0.05698563788506977,EN-C,Y6-nonatt,all,11,1,81,11
0.1220420385598957,0.40909090909090906,0.0,0.5,0.0,1.0,0.11589586398846834,0.056804529196876064,EN-C,Y6-nonatt,A,11,1,63,8
0.17866161616161616,0.4,0.0,0.5,0.0,1.0,0.14627320229426702,0.09266090161800439,EN-C,Y6-nonatt,B,11,1,18,3
0.14307580245452917,0.5025974025974026,-0.06307376777101417,0.4857142857142857,0.0,0.9714285714285714,0.14310125959359976,0.1331178834751993,GBM-C,Y6-nonatt,all,11,1,81,11
0.16479166666666664,0.5840909090909091,-0.06905795747278488,0.4818181818181818,0.0,0.9636363636363636,0.13345463242501057,0.13225761849318812,GBM-C,Y6-nonatt,A,11,1,63,8
0.13208360267183797,0.1555555555555555,0.0,0.5,0.0,1.0,0.1768644546836619,0.18649953548531883,GBM-C,Y6-nonatt,B,11,1,18,3
0.09688282320076778,0.26623376623376627,-0.06307376777101417,0.4857142857142857,0.0,0.9714285714285714,0.16324417610534828,0.2249867228339664,MLP-C,Y6-nonatt,all,11,1,81,11
0.08231101715775359,0.14090909090909093,-0.06905795747278488,0.4818181818181818,0.0,0.9636363636363636,0.17497136338339117,0.29180397089988036,MLP-C,Y6-nonatt,A,11,1,63,8
0.6,0.8,0.0,0.5,0.0,1.0,0.12219902063219819,0.10974693679457502,MLP-C,Y6-nonatt,B,11,1,18,3
0.1492845400710619,0.44805194805194803,0.0,0.5,0.0,1.0,0.13916075994869193,0.12889188389379996,FL-FedAvg,Y6-nonatt,all,11,1,81,11
0.1626546923381479,0.46590909090909094,0.0,0.5,0.0,1.0,0.13478390886499236,0.1386857366671793,FL-FedAvg,Y6-nonatt,A,11,1,63,8
0.17824074074074073,0.39999999999999997,0.0,0.5,0.0,1.0,0.15447973874164053,0.09461339918697229,FL-FedAvg,Y6-nonatt,B,11,1,18,3
0.1571486027159921,0.4701298701298702,0.0,0.5,0.0,1.0,0.14583174351737907,0.15885957196293146,FL-FedAvg-E,Y6-nonatt,all,11,1,81,11
0.1785849217256077,0.5136363636363637,0.0,0.5,0.0,1.0,0.14111026964204293,0.16545499002732708,FL-FedAvg-E,Y6-nonatt,A,11,1,63,8
0.18044871794871795,0.37777777777777777,0.0,0.5,0.0,1.0,0.16235690208105555,0.13577560873754677,FL-FedAvg-E,Y6-nonatt,B,11,1,18,3
0.1492845400710619,0.44805194805194803,0.0,0.5,0.0,1.0,0.13942026673794441,0.12998478107487937,FL-FedProx,Y6-nonatt,all,11,1,81,11
0.1626546923381479,0.46590909090909094,0.0,0.5,0.0,1.0,0.13506325241855477,0.139766425341611,FL-FedProx,Y6-nonatt,A,11,1,63,8
0.17824074074074073,0.39999999999999997,0.0,0.5,0.0,1.0,0.15466981685580816,0.09574902614131861,FL-FedProx,Y6-nonatt,B,11,1,18,3
0.13847152555190173,0.2898550724637681,0.0,0.5,0.0,1.0,0.13837842824064842,0.14800456011436225,LR-A,Y6-nonatt,all,11,2,80,11
0.15387469208828589,0.35324675324675325,0.0,0.5,0.0,1.0,0.11325133316530776,0.11203756224779689,LR-A,Y6-nonatt,A,11,2,62,7
0.16403186274509804,0.14285714285714282,0.0,0.5,0.0,1.0,0.22492731127793297,0.2718908860991984,LR-A,Y6-nonatt,B,11,2,18,4
0.14144257611583974,0.46772068511198944,-0.012099233477343796,0.49472990777338605,0.09090909090909091,0.8985507246376812,0.18710949049961045,0.18580918682047298,LR-B,Y6-nonatt,all,11,2,80,11
0.12233054389612666,0.4753246753246753,0.033766233766233764,0.5168831168831168,0.14285714285714285,0.8909090909090909,0.17422239167774153,0.1839457208730316,LR-B,Y6-nonatt,A,11,2,62,7
0.3144230769230769,0.5178571428571428,-0.12964074471043288,0.4642857142857143,0.0,0.9285714285714286,0.23149838644160337,0.2914062386787247,LR-B,Y6-nonatt,B,11,2,18,4
0.10007433518128706,0.26350461133069825,0.0,0.5,0.0,1.0,0.14513382009073217,0.17431366856851,LR-C,Y6-nonatt,all,11,2,80,11
0.09455758914107978,0.2961038961038961,0.0,0.5,0.0,1.0,0.12145031579516266,0.1372311372986815,LR-C,Y6-nonatt,A,11,2,62,7
0.16537114845938375,0.14285714285714288,0.0,0.5,0.0,1.0,0.2267103348865826,0.3020423873868082,LR-C,Y6-nonatt,B,11,2,18,4
0.12365522904379209,0.391304347826087,0.0,0.5,0.0,1.0,0.12595945938929007,0.04639914347173572,EN-C,Y6-nonatt,all,11,2,80,11
0.13493666141052124,0.45194805194805193,0.0,0.5,0.0,1.0,0.10533225220220574,0.05460850718103935,EN-C,Y6-nonatt,A,11,2,62,7
0.17506284565108096,0.2142857142857143,0.0,0.5,0.0,1.0,0.19700872858924723,0.15193696980008095,EN-C,Y6-nonatt,B,11,2,18,4
0.17186343346052965,0.5401844532279314,-0.09159989940671116,0.47101449275362317,0.0,0.9420289855072463,0.1438619802119831,0.12702798894855963,GBM-C,Y6-nonatt,all,11,2,80,11
0.226905022017804,0.6311688311688312,-0.08044560029664659,0.4727272727272727,0.0,0.9454545454545454,0.11362772068001326,0.12594098433876016,GBM-C,Y6-nonatt,A,11,2,62,7
0.18909950343773874,0.2857142857142857,-0.12964074471043288,0.4642857142857143,0.0,0.9285714285714286,0.24800220748876825,0.276301321136965,GBM-C,Y6-nonatt,B,11,2,18,4
0.20275244019933414,0.52832674571805,-0.044921913946267406,0.4927536231884058,0.0,0.9855072463768116,0.1337816746919173,0.11833039073178274,MLP-C,Y6-nonatt,all,11,2,80,11
0.13140701049560677,0.412987012987013,-0.045677545380765835,0.4909090909090909,0.0,0.9818181818181818,0.12761756519407277,0.1545849608825661,MLP-C,Y6-nonatt,A,11,2,62,7
0.7541666666666667,0.7857142857142857,0.0,0.5,0.0,1.0,0.15501360740671508,0.15862570827454409,MLP-C,Y6-nonatt,B,11,2,18,4
0.13471744944004305,0.3333333333333333,0.0,0.5,0.0,1.0,0.14625061526863403,0.15518123634395642,FL-FedAvg,Y6-nonatt,all,11,2,80,11
0.16893015270624379,0.37922077922077924,0.0,0.5,0.0,1.0,0.1313060677774583,0.1736392257435738,FL-FedAvg,Y6-nonatt,A,11,2,62,7
0.16916006787330318,0.17857142857142855,0.0,0.5,0.0,1.0,0.19772627884935043,0.15134033803263713,FL-FedAvg,Y6-nonatt,B,11,2,18,4
0.20015517958831008,0.3768115942028985,0.0,0.5,0.0,1.0,0.14926270876111042,0.1699612841268299,FL-FedAvg-E,Y6-nonatt,all,11,2,80,11
0.247644183773216,0.4493506493506493,0.0,0.5,0.0,1.0,0.13595245257720545,0.2054380428050218,FL-FedAvg-E,Y6-nonatt,A,11,2,62,7
0.17660637973137974,0.2142857142857143,0.0,0.5,0.0,1.0,0.19510914672789417,0.11482053415836754,FL-FedAvg-E,Y6-nonatt,B,11,2,18,4
0.13471744944004305,0.3333333333333333,0.0,0.5,0.0,1.0,0.14649420231680374,0.1408571976666545,FL-FedProx,Y6-nonatt,all,11,2,80,11
0.16893015270624379,0.37922077922077924,0.0,0.5,0.0,1.0,0.13162254074073354,0.17528338895224424,FL-FedProx,Y6-nonatt,A,11,2,62,7
0.16916006787330318,0.17857142857142855,0.0,0.5,0.0,1.0,0.19771881441215666,0.17021031549669208,FL-FedProx,Y6-nonatt,B,11,2,18,4
0.23636780232774854,0.616421568627451,0.0,0.5,0.0,1.0,0.12933056495230744,0.06578364168312273,LR-A,Y6-nonatt,all,11,3,80,12
0.22547607879924955,0.6180555555555556,0.0,0.5,0.0,1.0,0.11226239301223317,0.0882287441033299,LR-A,Y6-nonatt,A,11,3,62,8
0.36250000000000004,0.5892857142857142,0.0,0.5,0.0,1.0,0.1881209349681188,0.13268544908949875,LR-A,Y6-nonatt,B,11,3,18,4
0.12292807453205266,0.37745098039215685,-0.1521860755799725,0.4093137254901961,0.08333333333333333,0.7352941176470589,0.24653328713478356,0.29743787574939906,LR-B,Y6-nonatt,all,11,3,80,12
0.10496497411799971,0.3425925925925926,-0.20786985482077452,0.37037037037037035,0.0,0.7407407407407407,0.24492733785413337,0.3153176299299675,LR-B,Y6-nonatt,A,11,3,62,8
0.23055555555555557,0.4107142857142857,-0.033149677206589796,0.48214285714285715,0.25,0.7142857142857143,0.2520648902125787,0.26619180002768483,LR-B,Y6-nonatt,B,11,3,18,4
0.2523458062925473,0.5526960784313726,0.0,0.5,0.0,1.0,0.127451611561839,0.05017691102691608,LR-C,Y6-nonatt,all,11,3,80,12
0.21471907106129237,0.5324074074074074,0.0,0.5,0.0,1.0,0.11364620654197853,0.06086764788676801,LR-C,Y6-nonatt,A,11,3,62,8
0.36388888888888893,0.5714285714285714,0.0,0.5,0.0,1.0,0.17500356218580293,0.122568610185435,LR-C,Y6-nonatt,B,11,3,18,4
0.1866910193312987,0.553921568627451,0.0,0.5,0.0,1.0,0.12796388896939806,0.041073022676723955,EN-C,Y6-nonatt,all,11,3,80,12
0.1714834005869406,0.5231481481481481,0.0,0.5,0.0,1.0,0.11262505949350017,0.02620266429955212,EN-C,Y6-nonatt,A,11,3,62,8
0.25416666666666665,0.5,0.0,0.5,0.0,1.0,0.18079763494193524,0.1391003130004314,EN-C,Y6-nonatt,B,11,3,18,4
0.390523534439734,0.6642156862745098,0.38118124993124375,0.5833333333333334,0.16666666666666666,1.0,0.11792337662320836,0.09435781120245258,GBM-C,Y6-nonatt,all,11,3,80,12
0.4315378249201779,0.6967592592592593,0.4743416490252569,0.625,0.25,1.0,0.10058442674890375,0.0934702232032737,GBM-C,Y6-nonatt,A,11,3,62,8
0.4409722222222222,0.625,0.0,0.5,0.0,1.0,0.1776464261902576,0.1259127603189208,GBM-C,Y6-nonatt,B,11,3,18,4
0.1764156574168691,0.5281862745098038,-0.0472631454134277,0.49264705882352944,0.0,0.9852941176470589,0.14332316657197225,0.12675571898432664,MLP-C,Y6-nonatt,all,11,3,80,12
0.15832508052020247,0.48842592592592593,-0.049281418063638185,0.49074074074074076,0.0,0.9814814814814815,0.13748492628284306,0.16087950365110637,MLP-C,Y6-nonatt,A,11,3,62,8
0.36666666666666664,0.6607142857142857,0.0,0.5,0.0,1.0,0.163432660901195,0.07603468010466721,MLP-C,Y6-nonatt,B,11,3,18,4
0.21523618060274485,0.5808823529411765,0.0,0.5,0.0,1.0,0.13870782726530212,0.11091380544686935,FL-FedAvg,Y6-nonatt,all,11,3,80,12
0.1764121499415617,0.5509259259259259,0.0,0.5,0.0,1.0,0.1290912762942943,0.12576312618153565,FL-FedAvg,Y6-nonatt,A,11,3,62,8
0.5025735294117647,0.625,0.0,0.5,0.0,1.0,0.17183150283210674,0.05976614513857442,FL-FedAvg,Y6-nonatt,B,11,3,18,4
0.1614745412053879,0.4632352941176471,-0.06726727939963124,0.4852941176470588,0.0,0.9705882352941176,0.15255981344441732,0.15205575536023755,FL-FedAvg-E,Y6-nonatt,all,11,3,80,12
0.12200993824529967,0.40046296296296297,-0.07027283689263066,0.48148148148148145,0.0,0.9629629629629629,0.1444424840479655,0.15357980554422035,FL-FedAvg-E,Y6-nonatt,A,11,3,62,8
0.35049019607843135,0.5714285714285714,0.0,0.5,0.0,1.0,0.18051950358775146,0.17647445599627265,FL-FedAvg-E,Y6-nonatt,B,11,3,18,4
0.21523618060274485,0.5808823529411765,0.0,0.5,0.0,1.0,0.13894935936023042,0.11204789463975101,FL-FedProx,Y6-nonatt,all,11,3,80,12
0.1764121499415617,0.5509259259259259,0.0,0.5,0.0,1.0,0.1293705530214175,0.12691604516540037,FL-FedProx,Y6-nonatt,A,11,3,62,8
0.5025735294117647,0.625,0.0,0.5,0.0,1.0,0.17194302563836386,0.06083537616251418,FL-FedProx,Y6-nonatt,B,11,3,18,4
0.24943139235415487,0.5428921568627451,-0.0472631454134277,0.49264705882352944,0.0,0.9852941176470589,0.1299392937919262,0.0817511791240351,LR-A,Y6-nonatt,all,11,4,80,12
0.28533601662082875,0.6134259259259259,-0.049281418063638185,0.49074074074074076,0.0,0.9814814814814815,0.11090678663271392,0.10897293213977839,LR-A,Y6-nonatt,A,11,4,62,8
0.35912698412698413,0.49999999999999994,0.0,0.5,0.0,1.0,0.19549570734032407,0.15005513500356477,LR-A,Y6-nonatt,B,11,4,18,4
0.37867162724193854,0.5416666666666666,0.03850903945341042,0.5220588235294117,0.25,0.7941176470588235,0.20122365704075382,0.22837150590577443,LR-B,Y6-nonatt,all,11,4,80,12
0.49957305308938704,0.6736111111111112,0.13734258264944033,0.5856481481481481,0.375,0.7962962962962963,0.16733221981702556,0.2006873295285682,LR-B,Y6-nonatt,A,11,4,62,8
0.18330280830280832,0.25,-0.23904572186687875,0.39285714285714285,0.0,0.7857142857142857,0.31796082970026235,0.40489334631843205,LR-B,Y6-nonatt,B,11,4,18,4
0.22315219341685252,0.5404411764705882,0.06424925662032356,0.5196078431372549,0.08333333333333333,0.9558823529411765,0.13863917819619978,0.0930976458742288,LR-C,Y6-nonatt,all,11,4,80,12
0.26175426576241795,0.6597222222222222,0.09476225544736293,0.5347222222222222,0.125,0.9444444444444444,0.1188430957186453,0.05343737681659769,LR-C,Y6-nonatt,A,11,4,62,8
0.1853874883286648,0.25,0.0,0.5,0.0,1.0,0.20682568450777633,0.22970523929495812,LR-C,Y6-nonatt,B,11,4,18,4
0.24690969715213484,0.5747549019607843,0.0,0.5,0.0,1.0,0.12601800814708466,0.01578493992895795,EN-C,Y6-nonatt,all,11,4,80,12
0.27426474911619225,0.6712962962962963,0.0,0.5,0.0,1.0,0.10840736230870564,0.022487861256459782,EN-C,Y6-nonatt,A,11,4,62,8
0.2725885225885226,0.3392857142857143,0.0,0.5,0.0,1.0,0.18667689936816792,0.1278419158553053,EN-C,Y6-nonatt,B,11,4,18,4
0.25330179095012073,0.5269607843137255,0.18077538151554684,0.5612745098039216,0.16666666666666666,0.9558823529411765,0.14082425494192136,0.1501620876579721,GBM-C,Y6-nonatt,all,11,4,80,12
0.3216617063492063,0.6712962962962963,0.23939494881986928,0.5972222222222222,0.25,0.9444444444444444,0.11443300114179135,0.12587790300836715,GBM-C,Y6-nonatt,A,11,4,62,8
0.19027777777777777,0.28571428571428575,0.0,0.5,0.0,1.0,0.23172746247570253,0.2598616009175142,GBM-C,Y6-nonatt,B,11,4,18,4
0.11949916164966412,0.3566176470588236,-0.0472631454134277,0.49264705882352944,0.0,0.9852941176470589,0.15830960074381456,0.15758749641671257,MLP-C,Y6-nonatt,all,11,4,80,12
0.11233031891820604,0.3773148148148148,-0.049281418063638185,0.49074074074074076,0.0,0.9814814814814815,0.14440386065761412,0.1502260755220027,MLP-C,Y6-nonatt,A,11,4,62,8
0.2059065934065934,0.35714285714285715,0.0,0.5,0.0,1.0,0.2062071499296161,0.21135282934573618,MLP-C,Y6-nonatt,B,11,4,18,4
0.26250739877854856,0.5563725490196079,0.0,0.5,0.0,1.0,0.13820025382642276,0.1273959033295627,FL-FedAvg,Y6-nonatt,all,11,4,80,12
0.3051552614052614,0.6527777777777778,0.0,0.5,0.0,1.0,0.1262102026873295,0.14633695996012563,FL-FedAvg,Y6-nonatt,A,11,4,62,8
0.28625408496732024,0.39285714285714285,0.0,0.5,0.0,1.0,0.17949931886107728,0.1760529298020812,FL-FedAvg,Y6-nonatt,B,11,4,18,4
0.26747381572159235,0.5551470588235294,-0.0472631454134277,0.49264705882352944,0.0,0.9852941176470589,0.14349507021136576,0.1342101007101738,FL-FedAvg-E,Y6-nonatt,all,11,4,80,12
0.3255407590667846,0.6782407407407408,-0.049281418063638185,0.49074074074074076,0.0,0.9814814814814815,0.1305158278811597,0.16036321101468626,FL-FedAvg-E,Y6-nonatt,A,11,4,62,8
0.2049145299145299,0.3214285714285714,0.0,0.5,0.0,1.0,0.18820134934874203,0.20652794929764356,FL-FedAvg-E,Y6-nonatt,B,11,4,18,4
0.26250739877854856,0.5563725490196079,0.0,0.5,0.0,1.0,0.1384407240012202,0.13807854804826267,FL-FedProx,Y6-nonatt,all,11,4,80,12
0.3051552614052614,0.6527777777777778,0.0,0.5,0.0,1.0,0.12651619849995663,0.1473593633381302,FL-FedProx,Y6-nonatt,A,11,4,62,8
0.28625408496732024,0.39285714285714285,0.0,0.5,0.0,1.0,0.17951408961668372,0.17685342564322515,FL-FedProx,Y6-nonatt,B,11,4,18,4
0.1931417751499489,0.5929951690821256,-0.06635406438349603,0.4855072463768116,0.0,0.9710144927536232,0.13478690583697306,0.08702703028952474,LR-A,Y6-nonatt,all,19,0,81,12
0.19557635329694154,0.6409090909090909,-0.06905795747278488,0.4818181818181818,0.0,0.9636363636363636,0.11834212968891915,0.07499828755642843,LR-A,Y6-nonatt,A,19,0,63,8
0.27976190476190477,0.5178571428571428,0.0,0.5,0.0,1.0,0.1923436223551617,0.13245005884659408,LR-A,Y6-nonatt,B,19,0,18,4
0.1937292190996507,0.5603864734299517,-0.021570969616513433,0.49094202898550726,0.08333333333333333,0.8985507246376812,0.17178222192125395,0.18374733364392543,LR-B,Y6-nonatt,all,19,0,81,12
0.1945151711446407,0.5704545454545454,0.016854996561581053,0.5079545454545454,0.125,0.8909090909090909,0.16048184701502505,0.20729595136701273,LR-B,Y6-nonatt,A,19,0,63,8
0.2875,0.5535714285714286,-0.12964074471043288,0.4642857142857143,0.0,0.9285714285714286,0.21133353409305508,0.21378945013116782,LR-B,Y6-nonatt,B,19,0,18,4
0.21490172384224884,0.5990338164251208,-0.04662524041201569,0.4927536231884058,0.0,0.9855072463768116,0.1315029184121924,0.073666707545065,LR-C,Y6-nonatt,all,19,0,81,12
0.21838137707702926,0.6227272727272727,-0.04843594796964828,0.4909090909090909,0.0,0.9818181818181818,0.11665174832277664,0.04759825882798696,LR-C,Y6-nonatt,A,19,0,63,8
0.3534382284382284,0.625,0.0,0.5,0.0,1.0,0.18348201372514747,0.16817477842948292,LR-C,Y6-nonatt,B,19,0,18,4
0.19682614904313017,0.5978260869565217,0.0,0.5,0.0,1.0,0.12482551402485806,0.026396548371930433,EN-C,Y6-nonatt,all,19,0,81,12
0.19003443872263492,0.6136363636363636,0.0,0.5,0.0,1.0,0.10951330232336189,0.018614299587719988,EN-C,Y6-nonatt,A,19,0,63,8
0.3130952380952381,0.5892857142857143,0.0,0.5,0.0,1.0,0.17841825498009461,0.08303556125626568,EN-C,Y6-nonatt,B,19,0,18,4
0.23696679570745321,0.5301932367149759,0.10223260251369133,0.5271739130434783,0.08333333333333333,0.9710144927536232,0.13593973081597563,0.09680046467938805,GBM-C,Y6-nonatt,all,19,0,81,12
0.23296426288492886,0.5818181818181818,0.1385804656311468,0.5443181818181818,0.125,0.9636363636363636,0.12225767925120717,0.08792376978204205,GBM-C,Y6-nonatt,A,19,0,63,8
0.4091269841269841,0.4107142857142857,0.0,0.5,0.0,1.0,0.18382691129266526,0.19218780513766737,GBM-C,Y6-nonatt,B,19,0,18,4
0.23408333712723797,0.6195652173913044,0.037437973111048836,0.5126811594202898,0.08333333333333333,0.9420289855072463,0.1586040860364287,0.178170736061503,MLP-C,Y6-nonatt,all,19,0,81,12
0.2031580227065293,0.5863636363636364,0.06438763875992323,0.5261363636363636,0.125,0.9272727272727272,0.1574143172186974,0.20556707256059653,MLP-C,Y6-nonatt,A,19,0,63,8
0.5617715617715617,0.6785714285714286,0.0,0.5,0.0,1.0,0.1627682768984883,0.11796274464523096,MLP-C,Y6-nonatt,B,19,0,18,4
0.25137550413203025,0.5966183574879227,0.0,0.5,0.0,1.0,0.1376676147714918,0.11850313610369682,FL-FedAvg,Y6-nonatt,all,19,0,81,12
0.2793923097494526,0.6272727272727272,0.0,0.5,0.0,1.0,0.12747702072848538,0.14352554741695236,FL-FedAvg,Y6-nonatt,A,19,0,63,8
0.30192307692307696,0.5714285714285714,0.0,0.5,0.0,1.0,0.1733346939220142,0.11794380134033097,FL-FedAvg,Y6-nonatt,B,19,0,18,4
0.26696954199963163,0.6111111111111112,0.0,0.5,0.0,1.0,0.13931439128773268,0.12668576862362005,FL-FedAvg-E,Y6-nonatt,all,19,0,81,12
0.31768267651888343,0.6636363636363636,0.0,0.5,0.0,1.0,0.13000333908870418,0.15421792045701482,FL-FedAvg-E,Y6-nonatt,A,19,0,63,8
0.31858766233766234,0.6428571428571428,0.0,0.5,0.0,1.0,0.17190307398433216,0.10434494726011603,FL-FedAvg-E,Y6-nonatt,B,19,0,18,4
0.25137550413203025,0.5966183574879227,0.0,0.5,0.0,1.0,0.13791600782493815,0.11961264503960532,FL-FedProx,Y6-nonatt,all,19,0,81,12
0.2793923097494526,0.6272727272727272,0.0,0.5,0.0,1.0,0.12777251114215252,0.14460498331604058,FL-FedProx,Y6-nonatt,A,19,0,63,8
0.30192307692307696,0.5714285714285714,0.0,0.5,0.0,1.0,0.1734182462146878,0.11736779825809426,FL-FedProx,Y6-nonatt,B,19,0,18,4
0.2297234960854943,0.4922077922077922,-0.04432026302139592,0.4928571428571429,0.0,0.9857142857142858,0.12618877824451422,0.1337220256718618,LR-A,Y6-nonatt,all,19,1,81,11
0.19132933121889217,0.4363636363636364,-0.04843594796964828,0.4909090909090909,0.0,0.9818181818181818,0.1267067714037611,0.17268045403213012,LR-A,Y6-nonatt,A,19,1,63,8
0.6111111111111112,0.6444444444444445,0.0,0.5,0.0,1.0,0.12437580218715014,0.0583681418974578,LR-A,Y6-nonatt,B,19,1,18,3
0.14698780619096735,0.4714285714285714,0.0703280873877382,0.5337662337662338,0.18181818181818182,0.8857142857142857,0.1766749034065947,0.19740851073057752,LR-B,Y6-nonatt,all,19,1,81,11
0.1477528700874289,0.46136363636363636,0.11677484162422844,0.5613636363636363,0.25,0.8727272727272727,0.17912484891414246,0.20973699329856704,LR-B,Y6-nonatt,A,19,1,63,8
0.2550505050505051,0.5555555555555556,-0.10846522890932808,0.4666666666666667,0.0,0.9333333333333333,0.1681000941301776,0.19364780386170072,LR-B,Y6-nonatt,B,19,1,18,3
0.22877206171046247,0.45454545454545453,0.0,0.5,0.0,1.0,0.12633567490873998,0.13299970233607256,LR-C,Y6-nonatt,all,19,1,81,11
0.25782157059673594,0.40454545454545454,0.0,0.5,0.0,1.0,0.12336478801610212,0.16380726804871537,LR-C,Y6-nonatt,A,19,1,63,8
0.3402777777777778,0.6222222222222222,0.0,0.5,0.0,1.0,0.1367337790329724,0.19666131962665692,LR-C,Y6-nonatt,B,19,1,18,3
0.21024798741527018,0.4454545454545455,0.0,0.5,0.0,1.0,0.12182630779201578,0.013748364540764165,EN-C,Y6-nonatt,all,19,1,81,11
0.23758069423230738,0.4272727272727273,0.0,0.5,0.0,1.0,0.1159770858711771,0.028623239006108935,EN-C,Y6-nonatt,A,19,1,63,8
0.21581196581196582,0.5333333333333333,0.0,0.5,0.0,1.0,0.1422985845149512,0.10321222652552581,EN-C,Y6-nonatt,B,19,1,18,3
0.2028563871100057,0.5103896103896104,0.11308055883843511,0.5311688311688312,0.09090909090909091,0.9714285714285714,0.1359370560843899,0.12846960749407083,GBM-C,Y6-nonatt,all,19,1,81,11
0.1557702637854217,0.4909090909090909,-0.06905795747278488,0.4818181818181818,0.0,0.9636363636363636,0.1375462220585857,0.1257197531777268,GBM-C,Y6-nonatt,A,19,1,63,8
0.4699074074074074,0.5555555555555556,0.5423261445466404,0.6666666666666666,0.3333333333333333,1.0,0.13030497517470477,0.18162732302592538,GBM-C,Y6-nonatt,B,19,1,18,3
0.12342379057429857,0.35324675324675325,0.0,0.5,0.0,1.0,0.1479618719020146,0.16901138823663714,MLP-C,Y6-nonatt,all,19,1,81,11
0.11522866430954667,0.3477272727272728,0.0,0.5,0.0,1.0,0.14233446802229777,0.1696615432416964,MLP-C,Y6-nonatt,A,19,1,63,8
0.21794871794871792,0.37777777777777777,0.0,0.5,0.0,1.0,0.16765778548102334,0.19487768892129498,MLP-C,Y6-nonatt,B,19,1,18,3
0.1877904828869835,0.45324675324675323,0.0,0.5,0.0,1.0,0.14054436653619298,0.13420168910562566,FL-FedAvg,Y6-nonatt,all,19,1,81,11
0.17649075968068456,0.3931818181818182,0.0,0.5,0.0,1.0,0.13985355823253,0.14554397827947227,FL-FedAvg,Y6-nonatt,A,19,1,63,8
0.5119047619047619,0.6888888888888889,0.0,0.5,0.0,1.0,0.1429621955990135,0.09450367699716251,FL-FedAvg,Y6-nonatt,B,19,1,18,3
0.1672935147413155,0.4649350649350649,0.0,0.5,0.0,1.0,0.14285835750492032,0.1526460229662589,FL-FedAvg-E,Y6-nonatt,all,19,1,81,11
0.16539562350994988,0.4045454545454546,0.0,0.5,0.0,1.0,0.14265787940234081,0.18036437434198443,FL-FedAvg-E,Y6-nonatt,A,19,1,63,8
0.28535353535353536,0.6666666666666666,0.0,0.5,0.0,1.0,0.14356003086394867,0.10538488237743303,FL-FedAvg-E,Y6-nonatt,B,19,1,18,3
0.1877904828869835,0.45324675324675323,0.0,0.5,0.0,1.0,0.140826097342879,0.13531269579223132,FL-FedProx,Y6-nonatt,all,19,1,81,11
0.17649075968068456,0.3931818181818182,0.0,0.5,0.0,1.0,0.14014755631182807,0.14664780515104936,FL-FedProx,Y6-nonatt,A,19,1,63,8
0.5119047619047619,0.6888888888888889,0.0,0.5,0.0,1.0,0.14320099095155722,0.09563981303636812,FL-FedProx,Y6-nonatt,B,19,1,18,3
0.1296331422280189,0.4519104084321476,-0.044921913946267406,0.4927536231884058,0.0,0.9855072463768116,0.1418266190241515,0.1497152587670176,LR-A,Y6-nonatt,all,19,2,80,11
0.11500254842185573,0.44935064935064933,-0.045677545380765835,0.4909090909090909,0.0,0.9818181818181818,0.1217655032672987,0.12835471180359456,LR-A,Y6-nonatt,A,19,2,62,7
0.25769230769230766,0.48214285714285715,0.0,0.5,0.0,1.0,0.2109260177422001,0.22329047608547478,LR-A,Y6-nonatt,B,19,2,18,4
0.1509416642912113,0.4993412384716732,0.05878415046253472,0.5349143610013175,0.2727272727272727,0.7971014492753623,0.21801821670300198,0.22202108434921106,LR-B,Y6-nonatt,all,19,2,80,11
0.16984144162715592,0.6181818181818182,0.17300859166271382,0.6142857142857143,0.42857142857142855,0.8,0.1918153839407723,0.18972622982069517,LR-B,Y6-nonatt,A,19,2,62,7
0.1892361111111111,0.26785714285714285,-0.23904572186687875,0.39285714285714285,0.0,0.7857142857142857,0.30827241843957087,0.38923090474636046,LR-B,Y6-nonatt,B,19,2,18,4
0.13723475831531834,0.46113306982872193,-0.07881104062391008,0.4782608695652174,0.0,0.9565217391304348,0.14097867723179963,0.10217223606529438,LR-C,Y6-nonatt,all,19,2,80,11
0.1477860758214279,0.5558441558441558,-0.08044560029664659,0.4727272727272727,0.0,0.9454545454545454,0.1177739950639481,0.08511241867131392,LR-C,Y6-nonatt,A,19,2,62,7
0.20064484126984125,0.30357142857142855,0.0,0.5,0.0,1.0,0.22090591580995492,0.21636576116725198,LR-C,Y6-nonatt,B,19,2,18,4
0.14166959060788462,0.5059288537549407,0.0,0.5,0.0,1.0,0.12375581262135209,0.05691530460353803,EN-C,Y6-nonatt,all,19,2,80,11
0.13635166655343872,0.5480519480519481,0.0,0.5,0.0,1.0,0.10550945722120372,0.03944813057278844,EN-C,Y6-nonatt,A,19,2,62,7
0.21569264069264066,0.375,0.0,0.5,0.0,1.0,0.186604370110752,0.12868205085134926,EN-C,Y6-nonatt,B,19,2,18,4
0.17962596683060178,0.5599472990777339,0.08759080505161157,0.5401844532279315,0.18181818181818182,0.8985507246376812,0.15295058154657543,0.16054944116519954,GBM-C,Y6-nonatt,all,19,2,80,11
0.1851556964338919,0.6285714285714286,0.1423443654491667,0.5792207792207792,0.2857142857142857,0.8727272727272727,0.13446707682406828,0.16227360980880293,GBM-C,Y6-nonatt,A,19,2,62,7
0.2701923076923077,0.48214285714285715,0.0,0.5,0.0,1.0,0.21661598670187765,0.23487661434030419,GBM-C,Y6-nonatt,B,19,2,18,4
0.16103093357374815,0.4808959156785243,0.0,0.5,0.0,1.0,0.1459028409311039,0.1557497259764583,MLP-C,Y6-nonatt,all,19,2,80,11
0.13860174539617048,0.48571428571428577,0.0,0.5,0.0,1.0,0.135035872006031,0.1685346203055674,MLP-C,Y6-nonatt,A,19,2,62,7
0.44305555555555554,0.5178571428571428,0.0,0.5,0.0,1.0,0.18333351167302173,0.13123433339628646,MLP-C,Y6-nonatt,B,19,2,18,4
0.15316478931158506,0.5046113306982873,-0.0639351213330643,0.4855072463768116,0.0,0.9710144927536232,0.14348843392309413,0.13243819611249916,FL-FedAvg,Y6-nonatt,all,19,2,80,11
0.169700421003247,0.6,-0.06513389472789297,0.4818181818181818,0.0,0.9636363636363636,0.12961532418559793,0.16052914142367922,FL-FedAvg,Y6-nonatt,A,19,2,62,7
0.19562908496732026,0.3035714285714286,0.0,0.5,0.0,1.0,0.19127358968558103,0.08702919230778038,FL-FedAvg,Y6-nonatt,B,19,2,18,4
0.1544669851289463,0.5111989459815547,-0.07881104062391008,0.4782608695652174,0.0,0.9565217391304348,0.15531335113130423,0.18529939340538634,FL-FedAvg-E,Y6-nonatt,all,19,2,80,11
0.17658088150596474,0.6545454545454545,-0.08044560029664659,0.4727272727272727,0.0,0.9454545454545454,0.14197458214001005,0.1911070245862445,FL-FedAvg-E,Y6-nonatt,A,19,2,62,7
0.18092320261437908,0.23214285714285715,0.0,0.5,0.0,1.0,0.20125799987909535,0.20741444777285223,FL-FedAvg-E,Y6-nonatt,B,19,2,18,4
0.15316478931158506,0.5046113306982873,-0.0639351213330643,0.4855072463768116,0.0,0.9710144927536232,0.14372493534654698,0.13353224815862857,FL-FedProx,Y6-nonatt,all,19,2,80,11
0.169700421003247,0.6,-0.06513389472789297,0.4818181818181818,0.0,0.9636363636363636,0.1299141071738589,0.1616058426160663,FL-FedProx,Y6-nonatt,A,19,2,62,7
0.19562908496732026,0.3035714285714286,0.0,0.5,0.0,1.0,0.19129556571913917,0.08775949593999004,FL-FedProx,Y6-nonatt,B,19,2,18,4
0.2120822027409872,0.6017156862745098,0.0,0.5,0.0,1.0,0.13400986892891806,0.08393146489117038,LR-A,Y6-nonatt,all,19,3,80,12
0.20310944030842404,0.6018518518518519,0.0,0.5,0.0,1.0,0.11746468542619398,0.07359540567549812,LR-A,Y6-nonatt,A,19,3,62,8
0.37083333333333335,0.6071428571428572,0.0,0.5,0.0,1.0,0.19099883432719,0.16367132223758693,LR-A,Y6-nonatt,B,19,3,18,4
0.16166779202707052,0.4791666666666667,-0.05292561240249632,0.4754901960784314,0.08333333333333333,0.8676470588235294,0.1832336366578064,0.167328712319876,LR-B,Y6-nonatt,all,19,3,80,12
0.13475144131051892,0.4699074074074074,-0.11399759467612823,0.4537037037037037,0.0,0.9074074074074074,0.1584534063374478,0.14582780728535139,LR-B,Y6-nonatt,A,19,3,62,8
0.25908119658119655,0.44642857142857145,-0.033149677206589796,0.48214285714285715,0.25,0.7142857142857143,0.2685877633168194,0.2647903788334076,LR-B,Y6-nonatt,B,19,3,18,4
0.2127647857838542,0.5784313725490196,-0.0472631454134277,0.49264705882352944,0.0,0.9852941176470589,0.13206011980702076,0.0842801005531131,LR-C,Y6-nonatt,all,19,3,80,12
0.20454695767195766,0.574074074074074,0.0,0.5,0.0,1.0,0.1149555288599716,0.07865456335350546,LR-C,Y6-nonatt,A,19,3,62,8
0.3380952380952381,0.5714285714285714,-0.12964074471043288,0.4642857142857143,0.0,0.9285714285714286,0.19097593306907892,0.1355823558132165,LR-C,Y6-nonatt,B,19,3,18,4
0.2378959947671915,0.6017156862745098,0.0,0.5,0.0,1.0,0.12562057190056342,0.016283884675796743,EN-C,Y6-nonatt,all,19,3,80,12
0.1666596863511564,0.5532407407407407,0.0,0.5,0.0,1.0,0.1126747458506439,0.02179699232461942,EN-C,Y6-nonatt,A,19,3,62,8
0.5818452380952381,0.7142857142857143,0.0,0.5,0.0,1.0,0.17021175051695292,0.09335002033616277,EN-C,Y6-nonatt,B,19,3,18,4
0.2031672994523395,0.5294117647058824,0.06424925662032356,0.5196078431372549,0.08333333333333333,0.9558823529411765,0.14493589795701442,0.11232438956378867,GBM-C,Y6-nonatt,all,19,3,80,12
0.23314412303382892,0.5810185185185185,0.13742162825753632,0.5439814814814814,0.125,0.9629629629629629,0.11958606958006422,0.07944688768897656,GBM-C,Y6-nonatt,A,19,3,62,8
0.21517857142857144,0.39285714285714285,-0.12964074471043288,0.4642857142857143,0.0,0.9285714285714286,0.2322519734776206,0.2696802863996963,GBM-C,Y6-nonatt,B,19,3,18,4
0.23497870144211608,0.4375,0.2678244906760903,0.5416666666666666,0.08333333333333333,1.0,0.17463313795813057,0.26179973569919684,MLP-C,Y6-nonatt,all,19,3,80,12
0.22740304300213918,0.375,0.33264957192955774,0.5625,0.125,1.0,0.16749926105057872,0.2947767900673802,MLP-C,Y6-nonatt,A,19,3,62,8
0.2826923076923077,0.5,0.0,0.5,0.0,1.0,0.19920538063969792,0.1859936608868547,MLP-C,Y6-nonatt,B,19,3,18,4
0.211727757588254,0.5808823529411764,0.0,0.5,0.0,1.0,0.1367396705386974,0.09888820095904982,FL-FedAvg,Y6-nonatt,all,19,3,80,12
0.17103053623646486,0.5787037037037037,0.0,0.5,0.0,1.0,0.12733476354871148,0.11758035260084908,FL-FedAvg,Y6-nonatt,A,19,3,62,8
0.41666666666666663,0.5892857142857143,0.0,0.5,0.0,1.0,0.16913435017087114,0.1537369945817888,FL-FedAvg,Y6-nonatt,B,19,3,18,4
0.19736710264640805,0.5735294117647058,0.0,0.5,0.0,1.0,0.14170039408175947,0.11703162448606352,FL-FedAvg-E,Y6-nonatt,all,19,3,80,12
0.21375133835041177,0.6087962962962963,0.0,0.5,0.0,1.0,0.12996052369013703,0.13572304868959614,FL-FedAvg-E,Y6-nonatt,A,19,3,62,8
0.2631604506604507,0.5178571428571428,0.0,0.5,0.0,1.0,0.18213772543068135,0.11423264050761885,FL-FedAvg-E,Y6-nonatt,B,19,3,18,4
0.211727757588254,0.5808823529411764,0.0,0.5,0.0,1.0,0.13696679025843334,0.10005093064456866,FL-FedProx,Y6-nonatt,all,19,3,80,12
0.17103053623646486,0.5787037037037037,0.0,0.5,0.0,1.0,0.12760902908888083,0.11875341503512667,FL-FedProx,Y6-nonatt,A,19,3,62,8
0.41666666666666663,0.5892857142857143,0.0,0.5,0.0,1.0,0.16919907873133655,0.15404116605065732,FL-FedProx,Y6-nonatt,B,19,3,18,4
0.2528391790609836,0.6151960784313726,-0.0472631454134277,0.49264705882352944,0.0,0.9852941176470589,0.12863770420089898,0.04995660853862669,LR-A,Y6-nonatt,all,19,4,80,12
0.27973432055749126,0.7013888888888888,-0.049281418063638185,0.49074074074074076,0.0,0.9814814814814815,0.10914650878047147,0.0341929520435187,LR-A,Y6-nonatt,A,19,4,62,8
0.29177807486631013,0.42857142857142855,0.0,0.5,0.0,1.0,0.1957740439823715,0.1645176871443501,LR-A,Y6-nonatt,B,19,4,18,4
0.19474239088938017,0.5061274509803921,0.03850903945341042,0.5220588235294117,0.25,0.7941176470588235,0.22496893890318467,0.2241453759776126,LR-B,Y6-nonatt,all,19,4,80,12
0.2662682247830253,0.5462962962962963,0.1028601641333488,0.5671296296296297,0.375,0.7592592592592593,0.21133624269787388,0.2026276108385301,LR-B,Y6-nonatt,A,19,4,62,8
0.24684343434343434,0.3928571428571428,-0.12964074471043288,0.4642857142857143,0.0,0.9285714285714286,0.2719260036103664,0.29826212256778567,LR-B,Y6-nonatt,B,19,4,18,4
0.25286522235235903,0.5808823529411765,-0.0472631454134277,0.49264705882352944,0.0,0.9852941176470589,0.12805389898656575,0.07922471786454191,LR-C,Y6-nonatt,all,19,4,80,12
0.2937900641025641,0.6643518518518519,-0.049281418063638185,0.49074074074074076,0.0,0.9814814814814815,0.10792923041373112,0.07028617878063152,LR-C,Y6-nonatt,A,19,4,62,8
0.26916006787330315,0.3214285714285714,0.0,0.5,0.0,1.0,0.19737220184855161,0.20963515688796025,LR-C,Y6-nonatt,B,19,4,18,4
0.1806615334193416,0.5477941176470588,0.0,0.5,0.0,1.0,0.12823611374086155,0.04774161875319295,EN-C,Y6-nonatt,all,19,4,80,12
0.18063502061663828,0.6226851851851852,0.0,0.5,0.0,1.0,0.11096876690864864,0.022404355016686153,EN-C,Y6-nonatt,A,19,4,62,8
0.25153186274509803,0.4107142857142857,0.0,0.5,0.0,1.0,0.18771253060737272,0.13501441606782746,EN-C,Y6-nonatt,B,19,4,18,4
0.22670150728993715,0.6029411764705882,0.013290870380481665,0.5049019607843137,0.08333333333333333,0.9264705882352942,0.14708212949909452,0.11751991520170263,GBM-C,Y6-nonatt,all,19,4,80,12
0.21623414667769508,0.6851851851851852,-0.11399759467612823,0.4537037037037037,0.0,0.9074074074074074,0.13307731581755256,0.10261170995875125,GBM-C,Y6-nonatt,A,19,4,62,8
0.4188034188034188,0.4464285714285714,0.4537426064865151,0.625,0.25,1.0,0.1953209321799614,0.24934547004856142,GBM-C,Y6-nonatt,B,19,4,18,4
0.4123241041143191,0.6323529411764706,0.0,0.5,0.0,1.0,0.13111452051554706,0.09848280196096887,MLP-C,Y6-nonatt,all,19,4,80,12
0.5057383040935672,0.6875,0.0,0.5,0.0,1.0,0.11839293048709242,0.1332562033521138,MLP-C,Y6-nonatt,A,19,4,62,8
0.3541666666666667,0.5714285714285714,0.0,0.5,0.0,1.0,0.17493333061355748,0.053744713179232594,MLP-C,Y6-nonatt,B,19,4,18,4
0.2568688555714592,0.6176470588235294,0.0,0.5,0.0,1.0,0.13528640512364082,0.1078794341897688,FL-FedAvg,Y6-nonatt,all,19,4,80,12
0.3156902161449375,0.7268518518518519,0.0,0.5,0.0,1.0,0.12147246287659387,0.12623261302819488,FL-FedAvg,Y6-nonatt,A,19,4,62,8
0.24458741830065356,0.375,0.0,0.5,0.0,1.0,0.18286776175235814,0.11097934584231571,FL-FedAvg,Y6-nonatt,B,19,4,18,4
0.28360777173896445,0.5563725490196079,0.2678244906760903,0.5416666666666666,0.08333333333333333,1.0,0.14252742937351282,0.15458108172055582,FL-FedAvg-E,Y6-nonatt,all,19,4,80,12
0.35532697798655244,0.650462962962963,0.33264957192955774,0.5625,0.125,1.0,0.1277712381876787,0.16347107634659516,FL-FedAvg-E,Y6-nonatt,A,19,4,62,8
0.2806985294117647,0.375,0.0,0.5,0.0,1.0,0.19335431012471924,0.21570835702850188,FL-FedAvg-E,Y6-nonatt,B,19,4,18,4
0.2568688555714592,0.6176470588235294,0.0,0.5,0.0,1.0,0.13553203779475403,0.10631397544088002,FL-FedProx,Y6-nonatt,all,19,4,80,12
0.3156902161449375,0.7268518518518519,0.0,0.5,0.0,1.0,0.121779620986441,0.12738345616708086,FL-FedProx,Y6-nonatt,A,19,4,62,8
0.24458741830065356,0.375,0.0,0.5,0.0,1.0,0.18290147346783234,0.11158770728449871,FL-FedProx,Y6-nonatt,B,19,4,18,4
0.33406743023365343,0.5,0.38153587020510216,0.5833333333333334,0.16666666666666666,1.0,0.12610400728761775,0.13456376697295613,LR-A,Y6-nonatt,all,23,0,81,12
0.4221734951095416,0.5795454545454546,0.4747734576253961,0.625,0.25,1.0,0.101895918434702,0.10347707908251282,LR-A,Y6-nonatt,A,23,0,63,8
0.19593253968253968,0.3035714285714286,0.0,0.5,0.0,1.0,0.210832318272823,0.24336717458950782,LR-A,Y6-nonatt,B,23,0,18,4
0.201028326008465,0.6207729468599034,0.05495893876188637,0.5307971014492754,0.25,0.8115942028985508,0.20203624514126298,0.1719384539214329,LR-B,Y6-nonatt,all,23,0,81,12
0.21773377694430324,0.675,0.15894098830143774,0.5965909090909092,0.375,0.8181818181818182,0.17767171358794265,0.162008353658665,LR-B,Y6-nonatt,A,23,0,63,8
0.25054945054945055,0.48214285714285715,-0.23904572186687875,0.39285714285714285,0.0,0.7857142857142857,0.2873121055778843,0.2991004683435799,LR-B,Y6-nonatt,B,23,0,18,4
0.2505063485188971,0.5881642512077294,-0.06635406438349603,0.4855072463768116,0.0,0.9710144927536232,0.1279218349518145,0.0917781075632409,LR-C,Y6-nonatt,all,23,0,81,12
0.3415724038477569,0.7159090909090909,-0.06905795747278488,0.4818181818181818,0.0,0.9636363636363636,0.10400276085448239,0.10452736689484286,LR-C,Y6-nonatt,A,23,0,63,8
0.18284950343773873,0.24999999999999997,0.0,0.5,0.0,1.0,0.21163859429247686,0.1358089437928143,LR-C,Y6-nonatt,B,23,0,18,4
0.18333577573382537,0.5120772946859903,0.0,0.5,0.0,1.0,0.12825260921152679,0.02683247814880202,EN-C,Y6-nonatt,all,23,0,81,12
0.2194520482446179,0.6454545454545455,0.0,0.5,0.0,1.0,0.10890660242564171,0.023728862306992074,EN-C,Y6-nonatt,A,23,0,63,8
0.190892094017094,0.25,0.0,0.5,0.0,1.0,0.1959636329621245,0.18482332004422308,EN-C,Y6-nonatt,B,23,0,18,4
0.1883619118863585,0.5422705314009661,-0.004580798689736381,0.49818840579710144,0.08333333333333333,0.9130434782608695,0.15899591372931182,0.15433436482823232,GBM-C,Y6-nonatt,all,23,0,81,12
0.24279128442174616,0.6136363636363636,0.0962009485200012,0.5352272727272727,0.125,0.9454545454545454,0.12021625715829434,0.10340490867436603,GBM-C,Y6-nonatt,A,23,0,63,8
0.2371031746031746,0.42857142857142855,-0.23904572186687875,0.39285714285714285,0.0,0.7857142857142857,0.294724711727873,0.3325874613667643,GBM-C,Y6-nonatt,B,23,0,18,4
0.26015701934949104,0.6111111111111112,0.10223260251369133,0.5271739130434783,0.08333333333333333,0.9710144927536232,0.17702789061216426,0.23699255068771807,MLP-C,Y6-nonatt,all,23,0,81,12
0.16609776793600323,0.525,-0.06905795747278488,0.4818181818181818,0.0,0.9636363636363636,0.17802990128917776,0.2652898789768599,MLP-C,Y6-nonatt,A,23,0,63,8
0.69375,0.8035714285714285,0.4537426064865151,0.625,0.25,1.0,0.17352085324261704,0.21137075299297187,MLP-C,Y6-nonatt,B,23,0,18,4
0.22293429798994885,0.5664251207729469,0.0,0.5,0.0,1.0,0.13917503832609118,0.11239931268794506,FL-FedAvg,Y6-nonatt,all,23,0,81,12
0.29226022479698954,0.6954545454545454,0.0,0.5,0.0,1.0,0.12328237255498423,0.14283680002472865,FL-FedAvg,Y6-nonatt,A,23,0,63,8
0.18697038255861786,0.2678571428571428,0.0,0.5,0.0,1.0,0.19479936852496554,0.08581567983914382,FL-FedAvg,Y6-nonatt,B,23,0,18,4
0.23618015404107418,0.6557971014492754,-0.08178608201095307,0.4782608695652174,0.0,0.9565217391304348,0.1443361196417144,0.13401734443186286,FL-FedAvg-E,Y6-nonatt,all,23,0,81,12
0.30382226420532876,0.7977272727272726,-0.06905795747278488,0.4818181818181818,0.0,0.9636363636363636,0.12818535834898728,0.15747163468212003,FL-FedAvg-E,Y6-nonatt,A,23,0,63,8
0.20136113886113888,0.3392857142857143,-0.12964074471043288,0.4642857142857143,0.0,0.9285714285714286,0.20086378416625938,0.16411504021675852,FL-FedAvg-E,Y6-nonatt,B,23,0,18,4
0.22293429798994885,0.5664251207729469,0.0,0.5,0.0,1.0,0.1394271894907086,0.11351058703253489,FL-FedProx,Y6-nonatt,all,23,0,81,12
0.29226022479698954,0.6954545454545454,0.0,0.5,0.0,1.0,0.12360043731087327,0.14388732276111701,FL-FedProx,Y6-nonatt,A,23,0,63,8
0.18697038255861786,0.2678571428571428,0.0,0.5,0.0,1.0,0.19482082212013221,0.08498944901812022,FL-FedProx,Y6-nonatt,B,23,0,18,4
0.2545121534143691,0.6428571428571428,0.0,0.5,0.0,1.0,0.11448783036699771,0.030547108504944694,LR-A,Y6-nonatt,all,23,1,81,11
0.3057805918469337,0.7522727272727272,0.0,0.5,0.0,1.0,0.10200876890371033,0.03377056711003919,LR-A,Y6-nonatt,A,23,1,63,8
0.15643939393939393,0.3111111111111111,0.0,0.5,0.0,1.0,0.15816454548850362,0.19180990179937035,LR-A,Y6-nonatt,B,23,1,18,3
0.16074431209157258,0.44675324675324674,0.03757168942720642,0.5194805194805194,0.18181818181818182,0.8571428571428571,0.18190634943427772,0.20967498591314992,LR-B,Y6-nonatt,all,23,1,81,11
0.18341566818387608,0.5409090909090909,0.07574591984924343,0.5431818181818182,0.25,0.8363636363636363,0.17845026246733967,0.2132954326352306,LR-B,Y6-nonatt,A,23,1,63,8
0.136437908496732,0.17777777777777776,-0.10846522890932808,0.4666666666666667,0.0,0.9333333333333333,0.19400265381856102,0.19700342238586757,LR-B,Y6-nonatt,B,23,1,18,3
0.28888912089493596,0.5961038961038961,-0.04432026302139592,0.4928571428571429,0.0,0.9857142857142858,0.11544402199064521,0.05841614349781797,LR-C,Y6-nonatt,all,23,1,81,11
0.3485094168283824,0.7136363636363636,-0.04843594796964828,0.4909090909090909,0.0,0.9818181818181818,0.102802015828321,0.054988913137784215,LR-C,Y6-nonatt,A,23,1,63,8
0.14493464052287583,0.2444444444444444,0.0,0.5,0.0,1.0,0.1596910435587801,0.12972627545997795,LR-C,Y6-nonatt,B,23,1,18,3
0.26732099619673005,0.6168831168831169,0.0,0.5,0.0,1.0,0.11527361800536598,0.038082397625951364,EN-C,Y6-nonatt,all,23,1,81,11
0.3242583416216728,0.7318181818181818,0.0,0.5,0.0,1.0,0.10612638636273665,0.050060999553311766,EN-C,Y6-nonatt,A,23,1,63,8
0.15555555555555556,0.26666666666666666,0.0,0.5,0.0,1.0,0.14728892875456878,0.07918610130575447,EN-C,Y6-nonatt,B,23,1,18,3
0.17670086196226534,0.4740259740259741,0.11308055883843511,0.5311688311688312,0.09090909090909091,0.9714285714285714,0.13906039421496838,0.14732477328404778,GBM-C,Y6-nonatt,all,23,1,81,11
0.22718448218448214,0.6068181818181818,0.1385804656311468,0.5443181818181818,0.125,0.9636363636363636,0.12283632153219147,0.13077762725521636,GBM-C,Y6-nonatt,A,23,1,63,8
0.12254901960784313,0.0888888888888889,0.0,0.5,0.0,1.0,0.19584464860468734,0.23060642365772027,GBM-C,Y6-nonatt,B,23,1,18,3
0.14364391105372393,0.47922077922077927,-0.13122932229252046,0.44285714285714284,0.0,0.8857142857142857,0.20117800548488787,0.2721602189103193,MLP-C,Y6-nonatt,all,23,1,81,11
0.1483862837476705,0.5136363636363637,-0.14545454545454545,0.42727272727272725,0.0,0.8545454545454545,0.20190301575824918,0.28906165054149735,MLP-C,Y6-nonatt,A,23,1,63,8
0.17498514557338088,0.37777777777777777,0.0,0.5,0.0,1.0,0.19864046952812345,0.24037764573163706,MLP-C,Y6-nonatt,B,23,1,18,3
0.29481368380034867,0.6077922077922079,-0.04432026302139592,0.4928571428571429,0.0,0.9857142857142858,0.13233861511407582,0.14551078944106072,FL-FedAvg,Y6-nonatt,all,23,1,81,11
0.3541410728910729,0.7159090909090909,-0.04843594796964828,0.4909090909090909,0.0,0.9818181818181818,0.12487943023270237,0.16329277897436284,FL-FedAvg,Y6-nonatt,A,23,1,63,8
0.1588235294117647,0.28888888888888886,0.0,0.5,0.0,1.0,0.15844576219888296,0.13981088884145734,FL-FedAvg,Y6-nonatt,B,23,1,18,3
0.2511577455476977,0.5909090909090908,-0.04432026302139592,0.4928571428571429,0.0,0.9857142857142858,0.14016840151196377,0.17490330927582867,FL-FedAvg-E,Y6-nonatt,all,23,1,81,11
0.2929789008261257,0.7022727272727273,-0.04843594796964828,0.4909090909090909,0.0,0.9818181818181818,0.13392642686203132,0.1749914641572299,FL-FedAvg-E,Y6-nonatt,A,23,1,63,8
0.16715686274509806,0.28888888888888886,0.0,0.5,0.0,1.0,0.16201531278672715,0.252382311591522,FL-FedAvg-E,Y6-nonatt,B,23,1,18,3
0.2954312965461079,0.6103896103896104,-0.04432026302139592,0.4928571428571429,0.0,0.9857142857142858,0.13263119719929758,0.14661470531190274,FL-FedProx,Y6-nonatt,all,23,1,81,11
0.3551880005005005,0.7204545454545455,-0.04843594796964828,0.4909090909090909,0.0,0.9818181818181818,0.12521245128554648,0.1643764651216021,FL-FedProx,Y6-nonatt,A,23,1,63,8
0.1588235294117647,0.28888888888888886,0.0,0.5,0.0,1.0,0.1585968078974265,0.1405491739485218,FL-FedProx,Y6-nonatt,B,23,1,18,3
0.16403207573390066,0.5718050065876152,0.0,0.5,0.0,1.0,0.12776904073433798,0.10182170462291712,LR-A,Y6-nonatt,all,23,2,80,11
0.14517759673039177,0.5558441558441558,0.0,0.5,0.0,1.0,0.11112400270863594,0.10124227126749838,LR-A,Y6-nonatt,A,23,2,62,7
0.36964285714285716,0.7142857142857142,0.0,0.5,0.0,1.0,0.18510194948953387,0.1539556955160675,LR-A,Y6-nonatt,B,23,2,18,4
0.10842304559951893,0.3451910408432147,-0.15942028985507245,0.42028985507246375,0.0,0.8405797101449275,0.21348596624254546,0.2535264206765397,LR-B,Y6-nonatt,all,23,2,80,11
0.09329244165853218,0.34285714285714286,-0.15644655469368596,0.4090909090909091,0.0,0.8181818181818182,0.205696293543827,0.24854200713281077,LR-B,Y6-nonatt,A,23,2,62,7
0.21854575163398693,0.3928571428571428,-0.12964074471043288,0.4642857142857143,0.0,0.9285714285714286,0.24031706109368653,0.29022841185349746,LR-B,Y6-nonatt,B,23,2,18,4
0.13402412998933377,0.4782608695652174,0.0,0.5,0.0,1.0,0.12953071619978251,0.09136723009075302,LR-C,Y6-nonatt,all,23,2,80,11
0.11521462028771168,0.4675324675324675,0.0,0.5,0.0,1.0,0.11203001563179082,0.09854311761564064,LR-C,Y6-nonatt,A,23,2,62,7
0.24873737373737373,0.4642857142857143,0.0,0.5,0.0,1.0,0.18981090704508707,0.11245980408667952,LR-C,Y6-nonatt,B,23,2,18,4
0.12073198185337371,0.41765480895915685,0.0,0.5,0.0,1.0,0.1262735212214015,0.059817951042725415,EN-C,Y6-nonatt,all,23,2,80,11
0.10561206297853952,0.4285714285714286,0.0,0.5,0.0,1.0,0.10828389474061673,0.07476655529363924,EN-C,Y6-nonatt,A,23,2,62,7
0.24365079365079362,0.4464285714285714,0.0,0.5,0.0,1.0,0.18823779021077117,0.09071072828313542,EN-C,Y6-nonatt,B,23,2,18,4
0.1580612373239253,0.4782608695652174,0.02411657681474407,0.5092226613965745,0.09090909090909091,0.927536231884058,0.1549893970698528,0.17525496374840135,GBM-C,Y6-nonatt,all,23,2,80,11
0.18236842105263157,0.5844155844155844,0.11376392303190627,0.5441558441558442,0.14285714285714285,0.9454545454545454,0.12415412259158815,0.14398025980751325,GBM-C,Y6-nonatt,A,23,2,62,7
0.19366883116883116,0.3035714285714286,-0.1889822365046136,0.42857142857142855,0.0,0.8571428571428571,0.261199786939431,0.31691835789277967,GBM-C,Y6-nonatt,B,23,2,18,4
0.14764231251756424,0.4492753623188405,0.02411657681474407,0.5092226613965745,0.09090909090909091,0.927536231884058,0.18888283074661785,0.24226114070833085,MLP-C,Y6-nonatt,all,23,2,80,11
0.14592581066723886,0.4727272727272727,0.055607067440108786,0.525974025974026,0.14285714285714285,0.9090909090909091,0.18706687329842672,0.2780736171347645,MLP-C,Y6-nonatt,A,23,2,62,7
0.24999999999999997,0.48214285714285715,0.0,0.5,0.0,1.0,0.19513779529038733,0.11890705523950403,MLP-C,Y6-nonatt,B,23,2,18,4
0.12603589459042547,0.4479578392621871,0.0,0.5,0.0,1.0,0.13998964544017425,0.11803466354886394,FL-FedAvg,Y6-nonatt,all,23,2,80,11
0.11019195390408085,0.4493506493506494,0.0,0.5,0.0,1.0,0.12852039566134058,0.14437303172087035,FL-FedAvg,Y6-nonatt,A,23,2,62,7
0.2361111111111111,0.4285714285714286,0.0,0.5,0.0,1.0,0.1794948391228236,0.09761502557522012,FL-FedAvg,Y6-nonatt,B,23,2,18,4
0.11815416184661377,0.37549407114624506,-0.0639351213330643,0.4855072463768116,0.0,0.9710144927536232,0.15145173045674593,0.1346865487417795,FL-FedAvg-E,Y6-nonatt,all,23,2,80,11
0.10963412573282053,0.4051948051948052,-0.06513389472789297,0.4818181818181818,0.0,0.9636363636363636,0.1400865666155113,0.16583740848887796,FL-FedAvg-E,Y6-nonatt,A,23,2,62,7
0.20376984126984127,0.33928571428571425,0.0,0.5,0.0,1.0,0.19059840590988736,0.1210576469133141,FL-FedAvg-E,Y6-nonatt,B,23,2,18,4
0.12603589459042547,0.4479578392621871,0.0,0.5,0.0,1.0,0.14022592908276782,0.11917834056275488,FL-FedProx,Y6-nonatt,all,23,2,80,11
0.11019195390408085,0.4493506493506494,0.0,0.5,0.0,1.0,0.12881171073020103,0.1455023466630338,FL-FedProx,Y6-nonatt,A,23,2,62,7
0.2361111111111111,0.4285714285714286,0.0,0.5,0.0,1.0,0.17954157007494226,0.09851941520904886,FL-FedProx,Y6-nonatt,B,23,2,18,4
0.16828553546819122,0.47181372549019607,-0.08291849892341731,0.47794117647058826,0.0,0.9558823529411765,0.1479341361519118,0.10122838688404158,LR-A,Y6-nonatt,all,23,3,80,12
0.13356238229609435,0.3888888888888889,-0.08679260732054925,0.4722222222222222,0.0,0.9444444444444444,0.13869829380620408,0.1141761944741681,LR-A,Y6-nonatt,A,23,3,62,8
0.4520833333333333,0.6785714285714286,0.0,0.5,0.0,1.0,0.17974648200934956,0.15307849487770855,LR-A,Y6-nonatt,B,23,3,18,4
0.1339360314248769,0.4362745098039216,-0.16772892513626184,0.41911764705882354,0.0,0.8382352941176471,0.20711035156313845,0.21062434173287636,LR-B,Y6-nonatt,all,23,3,80,12
0.13101834731490264,0.4861111111111111,-0.14814814814814814,0.42592592592592593,0.0,0.8518518518518519,0.177933605488457,0.1540067979352987,LR-B,Y6-nonatt,A,23,3,62,8
0.186525974025974,0.26785714285714285,-0.23904572186687875,0.39285714285714285,0.0,0.7857142857142857,0.30760803248704144,0.42203397852917973,LR-B,Y6-nonatt,B,23,3,18,4
0.1724680484522913,0.47671568627450983,0.0,0.5,0.0,1.0,0.1403401699982631,0.111209697214703,LR-C,Y6-nonatt,all,23,3,80,12
0.1416777517225909,0.3935185185185185,0.0,0.5,0.0,1.0,0.12740603662248895,0.13194548387258517,LR-C,Y6-nonatt,A,23,3,62,8
0.30714285714285716,0.5892857142857143,0.0,0.5,0.0,1.0,0.18489107384815182,0.2442981369860186,LR-C,Y6-nonatt,B,23,3,18,4
0.16924467874597982,0.5,0.0,0.5,0.0,1.0,0.13017350700370198,0.04368398594370067,EN-C,Y6-nonatt,all,23,3,80,12
0.14816055722239937,0.462962962962963,0.0,0.5,0.0,1.0,0.11595050807646068,0.05923427130715115,EN-C,Y6-nonatt,A,23,3,62,8
0.26715686274509803,0.5,0.0,0.5,0.0,1.0,0.17916383664197752,0.14513868314226896,EN-C,Y6-nonatt,B,23,3,18,4
0.25758926244298586,0.6090686274509804,0.06424925662032356,0.5196078431372549,0.08333333333333333,0.9558823529411765,0.13524891658064372,0.11123037853340083,GBM-C,Y6-nonatt,all,23,3,80,12
0.2872998753714888,0.6157407407407408,0.13742162825753632,0.5439814814814814,0.125,0.9629629629629629,0.11626738546890351,0.11591044434750947,GBM-C,Y6-nonatt,A,23,3,62,8
0.28525641025641024,0.5357142857142857,-0.12964074471043288,0.4642857142857143,0.0,0.9285714285714286,0.2006297459655267,0.1355607558668861,GBM-C,Y6-nonatt,B,23,3,18,4
0.20216536922824618,0.6311274509803921,0.0,0.5,0.0,1.0,0.1664933987923341,0.20615658464612063,MLP-C,Y6-nonatt,all,23,3,80,12
0.15031940676757752,0.5578703703703705,0.0,0.5,0.0,1.0,0.16547885713350696,0.22638771023024584,MLP-C,Y6-nonatt,A,23,3,62,8
0.6147186147186148,0.7857142857142857,0.0,0.5,0.0,1.0,0.16998793117273864,0.13647159652302254,MLP-C,Y6-nonatt,B,23,3,18,4
0.17070581709177546,0.48284313725490197,0.0,0.5,0.0,1.0,0.14633999984827528,0.12650023222821946,FL-FedAvg,Y6-nonatt,all,23,3,80,12
0.1325065127679488,0.40046296296296297,0.0,0.5,0.0,1.0,0.13886193104451353,0.139039669313701,FL-FedAvg,Y6-nonatt,A,23,3,62,8
0.36874999999999997,0.625,0.0,0.5,0.0,1.0,0.17209779239456582,0.08330883782267212,FL-FedAvg,Y6-nonatt,B,23,3,18,4
0.14238036422414752,0.446078431372549,0.0,0.5,0.0,1.0,0.15122608749553357,0.12153202832325191,FL-FedAvg-E,Y6-nonatt,all,23,3,80,12
0.1335510642021553,0.4236111111111111,0.0,0.5,0.0,1.0,0.14174868785854805,0.1409131805273775,FL-FedAvg-E,Y6-nonatt,A,23,3,62,8
0.2279040404040404,0.4285714285714286,0.0,0.5,0.0,1.0,0.18387046402292803,0.13223057734230642,FL-FedAvg-E,Y6-nonatt,B,23,3,18,4
0.1711342081451665,0.482843137254902,0.0,0.5,0.0,1.0,0.1465715642565312,0.12716512263279595,FL-FedProx,Y6-nonatt,all,23,3,80,12
0.13182716494186184,0.39814814814814814,0.0,0.5,0.0,1.0,0.1391278009407737,0.13975020086984433,FL-FedProx,Y6-nonatt,A,23,3,62,8
0.36874999999999997,0.625,0.0,0.5,0.0,1.0,0.17221119345525152,0.08381651981629598,FL-FedProx,Y6-nonatt,B,23,3,18,4
0.15607603886016566,0.5171568627450981,-0.06726727939963124,0.4852941176470588,0.0,0.9705882352941176,0.15409008740606714,0.12819876210445091,LR-A,Y6-nonatt,all,23,4,80,12
0.13178513641734066,0.4930555555555556,-0.07027283689263066,0.48148148148148145,0.0,0.9629629629629629,0.14438925744650946,0.1404587211961585,LR-A,Y6-nonatt,A,23,4,62,8
0.35049019607843135,0.5714285714285714,0.0,0.5,0.0,1.0,0.18750405726676578,0.1698676555420276,LR-A,Y6-nonatt,B,23,4,18,4
0.13114333011925194,0.36029411764705876,-0.17105970327040054,0.39460784313725494,0.08333333333333333,0.7058823529411765,0.24604929265410963,0.27857120482984643,LR-B,Y6-nonatt,all,23,4,80,12
0.13783439139339537,0.3541666666666667,-0.12872388205639182,0.41435185185185186,0.125,0.7037037037037037,0.23725349299806925,0.2861929669763544,LR-B,Y6-nonatt,A,23,4,62,8
0.24516594516594514,0.44642857142857145,-0.2857142857142857,0.35714285714285715,0.0,0.7142857142857143,0.27634593591380435,0.32409865167052687,LR-B,Y6-nonatt,B,23,4,18,4
0.1407853619044456,0.4595588235294118,-0.06726727939963124,0.4852941176470588,0.0,0.9705882352941176,0.14991590328431847,0.10278278973300672,LR-C,Y6-nonatt,all,23,4,80,12
0.11095391394624132,0.3888888888888889,-0.07027283689263066,0.48148148148148145,0.0,0.9629629629629629,0.1401100024290078,0.10289782296452268,LR-C,Y6-nonatt,A,23,4,62,8
0.38541666666666663,0.6428571428571428,0.0,0.5,0.0,1.0,0.18369178400816652,0.1383903118391701,LR-C,Y6-nonatt,B,23,4,18,4
0.15223256643140287,0.491421568627451,0.0,0.5,0.0,1.0,0.130582322800688,0.06772837093778855,EN-C,Y6-nonatt,all,23,4,80,12
0.14816904007941745,0.5231481481481481,0.0,0.5,0.0,1.0,0.11472745370351725,0.05164326884582619,EN-C,Y6-nonatt,A,23,4,62,8
0.2583333333333333,0.5,0.0,0.5,0.0,1.0,0.18519353857983167,0.12313261147676981,EN-C,Y6-nonatt,B,23,4,18,4
0.3065778671267577,0.5661764705882353,0.14619957418529833,0.553921568627451,0.16666666666666666,0.9411764705882353,0.1439594413705693,0.14446780988445837,GBM-C,Y6-nonatt,all,23,4,80,12
0.3476153188975653,0.5601851851851852,0.23939494881986928,0.5972222222222222,0.25,0.9444444444444444,0.12533914113198893,0.1463152206940158,GBM-C,Y6-nonatt,A,23,4,62,8
0.3742997198879552,0.6071428571428572,-0.12964074471043288,0.4642857142857143,0.0,0.9285714285714286,0.208096031081235,0.22072512928987367,GBM-C,Y6-nonatt,B,23,4,18,4
0.3330503990307912,0.49264705882352944,0.0,0.5,0.0,1.0,0.16791397686951112,0.19276972073160673,MLP-C,Y6-nonatt,all,23,4,80,12
0.12925585359795885,0.375,0.0,0.5,0.0,1.0,0.16388776546638145,0.21355886103558785,MLP-C,Y6-nonatt,A,23,4,62,8
0.7463235294117647,0.75,0.0,0.5,0.0,1.0,0.1817820383691801,0.1732764989655082,MLP-C,Y6-nonatt,B,23,4,18,4
0.1602073399331226,0.5220588235294118,0.0,0.5,0.0,1.0,0.14294165381099133,0.11192718175262305,FL-FedAvg,Y6-nonatt,all,23,4,80,12
0.1468386203454989,0.537037037037037,0.0,0.5,0.0,1.0,0.1327579322782515,0.1336502685461821,FL-FedAvg,Y6-nonatt,A,23,4,62,8
0.275,0.4821428571428572,0.0,0.5,0.0,1.0,0.17801891686820626,0.08435992057994351,FL-FedAvg,Y6-nonatt,B,23,4,18,4
0.13092653078181377,0.41421568627450983,0.0,0.5,0.0,1.0,0.15480056568163864,0.1351088409877964,FL-FedAvg-E,Y6-nonatt,all,23,4,80,12
0.11974334746941129,0.4120370370370371,0.0,0.5,0.0,1.0,0.14551279231266676,0.15887576988637403,FL-FedAvg-E,Y6-nonatt,A,23,4,62,8
0.26240079365079366,0.4821428571428571,0.0,0.5,0.0,1.0,0.18679178506365293,0.08604377142551878,FL-FedAvg-E,Y6-nonatt,B,23,4,18,4
0.160604165329948,0.5232843137254902,0.0,0.5,0.0,1.0,0.1431571033698869,0.11306592504550801,FL-FedProx,Y6-nonatt,all,23,4,80,12
0.14749999600687458,0.5393518518518519,0.0,0.5,0.0,1.0,0.13301156024832653,0.13477912505581988,FL-FedProx,Y6-nonatt,A,23,4,62,8
0.275,0.4821428571428572,0.0,0.5,0.0,1.0,0.17810286301081713,0.06137573469124654,FL-FedProx,Y6-nonatt,B,23,4,18,4
0.19609620054216834,0.6219806763285024,-0.06635406438349603,0.4855072463768116,0.0,0.9710144927536232,0.13740731488729613,0.09347068500085,LR-A,Y6-nonatt,all,37,0,81,12
0.20534791171355513,0.675,-0.06905795747278488,0.4818181818181818,0.0,0.9636363636363636,0.11986520739014324,0.07544052224941383,LR-A,Y6-nonatt,A,37,0,63,8
0.23472222222222222,0.4464285714285714,0.0,0.5,0.0,1.0,0.19880469112733123,0.1565762546308765,LR-A,Y6-nonatt,B,37,0,18,4
0.20322271778025683,0.49516908212560384,0.11956521739130435,0.5597826086956521,0.25,0.8695652173913043,0.17865360747248094,0.17810525978140734,LR-B,Y6-nonatt,all,37,0,81,12
0.18960400964405538,0.4954545454545454,0.09525626715469696,0.5522727272727272,0.25,0.8545454545454545,0.17182654915400417,0.18778125671852536,LR-B,Y6-nonatt,A,37,0,63,8
0.42435897435897435,0.48214285714285715,0.236227795630767,0.5892857142857143,0.25,0.9285714285714286,0.20254831158714948,0.21744869441313133,LR-B,Y6-nonatt,B,37,0,18,4
0.20652056402735752,0.5966183574879227,-0.04662524041201569,0.4927536231884058,0.0,0.9855072463768116,0.13189851578982328,0.06968971113444587,LR-C,Y6-nonatt,all,37,0,81,12
0.20317606209150327,0.634090909090909,-0.04843594796964828,0.4909090909090909,0.0,0.9818181818181818,0.11593939047533418,0.08467725112900112,LR-C,Y6-nonatt,A,37,0,63,8
0.2603386809269162,0.44642857142857145,0.0,0.5,0.0,1.0,0.1877554543905352,0.1323767769069888,LR-C,Y6-nonatt,B,37,0,18,4
0.2179125617739271,0.5772946859903382,0.0,0.5,0.0,1.0,0.12509961387830423,0.04204401440166435,EN-C,Y6-nonatt,all,37,0,81,12
0.25321120565685784,0.6727272727272727,0.0,0.5,0.0,1.0,0.1079071112124982,0.025704485793034408,EN-C,Y6-nonatt,A,37,0,63,8
0.20049019607843138,0.3035714285714286,0.0,0.5,0.0,1.0,0.18527337320862539,0.1006272787258127,EN-C,Y6-nonatt,B,37,0,18,4
0.27703422968235536,0.6147342995169082,-0.050865142353824506,0.47644927536231885,0.08333333333333333,0.8695652173913043,0.15241054102004067,0.1555356973360736,GBM-C,Y6-nonatt,all,37,0,81,12
0.36482199352536515,0.7545454545454545,0.016854996561581053,0.5079545454545454,0.125,0.8909090909090909,0.12221663694106512,0.1385675783682034,GBM-C,Y6-nonatt,A,37,0,63,8
0.18541666666666665,0.2678571428571429,-0.23904572186687875,0.39285714285714285,0.0,0.7857142857142857,0.2580892052964552,0.2647102383882427,GBM-C,Y6-nonatt,B,37,0,18,4
0.16476180982016142,0.47342995169082125,0.0,0.5,0.0,1.0,0.15685714984816118,0.15449271193582004,MLP-C,Y6-nonatt,all,37,0,81,12
0.1303297256381812,0.4227272727272727,0.0,0.5,0.0,1.0,0.15125621721291646,0.18045025214191332,MLP-C,Y6-nonatt,A,37,0,63,8
0.48484848484848486,0.6071428571428571,0.0,0.5,0.0,1.0,0.1764604140715176,0.10068121869530389,MLP-C,Y6-nonatt,B,37,0,18,4
0.2188424598164732,0.5905797101449275,-0.04662524041201569,0.4927536231884058,0.0,0.9855072463768116,0.1382492285976198,0.11740157887991998,FL-FedAvg,Y6-nonatt,all,37,0,81,12
0.25022247074598414,0.6568181818181817,-0.04843594796964828,0.4909090909090909,0.0,0.9818181818181818,0.126478135661953,0.14043457257279984,FL-FedAvg,Y6-nonatt,A,37,0,63,8
0.22023809523809523,0.35714285714285715,0.0,0.5,0.0,1.0,0.17944805387245344,0.08924935607658782,FL-FedAvg,Y6-nonatt,B,37,0,18,4
0.23549947891871584,0.5785024154589371,-0.04662524041201569,0.4927536231884058,0.0,0.9855072463768116,0.14194221681570474,0.1253918612770944,FL-FedAvg-E,Y6-nonatt,all,37,0,81,12
0.26499172145703087,0.6568181818181819,-0.04843594796964828,0.4909090909090909,0.0,0.9818181818181818,0.131099540080172,0.14902136549957656,FL-FedAvg-E,Y6-nonatt,A,37,0,63,8
0.2342948717948718,0.3392857142857143,0.0,0.5,0.0,1.0,0.1798915853900692,0.04268859649840667,FL-FedAvg-E,Y6-nonatt,B,37,0,18,4
0.21804880902282242,0.5893719806763285,-0.04662524041201569,0.4927536231884058,0.0,0.9855072463768116,0.13849246336986726,0.11851284505506055,FL-FedProx,Y6-nonatt,all,37,0,81,12
0.25022247074598414,0.6568181818181817,-0.04843594796964828,0.4909090909090909,0.0,0.9818181818181818,0.12676581242370724,0.141533517538735,FL-FedProx,Y6-nonatt,A,37,0,63,8
0.22023809523809523,0.35714285714285715,0.0,0.5,0.0,1.0,0.1795357416814273,0.08857755052054771,FL-FedProx,Y6-nonatt,B,37,0,18,4
0.13740904110830365,0.4753246753246753,-0.07774288420142414,0.4785714285714286,0.0,0.9571428571428572,0.14758649066302737,0.12522136062760125,LR-A,Y6-nonatt,all,37,1,81,11
0.13532828282828283,0.4727272727272727,-0.08528028654224418,0.4727272727272727,0.0,0.9454545454545454,0.1447389342637397,0.11643352687588629,LR-A,Y6-nonatt,A,37,1,63,8
0.2,0.4666666666666667,0.0,0.5,0.0,1.0,0.15755293806053433,0.15749131077619855,LR-A,Y6-nonatt,B,37,1,18,3
0.23357578397212542,0.7168831168831169,0.12120722404947402,0.5649350649350648,0.2727272727272727,0.8571428571428571,0.16077717703128017,0.1521663106923498,LR-B,Y6-nonatt,all,37,1,81,11
0.2063921063921064,0.6863636363636364,0.07574591984924343,0.5431818181818182,0.25,0.8363636363636363,0.17099038422622573,0.15787474542087027,LR-B,Y6-nonatt,A,37,1,63,8
0.5,0.8222222222222222,0.31622776601683794,0.6333333333333333,0.3333333333333333,0.9333333333333333,0.12503095184897062,0.2039638257547295,LR-B,Y6-nonatt,B,37,1,18,3
0.1663928420534869,0.5571428571428572,-0.06307376777101417,0.4857142857142857,0.0,0.9714285714285714,0.1296872159766287,0.08122023101436598,LR-C,Y6-nonatt,all,37,1,81,11
0.16545041627762214,0.5590909090909091,-0.06905795747278488,0.4818181818181818,0.0,0.9636363636363636,0.1258040868941329,0.08275696575091424,LR-C,Y6-nonatt,A,37,1,63,8
0.2791666666666667,0.5777777777777777,0.0,0.5,0.0,1.0,0.14327816776536395,0.09921162704867469,LR-C,Y6-nonatt,B,37,1,18,3
0.13770592639937332,0.45714285714285713,0.0,0.5,0.0,1.0,0.12102806563976526,0.046561745475459076,EN-C,Y6-nonatt,all,37,1,81,11
0.12450223799969132,0.42727272727272725,0.0,0.5,0.0,1.0,0.11577797001967736,0.04542251710408152,EN-C,Y6-nonatt,A,37,1,63,8
0.3032679738562092,0.5777777777777778,0.0,0.5,0.0,1.0,0.13940340031007287,0.0505490447752807,EN-C,Y6-nonatt,B,37,1,18,3
0.29666496374570905,0.6025974025974027,0.1630871012600402,0.5623376623376624,0.18181818181818182,0.9428571428571428,0.12469223202926717,0.1359355307526359,GBM-C,Y6-nonatt,all,37,1,81,11
0.35741745394817426,0.6772727272727272,0.20107367308916746,0.5886363636363636,0.25,0.9272727272727272,0.11151390995929292,0.10836012769914867,GBM-C,Y6-nonatt,A,37,1,63,8
0.1625272331154684,0.3333333333333333,0.0,0.5,0.0,1.0,0.170816359274177,0.23244944143984123,GBM-C,Y6-nonatt,B,37,1,18,3
0.14059822900437824,0.31818181818181823,-0.04432026302139592,0.4928571428571429,0.0,0.9857142857142858,0.16322134430429053,0.20872625853509566,MLP-C,Y6-nonatt,all,37,1,81,11
0.1538051879407955,0.3431818181818182,-0.04843594796964828,0.4909090909090909,0.0,0.9818181818181818,0.15931673950891834,0.2345596729861118,MLP-C,Y6-nonatt,A,37,1,63,8
0.13724747474747473,0.19999999999999998,0.0,0.5,0.0,1.0,0.1768874610880934,0.27324955601392775,MLP-C,Y6-nonatt,B,37,1,18,3
0.1467235600423353,0.4909090909090909,0.0,0.5,0.0,1.0,0.14123967140471586,0.15169005782171538,FL-FedAvg,Y6-nonatt,all,37,1,81,11
0.144996921182266,0.4909090909090909,0.0,0.5,0.0,1.0,0.13851675544446507,0.1683946633807539,FL-FedAvg,Y6-nonatt,A,37,1,63,8
0.22549019607843135,0.4888888888888888,0.0,0.5,0.0,1.0,0.15076987726559365,0.09322393836508032,FL-FedAvg,Y6-nonatt,B,37,1,18,3
0.1677536571146372,0.5467532467532468,0.0,0.5,0.0,1.0,0.1435642528985842,0.15794660525614077,FL-FedAvg-E,Y6-nonatt,all,37,1,81,11
0.1657976936999818,0.5340909090909091,0.0,0.5,0.0,1.0,0.1433255291019582,0.17396642324750178,FL-FedAvg-E,Y6-nonatt,A,37,1,63,8
0.40476190476190477,0.6888888888888889,0.0,0.5,0.0,1.0,0.1443997861867752,0.10187724228637723,FL-FedAvg-E,Y6-nonatt,B,37,1,18,3
0.14639096580730204,0.4896103896103896,0.0,0.5,0.0,1.0,0.1415325408092981,0.1525079120565752,FL-FedProx,Y6-nonatt,all,37,1,81,11
0.144996921182266,0.4909090909090909,0.0,0.5,0.0,1.0,0.13882901932391375,0.16913418531889177,FL-FedProx,Y6-nonatt,A,37,1,63,8
0.22549019607843135,0.4888888888888888,0.0,0.5,0.0,1.0,0.15099486600814324,0.0943159556384672,FL-FedProx,Y6-nonatt,B,37,1,18,3
0.17535644766553946,0.4848484848484848,-0.0639351213330643,0.4855072463768116,0.0,0.9710144927536232,0.13189768826674791,0.08128535474129467,LR-A,Y6-nonatt,all,37,2,80,11
0.18616916852210968,0.5376623376623377,-0.06513389472789297,0.4818181818181818,0.0,0.9636363636363636,0.11193700281377757,0.07927038915186377,LR-A,Y6-nonatt,A,37,2,62,7
0.254656862745098,0.42857142857142855,0.0,0.5,0.0,1.0,0.20065116038253475,0.15755769256915986,LR-A,Y6-nonatt,B,37,2,18,4
0.18843607264886758,0.5942028985507246,0.02411657681474407,0.5092226613965745,0.09090909090909091,0.927536231884058,0.16080006633571084,0.13246508895081507,LR-B,Y6-nonatt,all,37,2,80,11
0.1791003048218368,0.6207792207792209,0.055607067440108786,0.525974025974026,0.14285714285714285,0.9090909090909091,0.15483561091724707,0.14907139607039033,LR-B,Y6-nonatt,A,37,2,62,7
0.3541208791208791,0.5714285714285714,0.0,0.5,0.0,1.0,0.1813443016659749,0.09977992184313426,LR-B,Y6-nonatt,B,37,2,18,4
0.2453356844944986,0.5335968379446641,0.1685562289689877,0.5382081686429513,0.09090909090909091,0.9855072463768116,0.12372485949028993,0.10769530188278789,LR-C,Y6-nonatt,all,37,2,80,11
0.2713744588744589,0.5948051948051948,0.22331621049563302,0.5623376623376624,0.14285714285714285,0.9818181818181818,0.10522498915417185,0.0952856771596506,LR-C,Y6-nonatt,A,37,2,62,7
0.41197038255861784,0.42857142857142855,0.0,0.5,0.0,1.0,0.18744663509247436,0.20923527673042647,LR-C,Y6-nonatt,B,37,2,18,4
0.17566844968060774,0.5428194993412385,0.0,0.5,0.0,1.0,0.12032999092241617,0.04612595505051076,EN-C,Y6-nonatt,all,37,2,80,11
0.1861509737674334,0.6311688311688312,0.0,0.5,0.0,1.0,0.10112335088630982,0.06023662075460563,EN-C,Y6-nonatt,A,37,2,62,7
0.29305555555555557,0.4285714285714286,0.0,0.5,0.0,1.0,0.1864861954912268,0.11154177748019596,EN-C,Y6-nonatt,B,37,2,18,4
0.20164462211111128,0.6231884057971016,-0.1030922854711811,0.463768115942029,0.0,0.927536231884058,0.13926718285775475,0.11547354311553422,GBM-C,Y6-nonatt,all,37,2,80,11
0.1580723528480853,0.587012987012987,-0.09368793661451105,0.4636363636363636,0.0,0.9272727272727272,0.12595846491818638,0.09399284440216174,GBM-C,Y6-nonatt,A,37,2,62,7
0.4464285714285714,0.7142857142857142,-0.12964074471043288,0.4642857142857143,0.0,0.9285714285714286,0.18510832242737923,0.18946261646159496,GBM-C,Y6-nonatt,B,37,2,18,4
0.1513906089909582,0.5507246376811594,-0.07881104062391008,0.4782608695652174,0.0,0.9565217391304348,0.16634190323605602,0.21350824863531634,MLP-C,Y6-nonatt,all,37,2,80,11
0.1306313517309758,0.5532467532467532,-0.06513389472789297,0.4818181818181818,0.0,0.9636363636363636,0.15800827061595518,0.23519974326617069,MLP-C,Y6-nonatt,A,37,2,62,7
0.26401515151515154,0.5,-0.12964074471043288,0.4642857142857143,0.0,0.9285714285714286,0.19504663781640338,0.13879310046237364,MLP-C,Y6-nonatt,B,37,2,18,4
0.21165608672489972,0.5309617918313569,-0.044921913946267406,0.4927536231884058,0.0,0.9855072463768116,0.13734666795647396,0.1341869370958445,FL-FedAvg,Y6-nonatt,all,37,2,80,11
0.23647928426253548,0.6337662337662338,-0.045677545380765835,0.4909090909090909,0.0,0.9818181818181818,0.12413720254392271,0.16531102378942114,FL-FedAvg,Y6-nonatt,A,37,2,62,7
0.269017094017094,0.32142857142857145,0.0,0.5,0.0,1.0,0.18284593771081722,0.09451692842034617,FL-FedAvg,Y6-nonatt,B,37,2,18,4
0.1888029461029555,0.5573122529644268,-0.0639351213330643,0.4855072463768116,0.0,0.9710144927536232,0.14423860141504768,0.15217989047862523,FL-FedAvg-E,Y6-nonatt,all,37,2,80,11
0.21897203325774756,0.6753246753246753,-0.06513389472789297,0.4818181818181818,0.0,0.9636363636363636,0.132096232350805,0.18178571768152588,FL-FedAvg-E,Y6-nonatt,A,37,2,62,7
0.23273809523809524,0.4107142857142857,0.0,0.5,0.0,1.0,0.18606231708077253,0.15051644640075318,FL-FedAvg-E,Y6-nonatt,B,37,2,18,4
0.21165608672489972,0.5309617918313569,-0.044921913946267406,0.4927536231884058,0.0,0.9855072463768116,0.13763098644527094,0.14333219892317606,FL-FedProx,Y6-nonatt,all,37,2,80,11
0.23647928426253548,0.6337662337662338,-0.045677545380765835,0.4909090909090909,0.0,0.9818181818181818,0.12448417279373399,0.1663892689097317,FL-FedProx,Y6-nonatt,A,37,2,62,7
0.269017094017094,0.32142857142857145,0.0,0.5,0.0,1.0,0.18291445568945383,0.11771946459965266,FL-FedProx,Y6-nonatt,B,37,2,18,4
0.1968849570225643,0.44240196078431376,0.0,0.5,0.0,1.0,0.13785439439397398,0.12217845316057052,LR-A,Y6-nonatt,all,37,3,80,12
0.13844433399626035,0.3842592592592592,0.0,0.5,0.0,1.0,0.12739906402329815,0.13065415776935135,LR-A,Y6-nonatt,A,37,3,62,8
0.4951923076923077,0.5714285714285714,0.0,0.5,0.0,1.0,0.17386719900407968,0.1634473449434243,LR-A,Y6-nonatt,B,37,3,18,4
0.11058783390979575,0.2916666666666667,-0.14956440480527308,0.4338235294117647,0.0,0.8676470588235294,0.20393476644932457,0.2531201074147205,LR-B,Y6-nonatt,all,37,3,80,12
0.09972114927987738,0.2962962962962963,-0.13731430681184992,0.4351851851851852,0.0,0.8703703703703703,0.18697626242229357,0.23811900024227914,LR-B,Y6-nonatt,A,37,3,62,8
0.19215686274509802,0.2857142857142857,-0.1889822365046136,0.42857142857142855,0.0,0.8571428571428571,0.2623473914313201,0.3047905876753521,LR-B,Y6-nonatt,B,37,3,18,4
0.14954019805515043,0.38602941176470584,-0.0472631454134277,0.49264705882352944,0.0,0.9852941176470589,0.14685569830523942,0.11789226433264849,LR-C,Y6-nonatt,all,37,3,80,12
0.11916678225099259,0.3356481481481482,-0.049281418063638185,0.49074074074074076,0.0,0.9814814814814815,0.13501166599279307,0.12324744733411193,LR-C,Y6-nonatt,A,37,3,62,8
0.3125,0.4821428571428571,0.0,0.5,0.0,1.0,0.1876518096036656,0.15284406739359532,LR-C,Y6-nonatt,B,37,3,18,4
0.1669317345381175,0.42401960784313725,0.0,0.5,0.0,1.0,0.13193894446425702,0.02788954736540591,EN-C,Y6-nonatt,all,37,3,80,12
0.10365690455343371,0.32175925925925924,0.0,0.5,0.0,1.0,0.11999215312697704,0.057109284788438436,EN-C,Y6-nonatt,A,37,3,62,8
0.4880952380952381,0.6428571428571428,0.0,0.5,0.0,1.0,0.173089003514888,0.08522165823076988,EN-C,Y6-nonatt,B,37,3,18,4
0.1702743429412765,0.43137254901960786,-0.02333800140046683,0.4901960784313726,0.08333333333333333,0.8970588235294118,0.17255956090359303,0.17056976375244667,GBM-C,Y6-nonatt,all,37,3,80,12
0.17052029521773165,0.4444444444444444,0.0367465459870082,0.5162037037037037,0.125,0.9074074074074074,0.15285861625569272,0.14810594555914852,GBM-C,Y6-nonatt,A,37,3,62,8
0.225,0.375,-0.1889822365046136,0.42857142857142855,0.0,0.8571428571428571,0.2404183702463607,0.2479451375293625,GBM-C,Y6-nonatt,B,37,3,18,4
0.14757909794173651,0.46200980392156865,-0.1084652289093281,0.4632352941176471,0.0,0.9264705882352942,0.19937380697364565,0.2524174296393853,MLP-C,Y6-nonatt,all,37,3,80,12
0.1218226481607534,0.43287037037037035,-0.11399759467612823,0.4537037037037037,0.0,0.9074074074074074,0.19914296166823595,0.28094640093997125,MLP-C,Y6-nonatt,A,37,3,62,8
0.4361111111111111,0.5,0.0,0.5,0.0,1.0,0.20016894080339023,0.1541509729373668,MLP-C,Y6-nonatt,B,37,3,18,4
0.1635349703507031,0.400735294117647,0.0,0.5,0.0,1.0,0.1488795525214043,0.12738348611531825,FL-FedAvg,Y6-nonatt,all,37,3,80,12
0.1014435674708698,0.3032407407407407,0.0,0.5,0.0,1.0,0.14253291273027888,0.16006207141672524,FL-FedAvg,Y6-nonatt,A,37,3,62,8
0.4776785714285714,0.6071428571428572,0.0,0.5,0.0,1.0,0.17074020069083642,0.0677655434829014,FL-FedAvg,Y6-nonatt,B,37,3,18,4
0.12336559500106903,0.31985294117647056,0.0,0.5,0.0,1.0,0.1601782530496991,0.17235839673537406,FL-FedAvg-E,Y6-nonatt,all,37,3,80,12
0.09746892084051775,0.24768518518518523,0.0,0.5,0.0,1.0,0.15430293260862707,0.1849543095774684,FL-FedAvg-E,Y6-nonatt,A,37,3,62,8
0.4395053475935829,0.5178571428571428,0.0,0.5,0.0,1.0,0.18041546790228039,0.12897247472371587,FL-FedAvg-E,Y6-nonatt,B,37,3,18,4
0.1635349703507031,0.400735294117647,0.0,0.5,0.0,1.0,0.14908916516315976,0.12817804313159403,FL-FedProx,Y6-nonatt,all,37,3,80,12
0.1014435674708698,0.3032407407407407,0.0,0.5,0.0,1.0,0.14277652694629595,0.1608545627536827,FL-FedProx,Y6-nonatt,A,37,3,62,8
0.4776785714285714,0.6071428571428572,0.0,0.5,0.0,1.0,0.1708326967990238,0.06739148777028227,FL-FedProx,Y6-nonatt,B,37,3,18,4
0.18166276955484884,0.571078431372549,0.0,0.5,0.0,1.0,0.13723280565248436,0.1302306336510945,LR-A,Y6-nonatt,all,37,4,80,12
0.16129583340382458,0.5648148148148149,0.0,0.5,0.0,1.0,0.12383612629912116,0.12428236614074892,LR-A,Y6-nonatt,A,37,4,62,8
0.4375,0.6428571428571428,0.0,0.5,0.0,1.0,0.18337692342517986,0.15071911063117369,LR-A,Y6-nonatt,B,37,4,18,4
0.16024655637019158,0.4963235294117647,-0.09014869316900408,0.4534313725490196,0.08333333333333333,0.8235294117647058,0.19479015482784762,0.17352359355252106,LR-B,Y6-nonatt,all,37,4,80,12
0.1740028613904578,0.5694444444444444,-0.06678230711206282,0.46064814814814814,0.125,0.7962962962962963,0.17690198731966794,0.14830207109278407,LR-B,Y6-nonatt,A,37,4,62,8
0.20332139265962795,0.3392857142857143,-0.12964074471043288,0.4642857142857143,0.0,0.9285714285714286,0.25640495402268876,0.294542673795259,LR-B,Y6-nonatt,B,37,4,18,4
0.16608113277771738,0.5588235294117647,-0.0472631454134277,0.49264705882352944,0.0,0.9852941176470589,0.14011911624682885,0.11446915928639352,LR-C,Y6-nonatt,all,37,4,80,12
0.15511147176896933,0.5740740740740741,-0.049281418063638185,0.49074074074074076,0.0,0.9814814814814815,0.1238986238043493,0.09805156400451975,LR-C,Y6-nonatt,A,37,4,62,8
0.2589285714285714,0.5,0.0,0.5,0.0,1.0,0.19598970132648066,0.17101865414618092,LR-C,Y6-nonatt,B,37,4,18,4
0.15849220195457758,0.5122549019607843,0.0,0.5,0.0,1.0,0.13009320759311502,0.040712126411508766,EN-C,Y6-nonatt,all,37,4,80,12
0.17448785441195486,0.6157407407407407,0.0,0.5,0.0,1.0,0.11122861472721532,0.018028183041984364,EN-C,Y6-nonatt,A,37,4,62,8
0.18293650793650792,0.25,0.0,0.5,0.0,1.0,0.19507124968676964,0.1376221638666763,EN-C,Y6-nonatt,B,37,4,18,4
0.2673057658387445,0.5392156862745098,0.11769501344127256,0.5465686274509804,0.16666666666666666,0.9264705882352942,0.15361463194918357,0.1562747972071888,GBM-C,Y6-nonatt,all,37,4,80,12
0.269946592739462,0.5925925925925926,0.06269867707187052,0.525462962962963,0.125,0.9259259259259259,0.1393284899415568,0.15018234760164878,GBM-C,Y6-nonatt,A,37,4,62,8
0.3111111111111111,0.48214285714285715,0.236227795630767,0.5892857142857143,0.25,0.9285714285714286,0.20282245441989796,0.20170174542510091,GBM-C,Y6-nonatt,B,37,4,18,4
0.18329383567531488,0.5428921568627451,0.0,0.5,0.0,1.0,0.15505036221219842,0.15572091641103614,MLP-C,Y6-nonatt,all,37,4,80,12
0.16950527874503593,0.5208333333333333,0.0,0.5,0.0,1.0,0.15098189134208953,0.1798773747296233,MLP-C,Y6-nonatt,A,37,4,62,8
0.3630952380952381,0.6428571428571429,0.0,0.5,0.0,1.0,0.16906398409812926,0.0725153377581249,MLP-C,Y6-nonatt,B,37,4,18,4
0.16709674430241767,0.545343137254902,0.0,0.5,0.0,1.0,0.14151812440096453,0.10648274728334127,FL-FedAvg,Y6-nonatt,all,37,4,80,12
0.1768015318015318,0.6180555555555556,0.0,0.5,0.0,1.0,0.12877584300521805,0.12779366498410233,FL-FedAvg,Y6-nonatt,A,37,4,62,8
0.22234848484848485,0.41071428571428575,0.0,0.5,0.0,1.0,0.18540820476409142,0.11553845721331876,FL-FedAvg,Y6-nonatt,B,37,4,18,4
0.22298024522185178,0.5477941176470588,0.0,0.5,0.0,1.0,0.1460080809836924,0.12982441208173703,FL-FedAvg-E,Y6-nonatt,all,37,4,80,12
0.27174829663870703,0.6967592592592593,0.0,0.5,0.0,1.0,0.13068534734374335,0.15551932049901207,FL-FedAvg-E,Y6-nonatt,A,37,4,62,8
0.1853874883286648,0.2142857142857143,0.0,0.5,0.0,1.0,0.19878638574351687,0.1815982837635311,FL-FedAvg-E,Y6-nonatt,B,37,4,18,4
0.16709674430241767,0.545343137254902,0.0,0.5,0.0,1.0,0.1417365572705173,0.10762967961022968,FL-FedProx,Y6-nonatt,all,37,4,80,12
0.1768015318015318,0.6180555555555556,0.0,0.5,0.0,1.0,0.12904264238645055,0.12893748697638277,FL-FedProx,Y6-nonatt,A,37,4,62,8
0.22234848484848485,0.41071428571428575,0.0,0.5,0.0,1.0,0.18546004187119156,0.11481154613237828,FL-FedProx,Y6-nonatt,B,37,4,18,4
0.35969358098871146,0.6252204585537918,0.05241424183609592,0.5119047619047619,0.05555555555555555,0.9682539682539683,0.16917052340501793,0.06035716436242593,LR-A,Y12-nonatt,all,7,0,81,18
0.45930176384652255,0.7492307692307693,0.07016464154456234,0.5184615384615384,0.07692307692307693,0.96,0.14574232422115677,0.07607407974852501,LR-A,Y12-nonatt,A,7,0,63,13
0.2775048480930834,0.4153846153846154,0.0,0.5,0.0,1.0,0.251169220548532,0.24243280834464198,LR-A,Y12-nonatt,B,7,0,18,5
0.2894455027027962,0.4532627865961199,0.01620509308880411,0.5079365079365079,0.2222222222222222,0.7936507936507936,0.24476586692065402,0.2798623614531208,LR-B,Y12-nonatt,all,7,0,81,18
0.27527999618451565,0.45230769230769236,0.03076923076923077,0.5153846153846154,0.23076923076923078,0.8,0.23082848705221373,0.2611958480956468,LR-B,Y12-nonatt,A,7,0,63,13
0.3105118411000764,0.39999999999999997,-0.033149677206589796,0.48461538461538467,0.2,0.7692307692307693,0.2935466964601951,0.3719508923615495,LR-B,Y12-nonatt,B,7,0,18,5
0.34177909820286967,0.6031746031746031,0.2096569673443837,0.5476190476190476,0.1111111111111111,0.9841269841269841,0.16954849746819836,0.06744183592789647,LR-C,Y12-nonatt,all,7,0,81,18
0.4173994808610193,0.716923076923077,0.2543468255990385,0.5669230769230769,0.15384615384615385,0.98,0.15038059867806752,0.07481606625011145,LR-C,Y12-nonatt,A,7,0,63,13
0.2549562855445209,0.36923076923076925,0.0,0.5,0.0,1.0,0.2366361432336562,0.21755033424432776,LR-C,Y12-nonatt,B,7,0,18,5
0.2910641799313728,0.5723104056437389,0.0,0.5,0.0,1.0,0.16982758809596957,0.04220542281375194,EN-C,Y12-nonatt,all,7,0,81,18
0.32944695494114096,0.6523076923076923,0.0,0.5,0.0,1.0,0.15791072353231878,0.06294846111969737,EN-C,Y12-nonatt,A,7,0,63,13
0.2623809523809524,0.4,0.0,0.5,0.0,1.0,0.2115366140687474,0.06851422300935653,EN-C,Y12-nonatt,B,7,0,18,5
0.30374942599344834,0.42592592592592593,-0.05671782581081438,0.4722222222222222,0.16666666666666666,0.7777777777777778,0.23870190782909279,0.26793563957558325,GBM-C,Y12-nonatt,all,7,0,81,18
0.2707957652733385,0.4476923076923077,-0.10086167222030835,0.4469230769230769,0.15384615384615385,0.74,0.2350696038831693,0.24321997696912684,GBM-C,Y12-nonatt,A,7,0,63,13
0.3988522588522589,0.36923076923076925,0.17541160386140586,0.5615384615384615,0.2,0.9230769230769231,0.2514149716398249,0.3544404586981809,GBM-C,Y12-nonatt,B,7,0,18,5
0.3364170622915062,0.6657848324514991,0.10631081389064057,0.5198412698412698,0.05555555555555555,0.9841269841269841,0.1676008777648413,0.06105640385304915,MLP-C,Y12-nonatt,all,7,0,81,18
0.39716721851972775,0.6861538461538462,0.24906774069335894,0.5384615384615384,0.07692307692307693,1.0,0.15714445143756017,0.0911597718022667,MLP-C,Y12-nonatt,A,7,0,63,13
0.376031746031746,0.6307692307692307,-0.1504142093990467,0.46153846153846156,0.0,0.9230769230769231,0.20419836991032547,0.13457391133989996,MLP-C,Y12-nonatt,B,7,0,18,5
0.3712771971050214,0.5776014109347443,0.2091650066335189,0.5277777777777778,0.05555555555555555,1.0,0.17709794047440006,0.1054841630894628,FL-FedAvg,Y12-nonatt,all,7,0,81,18
0.45442542258579993,0.6907692307692308,0.24906774069335894,0.5384615384615384,0.07692307692307693,1.0,0.16617600002756797,0.1289008808796423,FL-FedAvg,Y12-nonatt,A,7,0,63,13
0.26017316017316017,0.36923076923076925,0.0,0.5,0.0,1.0,0.2153247320383126,0.18675429052798664,FL-FedAvg,Y12-nonatt,B,7,0,18,5
0.3121110495079026,0.5123456790123457,0.2096569673443837,0.5476190476190476,0.1111111111111111,0.9841269841269841,0.18742445755673193,0.16671360378124522,FL-FedAvg-E,Y12-nonatt,all,7,0,81,18
0.35057305686546125,0.5615384615384615,0.2543468255990385,0.5669230769230769,0.15384615384615385,0.98,0.18032636342928685,0.14677556610633968,FL-FedAvg-E,Y12-nonatt,A,7,0,63,13
0.2671062271062271,0.39999999999999997,0.0,0.5,0.0,1.0,0.2122677870027899,0.23649673564341464,FL-FedAvg-E,Y12-nonatt,B,7,0,18,5
0.3712771971050214,0.5776014109347443,0.2091650066335189,0.5277777777777778,0.05555555555555555,1.0,0.17725609081094149,0.10640826560378422,FL-FedProx,Y12-nonatt,all,7,0,81,18
0.45442542258579993,0.6907692307692308,0.24906774069335894,0.5384615384615384,0.07692307692307693,1.0,0.16639334969020303,0.12980689349875993,FL-FedProx,Y12-nonatt,A,7,0,63,13
0.26017316017316017,0.36923076923076925,0.0,0.5,0.0,1.0,0.21527568473352604,0.18650814508377403,FL-FedProx,Y12-nonatt,B,7,0,18,5
0.2996524918883281,0.6058201058201059,0.10968169942141635,0.5317460317460317,0.1111111111111111,0.9523809523809523,0.18084411234377692,0.12610195938354574,LR-A,Y12-nonatt,all,7,1,81,18
0.2749809523763262,0.5584615384615386,0.140499299109988,0.5469230769230768,0.15384615384615385,0.94,0.17730101557439798,0.1296731944240789,LR-A,Y12-nonatt,A,7,1,63,13
0.7544444444444445,0.8923076923076922,0.0,0.5,0.0,1.0,0.19324495103660327,0.2126014864439122,LR-A,Y12-nonatt,B,7,1,18,5
0.28697204401149484,0.517636684303351,0.1889822365046136,0.5714285714285714,0.2222222222222222,0.9206349206349206,0.19938239074331063,0.1489157082848557,LR-B,Y12-nonatt,all,7,1,81,18
0.30225786701262447,0.5369230769230768,0.2401922307076307,0.6038461538461539,0.3076923076923077,0.9,0.19271735143188617,0.16961039111301662,LR-B,Y12-nonatt,A,7,1,63,13
0.3146428571428571,0.5230769230769231,0.0,0.5,0.0,1.0,0.22271002833329603,0.23308624053562155,LR-B,Y12-nonatt,B,7,1,18,5
0.2942663602337867,0.5890652557319225,0.05241424183609592,0.5119047619047619,0.05555555555555555,0.9682539682539683,0.17499373025682496,0.10577978434830067,LR-C,Y12-nonatt,all,7,1,81,18
0.27720181139600475,0.5430769230769231,0.07016464154456234,0.5184615384615384,0.07692307692307693,0.96,0.17035795146695593,0.09983808374586219,LR-C,Y12-nonatt,A,7,1,63,13
0.6726190476190477,0.846153846153846,0.0,0.5,0.0,1.0,0.19121895602136663,0.1444214125040622,LR-C,Y12-nonatt,B,7,1,18,5
0.31959137759576356,0.607583774250441,0.0,0.5,0.0,1.0,0.16867833691558243,0.023524107855438407,EN-C,Y12-nonatt,all,7,1,81,18
0.310453858664561,0.5861538461538462,0.0,0.5,0.0,1.0,0.16131105748702673,0.014746169385220319,EN-C,Y12-nonatt,A,7,1,63,13
0.6515262515262515,0.7384615384615385,0.0,0.5,0.0,1.0,0.1944638149155272,0.11092203164007522,EN-C,Y12-nonatt,B,7,1,18,5
0.39514636393411195,0.6410934744268078,0.2583412657655615,0.5873015873015872,0.2222222222222222,0.9523809523809523,0.17070279167242527,0.07468002916392279,GBM-C,Y12-nonatt,all,7,1,81,18
0.47405795354071223,0.7323076923076923,0.4307109661240616,0.6438461538461538,0.3076923076923077,0.98,0.14775505651434467,0.13796338320832036,GBM-C,Y12-nonatt,A,7,1,63,13
0.2663003663003663,0.4153846153846154,-0.21926450482675733,0.4230769230769231,0.0,0.8461538461538461,0.25101986472570736,0.2531412155783406,GBM-C,Y12-nonatt,B,7,1,18,5
0.2658268083023465,0.5052910052910053,0.0,0.5,0.0,1.0,0.18424297863516395,0.10498881220847303,MLP-C,Y12-nonatt,all,7,1,81,18
0.3088188183463395,0.6292307692307694,0.0,0.5,0.0,1.0,0.16546884084789573,0.08933068289795493,MLP-C,Y12-nonatt,A,7,1,63,13
0.20195503842562665,0.15384615384615385,0.0,0.5,0.0,1.0,0.24995246089060247,0.2940897136845028,MLP-C,Y12-nonatt,B,7,1,18,5
0.3717754590034038,0.5828924162257496,0.2091650066335189,0.5277777777777778,0.05555555555555555,1.0,0.1754446679765421,0.09662401019705424,FL-FedAvg,Y12-nonatt,all,7,1,81,18
0.4013298394828429,0.5876923076923077,0.24906774069335894,0.5384615384615384,0.07692307692307693,1.0,0.17083381006375967,0.13101454528220363,FL-FedAvg,Y12-nonatt,A,7,1,63,13
0.4817932067932068,0.6153846153846154,0.0,0.5,0.0,1.0,0.19158267067128074,0.02374286260096844,FL-FedAvg,Y12-nonatt,B,7,1,18,5
0.30351489038050133,0.5485008818342152,-0.08504865111251246,0.48412698412698413,0.0,0.9682539682539683,0.18017378907097784,0.10048627952673386,FL-FedAvg-E,Y12-nonatt,all,7,1,81,18
0.32621735414893394,0.5784615384615386,-0.09232870714969656,0.48,0.0,0.96,0.17552260434693764,0.13961043181001384,FL-FedAvg-E,Y12-nonatt,A,7,1,63,13
0.3005050505050505,0.5076923076923077,0.0,0.5,0.0,1.0,0.1964529356051187,0.18345885100973008,FL-FedAvg-E,Y12-nonatt,B,7,1,18,5
0.3717754590034038,0.5828924162257496,0.2091650066335189,0.5277777777777778,0.05555555555555555,1.0,0.17557659173046913,0.09744940518447458,FL-FedProx,Y12-nonatt,all,7,1,81,18
0.4013298394828429,0.5876923076923077,0.24906774069335894,0.5384615384615384,0.07692307692307693,1.0,0.17098904668224874,0.13181355714281284,FL-FedProx,Y12-nonatt,A,7,1,63,13
0.4817932067932068,0.6153846153846154,0.0,0.5,0.0,1.0,0.19163299939924036,0.022825126669709376,FL-FedProx,Y12-nonatt,B,7,1,18,5
0.3387817460075745,0.5434173669467787,0.11834526708278773,0.5350140056022409,0.11764705882352941,0.9523809523809523,0.17558829678124016,0.1340853258008822,LR-A,Y12-nonatt,all,7,2,80,17
0.34252647440899037,0.5616666666666668,0.15476826669013583,0.5533333333333333,0.16666666666666666,0.94,0.1655181661727353,0.1387550590457075,LR-A,Y12-nonatt,A,7,2,62,12
0.5088235294117647,0.5538461538461538,0.0,0.5,0.0,1.0,0.21027430221053486,0.1780408267519481,LR-A,Y12-nonatt,B,7,2,18,5
0.22141035496421949,0.5032679738562091,0.06001200360120042,0.5336134453781513,0.35294117647058826,0.7142857142857143,0.2556432319805601,0.20637794463782255,LR-B,Y12-nonatt,all,7,2,80,17
0.2242280846428064,0.5516666666666667,0.09860132971832694,0.5583333333333333,0.4166666666666667,0.7,0.24475648460595495,0.18658290543146147,LR-B,Y12-nonatt,A,7,2,62,12
0.27454545454545454,0.36923076923076925,-0.033149677206589796,0.48461538461538467,0.2,0.7692307692307693,0.2931420284930891,0.31762329243684995,LR-B,Y12-nonatt,B,7,2,18,5
0.31252265596026274,0.5163398692810458,0.11253841574251965,0.5214752567693743,0.058823529411764705,0.9841269841269841,0.17141577949381706,0.09949887965269696,LR-C,Y12-nonatt,all,7,2,80,17
0.3064836298603097,0.5466666666666666,0.1416176385749867,0.5316666666666666,0.08333333333333333,0.98,0.15904645980213922,0.09516269074740899,LR-C,Y12-nonatt,A,7,2,62,12
0.4288235294117647,0.39999999999999997,0.0,0.5,0.0,1.0,0.21402121398737403,0.2249058254996716,LR-C,Y12-nonatt,B,7,2,18,5
0.30747573641276715,0.5219421101774042,0.0,0.5,0.0,1.0,0.167822721631219,0.08175888876245457,EN-C,Y12-nonatt,all,7,2,80,17
0.3054564913312761,0.5599999999999999,0.0,0.5,0.0,1.0,0.1559325991704631,0.08332084558434039,EN-C,Y12-nonatt,A,7,2,62,12
0.46215686274509804,0.47692307692307695,0.0,0.5,0.0,1.0,0.20877758788493386,0.15149041402983068,EN-C,Y12-nonatt,B,7,2,18,5
0.2390545975234537,0.5340802987861812,-0.029946642688461082,0.48739495798319327,0.11764705882352941,0.8571428571428571,0.20610450877528635,0.17715061457978193,GBM-C,Y12-nonatt,all,7,2,80,17
0.2394959699189996,0.5499999999999999,0.007161148740394328,0.5033333333333333,0.16666666666666666,0.84,0.19501446037437087,0.15966770114959422,GBM-C,Y12-nonatt,A,7,2,62,12
0.3575,0.523076923076923,-0.1504142093990467,0.46153846153846156,0.0,0.9230769230769231,0.24430356437843986,0.25386951245729583,GBM-C,Y12-nonatt,B,7,2,18,5
0.28139428706452174,0.4873949579831933,0.11253841574251965,0.5214752567693743,0.058823529411764705,0.9841269841269841,0.17897073331728386,0.1268290955970971,MLP-C,Y12-nonatt,all,7,2,80,17
0.300989948542785,0.5433333333333334,0.1416176385749867,0.5316666666666666,0.08333333333333333,0.98,0.1669068428810356,0.12177568334896934,MLP-C,Y12-nonatt,A,7,2,62,12
0.28841269841269845,0.3076923076923077,0.0,0.5,0.0,1.0,0.22052413370880564,0.14423529334064839,MLP-C,Y12-nonatt,B,7,2,18,5
0.30366900869880553,0.5088702147525677,0.11253841574251965,0.5214752567693743,0.058823529411764705,0.9841269841269841,0.17763332530441894,0.12510061087368524,FL-FedAvg,Y12-nonatt,all,7,2,80,17
0.30637357074583094,0.5366666666666666,0.1416176385749867,0.5316666666666666,0.08333333333333333,0.98,0.16991073380841146,0.13592921681533474,FL-FedAvg,Y12-nonatt,A,7,2,62,12
0.4588235294117647,0.46153846153846156,0.0,0.5,0.0,1.0,0.2042333626795558,0.18787836220531842,FL-FedAvg,Y12-nonatt,B,7,2,18,5
0.27643625411123673,0.5210084033613445,0.05830385522238915,0.5135387488328664,0.058823529411764705,0.9682539682539683,0.18757809079987836,0.12527219072149112,FL-FedAvg-E,Y12-nonatt,all,7,2,80,17
0.2869639758779149,0.5633333333333332,0.07978313355118803,0.5216666666666666,0.08333333333333333,0.96,0.18027688998507962,0.14836102951169372,FL-FedAvg-E,Y12-nonatt,A,7,2,62,12
0.4134343434343435,0.41538461538461535,0.0,0.5,0.0,1.0,0.2127266713841852,0.14910054171427028,FL-FedAvg-E,Y12-nonatt,B,7,2,18,5
0.30399182075045544,0.5098039215686274,0.11253841574251965,0.5214752567693743,0.058823529411764705,0.9841269841269841,0.1777851291078704,0.1258316874118554,FL-FedProx,Y12-nonatt,all,7,2,80,17
0.30684772911472613,0.5383333333333333,0.1416176385749867,0.5316666666666666,0.08333333333333333,0.98,0.17010883202550667,0.13680389087419614,FL-FedProx,Y12-nonatt,A,7,2,62,12
0.4588235294117647,0.46153846153846156,0.0,0.5,0.0,1.0,0.20422570794712314,0.1883628586683404,FL-FedProx,Y12-nonatt,B,7,2,18,5
0.2593569414042442,0.5376344086021505,-0.10635445160305,0.47580645161290325,0.0,0.9516129032258065,0.2007644363949809,0.1286514634258298,LR-A,Y12-nonatt,all,7,3,80,18
0.2384611991608444,0.5243328100470959,-0.11614706978413032,0.46938775510204084,0.0,0.9387755102040817,0.1966938259825861,0.1320805152168133,LR-A,Y12-nonatt,A,7,3,62,13
0.48820512820512824,0.5692307692307692,0.0,0.5,0.0,1.0,0.21478542781545168,0.19109717115799582,LR-A,Y12-nonatt,B,7,3,18,5
0.36343591811185905,0.5582437275985663,0.10451490688928274,0.557347670250896,0.3888888888888889,0.7258064516129032,0.2489983606318658,0.2341397586956946,LR-B,Y12-nonatt,all,7,3,80,18
0.3757473164626534,0.5635792778649922,0.13367921995670232,0.5777080062794349,0.46153846153846156,0.6938775510204082,0.24567880673132753,0.2513667047545849,LR-B,Y12-nonatt,A,7,3,62,13
0.38328282828282834,0.5538461538461539,0.05547001962252291,0.5230769230769231,0.2,0.8461538461538461,0.26043237962260873,0.24152150142501616,LR-B,Y12-nonatt,B,7,3,18,5
0.25606143708676077,0.5636200716845878,-0.10635445160305,0.47580645161290325,0.0,0.9516129032258065,0.18797116994103136,0.10571502739474926,LR-C,Y12-nonatt,all,7,3,80,18
0.24711502147845077,0.5447409733124019,-0.11614706978413032,0.46938775510204084,0.0,0.9387755102040817,0.18161652780730927,0.1037843515862326,LR-C,Y12-nonatt,A,7,3,62,13
0.3621428571428571,0.6153846153846154,0.0,0.5,0.0,1.0,0.20985938173496294,0.12383683115128358,LR-C,Y12-nonatt,B,7,3,18,5
0.2556943878054577,0.5376344086021505,-0.06062152567574662,0.49193548387096775,0.0,0.9838709677419355,0.17887693994398504,0.046637685931138234,EN-C,Y12-nonatt,all,7,3,80,18
0.25888942080368227,0.5416012558869702,-0.06594907653549753,0.4897959183673469,0.0,0.9795918367346939,0.16876205402885935,0.06091320272122274,EN-C,Y12-nonatt,A,7,3,62,13
0.3080952380952381,0.5230769230769231,0.0,0.5,0.0,1.0,0.2137171025405291,0.10759926806144701,EN-C,Y12-nonatt,B,7,3,18,5
0.2181338519753902,0.456989247311828,-0.1534264276484303,0.45161290322580644,0.0,0.9032258064516129,0.22410070946376334,0.14592145232796483,GBM-C,Y12-nonatt,all,7,3,80,18
0.1918492647471789,0.42229199372056514,-0.15255316083742557,0.4489795918367347,0.0,0.8979591836734694,0.2234691235669686,0.15826913327058728,GBM-C,Y12-nonatt,A,7,3,62,13
0.4622222222222222,0.5692307692307692,-0.1504142093990467,0.46153846153846156,0.0,0.9230769230769231,0.22627617199716765,0.22737751942331536,GBM-C,Y12-nonatt,B,7,3,18,5
0.22036218766178453,0.43279569892473124,0.0,0.5,0.0,1.0,0.18980958528710207,0.09980203712095094,MLP-C,Y12-nonatt,all,7,3,80,18
0.22289625647618883,0.44897959183673464,0.0,0.5,0.0,1.0,0.18280065566922157,0.11330050875300543,MLP-C,Y12-nonatt,A,7,3,62,13
0.27572677322677325,0.4307692307692308,0.0,0.5,0.0,1.0,0.2139514539709125,0.1382660800219462,MLP-C,Y12-nonatt,B,7,3,18,5
0.2558074307060879,0.5394265232974911,-0.015457963192005608,0.49551971326164873,0.05555555555555555,0.9354838709677419,0.18878867000192542,0.10500734393969983,FL-FedAvg,Y12-nonatt,all,7,3,80,18
0.24493866608491782,0.5054945054945055,-0.007040915115573488,0.49764521193092626,0.07692307692307693,0.9183673469387755,0.18368693019037588,0.13220352101049485,FL-FedAvg,Y12-nonatt,A,7,3,62,13
0.33769841269841266,0.5846153846153846,0.0,0.5,0.0,1.0,0.2063613293528185,0.12883864865936268,FL-FedAvg,Y12-nonatt,B,7,3,18,5
0.2844877644934597,0.5761648745519713,-0.06091374267208862,0.47939068100358423,0.05555555555555555,0.9032258064516129,0.18944412763939886,0.1254057513283812,FL-FedAvg-E,Y12-nonatt,all,7,3,80,18
0.27891351313387747,0.5745682888540031,-0.007040915115573488,0.49764521193092626,0.07692307692307693,0.9183673469387755,0.18410036472936459,0.13478012752932178,FL-FedAvg-E,Y12-nonatt,A,7,3,62,13
0.3532174688057041,0.5538461538461539,-0.21926450482675733,0.4230769230769231,0.0,0.8461538461538461,0.20785042210729485,0.13094100662164188,FL-FedAvg-E,Y12-nonatt,B,7,3,18,5
0.2554700487897586,0.5385304659498207,-0.015457963192005608,0.49551971326164873,0.05555555555555555,0.9354838709677419,0.18887679246015882,0.08738463213442811,FL-FedProx,Y12-nonatt,all,7,3,80,18
0.24444238816928504,0.5039246467817896,-0.007040915115573488,0.49764521193092626,0.07692307692307693,0.9183673469387755,0.1837995618604787,0.1094246798733641,FL-FedProx,Y12-nonatt,A,7,3,62,13
0.33769841269841266,0.5846153846153846,0.0,0.5,0.0,1.0,0.20636503119239052,0.12826194226003054,FL-FedProx,Y12-nonatt,B,7,3,18,5
0.20659588997125442,0.4112903225806452,-0.08627959628145761,0.4838709677419355,0.0,0.967741935483871,0.2151784184995543,0.17050039883285262,LR-A,Y12-nonatt,all,7,4,80,18
0.19117864100165624,0.40345368916797486,-0.09404008408634049,0.47959183673469385,0.0,0.9591836734693877,0.20633922561765183,0.1550111947814449,LR-A,Y12-nonatt,A,7,4,62,13
0.42964285714285716,0.4769230769230769,0.0,0.5,0.0,1.0,0.24562452731499607,0.2301077654140683,LR-A,Y12-nonatt,B,7,4,18,5
0.3283187809259338,0.5017921146953406,0.05855713304779602,0.5331541218637993,0.3888888888888889,0.6774193548387096,0.27846601033096147,0.26608777525274446,LR-B,Y12-nonatt,all,7,4,80,18
0.3101614619110602,0.5416012558869702,0.09657326676111155,0.5572998430141287,0.46153846153846156,0.6530612244897959,0.2629737950857301,0.26285391405350006,LR-B,Y12-nonatt,A,7,4,62,13
0.40975723622782445,0.38461538461538464,-0.033149677206589796,0.48461538461538467,0.2,0.7692307692307693,0.33182808506453587,0.3486749533021164,LR-B,Y12-nonatt,B,7,4,18,5
0.19469533125614702,0.3933691756272401,-0.1534264276484303,0.45161290322580644,0.0,0.9032258064516129,0.2182749578882958,0.1695823027011657,LR-C,Y12-nonatt,all,7,4,80,18
0.19656889231151153,0.40816326530612246,-0.15255316083742557,0.4489795918367347,0.0,0.8979591836734694,0.20655867053660762,0.14878089708692843,LR-C,Y12-nonatt,A,7,4,62,13
0.2727505827505828,0.4307692307692308,-0.1504142093990467,0.46153846153846156,0.0,0.9230769230769231,0.2586310587663328,0.2472648241977633,LR-C,Y12-nonatt,B,7,4,18,5
0.2184311454954718,0.4462365591397849,0.0,0.5,0.0,1.0,0.18404805343234382,0.08293290248871513,EN-C,Y12-nonatt,all,7,4,80,18
0.2094489152032386,0.4474097331240189,0.0,0.5,0.0,1.0,0.17617221121992604,0.08117671258905897,EN-C,Y12-nonatt,A,7,4,62,13
0.3286538461538462,0.4307692307692308,0.0,0.5,0.0,1.0,0.21117595438622733,0.1072062756746918,EN-C,Y12-nonatt,B,7,4,18,5
0.22612972323634076,0.48028673835125446,-0.02875986542715254,0.4865591397849462,0.16666666666666666,0.8064516129032258,0.24443826496025767,0.24069860423698722,GBM-C,Y12-nonatt,all,7,4,80,18
0.2559371590095091,0.5494505494505495,0.07193120053962955,0.533751962323391,0.23076923076923078,0.8367346938775511,0.22121115423294982,0.22477336016699043,GBM-C,Y12-nonatt,A,7,4,62,13
0.23282051282051283,0.2923076923076923,-0.33149677206589795,0.34615384615384615,0.0,0.6923076923076923,0.32444275746542917,0.3429090345228771,GBM-C,Y12-nonatt,B,7,4,18,5
0.29321330192913503,0.48028673835125457,0.04502320110545681,0.5152329749103942,0.1111111111111111,0.9193548387096774,0.20240560601862248,0.20079230958288277,MLP-C,Y12-nonatt,all,7,4,80,18
0.2644811228044525,0.5211930926216641,0.02601275145461535,0.5078492935635793,0.07692307692307693,0.9387755102040817,0.1909376776458604,0.17908188340552342,MLP-C,Y12-nonatt,A,7,4,62,13
0.4078134284016637,0.4,0.05547001962252291,0.5230769230769231,0.2,0.8461538461538461,0.24190624819146966,0.28966022545356335,MLP-C,Y12-nonatt,B,7,4,18,5
0.2429901403667571,0.4614695340501792,-0.10635445160305,0.47580645161290325,0.0,0.9516129032258065,0.19478456584942747,0.10049327280325611,FL-FedAvg,Y12-nonatt,all,7,4,80,18
0.24394378605399447,0.478806907378336,-0.11614706978413032,0.46938775510204084,0.0,0.9387755102040817,0.18918535263054842,0.11838703349639874,FL-FedAvg,Y12-nonatt,A,7,4,62,13
0.31996336996336994,0.43076923076923074,0.0,0.5,0.0,1.0,0.21407074471445528,0.17150805016612347,FL-FedAvg,Y12-nonatt,B,7,4,18,5
0.2617829385687529,0.48028673835125446,0.04502320110545681,0.5152329749103942,0.1111111111111111,0.9193548387096774,0.1995598434554789,0.13340122948559774,FL-FedAvg-E,Y12-nonatt,all,7,4,80,18
0.29098250610668547,0.5054945054945055,0.1384713306062786,0.5463108320251178,0.15384615384615385,0.9387755102040817,0.19193828852393371,0.1618016286017973,FL-FedAvg-E,Y12-nonatt,A,7,4,62,13
0.27095238095238094,0.41538461538461535,-0.21926450482675733,0.4230769230769231,0.0,0.8461538461538461,0.22581186599746783,0.18892284382471766,FL-FedAvg-E,Y12-nonatt,B,7,4,18,5
0.2429901403667571,0.4614695340501792,-0.10635445160305,0.47580645161290325,0.0,0.9516129032258065,0.19484643248361708,0.10027161672430832,FL-FedProx,Y12-nonatt,all,7,4,80,18
0.24394378605399447,0.478806907378336,-0.11614706978413032,0.46938775510204084,0.0,0.9387755102040817,0.1892835932581616,0.11895662972073565,FL-FedProx,Y12-nonatt,A,7,4,62,13
0.31996336996336994,0.43076923076923074,0.0,0.5,0.0,1.0,0.21400732314907492,0.17129191462058863,FL-FedProx,Y12-nonatt,B,7,4,18,5
0.3317022673377291,0.5449735449735449,0.10968169942141635,0.5317460317460317,0.1111111111111111,0.9523809523809523,0.18492513559048135,0.08645542126875191,LR-A,Y12-nonatt,all,11,0,81,18
0.35753984364446084,0.6046153846153846,0.140499299109988,0.5469230769230768,0.15384615384615385,0.94,0.16975544589171604,0.0934777581225995,LR-A,Y12-nonatt,A,11,0,63,13
0.3204108309990663,0.4307692307692308,0.0,0.5,0.0,1.0,0.23801904953616,0.20060711939501322,LR-A,Y12-nonatt,B,11,0,18,5
0.23808688192102673,0.5149911816578483,0.01620509308880411,0.5079365079365079,0.2222222222222222,0.7936507936507936,0.2526942213323502,0.2186122051489096,LR-B,Y12-nonatt,all,11,0,81,18
0.24686739271439012,0.5523076923076923,0.05232166435699435,0.5253846153846153,0.23076923076923078,0.82,0.23165269721529255,0.19855691309917126,LR-B,Y12-nonatt,A,11,0,63,13
0.291053391053391,0.41538461538461535,-0.1076923076923077,0.4461538461538461,0.2,0.6923076923076923,0.3263395557420518,0.3129529006517439,LR-B,Y12-nonatt,B,11,0,18,5
0.30335234605533856,0.5555555555555556,0.015228622596829318,0.503968253968254,0.05555555555555555,0.9523809523809523,0.18190402487099663,0.08477599963955709,LR-C,Y12-nonatt,all,11,0,81,18
0.35159358434891247,0.6246153846153846,0.07016464154456234,0.5184615384615384,0.07692307692307693,0.96,0.1621981740279793,0.09700460911483783,LR-C,Y12-nonatt,A,11,0,63,13
0.28583333333333333,0.46153846153846156,-0.1504142093990467,0.46153846153846156,0.0,0.9230769230769231,0.2508745028215572,0.2306500090895825,LR-C,Y12-nonatt,B,11,0,18,5
0.28344441699172096,0.5952380952380952,0.0,0.5,0.0,1.0,0.17065644902572027,0.007226148684029533,EN-C,Y12-nonatt,all,11,0,81,18
0.323386746760084,0.6753846153846154,0.0,0.5,0.0,1.0,0.15741795711721948,0.021932445449672405,EN-C,Y12-nonatt,A,11,0,63,13
0.2574206349206349,0.38461538461538464,0.0,0.5,0.0,1.0,0.21699117070547316,0.10768417443572054,EN-C,Y12-nonatt,B,11,0,18,5
0.3281163806079348,0.5767195767195767,0.15265620249783177,0.5515873015873016,0.16666666666666666,0.9365079365079365,0.18447374325502175,0.12536882075771963,GBM-C,Y12-nonatt,all,11,0,81,18
0.35857495716034665,0.583076923076923,0.23542536230103778,0.5853846153846154,0.23076923076923078,0.94,0.17599989177596853,0.1633530995882003,GBM-C,Y12-nonatt,A,11,0,63,13
0.41631701631701634,0.6307692307692307,-0.1504142093990467,0.46153846153846156,0.0,0.9230769230769231,0.2141322234317079,0.1712776135320299,GBM-C,Y12-nonatt,B,11,0,18,5
0.15941976719715034,0.2874779541446208,-0.1511857892036909,0.4523809523809524,0.0,0.9047619047619048,0.22529637253041543,0.19872976598885073,MLP-C,Y12-nonatt,all,11,0,81,18
0.14465924055526674,0.2553846153846154,-0.1654340383737022,0.44,0.0,0.88,0.22640309510562726,0.2138860186925376,MLP-C,Y12-nonatt,A,11,0,63,13
0.4126143790849673,0.4,0.0,0.5,0.0,1.0,0.221422843517174,0.16132198465000094,MLP-C,Y12-nonatt,B,11,0,18,5
0.3142549936880582,0.5837742504409171,0.10631081389064057,0.5198412698412698,0.05555555555555555,0.9841269841269841,0.17952556223160615,0.1001990747270778,FL-FedAvg,Y12-nonatt,all,11,0,81,18
0.418697847516039,0.6676923076923077,0.24906774069335894,0.5384615384615384,0.07692307692307693,1.0,0.16795007836941303,0.13674067045776636,FL-FedAvg,Y12-nonatt,A,11,0,63,13
0.265974025974026,0.41538461538461535,-0.1504142093990467,0.46153846153846156,0.0,0.9230769230769231,0.22003975574928203,0.14476544657483195,FL-FedAvg,Y12-nonatt,B,11,0,18,5
0.2754417449163826,0.5811287477954145,0.10968169942141635,0.5317460317460317,0.1111111111111111,0.9523809523809523,0.18782222414120522,0.12675797584643922,FL-FedAvg-E,Y12-nonatt,all,11,0,81,18
0.3122266622266622,0.6384615384615385,0.18893788083962115,0.5569230769230769,0.15384615384615385,0.96,0.17527027532094264,0.13494759990436017,FL-FedAvg-E,Y12-nonatt,A,11,0,63,13
0.28828282828282825,0.4461538461538462,-0.1504142093990467,0.46153846153846156,0.0,0.9230769230769231,0.23175404501212427,0.20820749056835922,FL-FedAvg-E,Y12-nonatt,B,11,0,18,5
0.3142549936880582,0.5837742504409171,0.05241424183609592,0.5119047619047619,0.05555555555555555,0.9682539682539683,0.1796711757375368,0.10107012582421991,FL-FedProx,Y12-nonatt,all,11,0,81,18
0.418697847516039,0.6676923076923077,0.13139085248226048,0.5284615384615384,0.07692307692307693,0.98,0.16816418734881147,0.12338177235001797,FL-FedProx,Y12-nonatt,A,11,0,63,13
0.265974025974026,0.41538461538461535,-0.1504142093990467,0.46153846153846156,0.0,0.9230769230769231,0.2199456350980754,0.14439148420123926,FL-FedProx,Y12-nonatt,B,11,0,18,5
0.25664023287165955,0.501763668430335,-0.013710212427677044,0.49603174603174605,0.05555555555555555,0.9365079365079365,0.20165121755079524,0.1591103279333628,LR-A,Y12-nonatt,all,11,1,81,18
0.23548413341527713,0.47846153846153844,-0.004606534397048788,0.4984615384615385,0.07692307692307693,0.92,0.1993682806898357,0.18774145526889907,LR-A,Y12-nonatt,A,11,1,63,13
0.49522727272727274,0.5846153846153846,0.0,0.5,0.0,1.0,0.20964149656415354,0.1286024730314984,LR-A,Y12-nonatt,B,11,1,18,5
0.2821838615490544,0.5132275132275133,0.1483486110040849,0.5674603174603174,0.2777777777777778,0.8571428571428571,0.2227437928553042,0.2097910735235696,LR-B,Y12-nonatt,all,11,1,81,18
0.22333961997125745,0.44153846153846155,0.10052113844515788,0.5453846153846154,0.23076923076923078,0.86,0.23428038310090205,0.24246699980502137,LR-B,Y12-nonatt,A,11,1,63,13
0.6444444444444444,0.676923076923077,0.26519741765271837,0.6230769230769231,0.4,0.8461538461538461,0.18236572699571194,0.21478243581547612,LR-B,Y12-nonatt,B,11,1,18,5
0.2636477483633235,0.4656084656084656,0.2096569673443837,0.5476190476190476,0.1111111111111111,0.9841269841269841,0.1934196212060075,0.16412538962559015,LR-C,Y12-nonatt,all,11,1,81,18
0.22359488869543495,0.4323076923076924,0.13139085248226048,0.5284615384615384,0.07692307692307693,0.98,0.19065713189967354,0.16148337152674105,LR-C,Y12-nonatt,A,11,1,63,13
0.4673701298701299,0.5692307692307692,0.39107694443752145,0.6,0.2,1.0,0.2030883337781766,0.19740763619052074,LR-C,Y12-nonatt,B,11,1,18,5
0.25544777442901045,0.4594356261022928,0.0,0.5,0.0,1.0,0.18039799677020052,0.07965276173199749,EN-C,Y12-nonatt,all,11,1,81,18
0.2442270621655649,0.40923076923076923,0.0,0.5,0.0,1.0,0.17534476702729723,0.11659789182010194,EN-C,Y12-nonatt,A,11,1,63,13
0.39488095238095233,0.6000000000000001,0.0,0.5,0.0,1.0,0.19808430087036222,0.059036730095514106,EN-C,Y12-nonatt,B,11,1,18,5
0.191680889396839,0.36243386243386244,-0.07741544216066654,0.4722222222222222,0.05555555555555555,0.8888888888888888,0.24369920799504802,0.2188666653511711,GBM-C,Y12-nonatt,all,11,1,81,18
0.1721868426640875,0.3738461538461539,-0.18027756377319948,0.43,0.0,0.86,0.24638717231469753,0.23808317330889253,GBM-C,Y12-nonatt,A,11,1,63,13
0.39975723622782444,0.3384615384615385,0.39107694443752145,0.6,0.2,1.0,0.23429133287627485,0.22190015367236304,GBM-C,Y12-nonatt,B,11,1,18,5
0.307890974631815,0.5758377425044092,0.05241424183609592,0.5119047619047619,0.05555555555555555,0.9682539682539683,0.17575982193856327,0.09068004606316266,MLP-C,Y12-nonatt,all,11,1,81,18
0.293904411895098,0.5707692307692307,0.07016464154456234,0.5184615384615384,0.07692307692307693,0.96,0.1692311661056045,0.11238963190293393,MLP-C,Y12-nonatt,A,11,1,63,13
0.6018939393939394,0.6307692307692307,0.0,0.5,0.0,1.0,0.19861011735391887,0.16248248398441895,MLP-C,Y12-nonatt,B,11,1,18,5
0.2531938748054443,0.4426807760141094,0.05241424183609592,0.5119047619047619,0.05555555555555555,0.9682539682539683,0.19164548785625152,0.1390323265687745,FL-FedAvg,Y12-nonatt,all,11,1,81,18
0.240684643288481,0.38923076923076927,0.07016464154456234,0.5184615384615384,0.07692307692307693,0.96,0.18965603005800177,0.15459500586782002,FL-FedAvg,Y12-nonatt,A,11,1,63,13
0.3966666666666666,0.6307692307692307,0.0,0.5,0.0,1.0,0.1986085901501257,0.09887432877191928,FL-FedAvg,Y12-nonatt,B,11,1,18,5
0.2448627872355334,0.47354497354497355,-0.013710212427677044,0.49603174603174605,0.05555555555555555,0.9365079365079365,0.19577399066031517,0.12279885563607604,FL-FedAvg-E,Y12-nonatt,all,11,1,81,18
0.22371114779596923,0.43692307692307697,-0.004606534397048788,0.4984615384615385,0.07692307692307693,0.92,0.19664258395458714,0.1591295918432369,FL-FedAvg-E,Y12-nonatt,A,11,1,63,13
0.5148809523809523,0.6461538461538462,0.0,0.5,0.0,1.0,0.19273391413036334,0.18254483225950122,FL-FedAvg-E,Y12-nonatt,B,11,1,18,5
0.2531938748054443,0.4426807760141094,0.05241424183609592,0.5119047619047619,0.05555555555555555,0.9682539682539683,0.19174828674216385,0.138771385590835,FL-FedProx,Y12-nonatt,all,11,1,81,18
0.240684643288481,0.38923076923076927,0.07016464154456234,0.5184615384615384,0.07692307692307693,0.96,0.1897760322962502,0.15434864888727826,FL-FedProx,Y12-nonatt,A,11,1,63,13
0.3966666666666666,0.6307692307692307,0.0,0.5,0.0,1.0,0.19865117730286144,0.09845464581824147,FL-FedProx,Y12-nonatt,B,11,1,18,5
0.22277437714875709,0.53874883286648,-0.08318056815751451,0.48412698412698413,0.0,0.9682539682539683,0.18925905182697295,0.1233232590765536,LR-A,Y12-nonatt,all,11,2,80,17
0.2323971826945576,0.5666666666666667,-0.08944271909999159,0.48,0.0,0.96,0.17588948919667402,0.08045968089363453,LR-A,Y12-nonatt,A,11,2,62,12
0.34527417027417023,0.6,0.0,0.5,0.0,1.0,0.2353097675535581,0.31809907632670054,LR-A,Y12-nonatt,B,11,2,18,5
0.18925585841672626,0.39869281045751637,-0.060369433822955586,0.469187675070028,0.17647058823529413,0.7619047619047619,0.2733103208623148,0.2817482197442799,LR-B,Y12-nonatt,all,11,2,80,17
0.15286669966992478,0.3283333333333333,-0.15204863029941715,0.4216666666666667,0.08333333333333333,0.76,0.2841466526905111,0.3118490474706819,LR-B,Y12-nonatt,A,11,2,62,12
0.39903846153846156,0.5692307692307692,0.16923076923076924,0.5846153846153846,0.4,0.7692307692307693,0.23598517789852785,0.21626839576903342,LR-B,Y12-nonatt,B,11,2,18,5
0.220113835852494,0.5070028011204482,-0.058444095308865636,0.49206349206349204,0.0,0.9841269841269841,0.1803614705856138,0.07678425310138465,LR-C,Y12-nonatt,all,11,2,80,17
0.1967667324317971,0.4783333333333334,-0.062725004818718,0.49,0.0,0.98,0.17290413429537677,0.1049258898692035,LR-C,Y12-nonatt,A,11,2,62,12
0.3883333333333333,0.5846153846153845,0.0,0.5,0.0,1.0,0.20604785114087465,0.12834006613183935,LR-C,Y12-nonatt,B,11,2,18,5
0.25176386192485045,0.5480859010270774,0.0,0.5,0.0,1.0,0.16769182032997365,0.031853384592619174,EN-C,Y12-nonatt,all,11,2,80,17
0.22717275830169292,0.5383333333333333,0.0,0.5,0.0,1.0,0.15799599364234904,0.03089005802459835,EN-C,Y12-nonatt,A,11,2,62,12
0.5338235294117647,0.6,0.0,0.5,0.0,1.0,0.20108855669845854,0.0980896360986171,EN-C,Y12-nonatt,B,11,2,18,5
0.21560034810648343,0.5070028011204482,-0.030556616567607043,0.4850606909430439,0.17647058823529413,0.7936507936507936,0.22996596851100226,0.1822681002440703,GBM-C,Y12-nonatt,all,11,2,80,17
0.19612977130040157,0.495,-0.06929348671835833,0.4633333333333333,0.16666666666666666,0.76,0.229532631937251,0.19556177514779594,GBM-C,Y12-nonatt,A,11,2,62,12
0.38058608058608057,0.5692307692307692,0.17541160386140586,0.5615384615384615,0.2,0.9230769230769231,0.2314585722650344,0.19011902415392726,GBM-C,Y12-nonatt,B,11,2,18,5
0.36036009047921824,0.6489262371615313,0.21658694143873736,0.5294117647058824,0.058823529411764705,1.0,0.15871572271350118,0.04662083513237778,MLP-C,Y12-nonatt,all,11,2,80,17
0.40450976158131013,0.7016666666666667,0.2613541867446583,0.5416666666666666,0.08333333333333333,1.0,0.14370971547591266,0.06799847307807275,MLP-C,Y12-nonatt,A,11,2,62,12
0.30618131868131865,0.49230769230769234,0.0,0.5,0.0,1.0,0.21040308097630625,0.16292826799384783,MLP-C,Y12-nonatt,B,11,2,18,5
0.24273091142193015,0.5546218487394958,-0.058444095308865636,0.49206349206349204,0.0,0.9841269841269841,0.1786063296288159,0.092958620840604,FL-FedAvg,Y12-nonatt,all,11,2,80,17
0.2376600826788646,0.5666666666666667,-0.062725004818718,0.49,0.0,0.98,0.1732618777676917,0.12058532771809435,FL-FedAvg,Y12-nonatt,A,11,2,62,12
0.35987012987012984,0.6,0.0,0.5,0.0,1.0,0.19701499715046578,0.07969909439320444,FL-FedAvg,Y12-nonatt,B,11,2,18,5
0.2698793326507666,0.5527544351073763,-0.007889684472185849,0.4976657329598506,0.058823529411764705,0.9365079365079365,0.18415627986812969,0.1109412512150107,FL-FedAvg-E,Y12-nonatt,all,11,2,80,17
0.24161904054064917,0.525,0.0048365083340667445,0.5016666666666667,0.08333333333333333,0.92,0.18294493406277412,0.1393003029458443,FL-FedAvg-E,Y12-nonatt,A,11,2,62,12
0.6125,0.676923076923077,0.0,0.5,0.0,1.0,0.18832869319768764,0.08828382250240671,FL-FedAvg-E,Y12-nonatt,B,11,2,18,5
0.24316752331365044,0.5555555555555556,-0.058444095308865636,0.49206349206349204,0.0,0.9841269841269841,0.1787327314767696,0.0939010028449331,FL-FedProx,Y12-nonatt,all,11,2,80,17
0.23833212568961729,0.5683333333333334,-0.062725004818718,0.49,0.0,0.98,0.17341674333098098,0.12152086466307899,FL-FedProx,Y12-nonatt,A,11,2,62,12
0.35987012987012984,0.6,0.0,0.5,0.0,1.0,0.19704335731226374,0.07908575788273896,FL-FedProx,Y12-nonatt,B,11,2,18,5
0.2124195996564639,0.4668458781362007,0.0,0.5,0.0,1.0,0.1983053473154968,0.1468834307930544,LR-A,Y12-nonatt,all,11,3,80,18
0.22005614354685563,0.5133437990580848,0.0,0.5,0.0,1.0,0.18041454435294635,0.12629811025087392,LR-A,Y12-nonatt,A,11,3,62,13
0.2517094017094017,0.32307692307692304,0.0,0.5,0.0,1.0,0.259929224186504,0.2516816273627075,LR-A,Y12-nonatt,B,11,3,18,5
0.255131918660747,0.37813620071684584,-0.060369433822955586,0.4704301075268817,0.16666666666666666,0.7741935483870968,0.25692225810387365,0.26344402379916226,LR-B,Y12-nonatt,all,11,3,80,18
0.3328512060822135,0.45054945054945056,0.026687598116169546,0.5133437990580848,0.23076923076923078,0.7959183673469388,0.22440155800935516,0.22739038387153815,LR-B,Y12-nonatt,A,11,3,62,13
0.22818860877684408,0.2769230769230769,-0.33149677206589795,0.34615384615384615,0.0,0.6923076923076923,0.36893800287388184,0.428705290904395,LR-B,Y12-nonatt,B,11,3,18,5
0.234531312836058,0.44086021505376344,-0.06062152567574662,0.49193548387096775,0.0,0.9838709677419355,0.18903497505364894,0.10266601901986153,LR-C,Y12-nonatt,all,11,3,80,18
0.293737149783281,0.49921507064364207,0.0,0.5,0.0,1.0,0.16839706664791193,0.0829768894702043,LR-C,Y12-nonatt,A,11,3,62,13
0.22654600301659125,0.26153846153846155,-0.1504142093990467,0.46153846153846156,0.0,0.9230769230769231,0.2601211040067431,0.22426738696975962,LR-C,Y12-nonatt,B,11,3,18,5
0.2515803988527862,0.5197132616487455,0.0,0.5,0.0,1.0,0.17802646580632664,0.06497592812486752,EN-C,Y12-nonatt,all,11,3,80,18
0.3270231863024421,0.5682888540031397,0.0,0.5,0.0,1.0,0.163106895559236,0.05579326665533027,EN-C,Y12-nonatt,A,11,3,62,13
0.2699346405228758,0.4153846153846154,0.0,0.5,0.0,1.0,0.22941609665741647,0.19436303468000965,EN-C,Y12-nonatt,B,11,3,18,5
0.3401173425676901,0.5277777777777778,0.2495134333982214,0.6102150537634409,0.3333333333333333,0.8870967741935484,0.20009305996184817,0.21722956547710803,GBM-C,Y12-nonatt,all,11,3,80,18
0.4347427889216836,0.620094191522763,0.39269523433152326,0.6616954474097332,0.38461538461538464,0.9387755102040817,0.1640288237821282,0.17449570177434315,GBM-C,Y12-nonatt,A,11,3,62,13
0.21888888888888888,0.21538461538461534,-0.1076923076923077,0.4461538461538461,0.2,0.6923076923076923,0.3243143179142171,0.3644239848977425,GBM-C,Y12-nonatt,B,11,3,18,5
0.17782751553923834,0.35304659498207885,-0.08627959628145761,0.4838709677419355,0.0,0.967741935483871,0.21715779292265652,0.192081213237957,MLP-C,Y12-nonatt,all,11,3,80,18
0.16886533396976627,0.3453689167974882,-0.09404008408634049,0.47959183673469385,0.0,0.9591836734693877,0.2113751693873454,0.19217489740217342,MLP-C,Y12-nonatt,A,11,3,62,13
0.26565656565656565,0.41538461538461535,0.0,0.5,0.0,1.0,0.2370757184331725,0.21663866389782632,MLP-C,Y12-nonatt,B,11,3,18,5
0.2316316883983651,0.47849462365591394,-0.06062152567574662,0.49193548387096775,0.0,0.9838709677419355,0.18565951215109386,0.086969997466191,FL-FedAvg,Y12-nonatt,all,11,3,80,18
0.29447672913393774,0.5353218210361068,0.0,0.5,0.0,1.0,0.17244704360063642,0.09339459931846086,FL-FedAvg,Y12-nonatt,A,11,3,62,13
0.25347887406710934,0.36923076923076925,-0.1504142093990467,0.46153846153846156,0.0,0.9230769230769231,0.2311691260471139,0.21466469712266034,FL-FedAvg,Y12-nonatt,B,11,3,18,5
0.2849547327726711,0.4354838709677419,0.10820574234403926,0.5313620071684588,0.1111111111111111,0.9516129032258065,0.19363140283910835,0.10166719070798125,FL-FedAvg-E,Y12-nonatt,all,11,3,80,18
0.36291357898718685,0.5133437990580848,0.2531410495295148,0.5667189952904239,0.15384615384615385,0.9795918367346939,0.18046895775285346,0.15435859062171514,FL-FedAvg-E,Y12-nonatt,A,11,3,62,13
0.2469264069264069,0.3538461538461538,-0.21926450482675733,0.4230769230769231,0.0,0.8461538461538461,0.23896871369176395,0.2451682361605432,FL-FedAvg-E,Y12-nonatt,B,11,3,18,5
0.23179818856486525,0.4793906810035842,-0.06062152567574662,0.49193548387096775,0.0,0.9838709677419355,0.1857642305366694,0.0866236186425009,FL-FedProx,Y12-nonatt,all,11,3,80,18
0.29447672913393774,0.5353218210361068,0.0,0.5,0.0,1.0,0.1726062704906518,0.09429841331221184,FL-FedProx,Y12-nonatt,A,11,3,62,13
0.25347887406710934,0.36923076923076925,-0.1504142093990467,0.46153846153846156,0.0,0.9230769230769231,0.23108609291739654,0.21404721689274536,FL-FedProx,Y12-nonatt,B,11,3,18,5
0.2756570739613675,0.5116487455197133,-0.12361284651454937,0.46774193548387094,0.0,0.9354838709677419,0.19376347580302725,0.13812606694538343,LR-A,Y12-nonatt,all,11,4,80,18
0.3054336425136677,0.5777080062794347,-0.13526630756399982,0.45918367346938777,0.0,0.9183673469387755,0.17844756602627215,0.14582205652414057,LR-A,Y12-nonatt,A,11,4,62,13
0.23183940242763773,0.29230769230769227,0.0,0.5,0.0,1.0,0.2465182761451835,0.24144835567605247,LR-A,Y12-nonatt,B,11,4,18,5
0.21617431210746338,0.43458781362007165,0.01280563747759664,0.5062724014336917,0.2222222222222222,0.7903225806451613,0.2547924033804859,0.2291641115520273,LR-B,Y12-nonatt,all,11,4,80,18
0.19336177425074474,0.37990580847723704,0.026687598116169546,0.5133437990580848,0.23076923076923078,0.7959183673469388,0.25556208065454944,0.25462794232425984,LR-B,Y12-nonatt,A,11,4,62,13
0.4165079365079365,0.6307692307692307,-0.033149677206589796,0.48461538461538467,0.2,0.7692307692307693,0.2521412927698228,0.32015179805275407,LR-B,Y12-nonatt,B,11,4,18,5
0.24891405782704862,0.4713261648745519,0.051207698919987034,0.5116487455197133,0.05555555555555555,0.967741935483871,0.1949410791142941,0.15196349871397313,LR-C,Y12-nonatt,all,11,4,80,18
0.28490605690237986,0.5463108320251178,0.06849698987269225,0.5180533751962323,0.07692307692307693,0.9591836734693877,0.18225552902802045,0.13265109932167357,LR-C,Y12-nonatt,A,11,4,62,13
0.22535714285714284,0.2615384615384615,0.0,0.5,0.0,1.0,0.238635751633681,0.25593312759421766,LR-C,Y12-nonatt,B,11,4,18,5
0.27848061147532377,0.5448028673835126,-0.06062152567574662,0.49193548387096775,0.0,0.9838709677419355,0.17808139919912283,0.032467344768358,EN-C,Y12-nonatt,all,11,4,80,18
0.28751437121031004,0.5839874411302982,-0.06594907653549753,0.4897959183673469,0.0,0.9795918367346939,0.16959472128798156,0.04202913224783328,EN-C,Y12-nonatt,A,11,4,62,13
0.2984838690721044,0.3538461538461538,0.0,0.5,0.0,1.0,0.20731328978194247,0.05587059176826531,EN-C,Y12-nonatt,B,11,4,18,5
0.19659882811290477,0.4193548387096774,-0.14695340501792115,0.42652329749103945,0.1111111111111111,0.7419354838709677,0.2523572874970562,0.2288069620325739,GBM-C,Y12-nonatt,all,11,4,80,18
0.17356388418510338,0.3767660910518053,-0.18341163964753412,0.4058084772370487,0.07692307692307693,0.7346938775510204,0.2616376687812748,0.27930398809480056,GBM-C,Y12-nonatt,A,11,4,62,13
0.48793650793650795,0.5846153846153846,-0.033149677206589796,0.48461538461538467,0.2,0.7692307692307693,0.22039152974030332,0.2345827877167904,GBM-C,Y12-nonatt,B,11,4,18,5
0.19343387471413787,0.3745519713261649,-0.06062152567574662,0.49193548387096775,0.0,0.9838709677419355,0.20824555502472347,0.16475399647671182,MLP-C,Y12-nonatt,all,11,4,80,18
0.1897103146777653,0.37205651491365777,-0.06594907653549753,0.4897959183673469,0.0,0.9795918367346939,0.2021878792856065,0.15693289839067193,MLP-C,Y12-nonatt,A,11,4,62,13
0.2398064353946707,0.3230769230769231,0.0,0.5,0.0,1.0,0.22911088257057072,0.23805570560837905,MLP-C,Y12-nonatt,B,11,4,18,5
0.27577314954524385,0.5331541218637993,-0.015457963192005608,0.49551971326164873,0.05555555555555555,0.9354838709677419,0.19392271637867695,0.14284874250303975,FL-FedAvg,Y12-nonatt,all,11,4,80,18
0.28643697594226797,0.5745682888540031,-0.007040915115573488,0.49764521193092626,0.07692307692307693,0.9183673469387755,0.18866272938649234,0.1893549256393109,FL-FedAvg,Y12-nonatt,A,11,4,62,13
0.31036199095022626,0.4,0.0,0.5,0.0,1.0,0.21204044935175742,0.16496421132837266,FL-FedAvg,Y12-nonatt,B,11,4,18,5
0.2431028973315783,0.4982078853046595,-0.13912166872805048,0.4596774193548387,0.0,0.9193548387096774,0.20280311826100408,0.1634897752032004,FL-FedAvg-E,Y12-nonatt,all,11,4,80,18
0.2498692047190235,0.5259026687598116,-0.13526630756399982,0.45918367346938777,0.0,0.9183673469387755,0.20082378508237683,0.17228044883223692,FL-FedAvg-E,Y12-nonatt,A,11,4,62,13
0.317028657616893,0.46153846153846156,-0.1504142093990467,0.46153846153846156,0.0,0.9230769230769231,0.20962082143183114,0.18880877945609442,FL-FedAvg-E,Y12-nonatt,B,11,4,18,5
0.27577314954524385,0.5331541218637993,-0.015457963192005608,0.49551971326164873,0.05555555555555555,0.9354838709677419,0.19402830075180214,0.12350296508410936,FL-FedProx,Y12-nonatt,all,11,4,80,18
0.28643697594226797,0.5745682888540031,-0.007040915115573488,0.49764521193092626,0.07692307692307693,0.9183673469387755,0.18880681284702472,0.16412672225826536,FL-FedProx,Y12-nonatt,A,11,4,62,13
0.31036199095022626,0.4,0.0,0.5,0.0,1.0,0.21201342575714652,0.16505969327202238,FL-FedProx,Y12-nonatt,B,11,4,18,5
0.37542998347086776,0.6313932980599648,0.015228622596829318,0.503968253968254,0.05555555555555555,0.9523809523809523,0.16558984372671995,0.06397186813282953,LR-A,Y12-nonatt,all,19,0,81,18
0.4102642989447924,0.68,0.028085360665349092,0.5084615384615384,0.07692307692307693,0.94,0.15063434926640815,0.0732368258365144,LR-A,Y12-nonatt,A,19,0,63,13
0.35269841269841273,0.4769230769230769,0.0,0.5,0.0,1.0,0.21793407433781134,0.11546785078073539,LR-A,Y12-nonatt,B,19,0,18,5
0.3380846833341761,0.607583774250441,0.05853937136296941,0.5317460317460317,0.3333333333333333,0.7301587301587301,0.21516376701584708,0.1752109655510152,LR-B,Y12-nonatt,all,19,0,81,18
0.40996908166049945,0.6599999999999999,0.08332051183416778,0.5438461538461539,0.3076923076923077,0.78,0.18457954182214206,0.13897345269027633,LR-B,Y12-nonatt,A,19,0,63,13
0.35501400560224095,0.4307692307692308,-0.05547001962252291,0.46923076923076923,0.4,0.5384615384615384,0.3222085551938147,0.42664055237269005,LR-B,Y12-nonatt,B,19,0,18,5
0.4484799925041142,0.6111111111111112,0.36689969285267143,0.5833333333333334,0.16666666666666666,1.0,0.16103875420522296,0.10254611024679144,LR-C,Y12-nonatt,all,19,0,81,18
0.4693742373760068,0.6415384615384616,0.3551104121142175,0.5769230769230769,0.15384615384615385,1.0,0.14569516612536954,0.1030470653385224,LR-C,Y12-nonatt,A,19,0,63,13
0.44222222222222224,0.4769230769230769,0.39107694443752145,0.6,0.2,1.0,0.2147413124847099,0.16771969498215253,LR-C,Y12-nonatt,B,19,0,18,5
0.38633908626600855,0.5978835978835979,0.0,0.5,0.0,1.0,0.16837093760322142,0.04461449985913407,EN-C,Y12-nonatt,all,19,0,81,18
0.43110447414387126,0.6584615384615385,0.0,0.5,0.0,1.0,0.15725253258161304,0.03959063917734797,EN-C,Y12-nonatt,A,19,0,63,13
0.3222222222222222,0.4,0.0,0.5,0.0,1.0,0.2072853551788506,0.13574799669140175,EN-C,Y12-nonatt,B,19,0,18,5
0.3677677623849439,0.6252204585537919,0.0944911182523068,0.5357142857142857,0.16666666666666666,0.9047619047619048,0.18354986262432824,0.12072882017288988,GBM-C,Y12-nonatt,all,19,0,81,18
0.33350326944190634,0.6738461538461539,0.06933752452815364,0.5269230769230769,0.15384615384615385,0.9,0.1728368572604381,0.08993288450577648,GBM-C,Y12-nonatt,A,19,0,63,13
0.4740384615384616,0.5230769230769231,0.17541160386140586,0.5615384615384615,0.2,0.9230769230769231,0.2210453813979439,0.2907502070839951,GBM-C,Y12-nonatt,B,19,0,18,5
0.3268191019073874,0.5414462081128748,0.11145564251507056,0.5476190476190477,0.2222222222222222,0.873015873015873,0.2155707102019407,0.20429385547127055,MLP-C,Y12-nonatt,all,19,0,81,18
0.31066460517129113,0.5753846153846154,0.06933752452815364,0.5269230769230769,0.15384615384615385,0.9,0.2063580362107981,0.2169151787127723,MLP-C,Y12-nonatt,A,19,0,63,13
0.31543489190548013,0.3846153846153846,0.16923076923076924,0.5846153846153846,0.4,0.7692307692307693,0.2478150691709399,0.2443951290878026,MLP-C,Y12-nonatt,B,19,0,18,5
0.44538732406556314,0.6102292768959436,0.2091650066335189,0.5277777777777778,0.05555555555555555,1.0,0.1737647299806395,0.10672191490411284,FL-FedAvg,Y12-nonatt,all,19,0,81,18
0.4614383339655572,0.6323076923076923,0.24906774069335894,0.5384615384615384,0.07692307692307693,1.0,0.1636636072995122,0.12068848831238234,FL-FedAvg,Y12-nonatt,A,19,0,63,13
0.4612698412698413,0.5076923076923077,0.0,0.5,0.0,1.0,0.20911865936458507,0.13049088939155476,FL-FedAvg,Y12-nonatt,B,19,0,18,5
0.48937651762530243,0.6516754850088183,0.36689969285267143,0.5833333333333334,0.16666666666666666,1.0,0.17530018160002508,0.1633945854515221,FL-FedAvg-E,Y12-nonatt,all,19,0,81,18
0.5524067144007949,0.6784615384615384,0.4385290096535146,0.6153846153846154,0.23076923076923078,1.0,0.1636846884948256,0.18593966418504423,FL-FedAvg-E,Y12-nonatt,A,19,0,63,13
0.45714285714285713,0.5384615384615384,0.0,0.5,0.0,1.0,0.21595440746822317,0.16530050394800927,FL-FedAvg-E,Y12-nonatt,B,19,0,18,5
0.4493555780338171,0.6111111111111112,0.2091650066335189,0.5277777777777778,0.05555555555555555,1.0,0.1739474142554328,0.10761049614427115,FL-FedProx,Y12-nonatt,all,19,0,81,18
0.4614383339655572,0.6323076923076923,0.24906774069335894,0.5384615384615384,0.07692307692307693,1.0,0.16388114547816393,0.12159418472892465,FL-FedProx,Y12-nonatt,A,19,0,63,13
0.4612698412698413,0.5076923076923077,0.0,0.5,0.0,1.0,0.20917935497587392,0.1306896513622121,FL-FedProx,Y12-nonatt,B,19,0,18,5
0.2547447912414653,0.5370370370370371,-0.03779644730092273,0.4880952380952381,0.05555555555555555,0.9206349206349206,0.1997882884414875,0.12071449290138833,LR-A,Y12-nonatt,all,19,1,81,18
0.2437650938712935,0.5430769230769231,-0.13276715950892298,0.46,0.0,0.92,0.19357199302673753,0.11882673048321364,LR-A,Y12-nonatt,A,19,1,63,13
0.4854901960784314,0.5846153846153845,0.17541160386140586,0.5615384615384615,0.2,0.9230769230769231,0.22154532239311212,0.2251700635985277,LR-A,Y12-nonatt,B,19,1,18,5
0.29806845561242057,0.5590828924162257,0.07021094974994095,0.5277777777777778,0.16666666666666666,0.8888888888888888,0.19117483919349665,0.10731294096837968,LR-B,Y12-nonatt,all,19,1,81,18
0.2812886337300794,0.5876923076923077,0.016012815380508715,0.5069230769230769,0.15384615384615385,0.86,0.18478916244233995,0.13952671189898636,LR-B,Y12-nonatt,A,19,1,63,13
0.5026143790849673,0.4923076923076923,0.39107694443752145,0.6,0.2,1.0,0.21352470782254504,0.20678739983597624,LR-B,Y12-nonatt,B,19,1,18,5
0.2909400318817153,0.5767195767195767,-0.12182898077463454,0.46825396825396826,0.0,0.9365079365079365,0.18165102915102668,0.08366672630938948,LR-C,Y12-nonatt,all,19,1,81,18
0.27994591992865964,0.6015384615384616,-0.13276715950892298,0.46,0.0,0.92,0.1732639782240552,0.09086457735613243,LR-C,Y12-nonatt,A,19,1,63,13
0.3921568627450981,0.5384615384615385,0.0,0.5,0.0,1.0,0.2110057073954268,0.12568550061629447,LR-C,Y12-nonatt,B,19,1,18,5
0.2771749873691969,0.5740740740740741,0.0,0.5,0.0,1.0,0.1733154333529677,0.03173628689903771,EN-C,Y12-nonatt,all,19,1,81,18
0.2503416333361388,0.5723076923076923,0.0,0.5,0.0,1.0,0.16623805476726353,0.04907507044183605,EN-C,Y12-nonatt,A,19,1,63,13
0.5740384615384615,0.5538461538461539,0.0,0.5,0.0,1.0,0.19808625840293229,0.21534355346238793,EN-C,Y12-nonatt,B,19,1,18,5
0.21951118844860107,0.48853615520282184,-0.13710212427677046,0.4603174603174603,0.0,0.9206349206349206,0.21055368185383874,0.16492531332262442,GBM-C,Y12-nonatt,all,19,1,81,18
0.21521823876641127,0.4969230769230769,-0.11401754250991379,0.47,0.0,0.94,0.19524744838844815,0.1426646144637512,GBM-C,Y12-nonatt,A,19,1,63,13
0.2854256854256854,0.4461538461538461,-0.21926450482675733,0.4230769230769231,0.0,0.8461538461538461,0.2641254989827059,0.2838744119476195,GBM-C,Y12-nonatt,B,19,1,18,5
0.25728025104316216,0.5564373897707231,-0.07741544216066654,0.4722222222222222,0.05555555555555555,0.8888888888888888,0.20588357434612045,0.1653182800253554,MLP-C,Y12-nonatt,all,19,1,81,18
0.24820885416553723,0.5661538461538461,-0.05547001962252291,0.4784615384615385,0.07692307692307693,0.88,0.20430881268235773,0.18588890347601844,MLP-C,Y12-nonatt,A,19,1,63,13
0.37583333333333335,0.5538461538461539,-0.1504142093990467,0.46153846153846156,0.0,0.9230769230769231,0.2113952401692901,0.09332109794803473,MLP-C,Y12-nonatt,B,19,1,18,5
0.2878997272904959,0.5696649029982364,-0.10482848367219184,0.47619047619047616,0.0,0.9523809523809523,0.18545693276521177,0.1342033422131614,FL-FedAvg,Y12-nonatt,all,19,1,81,18
0.26754631769365633,0.5692307692307692,-0.11401754250991379,0.47,0.0,0.94,0.1825931132256316,0.13632431972523681,FL-FedAvg,Y12-nonatt,A,19,1,63,13
0.4785839160839161,0.5384615384615384,0.0,0.5,0.0,1.0,0.1954803011537425,0.20664090682168249,FL-FedAvg,Y12-nonatt,B,19,1,18,5
0.3029961323552221,0.5740740740740741,0.015228622596829318,0.503968253968254,0.05555555555555555,0.9523809523809523,0.18776800419138104,0.14494695385768866,FL-FedAvg-E,Y12-nonatt,all,19,1,81,18
0.2993339511792501,0.6000000000000001,0.028085360665349092,0.5084615384615384,0.07692307692307693,0.94,0.18418324681548703,0.16489956358544475,FL-FedAvg-E,Y12-nonatt,A,19,1,63,13
0.5891666666666666,0.6000000000000001,0.0,0.5,0.0,1.0,0.20031465500701012,0.12420255137089034,FL-FedAvg-E,Y12-nonatt,B,19,1,18,5
0.2883406443980797,0.5705467372134039,-0.10482848367219184,0.47619047619047616,0.0,0.9523809523809523,0.18561235986598856,0.13492218998890626,FL-FedProx,Y12-nonatt,all,19,1,81,18
0.2682080215811667,0.5707692307692308,-0.11401754250991379,0.47,0.0,0.94,0.18278722582497872,0.13708958801945673,FL-FedProx,Y12-nonatt,A,19,1,63,13
0.4785839160839161,0.5384615384615384,0.0,0.5,0.0,1.0,0.19550032900952308,0.20657363797484793,FL-FedProx,Y12-nonatt,B,19,1,18,5
0.2547367465632603,0.5564892623716153,0.021030505843376807,0.5056022408963585,0.058823529411764705,0.9523809523809523,0.18644741980778393,0.08730019397869104,LR-A,Y12-nonatt,all,19,2,80,17
0.26643555004455516,0.59,0.037523938719322816,0.5116666666666666,0.08333333333333333,0.94,0.17181893434293227,0.08087332209851404,LR-A,Y12-nonatt,A,19,2,62,12
0.3060606060606061,0.5076923076923077,0.0,0.5,0.0,1.0,0.2368344252978284,0.2113027669034869,LR-A,Y12-nonatt,B,19,2,18,5
0.2012083552798197,0.44631185807656404,-0.014678923792502564,0.49299719887955185,0.17647058823529413,0.8095238095238095,0.2512651555868231,0.21891772976093188,LR-B,Y12-nonatt,all,19,2,80,17
0.17669646047690912,0.39166666666666666,0.028347335475692043,0.515,0.25,0.78,0.2617353459964777,0.2764899419903476,LR-B,Y12-nonatt,A,19,2,62,12
0.40793650793650793,0.6000000000000001,-0.1504142093990467,0.46153846153846156,0.0,0.9230769230769231,0.21520116639801257,0.264883474429831,LR-B,Y12-nonatt,B,19,2,18,5
0.2270852911521361,0.5135387488328664,0.021030505843376807,0.5056022408963585,0.058823529411764705,0.9523809523809523,0.19168252849795098,0.13140887228922937,LR-C,Y12-nonatt,all,19,2,80,17
0.22477005773169914,0.525,0.037523938719322816,0.5116666666666666,0.08333333333333333,0.94,0.18353163349035947,0.17188720302572402,LR-C,Y12-nonatt,A,19,2,62,12
0.3264194139194139,0.523076923076923,0.0,0.5,0.0,1.0,0.21975783352409956,0.18890077929359173,LR-C,Y12-nonatt,B,19,2,18,5
0.23292614989956129,0.5480859010270775,-0.08318056815751451,0.48412698412698413,0.0,0.9682539682539683,0.17665757379248828,0.05301895014883252,EN-C,Y12-nonatt,all,19,2,80,17
0.2341157502780272,0.5733333333333334,-0.08944271909999159,0.48,0.0,0.96,0.16660028881126507,0.074920529365261,EN-C,Y12-nonatt,A,19,2,62,12
0.3527124183006536,0.5692307692307692,0.0,0.5,0.0,1.0,0.21129933317225716,0.1619166795482319,EN-C,Y12-nonatt,B,19,2,18,5
0.18759136412932104,0.3874883286647993,-0.18333969940564226,0.4103641456582633,0.058823529411764705,0.7619047619047619,0.2648125792807447,0.26740869563117164,GBM-C,Y12-nonatt,all,19,2,80,17
0.17505239850998217,0.365,-0.19562701126437496,0.39166666666666666,0.08333333333333333,0.7,0.2759379724495094,0.2905780731061012,GBM-C,Y12-nonatt,A,19,2,62,12
0.34417151475975005,0.49230769230769234,0.0,0.5,0.0,1.0,0.2264917805883332,0.21705516633083052,GBM-C,Y12-nonatt,B,19,2,18,5
0.19038514117821673,0.38935574229691877,-0.1341246360271594,0.4603174603174603,0.0,0.9206349206349206,0.21093310967462364,0.1958646847951867,MLP-C,Y12-nonatt,all,19,2,80,17
0.16650846573736822,0.35333333333333333,-0.14509525002200235,0.45,0.0,0.9,0.21350520097227885,0.22768942784453408,MLP-C,Y12-nonatt,A,19,2,62,12
0.4398934398934399,0.5076923076923077,0.0,0.5,0.0,1.0,0.20207368409381116,0.08624612540299005,MLP-C,Y12-nonatt,B,19,2,18,5
0.21811498249996897,0.5042016806722689,-0.007889684472185849,0.4976657329598506,0.058823529411764705,0.9365079365079365,0.1912389604642482,0.10852102456573794,FL-FedAvg,Y12-nonatt,all,19,2,80,17
0.21111870385568282,0.505,0.0048365083340667445,0.5016666666666667,0.08333333333333333,0.92,0.18711835790045736,0.15040648109192625,FL-FedAvg,Y12-nonatt,A,19,2,62,12
0.34391941391941394,0.5538461538461539,0.0,0.5,0.0,1.0,0.20543214707286103,0.16415530174518286,FL-FedAvg,Y12-nonatt,B,19,2,18,5
0.20493018269779717,0.4715219421101774,-0.0712987719910831,0.4738562091503268,0.058823529411764705,0.8888888888888888,0.20658785632746968,0.13042277145890763,FL-FedAvg-E,Y12-nonatt,all,19,2,80,17
0.19206472594315802,0.46166666666666667,-0.06678230711206282,0.4716666666666667,0.08333333333333333,0.86,0.2069383278483872,0.18469224825194872,FL-FedAvg-E,Y12-nonatt,A,19,2,62,12
0.3505984211866564,0.5538461538461539,0.0,0.5,0.0,1.0,0.20538067664430942,0.17888964545922986,FL-FedAvg-E,Y12-nonatt,B,19,2,18,5
0.21811498249996897,0.5042016806722689,-0.007889684472185849,0.4976657329598506,0.058823529411764705,0.9365079365079365,0.19135792160641257,0.10942655072413464,FL-FedProx,Y12-nonatt,all,19,2,80,17
0.21111870385568282,0.505,0.0048365083340667445,0.5016666666666667,0.08333333333333333,0.92,0.18726325779302766,0.15034532392479802,FL-FedProx,Y12-nonatt,A,19,2,62,12
0.34391941391941394,0.5538461538461539,0.0,0.5,0.0,1.0,0.20546176363029375,0.16465741279024762,FL-FedProx,Y12-nonatt,B,19,2,18,5
0.2917029461540486,0.5116487455197133,0.10820574234403926,0.5313620071684588,0.1111111111111111,0.9516129032258065,0.1900357500576148,0.11870126985734712,LR-A,Y12-nonatt,all,19,3,80,18
0.29742895730012064,0.5384615384615385,0.1384713306062786,0.5463108320251178,0.15384615384615385,0.9387755102040817,0.17779538439661516,0.10416153380035437,LR-A,Y12-nonatt,A,19,3,62,13
0.44336898395721924,0.4615384615384615,0.0,0.5,0.0,1.0,0.23219700955661363,0.17001746710650578,LR-A,Y12-nonatt,B,19,3,18,5
0.2263415098847027,0.45340501792114696,0.0703917644729289,0.5376344086021505,0.3333333333333333,0.7419354838709677,0.2765540766604701,0.2508513935978951,LR-B,Y12-nonatt,all,19,3,80,18
0.27970901841335566,0.4646781789638933,0.07908818243862456,0.5416012558869702,0.3076923076923077,0.7755102040816326,0.251336321294969,0.2530032496039406,LR-B,Y12-nonatt,A,19,3,62,13
0.2592630898513252,0.3692307692307692,0.01413506985480439,0.5076923076923077,0.4,0.6153846153846154,0.3634152340305295,0.4068848247020152,LR-B,Y12-nonatt,B,19,3,18,5
0.24029321474553433,0.47401433691756273,-0.06062152567574662,0.49193548387096775,0.0,0.9838709677419355,0.18988491295296006,0.11143727090570675,LR-C,Y12-nonatt,all,19,3,80,18
0.2688219084380735,0.5133437990580848,-0.06594907653549753,0.4897959183673469,0.0,0.9795918367346939,0.17628382396899467,0.11351666653573582,LR-C,Y12-nonatt,A,19,3,62,13
0.2787868993751347,0.39999999999999997,0.0,0.5,0.0,1.0,0.23673310834217431,0.17571416683786184,LR-C,Y12-nonatt,B,19,3,18,5
0.2144934376613574,0.446236559139785,0.0,0.5,0.0,1.0,0.1818472185413718,0.07720596479625602,EN-C,Y12-nonatt,all,19,3,80,18
0.26878478676946355,0.48665620094191525,0.0,0.5,0.0,1.0,0.16883936359925866,0.06353851999077427,EN-C,Y12-nonatt,A,19,3,62,13
0.2717094017094017,0.3538461538461538,0.0,0.5,0.0,1.0,0.22665205223087254,0.14951887354463178,EN-C,Y12-nonatt,B,19,3,18,5
0.22089722467741746,0.48118279569892475,-0.16685068644963405,0.4435483870967742,0.0,0.8870967741935484,0.2219419222022882,0.17663940754518676,GBM-C,Y12-nonatt,all,19,3,80,18
0.23263522761441927,0.5321821036106751,-0.15255316083742557,0.4489795918367347,0.0,0.8979591836734694,0.1948792022576821,0.13759004082097573,GBM-C,Y12-nonatt,A,19,3,62,13
0.259281045751634,0.3538461538461538,-0.21926450482675733,0.4230769230769231,0.0,0.8461538461538461,0.31515795756704257,0.31114278181746907,GBM-C,Y12-nonatt,B,19,3,18,5
0.348570782810801,0.5976702508960574,0.10545283989955931,0.5197132616487455,0.05555555555555555,0.9838709677419355,0.18664460375092262,0.13421677783299094,MLP-C,Y12-nonatt,all,19,3,80,18
0.38010186733994605,0.6405023547880692,0.13020934719647143,0.5282574568288854,0.07692307692307693,0.9795918367346939,0.18442649675164663,0.16226693766094022,MLP-C,Y12-nonatt,A,19,3,62,13
0.32073260073260074,0.5538461538461539,0.0,0.5,0.0,1.0,0.19428475008176194,0.21072390965983562,MLP-C,Y12-nonatt,B,19,3,18,5
0.2586668306142056,0.4327956989247312,0.20880747732757168,0.5277777777777778,0.05555555555555555,1.0,0.1927652535353459,0.14163845823120294,FL-FedAvg,Y12-nonatt,all,19,3,80,18
0.28959779632476823,0.48194662480376765,0.24857728847995222,0.5384615384615384,0.07692307692307693,1.0,0.181595849173205,0.14601173733636005,FL-FedAvg,Y12-nonatt,A,19,3,62,13
0.2583760683760684,0.30769230769230765,0.0,0.5,0.0,1.0,0.2312376463382756,0.1265749413134393,FL-FedAvg,Y12-nonatt,B,19,3,18,5
0.2108162344554194,0.4444444444444445,-0.13912166872805048,0.4596774193548387,0.0,0.9193548387096774,0.19958725830016727,0.1364192044276848,FL-FedAvg-E,Y12-nonatt,all,19,3,80,18
0.22272206184644933,0.48037676609105184,-0.11614706978413032,0.46938775510204084,0.0,0.9387755102040817,0.18910403579974586,0.15002235702283087,FL-FedAvg-E,Y12-nonatt,A,19,3,62,13
0.25072829131652663,0.35384615384615387,-0.21926450482675733,0.4230769230769231,0.0,0.8461538461538461,0.23569613580161886,0.20502353685943528,FL-FedAvg-E,Y12-nonatt,B,19,3,18,5
0.2586668306142056,0.4327956989247312,0.20880747732757168,0.5277777777777778,0.05555555555555555,1.0,0.19288654011255443,0.14153746057297256,FL-FedProx,Y12-nonatt,all,19,3,80,18
0.28959779632476823,0.48194662480376765,0.24857728847995222,0.5384615384615384,0.07692307692307693,1.0,0.18175785510864134,0.14601070815013323,FL-FedProx,Y12-nonatt,A,19,3,62,13
0.2583760683760684,0.30769230769230765,0.0,0.5,0.0,1.0,0.23121867734825508,0.12612960780719695,FL-FedProx,Y12-nonatt,B,19,3,18,5
0.3017095564398959,0.42383512544802865,0.2971852760805762,0.5555555555555556,0.1111111111111111,1.0,0.1945600182183224,0.1909044964170498,LR-A,Y12-nonatt,all,19,4,80,18
0.3378517382337834,0.4662480376766091,0.35445877847928337,0.5769230769230769,0.15384615384615385,1.0,0.17817202330178394,0.16932440447000033,LR-A,Y12-nonatt,A,19,4,62,13
0.30275515334338865,0.36923076923076925,0.0,0.5,0.0,1.0,0.25100755626417687,0.2652359242346646,LR-A,Y12-nonatt,B,19,4,18,5
0.278196356712735,0.4632616487455197,0.03456505649101418,0.5179211469534051,0.2777777777777778,0.7580645161290323,0.26085525507115115,0.25826684095794367,LR-B,Y12-nonatt,all,19,4,80,18
0.23826362915156113,0.42543171114599687,-0.03213024650430299,0.4827315541601256,0.23076923076923078,0.7346938775510204,0.27687033438512365,0.2883481184294367,LR-B,Y12-nonatt,A,19,4,62,13
0.5972222222222223,0.6000000000000001,0.26519741765271837,0.6230769230769231,0.4,0.8461538461538461,0.20569220410080127,0.19182322236456356,LR-B,Y12-nonatt,B,19,4,18,5
0.24540038392942964,0.40412186379928317,0.20880747732757168,0.5277777777777778,0.05555555555555555,1.0,0.19632100083556994,0.12739236849102253,LR-C,Y12-nonatt,all,19,4,80,18
0.2546925684714602,0.4113029827315542,0.24857728847995222,0.5384615384615384,0.07692307692307693,1.0,0.18694065774713625,0.14342815680410925,LR-C,Y12-nonatt,A,19,4,62,13
0.3571598336304218,0.43076923076923074,0.0,0.5,0.0,1.0,0.22863107147350833,0.1629876993897295,LR-C,Y12-nonatt,B,19,4,18,5
0.2810344518895188,0.4516129032258064,0.0,0.5,0.0,1.0,0.17964983047489272,0.1062274737321432,EN-C,Y12-nonatt,all,19,4,80,18
0.31679964771561886,0.46938775510204084,0.0,0.5,0.0,1.0,0.1695577574663406,0.12515261412334996,EN-C,Y12-nonatt,A,19,4,62,13
0.3022222222222222,0.47692307692307695,0.0,0.5,0.0,1.0,0.21441141528212784,0.11246512091675837,EN-C,Y12-nonatt,B,19,4,18,5
0.2132888278258727,0.3888888888888889,-0.058682803063249966,0.47491039426523296,0.1111111111111111,0.8387096774193549,0.24354503542500422,0.24397722442565667,GBM-C,Y12-nonatt,all,19,4,80,18
0.23743144583336329,0.3987441130298274,-0.010425091187368283,0.49529042386185246,0.15384615384615385,0.8367346938775511,0.2310164841922859,0.2670009156029347,GBM-C,Y12-nonatt,A,19,4,62,13
0.302156862745098,0.4461538461538462,-0.21926450482675733,0.4230769230769231,0.0,0.8461538461538461,0.2866989341154784,0.2936447189615397,GBM-C,Y12-nonatt,B,19,4,18,5
0.240542160086415,0.4775985663082437,-0.011817161289227777,0.4946236559139785,0.16666666666666666,0.8225806451612904,0.22296233201198143,0.19135546966112707,MLP-C,Y12-nonatt,all,19,4,80,18
0.21724937403305275,0.45525902668759816,-0.0706436420722135,0.46467817896389324,0.15384615384615385,0.7755102040816326,0.22616573814095323,0.209869091295587,MLP-C,Y12-nonatt,A,19,4,62,13
0.45583333333333337,0.5384615384615385,0.39107694443752145,0.6,0.2,1.0,0.21192837756774524,0.17633163639128197,MLP-C,Y12-nonatt,B,19,4,18,5
0.29025280776435713,0.4560931899641577,0.20880747732757168,0.5277777777777778,0.05555555555555555,1.0,0.18817316759079475,0.15686823797367488,FL-FedAvg,Y12-nonatt,all,19,4,80,18
0.31666636585827845,0.47566718995290425,0.24857728847995222,0.5384615384615384,0.07692307692307693,1.0,0.18219793937023968,0.18190432561458048,FL-FedAvg,Y12-nonatt,A,19,4,62,13
0.3287823287823288,0.4461538461538461,0.0,0.5,0.0,1.0,0.20875450923937344,0.08046176882028232,FL-FedAvg,Y12-nonatt,B,19,4,18,5
0.30423749677390555,0.4560931899641577,0.013734760723838819,0.503584229390681,0.05555555555555555,0.9516129032258065,0.19501678396966132,0.12672269356902094,FL-FedAvg-E,Y12-nonatt,all,19,4,80,18
0.30368775106679474,0.4583987441130299,0.02601275145461535,0.5078492935635793,0.07692307692307693,0.9387755102040817,0.19207184667872634,0.16243932831007926,FL-FedAvg-E,Y12-nonatt,A,19,4,62,13
0.43596638655462183,0.4769230769230769,0.0,0.5,0.0,1.0,0.2051604568606595,0.04128767981321336,FL-FedAvg-E,Y12-nonatt,B,19,4,18,5
0.29025280776435713,0.4560931899641577,0.20880747732757168,0.5277777777777778,0.05555555555555555,1.0,0.18824626164523595,0.15759937459940845,FL-FedProx,Y12-nonatt,all,19,4,80,18
0.31666636585827845,0.47566718995290425,0.24857728847995222,0.5384615384615384,0.07692307692307693,1.0,0.18231376233924027,0.18262826026334988,FL-FedProx,Y12-nonatt,A,19,4,62,13
0.3287823287823288,0.4461538461538461,0.0,0.5,0.0,1.0,0.20868042592144323,0.08020512712341467,FL-FedProx,Y12-nonatt,B,19,4,18,5
0.4670123493409134,0.6790123456790124,0.28934382933975705,0.5753968253968254,0.16666666666666666,0.9841269841269841,0.155927166955021,0.10124021918840836,LR-A,Y12-nonatt,all,23,0,81,18
0.5137904603641387,0.7553846153846153,0.34979040101389325,0.6053846153846154,0.23076923076923078,0.98,0.13894208336070454,0.11704340160585862,LR-A,Y12-nonatt,A,23,0,63,13
0.4196428571428571,0.5538461538461539,0.0,0.5,0.0,1.0,0.21537495953512875,0.13001022587018438,LR-A,Y12-nonatt,B,23,0,18,5
0.23071495615742166,0.4223985890652557,-0.05572782125753528,0.47619047619047616,0.1111111111111111,0.8412698412698413,0.23677974734498194,0.21877854978112127,LR-B,Y12-nonatt,all,23,0,81,18
0.2339156984001566,0.4246153846153846,-0.027880093677272136,0.4869230769230769,0.15384615384615385,0.82,0.23699279277160218,0.23832157412725108,LR-B,Y12-nonatt,A,23,0,63,13
0.32003565062388595,0.43076923076923074,-0.1504142093990467,0.46153846153846156,0.0,0.9230769230769231,0.23603408835181122,0.18723604582286474,LR-B,Y12-nonatt,B,23,0,18,5
0.46506110306568293,0.6093474426807761,0.2091650066335189,0.5277777777777778,0.05555555555555555,1.0,0.16247175482843898,0.09383320570282391,LR-C,Y12-nonatt,all,23,0,81,18
0.53620807886231,0.6676923076923078,0.24906774069335894,0.5384615384615384,0.07692307692307693,1.0,0.14721724441241552,0.1288223852167999,LR-C,Y12-nonatt,A,23,0,63,13
0.3118939393939394,0.49230769230769234,0.0,0.5,0.0,1.0,0.21586254128452112,0.12322728703259676,LR-C,Y12-nonatt,B,23,0,18,5
0.39715565894822913,0.5740740740740741,0.0,0.5,0.0,1.0,0.16723968484907703,0.03066514144810488,EN-C,Y12-nonatt,all,23,0,81,18
0.4582154330700212,0.6307692307692307,0.0,0.5,0.0,1.0,0.15479405285519401,0.057295002995083,EN-C,Y12-nonatt,A,23,0,63,13
0.2901098901098901,0.4769230769230769,0.0,0.5,0.0,1.0,0.2107993968276677,0.10108720185942738,EN-C,Y12-nonatt,B,23,0,18,5
0.2363045582827244,0.5326278659611993,-0.020060271357125986,0.4920634920634921,0.1111111111111111,0.873015873015873,0.2133607787386879,0.17822940504424115,GBM-C,Y12-nonatt,all,23,0,81,18
0.23355109969439153,0.5384615384615385,0.016012815380508715,0.5069230769230769,0.15384615384615385,0.86,0.20395814702869328,0.15744799037160523,GBM-C,Y12-nonatt,A,23,0,63,13
0.3096320346320346,0.5230769230769231,-0.1504142093990467,0.46153846153846156,0.0,0.9230769230769231,0.24626998972366923,0.26680815815778425,GBM-C,Y12-nonatt,B,23,0,18,5
0.38706172330930233,0.5943562610229277,-0.05976143046671969,0.49206349206349204,0.0,0.9841269841269841,0.18477799596959263,0.15372373252905466,MLP-C,Y12-nonatt,all,23,0,81,18
0.2772635953250664,0.4723076923076923,0.0,0.5,0.0,1.0,0.18710170973064727,0.164802509751375,MLP-C,Y12-nonatt,A,23,0,63,13
0.6433333333333333,0.8615384615384616,-0.1504142093990467,0.46153846153846156,0.0,0.9230769230769231,0.1766449978059012,0.28795513187795063,MLP-C,Y12-nonatt,B,23,0,18,5
0.43480767699460765,0.5952380952380952,0.2091650066335189,0.5277777777777778,0.05555555555555555,1.0,0.17119866757285535,0.09078039424083534,FL-FedAvg,Y12-nonatt,all,23,0,81,18
0.5085201405289617,0.6723076923076924,0.24906774069335894,0.5384615384615384,0.07692307692307693,1.0,0.16211602219320018,0.12251825484796727,FL-FedAvg,Y12-nonatt,A,23,0,63,13
0.2961813186813187,0.47692307692307695,0.0,0.5,0.0,1.0,0.20298792640164823,0.19705062714601668,FL-FedAvg,Y12-nonatt,B,23,0,18,5
0.31390250927792995,0.5308641975308642,0.15228622596829317,0.5396825396825397,0.1111111111111111,0.9682539682539683,0.18186780149647927,0.11095616097346998,FL-FedAvg-E,Y12-nonatt,all,23,0,81,18
0.34488601540776387,0.5846153846153845,0.18893788083962115,0.5569230769230769,0.15384615384615385,0.96,0.1753441736020809,0.13665155003321777,FL-FedAvg-E,Y12-nonatt,A,23,0,63,13
0.314514652014652,0.49230769230769234,0.0,0.5,0.0,1.0,0.2047004991268736,0.09637070090040377,FL-FedAvg-E,Y12-nonatt,B,23,0,18,5
0.43480767699460765,0.5952380952380952,0.2091650066335189,0.5277777777777778,0.05555555555555555,1.0,0.17135613908865582,0.09172155633224219,FL-FedProx,Y12-nonatt,all,23,0,81,18
0.5085201405289617,0.6723076923076924,0.24906774069335894,0.5384615384615384,0.07692307692307693,1.0,0.16232553805754604,0.12343041883280212,FL-FedProx,Y12-nonatt,A,23,0,63,13
0.2961813186813187,0.47692307692307695,0.0,0.5,0.0,1.0,0.20296324269753993,0.19668338334722388,FL-FedProx,Y12-nonatt,B,23,0,18,5
0.3240163579790954,0.6843033509700177,-0.08504865111251246,0.48412698412698413,0.0,0.9682539682539683,0.17275017224464775,0.07843989434815425,LR-A,Y12-nonatt,all,23,1,81,18
0.35541594391661724,0.7446153846153846,-0.06475761258027332,0.49,0.0,0.98,0.1577739344822365,0.12873128379982424,LR-A,Y12-nonatt,A,23,1,63,13
0.3375048480930834,0.4769230769230769,-0.1504142093990467,0.46153846153846156,0.0,0.9230769230769231,0.22516700441308693,0.23441740885534937,LR-A,Y12-nonatt,B,23,1,18,5
0.4152336326935616,0.6587301587301587,0.12439616414631,0.5674603174603174,0.3888888888888889,0.746031746031746,0.20129408074610725,0.20966516144149422,LR-B,Y12-nonatt,all,23,1,81,18
0.38706479661335397,0.6723076923076923,0.1276923076923077,0.5638461538461539,0.3076923076923077,0.82,0.18804225595471272,0.2062581669542237,LR-B,Y12-nonatt,A,23,1,63,13
0.7254901960784312,0.6923076923076923,0.05547001962252291,0.5307692307692308,0.6,0.46153846153846156,0.24767546751598804,0.4143852416953959,LR-B,Y12-nonatt,B,23,1,18,5
0.3653056411729224,0.7107583774250441,-0.05976143046671969,0.49206349206349204,0.0,0.9841269841269841,0.16245672007528864,0.05843652886329175,LR-C,Y12-nonatt,all,23,1,81,18
0.4089110434683406,0.7723076923076924,-0.06475761258027332,0.49,0.0,0.98,0.14773478495230777,0.08686611148927727,LR-C,Y12-nonatt,A,23,1,63,13
0.38535714285714284,0.5538461538461539,0.0,0.5,0.0,1.0,0.21398349300572186,0.12964903430393115,LR-C,Y12-nonatt,B,23,1,18,5
0.349494084637111,0.6746031746031746,0.0,0.5,0.0,1.0,0.16595301638263105,0.04013218213412395,EN-C,Y12-nonatt,all,23,1,81,18
0.4047709876148966,0.7446153846153847,0.0,0.5,0.0,1.0,0.15340000715343763,0.0649248713421349,EN-C,Y12-nonatt,A,23,1,63,13
0.34120448179271706,0.4923076923076923,0.0,0.5,0.0,1.0,0.209888548684808,0.09174529548464341,EN-C,Y12-nonatt,B,23,1,18,5
0.28897303621821874,0.582010582010582,0.0,0.5,0.1111111111111111,0.8888888888888888,0.19199603396156725,0.12606110143166788,GBM-C,Y12-nonatt,all,23,1,81,18
0.2580845578785475,0.5661538461538462,-0.05547001962252291,0.4784615384615385,0.07692307692307693,0.88,0.18855144154882184,0.10807202883601875,GBM-C,Y12-nonatt,A,23,1,63,13
0.48249999999999993,0.6461538461538462,0.17541160386140586,0.5615384615384615,0.2,0.9230769230769231,0.20405210740617633,0.18902285551643974,GBM-C,Y12-nonatt,B,23,1,18,5
0.35136758084631825,0.5476190476190477,0.0,0.5,0.0,1.0,0.18489596955032805,0.12169337377802274,MLP-C,Y12-nonatt,all,23,1,81,18
0.28804826746150985,0.48923076923076925,0.0,0.5,0.0,1.0,0.1844181882153308,0.1439692993335889,MLP-C,Y12-nonatt,A,23,1,63,13
0.6342857142857143,0.7538461538461539,0.0,0.5,0.0,1.0,0.18656820422281853,0.09835990343656736,MLP-C,Y12-nonatt,B,23,1,18,5
0.36354614235040583,0.6851851851851852,-0.05976143046671969,0.49206349206349204,0.0,0.9841269841269841,0.1720407820585367,0.09008546490178931,FL-FedAvg,Y12-nonatt,all,23,1,81,18
0.4044094190528825,0.7630769230769231,-0.06475761258027332,0.49,0.0,0.98,0.16049112633850948,0.10602838805902572,FL-FedAvg,Y12-nonatt,A,23,1,63,13
0.34096638655462186,0.4615384615384615,0.0,0.5,0.0,1.0,0.21246457707863195,0.06222329366650814,FL-FedAvg,Y12-nonatt,B,23,1,18,5
0.3301407690736655,0.6587301587301587,-0.08504865111251246,0.48412698412698413,0.0,0.9682539682539683,0.17759889806197174,0.1123248524315472,FL-FedAvg-E,Y12-nonatt,all,23,1,81,18
0.3410847389301177,0.7076923076923077,-0.09232870714969656,0.48,0.0,0.96,0.16815746371330234,0.1260428611841149,FL-FedAvg-E,Y12-nonatt,A,23,1,63,13
0.3761904761904762,0.5692307692307692,0.0,0.5,0.0,1.0,0.21064391828231468,0.19451998721919855,FL-FedAvg-E,Y12-nonatt,B,23,1,18,5
0.3639978135337843,0.6860670194003528,-0.05976143046671969,0.49206349206349204,0.0,0.9841269841269841,0.17221521547993915,0.09100985535287276,FL-FedProx,Y12-nonatt,all,23,1,81,18
0.4053192618982093,0.7646153846153847,-0.06475761258027332,0.49,0.0,0.98,0.16070835213483683,0.10695202632551466,FL-FedProx,Y12-nonatt,A,23,1,63,13
0.34096638655462186,0.4615384615384615,0.0,0.5,0.0,1.0,0.21248923718779694,0.062331106042000275,FL-FedProx,Y12-nonatt,B,23,1,18,5
0.3532024765397456,0.5620915032679739,0.21658694143873736,0.5294117647058824,0.058823529411764705,1.0,0.16945589571650238,0.10012728165129925,LR-A,Y12-nonatt,all,23,2,80,17
0.39599273490194425,0.6316666666666666,0.2613541867446583,0.5416666666666666,0.08333333333333333,1.0,0.1501159201134888,0.1071323065980727,LR-A,Y12-nonatt,A,23,2,62,12
0.31343434343434345,0.4,0.0,0.5,0.0,1.0,0.23607136723799385,0.15270162305843138,LR-A,Y12-nonatt,B,23,2,18,5
0.2445716833749771,0.3958916900093371,-0.04765818067214009,0.47245564892623715,0.29411764705882354,0.6507936507936508,0.3028280572604515,0.2995502613465722,LR-B,Y12-nonatt,all,23,2,80,17
0.19336708212574732,0.4416666666666667,0.011268723396380222,0.5066666666666667,0.3333333333333333,0.68,0.2839875026917186,0.2647721998956647,LR-B,Y12-nonatt,A,23,2,62,12
0.3845588235294118,0.2923076923076923,-0.24029618753167464,0.36923076923076925,0.2,0.5384615384615384,0.36772330077497567,0.4521250246257622,LR-B,Y12-nonatt,B,23,2,18,5
0.2546302960802598,0.4631185807656396,0.11253841574251965,0.5214752567693743,0.058823529411764705,0.9841269841269841,0.18382015682183817,0.13676722180006287,LR-C,Y12-nonatt,all,23,2,80,17
0.2909613675367894,0.5266666666666667,0.2613541867446583,0.5416666666666666,0.08333333333333333,1.0,0.1630369211952432,0.10711414115083219,LR-C,Y12-nonatt,A,23,2,62,12
0.23666666666666666,0.3076923076923077,-0.1504142093990467,0.46153846153846156,0.0,0.9230769230769231,0.255406857313443,0.2702191248939071,LR-C,Y12-nonatt,B,23,2,18,5
0.2807016791804616,0.5368814192343605,0.21658694143873736,0.5294117647058824,0.058823529411764705,1.0,0.1679954945821044,0.045708121119937106,EN-C,Y12-nonatt,all,23,2,80,17
0.30400442454176757,0.5316666666666666,0.2613541867446583,0.5416666666666666,0.08333333333333333,1.0,0.1553637211434653,0.04785118020402599,EN-C,Y12-nonatt,A,23,2,62,12
0.3382034632034632,0.5846153846153846,0.0,0.5,0.0,1.0,0.21150493642630577,0.1929523420700237,EN-C,Y12-nonatt,B,23,2,18,5
0.19205295271758555,0.4267040149393091,-0.06315765870964132,0.4715219421101774,0.11764705882352941,0.8253968253968254,0.24793452968887553,0.27978975650384297,GBM-C,Y12-nonatt,all,23,2,80,17
0.1970106048669675,0.47333333333333333,-0.03333333333333333,0.48333333333333334,0.16666666666666666,0.8,0.2330161016352702,0.2671357301915932,GBM-C,Y12-nonatt,A,23,2,62,12
0.23521589521589525,0.2923076923076923,-0.1504142093990467,0.46153846153846156,0.0,0.9230769230769231,0.29932022631796046,0.32337584713492507,GBM-C,Y12-nonatt,B,23,2,18,5
0.15478990148816846,0.2819794584500467,0.0,0.5,0.0,1.0,0.20406316604042635,0.17782705323421288,MLP-C,Y12-nonatt,all,23,2,80,17
0.14474519190435137,0.28,0.0,0.5,0.0,1.0,0.1976692932570996,0.17364822305662198,MLP-C,Y12-nonatt,A,23,2,62,12
0.24632700632700635,0.3384615384615384,0.0,0.5,0.0,1.0,0.22608650562744056,0.2546861691314961,MLP-C,Y12-nonatt,B,23,2,18,5
0.24934392897663155,0.45845004668534084,0.11253841574251965,0.5214752567693743,0.058823529411764705,0.9841269841269841,0.1842598824008316,0.10668815183310723,FL-FedAvg,Y12-nonatt,all,23,2,80,17
0.26732795216801514,0.4783333333333333,0.2613541867446583,0.5416666666666666,0.08333333333333333,1.0,0.173730342420577,0.12781114072075614,FL-FedAvg,Y12-nonatt,A,23,2,62,12
0.2926406926406926,0.4769230769230769,-0.1504142093990467,0.46153846153846156,0.0,0.9230769230769231,0.2205282978883753,0.14182886301076986,FL-FedAvg,Y12-nonatt,B,23,2,18,5
0.23849862034525485,0.4061624649859944,-0.03190336263211625,0.48972922502334265,0.058823529411764705,0.9206349206349206,0.2019221023675865,0.18178690739218284,FL-FedAvg-E,Y12-nonatt,all,23,2,80,17
0.2630882290766282,0.4333333333333333,0.037523938719322816,0.5116666666666666,0.08333333333333333,0.94,0.19027078702603503,0.20257107127463625,FL-FedAvg-E,Y12-nonatt,A,23,2,62,12
0.24164404223227753,0.32307692307692304,-0.21926450482675733,0.4230769230769231,0.0,0.8461538461538461,0.24205441076626397,0.19588570428854513,FL-FedAvg-E,Y12-nonatt,B,23,2,18,5
0.2495528650100613,0.4593837535014006,0.11253841574251965,0.5214752567693743,0.058823529411764705,0.9841269841269841,0.18437377364269403,0.1076223091146212,FL-FedProx,Y12-nonatt,all,23,2,80,17
0.26732795216801514,0.4783333333333333,0.2613541867446583,0.5416666666666666,0.08333333333333333,1.0,0.1739100138318805,0.1287435375060744,FL-FedProx,Y12-nonatt,A,23,2,62,12
0.2981351981351981,0.4923076923076923,-0.1504142093990467,0.46153846153846156,0.0,0.9230769230769231,0.2204156129910516,0.118872094866349,FL-FedProx,Y12-nonatt,B,23,2,18,5
0.18711620123108305,0.3709677419354839,-0.13912166872805048,0.4596774193548387,0.0,0.9193548387096774,0.22931431093559712,0.19767852863541435,LR-A,Y12-nonatt,all,23,3,80,18
0.16643809846145285,0.3171114599686028,-0.13526630756399982,0.45918367346938777,0.0,0.9183673469387755,0.22399918144552083,0.21610168758362935,LR-A,Y12-nonatt,A,23,3,62,13
0.3393073593073593,0.5384615384615384,-0.1504142093990467,0.46153846153846156,0.0,0.9230769230769231,0.24762197917919307,0.22569127038879083,LR-A,Y12-nonatt,B,23,3,18,5
0.2994453152053999,0.5851254480286738,0.16837085343132013,0.5743727598566308,0.2777777777777778,0.8709677419354839,0.20997588817053212,0.1769622641674978,LR-B,Y12-nonatt,all,23,3,80,18
0.2922781083190711,0.5824175824175825,0.17564595480607215,0.5824175824175823,0.3076923076923077,0.8571428571428571,0.2117527782294086,0.20129827680868517,LR-B,Y12-nonatt,A,23,3,62,13
0.5038095238095238,0.6,0.17541160386140586,0.5615384615384615,0.2,0.9230769230769231,0.2038554890788466,0.19001164047825922,LR-B,Y12-nonatt,B,23,3,18,5
0.23481567052488425,0.43548387096774194,-0.08627959628145761,0.4838709677419355,0.0,0.967741935483871,0.20102731048973665,0.15457796261824652,LR-C,Y12-nonatt,all,23,3,80,18
0.22454970217518933,0.38618524332810045,-0.09404008408634049,0.47959183673469385,0.0,0.9591836734693877,0.1997896857772632,0.21624758874868952,LR-C,Y12-nonatt,A,23,3,62,13
0.5142857142857142,0.7230769230769232,0.0,0.5,0.0,1.0,0.2052902400549231,0.17873198484762895,LR-C,Y12-nonatt,B,23,3,18,5
0.22261518651168893,0.42383512544802865,0.0,0.5,0.0,1.0,0.18664606858790983,0.15391645028320997,EN-C,Y12-nonatt,all,23,3,80,18
0.22211363331627293,0.41444270015698587,0.0,0.5,0.0,1.0,0.1785187055610338,0.1501010770830437,EN-C,Y12-nonatt,A,23,3,62,13
0.3012987012987013,0.5076923076923077,0.0,0.5,0.0,1.0,0.21464031901381617,0.16705829130600486,EN-C,Y12-nonatt,B,23,3,18,5
0.3195283769843368,0.44534050179211465,0.15839698777049716,0.5627240143369175,0.2222222222222222,0.9032258064516129,0.20574846473109085,0.19265765304062804,GBM-C,Y12-nonatt,all,23,3,80,18
0.38059982415113425,0.5368916797488226,0.27450540652300653,0.6130298273155417,0.3076923076923077,0.9183673469387755,0.1786158808947998,0.14421541207072378,GBM-C,Y12-nonatt,A,23,3,62,13
0.20744990303813832,0.1846153846153846,-0.21926450482675733,0.4230769230769231,0.0,0.8461538461538461,0.29920514238942675,0.3595142608258537,GBM-C,Y12-nonatt,B,23,3,18,5
0.26241933959335967,0.5313620071684588,-0.10635445160305,0.47580645161290325,0.0,0.9516129032258065,0.20544260153317512,0.18157236467481752,MLP-C,Y12-nonatt,all,23,3,80,18
0.26628500817383,0.5368916797488227,-0.11614706978413032,0.46938775510204084,0.0,0.9387755102040817,0.20653570640756747,0.2422731174543764,MLP-C,Y12-nonatt,A,23,3,62,13
0.28939393939393937,0.4769230769230769,0.0,0.5,0.0,1.0,0.2016774625213793,0.3087423652942909,MLP-C,Y12-nonatt,B,23,3,18,5
0.22179609413328777,0.40412186379928317,0.10820574234403926,0.5313620071684588,0.1111111111111111,0.9516129032258065,0.19731270801508907,0.13959656276775367,FL-FedAvg,Y12-nonatt,all,23,3,80,18
0.21769555189620537,0.37362637362637363,0.1384713306062786,0.5463108320251178,0.15384615384615385,0.9387755102040817,0.1959841304035859,0.1683480688109923,FL-FedAvg,Y12-nonatt,A,23,3,62,13
0.3371428571428571,0.5538461538461539,0.0,0.5,0.0,1.0,0.20188891978804446,0.08080992999700139,FL-FedAvg,Y12-nonatt,B,23,3,18,5
0.24395550666061452,0.4722222222222222,0.04502320110545681,0.5152329749103942,0.1111111111111111,0.9193548387096774,0.194028786885788,0.13826532315280032,FL-FedAvg-E,Y12-nonatt,all,23,3,80,18
0.24586360572606825,0.4740973312401885,0.06663675788693497,0.5259026687598116,0.15384615384615385,0.8979591836734694,0.19350019910767882,0.16375956548969384,FL-FedAvg-E,Y12-nonatt,A,23,3,62,13
0.3263170163170163,0.5384615384615384,0.0,0.5,0.0,1.0,0.1958494781214975,0.06393638350050027,FL-FedAvg-E,Y12-nonatt,B,23,3,18,5
0.22179609413328777,0.40412186379928317,0.10820574234403926,0.5313620071684588,0.1111111111111111,0.9516129032258065,0.1974137236246207,0.13942143487669117,FL-FedProx,Y12-nonatt,all,23,3,80,18
0.21769555189620537,0.37362637362637363,0.1384713306062786,0.5463108320251178,0.15384615384615385,0.9387755102040817,0.1961030890019658,0.16820528510077634,FL-FedProx,Y12-nonatt,A,23,3,62,13
0.3371428571428571,0.5538461538461539,0.0,0.5,0.0,1.0,0.20192813176932092,0.08076718936187362,FL-FedProx,Y12-nonatt,B,23,3,18,5
0.26503035170158523,0.53584229390681,-0.015457963192005608,0.49551971326164873,0.05555555555555555,0.9354838709677419,0.19244193855272684,0.13438312863126034,LR-A,Y12-nonatt,all,23,4,80,18
0.2791464419308654,0.5808477237048666,0.02601275145461535,0.5078492935635793,0.07692307692307693,0.9387755102040817,0.17824516126571172,0.11860327547091848,LR-A,Y12-nonatt,A,23,4,62,13
0.33246336996337,0.4615384615384615,-0.1504142093990467,0.46153846153846156,0.0,0.9230769230769231,0.24134194920800123,0.21200289168496605,LR-A,Y12-nonatt,B,23,4,18,5
0.24625262645265808,0.510752688172043,0.006085693497517595,0.5026881720430108,0.16666666666666666,0.8387096774193549,0.23754443236331374,0.19836238206310727,LR-B,Y12-nonatt,all,23,4,80,18
0.23940092784763062,0.5039246467817897,0.07193120053962955,0.533751962323391,0.23076923076923078,0.8367346938775511,0.23203877180223406,0.2225729800917823,LR-B,Y12-nonatt,A,23,4,62,13
0.3616161616161616,0.5384615384615384,-0.21926450482675733,0.4230769230769231,0.0,0.8461538461538461,0.25650837429592177,0.3052764968859355,LR-B,Y12-nonatt,B,23,4,18,5
0.2645944902752419,0.5492831541218638,-0.08627959628145761,0.4838709677419355,0.0,0.967741935483871,0.18485037799824694,0.11012793980507721,LR-C,Y12-nonatt,all,23,4,80,18
0.29268903270069024,0.6106750392464678,-0.09404008408634049,0.47959183673469385,0.0,0.9591836734693877,0.17088512829533598,0.11750968534740833,LR-C,Y12-nonatt,A,23,4,62,13
0.30216450216450214,0.4615384615384615,0.0,0.5,0.0,1.0,0.23295290475271827,0.19054872518847893,LR-C,Y12-nonatt,B,23,4,18,5
0.28428077803103613,0.6209677419354839,-0.08627959628145761,0.4838709677419355,0.0,0.967741935483871,0.17581348589545212,0.04577490204383383,EN-C,Y12-nonatt,all,23,4,80,18
0.28979187875012485,0.6436420722135008,-0.09404008408634049,0.47959183673469385,0.0,0.9591836734693877,0.1665241071833096,0.060575241770956564,EN-C,Y12-nonatt,A,23,4,62,13
0.38606060606060605,0.6461538461538462,0.0,0.5,0.0,1.0,0.2078102347928319,0.11195262717690962,EN-C,Y12-nonatt,B,23,4,18,5
0.22796284908926323,0.46415770609318996,-0.011817161289227777,0.4946236559139785,0.16666666666666666,0.8225806451612904,0.22913143702890873,0.17810403964526814,GBM-C,Y12-nonatt,all,23,4,80,18
0.26662124093305595,0.5588697017268446,0.07193120053962955,0.533751962323391,0.23076923076923078,0.8367346938775511,0.20178110527117002,0.12997603374850944,GBM-C,Y12-nonatt,A,23,4,62,13
0.21594771241830063,0.21538461538461537,-0.2773500981126146,0.38461538461538464,0.0,0.7692307692307693,0.3233381353055641,0.4119677789068633,GBM-C,Y12-nonatt,B,23,4,18,5
0.2775615944413392,0.5089605734767024,-0.041288643176825165,0.4829749103942652,0.1111111111111111,0.8548387096774194,0.21323030629740858,0.1953635725338853,MLP-C,Y12-nonatt,all,23,4,80,18
0.2698952079769219,0.47095761381475665,-0.010425091187368283,0.49529042386185246,0.15384615384615385,0.8367346938775511,0.2165208765263794,0.22506027033210188,MLP-C,Y12-nonatt,A,23,4,62,13
0.4308225108225108,0.6615384615384615,-0.1504142093990467,0.46153846153846156,0.0,0.9230769230769231,0.2018961199531758,0.10773277126456951,MLP-C,Y12-nonatt,B,23,4,18,5
0.291236896976445,0.6120071684587813,0.013734760723838819,0.503584229390681,0.05555555555555555,0.9516129032258065,0.18280283315495013,0.09162223949709661,FL-FedAvg,Y12-nonatt,all,23,4,80,18
0.3208245976203001,0.6624803767660911,0.02601275145461535,0.5078492935635793,0.07692307692307693,0.9387755102040817,0.1751647463842744,0.11484898011771788,FL-FedAvg,Y12-nonatt,A,23,4,62,13
0.3093073593073593,0.5076923076923077,0.0,0.5,0.0,1.0,0.20911179869838875,0.10542978169317646,FL-FedAvg,Y12-nonatt,B,23,4,18,5
0.28800070119662174,0.5734767025089607,0.09236598720255564,0.5349462365591398,0.16666666666666666,0.9032258064516129,0.19000951838947708,0.12537190104861423,FL-FedAvg-E,Y12-nonatt,all,23,4,80,18
0.2912757258441008,0.5902668759811618,0.15631557871448984,0.5643642072213501,0.23076923076923078,0.8979591836734694,0.18463882986232946,0.14176353638612213,FL-FedAvg-E,Y12-nonatt,A,23,4,62,13
0.36369365928189457,0.5384615384615384,-0.1504142093990467,0.46153846153846156,0.0,0.9230769230769231,0.20850855664965215,0.16734761386777702,FL-FedAvg-E,Y12-nonatt,B,23,4,18,5
0.2915086572062765,0.6129032258064516,0.013734760723838819,0.503584229390681,0.05555555555555555,0.9516129032258065,0.18292934092282281,0.09256962064020695,FL-FedProx,Y12-nonatt,all,23,4,80,18
0.3208245976203001,0.6624803767660911,0.02601275145461535,0.5078492935635793,0.07692307692307693,0.9387755102040817,0.1753368068904176,0.11560663379060855,FL-FedProx,Y12-nonatt,A,23,4,62,13
0.3093073593073593,0.5076923076923077,0.0,0.5,0.0,1.0,0.20908140258999605,0.08237749671212989,FL-FedProx,Y12-nonatt,B,23,4,18,5
0.23829574306007892,0.5423280423280423,-0.13710212427677046,0.4603174603174603,0.0,0.9206349206349206,0.19418842310867207,0.11726829379915468,LR-A,Y12-nonatt,all,37,0,81,18
0.23101064345478187,0.556923076923077,-0.13276715950892298,0.46,0.0,0.92,0.18324445488593197,0.17877112691068348,LR-A,Y12-nonatt,A,37,0,63,13
0.34702865761689294,0.5076923076923077,-0.1504142093990467,0.46153846153846156,0.0,0.9230769230769231,0.23249231188826236,0.2748472459002805,LR-A,Y12-nonatt,B,37,0,18,5
0.2593977599803,0.4770723104056438,-0.11602387022306429,0.4444444444444444,0.1111111111111111,0.7777777777777778,0.2757237751737527,0.26046294979862966,LR-B,Y12-nonatt,all,37,0,81,18
0.28173257412731745,0.5169230769230769,-0.06615384615384616,0.46692307692307694,0.15384615384615385,0.78,0.25017588766542503,0.23027289545969054,LR-B,Y12-nonatt,A,37,0,63,13
0.2441269841269841,0.3230769230769231,-0.2773500981126146,0.38461538461538464,0.0,0.7692307692307693,0.3651413814528997,0.41972843085595607,LR-B,Y12-nonatt,B,37,0,18,5
0.21657414719724644,0.4717813051146385,-0.10482848367219184,0.47619047619047616,0.0,0.9523809523809523,0.19639765843226734,0.12072665837198285,LR-C,Y12-nonatt,all,37,0,81,18
0.22187979382655926,0.4907692307692308,-0.09232870714969656,0.48,0.0,0.96,0.18596482948953905,0.13209647655311155,LR-C,Y12-nonatt,A,37,0,63,13
0.28250000000000003,0.4307692307692308,-0.1504142093990467,0.46153846153846156,0.0,0.9230769230769231,0.23291255973181618,0.21047383343397025,LR-C,Y12-nonatt,B,37,0,18,5
0.20725401086118123,0.4585537918871252,0.0,0.5,0.0,1.0,0.1834241593808865,0.0736072377741455,EN-C,Y12-nonatt,all,37,0,81,18
0.20465542608375742,0.4676923076923077,0.0,0.5,0.0,1.0,0.17283583448050754,0.05946755828489596,EN-C,Y12-nonatt,A,37,0,63,13
0.26936507936507936,0.3846153846153846,0.0,0.5,0.0,1.0,0.22048329653221269,0.12309611598651882,EN-C,Y12-nonatt,B,37,0,18,5
0.20924645282475668,0.43827160493827166,-0.12964074471043288,0.4365079365079365,0.1111111111111111,0.7619047619047619,0.2487398028963961,0.2282492822595054,GBM-C,Y12-nonatt,all,37,0,81,18
0.17660835727852117,0.4046153846153846,-0.17820842224272612,0.40846153846153843,0.07692307692307693,0.74,0.24833099387602914,0.2589414697283804,GBM-C,Y12-nonatt,A,37,0,63,13
0.38388888888888884,0.5076923076923077,0.05547001962252291,0.5230769230769231,0.2,0.8461538461538461,0.2501706344676805,0.30105354905857373,GBM-C,Y12-nonatt,B,37,0,18,5
0.2313374610152666,0.5035273368606702,-0.08504865111251246,0.48412698412698413,0.0,0.9682539682539683,0.19767700319352113,0.14067807503318258,MLP-C,Y12-nonatt,all,37,0,81,18
0.2265837248526787,0.5292307692307692,-0.09232870714969656,0.48,0.0,0.96,0.19433353040723148,0.16507623792767,MLP-C,Y12-nonatt,A,37,0,63,13
0.4230283605283605,0.46153846153846156,0.0,0.5,0.0,1.0,0.20937915794553494,0.05528450490247682,MLP-C,Y12-nonatt,B,37,0,18,5
0.2629457884266185,0.47883597883597884,0.2091650066335189,0.5277777777777778,0.05555555555555555,1.0,0.1949195663519468,0.11976193219855899,FL-FedAvg,Y12-nonatt,all,37,0,81,18
0.27472370592575374,0.5030769230769231,0.24906774069335894,0.5384615384615384,0.07692307692307693,1.0,0.18776155452814824,0.1448109658892778,FL-FedAvg,Y12-nonatt,A,37,0,63,13
0.29343434343434344,0.39999999999999997,0.0,0.5,0.0,1.0,0.2199726077352417,0.12114240548950929,FL-FedAvg,Y12-nonatt,B,37,0,18,5
0.22367230659994,0.4858906525573192,0.0,0.5,0.1111111111111111,0.8888888888888888,0.20116169837176573,0.15083600604210387,FL-FedAvg-E,Y12-nonatt,all,37,0,81,18
0.22520084811879287,0.5076923076923078,0.04113766756037212,0.5169230769230769,0.15384615384615385,0.88,0.19383048997071134,0.16193143988660857,FL-FedAvg-E,Y12-nonatt,A,37,0,63,13
0.30057720057720055,0.4461538461538462,-0.1504142093990467,0.46153846153846156,0.0,0.9230769230769231,0.22682092777545604,0.14304507332518585,FL-FedAvg-E,Y12-nonatt,B,37,0,18,5
0.2624678911745277,0.4779541446208113,0.2091650066335189,0.5277777777777778,0.05555555555555555,1.0,0.19505421402909215,0.12063228673184863,FL-FedProx,Y12-nonatt,all,37,0,81,18
0.27472370592575374,0.5030769230769231,0.24906774069335894,0.5384615384615384,0.07692307692307693,1.0,0.18793046280933354,0.1456749058019395,FL-FedProx,Y12-nonatt,A,37,0,63,13
0.29343434343434344,0.39999999999999997,0.0,0.5,0.0,1.0,0.2199873432982474,0.12192140404380797,FL-FedProx,Y12-nonatt,B,37,0,18,5
0.26185084877164466,0.5440917107583775,-0.08504865111251246,0.48412698412698413,0.0,0.9682539682539683,0.1885048103388849,0.12825347192722816,LR-A,Y12-nonatt,all,37,1,81,18
0.34745910379787237,0.6707692307692308,-0.06475761258027332,0.49,0.0,0.98,0.1624504013557636,0.111756349561239,LR-A,Y12-nonatt,A,37,1,63,13
0.22018716577540107,0.24615384615384614,-0.1504142093990467,0.46153846153846156,0.0,0.9230769230769231,0.2796952417798092,0.2893478614504047,LR-A,Y12-nonatt,B,37,1,18,5
0.2579358206392913,0.5555555555555556,0.01620509308880411,0.5079365079365079,0.2222222222222222,0.7936507936507936,0.23215682115568603,0.23472601092458548,LR-B,Y12-nonatt,all,37,1,81,18
0.2762067809886202,0.6169230769230769,0.03076923076923077,0.5153846153846154,0.23076923076923078,0.8,0.21825582844320085,0.21380237153109738,LR-B,Y12-nonatt,A,37,1,63,13
0.2863095238095238,0.4461538461538461,-0.033149677206589796,0.48461538461538467,0.2,0.7692307692307693,0.28081029564938403,0.31954309208881265,LR-B,Y12-nonatt,B,37,1,18,5
0.2374942072902859,0.5238095238095238,-0.08504865111251246,0.48412698412698413,0.0,0.9682539682539683,0.1873453116066057,0.07115946509899596,LR-C,Y12-nonatt,all,37,1,81,18
0.2735336699766096,0.6169230769230769,-0.06475761258027332,0.49,0.0,0.98,0.16496991203123296,0.04961979479063745,LR-C,Y12-nonatt,A,37,1,63,13
0.23532051282051283,0.3076923076923077,-0.1504142093990467,0.46153846153846156,0.0,0.9230769230769231,0.2656592101204105,0.2743169167592648,LR-C,Y12-nonatt,B,37,1,18,5
0.28538693921254515,0.5864197530864197,0.0,0.5,0.0,1.0,0.17212500452796464,0.02141617665124539,EN-C,Y12-nonatt,all,37,1,81,18
0.340787705983029,0.7015384615384616,0.0,0.5,0.0,1.0,0.15751691901372752,0.0894686388461283,EN-C,Y12-nonatt,A,37,1,63,13
0.23517273576097106,0.3076923076923077,0.0,0.5,0.0,1.0,0.2232533038277945,0.25084948052725786,EN-C,Y12-nonatt,B,37,1,18,5
0.23994034876987755,0.5396825396825398,-0.0944911182523068,0.4642857142857143,0.05555555555555555,0.873015873015873,0.21914923245892912,0.1570106766672492,GBM-C,Y12-nonatt,all,37,1,81,18
0.2569641685164662,0.6046153846153847,-0.031814238148788886,0.4884615384615385,0.07692307692307693,0.9,0.19414360756392124,0.12270602263741916,GBM-C,Y12-nonatt,A,37,1,63,13
0.2633333333333333,0.36923076923076925,-0.2773500981126146,0.38461538461538464,0.0,0.7692307692307693,0.3066689195914566,0.3465311968050165,GBM-C,Y12-nonatt,B,37,1,18,5
0.2639206865250335,0.46560846560846564,-0.05976143046671969,0.49206349206349204,0.0,0.9841269841269841,0.20570889026638534,0.17398541685527003,MLP-C,Y12-nonatt,all,37,1,81,18
0.208440704617138,0.41846153846153844,0.0,0.5,0.0,1.0,0.20532482851485356,0.20876994490949569,MLP-C,Y12-nonatt,A,37,1,63,13
0.4491666666666666,0.5846153846153846,-0.1504142093990467,0.46153846153846156,0.0,0.9230769230769231,0.20705310639674637,0.10833326868469909,MLP-C,Y12-nonatt,B,37,1,18,5
0.2673952799331691,0.5634920634920635,-0.08504865111251246,0.48412698412698413,0.0,0.9682539682539683,0.1800446598266409,0.07902154192695723,FL-FedAvg,Y12-nonatt,all,37,1,81,18
0.32385120314110505,0.6815384615384616,-0.09232870714969656,0.48,0.0,0.96,0.1665750842742916,0.10876124432475592,FL-FedAvg,Y12-nonatt,A,37,1,63,13
0.22135225885225884,0.2461538461538461,0.0,0.5,0.0,1.0,0.22718817425986343,0.2785957804369513,FL-FedAvg,Y12-nonatt,B,37,1,18,5
0.2668849506269261,0.5828924162257496,-0.03779644730092273,0.4880952380952381,0.05555555555555555,0.9206349206349206,0.18497318831086987,0.10412977017284339,FL-FedAvg-E,Y12-nonatt,all,37,1,81,18
0.28641992904602953,0.6507692307692308,-0.031814238148788886,0.4884615384615385,0.07692307692307693,0.9,0.17517193203562875,0.15094315445945494,FL-FedAvg-E,Y12-nonatt,A,37,1,63,13
0.2568253968253968,0.38461538461538464,0.0,0.5,0.0,1.0,0.21927758527421373,0.19544673164918425,FL-FedAvg-E,Y12-nonatt,B,37,1,18,5
0.2666690635206782,0.562610229276896,-0.08504865111251246,0.48412698412698413,0.0,0.9682539682539683,0.18014373473475018,0.07997136787279684,FL-FedProx,Y12-nonatt,all,37,1,81,18
0.32385120314110505,0.6815384615384616,-0.09232870714969656,0.48,0.0,0.96,0.16672958348569122,0.1009722912970556,FL-FedProx,Y12-nonatt,A,37,1,63,13
0.22135225885225884,0.2461538461538461,0.0,0.5,0.0,1.0,0.2270932641064565,0.27839243167056776,FL-FedProx,Y12-nonatt,B,37,1,18,5
0.35208415071222493,0.5490196078431373,0.20012109287418378,0.5644257703081232,0.17647058823529413,0.9523809523809523,0.17496385556554406,0.11638098198457679,LR-A,Y12-nonatt,all,37,2,80,17
0.38346579956021376,0.6116666666666667,0.15476826669013583,0.5533333333333333,0.16666666666666666,0.94,0.1612153517967285,0.11537207233056396,LR-A,Y12-nonatt,A,37,2,62,12
0.4579365079365079,0.4923076923076923,0.39107694443752145,0.6,0.2,1.0,0.22231981299146428,0.2009620108419017,LR-A,Y12-nonatt,B,37,2,18,5
0.46825793379382796,0.69281045751634,0.5166503556739511,0.7329598506069095,0.5294117647058824,0.9365079365079365,0.16499484174223925,0.17208793743159634,LR-B,Y12-nonatt,all,37,2,80,17
0.4135708689590198,0.665,0.493479495600999,0.72,0.5,0.94,0.1655718094056555,0.18042615610183407,LR-B,Y12-nonatt,A,37,2,62,12
0.702156862745098,0.7692307692307694,0.5635445125120265,0.7615384615384615,0.6,0.9230769230769231,0.1630075086793607,0.2546686027985689,LR-B,Y12-nonatt,B,37,2,18,5
0.35102839499426697,0.5910364145658263,0.21914207652553164,0.5508870214752567,0.11764705882352941,0.9841269841269841,0.16515015035794636,0.12323563867822565,LR-C,Y12-nonatt,all,37,2,80,17
0.3746951101094025,0.6050000000000001,0.2700352212501749,0.5733333333333334,0.16666666666666666,0.98,0.15244263272018002,0.10862936135814397,LR-C,Y12-nonatt,A,37,2,62,12
0.4188235294117647,0.6153846153846153,0.0,0.5,0.0,1.0,0.20892048888803055,0.1880260411944681,LR-C,Y12-nonatt,B,37,2,18,5
0.36535023739778494,0.61531279178338,0.21658694143873736,0.5294117647058824,0.058823529411764705,1.0,0.15992074916307297,0.044140469136644864,EN-C,Y12-nonatt,all,37,2,80,17
0.4111734998106971,0.6316666666666667,0.2613541867446583,0.5416666666666666,0.08333333333333333,1.0,0.146874154463637,0.0491442566959157,EN-C,Y12-nonatt,A,37,2,62,12
0.3866233766233766,0.6615384615384615,0.0,0.5,0.0,1.0,0.20485901979446364,0.10700777913127468,EN-C,Y12-nonatt,B,37,2,18,5
0.27347737092798763,0.5238095238095238,-0.007889684472185849,0.4976657329598506,0.058823529411764705,0.9365079365079365,0.18953054923037838,0.12786652037735874,GBM-C,Y12-nonatt,all,37,2,80,17
0.30943456623393356,0.585,0.0048365083340667445,0.5016666666666667,0.08333333333333333,0.92,0.169614087833148,0.12567778017158626,GBM-C,Y12-nonatt,A,37,2,62,12
0.22843434343434346,0.2769230769230769,0.0,0.5,0.0,1.0,0.2581316940430609,0.2708035264356054,GBM-C,Y12-nonatt,B,37,2,18,5
0.2792830356234752,0.40709617180205415,0.21658694143873736,0.5294117647058824,0.058823529411764705,1.0,0.19817368027105126,0.1988967175943895,MLP-C,Y12-nonatt,all,37,2,80,17
0.31104317557031885,0.44999999999999996,0.2613541867446583,0.5416666666666666,0.08333333333333333,1.0,0.19171093978653236,0.19751129563836098,MLP-C,Y12-nonatt,A,37,2,62,12
0.289281045751634,0.3384615384615384,0.0,0.5,0.0,1.0,0.22043423082883862,0.2036687265540435,MLP-C,Y12-nonatt,B,37,2,18,5
0.3290603052007738,0.5751633986928104,0.16123387813255555,0.5429505135387488,0.11764705882352941,0.9682539682539683,0.17323336537431414,0.0971734027806911,FL-FedAvg,Y12-nonatt,all,37,2,80,17
0.3705702111190978,0.6,0.20370138161918103,0.5633333333333334,0.16666666666666666,0.96,0.16324533119365275,0.12049022555493225,FL-FedAvg,Y12-nonatt,A,37,2,62,12
0.3288095238095238,0.5538461538461539,0.0,0.5,0.0,1.0,0.20763659421881453,0.07926405583150654,FL-FedAvg,Y12-nonatt,B,37,2,18,5
0.3942481888637305,0.6433239962651728,0.21914207652553164,0.5508870214752567,0.11764705882352941,0.9841269841269841,0.16828847751539916,0.13262475180362376,FL-FedAvg-E,Y12-nonatt,all,37,2,80,17
0.3844290350957849,0.6133333333333333,0.2700352212501749,0.5733333333333334,0.16666666666666666,0.98,0.16255173526700867,0.16956743561355608,FL-FedAvg-E,Y12-nonatt,A,37,2,62,12
0.4514285714285714,0.6923076923076923,0.0,0.5,0.0,1.0,0.18804836748207773,0.03936149168729084,FL-FedAvg-E,Y12-nonatt,B,37,2,18,5
0.3286845451406522,0.5742296918767507,0.16123387813255555,0.5429505135387488,0.11764705882352941,0.9682539682539683,0.17339641547823387,0.09808926530193315,FL-FedProx,Y12-nonatt,all,37,2,80,17
0.3705702111190978,0.6,0.20370138161918103,0.5633333333333334,0.16666666666666666,0.96,0.16344954777046097,0.12138482382993633,FL-FedProx,Y12-nonatt,A,37,2,62,12
0.3288095238095238,0.5538461538461539,0.0,0.5,0.0,1.0,0.20765784869389614,0.07839588789455412,FL-FedProx,Y12-nonatt,B,37,2,18,5
0.31509072170846236,0.5564516129032258,0.15096014488300222,0.5510752688172043,0.16666666666666666,0.9354838709677419,0.1877666093527477,0.1140598568100416,LR-A,Y12-nonatt,all,37,3,80,18
0.3002927824544941,0.5777080062794347,0.09943023750987469,0.5361067503924647,0.15384615384615385,0.9183673469387755,0.18033392750164,0.10182582718007675,LR-A,Y12-nonatt,A,37,3,62,13
0.4582174688057041,0.5384615384615385,0.39107694443752145,0.6,0.2,1.0,0.2133680690621186,0.21261205950862302,LR-A,Y12-nonatt,B,37,3,18,5
0.2562258813107011,0.46326164874551967,-0.04490132550669372,0.47849462365591394,0.16666666666666666,0.7903225806451613,0.2354010729386867,0.23174659434919748,LR-B,Y12-nonatt,all,37,3,80,18
0.27012868804575907,0.48037676609105173,0.026687598116169546,0.5133437990580848,0.23076923076923078,0.7959183673469388,0.22417548107804564,0.2177749897415102,LR-B,Y12-nonatt,A,37,3,62,13
0.24566544566544568,0.3384615384615385,-0.2773500981126146,0.38461538461538464,0.0,0.7692307692307693,0.2740670004586726,0.3531276015774575,LR-B,Y12-nonatt,B,37,3,18,5
0.29776146370407974,0.568100358422939,-0.015457963192005608,0.49551971326164873,0.05555555555555555,0.9354838709677419,0.1822206751310973,0.13171055871352827,LR-C,Y12-nonatt,all,37,3,80,18
0.3076522182370218,0.5996860282574569,-0.007040915115573488,0.49764521193092626,0.07692307692307693,0.9183673469387755,0.17175141922760875,0.11371689465672816,LR-C,Y12-nonatt,A,37,3,62,13
0.3746031746031746,0.5384615384615385,0.0,0.5,0.0,1.0,0.2182814454653355,0.23931811792058053,LR-C,Y12-nonatt,B,37,3,18,5
0.29863197387381446,0.5636200716845878,0.0,0.5,0.0,1.0,0.17229966133258284,0.02398070837430448,EN-C,Y12-nonatt,all,37,3,80,18
0.298165744462337,0.5761381475667191,0.0,0.5,0.0,1.0,0.16343323458727363,0.03628228121408143,EN-C,Y12-nonatt,A,37,3,62,13
0.3798701298701298,0.6,0.0,0.5,0.0,1.0,0.20283957567753685,0.1023860526021208,EN-C,Y12-nonatt,B,37,3,18,5
0.2834522437124035,0.4910394265232975,-0.011817161289227777,0.4946236559139785,0.16666666666666666,0.8225806451612904,0.21640221126382012,0.2025921086709811,GBM-C,Y12-nonatt,all,37,3,80,18
0.40646981879808275,0.631083202511774,0.04852615860619696,0.5235478806907379,0.23076923076923078,0.8163265306122449,0.18048960892323182,0.1532011173833185,GBM-C,Y12-nonatt,A,37,3,62,13
0.19442257089315912,0.10769230769230768,-0.21926450482675733,0.4230769230769231,0.0,0.8461538461538461,0.34010117488140224,0.442820405970037,GBM-C,Y12-nonatt,B,37,3,18,5
0.2178665587240714,0.31899641577060933,0.10545283989955931,0.5197132616487455,0.05555555555555555,0.9838709677419355,0.2095741401154992,0.1897890636545985,MLP-C,Y12-nonatt,all,37,3,80,18
0.23767336911293133,0.37362637362637363,0.13020934719647143,0.5282574568288854,0.07692307692307693,0.9795918367346939,0.20031220555280058,0.19459633416233224,MLP-C,Y12-nonatt,A,37,3,62,13
0.20432378079436903,0.1692307692307692,0.0,0.5,0.0,1.0,0.24147635916479468,0.1732306874612933,MLP-C,Y12-nonatt,B,37,3,18,5
0.3056784923750432,0.5698924731182796,0.10820574234403926,0.5313620071684588,0.1111111111111111,0.9516129032258065,0.18009991488586286,0.08750998730525816,FL-FedAvg,Y12-nonatt,all,37,3,80,18
0.31153846153846154,0.6012558869701727,0.1384713306062786,0.5463108320251178,0.15384615384615385,0.9387755102040817,0.1744374215561969,0.11603012381303202,FL-FedAvg,Y12-nonatt,A,37,3,62,13
0.33916666666666667,0.49230769230769234,0.0,0.5,0.0,1.0,0.19960405857693447,0.05447465427615551,FL-FedAvg,Y12-nonatt,B,37,3,18,5
0.2552247149332537,0.5161290322580645,0.013734760723838819,0.503584229390681,0.05555555555555555,0.9516129032258065,0.19595031175555783,0.11893439590948629,FL-FedAvg-E,Y12-nonatt,all,37,3,80,18
0.26393351831905654,0.554160125588697,0.02601275145461535,0.5078492935635793,0.07692307692307693,0.9387755102040817,0.19239372139601627,0.14461033025196227,FL-FedAvg-E,Y12-nonatt,A,37,3,62,13
0.3045454545454545,0.4769230769230769,0.0,0.5,0.0,1.0,0.20820078966064537,0.13838188840253762,FL-FedAvg-E,Y12-nonatt,B,37,3,18,5
0.3056784923750432,0.5698924731182796,0.10820574234403926,0.5313620071684588,0.1111111111111111,0.9516129032258065,0.18022539023503661,0.08841548545274268,FL-FedProx,Y12-nonatt,all,37,3,80,18
0.31153846153846154,0.6012558869701727,0.1384713306062786,0.5463108320251178,0.15384615384615385,0.9387755102040817,0.17461055300387734,0.11689293210641541,FL-FedProx,Y12-nonatt,A,37,3,62,13
0.33916666666666667,0.49230769230769234,0.0,0.5,0.0,1.0,0.199565385142363,0.053674747230128196,FL-FedProx,Y12-nonatt,B,37,3,18,5
0.3381835884390336,0.596774193548387,0.10820574234403926,0.5313620071684588,0.1111111111111111,0.9516129032258065,0.17863588250930382,0.07364197965298445,LR-A,Y12-nonatt,all,37,4,80,18
0.3296762548357066,0.5808477237048666,0.1872918104732305,0.5565149136577707,0.15384615384615385,0.9591836734693877,0.17124132012861465,0.10494216885943249,LR-A,Y12-nonatt,A,37,4,62,13
0.46865079365079365,0.676923076923077,-0.1504142093990467,0.46153846153846156,0.0,0.9230769230769231,0.20410604182056655,0.24066917766059526,LR-A,Y12-nonatt,B,37,4,18,5
0.21761852224148995,0.40681003584229386,-0.13135789305316406,0.42562724014336917,0.2222222222222222,0.6290322580645161,0.2939627703577655,0.29285182862653075,LR-B,Y12-nonatt,all,37,4,80,18
0.2066643694033937,0.37833594976452123,-0.11747567814376872,0.43171114599686033,0.23076923076923078,0.6326530612244898,0.2916262121054964,0.2920696982469155,LR-B,Y12-nonatt,A,37,4,62,13
0.3337606837606838,0.4615384615384615,-0.17541160386140583,0.4076923076923077,0.2,0.6153846153846154,0.302010915448915,0.34924142986155826,LR-B,Y12-nonatt,B,37,4,18,5
0.2937535525467112,0.48745519713261654,0.051207698919987034,0.5116487455197133,0.05555555555555555,0.967741935483871,0.18781049639323544,0.13848169743801278,LR-C,Y12-nonatt,all,37,4,80,18
0.30268068173624507,0.4819466248037676,0.13020934719647143,0.5282574568288854,0.07692307692307693,0.9795918367346939,0.1818066182805181,0.13570536005442183,LR-C,Y12-nonatt,A,37,4,62,13
0.4125757575757576,0.6615384615384615,-0.1504142093990467,0.46153846153846156,0.0,0.9230769230769231,0.20849052100370613,0.23335006719184181,LR-C,Y12-nonatt,B,37,4,18,5
0.30474252015456715,0.521505376344086,-0.06062152567574662,0.49193548387096775,0.0,0.9838709677419355,0.17811694967049205,0.04419295422227389,EN-C,Y12-nonatt,all,37,4,80,18
0.2629075574250013,0.4725274725274725,-0.06594907653549753,0.4897959183673469,0.0,0.9795918367346939,0.1748776981676904,0.07348597174578601,EN-C,Y12-nonatt,A,37,4,62,13
0.5847222222222221,0.6923076923076924,0.0,0.5,0.0,1.0,0.1892743715134755,0.0901551403878938,EN-C,Y12-nonatt,B,37,4,18,5
0.32385181534645285,0.5555555555555556,0.1591557800787011,0.5779569892473119,0.3333333333333333,0.8225806451612904,0.20501765713393683,0.14711609138880738,GBM-C,Y12-nonatt,all,37,4,80,18
0.3504155551930662,0.5981161695447409,0.22135007849293564,0.6106750392464678,0.38461538461538464,0.8367346938775511,0.18908520180837574,0.14065958856917854,GBM-C,Y12-nonatt,A,37,4,62,13
0.32929971988795514,0.4461538461538462,-0.033149677206589796,0.48461538461538467,0.2,0.7692307692307693,0.25989611436642507,0.27147002484248317,GBM-C,Y12-nonatt,B,37,4,18,5
0.211264905739271,0.45250896057347667,-0.08627959628145761,0.4838709677419355,0.0,0.967741935483871,0.20056425465209643,0.13812055717788874,MLP-C,Y12-nonatt,all,37,4,80,18
0.22218619505271972,0.46153846153846156,-0.09404008408634049,0.47959183673469385,0.0,0.9591836734693877,0.19461989874373364,0.14642153804380706,MLP-C,Y12-nonatt,A,37,4,62,13
0.25024114774114775,0.35384615384615387,0.0,0.5,0.0,1.0,0.2210392583364572,0.1095282897508369,MLP-C,Y12-nonatt,B,37,4,18,5
0.2917253840541538,0.517921146953405,-0.08627959628145761,0.4838709677419355,0.0,0.967741935483871,0.1896833215782024,0.13369729192159402,FL-FedAvg,Y12-nonatt,all,37,4,80,18
0.28644199509024415,0.5023547880690739,-0.06594907653549753,0.4897959183673469,0.0,0.9795918367346939,0.1880987427422028,0.1540008583477132,FL-FedAvg,Y12-nonatt,A,37,4,62,13
0.4037698412698413,0.6153846153846154,-0.1504142093990467,0.46153846153846156,0.0,0.9230769230769231,0.19514131534664558,0.11657321406311744,FL-FedAvg,Y12-nonatt,B,37,4,18,5
0.2438388838435589,0.4605734767025089,-0.015457963192005608,0.49551971326164873,0.05555555555555555,0.9354838709677419,0.20064024995397922,0.11848275614873008,FL-FedAvg-E,Y12-nonatt,all,37,4,80,18
0.22869918370864828,0.445839874411303,0.02601275145461535,0.5078492935635793,0.07692307692307693,0.9387755102040817,0.19930279646363086,0.15256531044777338,FL-FedAvg-E,Y12-nonatt,A,37,4,62,13
0.36130952380952375,0.523076923076923,-0.1504142093990467,0.46153846153846156,0.0,0.9230769230769231,0.20524703419851248,0.060996209624026805,FL-FedAvg-E,Y12-nonatt,B,37,4,18,5
0.2917253840541538,0.517921146953405,-0.08627959628145761,0.4838709677419355,0.0,0.967741935483871,0.18980132287886226,0.13428009157009455,FL-FedProx,Y12-nonatt,all,37,4,80,18
0.28644199509024415,0.5023547880690739,-0.06594907653549753,0.4897959183673469,0.0,0.9795918367346939,0.18823569422594716,0.1545444181791051,FL-FedProx,Y12-nonatt,A,37,4,62,13
0.4037698412698413,0.6153846153846154,-0.1504142093990467,0.46153846153846156,0.0,0.9230769230769231,0.19519404379445854,0.11703346295140886,FL-FedProx,Y12-nonatt,B,37,4,18,5
0.2677518350595274,0.6495726495726496,-0.10706934573993683,0.46825396825396826,0.0,0.9365079365079365,0.1539197763935751,0.11232455381328246,LR-A,Ydisc-sens,all,7,0,76,13
0.24306778193973316,0.6088888888888888,-0.09819805060619657,0.47,0.0,0.94,0.14211730100859166,0.12482250091753738,LR-A,Ydisc-sens,A,7,0,59,9
0.4548611111111111,0.75,-0.1386750490563073,0.46153846153846156,0.0,0.9230769230769231,0.19488130861204686,0.16887291542905952,LR-A,Ydisc-sens,B,7,0,17,4
0.29901809086183406,0.5653235653235653,0.21039281492681464,0.5982905982905983,0.3076923076923077,0.8888888888888888,0.16909563013020865,0.18581832408732066,LR-B,Ydisc-sens,all,7,0,76,13
0.23277140390892512,0.5088888888888888,0.10735480644214741,0.5511111111111111,0.2222222222222222,0.88,0.16888288014513103,0.19438996622473334,LR-B,Ydisc-sens,A,7,0,59,9
0.5617715617715617,0.6538461538461539,0.47075654176200415,0.7115384615384616,0.5,0.9230769230769231,0.16983399772547783,0.22930699553581688,LR-B,Ydisc-sens,B,7,0,17,4
0.29035789052084254,0.6288156288156288,0.04941662111074008,0.5146520146520146,0.07692307692307693,0.9523809523809523,0.14407751062720173,0.09537701561399729,LR-C,Ydisc-sens,all,7,0,76,13
0.2540588957896306,0.5888888888888888,0.11638287479252926,0.5355555555555556,0.1111111111111111,0.96,0.1374108301357847,0.11634818958150059,LR-C,Ydisc-sens,A,7,0,59,9
0.4988095238095238,0.7692307692307692,-0.1386750490563073,0.46153846153846156,0.0,0.9230769230769231,0.16721481350917852,0.16955813530018235,LR-C,Ydisc-sens,B,7,0,17,4
0.2619140266638219,0.6190476190476191,0.0,0.5,0.0,1.0,0.14054153419863102,0.013801066242613283,EN-C,Ydisc-sens,all,7,0,76,13
0.24009338936650026,0.5711111111111111,0.0,0.5,0.0,1.0,0.12969075875373245,0.030326002086611133,EN-C,Ydisc-sens,A,7,0,59,9
0.43214285714285716,0.7307692307692307,0.0,0.5,0.0,1.0,0.17820010780151424,0.09598008991897923,EN-C,Ydisc-sens,B,7,0,17,4
0.2585562730308506,0.6153846153846154,0.20590258796141697,0.561050061050061,0.15384615384615385,0.9682539682539683,0.1583123788326736,0.16714190831104464,GBM-C,Ydisc-sens,all,7,0,76,13
0.20126442571557315,0.5777777777777777,0.11638287479252926,0.5355555555555556,0.1111111111111111,0.96,0.1631587564445932,0.18344187799870515,GBM-C,Ydisc-sens,A,7,0,59,9
0.6659090909090909,0.7307692307692308,0.4506939094329987,0.625,0.25,1.0,0.14149259770895242,0.21034629246509615,GBM-C,Ydisc-sens,B,7,0,17,4
0.17061712682983604,0.47008547008547014,-0.12054722829639888,0.4603174603174603,0.0,0.9206349206349206,0.17539765745483257,0.15447933010627243,MLP-C,Ydisc-sens,all,7,0,76,13
0.17960935673483513,0.5311111111111111,-0.11441551070947108,0.46,0.0,0.92,0.16488622493101987,0.1872445434440362,MLP-C,Ydisc-sens,A,7,0,59,9
0.22435897435897434,0.36538461538461536,-0.1386750490563073,0.46153846153846156,0.0,0.9230769230769231,0.21187851150806472,0.18285366074516576,MLP-C,Ydisc-sens,B,7,0,17,4
0.29426324105675816,0.6434676434676435,0.04941662111074008,0.5146520146520146,0.07692307692307693,0.9523809523809523,0.15377579197828584,0.11719820440248954,FL-FedAvg,Ydisc-sens,all,7,0,76,13
0.2642939595525802,0.6066666666666667,0.11638287479252926,0.5355555555555556,0.1111111111111111,0.96,0.14714064873281177,0.13406142241465843,FL-FedAvg,Ydisc-sens,A,7,0,59,9
0.46825396825396826,0.7692307692307693,-0.1386750490563073,0.46153846153846156,0.0,0.9230769230769231,0.17680364206551935,0.13084487566562308,FL-FedAvg,Ydisc-sens,B,7,0,17,4
0.3397716009480716,0.6153846153846154,0.08736504717716294,0.5225885225885226,0.07692307692307693,0.9682539682539683,0.15615553830686593,0.16663041296285927,FL-FedAvg-E,Ydisc-sens,all,7,0,76,13
0.3258807175549462,0.5822222222222222,0.11638287479252926,0.5355555555555556,0.1111111111111111,0.96,0.15118275261984923,0.1902981528422775,FL-FedAvg-E,Ydisc-sens,A,7,0,59,9
0.4659090909090909,0.7115384615384616,0.0,0.5,0.0,1.0,0.17341402980886506,0.0844894333813491,FL-FedAvg-E,Ydisc-sens,B,7,0,17,4
0.2919322387257558,0.6422466422466422,0.04941662111074008,0.5146520146520146,0.07692307692307693,0.9523809523809523,0.15400178323316852,0.13475901416356045,FL-FedProx,Ydisc-sens,all,7,0,76,13
0.2642939595525802,0.6066666666666667,0.11638287479252926,0.5355555555555556,0.1111111111111111,0.96,0.14739317312594155,0.13571937873151224,FL-FedProx,Ydisc-sens,A,7,0,59,9
0.46825396825396826,0.7692307692307693,-0.1386750490563073,0.46153846153846156,0.0,0.9230769230769231,0.17693754772295622,0.13142598419243362,FL-FedProx,Ydisc-sens,B,7,0,17,4
0.20895170059402784,0.4847374847374848,0.14361413797053765,0.5305250305250305,0.07692307692307693,0.9841269841269841,0.16104939351475153,0.13204385797725118,LR-A,Ydisc-sens,all,7,1,76,13
0.23457294945409551,0.5122448979591837,0.16501147309003286,0.539795918367347,0.1,0.9795918367346939,0.15602042360288065,0.11521718752816495,LR-A,Ydisc-sens,A,7,1,59,10
0.19365079365079366,0.40476190476190477,0.0,0.5,0.0,1.0,0.17850287732653872,0.19044230247702096,LR-A,Ydisc-sens,B,7,1,17,3
0.16853755678359372,0.36630036630036633,-0.14468578871373852,0.4444444444444444,0.0,0.8888888888888888,0.19686280855864954,0.17475938246125367,LR-B,Ydisc-sens,all,7,1,76,13
0.152295383468515,0.31224489795918364,-0.151998621885409,0.4387755102040816,0.0,0.8775510204081632,0.19980167052169284,0.21971542735478988,LR-B,Ydisc-sens,A,7,1,59,10
0.3366013071895425,0.5714285714285714,-0.11572751247156893,0.4642857142857143,0.0,0.9285714285714286,0.18666322880455816,0.1529583321144442,LR-B,Ydisc-sens,B,7,1,17,3
0.16280234017166587,0.4456654456654457,-0.05245305283129621,0.49206349206349204,0.0,0.9841269841269841,0.16949329618617312,0.1136073628852126,LR-C,Ydisc-sens,all,7,1,76,13
0.17817365418190007,0.47551020408163264,-0.05931819989552855,0.4897959183673469,0.0,0.9795918367346939,0.16533761373484268,0.10414630165834807,LR-C,Ydisc-sens,A,7,1,59,10
0.1735042735042735,0.33333333333333337,0.0,0.5,0.0,1.0,0.18391595881137876,0.17858807278593658,LR-C,Ydisc-sens,B,7,1,17,3
0.17023895913275966,0.44444444444444453,0.0,0.5,0.0,1.0,0.14910327016107525,0.07387774341993504,EN-C,Ydisc-sens,all,7,1,76,13
0.18486297920168154,0.4510204081632653,0.0,0.5,0.0,1.0,0.14747007010952637,0.07467540487130268,EN-C,Ydisc-sens,A,7,1,59,10
0.18253968253968253,0.38095238095238093,0.0,0.5,0.0,1.0,0.15477143504586238,0.12791954262241315,EN-C,Ydisc-sens,B,7,1,17,3
0.21060368435133447,0.523809523809524,0.08736504717716294,0.5225885225885226,0.07692307692307693,0.9682539682539683,0.16223009519622827,0.12814243140440548,GBM-C,Ydisc-sens,all,7,1,76,13
0.1909724624325643,0.5081632653061224,-0.05931819989552855,0.4897959183673469,0.0,0.9795918367346939,0.16145516073313024,0.12803410054289335,GBM-C,Ydisc-sens,A,7,1,59,10
0.3666666666666667,0.6190476190476191,0.3098898934004561,0.6309523809523809,0.3333333333333333,0.9285714285714286,0.16491957362698045,0.25036195662860083,GBM-C,Ydisc-sens,B,7,1,17,3
0.17967287988517028,0.4908424908424908,-0.07467935174467959,0.48412698412698413,0.0,0.9682539682539683,0.16500531633783064,0.11641046266375088,MLP-C,Ydisc-sens,all,7,1,76,13
0.18280162161418156,0.4877551020408163,-0.08462126825129891,0.47959183673469385,0.0,0.9591836734693877,0.1658480983231918,0.12935401935509727,MLP-C,Ydisc-sens,A,7,1,59,10
0.22086247086247088,0.47619047619047616,0.0,0.5,0.0,1.0,0.16208036709451837,0.07898554898277416,MLP-C,Ydisc-sens,B,7,1,17,3
0.17068365094341748,0.45909645909645913,0.0,0.5,0.0,1.0,0.16157284620151116,0.12751645390096267,FL-FedAvg,Ydisc-sens,all,7,1,76,13
0.19007720309139636,0.4775510204081633,0.0,0.5,0.0,1.0,0.1598929247237355,0.14808627891618648,FL-FedAvg,Ydisc-sens,A,7,1,59,10
0.18759018759018758,0.4047619047619047,0.0,0.5,0.0,1.0,0.1674031619184973,0.1566064803778315,FL-FedAvg,Ydisc-sens,B,7,1,17,3
0.15701642568652124,0.3772893772893773,-0.0920874821597123,0.47619047619047616,0.0,0.9523809523809523,0.17039737412914996,0.16777096018806162,FL-FedAvg-E,Ydisc-sens,all,7,1,76,13
0.16566713798502045,0.36938775510204086,-0.08462126825129891,0.47959183673469385,0.0,0.9591836734693877,0.170375509474098,0.1671004759256735,FL-FedAvg-E,Ydisc-sens,A,7,1,59,10
0.20555555555555557,0.40476190476190477,-0.11572751247156893,0.4642857142857143,0.0,0.9285714285714286,0.1704732573437422,0.17009793498105555,FL-FedAvg-E,Ydisc-sens,B,7,1,17,3
0.17068365094341748,0.45909645909645913,0.0,0.5,0.0,1.0,0.16170929592490624,0.12820041976289892,FL-FedProx,Ydisc-sens,all,7,1,76,13
0.19007720309139636,0.4775510204081633,0.0,0.5,0.0,1.0,0.16003446380252234,0.14874802466525675,FL-FedProx,Ydisc-sens,A,7,1,59,10
0.18759018759018758,0.4047619047619047,0.0,0.5,0.0,1.0,0.16752194858494446,0.15631589939414578,FL-FedProx,Ydisc-sens,B,7,1,17,3
0.3225351220333682,0.6054590570719603,0.14284075309146563,0.5303970223325062,0.07692307692307693,0.9838709677419355,0.14304126233528025,0.0953997588456799,LR-A,Ydisc-sens,all,7,2,75,13
0.31324112579926533,0.5857142857142857,0.16501147309003286,0.539795918367347,0.1,0.9795918367346939,0.14451191772962096,0.10765999702287703,LR-A,Ydisc-sens,A,7,2,59,10
0.5166666666666667,0.6666666666666666,0.0,0.5,0.0,1.0,0.13761822056864892,0.1235049751210579,LR-A,Ydisc-sens,B,7,2,16,3
0.22098222119849004,0.3722084367245657,0.027631584927196137,0.5124069478908189,0.15384615384615385,0.8709677419354839,0.207964173785006,0.23216018554821677,LR-B,Ydisc-sens,all,7,2,75,13
0.15195876792698826,0.3714285714285714,-0.02604617494803484,0.4887755102040816,0.1,0.8775510204081632,0.20422384045745898,0.21731602751434625,LR-B,Ydisc-sens,A,7,2,59,10
0.4512820512820513,0.41025641025641024,0.1794871794871795,0.5897435897435898,0.3333333333333333,0.8461538461538461,0.2217566529303358,0.2868980182981141,LR-B,Ydisc-sens,B,7,2,16,3
0.23505129487077558,0.5707196029776676,0.14284075309146563,0.5303970223325062,0.07692307692307693,0.9838709677419355,0.1515744249106063,0.06963678744185473,LR-C,Ydisc-sens,all,7,2,75,13
0.2409299659476168,0.5612244897959184,0.16501147309003286,0.539795918367347,0.1,0.9795918367346939,0.15139071468849916,0.07314664509752317,LR-C,Ydisc-sens,A,7,2,59,10
0.2785714285714286,0.6153846153846154,0.0,0.5,0.0,1.0,0.15225185635462643,0.09951307583979217,LR-C,Ydisc-sens,B,7,2,16,3
0.2590754231967546,0.5955334987593053,0.0,0.5,0.0,1.0,0.14120476208639865,0.03203725316106922,EN-C,Ydisc-sens,all,7,2,75,13
0.26660302302800776,0.583673469387755,0.0,0.5,0.0,1.0,0.13884231252526136,0.04445627532555961,EN-C,Ydisc-sens,A,7,2,59,10
0.3075757575757576,0.641025641025641,0.0,0.5,0.0,1.0,0.14991629484309243,0.041411663999358084,EN-C,Ydisc-sens,B,7,2,16,3
0.2256600231286093,0.56575682382134,0.04807299113687632,0.5142679900744417,0.07692307692307693,0.9516129032258065,0.16885209402927204,0.11589479931786807,GBM-C,Ydisc-sens,all,7,2,75,13
0.2695689851698255,0.6081632653061224,0.10107536469824094,0.5295918367346939,0.1,0.9591836734693877,0.15655831150479882,0.10535715662733494,GBM-C,Ydisc-sens,A,7,2,59,10
0.22424242424242424,0.4871794871794871,-0.12403473458920847,0.46153846153846156,0.0,0.9230769230769231,0.21418541708826694,0.23632782402061212,GBM-C,Ydisc-sens,B,7,2,16,3
0.3069405277759196,0.6054590570719602,0.2538682029106135,0.5384615384615384,0.07692307692307693,1.0,0.15412429314108397,0.1275215882690416,MLP-C,Ydisc-sens,all,7,2,75,13
0.2570596534528423,0.6367346938775511,0.0,0.5,0.0,1.0,0.1492570331678784,0.1075216831917365,MLP-C,Ydisc-sens,A,7,2,59,10
0.4606060606060606,0.4615384615384615,0.53748384988657,0.6666666666666666,0.3333333333333333,1.0,0.17207231429227948,0.2499161771662238,MLP-C,Ydisc-sens,B,7,2,16,3
0.33375388898798897,0.607940446650124,0.14284075309146563,0.5303970223325062,0.07692307692307693,0.9838709677419355,0.15106372990294217,0.1074182326793698,FL-FedAvg,Ydisc-sens,all,7,2,75,13
0.33268448916933463,0.6,0.16501147309003286,0.539795918367347,0.1,0.9795918367346939,0.1510726612245325,0.11658856549950607,FL-FedAvg,Ydisc-sens,A,7,2,59,10
0.5353535353535352,0.6923076923076923,0.0,0.5,0.0,1.0,0.15103079565457792,0.07360263040511737,FL-FedAvg,Ydisc-sens,B,7,2,16,3
0.250184284710104,0.5409429280397022,-0.053230429642548,0.49193548387096775,0.0,0.9838709677419355,0.1624238697868976,0.12355019933598664,FL-FedAvg-E,Ydisc-sens,all,7,2,75,13
0.27015063610617834,0.5653061224489795,-0.05931819989552855,0.4897959183673469,0.0,0.9795918367346939,0.16155282440395535,0.13554472730796086,FL-FedAvg-E,Ydisc-sens,A,7,2,59,10
0.2518518518518519,0.4615384615384615,0.0,0.5,0.0,1.0,0.16563584963649716,0.09143165272540629,FL-FedAvg-E,Ydisc-sens,B,7,2,16,3
0.33375388898798897,0.607940446650124,0.14284075309146563,0.5303970223325062,0.07692307692307693,0.9838709677419355,0.15125078724077853,0.10843416166769977,FL-FedProx,Ydisc-sens,all,7,2,75,13
0.33268448916933463,0.6,0.16501147309003286,0.539795918367347,0.1,0.9795918367346939,0.15127059150941097,0.11757087947624964,FL-FedProx,Ydisc-sens,A,7,2,59,10
0.5353535353535352,0.6923076923076923,0.0,0.5,0.0,1.0,0.15117775900019648,0.07474251474867215,FL-FedProx,Ydisc-sens,B,7,2,16,3
0.23742392286876413,0.49007444168734493,0.16003588750309927,0.5527295285359801,0.15384615384615385,0.9516129032258065,0.1627325792507069,0.10578894798788395,LR-A,Ydisc-sens,all,7,3,75,13
0.24387062490510766,0.4965986394557823,0.20769025378671682,0.5804988662131519,0.2222222222222222,0.9387755102040817,0.14924915415601217,0.11332341318702431,LR-A,Ydisc-sens,A,7,3,58,9
0.27849927849927847,0.4807692307692307,0.0,0.5,0.0,1.0,0.20873485310319484,0.1917040049860093,LR-A,Ydisc-sens,B,7,3,17,4
0.3740303641450894,0.6240694789081886,0.33742347119239485,0.6296526054590571,0.3076923076923077,0.9516129032258065,0.1422711561264882,0.11086919259779136,LR-B,Ydisc-sens,all,7,3,75,13
0.3101957363454003,0.5782312925170068,0.25920526378657965,0.590702947845805,0.2222222222222222,0.9591836734693877,0.14233472126841834,0.12079461082644832,LR-B,Ydisc-sens,A,7,3,58,9
0.5904761904761905,0.6923076923076923,0.47075654176200415,0.7115384615384616,0.5,0.9230769230769231,0.14205428681872653,0.07826618510520852,LR-B,Ydisc-sens,B,7,3,17,4
0.23525391089633843,0.5471464019851117,-0.09346956263824575,0.47580645161290325,0.0,0.9516129032258065,0.1565281286492957,0.09786190490694985,LR-C,Ydisc-sens,all,7,3,75,13
0.22666263395876068,0.5510204081632653,-0.10009272139219581,0.46938775510204084,0.0,0.9387755102040817,0.1477316320848049,0.09961024601195603,LR-C,Ydisc-sens,A,7,3,58,9
0.49642857142857144,0.6153846153846154,0.0,0.5,0.0,1.0,0.18653970516344082,0.15727302470211577,LR-C,Ydisc-sens,B,7,3,17,4
0.3157208468793886,0.5905707196029777,0.0,0.5,0.0,1.0,0.13933402913480042,0.10512318952630052,EN-C,Ydisc-sens,all,7,3,75,13
0.30228793769023654,0.5895691609977325,0.0,0.5,0.0,1.0,0.12841258532602676,0.10636213232903555,EN-C,Ydisc-sens,A,7,3,58,9
0.6464285714285715,0.6730769230769231,0.0,0.5,0.0,1.0,0.1765954256588517,0.10089620819932218,EN-C,Ydisc-sens,B,7,3,17,4
0.20249863988422337,0.4950372208436725,0.027631584927196137,0.5124069478908189,0.15384615384615385,0.8709677419354839,0.18673708694132102,0.18196600676111466,GBM-C,Ydisc-sens,all,7,3,75,13
0.17205852343031247,0.5170068027210885,-0.05215419501133787,0.4739229024943311,0.1111111111111111,0.8367346938775511,0.18582055162171027,0.1795299013472193,GBM-C,Ydisc-sens,A,7,3,58,9
0.42489495798319327,0.42307692307692313,0.4506939094329987,0.625,0.25,1.0,0.1898640897964637,0.23176714452584213,GBM-C,Ydisc-sens,B,7,3,17,4
0.1835638360214626,0.40446650124069483,-0.09346956263824575,0.47580645161290325,0.0,0.9516129032258065,0.16673986033092325,0.17110506076248555,MLP-C,Ydisc-sens,all,7,3,75,13
0.21558619882007207,0.5124716553287982,-0.10009272139219581,0.46938775510204084,0.0,0.9387755102040817,0.1502663483952451,0.15726923910584345,MLP-C,Ydisc-sens,A,7,3,58,9
0.17474614845938374,0.1346153846153846,0.0,0.5,0.0,1.0,0.22294360693500165,0.2713611075579431,MLP-C,Ydisc-sens,B,7,3,17,4
0.29393235627030945,0.5744416873449132,0.2048327448440817,0.5607940446650124,0.15384615384615385,0.967741935483871,0.15543234131536893,0.14878950118571238,FL-FedAvg,Ydisc-sens,all,7,3,75,13
0.2964565833330883,0.5895691609977325,0.25920526378657965,0.590702947845805,0.2222222222222222,0.9591836734693877,0.14969928452832498,0.19856839910120055,FL-FedAvg,Ydisc-sens,A,7,3,58,9
0.6291666666666667,0.6153846153846154,0.0,0.5,0.0,1.0,0.17499218211822473,0.07195657718102993,FL-FedAvg,Ydisc-sens,B,7,3,17,4
0.30016141793306395,0.5930521091811414,0.04807299113687632,0.5142679900744417,0.07692307692307693,0.9516129032258065,0.15777814643074858,0.15141074940746335,FL-FedAvg-E,Ydisc-sens,all,7,3,75,13
0.28616203924668776,0.5804988662131519,0.07128144754130941,0.5249433106575964,0.1111111111111111,0.9387755102040817,0.15672969418619223,0.17308187073630482,FL-FedAvg-E,Ydisc-sens,A,7,3,58,9
0.6706730769230769,0.7307692307692307,0.0,0.5,0.0,1.0,0.1613552187945291,0.10120036521524026,FL-FedAvg-E,Ydisc-sens,B,7,3,17,4
0.29393235627030945,0.5744416873449132,0.2048327448440817,0.5607940446650124,0.15384615384615385,0.967741935483871,0.15565704909399022,0.1495589210934494,FL-FedProx,Ydisc-sens,all,7,3,75,13
0.2964565833330883,0.5895691609977325,0.25920526378657965,0.590702947845805,0.2222222222222222,0.9591836734693877,0.14996282347609688,0.19932031421459662,FL-FedProx,Ydisc-sens,A,7,3,58,9
0.6291666666666667,0.6153846153846154,0.0,0.5,0.0,1.0,0.17508440708444983,0.03716432169901351,FL-FedProx,Ydisc-sens,B,7,3,17,4
0.25701117792463946,0.5992555831265509,0.018827751470952853,0.5062034739454094,0.07692307692307693,0.9354838709677419,0.15197215938214706,0.08198486173917766,LR-A,Ydisc-sens,all,7,4,75,13
0.30357308045102804,0.7437641723356008,0.07128144754130941,0.5249433106575964,0.1111111111111111,0.9387755102040817,0.1302460477668088,0.0944709456555468,LR-A,Ydisc-sens,A,7,4,58,9
0.22819264069264067,0.34615384615384615,-0.1386750490563073,0.46153846153846156,0.0,0.9230769230769231,0.22609654018741865,0.19696959982159937,LR-A,Ydisc-sens,B,7,4,17,4
0.31387739016662125,0.6042183622828784,0.21633849349177467,0.5831265508684863,0.23076923076923078,0.9354838709677419,0.16927570473419587,0.2086311060707396,LR-B,Ydisc-sens,all,7,4,75,13
0.4087927202306287,0.7142857142857142,0.32350772404131306,0.6360544217687075,0.3333333333333333,0.9387755102040817,0.13561663786807115,0.14889499326180575,LR-B,Ydisc-sens,A,7,4,58,9
0.20036630036630035,0.2692307692307692,-0.1386750490563073,0.46153846153846156,0.0,0.9230769230769231,0.2841125211009744,0.41243666741886686,LR-B,Ydisc-sens,B,7,4,17,4
0.3386594784643479,0.6389578163771713,0.14284075309146563,0.5303970223325062,0.07692307692307693,0.9838709677419355,0.13927808893168692,0.04321376283947038,LR-C,Ydisc-sens,all,7,4,75,13
0.45569985569985566,0.7936507936507936,0.3090575499818436,0.5555555555555556,0.1111111111111111,1.0,0.11301502321726846,0.05221253842887223,LR-C,Ydisc-sens,A,7,4,58,9
0.22435897435897434,0.32692307692307687,-0.1386750490563073,0.46153846153846156,0.0,0.9230769230769231,0.22888148960440868,0.20439743834180316,LR-C,Ydisc-sens,B,7,4,17,4
0.2979136585411889,0.5781637717121588,0.0,0.5,0.0,1.0,0.14085132992688446,0.019662294908947546,EN-C,Ydisc-sens,all,7,4,75,13
0.3560222025739267,0.6825396825396826,0.0,0.5,0.0,1.0,0.12462521798538415,0.023975485206028078,EN-C,Ydisc-sens,A,7,4,58,9
0.25314685314685315,0.3846153846153846,0.0,0.5,0.0,1.0,0.19621100596259133,0.13349374888778068,EN-C,Ydisc-sens,B,7,4,17,4
0.23151067551173166,0.46153846153846156,0.06998547522145233,0.5285359801488834,0.15384615384615385,0.9032258064516129,0.18039107594393677,0.16213472013098118,GBM-C,Ydisc-sens,all,7,4,75,13
0.2838120164073866,0.5056689342403629,0.010783590801377101,0.5045351473922902,0.1111111111111111,0.8979591836734694,0.1649130757947917,0.14204651860099934,GBM-C,Ydisc-sens,A,7,4,58,9
0.2906468531468532,0.3846153846153846,0.227866357593825,0.5865384615384616,0.25,0.9230769230769231,0.23319837057043175,0.28649033547048564,GBM-C,Ydisc-sens,B,7,4,17,4
0.32601392036737886,0.46153846153846156,0.3614745588437089,0.5769230769230769,0.15384615384615385,1.0,0.1658441461595042,0.215520394881941,MLP-C,Ydisc-sens,all,7,4,75,13
0.4150987661969574,0.5374149659863945,0.44095855184409843,0.6111111111111112,0.2222222222222222,1.0,0.15178562770416823,0.21007174577746973,MLP-C,Ydisc-sens,A,7,4,58,9
0.20972222222222223,0.30769230769230765,0.0,0.5,0.0,1.0,0.21380850324241527,0.2341099035913135,MLP-C,Ydisc-sens,B,7,4,17,4
0.35420803701475717,0.6228287841191067,0.08627959628145761,0.5223325062034739,0.07692307692307693,0.967741935483871,0.15135233838705392,0.12733115984521448,FL-FedAvg,Ydisc-sens,all,7,4,75,13
0.5012859208954286,0.782312925170068,0.11492127270955815,0.5351473922902494,0.1111111111111111,0.9591836734693877,0.13552553504890696,0.18094558033401584,FL-FedAvg,Ydisc-sens,A,7,4,58,9
0.22045454545454546,0.34615384615384615,0.0,0.5,0.0,1.0,0.20534966742308483,0.12382739774099946,FL-FedAvg,Ydisc-sens,B,7,4,17,4
0.35593545842414626,0.6488833746898264,0.16003588750309927,0.5527295285359801,0.15384615384615385,0.9516129032258065,0.15088586079690627,0.13716291616874682,FL-FedAvg-E,Ydisc-sens,all,7,4,75,13
0.46905577394083137,0.764172335600907,0.25920526378657965,0.590702947845805,0.2222222222222222,0.9591836734693877,0.1346870554666802,0.17410039196850433,FL-FedAvg-E,Ydisc-sens,A,7,4,58,9
0.26304945054945056,0.46153846153846145,-0.1386750490563073,0.46153846153846156,0.0,0.9230769230769231,0.20615237310003057,0.17593399049554528,FL-FedAvg-E,Ydisc-sens,B,7,4,17,4
0.35420803701475717,0.6228287841191067,0.08627959628145761,0.5223325062034739,0.07692307692307693,0.967741935483871,0.1515939473842096,0.12812813561709457,FL-FedProx,Ydisc-sens,all,7,4,75,13
0.5012859208954286,0.782312925170068,0.11492127270955815,0.5351473922902494,0.1111111111111111,0.9591836734693877,0.13583768368596544,0.18189905455145325,FL-FedProx,Ydisc-sens,A,7,4,58,9
0.22045454545454546,0.34615384615384615,0.0,0.5,0.0,1.0,0.2053506117664543,0.1242445962259352,FL-FedProx,Ydisc-sens,B,7,4,17,4
0.22230343485419635,0.4017094017094017,0.16134782864287234,0.5531135531135531,0.15384615384615385,0.9523809523809523,0.17172679458292892,0.1650445687492284,LR-A,Ydisc-sens,all,11,0,76,13
0.27957139442158074,0.4666666666666667,0.26061310772712853,0.5911111111111111,0.2222222222222222,0.96,0.14761745295100448,0.17355190231671952,LR-A,Ydisc-sens,A,11,0,59,9
0.2076923076923077,0.30769230769230765,-0.1386750490563073,0.46153846153846156,0.0,0.9230769230769231,0.2554003920113725,0.2760664156044113,LR-A,Ydisc-sens,B,11,0,17,4
0.22190938439698837,0.40415140415140416,-0.049672493049143625,0.47374847374847373,0.15384615384615385,0.7936507936507936,0.23254509868925013,0.24251289636251924,LR-B,Ydisc-sens,all,11,0,76,13
0.24832485744748956,0.4066666666666666,0.019849711139180454,0.5111111111111111,0.2222222222222222,0.8,0.21634427104736045,0.261130714107817,LR-B,Ydisc-sens,A,11,0,59,9
0.22889610389610388,0.3846153846153846,-0.25677629550654774,0.38461538461538464,0.0,0.7692307692307693,0.2887715005052203,0.2691218620734882,LR-B,Ydisc-sens,B,11,0,17,4
0.1919017537898495,0.34188034188034194,0.12617262066409055,0.5451770451770452,0.15384615384615385,0.9365079365079365,0.18063431269301428,0.2075675355934917,LR-C,Ydisc-sens,all,11,0,76,13
0.2167522692988092,0.4022222222222222,0.20942798835047513,0.5811111111111111,0.2222222222222222,0.94,0.15990731831589644,0.1723893510833066,LR-C,Ydisc-sens,A,11,0,59,9
0.18968253968253965,0.23076923076923075,-0.1386750490563073,0.46153846153846156,0.0,0.9230769230769231,0.25256917553124664,0.32965652889354613,LR-C,Ydisc-sens,B,11,0,17,4
0.24454594944011365,0.35653235653235654,0.254195563720897,0.5384615384615384,0.07692307692307693,1.0,0.15022005561304552,0.10456280299658598,EN-C,Ydisc-sens,all,11,0,76,13
0.283694176897899,0.3733333333333333,0.30949223029508643,0.5555555555555556,0.1111111111111111,1.0,0.135768314851013,0.1275737632774089,EN-C,Ydisc-sens,A,11,0,59,9
0.2148809523809524,0.34615384615384615,0.0,0.5,0.0,1.0,0.20037609708127593,0.17351798278989905,EN-C,Ydisc-sens,B,11,0,17,4
0.17306867396756778,0.3650793650793651,0.020400300173236734,0.5067155067155067,0.07692307692307693,0.9365079365079365,0.18056396730539853,0.1525864856318,GBM-C,Ydisc-sens,all,11,0,76,13
0.18152548272488303,0.4,0.07309879850882874,0.5255555555555556,0.1111111111111111,0.94,0.16587719981565086,0.1507614804882433,GBM-C,Ydisc-sens,A,11,0,59,9
0.22068250377073906,0.3076923076923077,-0.1386750490563073,0.46153846153846156,0.0,0.9230769230769231,0.23153568976981717,0.20091330327129728,GBM-C,Ydisc-sens,B,11,0,17,4
0.2190613280103797,0.41147741147741146,0.04941662111074008,0.5146520146520146,0.07692307692307693,0.9523809523809523,0.17566569543395666,0.21772640705478352,MLP-C,Ydisc-sens,all,11,0,76,13
0.23658213339064402,0.4111111111111111,0.07309879850882874,0.5255555555555556,0.1111111111111111,0.94,0.1695907976314083,0.23924296381707544,MLP-C,Ydisc-sens,A,11,0,59,9
0.2701923076923077,0.4423076923076923,0.0,0.5,0.0,1.0,0.196749164278095,0.14544923121527614,MLP-C,Ydisc-sens,B,11,0,17,4
0.2428172058582021,0.3382173382173383,0.16134782864287234,0.5531135531135531,0.15384615384615385,0.9523809523809523,0.17016358405999657,0.18632820340112516,FL-FedAvg,Ydisc-sens,all,11,0,76,13
0.28715693442127654,0.3844444444444444,0.26061310772712853,0.5911111111111111,0.2222222222222222,0.96,0.15969866916296582,0.21685542261739377,FL-FedAvg,Ydisc-sens,A,11,0,59,9
0.1948135198135198,0.25,-0.1386750490563073,0.46153846153846156,0.0,0.9230769230769231,0.20648299458498565,0.08326778684336453,FL-FedAvg,Ydisc-sens,B,11,0,17,4
0.21961810182592092,0.3235653235653236,0.16134782864287234,0.5531135531135531,0.15384615384615385,0.9523809523809523,0.17787290952667706,0.1515790024148772,FL-FedAvg-E,Ydisc-sens,all,11,0,76,13
0.25383724870528507,0.36444444444444446,0.20942798835047513,0.5811111111111111,0.2222222222222222,0.94,0.1697969268921109,0.1800751205836264,FL-FedAvg-E,Ydisc-sens,A,11,0,59,9
0.19689685314685315,0.2692307692307692,0.0,0.5,0.0,1.0,0.20590131984664206,0.1502815875833444,FL-FedAvg-E,Ydisc-sens,B,11,0,17,4
0.2428172058582021,0.3382173382173383,0.16134782864287234,0.5531135531135531,0.15384615384615385,0.9523809523809523,0.17031102943394177,0.18689033283548165,FL-FedProx,Ydisc-sens,all,11,0,76,13
0.28715693442127654,0.3844444444444444,0.26061310772712853,0.5911111111111111,0.2222222222222222,0.96,0.15991013052043984,0.21740230077096487,FL-FedProx,Ydisc-sens,A,11,0,59,9
0.1948135198135198,0.25,-0.1386750490563073,0.46153846153846156,0.0,0.9230769230769231,0.20640826683962496,0.08228324340142676,FL-FedProx,Ydisc-sens,B,11,0,17,4
0.40759200654703337,0.595848595848596,0.0,0.5,0.0,1.0,0.13768796518722998,0.08596840659540075,LR-A,Ydisc-sens,all,11,1,76,13
0.42759431675938053,0.5408163265306123,0.0,0.5,0.0,1.0,0.1414541630819609,0.14264612052838774,LR-A,Ydisc-sens,A,11,1,59,10
0.7916666666666666,0.8809523809523809,0.0,0.5,0.0,1.0,0.12461704308198733,0.1158444859680121,LR-A,Ydisc-sens,B,11,1,17,3
0.4492964672066839,0.6373626373626374,0.41349254254555623,0.6684981684981685,0.38461538461538464,0.9523809523809523,0.13459738331801419,0.11914557382570125,LR-B,Ydisc-sens,all,11,1,76,13
0.3667282820494819,0.5795918367346938,0.34915944850991654,0.6295918367346939,0.3,0.9591836734693877,0.14266427952670857,0.13188380729140514,LR-B,Ydisc-sens,A,11,1,59,10
0.6555555555555554,0.8095238095238095,0.5952380952380952,0.7976190476190477,0.6666666666666666,0.9285714285714286,0.10660050824078063,0.11813861166282787,LR-B,Ydisc-sens,B,11,1,17,3
0.358520125554456,0.6178266178266179,0.14361413797053765,0.5305250305250305,0.07692307692307693,0.9841269841269841,0.1357959383671943,0.09269997641447963,LR-C,Ydisc-sens,all,11,1,76,13
0.28462365489377517,0.5510204081632654,0.16501147309003286,0.539795918367347,0.1,0.9795918367346939,0.14399759599936945,0.10420755133160808,LR-C,Ydisc-sens,A,11,1,59,10
0.75,0.7857142857142857,0.0,0.5,0.0,1.0,0.1073313618790573,0.14585208361439223,LR-C,Ydisc-sens,B,11,1,17,3
0.34404337797572837,0.6105006105006104,0.0,0.5,0.0,1.0,0.13749030101308835,0.04038383246562749,EN-C,Ydisc-sens,all,11,1,76,13
0.32492066555182736,0.6204081632653061,0.0,0.5,0.0,1.0,0.1371127903557537,0.036017265816149016,EN-C,Ydisc-sens,A,11,1,59,10
0.47916666666666663,0.5476190476190476,0.0,0.5,0.0,1.0,0.13880048505913198,0.055538387307935005,EN-C,Ydisc-sens,B,11,1,17,3
0.18363200437399196,0.4932844932844933,-0.0920874821597123,0.47619047619047616,0.0,0.9523809523809523,0.17063675473249762,0.15970639985254878,GBM-C,Ydisc-sens,all,11,1,76,13
0.20928119858168948,0.5428571428571428,-0.10456072210162856,0.46938775510204084,0.0,0.9387755102040817,0.16502049677589453,0.1471234456085917,GBM-C,Ydisc-sens,A,11,1,59,10
0.1662037037037037,0.30952380952380953,0.0,0.5,0.0,1.0,0.19012847352306128,0.23077986129345376,GBM-C,Ydisc-sens,B,11,1,17,3
0.15019545257355854,0.41514041514041516,-0.05245305283129621,0.49206349206349204,0.0,0.9841269841269841,0.16987527180390738,0.10935692553423329,MLP-C,Ydisc-sens,all,11,1,76,13
0.14384022343035074,0.3836734693877551,-0.05931819989552855,0.4897959183673469,0.0,0.9795918367346939,0.17368140234601617,0.12652719040070964,MLP-C,Ydisc-sens,A,11,1,59,10
0.2611111111111111,0.5238095238095238,0.0,0.5,0.0,1.0,0.156665759922471,0.10168872363252376,MLP-C,Ydisc-sens,B,11,1,17,3
0.38466246455842534,0.6593406593406593,-0.05245305283129621,0.49206349206349204,0.0,0.9841269841269841,0.14492577032992274,0.12543181087830316,FL-FedAvg,Ydisc-sens,all,11,1,76,13
0.34945257366512494,0.6326530612244898,-0.05931819989552855,0.4897959183673469,0.0,0.9795918367346939,0.14644895620056556,0.11341868633892885,FL-FedAvg,Ydisc-sens,A,11,1,59,10
0.6324786324786325,0.7380952380952381,0.0,0.5,0.0,1.0,0.13963941936710345,0.16712441957377877,FL-FedAvg,Ydisc-sens,B,11,1,17,3
0.363149364056214,0.6410256410256411,0.14361413797053765,0.5305250305250305,0.07692307692307693,0.9841269841269841,0.15064248581288794,0.1349766224325855,FL-FedAvg-E,Ydisc-sens,all,11,1,76,13
0.3188174934194152,0.5918367346938774,-0.05931819989552855,0.4897959183673469,0.0,0.9795918367346939,0.1552887530433148,0.14292388389016905,FL-FedAvg-E,Ydisc-sens,A,11,1,59,10
0.6555555555555554,0.8095238095238095,0.5400617248673216,0.6666666666666666,0.3333333333333333,1.0,0.13451720542493587,0.18077845136721565,FL-FedAvg-E,Ydisc-sens,B,11,1,17,3
0.38466246455842534,0.6593406593406593,-0.05245305283129621,0.49206349206349204,0.0,0.9841269841269841,0.14515407382149842,0.12643083984111628,FL-FedProx,Ydisc-sens,all,11,1,76,13
0.34945257366512494,0.6326530612244898,-0.05931819989552855,0.4897959183673469,0.0,0.9795918367346939,0.14666259067344461,0.11442649139751195,FL-FedProx,Ydisc-sens,A,11,1,59,10
0.6324786324786325,0.7380952380952381,0.0,0.5,0.0,1.0,0.13991863298239104,0.16809299032186084,FL-FedProx,Ydisc-sens,B,11,1,17,3
0.19190906973322325,0.5397022332506203,-0.07579305266077767,0.4838709677419355,0.0,0.967741935483871,0.1635620537805822,0.11564327053246053,LR-A,Ydisc-sens,all,11,2,75,13
0.19362804838926306,0.5183673469387755,-0.08462126825129891,0.47959183673469385,0.0,0.9591836734693877,0.16271422181422826,0.09279750182516894,LR-A,Ydisc-sens,A,11,2,59,10
0.2777777777777778,0.6153846153846154,0.0,0.5,0.0,1.0,0.16668843415651255,0.19988704264059817,LR-A,Ydisc-sens,B,11,2,16,3
0.3467782242985478,0.609181141439206,0.08839356953989233,0.542803970223325,0.23076923076923078,0.8548387096774194,0.17557794293129472,0.19100492612315678,LR-B,Ydisc-sens,all,11,2,75,13
0.3997301129383173,0.6612244897959183,0.15714285714285714,0.5785714285714285,0.3,0.8571428571428571,0.1624687126338347,0.19045096023922237,LR-B,Ydisc-sens,A,11,2,59,10
0.19308469308469312,0.3846153846153846,-0.18156825980064073,0.4230769230769231,0.0,0.8461538461538461,0.22391822965317876,0.24822824755795558,LR-B,Ydisc-sens,B,11,2,16,3
0.2524957062802144,0.6191066997518611,0.04807299113687632,0.5142679900744417,0.07692307692307693,0.9516129032258065,0.14831213381262454,0.061365610476997234,LR-C,Ydisc-sens,all,11,2,75,13
0.2733838383838384,0.6510204081632653,0.05786876586795141,0.5193877551020408,0.1,0.9387755102040817,0.14408455102711776,0.07325095560406991,LR-C,Ydisc-sens,A,11,2,59,10
0.2785714285714286,0.6153846153846154,0.0,0.5,0.0,1.0,0.16390134533418083,0.16294608366814584,LR-C,Ydisc-sens,B,11,2,16,3
0.3021717640009232,0.5682382133995038,0.0,0.5,0.0,1.0,0.1408055543247008,0.013129954979927198,EN-C,Ydisc-sens,all,11,2,75,13
0.3377220573544103,0.5877551020408164,0.0,0.5,0.0,1.0,0.13719701137176732,0.032333178253265905,EN-C,Ydisc-sens,A,11,2,59,10
0.27609427609427606,0.5641025641025641,0.0,0.5,0.0,1.0,0.1541120564636428,0.08263638582421867,EN-C,Ydisc-sens,B,11,2,16,3
0.3351486917423316,0.6885856079404467,0.20842307639232288,0.597394540942928,0.3076923076923077,0.8870967741935484,0.16157556730624562,0.13768981300785646,GBM-C,Ydisc-sens,all,11,2,75,13
0.43723683676369096,0.7775510204081633,0.3109199282999708,0.6489795918367347,0.4,0.8979591836734694,0.1367643643106307,0.12301617023327838,GBM-C,Ydisc-sens,A,11,2,59,10
0.23809523809523808,0.48717948717948717,-0.18156825980064073,0.4230769230769231,0.0,0.8461538461538461,0.2530668783525756,0.26443527068076483,GBM-C,Ydisc-sens,B,11,2,16,3
0.20311263403974056,0.5397022332506203,-0.053230429642548,0.49193548387096775,0.0,0.9838709677419355,0.15396410064041546,0.08337023972036042,MLP-C,Ydisc-sens,all,11,2,75,13
0.2144272014281401,0.5448979591836736,-0.05931819989552855,0.4897959183673469,0.0,0.9795918367346939,0.1518152788386875,0.08979855168994759,MLP-C,Ydisc-sens,A,11,2,59,10
0.23164983164983166,0.5128205128205128,0.0,0.5,0.0,1.0,0.16188788103428722,0.14311108514214432,MLP-C,Ydisc-sens,B,11,2,16,3
0.2871879894808469,0.5496277915632755,0.08627959628145761,0.5223325062034739,0.07692307692307693,0.967741935483871,0.15709685198823622,0.11950067655081754,FL-FedAvg,Ydisc-sens,all,11,2,75,13
0.3248033034553772,0.5897959183673469,0.10107536469824094,0.5295918367346939,0.1,0.9591836734693877,0.1548782996114486,0.13269379253963898,FL-FedAvg,Ydisc-sens,A,11,2,59,10
0.21666666666666667,0.46153846153846156,0.0,0.5,0.0,1.0,0.16527776387764076,0.09733630591011119,FL-FedAvg,Ydisc-sens,B,11,2,16,3
0.3082587475221811,0.6191066997518611,0.30124402353524565,0.5992555831265509,0.23076923076923078,0.967741935483871,0.15951027030387235,0.14712307450747916,FL-FedAvg-E,Ydisc-sens,all,11,2,75,13
0.34023291176826365,0.663265306122449,0.34915944850991654,0.6295918367346939,0.3,0.9591836734693877,0.1565976152618124,0.16883644622425334,FL-FedAvg-E,Ydisc-sens,A,11,2,59,10
0.28888888888888886,0.5384615384615384,0.0,0.5,0.0,1.0,0.1702506857714684,0.16468506354768198,FL-FedAvg-E,Ydisc-sens,B,11,2,16,3
0.2871879894808469,0.5496277915632755,0.08627959628145761,0.5223325062034739,0.07692307692307693,0.967741935483871,0.15732124879168738,0.12052391194506362,FL-FedProx,Ydisc-sens,all,11,2,75,13
0.3248033034553772,0.5897959183673469,0.10107536469824094,0.5295918367346939,0.1,0.9591836734693877,0.15511961721245088,0.13368493266903814,FL-FedProx,Ydisc-sens,A,11,2,59,10
0.21666666666666667,0.46153846153846156,0.0,0.5,0.0,1.0,0.16543976524012227,0.09667596025770944,FL-FedProx,Ydisc-sens,B,11,2,16,3
0.32014405867575735,0.6215880893300247,0.14284075309146563,0.5303970223325062,0.07692307692307693,0.9838709677419355,0.13821618842872294,0.0637050283023228,LR-A,Ydisc-sens,all,11,3,75,13
0.26523269755535206,0.5714285714285714,-0.05676567244564474,0.4897959183673469,0.0,0.9795918367346939,0.1327955724294959,0.10319287725337717,LR-A,Ydisc-sens,A,11,3,58,9
0.6238095238095238,0.7884615384615385,0.4506939094329987,0.625,0.25,1.0,0.15671005477902678,0.12085234821556066,LR-A,Ydisc-sens,B,11,3,17,4
0.27956713858459276,0.6029776674937966,0.13125002840418165,0.5589330024813896,0.23076923076923078,0.8870967741935484,0.17124408184357012,0.16090960494361495,LR-B,Ydisc-sens,all,11,3,75,13
0.2613493022007515,0.6462585034013605,0.13357416463487165,0.5600907029478458,0.2222222222222222,0.8979591836734694,0.16509139788786512,0.14943009173857516,LR-B,Ydisc-sens,A,11,3,58,9
0.48739495798319327,0.5,0.10699012312772822,0.5480769230769231,0.25,0.8461538461538461,0.19223559181009303,0.26234457767654834,LR-B,Ydisc-sens,B,11,3,17,4
0.42194687279169973,0.7593052109181141,-0.053230429642548,0.49193548387096775,0.0,0.9838709677419355,0.12882471491579883,0.052186118207295955,LR-C,Ydisc-sens,all,11,3,75,13
0.38154920856070285,0.7324263038548753,-0.05676567244564474,0.4897959183673469,0.0,0.9795918367346939,0.12059905376412397,0.06762496065352205,LR-C,Ydisc-sens,A,11,3,58,9
0.7152777777777777,0.8653846153846154,0.0,0.5,0.0,1.0,0.15688873531563063,0.16292682620304394,LR-C,Ydisc-sens,B,11,3,17,4
0.41179202508973145,0.7593052109181142,0.0,0.5,0.0,1.0,0.13502973424272907,0.030391955493227138,EN-C,Ydisc-sens,all,11,3,75,13
0.3569310605688315,0.7460317460317459,0.0,0.5,0.0,1.0,0.1244358830982907,0.035773525748392966,EN-C,Ydisc-sens,A,11,3,58,9
0.7083333333333333,0.7884615384615384,0.0,0.5,0.0,1.0,0.17117346167669525,0.07359598343132866,EN-C,Ydisc-sens,B,11,3,17,4
0.31051258242156554,0.6153846153846154,-0.025831461909465635,0.49007444168734493,0.07692307692307693,0.9032258064516129,0.1565984744488255,0.12515642452079792,GBM-C,Ydisc-sens,all,11,3,75,13
0.2619483894922492,0.6893424036281178,-0.13163466789298955,0.4489795918367347,0.0,0.8979591836734694,0.14558479511972397,0.10482095782340912,GBM-C,Ydisc-sens,A,11,3,58,9
0.4394230769230769,0.5,0.227866357593825,0.5865384615384616,0.25,0.9230769230769231,0.19417455686576013,0.2405606894925195,GBM-C,Ydisc-sens,B,11,3,17,4
0.1734539561986793,0.37220843672456577,0.14284075309146563,0.5303970223325062,0.07692307692307693,0.9838709677419355,0.18173782102667949,0.17324117546413142,MLP-C,Ydisc-sens,all,11,3,75,13
0.19046230963485625,0.4467120181405896,0.1799830823853463,0.5453514739229025,0.1111111111111111,0.9795918367346939,0.17023453339995118,0.17667821462697622,MLP-C,Ydisc-sens,A,11,3,58,9
0.18895173453996986,0.2115384615384615,0.0,0.5,0.0,1.0,0.2209843317531643,0.19150241066273127,MLP-C,Ydisc-sens,B,11,3,17,4
0.3708840777573932,0.6761786600496278,0.0,0.5,0.0,1.0,0.1426810325173393,0.11568314118122494,FL-FedAvg,Ydisc-sens,all,11,3,75,13
0.3113784907902555,0.6099773242630385,0.0,0.5,0.0,1.0,0.13939991221750728,0.12691635726423575,FL-FedAvg,Ydisc-sens,A,11,3,58,9
0.7321428571428572,0.8461538461538461,0.0,0.5,0.0,1.0,0.1538754429520603,0.1310959843915431,FL-FedAvg,Ydisc-sens,B,11,3,17,4
0.4171702825947988,0.7146401985111662,0.0,0.5,0.0,1.0,0.14367593732433384,0.13167125392599674,FL-FedAvg-E,Ydisc-sens,all,11,3,75,13
0.4179421450009685,0.7573696145124716,0.0,0.5,0.0,1.0,0.1371699374780615,0.14462043053819806,FL-FedAvg-E,Ydisc-sens,A,11,3,58,9
0.5381944444444444,0.7307692307692308,0.0,0.5,0.0,1.0,0.16587287797632197,0.18219270486060735,FL-FedAvg-E,Ydisc-sens,B,11,3,17,4
0.3708840777573932,0.6761786600496278,0.0,0.5,0.0,1.0,0.14292023343554114,0.11669921305102224,FL-FedProx,Ydisc-sens,all,11,3,75,13
0.3113784907902555,0.6099773242630385,0.0,0.5,0.0,1.0,0.13967676001976895,0.127705171446745,FL-FedProx,Ydisc-sens,A,11,3,58,9
0.7321428571428572,0.8461538461538461,0.0,0.5,0.0,1.0,0.15398620155994033,0.13190348917845268,FL-FedProx,Ydisc-sens,B,11,3,17,4
0.34089739110341793,0.6625310173697271,0.14284075309146563,0.5303970223325062,0.07692307692307693,0.9838709677419355,0.139343554940573,0.07225439358074177,LR-A,Ydisc-sens,all,11,4,75,13
0.4577857115213437,0.7687074829931972,0.1799830823853463,0.5453514739229025,0.1111111111111111,0.9795918367346939,0.11682569125765555,0.10124017884668399,LR-A,Ydisc-sens,A,11,4,58,9
0.21028971028971027,0.32692307692307687,0.0,0.5,0.0,1.0,0.21616920750582083,0.2670159510159763,LR-A,Ydisc-sens,B,11,4,17,4
0.25256303591315676,0.49627791563275436,0.21633849349177467,0.5831265508684863,0.23076923076923078,0.9354838709677419,0.16787328984682476,0.12950069508286155,LR-B,Ydisc-sens,all,11,4,75,13
0.2045318817950115,0.3877551020408163,0.20769025378671682,0.5804988662131519,0.2222222222222222,0.9387755102040817,0.16324440295073453,0.1589272079020997,LR-B,Ydisc-sens,A,11,4,58,9
0.34775641025641024,0.5769230769230769,0.227866357593825,0.5865384615384616,0.25,0.9230769230769231,0.18366596278642663,0.1937738920928554,LR-B,Ydisc-sens,B,11,4,17,4
0.32143299212596954,0.6339950372208436,0.2538682029106135,0.5384615384615384,0.07692307692307693,1.0,0.13842802013376979,0.06397944173654009,LR-C,Ydisc-sens,all,11,4,75,13
0.4085623268812924,0.691609977324263,0.3090575499818436,0.5555555555555556,0.1111111111111111,1.0,0.11838999993030269,0.03952119461365401,LR-C,Ydisc-sens,A,11,4,58,9
0.22559523809523807,0.3846153846153846,0.0,0.5,0.0,1.0,0.20679303023971626,0.15699329605336265,LR-C,Ydisc-sens,B,11,4,17,4
0.3057363090616254,0.5632754342431762,0.0,0.5,0.0,1.0,0.1428221103660527,0.0337461271196275,EN-C,Ydisc-sens,all,11,4,75,13
0.30323487935548343,0.5011337868480725,0.0,0.5,0.0,1.0,0.12970561564346708,0.022975781752475156,EN-C,Ydisc-sens,A,11,4,58,9
0.34523809523809523,0.6153846153846153,0.0,0.5,0.0,1.0,0.18757250412546234,0.12909624711837692,EN-C,Ydisc-sens,B,11,4,17,4
0.13264867737651653,0.32878411910669975,-0.07579305266077767,0.4838709677419355,0.0,0.967741935483871,0.19409311009307106,0.20987179561925945,GBM-C,Ydisc-sens,all,11,4,75,13
0.13333346265997587,0.3877551020408163,-0.08099238707340584,0.47959183673469385,0.0,0.9591836734693877,0.18299508326306752,0.2058704756954628,GBM-C,Ydisc-sens,A,11,4,58,9
0.17474614845938374,0.1346153846153846,0.0,0.5,0.0,1.0,0.23195696633661259,0.22352335771221277,GBM-C,Ydisc-sens,B,11,4,17,4
0.18523312343456524,0.42679900744416877,0.14284075309146563,0.5303970223325062,0.07692307692307693,0.9838709677419355,0.16902881030704683,0.11929547528956659,MLP-C,Ydisc-sens,all,11,4,75,13
0.1758158997183146,0.38095238095238093,0.1799830823853463,0.5453514739229025,0.1111111111111111,0.9795918367346939,0.16619636420544945,0.1513532338681104,MLP-C,Ydisc-sens,A,11,4,58,9
0.48660714285714285,0.6153846153846154,0.0,0.5,0.0,1.0,0.17869244994779096,0.14566851923170898,MLP-C,Ydisc-sens,B,11,4,17,4
0.3103937070331805,0.6228287841191067,0.14284075309146563,0.5303970223325062,0.07692307692307693,0.9838709677419355,0.1504499590484304,0.11474828354483872,FL-FedAvg,Ydisc-sens,all,11,4,75,13
0.3734730077641955,0.6598639455782314,0.1799830823853463,0.5453514739229025,0.1111111111111111,0.9795918367346939,0.13751904175631252,0.1356203732883495,FL-FedAvg,Ydisc-sens,A,11,4,58,9
0.23108974358974357,0.40384615384615385,0.0,0.5,0.0,1.0,0.19456720628036178,0.0981635827952284,FL-FedAvg,Ydisc-sens,B,11,4,17,4
0.31285255764553677,0.6091811414392059,0.08627959628145761,0.5223325062034739,0.07692307692307693,0.967741935483871,0.1562399909169305,0.13699783514683386,FL-FedAvg-E,Ydisc-sens,all,11,4,75,13
0.346475703661433,0.600907029478458,0.11492127270955815,0.5351473922902494,0.1111111111111111,0.9591836734693877,0.14653245241313886,0.16216000771478783,FL-FedAvg-E,Ydisc-sens,A,11,4,58,9
0.3119047619047619,0.5769230769230769,0.0,0.5,0.0,1.0,0.1893598281651607,0.15253995347182828,FL-FedAvg-E,Ydisc-sens,B,11,4,17,4
0.30627282791230137,0.620347394540943,0.14284075309146563,0.5303970223325062,0.07692307692307693,0.9838709677419355,0.15067221071400513,0.11581321665273377,FL-FedProx,Ydisc-sens,all,11,4,75,13
0.37062400491519265,0.6575963718820862,0.1799830823853463,0.5453514739229025,0.1111111111111111,0.9795918367346939,0.13778114511430767,0.1364738354737649,FL-FedProx,Ydisc-sens,A,11,4,58,9
0.23108974358974357,0.40384615384615385,0.0,0.5,0.0,1.0,0.1946534933482671,0.0979276449841245,FL-FedProx,Ydisc-sens,B,11,4,17,4
0.32817095701750953,0.6227106227106227,0.14361413797053765,0.5305250305250305,0.07692307692307693,0.9841269841269841,0.1407261824222588,0.0589274327658663,LR-A,Ydisc-sens,all,19,0,76,13
0.34776018065732256,0.6066666666666666,0.18101942213222266,0.5455555555555556,0.1111111111111111,0.98,0.1275736610367274,0.05483790976256951,LR-A,Ydisc-sens,A,19,0,59,9
0.34924242424242424,0.6346153846153847,0.0,0.5,0.0,1.0,0.1863731684073384,0.22411819556340365,LR-A,Ydisc-sens,B,19,0,17,4
0.23641849458406833,0.5091575091575092,-0.020757020757020756,0.4896214896214896,0.15384615384615385,0.8253968253968254,0.18851819769798372,0.1920164016950601,LR-B,Ydisc-sens,all,19,0,76,13
0.20251249271097618,0.48444444444444446,-0.04888888888888889,0.4755555555555555,0.1111111111111111,0.84,0.17948782550705392,0.17576128021178264,LR-B,Ydisc-sens,A,19,0,59,9
0.3765151515151515,0.6153846153846154,0.019230769230769232,0.5096153846153846,0.25,0.7692307692307693,0.21985890118415186,0.2601636804103057,LR-B,Ydisc-sens,B,19,0,17,4
0.3388065271162437,0.6263736263736265,0.14361413797053765,0.5305250305250305,0.07692307692307693,0.9841269841269841,0.13766465191915223,0.03177329616198835,LR-C,Ydisc-sens,all,19,0,76,13
0.3039501326806079,0.58,0.18101942213222266,0.5455555555555556,0.1111111111111111,0.98,0.12832509045896134,0.030898493319995796,LR-C,Ydisc-sens,A,19,0,59,9
0.5583333333333333,0.7307692307692307,0.0,0.5,0.0,1.0,0.17007842404569726,0.10670301511185165,LR-C,Ydisc-sens,B,19,0,17,4
0.3127047709095282,0.5958485958485958,0.0,0.5,0.0,1.0,0.13724974396880518,0.03378762362046542,EN-C,Ydisc-sens,all,19,0,76,13
0.3033044305907874,0.5555555555555556,0.0,0.5,0.0,1.0,0.1259990305363908,0.03693684338477765,EN-C,Ydisc-sens,A,19,0,59,9
0.4238095238095238,0.6538461538461539,0.0,0.5,0.0,1.0,0.17629633764600802,0.06252324821877081,EN-C,Ydisc-sens,B,19,0,17,4
0.2426042361370208,0.49328449328449336,-0.05834226019119703,0.47496947496947495,0.07692307692307693,0.873015873015873,0.17913310996265408,0.16049587997488568,GBM-C,Ydisc-sens,all,19,0,76,13
0.27666996927208887,0.5599999999999999,-0.009883324222148016,0.4955555555555555,0.1111111111111111,0.88,0.15844002222829523,0.15263342816185127,GBM-C,Ydisc-sens,A,19,0,59,9
0.23903186274509802,0.34615384615384615,-0.20254787341673333,0.4230769230769231,0.0,0.8461538461538461,0.25095029680542885,0.28050833801395353,GBM-C,Ydisc-sens,B,19,0,17,4
0.23025840441365003,0.4163614163614164,0.14361413797053765,0.5305250305250305,0.07692307692307693,0.9841269841269841,0.1917246492291811,0.23543052102719259,MLP-C,Ydisc-sens,all,19,0,76,13
0.2759740453657805,0.4933333333333333,0.18101942213222266,0.5455555555555556,0.1111111111111111,0.98,0.1818400399260765,0.23767697003518554,MLP-C,Ydisc-sens,A,19,0,59,9
0.18974816033639563,0.23076923076923075,0.0,0.5,0.0,1.0,0.2260300579870146,0.22763402152886406,MLP-C,Ydisc-sens,B,19,0,17,4
0.32079834805753377,0.6275946275946276,0.14361413797053765,0.5305250305250305,0.07692307692307693,0.9841269841269841,0.14968359662516148,0.12316285143660761,FL-FedAvg,Ydisc-sens,all,19,0,76,13
0.3228990552043846,0.6044444444444445,0.18101942213222266,0.5455555555555556,0.1111111111111111,0.98,0.1429457904591906,0.15453205753168447,FL-FedAvg,Ydisc-sens,A,19,0,59,9
0.4270833333333333,0.6923076923076923,0.0,0.5,0.0,1.0,0.1730677474364723,0.14904636643128194,FL-FedAvg,Ydisc-sens,B,19,0,17,4
0.28562047598378715,0.5775335775335776,0.254195563720897,0.5384615384615384,0.07692307692307693,1.0,0.15438604647630721,0.1332672781901249,FL-FedAvg-E,Ydisc-sens,all,19,0,76,13
0.2861742766058152,0.54,0.30949223029508643,0.5555555555555556,0.1111111111111111,1.0,0.1500103014886675,0.1599601685111929,FL-FedAvg-E,Ydisc-sens,A,19,0,59,9
0.4083333333333333,0.6923076923076923,0.0,0.5,0.0,1.0,0.1695724555510568,0.04384414475431043,FL-FedAvg-E,Ydisc-sens,B,19,0,17,4
0.32079834805753377,0.6275946275946276,0.14361413797053765,0.5305250305250305,0.07692307692307693,0.9841269841269841,0.1499158352600566,0.12405627051614768,FL-FedProx,Ydisc-sens,all,19,0,76,13
0.3228990552043846,0.6044444444444445,0.18101942213222266,0.5455555555555556,0.1111111111111111,0.98,0.14321494217934685,0.15541514886285027,FL-FedProx,Ydisc-sens,A,19,0,59,9
0.4270833333333333,0.6923076923076923,0.0,0.5,0.0,1.0,0.1731718759519317,0.14983306303446875,FL-FedProx,Ydisc-sens,B,19,0,17,4
0.3014153929740975,0.6776556776556777,0.14361413797053765,0.5305250305250305,0.07692307692307693,0.9841269841269841,0.13975475095074893,0.11808711720674628,LR-A,Ydisc-sens,all,19,1,76,13
0.3227579357638759,0.6693877551020408,0.16501147309003286,0.539795918367347,0.1,0.9795918367346939,0.1383795546588689,0.10264638379579805,LR-A,Ydisc-sens,A,19,1,59,10
0.2869047619047619,0.6666666666666666,0.0,0.5,0.0,1.0,0.1445274910225678,0.1716755449270959,LR-A,Ydisc-sens,B,19,1,17,3
0.3088766934946394,0.5885225885225885,0.2366657051848789,0.6062271062271063,0.3076923076923077,0.9047619047619048,0.15921007875972992,0.13405748157989117,LR-B,Ydisc-sens,all,19,1,76,13
0.22838582930391288,0.5306122448979592,0.08498758236155601,0.5387755102040817,0.2,0.8775510204081632,0.18213039030066605,0.16314913456652033,LR-B,Ydisc-sens,A,19,1,59,10
0.7333333333333334,0.7142857142857143,0.7888106377466154,0.8333333333333333,0.6666666666666666,1.0,0.0796631151764809,0.11247545125180006,LR-B,Ydisc-sens,B,19,1,17,3
0.3368920383151882,0.7008547008547008,-0.07467935174467959,0.48412698412698413,0.0,0.9682539682539683,0.13498871397467746,0.09799897679958537,LR-C,Ydisc-sens,all,19,1,76,13
0.29363130759550193,0.6489795918367347,-0.08462126825129891,0.47959183673469385,0.0,0.9591836734693877,0.14091301905138165,0.08715851612707509,LR-C,Ydisc-sens,A,19,1,59,10
0.7777777777777777,0.8571428571428571,0.0,0.5,0.0,1.0,0.11442789047317471,0.14049301311047338,LR-C,Ydisc-sens,B,19,1,17,3
0.39317462885974686,0.7008547008547009,0.0,0.5,0.0,1.0,0.1327768108381159,0.034050541439192845,EN-C,Ydisc-sens,all,19,1,76,13
0.3821703687575846,0.6693877551020408,0.0,0.5,0.0,1.0,0.1323568474857816,0.03199656743805246,EN-C,Ydisc-sens,A,19,1,59,10
0.6428571428571428,0.8571428571428572,0.0,0.5,0.0,1.0,0.13423433070798205,0.04117903944315057,EN-C,Ydisc-sens,B,19,1,17,3
0.2197869190399102,0.4114774114774115,-0.10087125544480041,0.4511599511599511,0.07692307692307693,0.8253968253968254,0.20969899955043395,0.21752914143008695,GBM-C,Ydisc-sens,all,19,1,76,13
0.2395901481116696,0.39999999999999997,-0.10026634289543641,0.4479591836734694,0.1,0.7959183673469388,0.21644831384349092,0.24290075604170955,GBM-C,Ydisc-sens,A,19,1,59,10
0.22883597883597884,0.5,-0.11572751247156893,0.4642857142857143,0.0,0.9285714285714286,0.18627490876864783,0.23701378993736627,GBM-C,Ydisc-sens,B,19,1,17,3
0.2090603017571597,0.5726495726495726,-0.13299276232160895,0.4523809523809524,0.0,0.9047619047619048,0.17885562176612693,0.18175637333092046,MLP-C,Ydisc-sens,all,19,1,76,13
0.20615436182100605,0.5673469387755102,-0.13746434980705374,0.4489795918367347,0.0,0.8979591836734694,0.18373149352714438,0.20088692278096065,MLP-C,Ydisc-sens,A,19,1,59,10
0.31025641025641026,0.5476190476190477,-0.11572751247156893,0.4642857142857143,0.0,0.9285714285714286,0.16193347859553708,0.20042035121439838,MLP-C,Ydisc-sens,B,19,1,17,3
0.3700933750687966,0.706959706959707,0.14361413797053765,0.5305250305250305,0.07692307692307693,0.9841269841269841,0.14467040242643173,0.12242548931431761,FL-FedAvg,Ydisc-sens,all,19,1,76,13
0.3594252572824001,0.6938775510204082,0.16501147309003286,0.539795918367347,0.1,0.9795918367346939,0.14630934470219792,0.14691736528975186,FL-FedAvg,Ydisc-sens,A,19,1,59,10
0.4722222222222222,0.7380952380952381,0.0,0.5,0.0,1.0,0.13898230864583158,0.20124797706285835,FL-FedAvg,Ydisc-sens,B,19,1,17,3
0.40629487963247546,0.6642246642246643,0.20590258796141697,0.561050061050061,0.15384615384615385,0.9682539682539683,0.15027948769411748,0.18672728753014883,FL-FedAvg-E,Ydisc-sens,all,19,1,76,13
0.3780963773069036,0.6387755102040817,0.23756651251053737,0.5795918367346938,0.2,0.9591836734693877,0.15537994907897013,0.2005078022100568,FL-FedAvg-E,Ydisc-sens,A,19,1,59,10
0.7291666666666666,0.6904761904761905,0.0,0.5,0.0,1.0,0.13257788641727583,0.21660107784632177,FL-FedAvg-E,Ydisc-sens,B,19,1,17,3
0.36968680489478445,0.7057387057387058,0.14361413797053765,0.5305250305250305,0.07692307692307693,0.9841269841269841,0.14492366483564414,0.12338756500018014,FL-FedProx,Ydisc-sens,all,19,1,76,13
0.3588246566817995,0.6918367346938775,0.16501147309003286,0.539795918367347,0.1,0.9795918367346939,0.1465579765183917,0.14785815791606977,FL-FedProx,Ydisc-sens,A,19,1,59,10
0.4722222222222222,0.7380952380952381,0.0,0.5,0.0,1.0,0.13925164193669673,0.20209377985529473,FL-FedProx,Ydisc-sens,B,19,1,17,3
0.17215643852403356,0.4057071960297767,-0.09346956263824575,0.47580645161290325,0.0,0.9516129032258065,0.17156973792199032,0.11562092883730027,LR-A,Ydisc-sens,all,19,2,75,13
0.20066403243372335,0.4714285714285714,-0.08462126825129891,0.47959183673469385,0.0,0.9591836734693877,0.16336763511191735,0.09692259424230669,LR-A,Ydisc-sens,A,19,2,59,10
0.14042207792207792,0.10256410256410253,-0.12403473458920847,0.46153846153846156,0.0,0.9230769230769231,0.2018149920341344,0.20144556907592379,LR-A,Ydisc-sens,B,19,2,16,3
0.3261831910109697,0.588089330024814,0.16253101736972705,0.5812655086848635,0.3076923076923077,0.8548387096774194,0.19279747225056154,0.1701893993477386,LR-B,Ydisc-sens,all,19,2,75,13
0.40009246097721596,0.6448979591836734,0.27755102040816326,0.6387755102040816,0.4,0.8775510204081632,0.16206296725792435,0.13558613004720343,LR-B,Ydisc-sens,A,19,2,59,10
0.2125,0.3846153846153846,-0.23076923076923078,0.38461538461538464,0.0,0.7692307692307693,0.3061309594109113,0.3462750456387461,LR-B,Ydisc-sens,B,19,2,16,3
0.21591675496790746,0.43672456575682383,0.08627959628145761,0.5223325062034739,0.07692307692307693,0.967741935483871,0.1622835474746015,0.15562808352500562,LR-C,Ydisc-sens,all,19,2,75,13
0.2585319349453088,0.5204081632653061,0.16501147309003286,0.539795918367347,0.1,0.9795918367346939,0.15266888401928713,0.1593952981252979,LR-C,Ydisc-sens,A,19,2,59,10
0.14761904761904762,0.1538461538461538,-0.12403473458920847,0.46153846153846156,0.0,0.9230769230769231,0.19773761896607317,0.23462256150651367,LR-C,Ydisc-sens,B,19,2,16,3
0.2469750938697243,0.4106699751861042,0.0,0.5,0.0,1.0,0.1471684870661739,0.02090199795596942,EN-C,Ydisc-sens,all,19,2,75,13
0.3044638566435478,0.46122448979591835,0.0,0.5,0.0,1.0,0.14043227127136265,0.027544089837001545,EN-C,Ydisc-sens,A,19,2,59,10
0.1736111111111111,0.282051282051282,0.0,0.5,0.0,1.0,0.17200828280954028,0.1123428389510231,EN-C,Ydisc-sens,B,19,2,16,3
0.16721684862603095,0.3796526054590571,-0.04412127785700256,0.4820099255583127,0.07692307692307693,0.8870967741935484,0.19389812051553834,0.20595811114047122,GBM-C,Ydisc-sens,all,19,2,75,13
0.2034418708371628,0.44081632653061226,-0.02604617494803484,0.4887755102040816,0.1,0.8775510204081632,0.18428567906912355,0.17683807952476668,GBM-C,Ydisc-sens,A,19,2,59,10
0.15178571428571427,0.17948717948717946,-0.12403473458920847,0.46153846153846156,0.0,0.9230769230769231,0.22934399834919278,0.3133382277233818,GBM-C,Ydisc-sens,B,19,2,16,3
0.17907808722635685,0.47270471464019853,-0.09346956263824575,0.47580645161290325,0.0,0.9516129032258065,0.17780849097611856,0.190988467305499,MLP-C,Ydisc-sens,all,19,2,75,13
0.15667851802285765,0.41020408163265304,-0.10456072210162856,0.46938775510204084,0.0,0.9387755102040817,0.1843962942448844,0.21784166289942045,MLP-C,Ydisc-sens,A,19,2,59,10
0.46581196581196577,0.6923076923076923,0.0,0.5,0.0,1.0,0.15351596642254445,0.12006629459247341,MLP-C,Ydisc-sens,B,19,2,16,3
0.20079543833003438,0.4119106699751861,-0.09346956263824575,0.47580645161290325,0.0,0.9516129032258065,0.1628581679579866,0.15418957424949115,FL-FedAvg,Ydisc-sens,all,19,2,75,13
0.2613680594825536,0.48163265306122455,-0.08462126825129891,0.47959183673469385,0.0,0.9591836734693877,0.15670797278499995,0.16922965932374018,FL-FedAvg,Ydisc-sens,A,19,2,59,10
0.1550925925925926,0.20512820512820507,-0.12403473458920847,0.46153846153846156,0.0,0.9230769230769231,0.18553701265837486,0.15235576646130822,FL-FedAvg,Ydisc-sens,B,19,2,16,3
0.2303062851138721,0.46898263027295284,0.04807299113687632,0.5142679900744417,0.07692307692307693,0.9516129032258065,0.16765244597884524,0.15747691808325096,FL-FedAvg-E,Ydisc-sens,all,19,2,75,13
0.2857334428024083,0.5244897959183674,0.05786876586795141,0.5193877551020408,0.1,0.9387755102040817,0.16282744076113836,0.1866741603580328,FL-FedAvg-E,Ydisc-sens,A,19,2,59,10
0.18888888888888888,0.3589743589743589,0.0,0.5,0.0,1.0,0.18544465271913915,0.1476481771867629,FL-FedAvg-E,Ydisc-sens,B,19,2,16,3
0.20079543833003438,0.4119106699751861,0.04807299113687632,0.5142679900744417,0.07692307692307693,0.9516129032258065,0.16305620163344287,0.14164660745177163,FL-FedProx,Ydisc-sens,all,19,2,75,13
0.2613680594825536,0.48163265306122455,0.10107536469824094,0.5295918367346939,0.1,0.9591836734693877,0.15693810353452145,0.15309135061243434,FL-FedProx,Ydisc-sens,A,19,2,59,10
0.1550925925925926,0.20512820512820507,-0.12403473458920847,0.46153846153846156,0.0,0.9230769230769231,0.1856166883732155,0.15318259405994522,FL-FedProx,Ydisc-sens,B,19,2,16,3
0.3034966701000924,0.4813895781637717,0.2048327448440817,0.5607940446650124,0.15384615384615385,0.967741935483871,0.1560322194531707,0.1388632939221537,LR-A,Ydisc-sens,all,19,3,75,13
0.30380928504498295,0.4648526077097505,0.11492127270955815,0.5351473922902494,0.1111111111111111,0.9591836734693877,0.14646397687374973,0.15146002823912885,LR-A,Ydisc-sens,A,19,3,58,9
0.4713235294117647,0.5192307692307692,0.4506939094329987,0.625,0.25,1.0,0.18867681178295986,0.1953592925007854,LR-A,Ydisc-sens,B,19,3,17,4
0.16245938348969102,0.4466501240694789,-0.07598685854978937,0.4658808933002482,0.07692307692307693,0.8548387096774194,0.21944090500232108,0.23887741633394816,LR-B,Ydisc-sens,all,19,3,75,13
0.15497850198000124,0.47165532879818595,-0.15877683720748895,0.42857142857142855,0.0,0.8571428571428571,0.20315543568652109,0.22726473289255952,LR-B,Ydisc-sens,A,19,3,58,9
0.2453037158919512,0.34615384615384615,0.10699012312772822,0.5480769230769231,0.25,0.8461538461538461,0.2750030944326976,0.27849715983986234,LR-B,Ydisc-sens,B,19,3,17,4
0.2806687240267018,0.4863523573200992,0.08627959628145761,0.5223325062034739,0.07692307692307693,0.967741935483871,0.15536675156575017,0.1364499777839447,LR-C,Ydisc-sens,all,19,3,75,13
0.2857187455654888,0.4421768707482993,0.1799830823853463,0.5453514739229025,0.1111111111111111,0.9795918367346939,0.14417678683752694,0.14536688963147007,LR-C,Ydisc-sens,A,19,3,58,9
0.36090686274509803,0.576923076923077,-0.1386750490563073,0.46153846153846156,0.0,0.9230769230769231,0.19354427828557064,0.15289589594519293,LR-C,Ydisc-sens,B,19,3,17,4
0.23076506503464814,0.44292803970223327,0.0,0.5,0.0,1.0,0.14914347854854956,0.11686787373946925,EN-C,Ydisc-sens,all,19,3,75,13
0.19229217007034036,0.4058956916099773,0.0,0.5,0.0,1.0,0.13930138945328127,0.11260538610808528,EN-C,Ydisc-sens,A,19,3,58,9
0.4963235294117647,0.5384615384615385,0.0,0.5,0.0,1.0,0.18272237075593556,0.13141047859948518,EN-C,Ydisc-sens,B,19,3,17,4
0.2015106744227017,0.47270471464019853,0.06998547522145233,0.5285359801488834,0.15384615384615385,0.9032258064516129,0.1763799589279314,0.1474532882796294,GBM-C,Ydisc-sens,all,19,3,75,13
0.18500906534660883,0.47619047619047616,0.010783590801377101,0.5045351473922902,0.1111111111111111,0.8979591836734694,0.16839651110300907,0.15450859620796553,GBM-C,Ydisc-sens,A,19,3,58,9
0.3177521008403361,0.4615384615384615,0.227866357593825,0.5865384615384616,0.25,0.9230769230769231,0.20361760444825455,0.16102980394412622,GBM-C,Ydisc-sens,B,19,3,17,4
0.24599165108054158,0.5496277915632755,0.06998547522145233,0.5285359801488834,0.15384615384615385,0.9032258064516129,0.19730972963880583,0.23792529674500296,MLP-C,Ydisc-sens,all,19,3,75,13
0.21533239547423946,0.4965986394557823,0.03802779294686365,0.5147392290249433,0.1111111111111111,0.9183673469387755,0.19533330807816324,0.2512318229672606,MLP-C,Ydisc-sens,A,19,3,58,9
0.41041666666666665,0.6346153846153846,0.10699012312772822,0.5480769230769231,0.25,0.8461538461538461,0.2040528149633512,0.19252656022200634,MLP-C,Ydisc-sens,B,19,3,17,4
0.280139810616971,0.4727047146401985,0.14284075309146563,0.5303970223325062,0.07692307692307693,0.9838709677419355,0.1629126235819843,0.1600684336125005,FL-FedAvg,Ydisc-sens,all,19,3,75,13
0.27679747660229115,0.4399092970521542,0.1799830823853463,0.5453514739229025,0.1111111111111111,0.9795918367346939,0.15714285364548056,0.16321711574645925,FL-FedAvg,Ydisc-sens,A,19,3,58,9
0.4740021008403361,0.5576923076923077,0.0,0.5,0.0,1.0,0.18259772101240876,0.16738376495635018,FL-FedAvg,Ydisc-sens,B,19,3,17,4
0.23237391852342992,0.43176178660049624,0.0,0.5,0.0,1.0,0.1692579612752517,0.13462989946103485,FL-FedAvg-E,Ydisc-sens,all,19,3,75,13
0.2406846476835561,0.40816326530612246,0.0,0.5,0.0,1.0,0.16210586885769948,0.1537843710735706,FL-FedAvg-E,Ydisc-sens,A,19,3,58,9
0.34523809523809523,0.5,0.0,0.5,0.0,1.0,0.19365921775866515,0.06927934925355989,FL-FedAvg-E,Ydisc-sens,B,19,3,17,4
0.280139810616971,0.4727047146401985,0.14284075309146563,0.5303970223325062,0.07692307692307693,0.9838709677419355,0.1630999122105493,0.16606771299669193,FL-FedProx,Ydisc-sens,all,19,3,75,13
0.27679747660229115,0.4399092970521542,0.1799830823853463,0.5453514739229025,0.1111111111111111,0.9795918367346939,0.15736217220848306,0.17072621394532825,FL-FedProx,Ydisc-sens,A,19,3,58,9
0.4740021008403361,0.5576923076923077,0.0,0.5,0.0,1.0,0.1826757310411281,0.1680993737743865,FL-FedProx,Ydisc-sens,B,19,3,17,4
0.36925013705089793,0.6042183622828784,0.0,0.5,0.0,1.0,0.13830328219499363,0.0449320515951763,LR-A,Ydisc-sens,all,19,4,75,13
0.44560175732452495,0.6417233560090703,0.0,0.5,0.0,1.0,0.12079470476981546,0.08370216105373872,LR-A,Ydisc-sens,A,19,4,58,9
0.2791666666666667,0.5384615384615384,0.0,0.5,0.0,1.0,0.19803842870442503,0.13416074755541077,LR-A,Ydisc-sens,B,19,4,17,4
0.23230248856127247,0.43672456575682383,-0.0076863973512949855,0.49627791563275436,0.15384615384615385,0.8387096774193549,0.22546679347047127,0.2561256652892642,LR-B,Ydisc-sens,all,19,4,75,13
0.27421340338763206,0.49433106575963714,0.07936507936507936,0.5396825396825397,0.2222222222222222,0.8571428571428571,0.1971705426588743,0.22544523771428687,LR-B,Ydisc-sens,A,19,4,58,9
0.20478312537136067,0.28846153846153844,-0.25677629550654774,0.38461538461538464,0.0,0.7692307692307693,0.32200694329827284,0.36080006525095176,LR-B,Ydisc-sens,B,19,4,17,4
0.29321663238804785,0.4925558312655087,0.14284075309146563,0.5303970223325062,0.07692307692307693,0.9838709677419355,0.14765862277581576,0.10547484005229314,LR-C,Ydisc-sens,all,19,4,75,13
0.4316765813858837,0.6031746031746033,0.3090575499818436,0.5555555555555556,0.1111111111111111,1.0,0.1226264532483071,0.1154459967599343,LR-C,Ydisc-sens,A,19,4,58,9
0.19345238095238093,0.24999999999999997,-0.1386750490563073,0.46153846153846156,0.0,0.9230769230769231,0.23306249528143358,0.2596831872246102,LR-C,Ydisc-sens,B,19,4,17,4
0.37727610107588183,0.5818858560794045,0.0,0.5,0.0,1.0,0.1379440532791532,0.03530347329278461,EN-C,Ydisc-sens,all,19,4,75,13
0.5165139923863342,0.5963718820861679,0.0,0.5,0.0,1.0,0.12336224789716578,0.07354298892543801,EN-C,Ydisc-sens,A,19,4,58,9
0.3380952380952381,0.596153846153846,0.0,0.5,0.0,1.0,0.1876937422294632,0.1305162700502436,EN-C,Ydisc-sens,B,19,4,17,4
0.19276228496075754,0.48511166253101734,-0.005193421401119517,0.4981389578163772,0.07692307692307693,0.9193548387096774,0.17662973777245958,0.14555922091715598,GBM-C,Ydisc-sens,all,19,4,75,13
0.21587234361590465,0.5510204081632653,0.03802779294686365,0.5147392290249433,0.1111111111111111,0.9183673469387755,0.15599613937469073,0.12590744928842051,GBM-C,Ydisc-sens,A,19,4,58,9
0.2489801864801865,0.36538461538461536,-0.1386750490563073,0.46153846153846156,0.0,0.9230769230769231,0.24702672054131788,0.22343301608696475,GBM-C,Ydisc-sens,B,19,4,17,4
0.2758427623201788,0.5645161290322581,0.16003588750309927,0.5527295285359801,0.15384615384615385,0.9516129032258065,0.17924152186385361,0.19386566371702757,MLP-C,Ydisc-sens,all,19,4,75,13
0.27320962563631923,0.5578231292517006,0.20769025378671682,0.5804988662131519,0.2222222222222222,0.9387755102040817,0.17791886881472785,0.21532207252331595,MLP-C,Ydisc-sens,A,19,4,58,9
0.47275641025641024,0.5961538461538461,0.0,0.5,0.0,1.0,0.18375410285498842,0.1349992443498425,MLP-C,Ydisc-sens,B,19,4,17,4
0.3172145755681155,0.5148883374689825,0.2538682029106135,0.5384615384615384,0.07692307692307693,1.0,0.15312283448651537,0.12963213616150063,FL-FedAvg,Ydisc-sens,all,19,4,75,13
0.4833559366701129,0.6031746031746033,0.3090575499818436,0.5555555555555556,0.1111111111111111,1.0,0.1383902867068216,0.16934251821278493,FL-FedAvg,Ydisc-sens,A,19,4,58,9
0.2150974025974026,0.34615384615384615,0.0,0.5,0.0,1.0,0.20338682102899988,0.1834375592273028,FL-FedAvg,Ydisc-sens,B,19,4,17,4
0.3123434633817658,0.5409429280397022,0.2048327448440817,0.5607940446650124,0.15384615384615385,0.967741935483871,0.16034428506318776,0.1220182120835892,FL-FedAvg-E,Ydisc-sens,all,19,4,75,13
0.4221329202712181,0.63718820861678,0.32993526681131213,0.600907029478458,0.2222222222222222,0.9795918367346939,0.14390335989630962,0.15817320825930797,FL-FedAvg-E,Ydisc-sens,A,19,4,58,9
0.22447038255861784,0.3269230769230769,-0.1386750490563073,0.46153846153846156,0.0,0.9230769230769231,0.21643685327959553,0.14623169104997907,FL-FedAvg-E,Ydisc-sens,B,19,4,17,4
0.31760242301478653,0.5161290322580645,0.2538682029106135,0.5384615384615384,0.07692307692307693,1.0,0.1533332733018097,0.13576158651566883,FL-FedProx,Ydisc-sens,all,19,4,75,13
0.4841769547325103,0.6054421768707483,0.3090575499818436,0.5555555555555556,0.1111111111111111,1.0,0.13866277046246725,0.17703681925795609,FL-FedProx,Ydisc-sens,A,19,4,58,9
0.2150974025974026,0.34615384615384615,0.0,0.5,0.0,1.0,0.20338557710662508,0.1829915122055674,FL-FedProx,Ydisc-sens,B,19,4,17,4
0.1415920369344107,0.3858363858363859,-0.07467935174467959,0.48412698412698413,0.0,0.9682539682539683,0.17739942168502465,0.1688076162098182,LR-A,Ydisc-sens,all,23,0,76,13
0.1370431518344854,0.39777777777777773,-0.07947194142390263,0.48,0.0,0.96,0.16412392246789087,0.1406225978620636,LR-A,Ydisc-sens,A,23,0,59,9
0.25847069597069594,0.4807692307692307,0.0,0.5,0.0,1.0,0.2234732130856654,0.2711826668523747,LR-A,Ydisc-sens,B,23,0,17,4
0.3786797111639447,0.6581196581196582,0.32497409976181124,0.6672771672771673,0.46153846153846156,0.873015873015873,0.15519758616944904,0.1393378053426116,LR-B,Ydisc-sens,all,23,0,76,13
0.4703995387328721,0.7288888888888889,0.5231388366621641,0.7833333333333333,0.6666666666666666,0.9,0.11831756622149586,0.137443263267935,LR-B,Ydisc-sens,A,23,0,59,9
0.24506090314913842,0.40384615384615385,-0.25677629550654774,0.38461538461538464,0.0,0.7692307692307693,0.28319294951822777,0.3002249277272126,LR-B,Ydisc-sens,B,23,0,17,4
0.2404195755368293,0.5555555555555556,-0.07467935174467959,0.48412698412698413,0.0,0.9682539682539683,0.1586979109866186,0.0962166648828693,LR-C,Ydisc-sens,all,23,0,76,13
0.2911428880868609,0.6266666666666666,-0.07947194142390263,0.48,0.0,0.96,0.14317831464379605,0.111235572397438,LR-C,Ydisc-sens,A,23,0,59,9
0.242156862745098,0.36538461538461536,0.0,0.5,0.0,1.0,0.2125600394705322,0.2170749951745151,LR-C,Ydisc-sens,B,23,0,17,4
0.28202505698426716,0.5934065934065934,0.0,0.5,0.0,1.0,0.1391367767507976,0.03825929168828287,EN-C,Ydisc-sens,all,23,0,76,13
0.35169042149966945,0.6955555555555555,0.0,0.5,0.0,1.0,0.12380738923962699,0.09934717014861559,EN-C,Ydisc-sens,A,23,0,59,9
0.23623737373737375,0.40384615384615385,0.0,0.5,0.0,1.0,0.19233876870133115,0.17375158061522486,EN-C,Ydisc-sens,B,23,0,17,4
0.26527281052852625,0.5506715506715507,-0.003410070828759204,0.4987789987789988,0.07692307692307693,0.9206349206349206,0.16526355503379192,0.15309015497420644,GBM-C,Ydisc-sens,all,23,0,76,13
0.2884480557855171,0.5888888888888889,0.013217526428635735,0.5055555555555555,0.1111111111111111,0.9,0.15407685180232644,0.15639105120248462,GBM-C,Ydisc-sens,A,23,0,59,9
0.3333333333333333,0.5192307692307692,0.0,0.5,0.0,1.0,0.2040879956606427,0.15984505305692076,GBM-C,Ydisc-sens,B,23,0,17,4
0.28113550109724555,0.6446886446886446,-0.10706934573993683,0.46825396825396826,0.0,0.9365079365079365,0.18064102501035015,0.2195360391974331,MLP-C,Ydisc-sens,all,23,0,76,13
0.2665675166344212,0.6599999999999999,-0.11441551070947108,0.46,0.0,0.92,0.1774402471037458,0.24370772837532478,MLP-C,Ydisc-sens,A,23,0,59,9
0.5201048951048951,0.6346153846153846,0.0,0.5,0.0,1.0,0.19174960715680056,0.1356460591094562,MLP-C,Ydisc-sens,B,23,0,17,4
0.3003384629819239,0.6153846153846153,-0.07467935174467959,0.48412698412698413,0.0,0.9682539682539683,0.15508678861092387,0.13093782741032822,FL-FedAvg,Ydisc-sens,all,23,0,76,13
0.38805853016379327,0.7355555555555555,-0.07947194142390263,0.48,0.0,0.96,0.14337381215794082,0.18988942511359747,FL-FedAvg,Ydisc-sens,A,23,0,59,9
0.23191045066045066,0.40384615384615385,0.0,0.5,0.0,1.0,0.19573770688892403,0.22630783565960616,FL-FedAvg,Ydisc-sens,B,23,0,17,4
0.38128915225976423,0.6556776556776557,0.20590258796141697,0.561050061050061,0.15384615384615385,0.9682539682539683,0.15206995719736924,0.17060090920895793,FL-FedAvg-E,Ydisc-sens,all,23,0,76,13
0.43906677613574163,0.7422222222222221,0.26061310772712853,0.5911111111111111,0.2222222222222222,0.96,0.14044742247375877,0.2016154331253649,FL-FedAvg-E,Ydisc-sens,A,23,0,59,9
0.26021241830065356,0.40384615384615385,0.0,0.5,0.0,1.0,0.19240698947342902,0.140783752258911,FL-FedAvg-E,Ydisc-sens,B,23,0,17,4
0.3003384629819239,0.6153846153846153,-0.07467935174467959,0.48412698412698413,0.0,0.9682539682539683,0.15530119038310092,0.13162445128810296,FL-FedProx,Ydisc-sens,all,23,0,76,13
0.38805853016379327,0.7355555555555555,-0.07947194142390263,0.48,0.0,0.96,0.14363802692402267,0.1905610936445925,FL-FedProx,Ydisc-sens,A,23,0,59,9
0.23191045066045066,0.40384615384615385,0.0,0.5,0.0,1.0,0.19577922827049024,0.2259554734332057,FL-FedProx,Ydisc-sens,B,23,0,17,4
0.34059507743718265,0.6813186813186813,0.04941662111074008,0.5146520146520146,0.07692307692307693,0.9523809523809523,0.13891474177114316,0.07270174741018559,LR-A,Ydisc-sens,all,23,1,76,13
0.3928914560891305,0.7510204081632653,0.05786876586795141,0.5193877551020408,0.1,0.9387755102040817,0.13253315776928606,0.0691772237413159,LR-A,Ydisc-sens,A,23,1,59,10
0.17513227513227514,0.35714285714285715,0.0,0.5,0.0,1.0,0.16106259213052965,0.10503292988853256,LR-A,Ydisc-sens,B,23,1,17,3
0.33679176310901177,0.557997557997558,0.1259139940082943,0.5665445665445665,0.3076923076923077,0.8253968253968254,0.19597272055158588,0.1717955981719017,LR-B,Ydisc-sens,all,23,1,76,13
0.37502793297951476,0.5693877551020409,0.10842695554858758,0.5581632653061225,0.3,0.8163265306122449,0.19103974451712713,0.16131338751676025,LR-B,Ydisc-sens,A,23,1,59,10
0.26517273576097106,0.4999999999999999,0.19047619047619047,0.5952380952380952,0.3333333333333333,0.8571428571428571,0.21309304914176627,0.261476879378798,LR-B,Ydisc-sens,B,23,1,17,3
0.3152187470915205,0.6581196581196582,0.04941662111074008,0.5146520146520146,0.07692307692307693,0.9523809523809523,0.14348600578666798,0.06506926696201168,LR-C,Ydisc-sens,all,23,1,76,13
0.36688462309079417,0.7306122448979591,0.05786876586795141,0.5193877551020408,0.1,0.9387755102040817,0.13888917032561635,0.09945963340148811,LR-C,Ydisc-sens,A,23,1,59,10
0.18461538461538463,0.35714285714285715,0.0,0.5,0.0,1.0,0.15943972885737645,0.0832243494137995,LR-C,Ydisc-sens,B,23,1,17,3
0.31033243615283157,0.5873015873015873,0.0,0.5,0.0,1.0,0.1388202786311601,0.030030513750028583,EN-C,Ydisc-sens,all,23,1,76,13
0.35120039748611176,0.6142857142857143,0.0,0.5,0.0,1.0,0.1364553698538772,0.05095449115073486,EN-C,Ydisc-sens,A,23,1,59,10
0.24444444444444444,0.4761904761904762,0.0,0.5,0.0,1.0,0.1470279032111418,0.07524092140124504,EN-C,Ydisc-sens,B,23,1,17,3
0.3396947256598133,0.6471306471306473,0.2668175765140382,0.568986568986569,0.15384615384615385,0.9841269841269841,0.13861789101883723,0.10903511262903781,GBM-C,Ydisc-sens,all,23,1,76,13
0.3722349992628631,0.6591836734693878,0.3067114514981104,0.5897959183673469,0.2,0.9795918367346939,0.1337099975738909,0.09118092359116874,GBM-C,Ydisc-sens,A,23,1,59,10
0.29365079365079366,0.5952380952380953,0.0,0.5,0.0,1.0,0.1556511682689451,0.17099965105458337,GBM-C,Ydisc-sens,B,23,1,17,3
0.3418695602228008,0.5018315018315018,0.0,0.5,0.0,1.0,0.16135813690284784,0.16349815736193488,MLP-C,Ydisc-sens,all,23,1,76,13
0.19169314221687161,0.33877551020408164,0.0,0.5,0.0,1.0,0.1719290979857283,0.19945179941030317,MLP-C,Ydisc-sens,A,23,1,59,10
0.8333333333333333,0.9285714285714286,0.0,0.5,0.0,1.0,0.12467068373285087,0.2348804422689044,MLP-C,Ydisc-sens,B,23,1,17,3
0.3144619316077942,0.6263736263736264,0.08736504717716294,0.5225885225885226,0.07692307692307693,0.9682539682539683,0.14991290222374648,0.12267898779056156,FL-FedAvg,Ydisc-sens,all,23,1,76,13
0.36362815158511297,0.6918367346938776,0.10107536469824094,0.5295918367346939,0.1,0.9591836734693877,0.14695152010941495,0.13291845761123186,FL-FedAvg,Ydisc-sens,A,23,1,59,10
0.2383838383838384,0.45238095238095233,0.0,0.5,0.0,1.0,0.16019064014995596,0.11494569102483289,FL-FedAvg,Ydisc-sens,B,23,1,17,3
0.28135189141252054,0.5665445665445665,0.08736504717716294,0.5225885225885226,0.07692307692307693,0.9682539682539683,0.16067198971607094,0.13802968696135764,FL-FedAvg-E,Ydisc-sens,all,23,1,76,13
0.3133528132633311,0.5938775510204082,0.10107536469824094,0.5295918367346939,0.1,0.9591836734693877,0.16012119485029228,0.15514364063436867,FL-FedAvg-E,Ydisc-sens,A,23,1,59,10
0.2440087145969499,0.45238095238095233,0.0,0.5,0.0,1.0,0.1625835718973027,0.07871504690929486,FL-FedAvg-E,Ydisc-sens,B,23,1,17,3
0.3141872063330689,0.6251526251526252,0.08736504717716294,0.5225885225885226,0.07692307692307693,0.9682539682539683,0.15012784344470262,0.12369537026330671,FL-FedProx,Ydisc-sens,all,23,1,76,13
0.36312981271468103,0.689795918367347,0.10107536469824094,0.5295918367346939,0.1,0.9591836734693877,0.14718283451720984,0.13391052197767872,FL-FedProx,Ydisc-sens,A,23,1,59,10
0.2383838383838384,0.45238095238095233,0.0,0.5,0.0,1.0,0.16034875678129526,0.1390849901259966,FL-FedProx,Ydisc-sens,B,23,1,17,3
0.25155311779117817,0.5707196029776676,0.08627959628145761,0.5223325062034739,0.07692307692307693,0.967741935483871,0.1563708574450898,0.11202986673369272,LR-A,Ydisc-sens,all,23,2,75,13
0.19852866757777027,0.5163265306122449,-0.08462126825129891,0.47959183673469385,0.0,0.9591836734693877,0.16521164784537834,0.1078468636912042,LR-A,Ydisc-sens,A,23,2,59,10
0.611111111111111,0.7948717948717948,0.53748384988657,0.6666666666666666,0.3333333333333333,1.0,0.1237704428440258,0.12745469045286917,LR-A,Ydisc-sens,B,23,2,16,3
0.16135987279777636,0.37468982630272946,-0.04412127785700256,0.4820099255583127,0.07692307692307693,0.8870967741935484,0.21192778916224211,0.24842560613520742,LR-B,Ydisc-sens,all,23,2,75,13
0.16604429264605663,0.36734693877551017,-0.02604617494803484,0.4887755102040816,0.1,0.8775510204081632,0.21187609909208627,0.23727364929359998,LR-B,Ydisc-sens,A,23,2,59,10
0.19761904761904764,0.3846153846153846,-0.12403473458920847,0.46153846153846156,0.0,0.9230769230769231,0.2121183962959418,0.28954844698863497,LR-B,Ydisc-sens,B,23,2,16,3
0.2415918852167023,0.511166253101737,0.08627959628145761,0.5223325062034739,0.07692307692307693,0.967741935483871,0.1543355848403753,0.10184738820614155,LR-C,Ydisc-sens,all,23,2,75,13
0.2234645388697893,0.45102040816326533,0.10107536469824094,0.5295918367346939,0.1,0.9591836734693877,0.15818460467164489,0.1386790617926552,LR-C,Ydisc-sens,A,23,2,59,10
0.5777777777777777,0.7692307692307692,0.0,0.5,0.0,1.0,0.14014232421256873,0.08808428416128142,LR-C,Ydisc-sens,B,23,2,16,3
0.16805318651609716,0.435483870967742,0.0,0.5,0.0,1.0,0.1530918016077541,0.07428456118948956,EN-C,Ydisc-sens,all,23,2,75,13
0.14711606011227013,0.363265306122449,0.0,0.5,0.0,1.0,0.15616403340339222,0.09178138853213616,EN-C,Ydisc-sens,A,23,2,59,10
0.5285714285714286,0.6923076923076923,0.0,0.5,0.0,1.0,0.1417629468613384,0.09696707929328258,EN-C,Ydisc-sens,B,23,2,16,3
0.18636172460710876,0.47766749379652607,0.04807299113687632,0.5142679900744417,0.07692307692307693,0.9516129032258065,0.17681683982441443,0.17474135352733247,GBM-C,Ydisc-sens,all,23,2,75,13
0.19232954081383624,0.47959183673469397,0.05786876586795141,0.5193877551020408,0.1,0.9387755102040817,0.17505821542616404,0.16094111241655695,GBM-C,Ydisc-sens,A,23,2,59,10
0.22222222222222224,0.48717948717948717,0.0,0.5,0.0,1.0,0.18330176729296277,0.22562974262331723,GBM-C,Ydisc-sens,B,23,2,16,3
0.27187821293279224,0.43300248138957814,0.0,0.5,0.0,1.0,0.17724080795257166,0.17484975600217184,MLP-C,Ydisc-sens,all,23,2,75,13
0.3070157299596955,0.45918367346938777,0.0,0.5,0.0,1.0,0.17410787359361074,0.17525267484127077,MLP-C,Ydisc-sens,A,23,2,59,10
0.1655677655677656,0.2564102564102564,0.0,0.5,0.0,1.0,0.18879350340124013,0.2049817117477766,MLP-C,Ydisc-sens,B,23,2,16,3
0.22202640384056058,0.5024813895781638,0.0,0.5,0.0,1.0,0.16107839355024928,0.10389767494338094,FL-FedAvg,Ydisc-sens,all,23,2,75,13
0.17388399411029182,0.44285714285714284,0.0,0.5,0.0,1.0,0.16834620188708851,0.1511726913114237,FL-FedAvg,Ydisc-sens,A,23,2,59,10
0.5777777777777777,0.7692307692307692,0.0,0.5,0.0,1.0,0.13427835030815458,0.16431435486577337,FL-FedAvg,Ydisc-sens,B,23,2,16,3
0.17683008487441487,0.42059553349875933,-0.10868676257032905,0.46774193548387094,0.0,0.9354838709677419,0.17401244518399817,0.14415199362818945,FL-FedAvg-E,Ydisc-sens,all,23,2,75,13
0.181415216931476,0.40408163265306124,-0.12182898077463454,0.45918367346938777,0.0,0.9183673469387755,0.178388939426911,0.18658038295845195,FL-FedAvg-E,Ydisc-sens,A,23,2,59,10
0.26868686868686864,0.5897435897435896,0.0,0.5,0.0,1.0,0.157874122663257,0.15506563274503082,FL-FedAvg-E,Ydisc-sens,B,23,2,16,3
0.22202640384056058,0.5024813895781638,0.0,0.5,0.0,1.0,0.16125089896026878,0.10495042019040547,FL-FedProx,Ydisc-sens,all,23,2,75,13
0.17388399411029182,0.44285714285714284,0.0,0.5,0.0,1.0,0.16852891097715364,0.15192317259868612,FL-FedProx,Ydisc-sens,A,23,2,59,10
0.5777777777777777,0.7692307692307692,0.0,0.5,0.0,1.0,0.1344132296480059,0.16436941718217615,FL-FedProx,Ydisc-sens,B,23,2,16,3
0.3271778628303634,0.49379652605459057,0.14284075309146563,0.5303970223325062,0.07692307692307693,0.9838709677419355,0.14367507841526916,0.1358286656950927,LR-A,Ydisc-sens,all,23,3,75,13
0.4316697698442154,0.5238095238095238,0.3090575499818436,0.5555555555555556,0.1111111111111111,1.0,0.12358616143194966,0.1567868590692866,LR-A,Ydisc-sens,A,23,3,58,9
0.2957282913165266,0.44230769230769235,-0.1386750490563073,0.46153846153846156,0.0,0.9230769230769231,0.21221373635835913,0.19697524236598177,LR-A,Ydisc-sens,B,23,3,17,4
0.33184724955431566,0.6476426799007444,0.1560856625066934,0.5669975186104218,0.23076923076923078,0.9032258064516129,0.15852447968717198,0.13011387703989585,LR-B,Ydisc-sens,all,23,3,75,13
0.3453345311188448,0.6326530612244898,0.25920526378657965,0.590702947845805,0.2222222222222222,0.9591836734693877,0.13435724584371633,0.09357807786040856,LR-B,Ydisc-sens,A,23,3,58,9
0.30416666666666664,0.5769230769230769,-0.053708615552957466,0.47115384615384615,0.25,0.6923076923076923,0.24097739515307937,0.254765427181676,LR-B,Ydisc-sens,B,23,3,17,4
0.2848375601837716,0.5173697270471463,0.14284075309146563,0.5303970223325062,0.07692307692307693,0.9838709677419355,0.14733925012758234,0.11833175003495262,LR-C,Ydisc-sens,all,23,3,75,13
0.3346118198087382,0.5578231292517006,0.3090575499818436,0.5555555555555556,0.1111111111111111,1.0,0.1252890011038817,0.09414598587507028,LR-C,Ydisc-sens,A,23,3,58,9
0.27132352941176474,0.4038461538461538,-0.1386750490563073,0.46153846153846156,0.0,0.9230769230769231,0.22256951150256116,0.27965483606577257,LR-C,Ydisc-sens,B,23,3,17,4
0.33580912948443353,0.5918114143920595,0.0,0.5,0.0,1.0,0.1378324083535823,0.03732868828615563,EN-C,Ydisc-sens,all,23,3,75,13
0.4268120184481153,0.5895691609977324,0.0,0.5,0.0,1.0,0.12288137802681552,0.08901299493423777,EN-C,Ydisc-sens,A,23,3,58,9
0.39999999999999997,0.6538461538461539,0.0,0.5,0.0,1.0,0.18884180593902164,0.13900600498377158,EN-C,Ydisc-sens,B,23,3,17,4
0.2669785174305431,0.5210918114143921,0.18409222829990723,0.575062034739454,0.23076923076923078,0.9193548387096774,0.171642733483579,0.1625769776334114,GBM-C,Ydisc-sens,all,23,3,75,13
0.2791031383012515,0.5102040816326532,0.27974966555605196,0.6258503401360545,0.3333333333333333,0.9183673469387755,0.15569046460018782,0.15436774557285748,GBM-C,Ydisc-sens,A,23,3,58,9
0.24166666666666664,0.4230769230769231,-0.1386750490563073,0.46153846153846156,0.0,0.9230769230769231,0.22606812143867833,0.22677818482695503,GBM-C,Ydisc-sens,B,23,3,17,4
0.29674064623900176,0.6228287841191067,0.29819898137836215,0.6215880893300247,0.3076923076923077,0.9354838709677419,0.19985458402580766,0.2658491655276103,MLP-C,Ydisc-sens,all,23,3,75,13
0.2738903914418131,0.5736961451247167,0.38095238095238093,0.68140589569161,0.4444444444444444,0.9183673469387755,0.2023056783958548,0.3117656794594213,MLP-C,Ydisc-sens,A,23,3,58,9
0.6416666666666666,0.8076923076923076,0.0,0.5,0.0,1.0,0.19149202676329383,0.17196768668419182,MLP-C,Ydisc-sens,B,23,3,17,4
0.33013449774780623,0.5595533498759305,0.14284075309146563,0.5303970223325062,0.07692307692307693,0.9838709677419355,0.14947364035127675,0.11744654974766104,FL-FedAvg,Ydisc-sens,all,23,3,75,13
0.4347402597402597,0.5895691609977325,0.3090575499818436,0.5555555555555556,0.1111111111111111,1.0,0.13581834176006824,0.13812309509391063,FL-FedAvg,Ydisc-sens,A,23,3,58,9
0.31401515151515147,0.5192307692307692,-0.1386750490563073,0.46153846153846156,0.0,0.9230769230769231,0.19606230613304707,0.19502911037270593,FL-FedAvg,Ydisc-sens,B,23,3,17,4
0.36477100124727724,0.6191066997518611,0.08627959628145761,0.5223325062034739,0.07692307692307693,0.967741935483871,0.15066521899969088,0.14912391629208435,FL-FedAvg-E,Ydisc-sens,all,23,3,75,13
0.4558848558848559,0.6099773242630386,0.3090575499818436,0.5555555555555556,0.1111111111111111,1.0,0.1369873648560568,0.17856785053079727,FL-FedAvg-E,Ydisc-sens,A,23,3,58,9
0.37083333333333335,0.6153846153846153,-0.20254787341673333,0.4230769230769231,0.0,0.8461538461538461,0.19733083901914822,0.2687405847098687,FL-FedAvg-E,Ydisc-sens,B,23,3,17,4
0.33013449774780623,0.5595533498759305,0.14284075309146563,0.5303970223325062,0.07692307692307693,0.9838709677419355,0.1496929721029308,0.11819639960788879,FL-FedProx,Ydisc-sens,all,23,3,75,13
0.4347402597402597,0.5895691609977325,0.3090575499818436,0.5555555555555556,0.1111111111111111,1.0,0.13609292684041863,0.13915868024423816,FL-FedProx,Ydisc-sens,A,23,3,58,9
0.31401515151515147,0.5192307692307692,-0.1386750490563073,0.46153846153846156,0.0,0.9230769230769231,0.19609312652797223,0.19568337767784924,FL-FedProx,Ydisc-sens,B,23,3,17,4
0.2103807696910756,0.49379652605459057,0.08627959628145761,0.5223325062034739,0.07692307692307693,0.967741935483871,0.16653529910285864,0.11316601801801424,LR-A,Ydisc-sens,all,23,4,75,13
0.21273564371202475,0.48072562358276644,0.11492127270955815,0.5351473922902494,0.1111111111111111,0.9591836734693877,0.1527771626001668,0.1461406535589509,LR-A,Ydisc-sens,A,23,4,58,9
0.2464285714285714,0.4230769230769231,0.0,0.5,0.0,1.0,0.21347482364145445,0.16517928788506275,LR-A,Ydisc-sens,B,23,4,17,4
0.17221149070800393,0.3870967741935484,-0.04412127785700256,0.4820099255583127,0.07692307692307693,0.8870967741935484,0.21453734341955827,0.21787416969990073,LR-B,Ydisc-sens,all,23,4,75,13
0.12785004227113272,0.3151927437641723,-0.13163466789298955,0.4489795918367347,0.0,0.8979591836734694,0.20893899937347984,0.23964813825904163,LR-B,Ydisc-sens,A,23,4,58,9
0.46715686274509804,0.5384615384615384,0.10699012312772822,0.5480769230769231,0.25,0.8461538461538461,0.23363757604735533,0.22533224031619564,LR-B,Ydisc-sens,B,23,4,17,4
0.21887458448272934,0.5049627791563276,0.08627959628145761,0.5223325062034739,0.07692307692307693,0.967741935483871,0.16535796925228,0.16144896011384424,LR-C,Ydisc-sens,all,23,4,75,13
0.2179437094433085,0.49206349206349204,0.11492127270955815,0.5351473922902494,0.1111111111111111,0.9591836734693877,0.15383437637289554,0.14198488295899467,LR-C,Ydisc-sens,A,23,4,58,9
0.28525641025641024,0.5,0.0,0.5,0.0,1.0,0.20467375672312121,0.2664349550716902,LR-C,Ydisc-sens,B,23,4,17,4
0.1731435675539485,0.4466501240694789,-0.053230429642548,0.49193548387096775,0.0,0.9838709677419355,0.15609193773714125,0.08010475910059915,EN-C,Ydisc-sens,all,23,4,75,13
0.15954600377819877,0.4217687074829932,-0.05676567244564474,0.4897959183673469,0.0,0.9795918367346939,0.14498867047183647,0.0778370904219321,EN-C,Ydisc-sens,A,23,4,58,9
0.30627705627705626,0.5384615384615384,0.0,0.5,0.0,1.0,0.19397367311288682,0.15726814097432548,EN-C,Ydisc-sens,B,23,4,17,4
0.21175728019060075,0.5719602977667494,-0.025831461909465635,0.49007444168734493,0.07692307692307693,0.9032258064516129,0.1857946719470515,0.148066709840596,GBM-C,Ydisc-sens,all,23,4,75,13
0.2050607363487688,0.6235827664399093,-0.11664236870396086,0.45918367346938777,0.0,0.9183673469387755,0.1661891024771448,0.13107304045570406,GBM-C,Ydisc-sens,A,23,4,58,9
0.3007478632478633,0.4230769230769231,0.10699012312772822,0.5480769230769231,0.25,0.8461538461538461,0.2526842619032036,0.20604511127140393,GBM-C,Ydisc-sens,B,23,4,17,4
0.18812196543695237,0.49875930521091816,-0.09346956263824575,0.47580645161290325,0.0,0.9516129032258065,0.18599492066461798,0.1933014822520674,MLP-C,Ydisc-sens,all,23,4,75,13
0.16733341045135228,0.46258503401360546,-0.08099238707340584,0.47959183673469385,0.0,0.9591836734693877,0.18481761333740684,0.21802273820604606,MLP-C,Ydisc-sens,A,23,4,58,9
0.3630952380952381,0.6153846153846154,-0.1386750490563073,0.46153846153846156,0.0,0.9230769230769231,0.19001161625157378,0.1956115985036629,MLP-C,Ydisc-sens,B,23,4,17,4
0.19485652568465273,0.4863523573200993,-0.09346956263824575,0.47580645161290325,0.0,0.9516129032258065,0.1695096473061871,0.1371397670276124,FL-FedAvg,Ydisc-sens,all,23,4,75,13
0.19555691559850413,0.4671201814058957,-0.08099238707340584,0.47959183673469385,0.0,0.9591836734693877,0.16210847607883386,0.17645240839748866,FL-FedAvg,Ydisc-sens,A,23,4,58,9
0.27849927849927847,0.4807692307692307,-0.1386750490563073,0.46153846153846156,0.0,0.9230769230769231,0.19476070208186272,0.21007551180410408,FL-FedAvg,Ydisc-sens,B,23,4,17,4
0.19446741022737546,0.4516129032258065,0.04807299113687632,0.5142679900744417,0.07692307692307693,0.9516129032258065,0.17683497220666045,0.15831762039980282,FL-FedAvg-E,Ydisc-sens,all,23,4,75,13
0.18069538617410957,0.4331065759637188,0.11492127270955815,0.5351473922902494,0.1111111111111111,0.9591836734693877,0.17083384406986085,0.21701527696345863,FL-FedAvg-E,Ydisc-sens,A,23,4,58,9
0.2749542124542125,0.4615384615384615,-0.1386750490563073,0.46153846153846156,0.0,0.9230769230769231,0.19730940937927088,0.11765574062226879,FL-FedAvg-E,Ydisc-sens,B,23,4,17,4
0.19485652568465273,0.4863523573200993,-0.09346956263824575,0.47580645161290325,0.0,0.9516129032258065,0.16964874921028705,0.13757861420685552,FL-FedProx,Ydisc-sens,all,23,4,75,13
0.19555691559850413,0.4671201814058957,-0.08099238707340584,0.47959183673469385,0.0,0.9591836734693877,0.16227239031586577,0.17686259502944648,FL-FedProx,Ydisc-sens,A,23,4,58,9
0.27849927849927847,0.4807692307692307,-0.1386750490563073,0.46153846153846156,0.0,0.9230769230769231,0.19481515014419504,0.2100096567491889,FL-FedProx,Ydisc-sens,B,23,4,17,4
0.2324099322283036,0.4383394383394384,0.020400300173236734,0.5067155067155067,0.07692307692307693,0.9365079365079365,0.16238695437120576,0.14414975323230195,LR-A,Ydisc-sens,all,37,0,76,13
0.2500799852253053,0.42666666666666664,0.040164271738447284,0.5155555555555555,0.1111111111111111,0.92,0.1501105902162678,0.16979005880670964,LR-A,Ydisc-sens,A,37,0,59,9
0.2817672523554876,0.46153846153846156,0.0,0.5,0.0,1.0,0.20499315937951962,0.1832916440580976,LR-A,Ydisc-sens,B,37,0,17,4
0.2416556796241348,0.47496947496947495,0.2366657051848789,0.6062271062271063,0.3076923076923077,0.9047619047619048,0.1741004956669716,0.19919080259210253,LR-B,Ydisc-sens,all,37,0,76,13
0.25237147029261725,0.5311111111111111,0.3109199282999708,0.6622222222222223,0.4444444444444444,0.88,0.16358859734784875,0.19967612858274475,LR-B,Ydisc-sens,A,37,0,59,9
0.41602564102564105,0.40384615384615385,0.0,0.5,0.0,1.0,0.21058296630392737,0.2660005922435517,LR-B,Ydisc-sens,B,37,0,17,4
0.23902027707901624,0.46153846153846156,0.14361413797053765,0.5305250305250305,0.07692307692307693,0.9841269841269841,0.15468168597072868,0.10679084358106236,LR-C,Ydisc-sens,all,37,0,76,13
0.2582999631691932,0.4688888888888889,0.18101942213222266,0.5455555555555556,0.1111111111111111,0.98,0.14190880754168902,0.1220131081065389,LR-C,Ydisc-sens,A,37,0,59,9
0.30833333333333335,0.49999999999999994,0.0,0.5,0.0,1.0,0.19901108757739583,0.17149151103272336,LR-C,Ydisc-sens,B,37,0,17,4
0.16925000100274448,0.35775335775335776,0.0,0.5,0.0,1.0,0.14884669264687256,0.05863278784813713,EN-C,Ydisc-sens,all,37,0,76,13
0.16421935168835233,0.32666666666666666,0.0,0.5,0.0,1.0,0.13745107971059273,0.07398118876302273,EN-C,Ydisc-sens,A,37,0,59,9
0.2727564102564103,0.46153846153846156,0.0,0.5,0.0,1.0,0.18839617283749074,0.11189601741814464,EN-C,Ydisc-sens,B,37,0,17,4
0.12516247774042236,0.2967032967032967,-0.1558087841476009,0.4365079365079365,0.0,0.873015873015873,0.20739162156662366,0.24009335422159372,GBM-C,Ydisc-sens,all,37,0,76,13
0.11237293755394637,0.2777777777777778,-0.16803361008336118,0.42,0.0,0.84,0.20950395414482512,0.2631908680327505,GBM-C,Ydisc-sens,A,37,0,59,9
0.4119047619047619,0.3846153846153846,0.0,0.5,0.0,1.0,0.20006058497168913,0.2362351359168559,GBM-C,Ydisc-sens,B,37,0,17,4
0.1745112603412337,0.4297924297924298,-0.05245305283129621,0.49206349206349204,0.0,0.9841269841269841,0.18597700451925747,0.18750520087279116,MLP-C,Ydisc-sens,all,37,0,76,13
0.20004547921214588,0.5022222222222221,-0.05570860145311556,0.49,0.0,0.98,0.1765878356201872,0.2069648474440496,MLP-C,Ydisc-sens,A,37,0,59,9
0.18697038255861786,0.21153846153846154,0.0,0.5,0.0,1.0,0.2185629436395601,0.1462322227904168,MLP-C,Ydisc-sens,B,37,0,17,4
0.17717963300956632,0.39316239316239315,0.14361413797053765,0.5305250305250305,0.07692307692307693,0.9841269841269841,0.1619710640994146,0.11085481754506418,FL-FedAvg,Ydisc-sens,all,37,0,76,13
0.17729728160144229,0.38222222222222224,0.18101942213222266,0.5455555555555556,0.1111111111111111,0.98,0.15524438409891672,0.15154508461758526,FL-FedAvg,Ydisc-sens,A,37,0,59,9
0.2839285714285714,0.4807692307692308,0.0,0.5,0.0,1.0,0.1853166005717309,0.11305510710155794,FL-FedAvg,Ydisc-sens,B,37,0,17,4
0.22617850080637797,0.42246642246642246,0.14361413797053765,0.5305250305250305,0.07692307692307693,0.9841269841269841,0.1632774398352332,0.11218688895167024,FL-FedAvg-E,Ydisc-sens,all,37,0,76,13
0.2522175611461326,0.45333333333333337,0.18101942213222266,0.5455555555555556,0.1111111111111111,0.98,0.1548429012014117,0.14346665438766817,FL-FedAvg-E,Ydisc-sens,A,37,0,59,9
0.25211038961038956,0.4423076923076923,0.0,0.5,0.0,1.0,0.19255025038790782,0.07238761911406481,FL-FedAvg-E,Ydisc-sens,B,37,0,17,4
0.17717963300956632,0.39316239316239315,0.14361413797053765,0.5305250305250305,0.07692307692307693,0.9841269841269841,0.16215103885898707,0.11164148718235059,FL-FedProx,Ydisc-sens,all,37,0,76,13
0.17729728160144229,0.38222222222222224,0.18101942213222266,0.5455555555555556,0.1111111111111111,0.98,0.15547416289301136,0.1522981020796565,FL-FedProx,Ydisc-sens,A,37,0,59,9
0.2839285714285714,0.4807692307692308,0.0,0.5,0.0,1.0,0.18532372603502056,0.11236584682616946,FL-FedProx,Ydisc-sens,B,37,0,17,4
0.29452461062353796,0.5457875457875458,0.302295357112508,0.5995115995115995,0.23076923076923078,0.9682539682539683,0.14088309633035925,0.10519341225381716,LR-A,Ydisc-sens,all,37,1,76,13
0.3699655982202431,0.5591836734693878,0.4172642591531233,0.639795918367347,0.3,0.9795918367346939,0.13095766213729074,0.15100710521654312,LR-A,Ydisc-sens,A,37,1,59,10
0.24206349206349206,0.5714285714285714,-0.11572751247156893,0.4642857142857143,0.0,0.9285714285714286,0.1753301914710089,0.17493524732883975,LR-A,Ydisc-sens,B,37,1,17,3
0.3087862218967856,0.4688644688644689,0.2996322772069248,0.6221001221001221,0.3076923076923077,0.9365079365079365,0.1789991708954265,0.21781751678996528,LR-B,Ydisc-sens,all,37,1,76,13
0.40541623163445195,0.5653061224489796,0.39306045830670755,0.6693877551020408,0.4,0.9387755102040817,0.15656795942297833,0.209820149122268,LR-B,Ydisc-sens,A,37,1,59,10
0.13357100415923945,0.11904761904761901,-0.11572751247156893,0.4642857142857143,0.0,0.9285714285714286,0.25684866953509955,0.3024281920948301,LR-B,Ydisc-sens,B,37,1,17,3
0.29821557659061215,0.5567765567765568,0.254195563720897,0.5384615384615384,0.07692307692307693,1.0,0.1418059259724521,0.0679825970931173,LR-C,Ydisc-sens,all,37,1,76,13
0.3797127778059981,0.6428571428571429,0.2906591794880899,0.55,0.1,1.0,0.1321657000909467,0.04586912789986801,LR-C,Ydisc-sens,A,37,1,59,10
0.16567460317460317,0.2857142857142857,0.0,0.5,0.0,1.0,0.17526318050238257,0.17159740868422912,LR-C,Ydisc-sens,B,37,1,17,3
0.31003528474610026,0.5982905982905984,0.0,0.5,0.0,1.0,0.13729382408925003,0.03207795356289607,EN-C,Ydisc-sens,all,37,1,76,13
0.3986460124457545,0.6244897959183674,0.0,0.5,0.0,1.0,0.13280163269483983,0.07655279867818948,EN-C,Ydisc-sens,A,37,1,59,10
0.24523809523809526,0.5714285714285714,0.0,0.5,0.0,1.0,0.1528843706933796,0.12227592066076934,EN-C,Ydisc-sens,B,37,1,17,3
0.15157928652984778,0.39682539682539686,-0.1558087841476009,0.4365079365079365,0.0,0.873015873015873,0.20107089450454319,0.19394885671242992,GBM-C,Ydisc-sens,all,37,1,76,13
0.1624748448998839,0.42448979591836733,-0.16574838603294897,0.42857142857142855,0.0,0.8571428571428571,0.1970958243371363,0.17945179650911092,GBM-C,Ydisc-sens,A,37,1,59,10
0.16477272727272727,0.3095238095238095,-0.11572751247156893,0.4642857142857143,0.0,0.9285714285714286,0.21486672626201422,0.2442621833004194,GBM-C,Ydisc-sens,B,37,1,17,3
0.2886556975529635,0.6275946275946276,0.0,0.5,0.0,1.0,0.17709083779145773,0.20108826386788026,MLP-C,Ydisc-sens,all,37,1,76,13
0.26788774897753076,0.6061224489795918,0.0,0.5,0.0,1.0,0.17782917630730913,0.20045118667630604,MLP-C,Ydisc-sens,A,37,1,59,10
0.5666666666666667,0.7619047619047619,0.0,0.5,0.0,1.0,0.17452836882467931,0.2032992964739319,MLP-C,Ydisc-sens,B,37,1,17,3
0.32526816263502534,0.6300366300366301,0.254195563720897,0.5384615384615384,0.07692307692307693,1.0,0.149528226736004,0.12277944992759193,FL-FedAvg,Ydisc-sens,all,37,1,76,13
0.4275375293072202,0.689795918367347,0.2906591794880899,0.55,0.1,1.0,0.14412041026994846,0.1368726273842171,FL-FedAvg,Ydisc-sens,A,37,1,59,10
0.24206349206349206,0.5714285714285714,0.0,0.5,0.0,1.0,0.16829653094172614,0.10326001091353426,FL-FedAvg,Ydisc-sens,B,37,1,17,3
0.3870924918702597,0.5274725274725275,0.2668175765140382,0.568986568986569,0.15384615384615385,0.9841269841269841,0.15754870649597588,0.17847950828930667,FL-FedAvg-E,Ydisc-sens,all,37,1,76,13
0.47798377782863466,0.6183673469387755,0.3067114514981104,0.5897959183673469,0.2,0.9795918367346939,0.14999206062545278,0.17481351218490823,FL-FedAvg-E,Ydisc-sens,A,37,1,59,10
0.13576007326007325,0.11904761904761907,0.0,0.5,0.0,1.0,0.18377471275249732,0.1912026712398661,FL-FedAvg-E,Ydisc-sens,B,37,1,17,3
0.32526816263502534,0.6300366300366301,0.254195563720897,0.5384615384615384,0.07692307692307693,1.0,0.14974887008259666,0.12382653986926825,FL-FedProx,Ydisc-sens,all,37,1,76,13
0.4275375293072202,0.689795918367347,0.2906591794880899,0.55,0.1,1.0,0.14435781553465224,0.13763747822621664,FL-FedProx,Ydisc-sens,A,37,1,59,10
0.24206349206349206,0.5714285714285714,0.0,0.5,0.0,1.0,0.16845900057252133,0.10435515619285798,FL-FedProx,Ydisc-sens,B,37,1,17,3
0.26474817691274766,0.5583126550868486,0.16003588750309927,0.5527295285359801,0.15384615384615385,0.9516129032258065,0.15435495577326908,0.13358342787944602,LR-A,Ydisc-sens,all,37,2,75,13
0.21823542657520228,0.48367346938775513,0.05786876586795141,0.5193877551020408,0.1,0.9387755102040817,0.16566018107135372,0.16158360389912269,LR-A,Ydisc-sens,A,37,2,59,10
0.6555555555555556,0.7948717948717949,0.53748384988657,0.6666666666666666,0.3333333333333333,1.0,0.11266693748658177,0.10427821020899111,LR-A,Ydisc-sens,B,37,2,16,3
0.30292346181871455,0.5272952853598015,0.12464211362686842,0.5446650124069479,0.15384615384615385,0.9354838709677419,0.1618155447401926,0.14675391756506528,LR-B,Ydisc-sens,all,37,2,75,13
0.22697094593374217,0.5122448979591836,0.024743582965269673,0.5091836734693878,0.1,0.9183673469387755,0.1672164147385527,0.14160019430198836,LR-B,Ydisc-sens,A,37,2,59,10
0.5111111111111111,0.5897435897435896,0.53748384988657,0.6666666666666666,0.3333333333333333,1.0,0.14189983662123967,0.16575827209766142,LR-B,Ydisc-sens,B,37,2,16,3
0.2850727890654756,0.5843672456575683,0.2048327448440817,0.5607940446650124,0.15384615384615385,0.967741935483871,0.14270355857544798,0.06684849524596237,LR-C,Ydisc-sens,all,37,2,75,13
0.23939206439033484,0.5142857142857143,0.10107536469824094,0.5295918367346939,0.1,0.9591836734693877,0.14976333757723895,0.10646647579966456,LR-C,Ydisc-sens,A,37,2,59,10
0.6555555555555556,0.7948717948717949,0.53748384988657,0.6666666666666666,0.3333333333333333,1.0,0.11667062350634377,0.1194065959252906,LR-C,Ydisc-sens,B,37,2,16,3
0.3244702851127169,0.5967741935483871,0.0,0.5,0.0,1.0,0.139143570948983,0.041851149034397905,EN-C,Ydisc-sens,all,37,2,75,13
0.30199837060123963,0.5346938775510204,0.0,0.5,0.0,1.0,0.14089998759243363,0.059761727613026304,EN-C,Ydisc-sens,A,37,2,59,10
0.6428571428571429,0.8461538461538461,0.0,0.5,0.0,1.0,0.13266678457625883,0.05583289166990942,EN-C,Ydisc-sens,B,37,2,16,3
0.2135014724652682,0.5893300248138957,-0.005193421401119517,0.4981389578163772,0.07692307692307693,0.9193548387096774,0.17079108057182124,0.14345927999877212,GBM-C,Ydisc-sens,all,37,2,75,13
0.2342029868199087,0.6040816326530613,0.05786876586795141,0.5193877551020408,0.1,0.9387755102040817,0.1581767278593154,0.12235568798934311,GBM-C,Ydisc-sens,A,37,2,59,10
0.24523809523809523,0.5384615384615384,-0.18156825980064073,0.4230769230769231,0.0,0.8461538461538461,0.21730650619918662,0.2212787755335415,GBM-C,Ydisc-sens,B,37,2,16,3
0.195121292963183,0.4057071960297767,0.0,0.5,0.0,1.0,0.17918488399115065,0.18222169979510355,MLP-C,Ydisc-sens,all,37,2,75,13
0.24990582421393487,0.46530612244897956,0.0,0.5,0.0,1.0,0.1717889730755401,0.1611993109149862,MLP-C,Ydisc-sens,A,37,2,59,10
0.16567460317460317,0.23076923076923075,0.0,0.5,0.0,1.0,0.20645730549246466,0.28215351753134027,MLP-C,Ydisc-sens,B,37,2,16,3
0.3012832104529245,0.6042183622828785,0.14284075309146563,0.5303970223325062,0.07692307692307693,0.9838709677419355,0.15104341591837536,0.10852522983428298,FL-FedAvg,Ydisc-sens,all,37,2,75,13
0.26017987130145687,0.536734693877551,0.16501147309003286,0.539795918367347,0.1,0.9795918367346939,0.1563347578971964,0.11757572184037422,FL-FedAvg,Ydisc-sens,A,37,2,59,10
0.6984126984126985,0.8717948717948718,0.0,0.5,0.0,1.0,0.13153159237147283,0.18463566500324483,FL-FedAvg,Ydisc-sens,B,37,2,16,3
0.26531625209599197,0.5843672456575681,-0.053230429642548,0.49193548387096775,0.0,0.9838709677419355,0.15688828613362385,0.12074219761258982,FL-FedAvg-E,Ydisc-sens,all,37,2,75,13
0.259630965010222,0.5387755102040817,-0.05931819989552855,0.4897959183673469,0.0,0.9795918367346939,0.15984161508851422,0.1383299747039331,FL-FedAvg-E,Ydisc-sens,A,37,2,59,10
0.4888888888888889,0.7692307692307692,0.0,0.5,0.0,1.0,0.14599788561246557,0.1233809303418797,FL-FedAvg-E,Ydisc-sens,B,37,2,16,3
0.30100409914333415,0.6029776674937966,0.14284075309146563,0.5303970223325062,0.07692307692307693,0.9838709677419355,0.1512567044754259,0.10957086848034585,FL-FedProx,Ydisc-sens,all,37,2,75,13
0.26017987130145687,0.536734693877551,0.16501147309003286,0.539795918367347,0.1,0.9795918367346939,0.15654141415605086,0.11860193856467131,FL-FedProx,Ydisc-sens,A,37,2,59,10
0.6984126984126985,0.8717948717948718,0.0,0.5,0.0,1.0,0.13176933752812148,0.18546775590277906,FL-FedProx,Ydisc-sens,B,37,2,16,3
0.2875653689443023,0.5744416873449132,0.12464211362686842,0.5446650124069479,0.15384615384615385,0.9354838709677419,0.16143302734227005,0.1296847104552746,LR-A,Ydisc-sens,all,37,3,75,13
0.3311548101021785,0.6394557823129251,0.16714565742134507,0.5702947845804989,0.2222222222222222,0.9183673469387755,0.14488402463091973,0.11187257525398661,LR-A,Ydisc-sens,A,37,3,58,9
0.24794372294372294,0.4423076923076923,0.0,0.5,0.0,1.0,0.21789433071040654,0.2441398022030967,LR-A,Ydisc-sens,B,37,3,17,4
0.2978335491953725,0.6290322580645162,0.06998547522145233,0.5285359801488834,0.15384615384615385,0.9032258064516129,0.18298700957942654,0.17442861272821297,LR-B,Ydisc-sens,all,37,3,75,13
0.32175618947031626,0.6371882086167799,0.16714565742134507,0.5702947845804989,0.2222222222222222,0.9183673469387755,0.1558154074066821,0.11886682563146728,LR-B,Ydisc-sens,A,37,3,58,9
0.2848484848484848,0.5,-0.20254787341673333,0.4230769230769231,0.0,0.8461538461538461,0.27569012287467237,0.3639923569406394,LR-B,Ydisc-sens,B,37,3,17,4
0.33646632372068713,0.5942928039702233,0.1560856625066934,0.5669975186104218,0.23076923076923078,0.9032258064516129,0.15914869218548006,0.21259452978610494,LR-C,Ydisc-sens,all,37,3,75,13
0.3868380070139324,0.6439909297052153,0.24285714285714285,0.6156462585034014,0.3333333333333333,0.8979591836734694,0.14201115934471714,0.18847070821530426,LR-C,Ydisc-sens,A,37,3,58,9
0.28273809523809523,0.46153846153846156,-0.1386750490563073,0.46153846153846156,0.0,0.9230769230769231,0.2176179218774947,0.29489933279236624,LR-C,Ydisc-sens,B,37,3,17,4
0.33638465005350054,0.5384615384615384,0.3614745588437089,0.5769230769230769,0.15384615384615385,1.0,0.14560047842830873,0.09796260249917958,EN-C,Ydisc-sens,all,37,3,75,13
0.42595775256089835,0.6258503401360545,0.44095855184409843,0.6111111111111112,0.2222222222222222,1.0,0.1284716753167037,0.11766191441563359,EN-C,Ydisc-sens,A,37,3,58,9
0.2375,0.36538461538461536,0.0,0.5,0.0,1.0,0.20403992433849064,0.17037799516422997,EN-C,Ydisc-sens,B,37,3,17,4
0.2640393519633077,0.5744416873449132,0.1560856625066934,0.5669975186104218,0.23076923076923078,0.9032258064516129,0.17099358950563057,0.14506239626698858,GBM-C,Ydisc-sens,all,37,3,75,13
0.31973714116571256,0.6916099773242631,0.24285714285714285,0.6156462585034014,0.3333333333333333,0.8979591836734694,0.14764073635575686,0.13790321304508507,GBM-C,Ydisc-sens,A,37,3,58,9
0.20223012281835812,0.28846153846153844,-0.1386750490563073,0.46153846153846156,0.0,0.9230769230769231,0.2506680296640231,0.2623814620391637,GBM-C,Ydisc-sens,B,37,3,17,4
0.17153139537028503,0.42059553349875933,-0.053230429642548,0.49193548387096775,0.0,0.9838709677419355,0.16841833609407048,0.16565955839365484,MLP-C,Ydisc-sens,all,37,3,75,13
0.15696490752046308,0.3673469387755102,-0.05676567244564474,0.4897959183673469,0.0,0.9795918367346939,0.16622607908117,0.2208566292128409,MLP-C,Ydisc-sens,A,37,3,58,9
0.35,0.6346153846153846,0.0,0.5,0.0,1.0,0.17589780119690748,0.0653411433291614,MLP-C,Ydisc-sens,B,37,3,17,4
0.27970667983712827,0.5483870967741935,0.12464211362686842,0.5446650124069479,0.15384615384615385,0.9354838709677419,0.168653818822523,0.18478156484383224,FL-FedAvg,Ydisc-sens,all,37,3,75,13
0.3328596629110846,0.6190476190476191,0.16714565742134507,0.5702947845804989,0.2222222222222222,0.9183673469387755,0.15669100821539025,0.17149191182986187,FL-FedAvg,Ydisc-sens,A,37,3,58,9
0.275,0.423076923076923,0.0,0.5,0.0,1.0,0.20946811383509367,0.23012273395031943,FL-FedAvg,Ydisc-sens,B,37,3,17,4
0.3016989958491467,0.5570719602977667,0.13125002840418165,0.5589330024813896,0.23076923076923078,0.8870967741935484,0.17601487440298347,0.19560826066082437,FL-FedAvg-E,Ydisc-sens,all,37,3,75,13
0.3673067326365677,0.6326530612244898,0.24285714285714285,0.6156462585034014,0.3333333333333333,0.8979591836734694,0.16594795173039847,0.21295227623834762,FL-FedAvg-E,Ydisc-sens,A,37,3,58,9
0.275,0.423076923076923,-0.20254787341673333,0.4230769230769231,0.0,0.8461538461538461,0.21036084587415588,0.2507998657264879,FL-FedAvg-E,Ydisc-sens,B,37,3,17,4
0.2795209568682623,0.5471464019851117,0.12464211362686842,0.5446650124069479,0.15384615384615385,0.9354838709677419,0.16886925353027343,0.16400123682994594,FL-FedProx,Ydisc-sens,all,37,3,75,13
0.3328596629110846,0.6190476190476191,0.16714565742134507,0.5702947845804989,0.2222222222222222,0.9183673469387755,0.15696021687097378,0.17196182495434437,FL-FedProx,Ydisc-sens,A,37,3,58,9
0.275,0.423076923076923,0.0,0.5,0.0,1.0,0.2095000844855311,0.13684158322905746,FL-FedProx,Ydisc-sens,B,37,3,17,4
0.2339252949623477,0.6004962779156328,0.0,0.5,0.0,1.0,0.14537066724770895,0.07952224992047006,LR-A,Ydisc-sens,all,37,4,75,13
0.28508033017320944,0.6485260770975055,0.0,0.5,0.0,1.0,0.12730654221923812,0.0323520999748485,LR-A,Ydisc-sens,A,37,4,58,9
0.27976190476190477,0.5192307692307692,0.0,0.5,0.0,1.0,0.2070012114624917,0.290695487301848,LR-A,Ydisc-sens,B,37,4,17,4
0.2631523334852958,0.46898263027295284,0.10885791251063999,0.5508684863523573,0.23076923076923078,0.8709677419354839,0.20091728021582578,0.20746635643103392,LR-B,Ydisc-sens,all,37,4,75,13
0.2944713343194216,0.43083900226757366,0.10476190476190476,0.5498866213151927,0.2222222222222222,0.8775510204081632,0.18749318767727968,0.23388809248445078,LR-B,Ydisc-sens,A,37,4,58,9
0.3005952380952381,0.5192307692307692,0.10699012312772822,0.5480769230769231,0.25,0.8461538461538461,0.24671712534733584,0.2214027353171079,LR-B,Ydisc-sens,B,37,4,17,4
0.2529051808829999,0.5620347394540943,0.0,0.5,0.0,1.0,0.14519929408808183,0.06371698155712543,LR-C,Ydisc-sens,all,37,4,75,13
0.2955611079794086,0.5782312925170068,0.0,0.5,0.0,1.0,0.12926654514118988,0.09384421470033405,LR-C,Ydisc-sens,A,37,4,58,9
0.2922619047619047,0.5,0.0,0.5,0.0,1.0,0.19955808461277194,0.11116121279835459,LR-C,Ydisc-sens,B,37,4,17,4
0.4270728465291159,0.6178660049627792,0.0,0.5,0.0,1.0,0.1364082799039533,0.02340205315653591,EN-C,Ydisc-sens,all,37,4,75,13
0.45965181928278487,0.6485260770975056,0.0,0.5,0.0,1.0,0.12314402466960674,0.046957737966430005,EN-C,Ydisc-sens,A,37,4,58,9
0.48392857142857143,0.5769230769230769,0.0,0.5,0.0,1.0,0.18166279776231226,0.07072989734610806,EN-C,Ydisc-sens,B,37,4,17,4
0.3883305866473325,0.6935483870967741,0.26447848369189714,0.6135235732009925,0.3076923076923077,0.9193548387096774,0.14503322459892437,0.09634779463951854,GBM-C,Ydisc-sens,all,37,4,75,13
0.3243127083644325,0.7006802721088435,0.16714565742134507,0.5702947845804989,0.2222222222222222,0.9183673469387755,0.13603574675175756,0.0802693995254063,GBM-C,Ydisc-sens,A,37,4,58,9
0.5681818181818181,0.6730769230769231,0.47075654176200415,0.7115384615384616,0.5,0.9230769230769231,0.17573050195984646,0.24480603675720145,GBM-C,Ydisc-sens,B,37,4,17,4
0.1829774343668916,0.37965260545905705,0.14284075309146563,0.5303970223325062,0.07692307692307693,0.9838709677419355,0.1875163615772273,0.18374278691075688,MLP-C,Ydisc-sens,all,37,4,75,13
0.20113140690792577,0.4580498866213152,0.1799830823853463,0.5453514739229025,0.1111111111111111,0.9795918367346939,0.181348692635301,0.20526518802432112,MLP-C,Ydisc-sens,A,37,4,58,9
0.1700123406005759,0.11538461538461536,0.0,0.5,0.0,1.0,0.20855899679085807,0.15022191884958977,MLP-C,Ydisc-sens,B,37,4,17,4
0.4195929420980165,0.609181141439206,0.0,0.5,0.0,1.0,0.1475863220156261,0.11291320577535599,FL-FedAvg,Ydisc-sens,all,37,4,75,13
0.48051513407599244,0.634920634920635,0.0,0.5,0.0,1.0,0.13762094007559245,0.14723514213078953,FL-FedAvg,Ydisc-sens,A,37,4,58,9
0.3375,0.5192307692307693,0.0,0.5,0.0,1.0,0.1815858603992703,0.0488373431685834,FL-FedAvg,Ydisc-sens,B,37,4,17,4
0.37956372811357986,0.5558312655086849,0.2538682029106135,0.5384615384615384,0.07692307692307693,1.0,0.15338512517478498,0.1381751323424154,FL-FedAvg-E,Ydisc-sens,all,37,4,75,13
0.4343981812702635,0.5691609977324263,0.3090575499818436,0.5555555555555556,0.1111111111111111,1.0,0.14642062990198249,0.1785570715210899,FL-FedAvg-E,Ydisc-sens,A,37,4,58,9
0.4935897435897436,0.6346153846153846,0.0,0.5,0.0,1.0,0.17714634434081705,0.06427021788249715,FL-FedAvg-E,Ydisc-sens,B,37,4,17,4
0.4195929420980165,0.609181141439206,0.0,0.5,0.0,1.0,0.1477853213860767,0.11370092212067501,FL-FedProx,Ydisc-sens,all,37,4,75,13
0.48051513407599244,0.634920634920635,0.0,0.5,0.0,1.0,0.13785377632355936,0.14788209136305464,FL-FedProx,Ydisc-sens,A,37,4,58,9
0.3375,0.5192307692307693,0.0,0.5,0.0,1.0,0.18166941630525343,0.04874021643440279,FL-FedProx,Ydisc-sens,B,37,4,17,4
