seed,condition,round,n_providers,mean_auroc,min_auroc,max_auroc,var_auroc,iqr_auroc,q25_auroc,q75_auroc
7,cold_fed,1,23,0.7882064100861416,0.625,0.9537037037037036,0.008123466209359352,0.11563508090518537,0.7281954306884841,0.8438305115936695
7,cold_fed,2,23,0.7886755195531019,0.625,0.9537037037037036,0.008127806081203968,0.11460503782898612,0.7292254737646834,0.8438305115936695
7,cold_fed,3,23,0.7889118758282436,0.625,0.9537037037037036,0.008111774472384816,0.11343022799714275,0.7306993266587277,0.8441295546558705
7,cold_fed,4,23,0.788879068294314,0.6160714285714286,0.9537037037037036,0.008225656207253983,0.11239784160580868,0.7320307561122628,0.8444285977180714
7,cold_fed,5,23,0.7886375052723437,0.6071428571428572,0.9537037037037036,0.008349360815484997,0.11165264541062792,0.7327759523074435,0.8444285977180714
7,cold_fed,6,23,0.7892552690792194,0.6160714285714286,0.9537037037037036,0.008024847505463922,0.11150195222196002,0.7329266454961114,0.8444285977180714
7,cold_fed,7,23,0.7889232171603193,0.6071428571428571,0.9537037037037036,0.00815423789491528,0.11061074946838101,0.7332197621252885,0.8438305115936695
7,cold_fed,8,23,0.7897763850558492,0.6071428571428571,0.9537037037037036,0.008117488329128474,0.10994682630055796,0.7341827283553125,0.8441295546558705
7,cold_fed,9,23,0.7898592873775252,0.6071428571428571,0.9523809523809524,0.007955826647284977,0.10928524644786974,0.7348443082080007,0.8441295546558705
7,cold_fed,10,23,0.7900843735931248,0.6071428571428571,0.9523809523809524,0.007870229182002458,0.10818578321036032,0.7362428145077111,0.8444285977180714
7,cold_fed,11,23,0.7906163098076004,0.6071428571428571,0.9523809523809524,0.007896159900742071,0.10788439683302464,0.7365442008850468,0.8444285977180714
7,cold_fed,12,23,0.7916110810389737,0.6071428571428571,0.9510582010582008,0.00794745095389484,0.10994325458641929,0.7369209338567165,0.8468641884431358
7,cold_fed,13,23,0.791587635187212,0.6071428571428571,0.9484126984126984,0.007720573307430836,0.11005852546731809,0.7371047060380187,0.8471632315053368
7,cold_fed,14,23,0.7914687410541997,0.6071428571428571,0.9484126984126984,0.007657623246690909,0.10852599036188015,0.737397822667196,0.8459238130290762
7,cold_fed,15,23,0.7915404208131783,0.6071428571428571,0.9484126984126984,0.007662154150641038,0.10685683336233376,0.7393660227289434,0.8462228560912771
7,cold_fed,16,23,0.7916077742808725,0.5982142857142857,0.9484126984126984,0.0077604194819960925,0.1060670262503185,0.7404548729031595,0.846521899153478
7,cold_fed,17,23,0.7913357990542348,0.5982142857142857,0.9484126984126984,0.00787134607414376,0.10554315394185809,0.7412777882738208,0.8468209422156789
7,cold_fed,18,23,0.7907724312570054,0.5803571428571428,0.9484126984126984,0.008166566524285811,0.10298563683468909,0.7438353053809899,0.8468209422156789
7,cold_fed,19,23,0.7905309998278277,0.5714285714285714,0.9484126984126984,0.008373234908243607,0.10342170566115516,0.7436982796167247,0.8471199852778799
7,cold_fed,20,23,0.7912521356107022,0.5714285714285714,0.9484126984126984,0.0083855069203632,0.10320393562631192,0.743916049651568,0.8471199852778799
7,cold_fed,21,23,0.7910261515359338,0.5714285714285714,0.9484126984126984,0.008359280446931799,0.10341560422262974,0.7437043810552502,0.8471199852778799
7,cold_fed,22,23,0.7914249651056188,0.5625,0.9470899470899472,0.008537508211913456,0.100989665849896,0.7461303194279839,0.8471199852778799
7,cold_fed,23,23,0.7911791155280604,0.5625,0.9457671957671958,0.008426128224206995,0.10099097737406493,0.746129007903815,0.8471199852778799
7,cold_fed,24,23,0.7910626115616806,0.5625,0.9470899470899472,0.008444789691133082,0.10446299882854759,0.7426569864493323,0.8471199852778799
7,cold_fed,25,23,0.7912741686358086,0.5625,0.9457671957671958,0.008462691459038036,0.10489296621648836,0.7425260621235925,0.8474190283400809
7,cold_fed,26,23,0.7915247332185456,0.5714285714285714,0.9444444444444444,0.008248891550934527,0.10429488009208643,0.7425260621235925,0.8468209422156789
7,cold_fed,27,23,0.7924241119049233,0.5803571428571428,0.9444444444444444,0.00801854317175885,0.10429488009208643,0.7425260621235925,0.8468209422156789
7,cold_fed,28,23,0.7926205404556361,0.5803571428571428,0.9444444444444444,0.007973201940610146,0.10568994287167399,0.7420023648206336,0.8476923076923076
7,cold_fed,29,23,0.7926067142200526,0.5803571428571428,0.9431216931216932,0.007971878104969701,0.10555901854593419,0.7421332891463734,0.8476923076923076
7,cold_fed,30,23,0.7923578696310085,0.5803571428571428,0.9431216931216932,0.007915852305278468,0.10529716989445481,0.7423951377978528,0.8476923076923076
7,cold_fed,31,23,0.7918768718075944,0.5803571428571428,0.941798941798942,0.007959400367948124,0.10598706214882492,0.7417052455434827,0.8476923076923076
7,cold_fed,32,23,0.7922531117768021,0.5803571428571428,0.941798941798942,0.007767433621218484,0.10459320658012228,0.7421332891463734,0.8467264957264957
7,cold_fed,33,23,0.7924288459348768,0.5803571428571428,0.941798941798942,0.007870875755477165,0.10062472759308194,0.7461573236889693,0.8467820512820512
7,cold_fed,34,23,0.79262237891393,0.5803571428571428,0.9431216931216932,0.007864728260791152,0.10048202114341365,0.746383363471971,0.8468653846153846
7,cold_fed,35,23,0.7914915397873128,0.5803571428571428,0.941798941798942,0.007856241920063492,0.10451118655430369,0.7423264202833032,0.8468376068376069
7,cold_fed,36,23,0.7916942889716911,0.5892857142857142,0.9404761904761904,0.00768529862672085,0.1044993822545246,0.7424771134719711,0.8469764957264957
7,cold_fed,37,23,0.7913567917214085,0.5892857142857142,0.9404761904761904,0.007585056834504816,0.10421778691596728,0.7427031532549728,0.8469209401709401
7,cold_fed,38,23,0.7917432834290995,0.5982142857142857,0.9404761904761904,0.007391563930725123,0.10251682788905891,0.7430045396323086,0.8455213675213675
7,cold_fed,39,23,0.7930665491311283,0.5982142857142857,0.9404761904761904,0.007321032048162693,0.10215988595616765,0.7433059260096444,0.845465811965812
7,cold_fed,40,23,0.7936349287505119,0.5982142857142857,0.9404761904761904,0.007345070186364062,0.10335737903973663,0.743758005575648,0.8471153846153846
7,cold_fed,41,23,0.7936824237703636,0.5982142857142857,0.9404761904761904,0.0073516546010156635,0.102980646068067,0.7441347385473177,0.8471153846153847
7,cold_fed,42,23,0.7935827487106915,0.5982142857142857,0.9404761904761904,0.007361776783994994,0.10262370413517563,0.7444361249246534,0.847059829059829
7,cold_fed,43,23,0.7936377325240427,0.5982142857142857,0.9404761904761904,0.007361947512851106,0.10265148191295348,0.7444361249246534,0.8470876068376069
7,cold_fed,44,23,0.794395636382134,0.5982142857142857,0.9404761904761904,0.007321003399694014,0.10235808227461707,0.7448128578963231,0.8471709401709402
7,cold_fed,45,23,0.7940670547366283,0.5892857142857143,0.9391534391534392,0.007440361514814362,0.10222718012472753,0.7448882044906571,0.8471153846153846
7,cold_fed,46,23,0.7942228945254917,0.5892857142857143,0.9391534391534392,0.007445589639963115,0.10384098825752308,0.7448128578963231,0.8486538461538462
7,cold_fed,47,23,0.7941661172525959,0.5892857142857143,0.9391534391534392,0.0073620214042999866,0.10520379237915456,0.745038897679325,0.8502426900584795
7,cold_fed,48,23,0.7939837298816294,0.5892857142857143,0.9391534391534392,0.007335103098457543,0.10547076986831727,0.7448882044906571,0.8503589743589743
7,cold_fed,49,23,0.7941538610204735,0.5892857142857143,0.9391534391534392,0.007322729726634327,0.10507424585786929,0.7453402840566606,0.8504145299145299
7,cold_fed,50,23,0.7941638397712885,0.5892857142857143,0.9391534391534392,0.007318071650600241,0.10460237525308735,0.7458677102169982,0.8504700854700855
7,cold_fed,51,23,0.7936750100775456,0.5892857142857143,0.9391534391534392,0.007429602998711715,0.10420302136839033,0.746018403405666,0.8502214247740564
7,cold_fed,52,23,0.7937221095807336,0.5892857142857143,0.9391534391534392,0.007421942060635201,0.1035946051898542,0.7462444431886679,0.8498390483785221
7,cold_fed,53,23,0.793374658427014,0.5892857142857143,0.937830687830688,0.00739007014018935,0.1022628789547303,0.7466965227546715,0.8489594017094018
7,cold_fed,54,23,0.7927424049069253,0.5892857142857143,0.937830687830688,0.007438216085590266,0.10214795028283952,0.7469225625376733,0.8490705128205128
7,cold_fed,55,23,0.793083129450326,0.5892857142857143,0.937830687830688,0.0074084094579585265,0.0982972558383951,0.7508288125376733,0.8491260683760684
7,cold_fed,56,23,0.7931233934864629,0.5892857142857143,0.937830687830688,0.007404148536154721,0.09783718953339204,0.7512055455093429,0.849042735042735
7,cold_fed,57,23,0.7929899264543281,0.5892857142857143,0.937830687830688,0.007503294600434487,0.09381982842228098,0.7551117955093429,0.8489316239316239
7,cold_fed,58,23,0.793430085869427,0.5892857142857143,0.9365079365079364,0.007517372602344591,0.09404586820528271,0.7548857557263412,0.8489316239316239
7,cold_fed,59,23,0.7940055753565168,0.5892857142857142,0.9365079365079364,0.0073723352474046044,0.09368892627239145,0.7551871421036769,0.8488760683760683
7,cold_fed,60,23,0.7933071278920457,0.5803571428571428,0.9365079365079364,0.0074682881907831185,0.09353024634472429,0.7552624886980108,0.8487927350427351
7,cold_local,1,23,0.791760571709081,0.6160714285714285,0.947089947089947,0.008495020976577278,0.11908374039311131,0.73254489413026,0.8516286345233713
7,cold_local,2,23,0.7919560777646465,0.6160714285714285,0.947089947089947,0.008482607941459462,0.11886597035826807,0.7327626641651033,0.8516286345233713
7,cold_local,3,23,0.7914183608815243,0.607142857142857,0.9484126984126984,0.008606839909438283,0.11786063293486959,0.7319636792660874,0.849824312200957
7,cold_local,4,23,0.7919729815607053,0.607142857142857,0.9484126984126984,0.008647712452960072,0.12168919302540082,0.7323404122377571,0.854029605263158
7,cold_local,5,23,0.7924377923491565,0.5982142857142856,0.9484126984126984,0.00858433852032259,0.11983860715968686,0.7341909981034711,0.854029605263158
7,cold_local,6,23,0.792691600599087,0.5982142857142856,0.9484126984126984,0.008566082144991728,0.11962083712484373,0.7344087681383142,0.854029605263158
7,cold_local,7,23,0.7925436182071044,0.5982142857142856,0.9484126984126984,0.008718223723446604,0.11835648451748393,0.7356731207456739,0.8540296052631579
7,cold_local,8,23,0.7928477926042491,0.5892857142857142,0.9484126984126984,0.008947669725656622,0.11753828504310404,0.736192277157853,0.853730562200957
7,cold_local,9,23,0.792256575085273,0.5803571428571428,0.9497354497354498,0.009167125594581316,0.12051301182235952,0.7364183169408548,0.8569313287632143
7,cold_local,10,23,0.792784744425678,0.5803571428571428,0.9497354497354498,0.009208458214573471,0.11959233103599443,0.7375990532057219,0.8571913842417164
7,cold_local,11,23,0.7931169470430808,0.5803571428571428,0.951058201058201,0.009217393965365686,0.12016148196282095,0.7377580161425483,0.8579194981053693
7,cold_local,12,23,0.7940612778464654,0.5803571428571428,0.951058201058201,0.009140360262613225,0.11924185831254719,0.7387209823725724,0.8579628406851196
7,cold_local,13,23,0.7940003403250719,0.5803571428571428,0.9537037037037036,0.009308638670909137,0.11903849565987912,0.739097715344242,0.8581362110041211
7,cold_local,14,23,0.7928051201063748,0.5803571428571428,0.9523809523809524,0.009273269513662336,0.11723593900418494,0.7403455284552846,0.8575814674594695
7,cold_local,15,23,0.7929132407569214,0.5803571428571428,0.9523809523809524,0.009272040834592848,0.11732855059670955,0.7406386450844616,0.8579671956811712
7,cold_local,16,23,0.7924494952943987,0.5803571428571428,0.9523809523809524,0.009436755547089866,0.11699743711329491,0.7412331480909745,0.8582305852042694
7,cold_local,17,23,0.7928300644950866,0.5803571428571428,0.9523809523809524,0.00964237893899264,0.11692775172439662,0.7416852276569782,0.8586129793813748
7,cold_local,18,23,0.7927566108329495,0.5803571428571428,0.9523809523809524,0.00948746351671461,0.11742446196560108,0.7414042093630702,0.8588286713286712
7,cold_local,19,23,0.792226290411526,0.5803571428571428,0.951058201058201,0.009652634418658006,0.12442460850641801,0.7345351115129597,0.8589597200193777
7,cold_local,20,23,0.7924963261742001,0.5803571428571428,0.951058201058201,0.00943004130457802,0.12497935205106958,0.7345351115129597,0.8595144635640293
7,cold_local,21,23,0.7926991576196067,0.5803571428571428,0.951058201058201,0.009413089825246706,0.12370080326252753,0.7355146172393008,0.8592154205018283
7,cold_local,22,23,0.7925573343365288,0.5714285714285714,0.9497354497354498,0.009564186750378088,0.12442891712618054,0.7355146172393008,0.8599435343654813
7,cold_local,23,23,0.7923615794821801,0.5714285714285714,0.9497354497354498,0.009568673775120327,0.12381714912147701,0.7357406570223026,0.8595578061437796
7,cold_local,24,23,0.7921465227558985,0.5625,0.9497354497354498,0.009739049872114457,0.11999321437305344,0.7394389190275266,0.85943213340058
7,cold_local,25,23,0.7918065557678144,0.5625,0.9484126984126984,0.009611326194585832,0.11896371413206475,0.7397403054048624,0.8587040195369271
7,cold_local,26,23,0.7915599337477073,0.5625,0.9484126984126984,0.009646095082296045,0.12298532285064379,0.7363167828106852,0.859302105661329
7,cold_local,27,23,0.7919869603877696,0.5714285714285714,0.9470899470899472,0.009267325781536244,0.1220329696839132,0.7369700929152149,0.8590030625991281
7,cold_local,28,23,0.7916371795211383,0.5714285714285714,0.9457671957671958,0.009152476416925119,0.12233742487825705,0.7367523228803716,0.8590897477586287
7,cold_local,29,23,0.7919989950164773,0.5714285714285714,0.9457671957671958,0.009123885284649915,0.12490710578173347,0.7334978706929927,0.8584049764747261
7,cold_local,30,23,0.791871638339703,0.5714285714285714,0.9457671957671958,0.009115119053048152,0.125766304520729,0.7332801006581494,0.8590464051788784
7,cold_local,31,23,0.7920760417254501,0.5803571428571428,0.9444444444444444,0.00883395589202071,0.1255051919061354,0.7334978706929927,0.8590030625991281
7,cold_local,32,23,0.7911718379829885,0.5803571428571428,0.9444444444444444,0.008741674178956185,0.12499379094123408,0.7334978706929927,0.8584916616342267
7,cold_local,33,23,0.7918037625985406,0.5803571428571428,0.9457671957671958,0.008719733402484615,0.12477602090639095,0.7337156407278358,0.8584916616342267
7,cold_local,34,23,0.7924546467742088,0.5803571428571428,0.9444444444444444,0.008778174181045269,0.12511840654834228,0.7337156407278358,0.8588340472761781
7,cold_local,35,23,0.7927077454536218,0.5803571428571428,0.9431216931216932,0.008734548589205667,0.1251444555955723,0.7345867208672087,0.859731176462781
7,cold_local,36,23,0.7920043478100502,0.5803571428571428,0.9431216931216932,0.008821378865811254,0.12458324278268629,0.735022260936895,0.8596055037195813
7,cold_local,37,23,0.7919263363940172,0.5892857142857143,0.9431216931216932,0.008756839454789556,0.12458324278268629,0.735022260936895,0.8596055037195813
7,cold_local,38,23,0.7918854343921486,0.5982142857142857,0.9431216931216932,0.008534963477581186,0.12493209769287195,0.7345867208672087,0.8595188185600806
7,cold_local,39,23,0.7912318585241053,0.5982142857142857,0.9431216931216932,0.008526619717111985,0.1283165776195021,0.7313322686798296,0.8596488462993317
7,cold_local,40,23,0.7913712219161656,0.5982142857142857,0.941798941798942,0.008524565071262464,0.12788103185948985,0.7315500387146728,0.8594310705741627
7,cold_local,41,23,0.7914521610496684,0.6071428571428571,0.941798941798942,0.008325852127285515,0.12427382492169081,0.7315500387146728,0.8558238636363636
7,cold_local,42,23,0.7910746890991769,0.6071428571428571,0.9404761904761904,0.008319491296172273,0.12383828485200443,0.7319855787843592,0.8558238636363636
7,cold_local,43,23,0.7909624831297535,0.6071428571428571,0.9391534391534392,0.008316276529481033,0.12400083090671987,0.7324211188540456,0.8564219497607655
7,cold_local,44,23,0.7913023955417672,0.6071428571428571,0.9391534391534392,0.008327369946879028,0.12446242002363639,0.732856658923732,0.8573190789473684
7,cold_local,45,23,0.7908171617819677,0.6071428571428571,0.9391534391534392,0.008403675589090718,0.12763559918365752,0.7293844367015099,0.8570200358851674
7,cold_local,46,23,0.7906050709653584,0.6071428571428571,0.937830687830688,0.008403168825583753,0.1274178291488144,0.729602206736353,0.8570200358851674
7,cold_local,47,23,0.7908579488070238,0.6071428571428571,0.937830687830688,0.008483436913371814,0.1269822890791279,0.7300377468060395,0.8570200358851674
7,cold_local,48,23,0.7897747417988188,0.6071428571428571,0.937830687830688,0.008458908811739337,0.12632897897459827,0.7306910569105691,0.8570200358851674
7,cold_local,49,23,0.7901185165558813,0.6160714285714286,0.937830687830688,0.008314289290042189,0.12632389202161542,0.730696143863552,0.8570200358851674
7,cold_local,50,23,0.79001725357252,0.6160714285714286,0.937830687830688,0.008306533456879416,0.12542676283501253,0.730696143863552,0.8561229066985645
7,cold_local,51,23,0.7903275986338612,0.6160714285714286,0.9365079365079364,0.00836647837908718,0.1257258058972135,0.730696143863552,0.8564219497607655
7,cold_local,52,23,0.7895981741563,0.6160714285714286,0.9365079365079364,0.00829532816922045,0.12628197942335362,0.7301399703374118,0.8564219497607655
7,cold_local,53,23,0.7895704163027163,0.6160714285714286,0.9365079365079364,0.008285405061821044,0.12683815294949374,0.7295837968112717,0.8564219497607655
7,cold_local,54,23,0.7889763020081016,0.6160714285714286,0.9351851851851852,0.008208944048730463,0.12683815294949374,0.7295837968112717,0.8564219497607655
7,cold_local,55,23,0.7889754521524374,0.6160714285714286,0.9351851851851852,0.008217524025628491,0.1279924126000358,0.7290276232851316,0.8570200358851674
7,cold_local,56,23,0.7886320438289272,0.6160714285714286,0.9351851851851852,0.008048577841461013,0.12061394037781348,0.7324998455073539,0.8531137858851674
7,cold_local,57,23,0.7884842549984754,0.6160714285714286,0.9351851851851852,0.00779568378921878,0.11726386390395371,0.7319436719812137,0.8492075358851674
7,cold_local,58,23,0.7874383544270455,0.6160714285714286,0.9351851851851852,0.007912128414270983,0.12073608612617592,0.7284714497589915,0.8492075358851674
7,cold_local,59,23,0.786594516552967,0.6160714285714286,0.9351851851851852,0.007896642253186321,0.12476448187453837,0.724443054010629,0.8492075358851674
7,cold_local,60,23,0.7864249002354893,0.6160714285714286,0.9351851851851852,0.007892743439206755,0.1253206554006785,0.7238868804844889,0.8492075358851674
7,warm_fed,31,23,0.7918768718075944,0.5803571428571428,0.941798941798942,0.007959400367948124,0.10598706214882492,0.7417052455434827,0.8476923076923076
7,warm_fed,32,23,0.7922531117768021,0.5803571428571428,0.941798941798942,0.007767433621218484,0.10459320658012228,0.7421332891463734,0.8467264957264957
7,warm_fed,33,23,0.7924288459348768,0.5803571428571428,0.941798941798942,0.007870875755477165,0.10062472759308194,0.7461573236889693,0.8467820512820512
7,warm_fed,34,23,0.79262237891393,0.5803571428571428,0.9431216931216932,0.007864728260791152,0.10048202114341365,0.746383363471971,0.8468653846153846
7,warm_fed,35,23,0.7914915397873128,0.5803571428571428,0.941798941798942,0.007856241920063492,0.10451118655430369,0.7423264202833032,0.8468376068376069
7,warm_fed,36,23,0.7916942889716911,0.5892857142857142,0.9404761904761904,0.00768529862672085,0.1044993822545246,0.7424771134719711,0.8469764957264957
7,warm_fed,37,23,0.7913567917214085,0.5892857142857142,0.9404761904761904,0.007585056834504816,0.10421778691596728,0.7427031532549728,0.8469209401709401
7,warm_fed,38,23,0.7917432834290995,0.5982142857142857,0.9404761904761904,0.007391563930725123,0.10251682788905891,0.7430045396323086,0.8455213675213675
7,warm_fed,39,23,0.7930665491311283,0.5982142857142857,0.9404761904761904,0.007321032048162693,0.10215988595616765,0.7433059260096444,0.845465811965812
7,warm_fed,40,23,0.7936349287505119,0.5982142857142857,0.9404761904761904,0.007345070186364062,0.10335737903973663,0.743758005575648,0.8471153846153846
7,warm_fed,41,23,0.7936824237703636,0.5982142857142857,0.9404761904761904,0.0073516546010156635,0.102980646068067,0.7441347385473177,0.8471153846153847
7,warm_fed,42,23,0.7935827487106915,0.5982142857142857,0.9404761904761904,0.007361776783994994,0.10262370413517563,0.7444361249246534,0.847059829059829
7,warm_fed,43,23,0.7936377325240427,0.5982142857142857,0.9404761904761904,0.007361947512851106,0.10265148191295348,0.7444361249246534,0.8470876068376069
7,warm_fed,44,23,0.794395636382134,0.5982142857142857,0.9404761904761904,0.007321003399694014,0.10235808227461707,0.7448128578963231,0.8471709401709402
7,warm_fed,45,23,0.7940670547366283,0.5892857142857143,0.9391534391534392,0.007440361514814362,0.10222718012472753,0.7448882044906571,0.8471153846153846
7,warm_fed,46,23,0.7942228945254917,0.5892857142857143,0.9391534391534392,0.007445589639963115,0.10384098825752308,0.7448128578963231,0.8486538461538462
7,warm_fed,47,23,0.7941661172525959,0.5892857142857143,0.9391534391534392,0.0073620214042999866,0.10520379237915456,0.745038897679325,0.8502426900584795
7,warm_fed,48,23,0.7939837298816294,0.5892857142857143,0.9391534391534392,0.007335103098457543,0.10547076986831727,0.7448882044906571,0.8503589743589743
7,warm_fed,49,23,0.7941538610204735,0.5892857142857143,0.9391534391534392,0.007322729726634327,0.10507424585786929,0.7453402840566606,0.8504145299145299
7,warm_fed,50,23,0.7941638397712885,0.5892857142857143,0.9391534391534392,0.007318071650600241,0.10460237525308735,0.7458677102169982,0.8504700854700855
7,warm_fed,51,23,0.7936750100775456,0.5892857142857143,0.9391534391534392,0.007429602998711715,0.10420302136839033,0.746018403405666,0.8502214247740564
7,warm_fed,52,23,0.7937221095807336,0.5892857142857143,0.9391534391534392,0.007421942060635201,0.1035946051898542,0.7462444431886679,0.8498390483785221
7,warm_fed,53,23,0.793374658427014,0.5892857142857143,0.937830687830688,0.00739007014018935,0.1022628789547303,0.7466965227546715,0.8489594017094018
7,warm_fed,54,23,0.7927424049069253,0.5892857142857143,0.937830687830688,0.007438216085590266,0.10214795028283952,0.7469225625376733,0.8490705128205128
7,warm_fed,55,23,0.793083129450326,0.5892857142857143,0.937830687830688,0.0074084094579585265,0.0982972558383951,0.7508288125376733,0.8491260683760684
7,warm_fed,56,23,0.7931233934864629,0.5892857142857143,0.937830687830688,0.007404148536154721,0.09783718953339204,0.7512055455093429,0.849042735042735
7,warm_fed,57,23,0.7929899264543281,0.5892857142857143,0.937830687830688,0.007503294600434487,0.09381982842228098,0.7551117955093429,0.8489316239316239
7,warm_fed,58,23,0.793430085869427,0.5892857142857143,0.9365079365079364,0.007517372602344591,0.09404586820528271,0.7548857557263412,0.8489316239316239
7,warm_fed,59,23,0.7940055753565168,0.5892857142857142,0.9365079365079364,0.0073723352474046044,0.09368892627239145,0.7551871421036769,0.8488760683760683
7,warm_fed,60,23,0.7933071278920457,0.5803571428571428,0.9365079365079364,0.0074682881907831185,0.09353024634472429,0.7552624886980108,0.8487927350427351
7,warm_local,31,23,0.79230267319593,0.5803571428571428,0.9444444444444444,0.008019918293326968,0.10086722259149594,0.7468250851008117,0.8476923076923076
7,warm_local,32,23,0.7919636338676544,0.5714285714285714,0.9457671957671958,0.008323100589551493,0.10259857426766306,0.7434890325699438,0.8460876068376069
7,warm_local,33,23,0.7934193611126399,0.5803571428571428,0.9470899470899472,0.008178599374094086,0.1023277275357879,0.7436209904129301,0.845948717948718
7,warm_local,34,23,0.795243043876951,0.5982142857142856,0.9470899470899472,0.007661918922746678,0.10111794632067428,0.7446918827391548,0.845809829059829
7,warm_local,35,23,0.7962355602918036,0.625,0.9470899470899472,0.007300321480822453,0.1003682535864141,0.7453304643623038,0.8456987179487179
7,warm_local,36,23,0.7973326471324296,0.6339285714285714,0.9444444444444444,0.006998077732491906,0.10020955030934187,0.7461555480425985,0.8463650983519404
7,warm_local,37,23,0.7971966004126351,0.6339285714285714,0.9444444444444444,0.007204645302971912,0.10017292934106337,0.7462864723683382,0.8464594017094016
7,warm_local,38,23,0.7973311711526543,0.625,0.9444444444444444,0.007429679615692053,0.10514096648809845,0.7467941296657477,0.8519350961538461
7,warm_local,39,23,0.798892850118254,0.6339285714285714,0.9457671957671958,0.007270062388305068,0.10706939275851046,0.7473573646945628,0.8544267574530733
7,warm_local,40,23,0.7985048767707541,0.625,0.9457671957671958,0.007389147211878952,0.10706939275851046,0.7473573646945628,0.8544267574530733
7,warm_local,41,23,0.7989239329240023,0.625,0.9457671957671958,0.00728351413613124,0.1065846561291468,0.7481411443861274,0.8547258005152742
7,warm_local,42,23,0.7981365377751637,0.6160714285714286,0.9457671957671958,0.007403274004230639,0.10774872801107338,0.7482164909804614,0.8559652189915348
7,warm_local,43,23,0.7981652844938844,0.6071428571428572,0.9444444444444444,0.007541782263084898,0.10776869471991413,0.7493466898954704,0.8571153846153845
7,warm_local,44,23,0.7979151192393658,0.5982142857142857,0.9444444444444444,0.007722140684987596,0.10695642167855801,0.7501589629368265,0.8571153846153845
7,warm_local,45,23,0.7965915132536125,0.5982142857142857,0.9444444444444444,0.007443596312229922,0.10634911819898263,0.750812273041356,0.8571613912403386
7,warm_local,46,23,0.796279349704221,0.5982142857142857,0.9431216931216932,0.007439138747757759,0.10589938194811377,0.7509629662300239,0.8568623481781377
7,warm_local,47,23,0.7959279711339926,0.5982142857142857,0.941798941798942,0.0073461204961081114,0.10470679281719897,0.7515574692365368,0.8562642620537357
7,warm_local,48,23,0.7959488481769433,0.5892857142857143,0.941798941798942,0.007635013593533833,0.10455609962853107,0.7517081624252047,0.8562642620537357
7,warm_local,49,23,0.7953221596906043,0.5892857142857143,0.9404761904761904,0.00754303405781214,0.1047216400687172,0.7518416650472195,0.8565633051159367
7,warm_local,50,23,0.7954197605271593,0.5892857142857143,0.9391534391534392,0.007837763553594767,0.10905127089874078,0.7511870434185208,0.8602383143172616
7,warm_local,51,23,0.7944540533508829,0.5892857142857143,0.9391534391534392,0.007748635044476578,0.10613927000109835,0.7510221212392403,0.8571613912403386
7,warm_local,52,23,0.7951496883435875,0.5892857142857143,0.9391534391534392,0.007932695173656155,0.10906160541569965,0.7513951253535311,0.8604567307692308
7,warm_local,53,23,0.794880906566258,0.5892857142857143,0.9391534391534392,0.007981059551777487,0.1090060276842938,0.751450703084937,0.8604567307692308
7,warm_local,54,23,0.7949821155992999,0.5892857142857143,0.9391534391534392,0.007944030907785206,0.10904183655277144,0.7514148942164594,0.8604567307692308
7,warm_local,55,23,0.7945591177693949,0.5892857142857143,0.937830687830688,0.007937386839043435,0.10705502430568503,0.7518632449250843,0.8589182692307693
7,warm_local,56,23,0.7945090723093842,0.5982142857142857,0.937830687830688,0.007728508748934859,0.10690160124117387,0.7520166679895954,0.8589182692307693
7,warm_local,57,23,0.7937520188724819,0.5892857142857142,0.9365079365079364,0.007706514812226579,0.10413612042940468,0.7520848953968744,0.8562210158262791
7,warm_local,58,23,0.7933446349295096,0.5892857142857142,0.9351851851851852,0.007853836618292476,0.10543120871426392,0.751088850174216,0.8565200588884799
7,warm_local,59,23,0.7932854783598365,0.5892857142857142,0.9351851851851852,0.007858564135572843,0.10464108066040123,0.7512808921036769,0.8559219727640781
7,warm_local,60,23,0.79293259761841,0.5892857142857142,0.9365079365079364,0.007989656333200226,0.10438361193663637,0.7515383608274417,0.8559219727640781
11,cold_fed,1,23,0.755762783877406,0.5416666666666666,0.924705882352941,0.00715238975542579,0.08617488986424837,0.7191306089743589,0.8053054988386072
11,cold_fed,2,23,0.7560876911718895,0.5416666666666666,0.9239215686274508,0.007160691863308802,0.0858455820201971,0.7196514423076923,0.8054970243278894
11,cold_fed,3,23,0.7565893906953075,0.5416666666666666,0.924705882352941,0.007149087857201316,0.0860208619069116,0.7196886446886446,0.8057095065955562
11,cold_fed,4,23,0.756124986468893,0.5416666666666666,0.9262745098039216,0.007236545258923774,0.09343642428570931,0.7125457875457875,0.8059822118314968
11,cold_fed,5,23,0.7562978040646735,0.5416666666666666,0.9262745098039216,0.007179956917098357,0.09977673572903711,0.7061355311355311,0.8059122668645682
11,cold_fed,6,23,0.7566325723008956,0.5416666666666666,0.9254901960784312,0.007175851735671431,0.09998883980143525,0.7061355311355311,0.8061243709369663
11,cold_fed,7,23,0.7574002669178082,0.5416666666666666,0.9254901960784312,0.007041624662788451,0.0962607706838855,0.7093406593406593,0.8056014300245448
11,cold_fed,8,23,0.7577445446762308,0.5416666666666666,0.9254901960784312,0.0069800829783992525,0.09954707863567203,0.7061355311355311,0.8056826097712031
11,cold_fed,9,23,0.758702371934429,0.5416666666666666,0.9262745098039216,0.006904914936016148,0.1008436566125096,0.7047619047619048,0.8056055613744144
11,cold_fed,10,23,0.7585502400058538,0.5416666666666666,0.9262745098039216,0.006951837017727696,0.10156361863666219,0.7041005291005291,0.8056641477371913
11,cold_fed,11,23,0.759139053401582,0.5416666666666666,0.9270588235294116,0.006937608924440455,0.10014444375605269,0.7060846560846561,0.8062290998407088
11,cold_fed,12,23,0.7600614644886067,0.5416666666666666,0.927843137254902,0.006940498331915512,0.09879060927089689,0.7074074074074075,0.8061980166783044
11,cold_fed,13,23,0.7607034786883378,0.5416666666666666,0.928627450980392,0.006852233536262135,0.09601823471926085,0.7096560846560847,0.8056743193753455
11,cold_fed,14,23,0.7618404229434654,0.5486111111111112,0.928627450980392,0.006831775554634934,0.09554636974640163,0.7103174603174603,0.805863830063862
11,cold_fed,15,23,0.7620082337112777,0.5486111111111112,0.9294117647058824,0.006850009876490102,0.09242272055293699,0.7138888888888889,0.8063116094418259
11,cold_fed,16,23,0.7626638974893724,0.5555555555555556,0.928627450980392,0.0066590794917842444,0.09200244437534555,0.7138888888888888,0.8058913332642343
11,cold_fed,17,23,0.7632394994307014,0.5555555555555556,0.9294117647058824,0.006610814264455397,0.09214712030127148,0.7138888888888888,0.8060360091901603
11,cold_fed,18,23,0.7641808769173489,0.5555555555555556,0.9301960784313724,0.006456346337153029,0.0917302617291571,0.7145502645502646,0.8062805262794217
11,cold_fed,19,23,0.7650858089272634,0.5555555555555556,0.9301960784313724,0.006285571901004538,0.08887116280024276,0.7178571428571427,0.8067283056573855
11,cold_fed,20,23,0.7651906755505016,0.5555555555555556,0.9325490196078432,0.00629938970539937,0.08476856690077184,0.7223214285714286,0.8070899954722004
11,cold_fed,21,23,0.7656504581612975,0.5555555555555556,0.9317647058823528,0.006325246888593996,0.08452046984947859,0.7223214285714286,0.8068418984209071
11,cold_fed,22,23,0.7661917729836969,0.5555555555555556,0.9317647058823528,0.0063208381328710575,0.08441704872411138,0.7223214285714286,0.8067384772955399
11,cold_fed,23,23,0.7654869611352947,0.5555555555555556,0.9309803921568628,0.006433635218809432,0.08964954883061726,0.7178571428571429,0.8075066916877601
11,cold_fed,24,23,0.765787814996354,0.5555555555555556,0.9317647058823528,0.006401177178550686,0.08927052745358421,0.7178571428571429,0.8071276703107271
11,cold_fed,25,23,0.7659613109552919,0.5555555555555556,0.9317647058823528,0.006332460517099361,0.08935661701673336,0.7178571428571429,0.8072137598738762
11,cold_fed,26,23,0.7661633079687082,0.5555555555555556,0.9301960784313724,0.006244041771609935,0.08569551892012373,0.7214285714285714,0.8071240903486951
11,cold_fed,27,23,0.7662128109382951,0.5486111111111112,0.9301960784313724,0.006351133089362118,0.08310987226565592,0.7235491071428571,0.806658979408513
11,cold_fed,28,23,0.7673368216268236,0.5486111111111112,0.9294117647058824,0.006242943552635097,0.0780936700556325,0.7285342261904761,0.8066278962461086
11,cold_fed,29,23,0.7671436068969185,0.5486111111111112,0.9294117647058824,0.006266693528717456,0.07804883529304196,0.7285342261904761,0.8065830614835181
11,cold_fed,30,23,0.767133322842233,0.5486111111111112,0.9309803921568628,0.00628693104463438,0.07800256854563858,0.7282738095238095,0.8062763780694481
11,cold_fed,31,23,0.7678195080927965,0.5555555555555556,0.9309803921568628,0.006103722504241565,0.07371046195765119,0.7327380952380953,0.8064485571957465
11,cold_fed,32,23,0.7685010574556803,0.5555555555555556,0.9317647058823528,0.006058485920705957,0.06911381993281296,0.7369419642857142,0.8060557842185272
11,cold_fed,33,23,0.7690401518323252,0.5555555555555556,0.9317647058823528,0.00606420962444382,0.0685068970363304,0.7374627976190476,0.805969694655378
11,cold_fed,34,23,0.7690982310123292,0.5555555555555556,0.9317647058823528,0.0060792688065238595,0.06853440023670287,0.7374627976190476,0.8059971978557505
11,cold_fed,35,23,0.768968261266127,0.5555555555555556,0.9325490196078432,0.006123199064891247,0.06840204392615024,0.737202380952381,0.8056044248785312
11,cold_fed,36,23,0.769092478974266,0.548611111111111,0.9325490196078432,0.006228924351438427,0.06857565503726148,0.7374627976190476,0.8060384526563091
11,cold_fed,37,23,0.7686915625102039,0.548611111111111,0.9317647058823528,0.006271015533353597,0.06938440823763381,0.7366815476190476,0.8060659558566814
11,cold_fed,38,23,0.7687974183535451,0.548611111111111,0.9317647058823528,0.0062767133239813,0.06860172625282102,0.737202380952381,0.805804107205202
11,cold_fed,39,23,0.7687461000495971,0.548611111111111,0.9317647058823528,0.006278965192087775,0.0683984639641183,0.737202380952381,0.8056008449164993
11,cold_fed,40,23,0.7688290825419798,0.548611111111111,0.9309803921568628,0.006266661955765292,0.06789138223097135,0.7377232142857143,0.8056145965166857
11,cold_fed,41,23,0.7694775265550454,0.548611111111111,0.9309803921568628,0.00625238210082782,0.0680208745718981,0.7374627976190476,0.8054836721909457
11,cold_fed,42,23,0.7695112355676608,0.548611111111111,0.9301960784313724,0.00614271945860373,0.0679608562243087,0.737202380952381,0.8051632371766897
11,cold_fed,43,23,0.7696530140144534,0.548611111111111,0.931764705882353,0.006166747817459712,0.06800354300968003,0.7374627976190476,0.8054663406287277
11,cold_fed,44,23,0.76967765489512,0.548611111111111,0.931764705882353,0.006168448792247815,0.06853955992801242,0.737202380952381,0.8057419408803934
11,cold_fed,45,23,0.7697621408478187,0.5416666666666666,0.9309803921568628,0.0062325235571051825,0.06861189789097522,0.737202380952381,0.8058142788433562
11,cold_fed,46,23,0.7698665822098344,0.5416666666666666,0.9309803921568628,0.006227135540385371,0.06810195218820259,0.737202380952381,0.8053043331405836
11,cold_fed,47,23,0.77053833396241,0.5486111111111112,0.9309803921568628,0.005992112154855051,0.0684195232328334,0.7366815476190476,0.805101070851881
11,cold_fed,48,23,0.7715533560828723,0.5555555555555556,0.9317647058823528,0.005823131416210822,0.062435456909819775,0.7435897435897436,0.8060252004995634
11,cold_fed,49,23,0.7714705769457896,0.5555555555555556,0.9301960784313724,0.0058164892782834685,0.06256548464907086,0.7435897435897436,0.8061552282388145
11,cold_fed,50,23,0.7715692600279939,0.5555555555555556,0.9301960784313724,0.005873956527537199,0.0628255401275728,0.7435897435897436,0.8064152837173164
11,cold_fed,51,23,0.7715420010220934,0.5555555555555556,0.9301960784313724,0.005881281462608801,0.06308589659621211,0.7435897435897436,0.8066756401859557
11,cold_fed,52,23,0.7712086909854662,0.5555555555555556,0.9301960784313724,0.0059688957421331216,0.06336060026138901,0.7435897435897436,0.8069503438511326
11,cold_fed,53,23,0.7718995194217221,0.5555555555555556,0.9301960784313724,0.005891669704822056,0.06370764188952904,0.7435897435897436,0.8072973854792727
11,cold_fed,54,23,0.7721055587162649,0.5555555555555556,0.9309803921568628,0.005933952178275692,0.06057485164736376,0.7467948717948718,0.8073697234422356
11,cold_fed,55,23,0.7718554157989037,0.5555555555555556,0.9309803921568628,0.00603064249463219,0.06061819422711412,0.7467948717948718,0.8074130660219859
11,cold_fed,56,23,0.7727418586435597,0.5555555555555556,0.9309803921568628,0.005965827021744718,0.06066153680686437,0.7467948717948718,0.8074564086017362
11,cold_fed,57,23,0.7727832207157961,0.5555555555555556,0.9309803921568628,0.006016011931087054,0.06087855069575343,0.7467948717948718,0.8076734224906252
11,cold_fed,58,23,0.7731726171446356,0.5625,0.9309803921568628,0.00592271945727934,0.057673422490625126,0.75,0.8076734224906251
11,cold_fed,59,23,0.7732159113429834,0.5625,0.9309803921568628,0.0059194256013063275,0.057745459463451,0.75,0.807745459463451
11,cold_fed,60,23,0.7734084451701205,0.5625,0.9309803921568628,0.005825272119940637,0.057745459463451,0.75,0.807745459463451
11,cold_local,1,23,0.7572049292018523,0.5486111111111112,0.9231372549019607,0.005437628120049065,0.06460444404610244,0.7248883928571428,0.7894928369032452
11,cold_local,2,23,0.7575004338628754,0.5555555555555556,0.9239215686274508,0.005323064949583328,0.06526723249979605,0.7248883928571428,0.7901556253569388
11,cold_local,3,23,0.7588448265397474,0.5555555555555556,0.9254901960784314,0.005326897527848941,0.06564976508714016,0.7248883928571428,0.790538157944283
11,cold_local,4,23,0.759489666319564,0.5555555555555556,0.927843137254902,0.005343934267238698,0.06429845556594549,0.7261904761904762,0.7904889317564217
11,cold_local,5,23,0.7594595622426633,0.5555555555555556,0.927843137254902,0.005345047343646692,0.0648505030746429,0.7259300595238095,0.7907805625984524
11,cold_local,6,23,0.7596647355125177,0.5555555555555556,0.928627450980392,0.005451447233295029,0.06476600629049234,0.7261904761904762,0.7909564824809685
11,cold_local,7,23,0.7594582276709615,0.5555555555555556,0.9301960784313724,0.005531128648693392,0.06481447904964832,0.7264508928571428,0.7912653719067911
11,cold_local,8,23,0.7604946109115474,0.5486111111111112,0.9301960784313724,0.005672503152620898,0.051873581069843855,0.73984375,0.7917173310698439
11,cold_local,9,23,0.7608841244479975,0.5486111111111112,0.9317647058823528,0.0057423635132792744,0.0516684343640369,0.740625,0.7922934343640369
11,cold_local,10,23,0.7610490971100891,0.5486111111111112,0.9317647058823528,0.0058125267159313794,0.051275600559491874,0.74140625,0.7926818505594919
11,cold_local,11,23,0.760782998484936,0.5486111111111112,0.9317647058823528,0.005789679495243899,0.05577404225319704,0.737202380952381,0.792976423205578
11,cold_local,12,23,0.7609660750216927,0.5486111111111112,0.9309803921568628,0.005773817754811422,0.05571857126906021,0.7374627976190476,0.7931813688881079
11,cold_local,13,23,0.7621444246487689,0.5486111111111112,0.9317647058823528,0.005769103716126358,0.051288441534194096,0.7421875,0.7934759415341941
11,cold_local,14,23,0.7615867563429353,0.5486111111111112,0.9317647058823528,0.00602115880492999,0.052412985358445185,0.7415178571428571,0.7939308425013023
11,cold_local,15,23,0.7627155401839883,0.5555555555555556,0.9325490196078432,0.00619012486142887,0.05182160266085534,0.7423735119047619,0.7941951145656172
11,cold_local,16,23,0.7641025519304904,0.5555555555555556,0.9341176470588236,0.006142500015902191,0.0537461619263091,0.7426339285714285,0.7963800904977376
11,cold_local,17,23,0.7641037723907848,0.5486111111111112,0.9349019607843136,0.0063349555493194066,0.054364181025285396,0.7422991071428572,0.7966632881681426
11,cold_local,18,23,0.764567012620101,0.5486111111111112,0.9349019607843136,0.006396931937306954,0.05359521142288137,0.7431547619047619,0.7967499733276433
11,cold_local,19,23,0.7649474598318831,0.5486111111111112,0.935686274509804,0.006388548699196361,0.05484131059070385,0.7420386904761905,0.7968800010668944
11,cold_local,20,23,0.765402939262197,0.5416666666666666,0.936470588235294,0.006514235235884249,0.054146745750204506,0.7428199404761905,0.796966686226395
11,cold_local,21,23,0.7645826071844716,0.5416666666666666,0.936470588235294,0.006487790249363523,0.05237296701727745,0.7430803571428571,0.7954533241601346
11,cold_local,22,23,0.7651196147552186,0.5416666666666666,0.9372549019607844,0.006542960978369788,0.05295734331820856,0.7425595238095238,0.7955168671277324
11,cold_local,23,23,0.7665335684398459,0.5416666666666666,0.9372549019607844,0.006512882876417494,0.053743210316239964,0.7419642857142857,0.7957074960305257
11,cold_local,24,23,0.7669338352597154,0.5416666666666666,0.9364705882352942,0.006442273306831805,0.05627733262834622,0.7395833333333334,0.7958606659616796
11,cold_local,25,23,0.7669266040321148,0.5416666666666666,0.9364705882352942,0.0063244266308217535,0.05686871532593618,0.7387276785714286,0.7955963938973648
11,cold_local,26,23,0.7666009885071495,0.5416666666666666,0.9372549019607844,0.0063220875933419265,0.05634752080443828,0.7395089285714286,0.7958564493758669
11,cold_local,27,23,0.7657514062381767,0.5416666666666666,0.9372549019607844,0.006507230919322545,0.05569553694330598,0.7403645833333334,0.7960601202766394
11,cold_local,28,23,0.7651037471786202,0.5416666666666666,0.9380392156862744,0.006525138592492915,0.058078669527930615,0.7380580357142857,0.7961367052422164
11,cold_local,29,23,0.7654854603805047,0.5416666666666666,0.9380392156862744,0.006548435115213868,0.058101050119450326,0.7381324404761904,0.7962334905956407
11,cold_local,30,23,0.7659307709484571,0.5486111111111112,0.9388235294117648,0.0064223784544064355,0.05747078984693199,0.7388392857142858,0.7963100755612178
11,cold_local,31,23,0.7659009904254086,0.5486111111111112,0.9388235294117648,0.006571192518239465,0.05751195222301009,0.738764880952381,0.7962768331753911
11,cold_local,32,23,0.7650763852829993,0.5486111111111112,0.9380392156862744,0.006730286705086944,0.05856103387023226,0.7377604166666667,0.796321450536899
11,cold_local,33,23,0.7648377639580105,0.5486111111111112,0.9380392156862746,0.006755461030379434,0.06046449549760158,0.7359002976190476,0.7963647931166492
11,cold_local,34,23,0.7646812619618011,0.5486111111111112,0.9380392156862746,0.0067474856774135126,0.06166304367153885,0.7349702380952381,0.796633281766777
11,cold_local,35,23,0.7637633518027909,0.5486111111111112,0.9380392156862746,0.006888575228469335,0.06417417578495166,0.7329241071428572,0.7970982829278088
11,cold_local,36,23,0.7639571581258108,0.5486111111111112,0.9380392156862744,0.007022963984795452,0.06491797498499019,0.7323288690476191,0.7972468440326093
11,cold_local,37,23,0.7640997432818238,0.5555555555555556,0.9380392156862744,0.007076034696397015,0.06561345341908242,0.7318080357142857,0.7974214891333681
11,cold_local,38,23,0.762695096207552,0.5535714285714286,0.9380392156862744,0.007379512079121916,0.0652230090131648,0.7320684523809523,0.7972914613941171
11,cold_local,39,23,0.7636339972505641,0.5535714285714286,0.9380392156862744,0.00743245933641963,0.06700526907990534,0.7323288690476191,0.7993341381275244
11,cold_local,40,23,0.7638019564936548,0.5535714285714286,0.9380392156862744,0.007412389170464054,0.0670034759069279,0.7323288690476191,0.799332344954547
11,cold_local,41,23,0.7635612881563416,0.5535714285714286,0.9380392156862744,0.007364792389967022,0.06310421223194274,0.7353794642857143,0.7984836765176571
11,cold_local,42,23,0.7632975393304022,0.5486111111111112,0.9380392156862744,0.007480328714648102,0.059359052153348246,0.7392113095238095,0.7985703616771578
11,cold_local,43,23,0.7627866033370749,0.5416666666666667,0.9388235294117646,0.007625050111601874,0.059185320646182316,0.7394717261904762,0.7986570468366585
11,cold_local,44,23,0.7634574258303654,0.5416666666666667,0.9388235294117646,0.007431918324354889,0.05875643651321194,0.7397321428571428,0.7984885793703548
11,cold_local,45,23,0.7630815864798832,0.5416666666666667,0.9388235294117646,0.0074409871579342035,0.05836509552080549,0.7399925595238095,0.798357655044615
11,cold_local,46,23,0.7631761491605529,0.5486111111111112,0.9380392156862744,0.007432001553726141,0.05862551218747214,0.7397321428571428,0.798357655044615
11,cold_local,47,23,0.7631858497768157,0.5446428571428571,0.9388235294117646,0.007675177442508177,0.05919800145599685,0.7397321428571428,0.7989301443131397
11,cold_local,48,23,0.7622859448937831,0.5357142857142857,0.9388235294117646,0.007856969002595148,0.0594349147425961,0.7397321428571428,0.7991670575997389
11,cold_local,49,23,0.7619918656245906,0.5357142857142857,0.9403921568627452,0.00786807141955652,0.059465215324367326,0.7397321428571428,0.7991973581815102
11,cold_local,50,23,0.7615174844228577,0.5267857142857143,0.939607843137255,0.00803617009410565,0.0594185697523969,0.7399925595238095,0.7994111292762064
11,cold_local,51,23,0.7611303253939137,0.5267857142857143,0.939607843137255,0.008062303680888961,0.05927641360875935,0.7402529761904761,0.7995293897992355
11,cold_local,52,23,0.7612350120658944,0.5267857142857143,0.939607843137255,0.007936188010129411,0.058965495972474136,0.7405133928571428,0.7994788888296169
11,cold_local,53,23,0.7615927737154075,0.5267857142857143,0.9411764705882352,0.0079146485529751,0.05555733752612335,0.7440848214285714,0.7996421589546947
11,cold_local,54,23,0.7617884843207293,0.5357142857142857,0.9411764705882352,0.0077154919522540635,0.05615897241084644,0.743563988095238,0.7997229605060845
11,cold_local,55,23,0.761824452952559,0.5357142857142857,0.9403921568627452,0.007700546289842506,0.05594611490974277,0.7438244047619048,0.7997705196716476
11,cold_local,56,23,0.7611583095991304,0.5267857142857143,0.9403921568627452,0.00802471007097713,0.05621368996627785,0.743563988095238,0.7997776780615159
11,cold_local,57,23,0.7612761393100366,0.5267857142857143,0.9403921568627452,0.008070680745025613,0.055750515992431304,0.7440848214285715,0.7998353374210028
11,cold_local,58,23,0.7615148199679243,0.5178571428571428,0.939607843137255,0.008141473686356012,0.05582710095800836,0.7440848214285715,0.7999119223865798
11,cold_local,59,23,0.7613806602956508,0.5178571428571428,0.939607843137255,0.008160576752791375,0.056013874463153424,0.7438244047619048,0.7998382792250582
11,cold_local,60,23,0.7612802702372036,0.5178571428571428,0.939607843137255,0.008191332402851614,0.05592094450737728,0.7440848214285715,0.8000057659359487
11,warm_fed,31,23,0.7678195080927965,0.5555555555555556,0.9309803921568628,0.006103722504241565,0.07371046195765119,0.7327380952380953,0.8064485571957465
11,warm_fed,32,23,0.7685010574556803,0.5555555555555556,0.9317647058823528,0.006058485920705957,0.06911381993281296,0.7369419642857142,0.8060557842185272
11,warm_fed,33,23,0.7690401518323252,0.5555555555555556,0.9317647058823528,0.00606420962444382,0.0685068970363304,0.7374627976190476,0.805969694655378
11,warm_fed,34,23,0.7690982310123292,0.5555555555555556,0.9317647058823528,0.0060792688065238595,0.06853440023670287,0.7374627976190476,0.8059971978557505
11,warm_fed,35,23,0.768968261266127,0.5555555555555556,0.9325490196078432,0.006123199064891247,0.06840204392615024,0.737202380952381,0.8056044248785312
11,warm_fed,36,23,0.769092478974266,0.548611111111111,0.9325490196078432,0.006228924351438427,0.06857565503726148,0.7374627976190476,0.8060384526563091
11,warm_fed,37,23,0.7686915625102039,0.548611111111111,0.9317647058823528,0.006271015533353597,0.06938440823763381,0.7366815476190476,0.8060659558566814
11,warm_fed,38,23,0.7687974183535451,0.548611111111111,0.9317647058823528,0.0062767133239813,0.06860172625282102,0.737202380952381,0.805804107205202
11,warm_fed,39,23,0.7687461000495971,0.548611111111111,0.9317647058823528,0.006278965192087775,0.0683984639641183,0.737202380952381,0.8056008449164993
11,warm_fed,40,23,0.7688290825419798,0.548611111111111,0.9309803921568628,0.006266661955765292,0.06789138223097135,0.7377232142857143,0.8056145965166857
11,warm_fed,41,23,0.7694775265550454,0.548611111111111,0.9309803921568628,0.00625238210082782,0.0680208745718981,0.7374627976190476,0.8054836721909457
11,warm_fed,42,23,0.7695112355676608,0.548611111111111,0.9301960784313724,0.00614271945860373,0.0679608562243087,0.737202380952381,0.8051632371766897
11,warm_fed,43,23,0.7696530140144534,0.548611111111111,0.931764705882353,0.006166747817459712,0.06800354300968003,0.7374627976190476,0.8054663406287277
11,warm_fed,44,23,0.76967765489512,0.548611111111111,0.931764705882353,0.006168448792247815,0.06853955992801242,0.737202380952381,0.8057419408803934
11,warm_fed,45,23,0.7697621408478187,0.5416666666666666,0.9309803921568628,0.0062325235571051825,0.06861189789097522,0.737202380952381,0.8058142788433562
11,warm_fed,46,23,0.7698665822098344,0.5416666666666666,0.9309803921568628,0.006227135540385371,0.06810195218820259,0.737202380952381,0.8053043331405836
11,warm_fed,47,23,0.77053833396241,0.5486111111111112,0.9309803921568628,0.005992112154855051,0.0684195232328334,0.7366815476190476,0.805101070851881
11,warm_fed,48,23,0.7715533560828723,0.5555555555555556,0.9317647058823528,0.005823131416210822,0.062435456909819775,0.7435897435897436,0.8060252004995634
11,warm_fed,49,23,0.7714705769457896,0.5555555555555556,0.9301960784313724,0.0058164892782834685,0.06256548464907086,0.7435897435897436,0.8061552282388145
11,warm_fed,50,23,0.7715692600279939,0.5555555555555556,0.9301960784313724,0.005873956527537199,0.0628255401275728,0.7435897435897436,0.8064152837173164
11,warm_fed,51,23,0.7715420010220934,0.5555555555555556,0.9301960784313724,0.005881281462608801,0.06308589659621211,0.7435897435897436,0.8066756401859557
11,warm_fed,52,23,0.7712086909854662,0.5555555555555556,0.9301960784313724,0.0059688957421331216,0.06336060026138901,0.7435897435897436,0.8069503438511326
11,warm_fed,53,23,0.7718995194217221,0.5555555555555556,0.9301960784313724,0.005891669704822056,0.06370764188952904,0.7435897435897436,0.8072973854792727
11,warm_fed,54,23,0.7721055587162649,0.5555555555555556,0.9309803921568628,0.005933952178275692,0.06057485164736376,0.7467948717948718,0.8073697234422356
11,warm_fed,55,23,0.7718554157989037,0.5555555555555556,0.9309803921568628,0.00603064249463219,0.06061819422711412,0.7467948717948718,0.8074130660219859
11,warm_fed,56,23,0.7727418586435597,0.5555555555555556,0.9309803921568628,0.005965827021744718,0.06066153680686437,0.7467948717948718,0.8074564086017362
11,warm_fed,57,23,0.7727832207157961,0.5555555555555556,0.9309803921568628,0.006016011931087054,0.06087855069575343,0.7467948717948718,0.8076734224906252
11,warm_fed,58,23,0.7731726171446356,0.5625,0.9309803921568628,0.00592271945727934,0.057673422490625126,0.75,0.8076734224906251
11,warm_fed,59,23,0.7732159113429834,0.5625,0.9309803921568628,0.0059194256013063275,0.057745459463451,0.75,0.807745459463451
11,warm_fed,60,23,0.7734084451701205,0.5625,0.9309803921568628,0.005825272119940637,0.057745459463451,0.75,0.807745459463451
11,warm_local,31,23,0.7685834495207817,0.548611111111111,0.9309803921568628,0.006053868730044863,0.07108705928637926,0.7350446428571429,0.8061317021435221
11,warm_local,32,23,0.7698205174617461,0.548611111111111,0.9309803921568628,0.005778250477396549,0.06945047024552864,0.7364468864468864,0.805897356692415
11,warm_local,33,23,0.7689520563561544,0.5486111111111112,0.931764705882353,0.005775787700529311,0.06693954744604058,0.7383928571428571,0.8053324045888977
11,warm_local,34,23,0.7707888900340912,0.5486111111111112,0.931764705882353,0.005704348367958139,0.0579693198215514,0.7466947115384615,0.8046640313600129
11,warm_local,35,23,0.7700764338025141,0.5486111111111112,0.931764705882353,0.005406489586062647,0.05520006613756612,0.7479166666666667,0.8031167328042328
11,warm_local,36,23,0.7691010728758664,0.5486111111111112,0.9325490196078432,0.00543633638092014,0.05498305224867739,0.7479166666666666,0.802899718915344
11,warm_local,37,23,0.7703380324739181,0.5555555555555556,0.9333333333333332,0.0054260355009284915,0.05550595238095235,0.7473214285714286,0.8028273809523809
11,warm_local,38,23,0.7703059240429478,0.5694444444444444,0.9333333333333332,0.005195534662671453,0.05559500242404658,0.7440104166666667,0.7996054190907133
11,warm_local,39,23,0.7698138462948265,0.5694444444444444,0.9333333333333332,0.005218417610112699,0.05516117821184563,0.7442708333333333,0.799432011545179
11,warm_local,40,23,0.7697524683709828,0.5625,0.9333333333333332,0.005369954756061437,0.05461134949529978,0.7447916666666666,0.7994030161619664
11,warm_local,41,23,0.7697285093547611,0.5625,0.9341176470588236,0.005415025228474034,0.0548591245762059,0.744717261904762,0.7995763864809678
11,warm_local,42,23,0.7704590060988911,0.5625,0.9341176470588236,0.005424253083937839,0.05532640173113479,0.7440476190476191,0.7993740207787539
11,warm_local,43,23,0.7717202317469795,0.5625,0.9349019607843138,0.005439381758252559,0.061440578020507175,0.7402157738095239,0.801656351830031
11,warm_local,44,23,0.771009870324984,0.5625,0.935686274509804,0.005536939186782838,0.06287151888063847,0.7389880952380953,0.8018596141187337
11,warm_local,45,23,0.7708067400911073,0.5625,0.935686274509804,0.005597678270877654,0.06803295065243942,0.7338541666666667,0.8018871173191061
11,warm_local,46,23,0.7727002119830224,0.5694444444444444,0.9349019607843138,0.005321103091294963,0.06402622467497521,0.7380952380952381,0.8021214627702133
11,warm_local,47,23,0.7725428259396456,0.5694444444444444,0.9349019607843138,0.005396508960056698,0.06261936940973911,0.7389508928571429,0.801570262266882
11,warm_local,48,23,0.7719272913171303,0.5625,0.9349019607843138,0.005596059387182839,0.0630967999652946,0.7386904761904762,0.8017872761557708
11,warm_local,49,23,0.7729935676918965,0.5625,0.9349019607843138,0.005526887733590428,0.061780965031775215,0.7399925595238095,0.8017735245555847
11,warm_local,50,23,0.7719891947784582,0.5555555555555556,0.9364705882352942,0.005736023354575636,0.061187793735479,0.7405133928571428,0.8017011865926218
11,warm_local,51,23,0.7722401352046309,0.5555555555555556,0.9372549019607844,0.005769672915776718,0.05761493317923738,0.7438244047619048,0.8014393379411422
11,warm_local,52,23,0.7726425088466896,0.5555555555555556,0.9380392156862746,0.005758112373298216,0.060651617832612525,0.7440848214285715,0.804736439261184
11,warm_local,53,23,0.7734453949190383,0.5625,0.939607843137255,0.005702452724459086,0.05987036783261257,0.7448660714285714,0.804736439261184
11,warm_local,54,23,0.7744569417749958,0.5625,0.9388235294117648,0.005823607347871293,0.06102621336996339,0.7446056547619048,0.8056318681318682
11,warm_local,55,23,0.77516309018722,0.576388888888889,0.9388235294117648,0.005749409266570179,0.06895604395604393,0.7443452380952381,0.813301282051282
11,warm_local,56,23,0.7746995064543875,0.576388888888889,0.939607843137255,0.005715984138223504,0.06627174908424915,0.7438244047619047,0.8100961538461539
11,warm_local,57,23,0.7743994588269472,0.576388888888889,0.939607843137255,0.00576947941563504,0.06317791005291018,0.7438244047619047,0.8070023148148149
11,warm_local,58,23,0.7743328119817111,0.576388888888889,0.9403921568627452,0.005708629713964978,0.05845320767195761,0.7440848214285715,0.8025380291005291
11,warm_local,59,23,0.7744364711488402,0.576388888888889,0.9403921568627452,0.005701467562857157,0.057860036375661394,0.7446056547619048,0.8024656911375662
11,warm_local,60,23,0.7741509021827773,0.576388888888889,0.9403921568627452,0.005847369689293679,0.06202495421245424,0.7448660714285714,0.8068910256410257
19,cold_fed,1,23,0.7471031419246664,0.5288461538461539,0.8263888888888888,0.004829380950825742,0.07154748901987984,0.7264508928571428,0.7979983818770227
19,cold_fed,2,23,0.748206605367539,0.5288461538461539,0.8333333333333334,0.00493763698409459,0.07112363711665892,0.7274925595238095,0.7986161966404685
19,cold_fed,3,23,0.7485756401783406,0.5288461538461539,0.8402777777777778,0.005020445009187846,0.0714966000154107,0.7277529761904762,0.7992495762058869
19,cold_fed,4,23,0.7484801464404451,0.5288461538461539,0.8402777777777778,0.005165268566666588,0.0723631215455317,0.7277529761904762,0.8001160977360079
19,cold_fed,5,23,0.7486944737156754,0.5288461538461539,0.8402777777777778,0.005176111064857144,0.07336251642909641,0.7272321428571428,0.8005946592862392
19,cold_fed,6,23,0.7492203594098453,0.5288461538461539,0.8402777777777778,0.005153962833681279,0.0735801259143366,0.7272321428571429,0.8008122687714795
19,cold_fed,7,23,0.7500678095441691,0.5288461538461539,0.8541666666666666,0.0052905110889665714,0.07323176631351602,0.7277529761904762,0.8009847425039922
19,cold_fed,8,23,0.7496495616734333,0.5288461538461539,0.8541666666666666,0.005286677840801165,0.07362221071943376,0.7274925595238095,0.8011147702432433
19,cold_fed,9,23,0.7500314518011232,0.5288461538461539,0.8541666666666666,0.005285704077050298,0.07458023040638484,0.7274925595238094,0.8020727899301943
19,cold_fed,10,23,0.7500482698926162,0.5288461538461539,0.8541666666666666,0.005327116860366224,0.07318770135743646,0.7282738095238095,0.801461510881246
19,cold_fed,11,23,0.7495085417407871,0.5288461538461539,0.8541666666666666,0.005328214519540215,0.07309975842328253,0.7285342261904761,0.8016339846137587
19,cold_fed,12,23,0.750142679327629,0.5288461538461539,0.8541666666666666,0.005326910850659718,0.07244477560641938,0.7287946428571428,0.8012394184635622
19,cold_fed,13,23,0.7495923957310716,0.5288461538461539,0.8541666666666666,0.0054357447645724385,0.07300984810599176,0.7282738095238095,0.8012836576298012
19,cold_fed,14,23,0.7500880295381702,0.5288461538461539,0.8541666666666666,0.005441424854949076,0.07177042453529126,0.7296875,0.8014579245352913
19,cold_fed,15,23,0.7501296278532906,0.5288461538461539,0.8472222222222222,0.005370457156844206,0.06967391421787339,0.7316964285714286,0.801370342789302
19,cold_fed,16,23,0.750326035194458,0.5288461538461539,0.8472222222222222,0.005396889766583659,0.07062960533352292,0.7314360119047619,0.8020656172382848
19,cold_fed,17,23,0.7500229251882591,0.5288461538461539,0.8541666666666667,0.00558754525852513,0.07110619950061714,0.7309151785714286,0.8020213780720458
19,cold_fed,18,23,0.7504000507829243,0.5288461538461539,0.8541666666666667,0.005602911454298831,0.07080118247954692,0.7314360119047619,0.8022371943843088
19,cold_fed,19,23,0.7506119330062818,0.5288461538461539,0.8541666666666667,0.005566493021786636,0.07019043882892273,0.7316964285714286,0.8018868674003513
19,cold_fed,20,23,0.7507349064606019,0.5288461538461539,0.8541666666666667,0.005549057521164029,0.07031813799687237,0.7314360119047619,0.8017541499016343
19,cold_fed,21,23,0.7511217348246954,0.5288461538461539,0.8541666666666667,0.00566502362642467,0.07014619966268365,0.7316964285714286,0.8018426282341122
19,cold_fed,22,23,0.7509774099029182,0.5288461538461539,0.8541666666666667,0.005726142243859422,0.0704057197428617,0.7314360119047619,0.8018417316476236
19,cold_fed,23,23,0.7518083792877236,0.5384615384615384,0.8611111111111112,0.005603944251495449,0.07081691331647466,0.7315476190476191,0.8023645323640938
19,cold_fed,24,23,0.752261541769124,0.5384615384615384,0.8611111111111112,0.005659921041309853,0.07055416807850656,0.7315476190476191,0.8021017871261257
19,cold_fed,25,23,0.7518254829406511,0.5288461538461537,0.8680555555555556,0.006072118007253569,0.07136701565898518,0.730952380952381,0.8023193966113662
19,cold_fed,26,23,0.7519105313881738,0.5288461538461537,0.8680555555555556,0.006030510895428206,0.07123519474675666,0.730952380952381,0.8021875756991377
19,cold_fed,27,23,0.7519807195822671,0.5288461538461537,0.8680555555555556,0.005986388524686542,0.07188802320247789,0.730952380952381,0.8028404041548589
19,cold_fed,28,23,0.7518043614599957,0.5288461538461537,0.8680555555555556,0.005996208592530824,0.07166862054426015,0.730952380952381,0.8026210014966412
19,cold_fed,29,23,0.7519687498546519,0.5288461538461537,0.8680555555555556,0.005997066042455623,0.07214628550800262,0.730952380952381,0.8030986664603836
19,cold_fed,30,23,0.7524555718761508,0.5288461538461537,0.8680555555555556,0.006048788470527689,0.07137767709376319,0.7315476190476191,0.8029252961413823
19,cold_fed,31,23,0.7525910750806315,0.5288461538461537,0.8680555555555556,0.0060622013700161095,0.0739507815782755,0.7290178571428572,0.8029686387211327
19,cold_fed,32,23,0.7525351101253365,0.5288461538461537,0.8680555555555556,0.006074279705520238,0.07463360141950293,0.7284226190476191,0.803056220467122
19,cold_fed,33,23,0.752835959448099,0.5288461538461537,0.8680555555555556,0.006135150189354996,0.07343048364326621,0.7297991071428571,0.8032295907861233
19,cold_fed,34,23,0.7530485294065692,0.5288461538461537,0.8680555555555556,0.0061588008916014575,0.07312582781036059,0.7300595238095238,0.8031853516198844
19,cold_fed,35,23,0.7539162394283758,0.5384615384615385,0.8819444444444444,0.0060842692593004784,0.07347525820782952,0.7300595238095238,0.8035347820173533
19,cold_fed,36,23,0.7538981189312913,0.5384615384615385,0.8819444444444444,0.006075563623059513,0.0727368153892558,0.7305803571428571,0.8033171725321129
19,cold_fed,37,23,0.7532756305814636,0.5384615384615385,0.875,0.005984503743326858,0.07334576586690256,0.7303199404761904,0.803665706343093
19,cold_fed,38,23,0.7535521409702052,0.5480769230769231,0.875,0.005829539519555421,0.07163437562694286,0.7318995098039216,0.8035338854308645
19,cold_fed,39,23,0.7533432269585169,0.5480769230769231,0.875,0.005759912032894434,0.07279350916325011,0.7311755952380953,0.8039691044013454
19,cold_fed,40,23,0.7541025927787186,0.5576923076923077,0.875,0.0055512563102528755,0.07273662841125061,0.7313616071428571,0.8040982355541078
19,cold_fed,41,23,0.754240362189857,0.5576923076923077,0.875,0.005582407218064765,0.07442202685180666,0.7297195512820513,0.804141578133858
19,cold_fed,42,23,0.7543099658362273,0.5576923076923077,0.875,0.0055893349914927165,0.07446590482988102,0.729979967948718,0.804445872778599
19,cold_fed,43,23,0.7545230118601032,0.5576923076923077,0.875,0.005598118539906444,0.07369268071506485,0.7308407738095237,0.8045334545245886
19,cold_fed,44,23,0.7537658429057376,0.5576923076923077,0.875,0.005671035519264534,0.07423139924646793,0.730171130952381,0.8044025301988489
19,cold_fed,45,23,0.7533968956171896,0.5576923076923077,0.875,0.00562165469667615,0.07589241110199174,0.7289010989010989,0.8047935100030906
19,cold_fed,46,23,0.7531380520606589,0.5576923076923077,0.875,0.005721033588483296,0.07683618300820994,0.7283058608058608,0.8051420438140707
19,cold_fed,47,23,0.7531324299294937,0.5673076923076923,0.875,0.005541266592683282,0.07695106638023952,0.7277106227106227,0.8046616890908622
19,cold_fed,48,23,0.7531397950921807,0.5673076923076923,0.875,0.005537442576128305,0.07728445582399812,0.7271153846153846,0.8043998404393827
19,cold_fed,49,23,0.7531877777412591,0.5673076923076923,0.875,0.005544626900051478,0.07754361471601157,0.7271153846153846,0.8046589993313962
19,cold_fed,50,23,0.7530708001131476,0.5673076923076923,0.875,0.005562461049837684,0.0792563431599631,0.7255769230769231,0.8048332662368862
19,cold_fed,51,23,0.7526964354515399,0.5673076923076923,0.875,0.005545345387592964,0.08022776481571536,0.7240384615384616,0.804266226354177
19,cold_fed,52,23,0.7529688625185643,0.5673076923076923,0.875,0.005494021540576299,0.08027110739546561,0.7240384615384616,0.8043095689339272
19,cold_fed,53,23,0.753531319294284,0.5673076923076923,0.875,0.00539149341373237,0.08035868914145516,0.7240384615384616,0.8043971506799168
19,cold_fed,54,23,0.7536954951579528,0.5673076923076923,0.8819444444444444,0.005488036119831647,0.08202807500565645,0.7225,0.8045280750056565
19,cold_fed,55,23,0.7544327217625381,0.5769230769230769,0.8819444444444444,0.005315800203143455,0.08186895246738779,0.7230952380952381,0.8049641905626259
19,cold_fed,56,23,0.7552289294380244,0.5865384615384616,0.8819444444444444,0.0050459402951308205,0.08182560988763732,0.7230952380952382,0.8049208479828756
19,cold_fed,57,23,0.7551344384038413,0.5865384615384616,0.8819444444444444,0.005050254498008411,0.08259511488836546,0.7225000000000001,0.8050951148883656
19,cold_fed,58,23,0.7550767487652289,0.5865384615384616,0.8819444444444444,0.005074816945266659,0.0842211581728165,0.7209615384615385,0.805182696634355
19,cold_fed,59,23,0.7551686363979718,0.5865384615384616,0.8819444444444444,0.005070008365661346,0.08266415831618412,0.7223442714126809,0.805008429728865
19,cold_fed,60,23,0.7550718404326008,0.5865384615384616,0.8819444444444444,0.005079357643442878,0.08262081573643376,0.7223442714126809,0.8049650871491146
19,cold_local,1,23,0.7466284312647652,0.5384615384615385,0.8397435897435898,0.00495558314691995,0.07003787208959622,0.722485632183908,0.7925235042735043
19,cold_local,2,23,0.7472825884269717,0.5480769230769231,0.8397435897435898,0.0050489908251043734,0.0706074998455074,0.7227813890433815,0.7933888888888889
19,cold_local,3,23,0.7473774707894726,0.5480769230769231,0.8525641025641026,0.005463433165711041,0.07075506928995179,0.7235626390433815,0.7943177083333333
19,cold_local,4,23,0.7481987019450438,0.5576923076923077,0.8525641025641026,0.005545760347942088,0.0724298770753512,0.723266882183908,0.7956967592592592
19,cold_local,5,23,0.7491247277968934,0.5576923076923077,0.8525641025641026,0.005704273876663842,0.07286274744572152,0.7230064655172415,0.795869212962963
19,cold_local,6,23,0.7507311522922165,0.5714285714285714,0.8653846153846154,0.005516796192324782,0.07343446743809989,0.7233022223767149,0.7967366898148148
19,cold_local,7,23,0.7521516465257605,0.5714285714285714,0.8653846153846154,0.005596856886205313,0.07407099749194801,0.7241541527623285,0.7982251502542765
19,cold_local,8,23,0.7529095709650883,0.5714285714285714,0.8653846153846153,0.005577335436743307,0.07722433044687071,0.7214086253244345,0.7986329557713052
19,cold_local,9,23,0.7527585142539742,0.5625,0.8653846153846153,0.005695529150669677,0.07875677477573495,0.7206273753244345,0.7993841501001695
19,cold_local,10,23,0.7532880959493345,0.5535714285714285,0.8653846153846153,0.005901025655737565,0.07637197453686928,0.723119934848244,0.7994919093851133
19,cold_local,11,23,0.7541984794849236,0.5535714285714285,0.8653846153846153,0.005828058106690932,0.0760912527367269,0.7236761083743842,0.7997673611111111
19,cold_local,12,23,0.753549875892377,0.5446428571428572,0.8653846153846153,0.005961862983667352,0.07453963030645461,0.7253446289528047,0.7998842592592593
19,cold_local,13,23,0.7535835903621562,0.5446428571428572,0.8653846153846153,0.005982571132818124,0.07372530362197616,0.726456976005085,0.8001822796270611
19,cold_local,14,23,0.7545398579589317,0.5446428571428572,0.8680555555555556,0.005723240922903492,0.07394728505208881,0.726456976005085,0.8004042610571738
19,cold_local,15,23,0.754580025712647,0.5446428571428572,0.8680555555555556,0.005753117440714739,0.07343110227953153,0.7270131495312251,0.8004442518107566
19,cold_local,16,23,0.7541370146087168,0.5357142857142858,0.8680555555555556,0.005985492708412046,0.07718083814835408,0.7250060831479421,0.8021869212962962
19,cold_local,17,23,0.7541886094510507,0.5357142857142858,0.875,0.006090987899642378,0.07493423183681458,0.7276809302002224,0.802615162037037
19,cold_local,18,23,0.7532314067073406,0.5267857142857143,0.875,0.006151294779826922,0.07772743055555553,0.7252604166666666,0.8029878472222222
19,cold_local,19,23,0.7529023116557011,0.5178571428571428,0.875,0.006440756593768199,0.0778674768518518,0.7255208333333334,0.8033883101851852
19,cold_local,20,23,0.7532165139990742,0.5178571428571428,0.875,0.006437614649142455,0.07799505537974682,0.7259164029535865,0.8039114583333333
19,cold_local,21,23,0.7538310048254108,0.5178571428571428,0.875,0.006384598542355868,0.07837846698981976,0.7257610006027728,0.8041394675925926
19,cold_local,22,23,0.7538800929518755,0.5178571428571428,0.875,0.006349421706999646,0.07954522081916626,0.7249321880650994,0.8044774088842657
19,cold_local,23,23,0.7534639670368793,0.5089285714285714,0.875,0.006557479748982189,0.08078888691987995,0.7240355635925256,0.8048244505124056
19,cold_local,24,23,0.7532238837759229,0.5,0.875,0.006742566038881831,0.08105170555388119,0.7241109101868596,0.8051626157407408
19,cold_local,25,23,0.752202371406171,0.4821428571428571,0.875,0.007206631510401123,0.07977789603007168,0.7253013863773357,0.8050792824074073
19,cold_local,26,23,0.7515094966582528,0.4821428571428571,0.875,0.007247242414657225,0.08512584999614725,0.7200892857142858,0.805215135710433
19,cold_local,27,23,0.7519632230771727,0.4821428571428571,0.875,0.007209546623537547,0.08188599088980819,0.72373417721519,0.8056201681049981
19,cold_local,28,23,0.7516000901788717,0.4732142857142857,0.875,0.007448990662801877,0.08254043615802598,0.7232820976491863,0.8058225338072122
19,cold_local,29,23,0.7520600315617132,0.4821428571428571,0.875,0.0072151390050478655,0.08220555453142708,0.7238773357444244,0.8060828902758514
19,cold_local,30,23,0.7519094693696328,0.4821428571428571,0.875,0.007343203325146844,0.08302765384604127,0.7235759493670886,0.8066036032131298
19,cold_local,31,23,0.7517558611143831,0.4821428571428571,0.875,0.00734374311389628,0.0842226560645799,0.722453285111513,0.8066759411760929
19,cold_local,32,23,0.7515342603878122,0.4821428571428571,0.8819444444444444,0.007424552796447759,0.08550434344261926,0.7213306208559374,0.8068349642985566
19,cold_local,33,23,0.7515269470068865,0.4821428571428571,0.8819444444444444,0.007434950107539895,0.08654345664612229,0.7210292344786016,0.8075726911247239
19,cold_local,34,23,0.7519080397763835,0.4821428571428571,0.8819444444444444,0.007496523865788793,0.0859338713543466,0.7216244725738397,0.8075583439281863
19,cold_local,35,23,0.7514627921069782,0.4821428571428571,0.8819444444444444,0.007641721780874494,0.08652731722476792,0.7212477396021699,0.8077750568269378
19,cold_local,36,23,0.7515014834934257,0.4821428571428571,0.8819444444444444,0.007649816056182981,0.08713240265049316,0.7209463532248344,0.8080787558753275
19,cold_local,37,23,0.7515887392382793,0.4821428571428571,0.8819444444444444,0.007654761362513554,0.08730428173481508,0.7211648583484027,0.8084691400832178
19,cold_local,38,23,0.750986972949127,0.4732142857142857,0.8819444444444444,0.007895869471949838,0.0891984715959595,0.7191549879445449,0.8083534595405044
19,cold_local,39,23,0.7509884658988107,0.4732142857142857,0.8819444444444444,0.007901093152749627,0.0893348175880897,0.719004294755877,0.8083391123439667
19,cold_local,40,23,0.7508116607220243,0.4732142857142857,0.8819444444444444,0.007831389311724396,0.08971185154989647,0.7186275617842074,0.8083394133341039
19,cold_local,41,23,0.7512610359107674,0.4732142857142857,0.8819444444444444,0.007883782229147073,0.08991451824224783,0.7186275617842073,0.8085420800264551
19,cold_local,42,23,0.7510475548326864,0.4732142857142857,0.8888888888888888,0.008033973415133193,0.09179685825631234,0.7166539519288728,0.8084508101851852
19,cold_local,43,23,0.750803471217439,0.4732142857142857,0.8888888888888888,0.007993780613972743,0.09159443021230995,0.716694921639542,0.8082893518518519
19,cold_local,44,23,0.7509715848722228,0.4732142857142857,0.8888888888888888,0.008005151928233341,0.08966977680664379,0.7187029083785413,0.8083726851851851
19,cold_local,45,23,0.7509919655703866,0.4732142857142857,0.8888888888888888,0.008009507837092185,0.08994535488245925,0.7186275617842074,0.8085729166666666
19,cold_local,46,23,0.7510234949866783,0.4732142857142857,0.8888888888888888,0.008023125578237221,0.09031028355435,0.7184015220012056,0.8087118055555556
19,cold_local,47,23,0.7515030710933724,0.4732142857142857,0.8888888888888888,0.007980861380437144,0.09046294621927531,0.7184768685955395,0.8089398148148148
19,cold_local,48,23,0.7516119152289474,0.4732142857142857,0.8888888888888888,0.007992568113168412,0.09016954658093901,0.7188536015672091,0.8090231481481481
19,cold_local,49,23,0.7524797751001993,0.4821428571428571,0.8888888888888888,0.007636961032983025,0.08974524479271317,0.7193056811332128,0.809050925925926
19,cold_local,50,23,0.7530108380419614,0.4821428571428571,0.8888888888888888,0.007587899162672468,0.08567730623367487,0.7233626243218807,0.8090399305555556
19,cold_local,51,23,0.7531521533312237,0.4821428571428571,0.8888888888888888,0.007594448320065899,0.08622765345589711,0.7233626243218807,0.8095902777777778
19,cold_local,52,23,0.7531548208119108,0.4821428571428571,0.8888888888888888,0.007601504492912276,0.08660269888546135,0.7230679360351736,0.809670634920635
19,cold_local,53,23,0.7532199664744421,0.4821428571428571,0.8888888888888888,0.007598219411626413,0.08630428869860185,0.7233693224125093,0.8096736111111111
19,cold_local,54,23,0.7528510545189293,0.4821428571428571,0.8888888888888888,0.007559923685270697,0.08299113864955276,0.723052512144098,0.8060436507936508
19,cold_local,55,23,0.7528260628813342,0.4821428571428571,0.8888888888888888,0.007557790506712608,0.08276509886655092,0.7232785519270999,0.8060436507936508
19,cold_local,56,23,0.7522809949643389,0.4821428571428571,0.8888888888888888,0.007697432871793627,0.08312511080381513,0.7229463177676134,0.8060714285714285
19,cold_local,57,23,0.7518525431386829,0.4821428571428571,0.8888888888888888,0.007755900037714147,0.08332337280903923,0.7227202779846116,0.8060436507936508
19,cold_local,58,23,0.751882815237283,0.4821428571428571,0.8888888888888888,0.007639244085105092,0.08380684974411712,0.7224034677162003,0.8062103174603175
19,cold_local,59,23,0.75226452551931,0.4821428571428571,0.8888888888888888,0.007527312069432825,0.08441324209008494,0.7219359642591214,0.8063492063492064
19,cold_local,60,23,0.751721337613123,0.4732142857142857,0.8888888888888888,0.007818561202907545,0.0898892656218605,0.7200591470765522,0.8099484126984127
19,warm_fed,31,23,0.7525910750806315,0.5288461538461537,0.8680555555555556,0.0060622013700161095,0.0739507815782755,0.7290178571428572,0.8029686387211327
19,warm_fed,32,23,0.7525351101253365,0.5288461538461537,0.8680555555555556,0.006074279705520238,0.07463360141950293,0.7284226190476191,0.803056220467122
19,warm_fed,33,23,0.752835959448099,0.5288461538461537,0.8680555555555556,0.006135150189354996,0.07343048364326621,0.7297991071428571,0.8032295907861233
19,warm_fed,34,23,0.7530485294065692,0.5288461538461537,0.8680555555555556,0.0061588008916014575,0.07312582781036059,0.7300595238095238,0.8031853516198844
19,warm_fed,35,23,0.7539162394283758,0.5384615384615385,0.8819444444444444,0.0060842692593004784,0.07347525820782952,0.7300595238095238,0.8035347820173533
19,warm_fed,36,23,0.7538981189312913,0.5384615384615385,0.8819444444444444,0.006075563623059513,0.0727368153892558,0.7305803571428571,0.8033171725321129
19,warm_fed,37,23,0.7532756305814636,0.5384615384615385,0.875,0.005984503743326858,0.07334576586690256,0.7303199404761904,0.803665706343093
19,warm_fed,38,23,0.7535521409702052,0.5480769230769231,0.875,0.005829539519555421,0.07163437562694286,0.7318995098039216,0.8035338854308645
19,warm_fed,39,23,0.7533432269585169,0.5480769230769231,0.875,0.005759912032894434,0.07279350916325011,0.7311755952380953,0.8039691044013454
19,warm_fed,40,23,0.7541025927787186,0.5576923076923077,0.875,0.0055512563102528755,0.07273662841125061,0.7313616071428571,0.8040982355541078
19,warm_fed,41,23,0.754240362189857,0.5576923076923077,0.875,0.005582407218064765,0.07442202685180666,0.7297195512820513,0.804141578133858
19,warm_fed,42,23,0.7543099658362273,0.5576923076923077,0.875,0.0055893349914927165,0.07446590482988102,0.729979967948718,0.804445872778599
19,warm_fed,43,23,0.7545230118601032,0.5576923076923077,0.875,0.005598118539906444,0.07369268071506485,0.7308407738095237,0.8045334545245886
19,warm_fed,44,23,0.7537658429057376,0.5576923076923077,0.875,0.005671035519264534,0.07423139924646793,0.730171130952381,0.8044025301988489
19,warm_fed,45,23,0.7533968956171896,0.5576923076923077,0.875,0.00562165469667615,0.07589241110199174,0.7289010989010989,0.8047935100030906
19,warm_fed,46,23,0.7531380520606589,0.5576923076923077,0.875,0.005721033588483296,0.07683618300820994,0.7283058608058608,0.8051420438140707
19,warm_fed,47,23,0.7531324299294937,0.5673076923076923,0.875,0.005541266592683282,0.07695106638023952,0.7277106227106227,0.8046616890908622
19,warm_fed,48,23,0.7531397950921807,0.5673076923076923,0.875,0.005537442576128305,0.07728445582399812,0.7271153846153846,0.8043998404393827
19,warm_fed,49,23,0.7531877777412591,0.5673076923076923,0.875,0.005544626900051478,0.07754361471601157,0.7271153846153846,0.8046589993313962
19,warm_fed,50,23,0.7530708001131476,0.5673076923076923,0.875,0.005562461049837684,0.0792563431599631,0.7255769230769231,0.8048332662368862
19,warm_fed,51,23,0.7526964354515399,0.5673076923076923,0.875,0.005545345387592964,0.08022776481571536,0.7240384615384616,0.804266226354177
19,warm_fed,52,23,0.7529688625185643,0.5673076923076923,0.875,0.005494021540576299,0.08027110739546561,0.7240384615384616,0.8043095689339272
19,warm_fed,53,23,0.753531319294284,0.5673076923076923,0.875,0.00539149341373237,0.08035868914145516,0.7240384615384616,0.8043971506799168
19,warm_fed,54,23,0.7536954951579528,0.5673076923076923,0.8819444444444444,0.005488036119831647,0.08202807500565645,0.7225,0.8045280750056565
19,warm_fed,55,23,0.7544327217625381,0.5769230769230769,0.8819444444444444,0.005315800203143455,0.08186895246738779,0.7230952380952381,0.8049641905626259
19,warm_fed,56,23,0.7552289294380244,0.5865384615384616,0.8819444444444444,0.0050459402951308205,0.08182560988763732,0.7230952380952382,0.8049208479828756
19,warm_fed,57,23,0.7551344384038413,0.5865384615384616,0.8819444444444444,0.005050254498008411,0.08259511488836546,0.7225000000000001,0.8050951148883656
19,warm_fed,58,23,0.7550767487652289,0.5865384615384616,0.8819444444444444,0.005074816945266659,0.0842211581728165,0.7209615384615385,0.805182696634355
19,warm_fed,59,23,0.7551686363979718,0.5865384615384616,0.8819444444444444,0.005070008365661346,0.08266415831618412,0.7223442714126809,0.805008429728865
19,warm_fed,60,23,0.7550718404326008,0.5865384615384616,0.8819444444444444,0.005079357643442878,0.08262081573643376,0.7223442714126809,0.8049650871491146
19,warm_local,31,23,0.7531704205960587,0.5288461538461537,0.8611111111111112,0.0059961101770803485,0.07431763220598175,0.7300595238095238,0.8043771560155055
19,warm_local,32,23,0.7533931326781863,0.548076923076923,0.875,0.005887584264371929,0.07478284256196888,0.7294642857142857,0.8042471282762546
19,warm_local,33,23,0.753761818939601,0.548076923076923,0.875,0.0059027742459615016,0.08033245175092685,0.7292892156862746,0.8096216674372014
19,warm_local,34,23,0.7553632243098491,0.5576923076923077,0.8680555555555556,0.005642844571487682,0.0815827891431653,0.7281622023809524,0.8097449915241177
19,warm_local,35,23,0.7566436697900762,0.5576923076923077,0.8680555555555556,0.0055638212849409415,0.08088772827091995,0.7263764880952381,0.8072642163661581
19,warm_local,36,23,0.7567193251300112,0.5576923076923077,0.8680555555555556,0.005758400868222522,0.08052798485899215,0.7268229166666667,0.8073509015256588
19,warm_local,37,23,0.7563257113916232,0.5576923076923077,0.8680555555555556,0.005906414882339719,0.0837028288257049,0.7234747023809525,0.8071775312066574
19,warm_local,38,23,0.7565754424745061,0.5673076923076923,0.875,0.00574341200560815,0.08377723358760969,0.7234002976190477,0.8071775312066574
19,warm_local,39,23,0.7565311220280764,0.5673076923076923,0.875,0.005819998414809876,0.08708551009400523,0.721875,0.8089605100940053
19,warm_local,40,23,0.7569695472742357,0.5769230769230769,0.875,0.005647829702380929,0.08605990426105714,0.7228050595238096,0.8088649637848667
19,warm_local,41,23,0.7561741710507086,0.5673076923076923,0.8819444444444444,0.006050723887784535,0.0861971798276786,0.7230654761904762,0.8092626560181548
19,warm_local,42,23,0.7567396485033353,0.5769230769230769,0.8888888888888888,0.005986670938172586,0.0872228893128344,0.7223214285714286,0.809544317884263
19,warm_local,43,23,0.7573554752826616,0.5714285714285714,0.8888888888888888,0.005878798661068028,0.08464796046397094,0.7248883928571428,0.8095363533211137
19,warm_local,44,23,0.7574788807909834,0.5714285714285714,0.8888888888888888,0.005879076544742121,0.08439796046397097,0.7248883928571428,0.8092863533211138
19,warm_local,45,23,0.7557316687513749,0.5535714285714286,0.8819444444444444,0.0060483708830693485,0.08401700808301849,0.725186011904762,0.8092030199877804
19,warm_local,46,23,0.7550601061543921,0.5535714285714286,0.8819444444444444,0.006083254222073568,0.08625857554333605,0.7229166666666667,0.8091752422100027
19,warm_local,47,23,0.7559681773742004,0.5535714285714286,0.8958333333333334,0.006236671703806814,0.08473517788563456,0.7248883928571428,0.8096235707427774
19,warm_local,48,23,0.7559519974568346,0.5535714285714286,0.8888888888888888,0.0060290065706505806,0.08502480431489179,0.7248883928571428,0.8099131971720346
19,warm_local,49,23,0.7550233884984969,0.5267857142857143,0.8888888888888888,0.006411529926713262,0.0877782484819013,0.7223214285714286,0.8100996770533299
19,warm_local,50,23,0.7551051752611498,0.5178571428571429,0.8888888888888888,0.0064487920477067084,0.08817102145912048,0.7223214285714286,0.810492450030549
19,warm_local,51,23,0.7552069534924293,0.5178571428571429,0.8888888888888888,0.006498456527479574,0.08822657701467596,0.7223214285714286,0.8105480055861045
19,warm_local,52,23,0.754440886510461,0.5089285714285714,0.8888888888888888,0.006725359940218964,0.0908990838414443,0.7200892857142858,0.8109883695557301
19,warm_local,53,23,0.7538756243777257,0.5,0.8958333333333334,0.007060997051394577,0.09254666153995883,0.718890036548546,0.8114366980885048
19,warm_local,54,23,0.7541844859596545,0.5,0.8958333333333334,0.006908610508333771,0.0923879594364414,0.718890036548546,0.8112779959849874
19,warm_local,55,23,0.7541913833069067,0.5089285714285714,0.8958333333333334,0.0068328865043924495,0.09234509460180595,0.7194090076937338,0.8117541022955398
19,warm_local,56,23,0.754063124642643,0.5089285714285714,0.8958333333333334,0.006898753181964285,0.09145742187526551,0.7202609380793474,0.811718359954613
19,warm_local,57,23,0.7530301372984797,0.4910714285714285,0.8958333333333334,0.007359237495478848,0.09186572183066288,0.7202255978865406,0.8120913197172035
19,warm_local,58,23,0.7528834058702979,0.4910714285714285,0.8888888888888888,0.007262080064065651,0.09113675120763975,0.7210775282721542,0.812214279479794
19,warm_local,59,23,0.7534196845523615,0.4910714285714285,0.8958333333333333,0.0073440768993800615,0.09196416021523346,0.7200358616054876,0.8120000218207211
19,warm_local,60,23,0.7530741232344992,0.4821428571428572,0.8958333333333333,0.007575549669082148,0.09135243113353764,0.7205920351316277,0.8119444662651654
23,cold_fed,1,23,0.7338889554859722,0.4513888888888889,0.8721568627450981,0.013300921040182968,0.1022226673789175,0.7078846153846153,0.8101072827635328
23,cold_fed,2,23,0.7343250306304576,0.4513888888888889,0.8729411764705882,0.013306154208537204,0.1005996919887927,0.709724604663629,0.8103242966524217
23,cold_fed,3,23,0.7338834312461211,0.4464285714285714,0.8745098039215686,0.013593047084415666,0.09927748819326565,0.7114808362369338,0.8107583244301995
23,cold_fed,4,23,0.7344535690275411,0.4464285714285714,0.8752941176470588,0.01361311003194795,0.09567417042645698,0.7155905197444832,0.8112646901709402
23,cold_fed,5,23,0.7355158529644106,0.4464285714285714,0.876078431372549,0.013743287397822317,0.09530945602782492,0.7164615998838559,0.8117710559116809
23,cold_fed,6,23,0.7366371618949488,0.4464285714285714,0.876078431372549,0.013750583738270782,0.09670609250449202,0.7176357433217189,0.8143418358262109
23,cold_fed,7,23,0.7366919928635793,0.4375,0.8776470588235294,0.01411143739674829,0.09811198575870828,0.7169532296971322,0.8150652154558404
23,cold_fed,8,23,0.7367980338478456,0.4375,0.88,0.014138833314593348,0.09690637036292526,0.7188098867595819,0.8157162571225072
23,cold_fed,9,23,0.7368908020571758,0.4375,0.8815686274509804,0.014263060509220686,0.09642506756454927,0.7195805414098098,0.816005608974359
23,cold_fed,10,23,0.7370401171976496,0.4375,0.883921568627451,0.014173539466579026,0.09577100131406535,0.7204516215491825,0.8162226228632479
23,cold_fed,11,23,0.7369296375394623,0.4375,0.8862745098039215,0.014485278577922069,0.09814035092617412,0.720002010184937,0.8181423611111112
23,cold_fed,12,23,0.7371729841045074,0.4375,0.8862745098039215,0.014516544968472728,0.0985012845950346,0.7202197802197803,0.8187210648148149
23,cold_fed,13,23,0.7383459103234623,0.4375,0.8870588235294117,0.014338874660058155,0.1009266324376843,0.7204375502546234,0.8213641826923077
23,cold_fed,14,23,0.738886320115788,0.4375,0.8870588235294117,0.014367853382913976,0.1009251201457757,0.7208730903243098,0.8217982104700855
23,cold_fed,15,23,0.7392541371482207,0.4375,0.8878431372549018,0.014399954893586182,0.09967601045916596,0.7224115518627714,0.8220875623219374
23,cold_fed,16,23,0.7396319320207866,0.4375,0.888627450980392,0.014440803072650771,0.09902270035463634,0.723064861967301,0.8220875623219374
23,cold_fed,17,23,0.7397945361952156,0.4375,0.8886274509803922,0.014457545708075246,0.09909428217164495,0.7232826320021442,0.8223769141737891
23,cold_fed,18,23,0.7409219156501655,0.4375,0.8901960784313725,0.014440372839671119,0.10018162005395248,0.7226293218976145,0.822810941951567
23,cold_fed,19,23,0.7414595148925112,0.4375,0.8909803921568628,0.014487402284838757,0.10047172805175852,0.7224115518627714,0.8228832799145299
23,cold_fed,20,23,0.7413045012258391,0.4375,0.8925490196078432,0.01457928764587219,0.09886017240437972,0.7241677834360761,0.8230279558404558
23,cold_fed,21,23,0.7424898136113487,0.4375,0.8941176470588235,0.014538224643907386,0.09542004722073316,0.7276802465826857,0.8231002938034189
23,cold_fed,22,23,0.7433182401066751,0.4375,0.895686274509804,0.014538608527654996,0.09772014420137409,0.7274624765478425,0.8251826207492166
23,cold_fed,23,23,0.7429109426897635,0.4375,0.8941176470588235,0.014592710678849541,0.09800949605322595,0.7274624765478425,0.8254719726010684
23,cold_fed,24,23,0.7431742618065312,0.4375,0.8941176470588235,0.014603362189845974,0.09823009478864664,0.7275309286741366,0.8257610234627832
23,cold_fed,25,23,0.7432040240361452,0.4375,0.8949019607843138,0.014713275691310933,0.09822438572895187,0.7278693321654335,0.8260937178943853
23,cold_fed,26,23,0.7428293431653961,0.4375,0.895686274509804,0.014806564159730069,0.09808958111245836,0.72830487223512,0.8263944533475783
23,cold_fed,27,23,0.7433822210379771,0.4375,0.8964705882352941,0.014844444963509845,0.09760498940332685,0.7290788157961033,0.8266838051994302
23,cold_fed,28,23,0.7435137212363884,0.4375,0.8972549019607843,0.014848708997566414,0.09724178729660338,0.7295143558657897,0.8267561431623931
23,cold_fed,29,23,0.7436352811495791,0.4375,0.8980392156862745,0.014861451892891958,0.09772562285978059,0.7289581823396496,0.8266838051994302
23,cold_fed,30,23,0.7440215427038986,0.4375,0.8988235294117647,0.014792094250897225,0.09705748853207807,0.7292965858309466,0.8263540743630247
23,cold_fed,31,23,0.7441745011032066,0.4285714285714285,0.8988235294117647,0.015092498729150305,0.09622094352275434,0.73008978826052,0.8263107317832743
23,cold_fed,32,23,0.7435408345945607,0.4196428571428571,0.8988235294117647,0.015471072434513481,0.09600241734195669,0.7305253283302064,0.8265277456721631
23,cold_fed,33,23,0.7437691957394168,0.4196428571428571,0.8988235294117647,0.015467767870049824,0.095044309811258,0.7314977830574428,0.8265420928687008
23,cold_fed,34,23,0.7437058182083858,0.4196428571428571,0.899607843137255,0.015489688670382471,0.09632121973283836,0.7303075582953632,0.8266287780282016
23,cold_fed,35,23,0.7443438810593151,0.4196428571428571,0.899607843137255,0.015415282989374945,0.09579975064960555,0.7305253283302064,0.826325078979812
23,cold_fed,36,23,0.7440053607219446,0.4196428571428571,0.9003921568627451,0.015393375439820911,0.09564072752714192,0.7305253283302064,0.8261660558573484
23,cold_fed,37,23,0.744017331581869,0.4196428571428571,0.9003921568627451,0.015389570337632946,0.09579823835769707,0.7309608683998927,0.8267591067575898
23,cold_fed,38,23,0.7436767836624019,0.4196428571428571,0.9003921568627451,0.015372182637011267,0.09526090978601776,0.7316141785044225,0.8268750882904402
23,cold_fed,39,23,0.743796616804712,0.4196428571428571,0.9003921568627451,0.015369457090359083,0.09489952096134002,0.7316141785044226,0.8265136994657626
23,cold_fed,40,23,0.7438010054796886,0.4196428571428571,0.9003921568627451,0.015368569677165583,0.09489952096134013,0.7316141785044225,0.8265136994657626
23,cold_fed,41,23,0.7439938510511755,0.4196428571428571,0.9003921568627451,0.0153989700026206,0.09407359668376347,0.7320497185741088,0.8261233152578723
23,cold_fed,42,23,0.7439941949545205,0.4196428571428571,0.9003921568627451,0.015540922687858127,0.09250613976208943,0.7335881801125703,0.8260943198746598
23,cold_fed,43,23,0.7440906345114959,0.4107142857142857,0.9003921568627451,0.015716143461918228,0.09228942686333763,0.7335881801125703,0.825877606975908
23,cold_fed,44,23,0.7438662893132933,0.4017857142857143,0.9003921568627451,0.01602991754041249,0.091666169278112,0.7340237201822568,0.8256898894603688
23,cold_fed,45,23,0.7443116112554374,0.4017857142857143,0.9019607843137256,0.01597756951845329,0.09126038073759257,0.7342414902171,0.8255018709546925
23,cold_fed,46,23,0.7443195725530569,0.4017857142857143,0.9019607843137256,0.015978742534008137,0.09084024500053534,0.7344592602519432,0.8252995052524785
23,cold_fed,47,23,0.7443534666232318,0.4017857142857143,0.9019607843137256,0.015988461569974733,0.09233490880342932,0.733138568748325,0.8254734775517543
23,cold_fed,48,23,0.7443499691007619,0.4017857142857143,0.9019607843137256,0.01591239776133574,0.09259602141802303,0.7329207987134816,0.8255168201315046
23,cold_fed,49,23,0.7448015409465079,0.4017857142857143,0.9027450980392158,0.015795880635523032,0.09449740916122928,0.7309327258107746,0.8254301349720039
23,cold_fed,50,23,0.7454630839573627,0.4017857142857143,0.9019607843137256,0.015464446609607878,0.09441072400172856,0.7309327258107746,0.8253434498125032
23,cold_fed,51,23,0.745178645146703,0.3928571428571428,0.9019607843137256,0.015738624078802835,0.09359839077473542,0.7315860359153041,0.8251844266900396
23,cold_fed,52,23,0.7452509790133601,0.3928571428571428,0.9027450980392157,0.015749369608948502,0.09374412383675268,0.731368265880461,0.8251123897172137
23,cold_fed,53,23,0.7451659135624685,0.3928571428571428,0.903529411764706,0.015961098234636345,0.0935689402357055,0.7318038059501475,0.825372746185853
23,cold_fed,54,23,0.7451714875432359,0.3928571428571428,0.903529411764706,0.01595779554476909,0.09335117020086237,0.7320215759849906,0.825372746185853
23,cold_fed,55,23,0.7449230108112694,0.3839285714285714,0.904313725490196,0.01626804614162658,0.09317598659981507,0.7324571160546771,0.8256331026544922
23,cold_fed,56,23,0.7446653455291589,0.3839285714285714,0.904313725490196,0.016371619140022647,0.09304520271460981,0.7326748860895202,0.8257200888041301
23,cold_fed,57,23,0.7445156506493094,0.3839285714285714,0.904313725490196,0.016369392262554378,0.0928997706427297,0.7328926561243634,0.8257924267670931
23,cold_fed,58,23,0.7446046851450364,0.3839285714285714,0.904313725490196,0.016374598737862477,0.09301545118544285,0.7328926561243634,0.8259081073098062
23,cold_fed,59,23,0.7446290047160321,0.3839285714285714,0.904313725490196,0.016367457933611763,0.09262431083159817,0.7331104261592067,0.8257347369908049
23,cold_fed,60,23,0.7444972632354478,0.3839285714285714,0.904313725490196,0.016328095383856198,0.09285567191702482,0.7331104261592067,0.8259660980762316
23,cold_local,1,23,0.7361113690714902,0.4583333333333333,0.921875,0.013479329331113421,0.11189964435792421,0.6985198338247118,0.810419478182636
23,cold_local,2,23,0.7367559155753286,0.4583333333333333,0.9296875,0.013648302983840788,0.11300256582669932,0.6974169123559367,0.810419478182636
23,cold_local,3,23,0.7369282999671982,0.4583333333333333,0.9296875,0.01365973566183995,0.1123492557221697,0.6980702224604663,0.810419478182636
23,cold_local,4,23,0.7358603832151092,0.4652777777777778,0.921875,0.013765607759970705,0.11043027362026081,0.6978524524256231,0.8082827260458839
23,cold_local,5,23,0.7364057111575145,0.4722222222222222,0.921875,0.01362659103934852,0.11051154664761853,0.6980702224604663,0.8085817691080849
23,cold_local,6,23,0.7374869453619163,0.4722222222222222,0.921875,0.013454607925407975,0.11398096804065982,0.69763468239078,0.8116156504314398
23,cold_local,7,23,0.7379599980112544,0.4722222222222222,0.921875,0.013501962088175022,0.11598122316992654,0.6980702224604663,0.8140514456303929
23,cold_local,8,23,0.738436929401994,0.4722222222222222,0.921875,0.01359015223910604,0.11900312674061064,0.6971850710265344,0.816188197767145
23,cold_local,9,23,0.7392998743482586,0.4791666666666666,0.921875,0.013473897437391592,0.1187853567057674,0.6974028410613776,0.816188197767145
23,cold_local,10,23,0.7396233484900433,0.4791666666666666,0.921875,0.013477836460078073,0.11711039815982038,0.6993768426695256,0.816487240829346
23,cold_local,11,23,0.7410291852961829,0.4791666666666666,0.921875,0.01341487721220519,0.11749071424937907,0.6995946127043688,0.8170853269537479
23,cold_local,12,23,0.7411985250612636,0.4791666666666666,0.921875,0.013311895887846674,0.11705517417969269,0.7000301527740552,0.8170853269537479
23,cold_local,13,23,0.7414652338537786,0.4791666666666666,0.921875,0.013353680923455881,0.1181580956484678,0.6989272313052801,0.8170853269537479
23,cold_local,14,23,0.7415418604313705,0.4791666666666666,0.921875,0.013368543202639206,0.11720553800784861,0.6980420798713481,0.8152476178791968
23,cold_local,15,23,0.7418689004159625,0.486111111111111,0.921875,0.013294795912865108,0.11736808406256416,0.6984776199410345,0.8158457040035987
23,cold_local,16,23,0.7420853123160314,0.486111111111111,0.9296875,0.013519478492004461,0.11676999793816223,0.6984776199410345,0.8152476178791968
23,cold_local,17,23,0.7419751417827603,0.486111111111111,0.9296875,0.013868662000703828,0.1169797927879126,0.6986953899758778,0.8156751827637904
23,cold_local,18,23,0.7415658834858294,0.486111111111111,0.921875,0.013667826671959295,0.11125971306659788,0.7006693915840257,0.8119291046506236
23,cold_local,19,23,0.7420572951569923,0.486111111111111,0.921875,0.013659351450212244,0.10952689266232274,0.7026433931921736,0.8121702858544964
23,cold_local,20,23,0.741012704627296,0.486111111111111,0.921875,0.01377581255095211,0.11318971963708802,0.6971428571428572,0.8103325767799452
23,cold_local,21,23,0.7415228048398741,0.4930555555555555,0.9296875,0.013663125017475998,0.11348876269928898,0.6971428571428572,0.8106316198421462
23,cold_local,22,23,0.7415341257485584,0.4910714285714285,0.9296875,0.013715976861675201,0.11370653273413223,0.6969250871080139,0.8106316198421462
23,cold_local,23,23,0.7407125053317244,0.4910714285714285,0.9296875,0.01383763653743731,0.11562531036215251,0.6956043956043956,0.8112297059665481
23,cold_local,24,23,0.7412809362123521,0.4910714285714285,0.921875,0.013496573788263992,0.11562531036215251,0.6956043956043956,0.8112297059665481
23,cold_local,25,23,0.7412125944359442,0.4910714285714285,0.921875,0.013360165754167807,0.11738133746156854,0.6923097024926294,0.8096910399541979
23,cold_local,26,23,0.7416012147633595,0.4910714285714285,0.921875,0.013399538498052189,0.11827846664817143,0.6923097024926294,0.8105881691408008
23,cold_local,27,23,0.7405574373919511,0.4910714285714285,0.921875,0.013703374623257564,0.1155003821595606,0.693848164031091,0.8093485461906516
23,cold_local,28,23,0.7406492856198083,0.4910714285714285,0.921875,0.0137006368113458,0.11484707205503109,0.6945014741356205,0.8093485461906516
23,cold_local,29,23,0.7405402788581794,0.4821428571428571,0.921875,0.013939886151741078,0.11540397808385627,0.6945426542311971,0.8099466323150534
23,cold_local,30,23,0.7408489447996075,0.4910714285714285,0.921875,0.01368468945060396,0.11447600443408124,0.6942837041007772,0.8087597085348585
23,cold_local,31,23,0.7417561412379446,0.4910714285714285,0.921875,0.013336907779415945,0.11514351071979312,0.6940659340659341,0.8092094447857272
23,cold_local,32,23,0.7416595677761031,0.4910714285714285,0.921875,0.013373469204412987,0.11816755313172334,0.6916423210935406,0.809809874225264
23,cold_local,33,23,0.7412130993474745,0.4732142857142857,0.921875,0.01380253656820077,0.1184831356902416,0.692077861163227,0.8105609968534686
23,cold_local,34,23,0.7413862761692733,0.4732142857142857,0.921875,0.013653272086963231,0.11688352373862843,0.694051862771375,0.8109353865100034
23,cold_local,35,23,0.7416189358796167,0.4732142857142857,0.921875,0.013675874167954809,0.11711548995465404,0.6942696328062181,0.8113851227608722
23,cold_local,36,23,0.7416886565554137,0.4732142857142857,0.921875,0.013574575586170125,0.11873169795998395,0.6925780782065543,0.8113097761665382
23,cold_local,37,23,0.743094667711374,0.4821428571428571,0.921875,0.013077778003589073,0.11895539442785119,0.6925780782065543,0.8115334726344055
23,cold_local,38,23,0.7427813526930089,0.4821428571428571,0.921875,0.013227808353922121,0.11948047727305389,0.6925780782065543,0.8120585554796081
23,cold_local,39,23,0.742146175979585,0.4821428571428571,0.921875,0.013327230092901841,0.12098784813057795,0.6915957901942329,0.8125836383248108
23,cold_local,40,23,0.741778677742284,0.4821428571428571,0.921875,0.013309673941387011,0.12028788224011733,0.6918460198338247,0.812133902073942
23,cold_local,41,23,0.7418698730140455,0.4821428571428571,0.921875,0.01329199368905935,0.11972480788962969,0.6927081372465133,0.812432945136143
23,cold_local,42,23,0.7420204732403757,0.4821428571428571,0.921875,0.01330771945411215,0.1206847378259932,0.6924993299383544,0.8131840677643476
23,cold_local,43,23,0.7421512174992752,0.4821428571428571,0.921875,0.01331898474803585,0.12120389423817224,0.6922815599035111,0.8134854541416834
23,cold_local,44,23,0.7422096296418824,0.4821428571428571,0.921875,0.013332917945139062,0.12105320104950434,0.6922815599035111,0.8133347609530155
23,cold_local,45,23,0.7418081309077947,0.4821428571428571,0.921875,0.013510659618989323,0.12140649370050938,0.692151963720373,0.8135584574208824
23,cold_local,46,23,0.7412716193769447,0.4732142857142857,0.921875,0.013728830091950622,0.12207992641924537,0.692151963720373,0.8142318901396184
23,cold_local,47,23,0.7408357601135265,0.4553571428571429,0.921875,0.014040995483814366,0.12170553676271045,0.692151963720373,0.8138575004830835
23,cold_local,48,23,0.7412263759434581,0.4553571428571429,0.921875,0.013868057754425204,0.12140649370050949,0.692151963720373,0.8135584574208825
23,cold_local,49,23,0.7413275907685201,0.4553571428571429,0.921875,0.013874462297718342,0.1210763599573711,0.6927081372465131,0.8137844972038842
23,cold_local,50,23,0.7412653193509356,0.4553571428571429,0.921875,0.01388172987576826,0.12130005642523822,0.6927081372465131,0.8140081936717514
23,cold_local,51,23,0.7413877420077052,0.4553571428571429,0.921875,0.013878607548169481,0.12100335667817186,0.6927081372465133,0.8137114939246851
23,cold_local,52,23,0.7417662534124234,0.4553571428571429,0.921875,0.013782551055768867,0.12115404986683986,0.6927081372465133,0.8138621871133531
23,cold_local,53,23,0.7417683057804653,0.4553571428571429,0.921875,0.013770022788595725,0.12145543624417554,0.6927081372465133,0.8141635734906888
23,cold_local,54,23,0.7417322328306383,0.4553571428571429,0.921875,0.013737032942134608,0.12014301448871578,0.6942465987849749,0.8143896132736906
23,cold_local,55,23,0.7410996141949933,0.4553571428571429,0.921875,0.01373301188598751,0.12138008964984148,0.6927081372465133,0.8140882268963547
23,cold_local,56,23,0.7410539099872253,0.4553571428571429,0.921875,0.013728135974384902,0.12115639318197446,0.6927081372465133,0.8138645304284877
23,cold_local,57,23,0.7410792615553372,0.4553571428571429,0.921875,0.013701516029944728,0.1198439714265147,0.6942465987849749,0.8140905702114896
23,cold_local,58,23,0.7405514638872319,0.4553571428571429,0.921875,0.013819492738266837,0.12066575401878366,0.6942465987849749,0.8149123528037585
23,cold_local,59,23,0.7400846332622557,0.4464285714285714,0.921875,0.014061153214046801,0.12107357767139082,0.6936904252588346,0.8147640029302254
23,cold_local,60,23,0.7401095357936333,0.4464285714285714,0.921875,0.01406551234128665,0.12152331392225968,0.6936904252588346,0.8152137391810943
23,warm_fed,31,23,0.7441745011032066,0.4285714285714285,0.8988235294117647,0.015092498729150305,0.09622094352275434,0.73008978826052,0.8263107317832743
23,warm_fed,32,23,0.7435408345945607,0.4196428571428571,0.8988235294117647,0.015471072434513481,0.09600241734195669,0.7305253283302064,0.8265277456721631
23,warm_fed,33,23,0.7437691957394168,0.4196428571428571,0.8988235294117647,0.015467767870049824,0.095044309811258,0.7314977830574428,0.8265420928687008
23,warm_fed,34,23,0.7437058182083858,0.4196428571428571,0.899607843137255,0.015489688670382471,0.09632121973283836,0.7303075582953632,0.8266287780282016
23,warm_fed,35,23,0.7443438810593151,0.4196428571428571,0.899607843137255,0.015415282989374945,0.09579975064960555,0.7305253283302064,0.826325078979812
23,warm_fed,36,23,0.7440053607219446,0.4196428571428571,0.9003921568627451,0.015393375439820911,0.09564072752714192,0.7305253283302064,0.8261660558573484
23,warm_fed,37,23,0.744017331581869,0.4196428571428571,0.9003921568627451,0.015389570337632946,0.09579823835769707,0.7309608683998927,0.8267591067575898
23,warm_fed,38,23,0.7436767836624019,0.4196428571428571,0.9003921568627451,0.015372182637011267,0.09526090978601776,0.7316141785044225,0.8268750882904402
23,warm_fed,39,23,0.743796616804712,0.4196428571428571,0.9003921568627451,0.015369457090359083,0.09489952096134002,0.7316141785044226,0.8265136994657626
23,warm_fed,40,23,0.7438010054796886,0.4196428571428571,0.9003921568627451,0.015368569677165583,0.09489952096134013,0.7316141785044225,0.8265136994657626
23,warm_fed,41,23,0.7439938510511755,0.4196428571428571,0.9003921568627451,0.0153989700026206,0.09407359668376347,0.7320497185741088,0.8261233152578723
23,warm_fed,42,23,0.7439941949545205,0.4196428571428571,0.9003921568627451,0.015540922687858127,0.09250613976208943,0.7335881801125703,0.8260943198746598
23,warm_fed,43,23,0.7440906345114959,0.4107142857142857,0.9003921568627451,0.015716143461918228,0.09228942686333763,0.7335881801125703,0.825877606975908
23,warm_fed,44,23,0.7438662893132933,0.4017857142857143,0.9003921568627451,0.01602991754041249,0.091666169278112,0.7340237201822568,0.8256898894603688
23,warm_fed,45,23,0.7443116112554374,0.4017857142857143,0.9019607843137256,0.01597756951845329,0.09126038073759257,0.7342414902171,0.8255018709546925
23,warm_fed,46,23,0.7443195725530569,0.4017857142857143,0.9019607843137256,0.015978742534008137,0.09084024500053534,0.7344592602519432,0.8252995052524785
23,warm_fed,47,23,0.7443534666232318,0.4017857142857143,0.9019607843137256,0.015988461569974733,0.09233490880342932,0.733138568748325,0.8254734775517543
23,warm_fed,48,23,0.7443499691007619,0.4017857142857143,0.9019607843137256,0.01591239776133574,0.09259602141802303,0.7329207987134816,0.8255168201315046
23,warm_fed,49,23,0.7448015409465079,0.4017857142857143,0.9027450980392158,0.015795880635523032,0.09449740916122928,0.7309327258107746,0.8254301349720039
23,warm_fed,50,23,0.7454630839573627,0.4017857142857143,0.9019607843137256,0.015464446609607878,0.09441072400172856,0.7309327258107746,0.8253434498125032
23,warm_fed,51,23,0.745178645146703,0.3928571428571428,0.9019607843137256,0.015738624078802835,0.09359839077473542,0.7315860359153041,0.8251844266900396
23,warm_fed,52,23,0.7452509790133601,0.3928571428571428,0.9027450980392157,0.015749369608948502,0.09374412383675268,0.731368265880461,0.8251123897172137
23,warm_fed,53,23,0.7451659135624685,0.3928571428571428,0.903529411764706,0.015961098234636345,0.0935689402357055,0.7318038059501475,0.825372746185853
23,warm_fed,54,23,0.7451714875432359,0.3928571428571428,0.903529411764706,0.01595779554476909,0.09335117020086237,0.7320215759849906,0.825372746185853
23,warm_fed,55,23,0.7449230108112694,0.3839285714285714,0.904313725490196,0.01626804614162658,0.09317598659981507,0.7324571160546771,0.8256331026544922
23,warm_fed,56,23,0.7446653455291589,0.3839285714285714,0.904313725490196,0.016371619140022647,0.09304520271460981,0.7326748860895202,0.8257200888041301
23,warm_fed,57,23,0.7445156506493094,0.3839285714285714,0.904313725490196,0.016369392262554378,0.0928997706427297,0.7328926561243634,0.8257924267670931
23,warm_fed,58,23,0.7446046851450364,0.3839285714285714,0.904313725490196,0.016374598737862477,0.09301545118544285,0.7328926561243634,0.8259081073098062
23,warm_fed,59,23,0.7446290047160321,0.3839285714285714,0.904313725490196,0.016367457933611763,0.09262431083159817,0.7331104261592067,0.8257347369908049
23,warm_fed,60,23,0.7444972632354478,0.3839285714285714,0.904313725490196,0.016328095383856198,0.09285567191702482,0.7331104261592067,0.8259660980762316
23,warm_local,31,23,0.7429294549892987,0.4196428571428571,0.8980392156862745,0.01562575527019094,0.09680851566477988,0.7292965858309466,0.8261051014957265
23,warm_local,32,23,0.7433799922370848,0.4196428571428571,0.8972549019607843,0.015343653926995606,0.09906696067006804,0.7267950951487536,0.8258620558188217
23,warm_local,33,23,0.7411596082029194,0.4196428571428571,0.8972549019607843,0.01585454708124046,0.09851277646247159,0.7272306352184401,0.8257434116809117
23,warm_local,34,23,0.7406742536673494,0.4196428571428571,0.8949019607843138,0.016005269541942778,0.10115567176161677,0.7241537121415171,0.8253093839031339
23,warm_local,35,23,0.7430868961569123,0.4375,0.8949019607843138,0.0154219470918801,0.10278272491868423,0.7228330206378987,0.8256157455565829
23,warm_local,36,23,0.7429372800719949,0.4375,0.8964705882352941,0.015555355138689476,0.10598937474472114,0.7197560975609756,0.8257454723056967
23,warm_local,37,23,0.744045544668306,0.4375,0.90625,0.01588653709652843,0.10765892115852527,0.7179998659876708,0.8256587871461961
23,warm_local,38,23,0.7432030079240982,0.4375,0.8984375,0.015884001830650384,0.10841480099916045,0.7168969445188957,0.8253117455180562
23,warm_local,39,23,0.7447092179712634,0.4464285714285714,0.90625,0.015646664583726266,0.10644612685520383,0.7186531760922005,0.8250993029474043
23,warm_local,40,23,0.744700647334775,0.4464285714285714,0.90625,0.015450467392516255,0.10622456922858292,0.7171147145537389,0.8233392837823218
23,warm_local,41,23,0.7460400165046603,0.4642857142857142,0.90625,0.014652631550730573,0.10836580352171588,0.7155762530152774,0.8239420565369933
23,warm_local,42,23,0.7459939479215832,0.4642857142857142,0.90625,0.014650849839710123,0.10711667102065381,0.715140712945591,0.8222573839662448
23,warm_local,43,23,0.746418560342628,0.4732142857142857,0.9140625,0.014583429637594575,0.10834995859000196,0.7118460198338246,0.8201959784238265
23,warm_local,44,23,0.745687677260474,0.4732142857142857,0.9140625,0.014626162364644639,0.10981755569051033,0.7087690967569016,0.8185866524474119
23,warm_local,45,23,0.7454439765317147,0.4732142857142857,0.921875,0.014822007994734359,0.10967513225000103,0.7089868667917448,0.8186619990417459
23,warm_local,46,23,0.7462743738510775,0.4732142857142857,0.921875,0.014505004429020274,0.10975047884433498,0.7089868667917448,0.8187373456360798
23,warm_local,47,23,0.7459673600309086,0.4732142857142857,0.9296875,0.014805174578537462,0.11099582375361927,0.7076661752881266,0.8186619990417459
23,warm_local,48,23,0.7457572292136792,0.4732142857142857,0.9296875,0.014806285332188479,0.11100409350177798,0.7078839453229697,0.8188880388247477
23,warm_local,49,23,0.7464992314201472,0.4732142857142857,0.9296875,0.014558443294754902,0.11123840303293842,0.7081017153578129,0.8193401183907513
23,warm_local,50,23,0.7459451802315731,0.4732142857142857,0.9296875,0.014864495494398399,0.11132201937543085,0.7083194853926562,0.8196415047680871
23,warm_local,51,23,0.7461839223137885,0.4732142857142857,0.9296875,0.014891367675565642,0.11117959593492155,0.7085372554274993,0.8197168513624209
23,warm_local,52,23,0.745623261564732,0.4732142857142857,0.9296875,0.014963989467873591,0.1100704186726108,0.7074343339587241,0.8175047526313349
23,warm_local,53,23,0.7456206073760822,0.4732142857142857,0.9296875,0.014984206760096428,0.11107108018211997,0.7067810238541946,0.8178521040363146
23,warm_local,54,23,0.7453430976129145,0.4821428571428571,0.9140625,0.014527591250271312,0.11137012324432083,0.7067810238541946,0.8181511470985154
23,warm_local,55,23,0.7455693967103438,0.4821428571428571,0.9140625,0.014337211721907795,0.11093458317463456,0.707216563923881,0.8181511470985156
23,warm_local,56,23,0.7463732879736832,0.4910714285714285,0.9140625,0.014082840541154629,0.11153266929903649,0.707216563923881,0.8187492332229175
23,warm_local,57,23,0.7460628931450539,0.4910714285714285,0.9140625,0.014053778706427126,0.11042954335637267,0.7067810238541946,0.8172105672105673
23,warm_local,58,23,0.7463547777007702,0.4910714285714285,0.9140625,0.013924197927466908,0.11021177332152943,0.7069987938890379,0.8172105672105673
23,warm_local,59,23,0.7468264326984514,0.5,0.9140625,0.013708466193849323,0.10999400328668629,0.707216563923881,0.8172105672105673
23,warm_local,60,23,0.74710971394275,0.5,0.9140625,0.013654141207494747,0.10969496022448533,0.707216563923881,0.8169115241483663
37,cold_fed,1,23,0.7212035569107872,0.4140625,0.868235294117647,0.016031511392466467,0.11564778442255574,0.6952106227106227,0.8108584071331785
37,cold_fed,2,23,0.7224617466665727,0.421875,0.868235294117647,0.015855316866634585,0.11505274098643004,0.6967490842490842,0.8118018252355143
37,cold_fed,3,23,0.7227014640912494,0.421875,0.868235294117647,0.01588632833337584,0.11528477697494466,0.6961538461538461,0.8114386231287908
37,cold_fed,4,23,0.7230556000128897,0.4296875,0.8674509803921568,0.015637291234281637,0.11617087921394331,0.695558608058608,0.8117294872725513
37,cold_fed,5,23,0.722779640449554,0.4296875,0.8666666666666667,0.0158178079790799,0.11778167871536771,0.6940201465201465,0.8118018252355143
37,cold_fed,6,23,0.7234968017253687,0.4296875,0.8650980392156863,0.015885923694779678,0.11915988074143558,0.6940201465201465,0.8131800272615821
37,cold_fed,7,23,0.7241555068889415,0.4375,0.864313725490196,0.015683850842512493,0.11775031688331994,0.6961538461538461,0.8139041630371661
37,cold_fed,8,23,0.7250167290540986,0.4375,0.8635294117647059,0.01566006825555951,0.1193039951805196,0.6949633699633699,0.8142673651438895
37,cold_fed,9,23,0.7252099536766664,0.4375,0.8635294117647059,0.015665068281404012,0.11946293706011701,0.6943681318681318,0.8138310689282489
37,cold_fed,10,23,0.7245382919375727,0.4375,0.8635294117647059,0.015484863174325021,0.11975304505792317,0.6943681318681318,0.814121176926055
37,cold_fed,11,23,0.7253142664607016,0.4375,0.8627450980392157,0.015551798107004787,0.11818453932021011,0.6970970695970695,0.8152816089172796
37,cold_fed,12,23,0.7260932734351373,0.4444444444444444,0.8627450980392157,0.015370250164357679,0.11905410716767428,0.6970970695970695,0.8161511767647438
37,cold_fed,13,23,0.7273704728523632,0.4444444444444444,0.8611764705882353,0.014992855359629782,0.12169512334718136,0.6959065934065933,0.8176017167537747
37,cold_fed,14,23,0.7280156343793607,0.4444444444444444,0.8603921568627451,0.014810772800960485,0.12220300137983076,0.6959065934065933,0.8181095947864241
37,cold_fed,15,23,0.7274045595323047,0.4444444444444444,0.8619607843137255,0.015038625149659101,0.12041275797373363,0.6959065934065933,0.816319351380327
37,cold_fed,16,23,0.7280860522084379,0.4444444444444444,0.8619607843137255,0.01476222813083855,0.12195121951219512,0.6943681318681318,0.816319351380327
37,cold_fed,17,23,0.7288370547194591,0.4444444444444444,0.8603921568627451,0.014638509613121848,0.12276422764227646,0.6937728937728938,0.8165371214151702
37,cold_fed,18,23,0.7292033553383747,0.4444444444444444,0.8588235294117648,0.01448713269761248,0.12473822925042433,0.6922344322344323,0.8169726614848566
37,cold_fed,19,23,0.7292401916332835,0.4444444444444444,0.8580392156862746,0.014501597966431303,0.1259287054409005,0.6910439560439561,0.8169726614848566
37,cold_fed,20,23,0.729503174098196,0.4444444444444444,0.8580392156862746,0.014533732134863975,0.12539153935495395,0.6922344322344323,0.8176259715893862
37,cold_fed,21,23,0.7301825913010174,0.4444444444444444,0.8580392156862746,0.014459905217903996,0.12598677745019204,0.6916391941391942,0.8176259715893862
37,cold_fed,22,23,0.7306974232353861,0.4513888888888888,0.8580392156862746,0.014274063029521495,0.1246660859465738,0.6931776556776557,0.8178437416242295
37,cold_fed,23,23,0.7311019354848901,0.4513888888888888,0.855686274509804,0.014106471335536275,0.12523184132940224,0.6928296703296704,0.8180615116590726
37,cold_fed,24,23,0.7311772189066805,0.4513888888888888,0.8549019607843138,0.014275219931870657,0.12385307781649246,0.6937728937728938,0.8176259715893862
37,cold_fed,25,23,0.7311472232371411,0.4513888888888888,0.8564705882352941,0.014299119463121344,0.12544961136424548,0.6928296703296704,0.8182792816939158
37,cold_fed,26,23,0.7310902935630436,0.4513888888888888,0.855686274509804,0.014425315606947585,0.1250140712945591,0.6928296703296704,0.8178437416242295
37,cold_fed,27,23,0.7303122585227066,0.4513888888888888,0.855686274509804,0.014694199921594254,0.12796077905834002,0.6901007326007326,0.8180615116590726
37,cold_fed,28,23,0.7303071094741374,0.4513888888888888,0.855686274509804,0.014716095578755644,0.13031224872688274,0.6879670329670331,0.8182792816939158
37,cold_fed,29,23,0.7308629498470529,0.4513888888888888,0.855686274509804,0.014606362807214203,0.12928147056195827,0.6885622710622712,0.8178437416242295
37,cold_fed,30,23,0.7311396181864073,0.4513888888888888,0.855686274509804,0.014632459520988194,0.12971701063164465,0.6885622710622712,0.8182792816939158
37,cold_fed,31,23,0.7313005769137098,0.4513888888888888,0.855686274509804,0.014480435877869992,0.12550455641919045,0.6879670329670331,0.8134715893862235
37,cold_fed,32,23,0.7320561876004331,0.4513888888888888,0.855686274509804,0.01415611990710386,0.12594009648887683,0.6879670329670331,0.8139071294559099
37,cold_fed,33,23,0.7330841260620456,0.4583333333333333,0.855686274509804,0.013821865569155467,0.12299338872509602,0.6906959706959708,0.8136893594210668
37,cold_fed,34,23,0.7337379217390589,0.4583333333333333,0.855686274509804,0.013555314140649383,0.12364669882962565,0.6906959706959708,0.8143426695255964
37,cold_fed,35,23,0.7335864376384243,0.4583333333333333,0.8549019607843138,0.013697566721468435,0.12386446886446878,0.6906959706959708,0.8145604395604396
37,cold_fed,36,23,0.7341159803699919,0.4583333333333333,0.8549019607843138,0.013577128815781318,0.12310953274367908,0.691886446886447,0.814995979630126
37,cold_fed,37,23,0.7340509338031458,0.4583333333333333,0.8533333333333333,0.01356373468012337,0.12124357529127971,0.6930769230769231,0.8143204983682029
37,cold_fed,38,23,0.7336486804110247,0.4583333333333333,0.8533333333333333,0.01371993996246059,0.12247779928106306,0.6915384615384617,0.8140162608195247
37,cold_fed,39,23,0.7343506937760901,0.4583333333333333,0.8525490196078431,0.013637030695207115,0.1237780309121772,0.6909432234432235,0.8147212543554007
37,cold_fed,40,23,0.7342826850210183,0.4583333333333333,0.8525490196078431,0.01375022012042504,0.1230230947913874,0.6921336996336998,0.8151567944250872
37,cold_fed,41,23,0.7346797560432349,0.4652777777777778,0.8525490196078431,0.013579436443626273,0.12302309479138729,0.6921336996336998,0.815156794425087
37,cold_fed,42,23,0.7342948885078726,0.4652777777777778,0.851764705882353,0.01351070900681553,0.12264562673099244,0.6927289377289378,0.8153745644599303
37,cold_fed,43,23,0.7346522328082641,0.4652777777777778,0.8501960784313726,0.01355381172848243,0.126217055302421,0.6927289377289378,0.8189459930313588
37,cold_fed,44,23,0.7348340180888969,0.4652777777777778,0.8509803921568628,0.013534566174140932,0.12348811757348332,0.6954578754578755,0.8189459930313588
37,cold_fed,45,23,0.734882217368164,0.4652777777777778,0.8501960784313726,0.013547517684968868,0.12392365764316982,0.6954578754578755,0.8193815331010453
37,cold_fed,46,23,0.7349904168868534,0.4652777777777778,0.8501960784313726,0.013584827172804041,0.12517220584293742,0.6948626373626374,0.8200348432055748
37,cold_fed,47,23,0.7356183264042299,0.4652777777777778,0.8501960784313726,0.01335818449513681,0.12473666577325104,0.6948626373626374,0.8195993031358885
37,cold_fed,48,23,0.7352614527552067,0.4652777777777778,0.8486274509803922,0.013309566792305211,0.12473666577325104,0.6948626373626374,0.8195993031358885
37,cold_fed,49,23,0.7359659191898744,0.4722222222222222,0.8486274509803922,0.013036151817325618,0.1258528884310134,0.6942673992673993,0.8201202876984127
37,cold_fed,50,23,0.7359216967606493,0.4722222222222222,0.8470588235294118,0.013027593404239835,0.12598521397301876,0.6942673992673993,0.8202526132404181
37,cold_fed,51,23,0.7364226531073045,0.4722222222222222,0.8470588235294118,0.012929580515847895,0.126202984007862,0.6942673992673993,0.8204703832752613
37,cold_fed,52,23,0.7369155962910938,0.4722222222222222,0.847843137254902,0.012825378101257102,0.1256077459126239,0.6948626373626374,0.8204703832752613
37,cold_fed,53,23,0.7373263024290074,0.4743589743589743,0.847843137254902,0.01267292524810027,0.12582551594746705,0.6948626373626374,0.8206881533101045
37,cold_fed,54,23,0.7373965477076484,0.4791666666666666,0.847843137254902,0.012481903434509235,0.12441726972214773,0.6960531135531136,0.8204703832752613
37,cold_fed,55,23,0.7376261651384826,0.4791666666666666,0.8470588235294118,0.012449652765419393,0.12190610202805319,0.6987820512820513,0.8206881533101045
37,cold_fed,56,23,0.7375776587030011,0.4791666666666666,0.8470588235294118,0.012440848858175015,0.12125279192352356,0.6987820512820513,0.8200348432055748
37,cold_fed,57,23,0.7381230591969512,0.4861111111111111,0.8454901960784313,0.01212239763760049,0.12147056195836681,0.6987820512820513,0.8202526132404181
37,cold_fed,58,23,0.7382946611306823,0.4861111111111111,0.8454901960784313,0.01212919734607455,0.12087532386312871,0.6993772893772894,0.8202526132404181
37,cold_fed,59,23,0.7382188800107451,0.4861111111111111,0.8454901960784313,0.01212794899785773,0.12181854730635211,0.698434065934066,0.8202526132404181
37,cold_fed,60,23,0.7383785027923008,0.4861111111111111,0.8454901960784313,0.011980197428704419,0.12241378540159031,0.6978388278388278,0.8202526132404181
37,cold_local,1,23,0.7291737307794434,0.4791666666666666,0.8627450980392157,0.011028607445160068,0.10114535870633423,0.6940201465201465,0.7951655052264808
37,cold_local,2,23,0.7301409960475133,0.4791666666666666,0.8619607843137255,0.01101318213867563,0.10298567841990058,0.6930769230769231,0.7960626014968237
37,cold_local,3,23,0.7301848000497957,0.4791666666666666,0.8596078431372549,0.011294409044329217,0.10609555079067268,0.6930769230769231,0.7991724738675958
37,cold_local,4,23,0.7317021996368765,0.4791666666666666,0.8572549019607842,0.011095905854281335,0.1080990351112302,0.6948626373626374,0.8029616724738676
37,cold_local,5,23,0.7326265682211989,0.4791666666666666,0.8572549019607842,0.010906826675547255,0.10603747878138114,0.6960531135531136,0.8020905923344948
37,cold_local,6,23,0.7333468536750902,0.4791666666666666,0.855686274509804,0.01079097197545093,0.10705909496510169,0.6964010989010989,0.8034601938662006
37,cold_local,7,23,0.7341970667117883,0.4791666666666666,0.8541176470588235,0.010692611996855839,0.10582955420552753,0.6981868131868132,0.8040163673923407
37,cold_local,8,23,0.7349087474349992,0.4722222222222222,0.8533333333333333,0.010731021054120944,0.10471720715324717,0.6981868131868132,0.8029040203400604
37,cold_local,9,23,0.7346570212450452,0.4652777777777778,0.8549019607843137,0.010926335409234905,0.10412196905800908,0.6987820512820513,0.8029040203400604
37,cold_local,10,23,0.7356255191666965,0.4652777777777778,0.8549019607843138,0.01090869730429797,0.1023362547722948,0.7005677655677656,0.8029040203400604
37,cold_local,11,23,0.7366521270617201,0.4652777777777778,0.8541176470588235,0.011040224431068888,0.10254444295044962,0.7009157509157509,0.8034601938662005
37,cold_local,12,23,0.7372495380242177,0.4583333333333333,0.8541176470588235,0.010988180092839583,0.10175600821942288,0.7018589743589744,0.8036149825783973
37,cold_local,13,23,0.7368458344258125,0.4583333333333333,0.8549019607843138,0.010980111112313484,0.10425202809796807,0.7003205128205128,0.8045725409184808
37,cold_local,14,23,0.7376967008879286,0.4652777777777778,0.8541176470588235,0.010791433328024113,0.09998462883056869,0.7045879120879122,0.8045725409184808
37,cold_local,15,23,0.7378669006051153,0.4652777777777778,0.8533333333333334,0.010883232234931223,0.09959757891348553,0.7055311355311356,0.8051287144446211
37,cold_local,16,23,0.7385110074655963,0.4652777777777778,0.8533333333333334,0.010710277576776051,0.10011468787052769,0.7061263736263736,0.8062410614969013
37,cold_local,17,23,0.7386641510780853,0.4652777777777778,0.8494117647058824,0.010714737399439973,0.1012660994919059,0.7055311355311356,0.8067972350230415
37,cold_local,18,23,0.7393157246693672,0.4652777777777778,0.8494117647058824,0.01065415251559594,0.10067086139666781,0.7061263736263736,0.8067972350230415
37,cold_local,19,23,0.7401161767308051,0.4652777777777778,0.8501960784313727,0.010706931559639187,0.10118797035371008,0.7067216117216117,0.8079095820753218
37,cold_local,20,23,0.7410427091409776,0.4722222222222222,0.8509803921568628,0.010431454695604225,0.10118797035371008,0.7067216117216117,0.8079095820753218
37,cold_local,21,23,0.7410306458092681,0.4652777777777778,0.8501960784313726,0.010619726142646757,0.10110984121551425,0.7079120879120879,0.8090219291276022
37,cold_local,22,23,0.7417072110536501,0.4652777777777778,0.8501960784313726,0.010377094213467775,0.10345172902736866,0.7061263736263736,0.8095781026537423
37,cold_local,23,23,0.7427231546541929,0.4791666666666667,0.8501960784313726,0.009900186487008288,0.10341266445827069,0.7067216117216117,0.8101342761798824
37,cold_local,24,23,0.7438232243865832,0.4791666666666667,0.8486274509803922,0.009785076920653125,0.1046812697869427,0.7079120879120879,0.8125933576990306
37,cold_local,25,23,0.7442042941839159,0.4791666666666667,0.847843137254902,0.009799504181296631,0.10464220521784484,0.708507326007326,0.8131495312251709
37,cold_local,26,23,0.7444761622095106,0.4791666666666667,0.8454901960784313,0.009786146452260825,0.10733207837768455,0.7063736263736264,0.813705704751311
37,cold_local,27,23,0.7446783469576388,0.4791666666666667,0.8407843137254902,0.009633369467373759,0.10708482563043176,0.7066208791208792,0.813705704751311
37,cold_local,28,23,0.7447528369544124,0.4791666666666667,0.8407843137254902,0.009697793904716796,0.10206322170136128,0.7110863095238096,0.8131495312251709
37,cold_local,29,23,0.744745786956873,0.4791666666666667,0.8392156862745098,0.0097881425043177,0.0993083833227395,0.7143973214285715,0.813705704751311
37,cold_local,30,23,0.744348179880487,0.4722222222222222,0.8384313725490197,0.009906849619688947,0.09395124046559666,0.7161830357142858,0.8101342761798824
37,cold_local,31,23,0.743797478584031,0.4722222222222222,0.8376470588235294,0.009965116992177623,0.09216552617988238,0.71796875,0.8101342761798824
37,cold_local,32,23,0.7438428999851494,0.4722222222222222,0.8376470588235294,0.010006968565269708,0.09212646161078442,0.7185639880952381,0.8106904497060226
37,cold_local,33,23,0.7439645678907216,0.4722222222222222,0.8376470588235294,0.01002857876589467,0.09327787323216263,0.71796875,0.8112466232321627
37,cold_local,34,23,0.744059061985974,0.4722222222222222,0.8373015873015872,0.010019751312988039,0.09212646161078442,0.7185639880952381,0.8106904497060226
37,cold_local,35,23,0.7433354792555287,0.4722222222222222,0.8373015873015872,0.010400911179803081,0.09153122351554632,0.7191592261904762,0.8106904497060226
37,cold_local,36,23,0.7436409501530471,0.4722222222222222,0.8373015873015872,0.010435562551256383,0.09034074732507014,0.7203497023809524,0.8106904497060226
37,cold_local,37,23,0.7436056993382233,0.4652777777777778,0.8373015873015872,0.010605732161025297,0.08974550922983204,0.7209449404761905,0.8106904497060226
37,cold_local,38,23,0.7435398509877159,0.4583333333333333,0.8373015873015872,0.010871510761992918,0.08822374667865773,0.7221354166666667,0.8103591633453244
37,cold_local,39,23,0.7436623968838919,0.4583333333333333,0.8373015873015872,0.010872720538994025,0.08827558385487333,0.7227306547619048,0.8110062386167781
37,cold_local,40,23,0.7437311625315483,0.4583333333333333,0.8373015873015872,0.010987013362847681,0.08387509769887247,0.7272321428571429,0.8111072405560154
37,cold_local,41,23,0.7436087746321182,0.4583333333333333,0.8373015873015872,0.011121825556013133,0.08478344180574604,0.7266369047619048,0.8114203465676508
37,cold_local,42,23,0.7438900059246031,0.4583333333333333,0.8373015873015872,0.011313902678168527,0.08602709137903475,0.7266369047619048,0.8126639961409395
37,cold_local,43,23,0.7439782822306422,0.4583333333333333,0.8373015873015872,0.011313702692483794,0.08553285522303389,0.7272321428571429,0.8127649980801768
37,cold_local,44,23,0.7430330236279805,0.4583333333333333,0.8373015873015872,0.011686771343481615,0.08613952971879257,0.7272321428571429,0.8133716725759355
37,cold_local,45,23,0.7430390002314275,0.4583333333333333,0.8373015873015872,0.01167850909979688,0.08566415774404224,0.7272321428571429,0.8128963006011851
37,cold_local,46,23,0.7431155209903811,0.4583333333333333,0.8386243386243386,0.011687313649582214,0.08526082333335494,0.727827380952381,0.8130882042857359
37,cold_local,47,23,0.7435032076211224,0.4652777777777778,0.8399470899470899,0.011511686762900082,0.08466692144471377,0.7290178571428572,0.8136847785875709
37,cold_local,48,23,0.7437807931920339,0.4652777777777778,0.8399470899470899,0.011356128561144475,0.08532409691009124,0.7290178571428572,0.8143419540529484
37,cold_local,49,23,0.7442891636327235,0.4652777777777778,0.8412698412698412,0.011256522155764061,0.08533553331061183,0.7296130952380953,0.8149486285487071
37,cold_local,50,23,0.7441462014070942,0.4652777777777778,0.8412698412698412,0.01135652180419682,0.08543787145644599,0.7302083333333333,0.8156462047897793
37,cold_local,51,23,0.7444976323171725,0.4652777777777778,0.8425925925925926,0.011399481176066713,0.08598394478866234,0.7302083333333333,0.8161922781219957
37,cold_local,52,23,0.7448403995853967,0.4652777777777778,0.8412698412698412,0.011263587931758834,0.08371142212767713,0.7313988095238095,0.8151102316514867
37,cold_local,53,23,0.7448564607559487,0.4652777777777778,0.8412698412698412,0.011261699202777168,0.0838326244547618,0.7313988095238095,0.8152314339785713
37,cold_local,54,23,0.7447066155848632,0.4722222222222222,0.8399470899470899,0.011180458269743763,0.08394372658792282,0.7313988095238095,0.8153425361117324
37,cold_local,55,23,0.7449191726338941,0.4722222222222222,0.8399470899470899,0.01119326751982885,0.08416811057505202,0.7323170731707318,0.8164851837457838
37,cold_local,56,23,0.7449448101976431,0.4722222222222222,0.8399470899470899,0.011200743957935234,0.08428558454338586,0.7324059959349594,0.8166915804783452
37,cold_local,57,23,0.7451756874812061,0.4722222222222222,0.83994708994709,0.011221863289712085,0.08341984518948287,0.7325076219512195,0.8159274671407024
37,cold_local,58,23,0.7449505884796126,0.4722222222222222,0.8386243386243386,0.011215188625882024,0.08297427226049903,0.7325711382113821,0.8155454104718811
37,cold_local,59,23,0.7450414132788282,0.4722222222222222,0.83994708994709,0.011229441825590035,0.08256396789485021,0.7325892857142857,0.8151532536091359
37,cold_local,60,23,0.7451496169994718,0.4722222222222222,0.83994708994709,0.011244210106589653,0.08256396789485021,0.7325892857142857,0.8151532536091359
37,warm_fed,31,23,0.7313005769137098,0.4513888888888888,0.855686274509804,0.014480435877869992,0.12550455641919045,0.6879670329670331,0.8134715893862235
37,warm_fed,32,23,0.7320561876004331,0.4513888888888888,0.855686274509804,0.01415611990710386,0.12594009648887683,0.6879670329670331,0.8139071294559099
37,warm_fed,33,23,0.7330841260620456,0.4583333333333333,0.855686274509804,0.013821865569155467,0.12299338872509602,0.6906959706959708,0.8136893594210668
37,warm_fed,34,23,0.7337379217390589,0.4583333333333333,0.855686274509804,0.013555314140649383,0.12364669882962565,0.6906959706959708,0.8143426695255964
37,warm_fed,35,23,0.7335864376384243,0.4583333333333333,0.8549019607843138,0.013697566721468435,0.12386446886446878,0.6906959706959708,0.8145604395604396
37,warm_fed,36,23,0.7341159803699919,0.4583333333333333,0.8549019607843138,0.013577128815781318,0.12310953274367908,0.691886446886447,0.814995979630126
37,warm_fed,37,23,0.7340509338031458,0.4583333333333333,0.8533333333333333,0.01356373468012337,0.12124357529127971,0.6930769230769231,0.8143204983682029
37,warm_fed,38,23,0.7336486804110247,0.4583333333333333,0.8533333333333333,0.01371993996246059,0.12247779928106306,0.6915384615384617,0.8140162608195247
37,warm_fed,39,23,0.7343506937760901,0.4583333333333333,0.8525490196078431,0.013637030695207115,0.1237780309121772,0.6909432234432235,0.8147212543554007
37,warm_fed,40,23,0.7342826850210183,0.4583333333333333,0.8525490196078431,0.01375022012042504,0.1230230947913874,0.6921336996336998,0.8151567944250872
37,warm_fed,41,23,0.7346797560432349,0.4652777777777778,0.8525490196078431,0.013579436443626273,0.12302309479138729,0.6921336996336998,0.815156794425087
37,warm_fed,42,23,0.7342948885078726,0.4652777777777778,0.851764705882353,0.01351070900681553,0.12264562673099244,0.6927289377289378,0.8153745644599303
37,warm_fed,43,23,0.7346522328082641,0.4652777777777778,0.8501960784313726,0.01355381172848243,0.126217055302421,0.6927289377289378,0.8189459930313588
37,warm_fed,44,23,0.7348340180888969,0.4652777777777778,0.8509803921568628,0.013534566174140932,0.12348811757348332,0.6954578754578755,0.8189459930313588
37,warm_fed,45,23,0.734882217368164,0.4652777777777778,0.8501960784313726,0.013547517684968868,0.12392365764316982,0.6954578754578755,0.8193815331010453
37,warm_fed,46,23,0.7349904168868534,0.4652777777777778,0.8501960784313726,0.013584827172804041,0.12517220584293742,0.6948626373626374,0.8200348432055748
37,warm_fed,47,23,0.7356183264042299,0.4652777777777778,0.8501960784313726,0.01335818449513681,0.12473666577325104,0.6948626373626374,0.8195993031358885
37,warm_fed,48,23,0.7352614527552067,0.4652777777777778,0.8486274509803922,0.013309566792305211,0.12473666577325104,0.6948626373626374,0.8195993031358885
37,warm_fed,49,23,0.7359659191898744,0.4722222222222222,0.8486274509803922,0.013036151817325618,0.1258528884310134,0.6942673992673993,0.8201202876984127
37,warm_fed,50,23,0.7359216967606493,0.4722222222222222,0.8470588235294118,0.013027593404239835,0.12598521397301876,0.6942673992673993,0.8202526132404181
37,warm_fed,51,23,0.7364226531073045,0.4722222222222222,0.8470588235294118,0.012929580515847895,0.126202984007862,0.6942673992673993,0.8204703832752613
37,warm_fed,52,23,0.7369155962910938,0.4722222222222222,0.847843137254902,0.012825378101257102,0.1256077459126239,0.6948626373626374,0.8204703832752613
37,warm_fed,53,23,0.7373263024290074,0.4743589743589743,0.847843137254902,0.01267292524810027,0.12582551594746705,0.6948626373626374,0.8206881533101045
37,warm_fed,54,23,0.7373965477076484,0.4791666666666666,0.847843137254902,0.012481903434509235,0.12441726972214773,0.6960531135531136,0.8204703832752613
37,warm_fed,55,23,0.7376261651384826,0.4791666666666666,0.8470588235294118,0.012449652765419393,0.12190610202805319,0.6987820512820513,0.8206881533101045
37,warm_fed,56,23,0.7375776587030011,0.4791666666666666,0.8470588235294118,0.012440848858175015,0.12125279192352356,0.6987820512820513,0.8200348432055748
37,warm_fed,57,23,0.7381230591969512,0.4861111111111111,0.8454901960784313,0.01212239763760049,0.12147056195836681,0.6987820512820513,0.8202526132404181
37,warm_fed,58,23,0.7382946611306823,0.4861111111111111,0.8454901960784313,0.01212919734607455,0.12087532386312871,0.6993772893772894,0.8202526132404181
37,warm_fed,59,23,0.7382188800107451,0.4861111111111111,0.8454901960784313,0.01212794899785773,0.12181854730635211,0.698434065934066,0.8202526132404181
37,warm_fed,60,23,0.7383785027923008,0.4861111111111111,0.8454901960784313,0.011980197428704419,0.12241378540159031,0.6978388278388278,0.8202526132404181
37,warm_local,31,23,0.733138917004049,0.4513888888888888,0.8549019607843138,0.01384544909894726,0.12152707049048506,0.6912912087912089,0.8128182792816939
37,warm_local,32,23,0.7348417192248331,0.4583333333333333,0.855686274509804,0.012927034485002724,0.11755070133118917,0.6952106227106227,0.8127613240418119
37,warm_local,33,23,0.7374747846802887,0.4791666666666666,0.8564705882352941,0.011928780152118542,0.11482176360225149,0.6979395604395604,0.8127613240418119
37,warm_local,34,23,0.7390921154901035,0.4861111111111111,0.8549019607843138,0.011168461005727071,0.112032898056033,0.6994780219780219,0.8115109200340549
37,warm_local,35,23,0.7391145290229959,0.4861111111111111,0.855686274509804,0.01140597420889295,0.11141179361050235,0.7000732600732601,0.8114850536837624
37,warm_local,36,23,0.7401146547089457,0.4861111111111111,0.8549019607843137,0.01093325046709241,0.1114667288115998,0.70007326007326,0.8115399888848598
37,warm_local,37,23,0.7408492201380248,0.4930555555555556,0.8525490196078431,0.010451341682935052,0.10923646147014154,0.7022069597069597,0.8114434211771012
37,warm_local,38,23,0.7417746453974438,0.486111111111111,0.8494117647058823,0.010119681545004151,0.10845628307608224,0.7022069597069597,0.8106632427830419
37,warm_local,39,23,0.7414539348370177,0.4791666666666666,0.8494117647058823,0.010101158078023286,0.11016644791124708,0.7006684981684982,0.8108349460797453
37,warm_local,40,23,0.7420958076507955,0.4791666666666666,0.8462745098039215,0.010129184080741295,0.10611006550837965,0.7045879120879122,0.8106979775962918
37,warm_local,41,23,0.7416451780561724,0.4791666666666666,0.8454901960784315,0.010136417199479037,0.10457495099353054,0.7057783882783883,0.8103533392719189
37,warm_local,42,23,0.7428799606516819,0.4722222222222222,0.843921568627451,0.010034791954823662,0.10056149852060903,0.7091025641025641,0.8096640626231731
37,warm_local,43,23,0.7434771509196064,0.4722222222222222,0.8423529411764706,0.01010399319695534,0.10163205338420545,0.7096978021978022,0.8113298555820077
37,warm_local,44,23,0.7440844573610856,0.4652777777777778,0.8415686274509804,0.010235384050289174,0.09968772828080574,0.7124267399267399,0.8121144682075456
37,warm_local,45,23,0.744196120517009,0.4652777777777778,0.8423529411764706,0.010200873198818176,0.0985578532538719,0.7136172161172161,0.812175069371088
37,warm_local,46,23,0.7447107354384366,0.4722222222222222,0.8415686274509804,0.010111264695484254,0.09924146394017275,0.7136172161172161,0.8128586800573888
37,warm_local,47,23,0.7452586164882843,0.4722222222222222,0.8400000000000001,0.009925172114097058,0.09801502120548045,0.7148076923076923,0.8128227135131727
37,warm_local,48,23,0.7449970140727543,0.4722222222222222,0.8399470899470899,0.010044210193785362,0.09733331559640745,0.7154029304029305,0.8127362459993379
37,warm_local,49,23,0.7457661833146684,0.4791666666666667,0.8399470899470899,0.009747140910036207,0.09647424072818611,0.7159981684981686,0.8124724092263547
37,warm_local,50,23,0.7449329259217157,0.4791666666666667,0.8399470899470899,0.010048675567668398,0.09310399816587034,0.7193223443223444,0.8124263424882148
37,warm_local,51,23,0.7456086852012491,0.4861111111111111,0.8386243386243386,0.009812877394199844,0.09195392275108905,0.7205128205128206,0.8124667432639097
37,warm_local,52,23,0.7461599457012109,0.4861111111111111,0.8386243386243386,0.009797501771750282,0.0900020266080166,0.7226465201465202,0.8126485467545368
37,warm_local,53,23,0.7464060605705207,0.4791666666666666,0.8387777777777777,0.00987386953186578,0.08973566068078254,0.7232417582417583,0.8129774189225408
37,warm_local,54,23,0.7467776266973296,0.4791666666666666,0.8399470899470899,0.009762774038899927,0.09036454638140434,0.7222985347985348,0.8126630811799391
37,warm_local,55,23,0.7459934698292797,0.4722222222222222,0.8399470899470899,0.010016260410730468,0.08895630015608491,0.723489010989011,0.8124453111450959
37,warm_local,56,23,0.7456455422767914,0.4722222222222222,0.8399470899470899,0.010158701190393736,0.08817968399922604,0.7252747252747253,0.8134544092739513
37,warm_local,57,23,0.7456979891741425,0.4722222222222222,0.8412698412698412,0.010231609435781578,0.0879932728245556,0.7251227329580987,0.8131160057826543
37,warm_local,58,23,0.7462506564512169,0.4791666666666667,0.8412698412698412,0.0099349744944789,0.08894047760041313,0.7252878752345215,0.8142283528349347
37,warm_local,59,23,0.7468536042320884,0.4861111111111111,0.8425925925925926,0.009815584806076395,0.08850044809285607,0.7253895012507817,0.8138899493436378
37,warm_local,60,23,0.7467643815660628,0.4861111111111111,0.8425925925925926,0.009782924284373386,0.08776315136973312,0.7264652014652015,0.8142283528349347
