ratio,prox_norm,data_norm,client,round,step,mu
4.0530310481451895e-05,1.413797099039984e-05,0.3488246406814445,ASHBRITTLE   PHARMACY,1,2,0.001
6.159799937477665e-05,2.093439532036767e-05,0.3398551175826005,ASHBRITTLE   PHARMACY,1,3,0.001
8.320933389475892e-05,2.7556631138629557e-05,0.33117235589798727,ASHBRITTLE   PHARMACY,1,4,0.001
0.0001053697767859485,3.4010145165435467e-05,0.3227694525207617,ASHBRITTLE   PHARMACY,1,5,0.001
0.0001280839826784085,4.0300263010944645e-05,0.31463936526809905,ASHBRITTLE   PHARMACY,1,6,0.001
0.0001513557946143547,4.643216763792908e-05,0.3067749586742642,ASHBRITTLE   PHARMACY,1,7,0.001
0.000175188240837509,5.241089861921023e-05,0.2991690445012374,ASHBRITTLE   PHARMACY,1,8,0.001
0.000199583531963337,5.8241352092299205e-05,0.29181441734881214,ASHBRITTLE   PHARMACY,1,9,0.001
0.00022454305866983682,6.392828132144943e-05,0.284703885749807,ASHBRITTLE   PHARMACY,1,10,0.001
4.0503546868721485e-05,1.5961025446837002e-05,0.39406488272667217,BALLANTYNE PARK PHARMACY,1,2,0.001
6.151159901759402e-05,2.3649341678858682e-05,0.3844696294124026,BALLANTYNE PARK PHARMACY,1,3,0.001
8.302380131753255e-05,3.115161990510436e-05,0.3752131245588477,BALLANTYNE PARK PHARMACY,1,4,0.001
0.00010503852562026072,3.8474219748465496e-05,0.3662867459465203,BALLANTYNE PARK PHARMACY,1,5,0.001
0.00012755291426532145,4.562332615826577e-05,0.3576815662820935,BALLANTYNE PARK PHARMACY,1,6,0.001
0.00015056292624401332,5.2604945876155266e-05,0.34938843969397776,BALLANTYNE PARK PHARMACY,1,7,0.001
0.00017406338576961096,5.942490534067924e-05,0.3413980779354345,BALLANTYNE PARK PHARMACY,1,8,0.001
0.00019804803306117995,6.608884984299034e-05,0.333701116953656,BALLANTYNE PARK PHARMACY,1,9,0.001
0.00022250957718752203,7.260224376070768e-05,0.32628817455134285,BALLANTYNE PARK PHARMACY,1,10,0.001
4.059327844956092e-05,1.993443276018e-05,0.491077181286293,CIMAS BORROWDALE OFFICE PARK PHARMACY,1,2,0.001
6.17892429392125e-05,2.9473404561093475e-05,0.47699895902736744,CIMAS BORROWDALE OFFICE PARK PHARMACY,1,3,0.001
8.359569192376305e-05,3.87400181199778e-05,0.4634212269611647,CIMAS BORROWDALE OFFICE PARK PHARMACY,1,4,0.001
0.00010601885308139146,4.774387933221279e-05,0.4503338599179097,CIMAS BORROWDALE OFFICE PARK PHARMACY,1,5,0.001
0.0001290634245281302,5.6494369639586516e-05,0.4377256364158631,CIMAS BORROWDALE OFFICE PARK PHARMACY,1,6,0.001
0.0001527326179730612,6.50006294027287e-05,0.4255844643099972,CIMAS BORROWDALE OFFICE PARK PHARMACY,1,7,0.001
0.00017702820313415368,7.327154524023879e-05,0.4138975820972035,CIMAS BORROWDALE OFFICE PARK PHARMACY,1,8,0.001
0.00020195055293944543,8.131574086636914e-05,0.4026517366889881,CIMAS BORROWDALE OFFICE PARK PHARMACY,1,9,0.001
0.0002274986892113903,8.914157098399172e-05,0.3918333388776669,CIMAS BORROWDALE OFFICE PARK PHARMACY,1,10,0.001
4.062285815471922e-05,2.8034445943446852e-05,0.6901150538613701,CIMAS BULAWAYO PHARMACY,1,2,0.001
6.188420999470425e-05,4.141991494717675e-05,0.6693131406334711,CIMAS BULAWAYO PHARMACY,1,3,0.001
8.379750657621728e-05,5.440301902823143e-05,0.6492200215856023,CIMAS BULAWAYO PHARMACY,1,4,0.001
0.00010637418032684804,6.699777289611353e-05,0.6298311553635897,CIMAS BULAWAYO PHARMACY,1,5,0.001
0.00012962382223501485,7.921801738300732e-05,0.6111377987248429,CIMAS BULAWAYO PHARMACY,1,6,0.001
0.00015355436139551632,9.107735050694033e-05,0.5931277345639739,CIMAS BULAWAYO PHARMACY,1,7,0.001
0.0001781722400803808,0.00010258907187546501,0.5757859463920018,CIMAS BULAWAYO PHARMACY,1,8,0.001
0.00020348257957664089,0.0001137661391483212,0.5590952276357969,CIMAS BULAWAYO PHARMACY,1,9,0.001
0.00022948933382655268,0.0001246211351677026,0.5430367202246135,CIMAS BULAWAYO PHARMACY,1,10,0.001
4.0591121725200664e-05,2.108969297142176e-05,0.5195641823893818,CIMAS CLINIC -MASVINGO PHARMACY,1,2,0.001
6.178628366411293e-05,3.118268034189493e-05,0.5046861292291421,CIMAS CLINIC -MASVINGO PHARMACY,1,3,0.001
8.359707186086458e-05,4.098735960071861e-05,0.49029659398760084,CIMAS CLINIC -MASVINGO PHARMACY,1,4,0.001
0.00010603380524298254,5.051325286636563e-05,0.4763881929033068,CIMAS CLINIC -MASVINGO PHARMACY,1,5,0.001
0.00012910560282421407,5.9769705089340615e-05,0.46295206235720904,CIMAS CLINIC -MASVINGO PHARMACY,1,6,0.001
0.00015282045100700747,6.87658602279913e-05,0.44997812645401813,CIMAS CLINIC -MASVINGO PHARMACY,1,7,0.001
0.00017718526957943842,7.751064220648962e-05,0.4374553392077486,CIMAS CLINIC -MASVINGO PHARMACY,1,8,0.001
0.00020220597533701572,8.601274014888233e-05,0.4253719011296541,CIMAS CLINIC -MASVINGO PHARMACY,1,9,0.001
0.00022788754255460443,9.428059739446075e-05,0.41371545077708693,CIMAS CLINIC -MASVINGO PHARMACY,1,10,0.001
4.062445791975563e-05,2.3586317057211e-05,0.5805940131878289,CIMAS FIFE AVENUE PHARMACY,1,2,0.001
6.188829001203243e-05,3.4846694488734185e-05,0.5630579626930915,CIMAS FIFE AVENUE PHARMACY,1,3,0.001
8.380458005342982e-05,4.576790556303481e-05,0.5461265426526255,CIMAS FIFE AVENUE PHARMACY,1,4,0.001
0.00010638470975107446,5.6361794320275e-05,0.5297922460112343,CIMAS FIFE AVENUE PHARMACY,1,5,0.001
0.00012963849432030301,6.664000118333759e-05,0.514044856296213,CIMAS FIFE AVENUE PHARMACY,1,6,0.001
0.00015357431777664703,7.661391943766312e-05,0.49887195038097226,CIMAS FIFE AVENUE PHARMACY,1,7,0.001
0.0001781992637965286,8.629466071542989e-05,0.4842593559419124,CIMAS FIFE AVENUE PHARMACY,1,8,0.001
0.0002035192392038205,9.569302851957552e-05,0.47019155974605836,CIMAS FIFE AVENUE PHARMACY,1,9,0.001
0.0002295390881753392,0.00010481949880521587,0.45665206583528317,CIMAS FIFE AVENUE PHARMACY,1,10,0.001
4.063644382645541e-05,2.5608180982022645e-05,0.6301777067744062,CIMAS FOURTH STREET PHARMACY,1,2,0.001
6.192366126114471e-05,3.78233087306388e-05,0.6108054330174404,CIMAS FOURTH STREET PHARMACY,1,3,0.001
8.387389845252974e-05,4.966419958704515e-05,0.5921293811703969,CIMAS FOURTH STREET PHARMACY,1,4,0.001
0.0001064974775279047,6.114443166432518e-05,0.5741397175186989,CIMAS FOURTH STREET PHARMACY,1,5,0.001
0.00012980295988452277,7.227732417522047e-05,0.5568233901562868,CIMAS FOURTH STREET PHARMACY,1,6,0.001
0.00015379730669515338,8.307588689751066e-05,0.5401647706495801,CIMAS FOURTH STREET PHARMACY,1,7,0.001
0.000178486031954242,9.355278092613383e-05,0.5241462309505414,CIMAS FOURTH STREET PHARMACY,1,8,0.001
0.00020387334497501853,0.00010372028937579334,0.508748651710711,CIMAS FOURTH STREET PHARMACY,1,9,0.001
0.00022996228055565938,0.00011359029670082018,0.4939518621330037,CIMAS FOURTH STREET PHARMACY,1,10,0.001
4.061502619427534e-05,2.3332474561371228e-05,0.5744788751277458,CIMAS HCC  MUTARE PHARMACY,1,2,0.001
6.185835093294357e-05,3.447946679784251e-05,0.5573938890679345,CIMAS HCC  MUTARE PHARMACY,1,3,0.001
8.374138264010922e-05,4.52960065324832e-05,0.5409034948365897,CIMAS HCC  MUTARE PHARMACY,1,4,0.001
0.00010627376623274456,5.5793689575285287e-05,0.5249996452849377,CIMAS HCC  MUTARE PHARMACY,1,5,0.001
0.00012946348841961323,6.598390387555567e-05,0.5096719135335717,CIMAS HCC  MUTARE PHARMACY,1,6,0.001
0.0001533169847687428,7.587779136221571e-05,0.4949079286725259,CIMAS HCC  MUTARE PHARMACY,1,7,0.001
0.00017783924605207195,8.548621755557387e-05,0.48069376953241927,CIMAS HCC  MUTARE PHARMACY,1,8,0.001
0.00020303392194394304,9.481974810124714e-05,0.46701431560498813,CIMAS HCC  MUTARE PHARMACY,1,9,0.001
0.00022890342065259089,0.0001038886313909127,0.4538535557692061,CIMAS HCC  MUTARE PHARMACY,1,10,0.001
4.063895789682339e-05,2.7149507849314435e-05,0.6680660443666696,CIMAS HCC CHINHOYI ST. PHARM,1,2,0.001
6.193315016238066e-05,4.0097257472895664e-05,0.647428031155623,CIMAS HCC CHINHOYI ST. PHARM,1,3,0.001
8.389668218665638e-05,5.2646152817916765e-05,0.6275117376011091,CIMAS HCC CHINHOYI ST. PHARM,1,4,0.001
0.00010654167515421953,6.481041244223565e-05,0.6083104320297414,CIMAS HCC CHINHOYI ST. PHARM,1,5,0.001
0.00012987846238085568,7.660403956897218e-05,0.5898132620660264,CIMAS HCC CHINHOYI ST. PHARM,1,6,0.001
0.00015391578436758414,8.8040755666282e-05,0.5720060228262337,CIMAS HCC CHINHOYI ST. PHARM,1,7,0.001
0.0001786609748616386,9.913394793302555e-05,0.554871862810546,CIMAS HCC CHINHOYI ST. PHARM,1,8,0.001
0.0002041201330059523,0.00010989662922477114,0.5383919146357135,CIMAS HCC CHINHOYI ST. PHARM,1,9,0.001
0.00023029827895370563,0.00012034140884821732,0.5225458453052888,CIMAS HCC CHINHOYI ST. PHARM,1,10,0.001
4.0622246936578924e-05,2.2916122419796372e-05,0.5641273968811705,CIMAS HCC CHITUNGWIZA PHARMACY,1,2,0.001
6.188246182292631e-05,3.3858187798682834e-05,0.5471370530727496,CIMAS HCC CHITUNGWIZA PHARMACY,1,3,0.001
8.37947027110909e-05,4.4471456630030786e-05,0.5307191885787863,CIMAS HCC CHITUNGWIZA PHARMACY,1,4,0.001
0.00010637146254353193,5.476717732944581e-05,0.514867202347929,CIMAS HCC CHITUNGWIZA PHARMACY,1,5,0.001
0.00012962377272864137,6.475641732448786e-05,0.4995720766440817,CIMAS HCC CHITUNGWIZA PHARMACY,1,6,0.001
0.00015356130856286526,7.445002352224725e-05,0.4848227995645709,CIMAS HCC CHITUNGWIZA PHARMACY,1,7,0.001
0.0001781924933888776,8.385859045438155e-05,0.4706067514941447,CIMAS HCC CHITUNGWIZA PHARMACY,1,8,0.001
0.00020352459911458475,9.299243532872681e-05,0.4569100528058128,CIMAS HCC CHITUNGWIZA PHARMACY,1,9,0.001
0.00022956384138185133,0.00010186157920254262,0.44371787207162283,CIMAS HCC CHITUNGWIZA PHARMACY,1,10,0.001
4.0423260377951095e-05,9.543509761250349e-06,0.23608956012009027,ASHBRITTLE   PHARMACY,2,2,0.001
6.126682368088335e-05,1.416789344761889e-05,0.23124902837160788,ASHBRITTLE   PHARMACY,2,3,0.001
8.252720177696317e-05,1.8698210900232855e-05,0.22657027619531278,ASHBRITTLE   PHARMACY,2,4,0.001
0.00010420039253212914,2.3137463308776498e-05,0.22204775573798624,ASHBRITTLE   PHARMACY,2,5,0.001
0.00012628189771644128,2.7488548019485872e-05,0.2176760764334554,ASHBRITTLE   PHARMACY,2,6,0.001
0.0001487667421144169,3.1754261794861825e-05,0.21345000464176017,ASHBRITTLE   PHARMACY,2,7,0.001
0.0001716494937995682,3.5937304037895824e-05,0.20936446267566114,ASHBRITTLE   PHARMACY,2,8,0.001
0.00019492428551965327,4.004027997101626e-05,0.20541452730875442,ASHBRITTLE   PHARMACY,2,9,0.001
0.00021858483712603412,4.4065703761616677e-05,0.20159542784849607,ASHBRITTLE   PHARMACY,2,10,0.001
4.037610719529808e-05,1.1664321460337064e-05,0.2888916805158326,BALLANTYNE PARK PHARMACY,2,2,0.001
6.112052352926955e-05,1.733626421057705e-05,0.2836406367212319,BALLANTYNE PARK PHARMACY,2,3,0.001
8.222499648888249e-05,2.2906271157381854e-05,0.2785803847432085,BALLANTYNE PARK PHARMACY,2,4,0.001
0.0001036808675566188,2.8377827630632535e-05,0.2737036089627217,BALLANTYNE PARK PHARMACY,2,5,0.001
0.00012547912023387614,3.375428689821913e-05,0.26900321611520467,BALLANTYNE PARK PHARMACY,2,6,0.001
0.00014761042743539736,3.903887463913612e-05,0.2644723365239338,BALLANTYNE PARK PHARMACY,2,7,0.001
0.0001700651980551128,4.42346933779106e-05,0.2601043240109333,BALLANTYNE PARK PHARMACY,2,8,0.001
0.00019283362250742606,4.934472686127446e-05,0.2558927546951735,BALLANTYNE PARK PHARMACY,2,9,0.001
0.00021590571705441778,5.4371844361465354e-05,0.2518314248610714,BALLANTYNE PARK PHARMACY,2,10,0.001
4.0526616621981595e-05,1.4644868002339158e-05,0.36136419032808664,CIMAS BORROWDALE OFFICE PARK PHARMACY,2,2,0.001
6.157848317175289e-05,2.1687968302473787e-05,0.35220043082227837,CIMAS BORROWDALE OFFICE PARK PHARMACY,2,3,0.001
8.31531904560747e-05,2.855415413757335e-05,0.34339216548349943,CIMAS BORROWDALE OFFICE PARK PHARMACY,2,4,0.001
0.00010524732699291791,3.52500786045522e-05,0.33492611747682843,CIMAS BORROWDALE OFFICE PARK PHARMACY,2,5,0.001
0.00012785651984442768,4.178213916406464e-05,0.3267892729671041,CIMAS BORROWDALE OFFICE PARK PHARMACY,2,6,0.001
0.00015097547617631327,4.815648401252396e-05,0.31896891622507956,CIMAS BORROWDALE OFFICE PARK PHARMACY,2,7,0.001
0.00017459802564134908,5.4379018956762296e-05,0.3114526567927239,CIMAS BORROWDALE OFFICE PARK PHARMACY,2,8,0.001
0.0001987171636700509,6.045541465710932e-05,0.3042284498257494,CIMAS BORROWDALE OFFICE PARK PHARMACY,2,9,0.001
0.00022332509573036463,6.639111412448513e-05,0.2972846106137734,CIMAS BORROWDALE OFFICE PARK PHARMACY,2,10,0.001
4.059515886738662e-05,2.2486663212252184e-05,0.5539247496409613,CIMAS BULAWAYO PHARMACY,2,2,0.001
6.17914600933271e-05,3.3247031159026756e-05,0.5380522018546237,CIMAS BULAWAYO PHARMACY,2,3,0.001
8.359377556593206e-05,4.370163152337997e-05,0.5227857125428153,CIMAS BULAWAYO PHARMACY,2,4,0.001
0.00010600599114136017,5.3862102320697014e-05,0.5081043226025904,CIMAS BULAWAYO PHARMACY,2,5,0.001
0.0001290311201300905,6.373965692347853e-05,0.49398669762159353,CIMAS BULAWAYO PHARMACY,2,6,0.001
0.00015267140486111615,7.334508185067118e-05,0.4804113901839874,CIMAS BULAWAYO PHARMACY,2,7,0.001
0.00017692840687501195,8.268873877108046e-05,0.4673570526721269,CIMAS BULAWAYO PHARMACY,2,8,0.001
0.00020180308652441428,9.178056987255373e-05,0.4548026071020973,CIMAS BULAWAYO PHARMACY,2,9,0.001
0.0002272958728727406,0.00010063010587036927,0.44272737819005836,CIMAS BULAWAYO PHARMACY,2,10,0.001
4.054693537592238e-05,1.588723464950872e-05,0.3918233154297252,CIMAS CLINIC -MASVINGO PHARMACY,2,2,0.001
6.164484604772363e-05,2.3516144349564182e-05,0.3814778664766017,CIMAS CLINIC -MASVINGO PHARMACY,2,3,0.001
8.329703985847798e-05,3.094507103423256e-05,0.3715026498757743,CIMAS CLINIC -MASVINGO PHARMACY,2,4,0.001
0.0001055061335960142,3.818106031328143e-05,0.3618847455777095,CIMAS CLINIC -MASVINGO PHARMACY,2,5,0.001
0.00012827409075658736,4.523090451154832e-05,0.3526113827411834,CIMAS CLINIC -MASVINGO PHARMACY,2,6,0.001
0.00015160225616299688,5.210114690546823e-05,0.34366999689932776,CIMAS CLINIC -MASVINGO PHARMACY,2,7,0.001
0.0001754913875973101,5.8798086858194053e-05,0.33504827594796055,CIMAS CLINIC -MASVINGO PHARMACY,2,8,0.001
0.00019994168464154195,6.532778566232715e-05,0.3267341964205596,CIMAS CLINIC -MASVINGO PHARMACY,2,9,0.001
0.00022495281494104357,7.169607292548997e-05,0.31871605138295483,CIMAS CLINIC -MASVINGO PHARMACY,2,10,0.001
4.058778631948194e-05,1.812674059379268e-05,0.4466057954259982,CIMAS FIFE AVENUE PHARMACY,2,2,0.001
6.176869323265273e-05,2.6805337949818654e-05,0.43396317045037586,CIMAS FIFE AVENUE PHARMACY,2,3,0.001
8.354719076313161e-05,3.5240196923339216e-05,0.42179990256345395,CIMAS FIFE AVENUE PHARMACY,2,4,0.001
0.00010592696380255028,4.3440458481050384e-05,0.41009821221746867,CIMAS FIFE AVENUE PHARMACY,2,5,0.001
0.00012891098239886688,5.1414912535220754e-05,0.3988404368538323,CIMAS FIFE AVENUE PHARMACY,2,6,0.001
0.00015250156364111987,5.917200281369155e-05,0.38800915479752274,CIMAS FIFE AVENUE PHARMACY,2,7,0.001
0.00017670042570691504,6.671983365078122e-05,0.37758728301790495,CIMAS FIFE AVENUE PHARMACY,2,8,0.001
0.0002015087347162818,7.406617826161605e-05,0.36755815258280977,CIMAS FIFE AVENUE PHARMACY,2,9,0.001
0.00022692714506730214,8.121848813004818e-05,0.3579055652683612,CIMAS FIFE AVENUE PHARMACY,2,10,0.001
4.059789914476708e-05,1.9995519832811105e-05,0.4925259743493021,CIMAS FOURTH STREET PHARMACY,2,2,0.001
6.179818528863131e-05,2.9561914370948464e-05,0.4783621757318303,CIMAS FOURTH STREET PHARMACY,2,3,0.001
8.36043301591669e-05,3.885553360864051e-05,0.4647550376238514,CIMAS FOURTH STREET PHARMACY,2,4,0.001
0.00010601888507214182,4.788695057873525e-05,0.4516832123460834,CIMAS FOURTH STREET PHARMACY,2,5,0.001
0.00012904356575933518,5.666631835144849e-05,0.4391254846222286,CIMAS FOURTH STREET PHARMACY,2,6,0.001
0.00015267932695208795,6.520337601927203e-05,0.4270609343184581,CIMAS FOURTH STREET PHARMACY,2,7,0.001
0.00017692642752640937,7.350745715855903e-05,0.41546906353256213,CIMAS FOURTH STREET PHARMACY,2,8,0.001
0.00020178448709363164,8.158750018083816e-05,0.4043298935213988,CIMAS FOURTH STREET PHARMACY,2,9,0.001
0.00022725253493948653,8.94520600822861e-05,0.3936240363880018,CIMAS FOURTH STREET PHARMACY,2,10,0.001
4.056943051319849e-05,1.7830919987753886e-05,0.4395161519941212,CIMAS HCC  MUTARE PHARMACY,2,2,0.001
6.171117390677069e-05,2.6379477805971505e-05,0.42746679630214035,CIMAS HCC  MUTARE PHARMACY,2,3,0.001
8.342712323242008e-05,3.4695726035884434e-05,0.415880647582986,CIMAS HCC  MUTARE PHARMACY,2,4,0.001
0.00010571825637302786,4.2788456591925846e-05,0.40474046829666177,CIMAS HCC  MUTARE PHARMACY,2,5,0.001
0.00012858470506132345,5.0666122868498144e-05,0.39402915645632125,CIMAS HCC  MUTARE PHARMACY,2,6,0.001
0.00015202581880734053,5.8336844762655104e-05,0.3837298507603126,CIMAS HCC  MUTARE PHARMACY,2,7,0.001
0.0001760402238820847,6.580841533290867e-05,0.37382601476915,CIMAS HCC  MUTARE PHARMACY,2,8,0.001
0.00020062587758425392,7.30883087385252e-05,0.3643015029695328,CIMAS HCC  MUTARE PHARMACY,2,9,0.001
0.00022578011807072187,8.018368915479043e-05,0.3551406113166892,CIMAS HCC  MUTARE PHARMACY,2,10,0.001
4.0609395647108836e-05,2.1509513366334133e-05,0.529668393818254,CIMAS HCC CHINHOYI ST. PHARM,2,2,0.001
6.183478519815327e-05,3.179158019727035e-05,0.5141374728705262,CIMAS HCC CHINHOYI ST. PHARM,2,3,0.001
8.368175365726407e-05,4.177460579931958e-05,0.49920805878920893,CIMAS HCC CHINHOYI ST. PHARM,2,4,0.001
0.00010615499513199497,5.147010798731345e-05,0.48485808815039383,CIMAS HCC CHINHOYI ST. PHARM,2,5,0.001
0.0001292584207414781,6.08891629129902e-05,0.471065347725166,CIMAS HCC CHINHOYI ST. PHARM,2,6,0.001
0.0001529952528841438,7.004240682173308e-05,0.45780771299337597,CIMAS HCC CHINHOYI ST. PHARM,2,7,0.001
0.0001773681069729403,7.894004154068712e-05,0.44506333685305893,CIMAS HCC CHINHOYI ST. PHARM,2,8,0.001
0.0002023790618730698,8.759184286604337e-05,0.432810796014956,CIMAS HCC CHINHOYI ST. PHARM,2,9,0.001
0.0002280297202915163,9.600717115096023e-05,0.42102920193132437,CIMAS HCC CHINHOYI ST. PHARM,2,10,0.001
4.058664962980138e-05,1.7385898182428637e-05,0.4283649510617099,CIMAS HCC CHITUNGWIZA PHARMACY,2,2,0.001
6.176590564579996e-05,2.5710440990514057e-05,0.4162561970345261,CIMAS HCC CHITUNGWIZA PHARMACY,2,3,0.001
8.354287402831356e-05,3.3801465333628235e-05,0.40460022146440117,CIMAS HCC CHITUNGWIZA PHARMACY,2,4,0.001
0.00010592187808707682,4.166763017003035e-05,0.3933807719664487,CIMAS HCC CHITUNGWIZA PHARMACY,2,5,0.001
0.00012890652037297925,4.931727155212356e-05,0.38258166778087366,CIMAS HCC CHITUNGWIZA PHARMACY,2,6,0.001
0.00015249973846162502,5.675840637517486e-05,0.3721869096153075,CIMAS HCC CHITUNGWIZA PHARMACY,2,7,0.001
0.00017670385481811083,6.399873787497634e-05,0.3621807681606782,CIMAS HCC CHITUNGWIZA PHARMACY,2,8,0.001
0.000201520621051617,7.10456625076035e-05,0.3525478540948226,CIMAS HCC CHITUNGWIZA PHARMACY,2,9,0.001
0.0002269512569320769,7.790627789600987e-05,0.3432731721742614,CIMAS HCC CHITUNGWIZA PHARMACY,2,10,0.001
4.026679162106417e-05,6.96300210749367e-06,0.17292170116307995,ASHBRITTLE   PHARMACY,3,2,0.001
6.079529401630542e-05,1.0376076980337349e-05,0.17067237108113112,ASHBRITTLE   PHARMACY,3,3,0.001
8.158042154562888e-05,1.3745123170454657e-05,0.16848556197723064,ASHBRITTLE   PHARMACY,3,4,0.001
0.00010261709450196837,1.7071281365809794e-05,0.16635904035932667,ASHBRITTLE   PHARMACY,3,5,0.001
0.00012390024913257804,2.035565341535994e-05,0.1642906576691271,ASHBRITTLE   PHARMACY,3,6,0.001
0.00014542484695837624,2.3599303819759785e-05,0.1622783472931171,ASHBRITTLE   PHARMACY,3,7,0.001
0.000167185883397998,2.680326116395277e-05,0.16032012164654885,ASHBRITTLE   PHARMACY,3,8,0.001
0.00018917839570657222,2.9968519493604725e-05,0.1584140693321441,ASHBRITTLE   PHARMACY,3,9,0.001
0.00021139747024229654,3.309603963731837e-05,0.15655835237472246,ASHBRITTLE   PHARMACY,3,10,0.001
4.0236920443224425e-05,9.337616734751605e-06,0.23206588953365057,BALLANTYNE PARK PHARMACY,3,2,0.001
6.070426811070676e-05,1.3924874469817543e-05,0.22938872180161468,BALLANTYNE PARK PHARMACY,3,3,0.001
8.13956390415303e-05,1.845976257917592e-05,0.2267905602382118,BALLANTYNE PARK PHARMACY,3,4,0.001
0.00010230473050507587,2.2943710524897657e-05,0.22426832475512265,BALLANTYNE PARK PHARMACY,3,5,0.001
0.00012342535165933704,2.737809550540795e-05,0.22181906016337294,BALLANTYNE PARK PHARMACY,3,6,0.001
0.00014475143294313404,3.176424455856948e-05,0.21943993170035242,BALLANTYNE PARK PHARMACY,3,7,0.001
0.0001662770342544909,3.610343658159186e-05,0.21712822064371623,BALLANTYNE PARK PHARMACY,3,8,0.001
0.00018799635197106512,4.0396904270358867e-05,0.21488132001931842,BALLANTYNE PARK PHARMACY,3,9,0.001
0.00020990372487137514,4.4645835980791594e-05,0.2126967304089038,BALLANTYNE PARK PHARMACY,3,10,0.001
4.043097709196567e-05,1.1122997365450581e-05,0.2751107731121569,CIMAS BORROWDALE OFFICE PARK PHARMACY,3,2,0.001
6.128585596174466e-05,1.6510154561338045e-05,0.26939583860334554,CIMAS BORROWDALE OFFICE PARK PHARMACY,3,3,0.001
8.255700838355855e-05,2.178675408855718e-05,0.26389951035212256,CIMAS BORROWDALE OFFICE PARK PHARMACY,3,4,0.001
0.00010423629561350637,2.695682768597505e-05,0.25861267927178844,CIMAS BORROWDALE OFFICE PARK PHARMACY,3,5,0.001
0.00012631511133489765,3.2024239104174343e-05,0.25352658732389416,CIMAS BORROWDALE OFFICE PARK PHARMACY,3,6,0.001
0.00014878442501349332,3.699269106056735e-05,0.24863281931030398,CIMAS BORROWDALE OFFICE PARK PHARMACY,3,7,0.001
0.00017163482550322626,4.186573198695417e-05,0.24392329391314124,CIMAS BORROWDALE OFFICE PARK PHARMACY,3,8,0.001
0.00019485656472864555,4.664676256002177e-05,0.23939025418507903,CIMAS BORROWDALE OFFICE PARK PHARMACY,3,9,0.001
0.00021843960125939155,5.133904200863383e-05,0.23502625765952578,CIMAS BORROWDALE OFFICE PARK PHARMACY,3,10,0.001
4.05539741374012e-05,1.8577410773957213e-05,0.4580910051137025,CIMAS BULAWAYO PHARMACY,3,2,0.001
6.16637543062535e-05,2.749433889471136e-05,0.4458752017945667,CIMAS BULAWAYO PHARMACY,3,3,0.001
8.333062400920065e-05,3.617587749644123e-05,0.43412464416979524,CIMAS BULAWAYO PHARMACY,3,4,0.001
0.00010555537956238655,4.4630878206111264e-05,0.42281955113176406,CIMAS BULAWAYO PHARMACY,3,5,0.001
0.0001283383837283786,5.286781130419021e-05,0.41194075979702327,CIMAS BULAWAYO PHARMACY,3,6,0.001
0.00015167961256781315,6.0894778891348645e-05,0.4014697681543966,CIMAS BULAWAYO PHARMACY,3,7,0.001
0.00017557869625125431,6.87195285896317e-05,0.39138876217245394,CIMAS BULAWAYO PHARMACY,3,8,0.001
0.0002000349545139133,7.634946752989895e-05,0.38168063034497557,CIMAS BULAWAYO PHARMACY,3,9,0.001
0.00022504742737370403,8.379167642680991e-05,0.37232896818531086,CIMAS BULAWAYO PHARMACY,3,10,0.001
4.048307762254559e-05,1.2338272715081769e-05,0.3047760555687202,CIMAS CLINIC -MASVINGO PHARMACY,3,2,0.001
6.144879597861635e-05,1.8290948341981e-05,0.29766162299333077,CIMAS CLINIC -MASVINGO PHARMACY,3,3,0.001
8.289628979765247e-05,2.4105881474467684e-05,0.2907956620653285,CIMAS CLINIC -MASVINGO PHARMACY,3,4,0.001
0.00010482428366323283,2.9787754341963708e-05,0.2841684512499252,CIMAS CLINIC -MASVINGO PHARMACY,3,5,0.001
0.00012723110898411367,3.534106474475989e-05,0.2777706256507805,CIMAS CLINIC -MASVINGO PHARMACY,3,6,0.001
0.00015011471986471495,4.0770133118350243e-05,0.271593173241723,CIMAS CLINIC -MASVINGO PHARMACY,3,7,0.001
0.00017347270802944595,4.607910948003833e-05,0.26562742925657606,CIMAS CLINIC -MASVINGO PHARMACY,3,8,0.001
0.0001973023169446844,5.127198022936324e-05,0.2598650691149148,CIMAS CLINIC -MASVINGO PHARMACY,3,9,0.001
0.00022160045527111578,5.6352574780194745e-05,0.25429810020584354,CIMAS CLINIC -MASVINGO PHARMACY,3,10,0.001
4.0535641945559844e-05,1.4336506857838491e-05,0.35367657127751173,CIMAS FIFE AVENUE PHARMACY,3,2,0.001
6.160822846599681e-05,2.1226863646685627e-05,0.3445459182193704,CIMAS FIFE AVENUE PHARMACY,3,3,0.001
8.321861975889404e-05,2.794097072639619e-05,0.33575383498727135,CIMAS FIFE AVENUE PHARMACY,3,4,0.001
0.00010536726054716043,3.4485231501945387e-05,0.32728602151054725,CIMAS FIFE AVENUE PHARMACY,3,5,0.001
0.00012805420304243316,4.086577676556834e-05,0.31912874231880306,CIMAS FIFE AVENUE PHARMACY,3,6,0.001
0.00015127912640381196,4.708847591969306e-05,0.31126882497985203,CIMAS FIFE AVENUE PHARMACY,3,7,0.001
0.00017504135314100528,5.315894806716623e-05,0.3036936536039219,CIMAS FIFE AVENUE PHARMACY,3,8,0.001
0.00019933986287116494,5.90825728937059e-05,0.29639115851048553,CIMAS FIFE AVENUE PHARMACY,3,9,0.001
0.00022417330380028805,6.486450128530463e-05,0.2893498029680253,CIMAS FIFE AVENUE PHARMACY,3,10,0.001
4.0545430558506687e-05,1.6093604438977006e-05,0.39692769856652727,CIMAS FOURTH STREET PHARMACY,3,2,0.001
6.163660082210433e-05,2.3823046889407323e-05,0.38650812296034054,CIMAS FOURTH STREET PHARMACY,3,3,0.001
8.327328326371668e-05,3.135159075292336e-05,0.37649038832342613,CIMAS FOURTH STREET PHARMACY,3,4,0.001
0.0001054547504088435,3.8686804208279406e-05,0.3668569131147942,CIMAS FOURTH STREET PHARMACY,3,5,0.001
0.00012817980656592613,4.583592195503657e-05,0.3575908185776672,CIMAS FOURTH STREET PHARMACY,3,6,0.001
0.00015144681521370257,5.2805859214211986e-05,0.3486759304888587,CIMAS FOURTH STREET PHARMACY,3,7,0.001
0.00017525372263969212,5.9603225606975056e-05,0.3400967734620656,CIMAS FOURTH STREET PHARMACY,3,8,0.001
0.000199598078365932,6.623433879972409e-05,0.3318385594789833,CIMAS FOURTH STREET PHARMACY,3,9,0.001
0.00022447705284262264,7.27052378305867e-05,0.32388717202893436,CIMAS FOURTH STREET PHARMACY,3,10,0.001
4.0504892543297704e-05,1.4055395563010444e-05,0.3470048846071108,CIMAS HCC  MUTARE PHARMACY,3,2,0.001
6.151288297286882e-05,2.0825996336750785e-05,0.3385631648241297,CIMAS HCC  MUTARE PHARMACY,3,3,0.001
8.302166626508145e-05,2.7433608511402308e-05,0.3304391461357692,CIMAS HCC  MUTARE PHARMACY,3,4,0.001
0.00010502846336512868,3.388420177287375e-05,0.32261922803798637,CIMAS HCC  MUTARE PHARMACY,3,5,0.001
0.00012753005468112152,4.0183488738951306e-05,0.31509034352276283,CIMAS HCC  MUTARE PHARMACY,3,6,0.001
0.00015052281101255688,4.6336935579978525e-05,0.30783995640443507,CIMAS HCC  MUTARE PHARMACY,3,7,0.001
0.00017400272217571154,5.234977248999313e-05,0.3008560546376352,CIMAS HCC  MUTARE PHARMACY,3,8,0.001
0.00019796542357254643,5.8227003947620615e-05,0.2941271404714912,CIMAS HCC  MUTARE PHARMACY,3,9,0.001
0.00022240622093200405,6.397341871991943e-05,0.2876422181530522,CIMAS HCC  MUTARE PHARMACY,3,10,0.001
4.056656055415704e-05,1.7547983972541247e-05,0.43257263452528577,CIMAS HCC CHINHOYI ST. PHARM,3,2,0.001
6.1702315590232e-05,2.5962967754338888e-05,0.42077785097661796,CIMAS HCC CHINHOYI ST. PHARM,3,3,0.001
8.340942286195511e-05,3.415070020887701e-05,0.40943455831599934,CIMAS HCC CHINHOYI ST. PHARM,3,4,0.001
0.00010568961497330832,4.2119755644858915e-05,0.3985231250534517,CIMAS HCC CHINHOYI ST. PHARM,3,5,0.001
0.00012854424304911902,4.9878332058068026e-05,0.38802462774632884,CIMAS HCC CHINHOYI ST. PHARM,3,6,0.001
0.00015197431396721527,5.7434265668907886e-05,0.3779208747163545,CIMAS HCC CHINHOYI ST. PHARM,3,7,0.001
0.00017598052197292433,6.479504567521112e-05,0.36819441690927723,CIMAS HCC CHINHOYI ST. PHARM,3,8,0.001
0.0002005632754039882,7.196782902047008e-05,0.35882854862390723,CIMAS HCC CHINHOYI ST. PHARM,3,9,0.001
0.0002257227191670842,7.895945502180501e-05,0.34980730036021646,CIMAS HCC CHINHOYI ST. PHARM,3,10,0.001
4.053194697394933e-05,1.35425516089188e-05,0.33412043141235875,CIMAS HCC CHITUNGWIZA PHARMACY,3,2,0.001
6.159726210482603e-05,2.005308190024791e-05,0.32555151341177535,CIMAS HCC CHITUNGWIZA PHARMACY,3,3,0.001
8.319691576005819e-05,2.639817550175052e-05,0.3172975255222617,CIMAS HCC CHITUNGWIZA PHARMACY,3,4,0.001
0.00010533145365836829,3.258379971227654e-05,0.3093453909594634,CIMAS HCC CHITUNGWIZA PHARMACY,3,5,0.001
0.0001280010196963589,3.8615671439339304e-05,0.3016825298028291,CIMAS HCC CHITUNGWIZA PHARMACY,3,6,0.001
0.00015120537578473125,4.4499267178071566e-05,0.29429685913696935,CIMAS HCC CHITUNGWIZA PHARMACY,3,7,0.001
0.00017494391902834,5.023983290003948e-05,0.2871767888765593,CIMAS HCC CHITUNGWIZA PHARMACY,3,8,0.001
0.00019921569656536055,5.58423937845317e-05,0.28031121416283783,CIMAS HCC CHITUNGWIZA PHARMACY,3,9,0.001
0.00022401941836013673,6.131176373975838e-05,0.2736895050820672,CIMAS HCC CHITUNGWIZA PHARMACY,3,10,0.001
4.016117298277603e-05,5.969372151248648e-06,0.14863540349801882,ASHBRITTLE   PHARMACY,4,2,0.001
6.0482847049946414e-05,8.918203967114269e-06,0.14745013507300117,ASHBRITTLE   PHARMACY,4,3,0.001
8.096433961436097e-05,1.1843543643155471e-05,0.14628098863730785,ASHBRITTLE   PHARMACY,4,4,0.001
0.00010160495640712339,1.4745693178251678e-05,0.1451276955345249,ASHBRITTLE   PHARMACY,4,5,0.001
0.0001224039905790038,1.762494988253137e-05,0.14398999411016436,ASHBRITTLE   PHARMACY,4,6,0.001
0.0001433607218921992,2.0481606481851626e-05,0.14286762937238046,ASHBRITTLE   PHARMACY,4,7,0.001
0.00016447441599838836,2.331595121778526e-05,0.1417603526740215,ASHBRITTLE   PHARMACY,4,8,0.001
0.0001857443237990439,2.6128267943400734e-05,0.14066792141475512,ASHBRITTLE   PHARMACY,4,9,0.001
0.00020716968088399648,2.8918836215101954e-05,0.13959009876206208,ASHBRITTLE   PHARMACY,4,10,0.001
4.015243996421303e-05,8.351345891187923e-06,0.20799099378845448,BALLANTYNE PARK PHARMACY,4,2,0.001
6.045534985137394e-05,1.2479619483845425e-05,0.20642704929383196,BALLANTYNE PARK PHARMACY,4,3,0.001
8.090680238300546e-05,1.6576966068299944e-05,0.20488964561751052,BALLANTYNE PARK PHARMACY,4,4,0.001
0.00010150491158319648,2.0643874880066612e-05,0.20337808839078955,BALLANTYNE PARK PHARMACY,4,5,0.001
0.0001222478313240195,2.4680823483545958e-05,0.20189170814923585,BALLANTYNE PARK PHARMACY,4,6,0.001
0.0001431337538828016,2.8688278151225536e-05,0.2004298592959114,BALLANTYNE PARK PHARMACY,4,7,0.001
0.00016416090851675475,3.266669422811321e-05,0.19899191910709454,BALLANTYNE PARK PHARMACY,4,8,0.001
0.00018532756005980804,3.661651648200619e-05,0.19757728677909253,BALLANTYNE PARK PHARMACY,4,9,0.001
0.0002066320075458676,4.053817944017733e-05,0.19618538251475282,BALLANTYNE PARK PHARMACY,4,10,0.001
4.032913407379319e-05,8.851487566068191e-06,0.219481220446538,CIMAS BORROWDALE OFFICE PARK PHARMACY,4,2,0.001
6.097869064102253e-05,1.317067183340387e-05,0.21598810494208104,CIMAS BORROWDALE OFFICE PARK PHARMACY,4,3,0.001
8.19398460041738e-05,1.7422013198213617e-05,0.21261955016764597,CIMAS BORROWDALE OFFICE PARK PHARMACY,4,4,0.001
0.00010320369834162462,2.160778499228722e-05,0.20937025842582874,CIMAS BORROWDALE OFFICE PARK PHARMACY,4,5,0.001
0.00012476130039564714,2.5730166437450525e-05,0.20623515750360227,CIMAS BORROWDALE OFFICE PARK PHARMACY,4,6,0.001
0.0001466036907333575,2.9791246827979124e-05,0.2032093917892107,CIMAS BORROWDALE OFFICE PARK PHARMACY,4,7,0.001
0.00016872192347349888,3.3793029527353124e-05,0.20028831364443866,CIMAS BORROWDALE OFFICE PARK PHARMACY,4,8,0.001
0.00019110709638766202,3.773743578610211e-05,0.19746747504107054,CIMAS BORROWDALE OFFICE PARK PHARMACY,4,9,0.001
0.00021375037730074644,4.1626308387540606e-05,0.19474261946668966,CIMAS BORROWDALE OFFICE PARK PHARMACY,4,10,0.001
4.051468703819528e-05,1.58032240852135e-05,0.39006161075155255,CIMAS BULAWAYO PHARMACY,4,2,0.001
6.154410695702643e-05,2.3410409363872493e-05,0.3803842564523515,CIMAS BULAWAYO PHARMACY,4,3,0.001
8.308800410209597e-05,3.0830822655439105e-05,0.3710622608957503,CIMAS BULAWAYO PHARMACY,4,4,0.001
0.0001051458505712534,3.807120536288062e-05,0.3620799599417496,CIMAS BULAWAYO PHARMACY,4,5,0.001
0.00012771687156777826,4.513800111720626e-05,0.35342238314420277,CIMAS BULAWAYO PHARMACY,4,6,0.001
0.00015080006731976373,5.203736930183191e-05,0.3450752392005858,CIMAS BULAWAYO PHARMACY,4,7,0.001
0.00017439423197788162,5.877519821486321e-05,0.337024897832158,CIMAS BULAWAYO PHARMACY,4,8,0.001
0.00019849796985814045,6.535711781810837e-05,0.32925836906451394,CIMAS BULAWAYO PHARMACY,4,9,0.001
0.0002231097093551174,7.178851203714754e-05,0.3217632806956142,CIMAS BULAWAYO PHARMACY,4,10,0.001
4.041703426558802e-05,9.941213318676422e-06,0.2459659274688691,CIMAS CLINIC -MASVINGO PHARMACY,4,2,0.001
6.124832033623713e-05,1.4760690496963585e-05,0.24099747415000583,CIMAS CLINIC -MASVINGO PHARMACY,4,3,0.001
8.249080897627035e-05,1.9483703080297967e-05,0.23619241127702761,CIMAS CLINIC -MASVINGO PHARMACY,4,4,0.001
0.00010414119602157906,2.411331171671634e-05,0.2315444093010016,CIMAS CLINIC -MASVINGO PHARMACY,4,5,0.001
0.00012619593400654193,2.8652458838643993e-05,0.22704740104509757,CIMAS CLINIC -MASVINGO PHARMACY,4,6,0.001
0.00014865124362207469,3.31039736771764e-05,0.2226955716653047,CIMAS CLINIC -MASVINGO PHARMACY,4,7,0.001
0.00017150312504791185,3.7470577075757336e-05,0.21848334871617878,CIMAS CLINIC -MASVINGO PHARMACY,4,8,0.001
0.00019474736919481084,4.175488610663878e-05,0.2144053923771894,CIMAS CLINIC -MASVINGO PHARMACY,4,9,0.001
0.0002183795688854009,4.595941849435896e-05,0.21045658588362307,CIMAS CLINIC -MASVINGO PHARMACY,4,10,0.001
4.048552722163215e-05,1.1693298752967065e-05,0.2888266389357806,CIMAS FIFE AVENUE PHARMACY,4,2,0.001
6.145595936817808e-05,1.7333896401035548e-05,0.28205395504754005,CIMAS FIFE AVENUE PHARMACY,4,3,0.001
8.291037677220106e-05,2.284345602391599e-05,0.2755198675152463,CIMAS FIFE AVENUE PHARMACY,4,4,0.001
0.00010484757025496809,2.8226475507427918e-05,0.269214397994983,CIMAS FIFE AVENUE PHARMACY,4,5,0.001
0.00012726604768297496,3.348726425978562e-05,0.2631280287984097,CIMAS FIFE AVENUE PHARMACY,4,6,0.001
0.00015016403944049793,3.8629952014036505e-05,0.2572516839449002,CIMAS FIFE AVENUE PHARMACY,4,7,0.001
0.00017353950301471954,4.365849725258058e-05,0.2515767101676987,CIMAS FIFE AVENUE PHARMACY,4,8,0.001
0.00019739012686976736,4.857669525698816e-05,0.24609485807280393,CIMAS FIFE AVENUE PHARMACY,4,9,0.001
0.0002217133337677761,5.3388185789334585e-05,0.24079826360490209,CIMAS FIFE AVENUE PHARMACY,4,10,0.001
4.049557048733984e-05,1.3364679961383564e-05,0.33002819322083077,CIMAS FOURTH STREET PHARMACY,4,2,0.001
6.148506477902386e-05,1.9806892211431346e-05,0.3221415197758502,CIMAS FOURTH STREET PHARMACY,4,3,0.001
8.29664830906692e-05,2.6096705403450016e-05,0.31454515644504855,CIMAS FOURTH STREET PHARMACY,4,4,0.001
0.00010493748681652714,3.223956858187809e-05,0.3072264217480813,CIMAS FOURTH STREET PHARMACY,4,5,0.001
0.00012739541106204883,3.8240692794412895e-05,0.30017323603428303,CIMAS FOURTH STREET PHARMACY,4,6,0.001
0.0001503372757280681,4.4105062553069345e-05,0.29337409727210384,CIMAS FOURTH STREET PHARMACY,4,7,0.001
0.0001737597954114049,4.983744680580126e-05,0.28681805643131025,CIMAS FOURTH STREET PHARMACY,4,8,0.001
0.00019765938835585665,5.544240941821899e-05,0.280494692811672,CIMAS FOURTH STREET PHARMACY,4,9,0.001
0.0002220321846598398,6.092431917022245e-05,0.27439408959363437,CIMAS FOURTH STREET PHARMACY,4,10,0.001
4.0441475315326e-05,1.1471703274953309e-05,0.28366183937424033,CIMAS HCC  MUTARE PHARMACY,4,2,0.001
6.132061910961742e-05,1.7023406578713652e-05,0.27761309043997784,CIMAS HCC  MUTARE PHARMACY,4,3,0.001
8.263334554842216e-05,2.2457993350969892e-05,0.2717788224828653,CIMAS HCC  MUTARE PHARMACY,4,4,0.001
0.0001043753094108014,2.7779474217504914e-05,0.2661498622070683,CIMAS HCC  MUTARE PHARMACY,4,5,0.001
0.00012654192462158785,3.299168902986953e-05,0.2607174588858845,CIMAS HCC  MUTARE PHARMACY,4,6,0.001
0.00014912838182997625,3.809831490275113e-05,0.255473266961266,CIMAS HCC  MUTARE PHARMACY,4,7,0.001
0.00017212966514553506,4.310287390001798e-05,0.2504093287091138,CIMAS HCC  MUTARE PHARMACY,4,8,0.001
0.0001955405681290307,4.8008740374547015e-05,0.24551805711675975,CIMAS HCC  MUTARE PHARMACY,4,9,0.001
0.0002193557091227056,5.2819147969103655e-05,0.2407922190872046,CIMAS HCC  MUTARE PHARMACY,4,10,0.001
4.052612471443554e-05,1.4744216597362557e-05,0.36382004697603415,CIMAS HCC CHINHOYI ST. PHARM,4,2,0.001
6.157929574894542e-05,2.1835583109287896e-05,0.35459293328572766,CIMAS HCC CHINHOYI ST. PHARM,4,3,0.001
8.31601676120303e-05,2.874884660172795e-05,0.34570452931084544,CIMAS HCC CHINHOYI ST. PHARM,4,4,0.001
0.00010526914840994025,3.549042472363262e-05,0.33713984828133525,CIMAS HCC CHINHOYI ST. PHARM,4,5,0.001
0.00012790641721875792,4.20664510688808e-05,0.328884601598485,CIMAS HCC CHINHOYI ST. PHARM,4,6,0.001
0.0001510719385711745,4.848278862080776e-05,0.3209251769677005,CIMAS HCC CHINHOYI ST. PHARM,4,7,0.001
0.00017476547444055234,5.4745042722003424e-05,0.3132486144488757,CIMAS HCC CHINHOYI ST. PHARM,4,8,0.001
0.00019898659405685558,6.0858573542830436e-05,0.30584258116122925,CIMAS HCC CHINHOYI ST. PHARM,4,9,0.001
0.00022373468184724493,6.682850803360733e-05,0.298695345226962,CIMAS HCC CHINHOYI ST. PHARM,4,10,0.001
4.047664958295806e-05,1.0874549594554955e-05,0.26866229558519295,CIMAS HCC CHITUNGWIZA PHARMACY,4,2,0.001
6.14290683004905e-05,1.612362494929377e-05,0.26247549239103507,CIMAS HCC CHITUNGWIZA PHARMACY,4,3,0.001
8.28560779296413e-05,2.1252962887423114e-05,0.2565045729713449,CIMAS HCC CHITUNGWIZA PHARMACY,4,4,0.001
0.00010475621144453848,2.626663661912997e-05,0.25074061248421936,CIMAS HCC CHITUNGWIZA PHARMACY,4,5,0.001
0.00012712772087846555,3.116855036664002e-05,0.24517508967565965,CIMAS HCC CHITUNGWIZA PHARMACY,4,6,0.001
0.0001499685842585827,3.596244712940699e-05,0.23979987080093318,CIMAS HCC CHITUNGWIZA PHARMACY,4,7,0.001
0.0001732765117791271,4.065191612431531e-05,0.23460719347890432,CIMAS HCC CHITUNGWIZA PHARMACY,4,8,0.001
0.00019704895136347323,4.524039990318347e-05,0.22958965064337633,CIMAS HCC CHITUNGWIZA PHARMACY,4,9,0.001
0.00022128309375098114,4.9731201152379884e-05,0.22474017472091395,CIMAS HCC CHITUNGWIZA PHARMACY,4,10,0.001
4.0157945046010864e-05,5.949194773132061e-06,0.14814490050015722,ASHBRITTLE   PHARMACY,5,2,0.001
6.047363609618301e-05,8.888729397743788e-06,0.1469851983698534,ASHBRITTLE   PHARMACY,5,3,0.001
8.094682328130926e-05,1.1805240761973246e-05,0.14583945710812216,ASHBRITTLE   PHARMACY,5,4,0.001
0.00010157720703317724,1.4698990517305974e-05,0.14470756724493297,ASHBRITTLE   PHARMACY,5,5,0.001
0.0001223644392478988,1.7570238413460753e-05,0.14358941634885533,ASHBRITTLE   PHARMACY,5,6,0.001
0.00014330812447907362,2.041924224067076e-05,0.1424848892196091,ASHBRITTLE   PHARMACY,5,7,0.001
0.0001644078211558583,2.3246257775588703e-05,0.14139386807852222,ASHBRITTLE   PHARMACY,5,8,0.001
0.00018566304282123674,2.605153873076453e-05,0.14031623275639146,ASHBRITTLE   PHARMACY,5,9,0.001
0.00020707325938602023,2.883533670763651e-05,0.13925186087829175,ASHBRITTLE   PHARMACY,5,10,0.001
4.0130917800622296e-05,8.117220297327017e-06,0.2022684937746713,BALLANTYNE PARK PHARMACY,5,2,0.001
6.039243258170279e-05,1.2136087888431613e-05,0.20095378459897484,BALLANTYNE PARK PHARMACY,5,3,0.001
8.078418513227067e-05,1.6128816942815746e-05,0.19965314889798652,BALLANTYNE PARK PHARMACY,5,4,0.001
0.000101305778755457,2.0095672927345902e-05,0.198366501637138,BALLANTYNE PARK PHARMACY,5,5,0.001
0.00012195678020204161,2.4036919714224543e-05,0.1970937546432712,BALLANTYNE PARK PHARMACY,5,6,0.001
0.00014273672062988066,2.7952819528104317e-05,0.1958348167503902,BALLANTYNE PARK PHARMACY,5,7,0.001
0.00016364509658650257,3.184363289582105e-05,0.19458959394477518,BALLANTYNE PARK PHARMACY,5,8,0.001
0.00018468137101221345,3.5709618598717504e-05,0.19335798950916352,BALLANTYNE PARK PHARMACY,5,9,0.001
0.00020584497426111138,3.955103362752605e-05,0.1921399041657249,BALLANTYNE PARK PHARMACY,5,10,0.001
4.02379227383325e-05,7.4250117042732335e-06,0.18452770916028985,CIMAS BORROWDALE OFFICE PARK PHARMACY,5,2,0.001
6.0706642398938445e-05,1.1072480791232781e-05,0.18239323332147261,CIMAS BORROWDALE OFFICE PARK PHARMACY,5,3,0.001
8.139918100354649e-05,1.4678267571803753e-05,0.18032451175601183,CIMAS BORROWDALE OFFICE PARK PHARMACY,5,4,0.001
0.00010230872018737688,1.824356610386146e-05,0.17831877938115775,CIMAS BORROWDALE OFFICE PARK PHARMACY,5,5,0.001
0.00012342861148243708,2.1769523034034294e-05,0.17637339327220677,CIMAS BORROWDALE OFFICE PARK PHARMACY,5,6,0.001
0.00014475238516439904,2.525723969741027e-05,0.174485827426781,CIMAS BORROWDALE OFFICE PARK PHARMACY,5,7,0.001
0.00016627375772490936,2.870777411918401e-05,0.17265366773438426,CIMAS BORROWDALE OFFICE PARK PHARMACY,5,8,0.001
0.00018798663803593787,3.212214292286808e-05,0.17087460714482916,CIMAS BORROWDALE OFFICE PARK PHARMACY,5,9,0.001
0.000209885132276482,3.550132314949622e-05,0.16914644102913529,CIMAS BORROWDALE OFFICE PARK PHARMACY,5,10,0.001
4.048117377568818e-05,1.3790896961543676e-05,0.34067433513565976,CIMAS BULAWAYO PHARMACY,5,2,0.001
6.14427445899526e-05,2.0445638012402206e-05,0.3327591914854918,CIMAS BULAWAYO PHARMACY,5,3,0.001
8.288374483956448e-05,2.6947341531670778e-05,0.325122152526191,CIMAS BULAWAYO PHARMACY,5,4,0.001
0.00010480303050462638,3.33012791370506e-05,0.3177511086912755,CIMAS BULAWAYO PHARMACY,5,5,0.001
0.0001271992935362903,3.951249334100927e-05,0.31063453453643786,CIMAS BULAWAYO PHARMACY,5,6,0.001
0.0001500710724377731,4.558580869218906e-05,0.30376146416286315,CIMAS BULAWAYO PHARMACY,5,7,0.001
0.0001734167612646901,5.1525842424637216e-05,0.29712146651148735,CIMAS BULAWAYO PHARMACY,5,8,0.001
0.00019723461724504077,5.733701461824675e-05,0.2907046208172081,CIMAS BULAWAYO PHARMACY,5,9,0.001
0.00022152276719646744,6.302355787817897e-05,0.284501492446073,CIMAS BULAWAYO PHARMACY,5,10,0.001
4.035529128726305e-05,8.315991664343943e-06,0.2060694248282787,CIMAS CLINIC -MASVINGO PHARMACY,5,2,0.001
6.106199784309258e-05,1.2365861396867272e-05,0.2025132133515038,CIMAS CLINIC -MASVINGO PHARMACY,5,3,0.001
8.211609840798975e-05,1.6346471603306146e-05,0.19906537110530403,CIMAS CLINIC -MASVINGO PHARMACY,5,4,0.001
0.00010351343690771565,2.0259842933574768e-05,0.19572186509116524,CIMAS CLINIC -MASVINGO PHARMACY,5,5,0.001
0.0001252497327894693,2.4107921769890154e-05,0.19247882796215507,CIMAS CLINIC -MASVINGO PHARMACY,5,6,0.001
0.0001473205912643054,2.789258333807305e-05,0.1893325508586334,CIMAS CLINIC -MASVINGO PHARMACY,5,7,0.001
0.00016972151344936837,3.161563468035179e-05,0.18627947652483914,CIMAS CLINIC -MASVINGO PHARMACY,5,8,0.001
0.0001924479064013351,3.5278817495314406e-05,0.18331619270382285,CIMAS CLINIC -MASVINGO PHARMACY,5,9,0.001
0.00021549509303063228,3.888381085056655e-05,0.18043942580650446,CIMAS CLINIC -MASVINGO PHARMACY,5,10,0.001
4.044140163311333e-05,9.81076984974824e-06,0.24259223106934066,CIMAS FIFE AVENUE PHARMACY,5,2,0.001
6.132243550339785e-05,1.4558544556591235e-05,0.2374097577351531,CIMAS FIFE AVENUE PHARMACY,5,3,0.001
8.264108923109121e-05,1.920581487354281e-05,0.23240031142180542,CIMAS FIFE AVENUE PHARMACY,5,4,0.001
0.00010439510995350789,2.3755835132096336e-05,0.2275569721864936,CIMAS FIFE AVENUE PHARMACY,5,5,0.001
0.0001265820065974133,2.8211729423637026e-05,0.22287314115159185,CIMAS FIFE AVENUE PHARMACY,5,6,0.001
0.00014919905202055586,3.2576497684787595e-05,0.21834252459123787,CIMAS FIFE AVENUE PHARMACY,5,7,0.001
0.00017224328510970468,3.685302147930639e-05,0.21395911867237133,CIMAS FIFE AVENUE PHARMACY,5,8,0.001
0.00019571151291308825,4.104406948969197e-05,0.20971719485873505,CIMAS FIFE AVENUE PHARMACY,5,9,0.001
0.00021960031287644822,4.515230273163183e-05,0.20561128597770018,CIMAS FIFE AVENUE PHARMACY,5,10,0.001
4.045216664786674e-05,1.141475074429084e-05,0.28217897062610864,CIMAS FOURTH STREET PHARMACY,5,2,0.001
6.135376664193436e-05,1.6934487031848967e-05,0.2760138123333165,CIMAS FOURTH STREET PHARMACY,5,3,0.001
8.270179367683649e-05,2.2334823088085797e-05,0.27006455477085306,CIMAS FOURTH STREET PHARMACY,5,4,0.001
0.00010449297559481645,2.7619802610907627e-05,0.2643220987217992,CIMAS FOURTH STREET PHARMACY,5,5,0.001
0.00012672378110290257,3.2793299311791995e-05,0.25877778445675553,CIMAS FOURTH STREET PHARMACY,5,6,0.001
0.00014939042618897686,3.785902519337727e-05,0.2534233696173148,CIMAS FOURTH STREET PHARMACY,5,7,0.001
0.0001724888803529773,4.282053840509275e-05,0.2482510079343421,CIMAS FOURTH STREET PHARMACY,5,8,0.001
0.0001960148727542943,4.768125069420549e-05,0.24325322881990796,CIMAS FOURTH STREET PHARMACY,5,9,0.001
0.00021996389836266146,5.2444434470019865e-05,0.23842291785333364,CIMAS FOURTH STREET PHARMACY,5,10,0.001
4.038535054582704e-05,9.674469139763622e-06,0.23955392262314462,CIMAS HCC  MUTARE PHARMACY,5,2,0.001
6.115145990642521e-05,1.437565450171149e-05,0.23508276864868494,CIMAS HCC  MUTARE PHARMACY,5,3,0.001
8.229358626572674e-05,1.899000769040622e-05,0.23075926754592163,CIMAS HCC  MUTARE PHARMACY,5,4,0.001
0.0001038068508244524,2.3520280938448163e-05,0.22657734775350494,CIMAS HCC  MUTARE PHARMACY,5,5,0.001
0.00012568625045614106,2.7969114601938934e-05,0.22253121960781955,CIMAS HCC  MUTARE PHARMACY,5,6,0.001
0.00014792666995356373,3.233904243204819e-05,0.21861536153149308,CIMAS HCC  MUTARE PHARMACY,5,7,0.001
0.00017052289389506308,3.663249658136609e-05,0.21482450681319726,CIMAS HCC  MUTARE PHARMACY,5,8,0.001
0.00019346961815449646,4.085181235713536e-05,0.21115363097741205,CIMAS HCC  MUTARE PHARMACY,5,9,0.001
0.00021676146107328618,4.499923273327668e-05,0.2075979397373716,CIMAS HCC  MUTARE PHARMACY,5,10,0.001
4.0491672875244295e-05,1.2715646763633605e-05,0.314031154079773,CIMAS HCC CHINHOYI ST. PHARM,5,2,0.001
6.147509072907635e-05,1.884670863452508e-05,0.3065747184918102,CIMAS HCC CHINHOYI ST. PHARM,5,3,0.001
8.29501423671801e-05,2.4833567611052165e-05,0.29937944531940636,CIMAS HCC CHINHOYI ST. PHARM,5,4,0.001
0.0001049165414274581,3.068116911681549e-05,0.2924340499541649,CIMAS HCC CHINHOYI ST. PHARM,5,5,0.001
0.0001273738329239479,3.639424539100543e-05,0.285727802607115,CIMAS HCC CHINHOYI ST. PHARM,5,6,0.001
0.0001503213984215875,4.1977326004297716e-05,0.2792505022243686,CIMAS HCC CHINHOYI ST. PHARM,5,7,0.001
0.00017375846003247846,4.7434747867043955e-05,0.27299245088945645,CIMAS HCC CHINHOYI ST. PHARM,5,8,0.001
0.0001976840834016475,5.277066474278004e-05,0.2669444288823318,CIMAS HCC CHINHOYI ST. PHARM,5,9,0.001
0.00022209717983068554,5.798905628250094e-05,0.2610976705184125,CIMAS HCC CHINHOYI ST. PHARM,5,10,0.001
4.0425934594848005e-05,8.992514414971015e-06,0.22244419343905647,CIMAS HCC CHITUNGWIZA PHARMACY,5,2,0.001
6.127553171153762e-05,1.3349258543273008e-05,0.21785626612130182,CIMAS HCC CHITUNGWIZA PHARMACY,5,3,0.001
8.254628779438882e-05,1.7616980401349255e-05,0.21341941439245182,CIMAS HCC CHITUNGWIZA PHARMACY,5,4,0.001
0.00010423547229296,2.179852106217125e-05,0.20912766626034188,CIMAS HCC CHITUNGWIZA PHARMACY,5,5,0.001
0.00012634013201911394,2.589660917287013e-05,0.20497532145171612,CIMAS HCC CHITUNGWIZA PHARMACY,5,6,0.001
0.0001488570954503544,2.9913866131186632e-05,0.20095693820092883,CIMAS HCC CHITUNGWIZA PHARMACY,5,7,0.001
0.00017178297704746059,3.3852811007461736e-05,0.19706732057687418,CIMAS HCC CHITUNGWIZA PHARMACY,5,8,0.001
0.000195114181645973,3.7715865223117986e-05,0.19330150635360754,CIMAS HCC CHITUNGWIZA PHARMACY,5,9,0.001
0.00021884690897318616,4.1505356996541415e-05,0.1896547554236957,CIMAS HCC CHITUNGWIZA PHARMACY,5,10,0.001
4.019484034428478e-05,6.3339298257159806e-06,0.15758066884862224,ASHBRITTLE   PHARMACY,6,2,0.001
6.058338453744799e-05,9.455014025084845e-06,0.1560661243552757,ASHBRITTLE   PHARMACY,6,3,0.001
8.11644124879309e-05,1.2546141701857994e-05,0.15457688064610334,ASHBRITTLE   PHARMACY,6,4,0.001
0.00010193662440648138,1.5607777978609206e-05,0.1531125644927362,ASHBRITTLE   PHARMACY,6,5,0.001
0.00012289864476260927,1.8640381650951803e-05,0.1516728006802477,ASHBRITTLE   PHARMACY,6,6,0.001
0.00014404902628245946,2.1644405152708635e-05,0.1502572125011596,ASHBRITTLE   PHARMACY,6,7,0.001
0.0001653862539719565,2.4620294528888787e-05,0.14886542223190746,ASHBRITTLE   PHARMACY,6,8,0.001
0.00018690874914959173,2.7568489416178724e-05,0.14749705159127882,ASHBRITTLE   PHARMACY,6,9,0.001
0.0002086148734738249,3.0489423030651062e-05,0.14615172218042544,ASHBRITTLE   PHARMACY,6,10,0.001
4.014138821485947e-05,8.227932201239172e-06,0.20497378309884587,BALLANTYNE PARK PHARMACY,6,2,0.001
6.0423565138848236e-05,1.2298428180703909e-05,0.20353695040077763,BALLANTYNE PARK PHARMACY,6,3,0.001
8.084588129012028e-05,1.6340379460596574e-05,0.20211764903592483,BALLANTYNE PARK PHARMACY,6,4,0.001
0.0001014076391518006,2.035411006843965e-05,0.20071574724238356,BALLANTYNE PARK PHARMACY,6,5,0.001
0.00012210809513439716,2.4339941905806032e-05,0.19933110805648466,BALLANTYNE PARK PHARMACY,6,6,0.001
0.00014294646155354026,2.8298194655344455e-05,0.1979635896390862,BALLANTYNE PARK PHARMACY,6,7,0.001
0.00016392190861726346,3.2229185693192694e-05,0.19661304559626433,BALLANTYNE PARK PHARMACY,6,8,0.001
0.00018503356641727122,3.613323000668364e-05,0.19527932529387237,BALLANTYNE PARK PHARMACY,6,9,0.001
0.0002062805269188796,4.0010640117241844e-05,0.19396227416549183,BALLANTYNE PARK PHARMACY,6,10,0.001
4.016963869238363e-05,6.5550108696694655e-06,0.1631832170527421,CIMAS BORROWDALE OFFICE PARK PHARMACY,6,2,0.001
6.050477039590023e-05,9.791296459024703e-06,0.1618268509236117,CIMAS BORROWDALE OFFICE PARK PHARMACY,6,3,0.001
8.100141850068496e-05,1.3000912349772856e-05,0.16050227996517022,CIMAS BORROWDALE OFFICE PARK PHARMACY,6,4,0.001
0.00010165577297899681,1.618443869370605e-05,0.15920825959436588,CIMAS BORROWDALE OFFICE PARK PHARMACY,6,5,0.001
0.00012246418751078112,1.934243477933918e-05,0.15794360108449151,CIMAS BORROWDALE OFFICE PARK PHARMACY,6,6,0.001
0.0001434231762733485,2.2475439926046734e-05,0.15670716902274612,CIMAS BORROWDALE OFFICE PARK PHARMACY,6,7,0.001
0.00016452941044139497,2.5583974336807035e-05,0.15549787887874306,CIMAS BORROWDALE OFFICE PARK PHARMACY,6,8,0.001
0.00018577971444052897,2.8668539911563456e-05,0.15431469467965359,CIMAS BORROWDALE OFFICE PARK PHARMACY,6,9,0.001
0.0002071710619944163,3.172962102311124e-05,0.15315662678780118,CIMAS BORROWDALE OFFICE PARK PHARMACY,6,10,0.001
4.045362884055683e-05,1.2295881481205541e-05,0.30395002459898707,CIMAS BULAWAYO PHARMACY,6,2,0.001
6.135970144643225e-05,1.824111607203579e-05,0.2972816953478905,CIMAS BULAWAYO PHARMACY,6,3,0.001
8.271689417863261e-05,2.405720451370961e-05,0.29083786030162695,CIMAS BULAWAYO PHARMACY,6,4,0.001
0.00010452375216047544,2.9748401690480168e-05,0.28460901063719385,CIMAS BULAWAYO PHARMACY,6,5,0.001
0.00012677869545599433,3.5318782869964124e-05,0.2785861042577417,CIMAS BULAWAYO PHARMACY,6,6,0.001
0.00014948002424991857,4.077225253624704e-05,0.27276054269351147,CIMAS BULAWAYO PHARMACY,6,7,0.001
0.00017262592316167922,4.6112552778143404e-05,0.26712414875809226,CIMAS BULAWAYO PHARMACY,6,8,0.001
0.0001962144648110996,5.134327124906872e-05,0.26166914502709127,CIMAS BULAWAYO PHARMACY,6,9,0.001
0.00022024361274037784,5.646784871581181e-05,0.2563881331822133,CIMAS BULAWAYO PHARMACY,6,10,0.001
4.0300980213076814e-05,7.2079936988656415e-06,0.17885405418816092,CIMAS CLINIC -MASVINGO PHARMACY,6,2,0.001
6.0898881662189035e-05,1.0732298173272682e-05,0.17623144925395506,CIMAS CLINIC -MASVINGO PHARMACY,6,3,0.001
8.17895980373298e-05,1.4205364848859163e-05,0.17368180293997357,CIMAS CLINIC -MASVINGO PHARMACY,6,4,0.001
0.00010296898399276435,1.7628549770149772e-05,0.17120252222153162,CIMAS CLINIC -MASVINGO PHARMACY,6,5,0.001
0.0001244328632164354,2.1003161937627647e-05,0.16879111670921912,CIMAS CLINIC -MASVINGO PHARMACY,6,6,0.001
0.0001461770362618498,2.4330465197502613e-05,0.1664451942637486,CIMAS CLINIC -MASVINGO PHARMACY,6,7,0.001
0.00016819728813316132,2.7611680047936702e-05,0.1641624568053476,CIMAS CLINIC -MASVINGO PHARMACY,6,8,0.001
0.00019048939561469428,3.084798536553838e-05,0.16194069631012456,CIMAS CLINIC -MASVINGO PHARMACY,6,9,0.001
0.0002130491343367932,3.404052005578411e-05,0.1597777909858673,CIMAS CLINIC -MASVINGO PHARMACY,6,10,0.001
4.040341286069276e-05,8.438280183284239e-06,0.20885067834191753,CIMAS FIFE AVENUE PHARMACY,6,2,0.001
6.120767614531365e-05,1.2533216106736966e-05,0.20476542969842138,CIMAS FIFE AVENUE PHARMACY,6,3,0.001
8.241001345363379e-05,1.6548763143039923e-05,0.200810101218473,CIMAS FIFE AVENUE PHARMACY,6,4,0.001
0.00010400743639481264,2.048735914510554e-05,0.19697975313356866,CIMAS FIFE AVENUE PHARMACY,6,5,0.001
0.0001259967467564987,2.435134925374861e-05,0.19326966672250692,CIMAS FIFE AVENUE PHARMACY,6,6,0.001
0.00014837453891346255,2.8142990084573913e-05,0.18967533305015313,CIMAS FIFE AVENUE PHARMACY,6,7,0.001
0.00017113720251318905,3.1864453702135484e-05,0.18619244228723314,CIMAS FIFE AVENUE PHARMACY,6,8,0.001
0.00019428092547033623,3.551783139241205e-05,0.18281687358873058,CIMAS FIFE AVENUE PHARMACY,6,9,0.001
0.0002178016972967439,3.9105137244179806e-05,0.17954468550766625,CIMAS FIFE AVENUE PHARMACY,6,10,0.001
4.0415376091299954e-05,9.988049283018642e-06,0.24713488402174555,CIMAS FOURTH STREET PHARMACY,6,2,0.001
6.12427134849926e-05,1.483088406566042e-05,0.2421656915854112,CIMAS FOURTH STREET PHARMACY,6,3,0.001
8.247836999470064e-05,1.9577289349607248e-05,0.23736270916684118,CIMAS FOURTH STREET PHARMACY,6,4,0.001
0.00010411848153244667,2.4230372194576517e-05,0.2327192236954162,CIMAS FOURTH STREET PHARMACY,6,5,0.001
0.00012615896768562767,2.8793114659953827e-05,0.22822883848972716,CIMAS FOURTH STREET PHARMACY,6,6,0.001
0.00014859553743230003,3.3268379746701784e-05,0.2238854565996561,CIMAS FOURTH STREET PHARMACY,6,7,0.001
0.0001714236950426197,3.765891702581945e-05,0.21968326500287264,CIMAS FOURTH STREET PHARMACY,6,8,0.001
0.00019463874620568363,4.1967367969706605e-05,0.21561671962969683,CIMAS FOURTH STREET PHARMACY,6,9,0.001
0.00021823580441309337,4.619627100219592e-05,0.21168053118704616,CIMAS FOURTH STREET PHARMACY,6,10,0.001
4.033779306219274e-05,8.39685881454893e-06,0.20816356516090673,CIMAS HCC  MUTARE PHARMACY,6,2,0.001
6.100863890699623e-05,1.2491434849303502e-05,0.2047486236882927,CIMAS HCC  MUTARE PHARMACY,6,3,0.001
8.20077305549509e-05,1.6519502750127068e-05,0.2014383599977547,CIMAS HCC  MUTARE PHARMACY,6,4,0.001
0.00010333020410810111,2.0483009055448947e-05,0.1982286712026641,CIMAS HCC  MUTARE PHARMACY,6,5,0.001
0.00012497114823036787,2.4383825410693652e-05,0.195115638737233,CIMAS HCC  MUTARE PHARMACY,6,6,0.001
0.00014692561333113288,2.822375197393223e-05,0.19209551918169018,CIMAS HCC  MUTARE PHARMACY,6,7,0.001
0.00016918862045431905,3.2004520648200036e-05,0.18916473556116772,CIMAS HCC  MUTARE PHARMACY,6,8,0.001
0.000191755169873697,3.572779814965379e-05,0.18631986909759224,CIMAS HCC  MUTARE PHARMACY,6,9,0.001
0.0002146202493939364,3.939518892031134e-05,0.18355765139384073,CIMAS HCC  MUTARE PHARMACY,6,10,0.001
4.046323903464663e-05,1.1212956552650367e-05,0.2771146556767064,CIMAS HCC CHINHOYI ST. PHARM,6,2,0.001
6.138930265961818e-05,1.663066883971135e-05,0.27090499678620694,CIMAS HCC CHINHOYI ST. PHARM,6,3,0.001
8.277762832245847e-05,2.192808189831796e-05,0.26490348108184,CIMAS HCC CHINHOYI ST. PHARM,6,4,0.001
0.00010462750802853119,2.7109136575070264e-05,0.25910142644014605,CIMAS HCC CHINHOYI ST. PHARM,6,5,0.001
0.00012693809021693068,3.217760981988189e-05,0.2534905776894233,CIMAS HCC CHINHOYI ST. PHARM,6,6,0.001
0.0001497083809661611,3.7137122738705843e-05,0.24806308437134209,CIMAS HCC CHINHOYI ST. PHARM,6,7,0.001
0.00017293724463601388,4.199114822404548e-05,0.242811479461382,CIMAS HCC CHINHOYI ST. PHARM,6,8,0.001
0.0001966234040404345,4.674301818250265e-05,0.23772865906080137,CIMAS HCC CHINHOYI ST. PHARM,6,9,0.001
0.00022076544023602091,5.1395930378582334e-05,0.23280786305879583,CIMAS HCC CHINHOYI ST. PHARM,6,10,0.001
4.0380660296139654e-05,7.639379724071332e-06,0.189184121013535,CIMAS HCC CHITUNGWIZA PHARMACY,6,2,0.001
6.113878048287636e-05,1.1352834945323322e-05,0.18568958778140826,CIMAS HCC CHITUNGWIZA PHARMACY,6,3,0.001
8.227097379390829e-05,1.4998322607548471e-05,0.18230393923766847,CIMAS HCC CHITUNGWIZA PHARMACY,6,4,0.001
0.00010377367179326545,1.8577883376306043e-05,0.17902308991548743,CIMAS HCC CHITUNGWIZA PHARMACY,6,5,0.001
0.00012564312927168953,2.209348144595306e-05,0.17584313264100834,CIMAS HCC CHITUNGWIZA PHARMACY,6,6,0.001
0.00014787542937051235,2.554700792779117e-05,0.17276032966762406,CIMAS HCC CHITUNGWIZA PHARMACY,6,7,0.001
0.0001704664889500246,2.894028406902044e-05,0.16977110426381117,CIMAS HCC CHITUNGWIZA PHARMACY,6,8,0.001
0.00019341206421445194,3.227506431121286e-05,0.1668720327364214,CIMAS HCC CHITUNGWIZA PHARMACY,6,9,0.001
0.00021670775660111917,3.555303919664359e-05,0.16405983687092435,CIMAS HCC CHITUNGWIZA PHARMACY,6,10,0.001
4.0228514399881206e-05,6.814342013865125e-06,0.16939084416911124,ASHBRITTLE   PHARMACY,7,2,0.001
6.0684561846776085e-05,1.0163752229288144e-05,0.16748497344268296,ASHBRITTLE   PHARMACY,7,3,0.001
8.136699293829136e-05,1.3475529278331714e-05,0.16561419798998275,ASHBRITTLE   PHARMACY,7,4,0.001
0.00010227449524480009,1.6750318906503517e-05,0.16377806476982001,ASHBRITTLE   PHARMACY,7,5,0.001
0.00012340559869578077,1.9988758824253334e-05,0.16197610996183068,ASHBRITTLE   PHARMACY,7,6,0.001
0.00014475868130188986,2.3191478548302163e-05,0.16020786000348425,ASHBRITTLE   PHARMACY,7,7,0.001
0.0001663319751830942,2.6359099259744595e-05,0.15847283260316689,ASHBRITTLE   PHARMACY,7,8,0.001
0.00018812357287207218,2.9492233678401304e-05,0.15677053772764893,ASHBRITTLE   PHARMACY,7,9,0.001
0.0002101314338612085,3.259148595288161e-05,0.15510047856242318,ASHBRITTLE   PHARMACY,7,10,0.001
4.01600354657325e-05,8.463684813341834e-06,0.21074893772351552,BALLANTYNE PARK PHARMACY,7,2,0.001
6.047908237126602e-05,1.2645003124370688e-05,0.20908060487337032,BALLANTYNE PARK PHARMACY,7,3,0.001
8.095604015038539e-05,1.6793231983418345e-05,0.2074364303419848,BALLANTYNE PARK PHARMACY,7,4,0.001
0.00010158973546540034,2.090881214132019e-05,0.2058161884715347,BALLANTYNE PARK PHARMACY,7,5,0.001
0.00012237892603711879,2.4992180787030397e-05,0.20421964464249354,BALLANTYNE PARK PHARMACY,7,6,0.001
0.00014332230451998131,2.904377139648096e-05,0.20264655591294803,BALLANTYNE PARK PHARMACY,7,7,0.001
0.00016441850240673682,3.30640135913475e-05,0.20109667164802464,BALLANTYNE PARK PHARMACY,7,8,0.001
0.00018566609394750577,3.7053333007548185e-05,0.19956973413801898,BALLANTYNE PARK PHARMACY,7,9,0.001
0.00020706360006862219,4.101215117328455e-05,0.19806547920393958,BALLANTYNE PARK PHARMACY,7,10,0.001
4.0127868843120636e-05,6.038638620240193e-06,0.15048490723113578,CIMAS BORROWDALE OFFICE PARK PHARMACY,7,2,0.001
6.038196301344219e-05,9.029153731712262e-06,0.14953395486168938,CIMAS BORROWDALE OFFICE PARK PHARMACY,7,3,0.001
8.076072103543864e-05,1.2000838541195585e-05,0.1485974665323938,CIMAS BORROWDALE OFFICE PARK PHARMACY,7,4,0.001
0.00010126266004257357,1.4953962471735212e-05,0.1476749916054759,CIMAS BORROWDALE OFFICE PARK PHARMACY,7,5,0.001
0.00012188637242640473,1.788878736152237e-05,0.146766098665572,CIMAS BORROWDALE OFFICE PARK PHARMACY,7,6,0.001
0.00014263052257021608,2.0805567760174346e-05,0.1458703746242807,CIMAS BORROWDALE OFFICE PARK PHARMACY,7,7,0.001
0.00016349384367039512,2.370455121187914e-05,0.14498742386696653,CIMAS BORROWDALE OFFICE PARK PHARMACY,7,8,0.001
0.00018447513464804225,2.658597852602487e-05,0.1441168674398743,CIMAS BORROWDALE OFFICE PARK PHARMACY,7,9,0.001
0.00020557325715264924,2.94500840359037e-05,0.14325834227569506,CIMAS BORROWDALE OFFICE PARK PHARMACY,7,10,0.001
4.0431297612994294e-05,1.1160481866340517e-05,0.27603570810830536,CIMAS BULAWAYO PHARMACY,7,2,0.001
6.129249265702558e-05,1.6565513565797234e-05,0.2702698625505881,CIMAS BULAWAYO PHARMACY,7,3,0.001
8.258207255976549e-05,2.1858716473712725e-05,0.2646908196436139,CIMAS BULAWAYO PHARMACY,7,4,0.001
0.00010429841608290325,2.7043631351123842e-05,0.2592909112793025,CIMAS BULAWAYO PHARMACY,7,5,0.001
0.00012643979638037687,3.2123654164007906e-05,0.2540628432156619,CIMAS BULAWAYO PHARMACY,7,6,0.001
0.0001490043834843665,3.7102043138247347e-05,0.24899967551719768,CIMAS BULAWAYO PHARMACY,7,7,0.001
0.00017199024630266057,4.198192544318535e-05,0.2440948038954923,CIMAS BULAWAYO PHARMACY,7,8,0.001
0.0001953953542019091,4.676630352162389e-05,0.23934194194452837,CIMAS BULAWAYO PHARMACY,7,9,0.001
0.00021921757824323434,5.145806108382186e-05,0.23473510425667699,CIMAS BULAWAYO PHARMACY,7,10,0.001
4.0255875737372986e-05,6.448559247242923e-06,0.16018926750750503,CIMAS CLINIC -MASVINGO PHARMACY,7,2,0.001
6.076400416038683e-05,9.612014713535556e-06,0.15818599920052348,CIMAS CLINIC -MASVINGO PHARMACY,7,3,0.001
8.152078000496229e-05,1.2736209979713065e-05,0.15623268053786768,CIMAS CLINIC -MASVINGO PHARMACY,7,4,0.001
0.00010252262085189686,1.5822072386836033e-05,0.15432762306859515,CIMAS CLINIC -MASVINGO PHARMACY,7,5,0.001
0.00012376597190159045,1.8870499067121438e-05,0.15246920277995202,CIMAS CLINIC -MASVINGO PHARMACY,7,6,0.001
0.00014524731046753356,2.188235810092688e-05,0.1506558574509243,CIMAS CLINIC -MASVINGO PHARMACY,7,7,0.001
0.00016696315019056922,2.4858489624448165e-05,0.1488860841214068,CIMAS CLINIC -MASVINGO PHARMACY,7,8,0.001
0.00018891004497667894,2.779970689037805e-05,0.14715843667185585,CIMAS CLINIC -MASVINGO PHARMACY,7,9,0.001
0.00021108459266173937,3.070679728367141e-05,0.145471523508486,CIMAS CLINIC -MASVINGO PHARMACY,7,10,0.001
4.0370940748355106e-05,7.415506586542406e-06,0.18368426519375938,CIMAS FIFE AVENUE PHARMACY,7,2,0.001
6.11096837263824e-05,1.1022678844502528e-05,0.1803753214278835,CIMAS FIFE AVENUE PHARMACY,7,3,0.001
8.221290027409084e-05,1.456543551432617e-05,0.17716727503550225,CIMAS FIFE AVENUE PHARMACY,7,4,0.001
0.00010367707456401264,1.804566510464933e-05,0.17405646504336422,CIMAS FIFE AVENUE PHARMACY,7,5,0.001
0.0001254985069195195,2.1465187643405675e-05,0.17103938660538018,CIMAS FIFE AVENUE PHARMACY,7,6,0.001
0.00014767331749168748,2.482575763904091e-05,0.16811268318962463,CIMAS FIFE AVENUE PHARMACY,7,7,0.001
0.000170197450304751,2.8129066894123644e-05,0.16527313919072517,CIMAS FIFE AVENUE PHARMACY,7,8,0.001
0.00019306667767634184,3.137674717931814e-05,0.16251767294570796,CIMAS FIFE AVENUE PHARMACY,7,9,0.001
0.00021627660501504224,3.4570372775265106e-05,0.1598433301320811,CIMAS FIFE AVENUE PHARMACY,7,10,0.001
4.0384519355513495e-05,8.920697338976249e-06,0.22089398317324163,CIMAS FOURTH STREET PHARMACY,7,2,0.001
6.11496956720564e-05,1.3255786850062494e-05,0.2167760068856728,CIMAS FOURTH STREET PHARMACY,7,3,0.001
8.22914727344215e-05,1.7510829728307325e-05,0.21279033108108128,CIMAS FOURTH STREET PHARMACY,7,4,0.001
0.00010380560615037515,2.1688294501228766e-05,0.20893182271688307,CIMAS FOURTH STREET PHARMACY,7,5,0.001
0.00012568766925679406,2.5790554428297806e-05,0.2051955818800713,CIMAS FOURTH STREET PHARMACY,7,6,0.001
0.00014793305930682098,2.981989187686357e-05,0.20157692956930973,CIMAS FOURTH STREET PHARMACY,7,7,0.001
0.00017053700395069902,3.3778502468840665e-05,0.19807139615637775,CIMAS FOURTH STREET PHARMACY,7,8,0.001
0.00019349456801747537,3.766849901088326e-05,0.19467471049358476,CIMAS FOURTH STREET PHARMACY,7,9,0.001
0.00021680066059971687,4.149191522011923e-05,0.191382789634237,CIMAS FOURTH STREET PHARMACY,7,10,0.001
4.029852473560252e-05,7.46756079347649e-06,0.18530605878182752,CIMAS HCC  MUTARE PHARMACY,7,2,0.001
6.089103691880946e-05,1.1119479398612453e-05,0.18261274501596814,CIMAS HCC  MUTARE PHARMACY,7,3,0.001
8.177298864197513e-05,1.4718809311266585e-05,0.17999598101653863,CIMAS HCC  MUTARE PHARMACY,7,4,0.001
0.00010293982863936697,1.8266971617750412e-05,0.1774529048590686,CIMAS HCC  MUTARE PHARMACY,7,5,0.001
0.00012438700926154704,2.1765335638410124e-05,0.1749807778772494,CIMAS HCC  MUTARE PHARMACY,7,6,0.001
0.0001461099931612507,2.5215221177385375e-05,0.17257697869821412,CIMAS HCC  MUTARE PHARMACY,7,7,0.001
0.00016810425968945275,2.8617900660835142e-05,0.17023899759412636,CIMAS HCC  MUTARE PHARMACY,7,8,0.001
0.00019036531100045874,3.197460116966338e-05,0.16796443113307724,CIMAS HCC  MUTARE PHARMACY,7,9,0.001
0.0002128886778651327,3.528650637244665e-05,0.1657509771130292,CIMAS HCC  MUTARE PHARMACY,7,10,0.001
4.044003187918954e-05,1.0075705453400995e-05,0.24915176831465255,CIMAS HCC CHINHOYI ST. PHARM,7,2,0.001
6.131936898237496e-05,1.4952170502219006e-05,0.24384090623171142,CIMAS HCC CHINHOYI ST. PHARM,7,3,0.001
8.263715202044516e-05,1.972559715927816e-05,0.23870131868046318,CIMAS HCC CHINHOYI ST. PHARM,7,4,0.001
0.00010439238928534929,2.4399227905264425e-05,0.23372611808482363,CIMAS HCC CHINHOYI ST. PHARM,7,5,0.001
0.00012658395647424217,2.897617518940594e-05,0.22890874954838478,CIMAS HCC CHINHOYI ST. PHARM,7,6,0.001
0.00014921059619646393,3.34594276967567e-05,0.22424297301715118,CIMAS HCC CHINHOYI ST. PHARM,7,7,0.001
0.00017227091722944385,3.7851856279800755e-05,0.21972284636638173,CIMAS HCC CHINHOYI ST. PHARM,7,8,0.001
0.00019576339358296562,4.21562195721177e-05,0.21534270938275116,CIMAS HCC CHINHOYI ST. PHARM,7,9,0.001
0.00021968636342537508,4.637516930120663e-05,0.2110971686094651,CIMAS HCC CHINHOYI ST. PHARM,7,10,0.001
4.034068490679886e-05,6.648968557002123e-06,0.16482041820468774,CIMAS HCC CHITUNGWIZA PHARMACY,7,2,0.001
6.101825271046112e-05,9.890481003094138e-06,0.16209053133700252,CIMAS HCC CHITUNGWIZA PHARMACY,7,3,0.001
8.202875891028079e-05,1.3078785655646405e-05,0.15944146698539433,CIMAS HCC CHITUNGWIZA PHARMACY,7,4,0.001
0.00010336812248717525,1.6215391810718147e-05,0.15687033314095428,CIMAS HCC CHITUNGWIZA PHARMACY,7,5,0.001
0.00012503213210990347,1.9301755026815036e-05,0.1543743572240195,CIMAS HCC CHITUNGWIZA PHARMACY,7,6,0.001
0.0001470164525684371,2.233927939025125e-05,0.1519508803264871,CIMAS HCC CHITUNGWIZA PHARMACY,7,7,0.001
0.00016931663142496215,2.5329319670454527e-05,0.1495973517621037,CIMAS HCC CHITUNGWIZA PHARMACY,7,8,0.001
0.00019192810587041677,2.8273183371054935e-05,0.1473113239086724,CIMAS HCC CHITUNGWIZA PHARMACY,7,9,0.001
0.00021484620977215953,3.117213268228948e-05,0.14509044732670384,CIMAS HCC CHITUNGWIZA PHARMACY,7,10,0.001
4.0251499369248695e-05,7.271408183457941e-06,0.18064937449294485,ASHBRITTLE   PHARMACY,8,2,0.001
6.0754296227794615e-05,1.0839347960405005e-05,0.17841286350785,ASHBRITTLE   PHARMACY,8,3,0.001
8.15079551962383e-05,1.4363141880028592e-05,0.176217669127485,ASHBRITTLE   PHARMACY,8,4,0.001
0.00010251181005730155,1.7843554007604578e-05,0.17406339813559507,ASHBRITTLE   PHARMACY,8,5,0.001
0.00012376496707727777,2.128134101822821e-05,0.171949635836289,ASHBRITTLE   PHARMACY,8,6,0.001
0.00014526630897229373,2.4677251866363456e-05,0.16987594743024748,ASHBRITTLE   PHARMACY,8,7,0.001
0.0001670144995006421,2.8032027479411296e-05,0.1678418793770868,ASHBRITTLE   PHARMACY,8,8,0.001
0.0001890079886589007,3.1346400474796e-05,0.16584696074072447,ASHBRITTLE   PHARMACY,8,9,0.001
0.00021124501845616229,3.462109490002482e-05,0.16389070451481164,ASHBRITTLE   PHARMACY,8,10,0.001
4.017756161569454e-05,8.723891835621906e-06,0.2171334318161831,BALLANTYNE PARK PHARMACY,8,2,0.001
6.0531554042493145e-05,1.3028132129398815e-05,0.21522877341383087,BALLANTYNE PARK PHARMACY,8,3,0.001
8.106072612185371e-05,1.7294633304839042e-05,0.2133540387837269,BALLANTYNE PARK PHARMACY,8,4,0.001
0.00010176371142195665,2.1523939422265524e-05,0.21150898607675483,BALLANTYNE PARK PHARMACY,8,5,0.001
0.0001226390335395284,2.571659068082445e-05,0.20969335731543912,BALLANTYNE PARK PHARMACY,8,6,0.001
0.00014368511159462179,2.987312316019169e-05,0.2079068793465019,BALLANTYNE PARK PHARMACY,8,7,0.001
0.00016490026588978984,3.3994068577098766e-05,0.20614926479147408,BALLANTYNE PARK PHARMACY,8,8,0.001
0.00018628272370495148,3.807995405655543e-05,0.20442021299231866,BALLANTYNE PARK PHARMACY,8,9,0.001
0.00020783062519931863,4.213130191760748e-05,0.20271941094918866,BALLANTYNE PARK PHARMACY,8,10,0.001
4.010805539955577e-05,5.737271299767707e-06,0.14304536190082284,CIMAS BORROWDALE OFFICE PARK PHARMACY,8,2,0.001
6.032381590597746e-05,8.582682589324704e-06,0.14227685136334767,CIMAS BORROWDALE OFFICE PARK PHARMACY,8,3,0.001
8.064694626122544e-05,1.141280153445936e-05,0.14151560677191524,CIMAS BORROWDALE OFFICE PARK PHARMACY,8,4,0.001
0.00010107712536632345,1.4227768185391508e-05,0.14076150398843723,CIMAS BORROWDALE OFFICE PARK PHARMACY,8,5,0.001
0.00012161404544826161,1.7027720372366533e-05,0.140014422755229,CIMAS BORROWDALE OFFICE PARK PHARMACY,8,6,0.001
0.00014225741126774609,1.9812793767145606e-05,0.13927424652663944,CIMAS BORROWDALE OFFICE PARK PHARMACY,8,7,0.001
0.00016300693936619273,2.2583121942096886e-05,0.13854086230871576,CIMAS BORROWDALE OFFICE PARK PHARMACY,8,8,0.001
0.00018386235735040225,2.5338836426994225e-05,0.1378141605065132,CIMAS BORROWDALE OFFICE PARK PHARMACY,8,9,0.001
0.00020482340321339206,2.808006676362496e-05,0.13709403477868287,CIMAS BORROWDALE OFFICE PARK PHARMACY,8,10,0.001
4.0413298771569924e-05,1.0281440728863275e-05,0.2544073619670982,CIMAS BULAWAYO PHARMACY,8,2,0.001
6.123838017898394e-05,1.5267283168071038e-05,0.24930906277156123,CIMAS BULAWAYO PHARMACY,8,3,0.001
8.247362955323483e-05,2.0154124200562768e-05,0.2443705255818012,CIMAS BULAWAYO PHARMACY,8,4,0.001
0.00010411733550973613,2.494499236602481e-05,0.23958538934846424,CIMAS BULAWAYO PHARMACY,8,5,0.001
0.0001261676913689702,2.9642796073782254e-05,0.23494759832843093,CIMAS BULAWAYO PHARMACY,8,6,0.001
0.00014862279624342962,3.425032935883895e-05,0.23045138582065333,CIMAS BULAWAYO PHARMACY,8,7,0.001
0.00017148065584742108,3.877027733098842e-05,0.2260912587451565,CIMAS BULAWAYO PHARMACY,8,8,0.001
0.0001947391830803045,4.320522133324303e-05,0.22186198303721194,CIMAS BULAWAYO PHARMACY,8,9,0.001
0.0002183961984284107,4.755764382521031e-05,0.2177585698260196,CIMAS BULAWAYO PHARMACY,8,10,0.001
4.022046760322998e-05,5.924494720869372e-06,0.1473004933536276,CIMAS CLINIC -MASVINGO PHARMACY,8,2,0.001
6.065852212728098e-05,8.838441634216553e-06,0.14570815978125343,CIMAS CLINIC -MASVINGO PHARMACY,8,3,0.001
8.131133126682745e-05,1.1721087728973405e-05,0.14415072962598574,CIMAS CLINIC -MASVINGO PHARMACY,8,4,0.001
0.00010217611316906085,1.4573081900733366e-05,0.14262709207406146,CIMAS CLINIC -MASVINGO PHARMACY,8,5,0.001
0.0001232501382913669,1.739505337857275e-05,0.1411361773684208,CIMAS CLINIC -MASVINGO PHARMACY,8,6,0.001
0.00014453073104911027,2.0187612442964017e-05,0.1396769551805868,CIMAS CLINIC -MASVINGO PHARMACY,8,7,0.001
0.00016601527126156084,2.2951351114396043e-05,0.13824843305069007,CIMAS CLINIC -MASVINGO PHARMACY,8,8,0.001
0.0001877011954041211,2.5686843813995356e-05,0.13684965489266876,CIMAS CLINIC -MASVINGO PHARMACY,8,9,0.001
0.00020958599767510806,2.8394647997382775e-05,0.13547969956179534,CIMAS CLINIC -MASVINGO PHARMACY,8,10,0.001
4.0343335220673285e-05,6.638093978174051e-06,0.16454003968349318,CIMAS FIFE AVENUE PHARMACY,8,2,0.001
6.102645380478646e-05,9.873650683354305e-06,0.16179296137603671,CIMAS FIFE AVENUE PHARMACY,8,3,0.001
8.204563726483864e-05,1.3055650744212049e-05,0.15912669069860658,CIMAS FIFE AVENUE PHARMACY,8,4,0.001
0.00010339700472164991,1.618560276638347e-05,0.15653841046900682,CIMAS FIFE AVENUE PHARMACY,8,5,0.001
0.00012507651750565745,1.9264962876440537e-05,0.1540254178852489,CIMAS FIFE AVENUE PHARMACY,8,6,0.001
0.0001470799841173182,2.229513689431537e-05,0.15158511899574098,CIMAS FIFE AVENUE PHARMACY,8,7,0.001
0.00016940306554007103,2.5277482400828636e-05,0.1492150234722254,CIMAS FIFE AVENUE PHARMACY,8,8,0.001
0.00019204128089653048,2.821331070596563e-05,0.14691273966854357,CIMAS FIFE AVENUE PHARMACY,8,9,0.001
0.00021499001343597109,3.1103888723227724e-05,0.14467596994913984,CIMAS FIFE AVENUE PHARMACY,8,10,0.001
4.035882216184885e-05,8.10594195435569e-06,0.20084684141298423,CIMAS FOURTH STREET PHARMACY,8,2,0.001
6.107231303307864e-05,1.2052516093557395e-05,0.1973482826338898,CIMAS FOURTH STREET PHARMACY,8,3,0.001
8.213615358130935e-05,1.5930987335025842e-05,0.19395828317252792,CIMAS FOURTH STREET PHARMACY,8,4,0.001
0.00010354586542472547,1.9743377570798612e-05,0.19067277568075777,CIMAS FOURTH STREET PHARMACY,8,5,0.001
0.00012529681735995365,2.3491633467985328e-05,0.18748787050590748,CIMAS FOURTH STREET PHARMACY,8,6,0.001
0.00014738423218463873,2.7177629803858917e-05,0.18439984658475245,CIMAS FOURTH STREET PHARMACY,8,7,0.001
0.00016980319380805486,3.080317262989133e-05,0.18140514285444573,CIMAS FOURTH STREET PHARMACY,8,8,0.001
0.00019254865463946282,3.437000227434433e-05,0.17850035015149987,CIMAS FOURTH STREET PHARMACY,8,9,0.001
0.00021561544324063604,3.787979619248344e-05,0.17568220357114203,CIMAS FOURTH STREET PHARMACY,8,10,0.001
4.026672568829391e-05,6.775689391213368e-06,0.16827018525579182,CIMAS HCC  MUTARE PHARMACY,8,2,0.001
6.079602222801045e-05,1.0097000573318414e-05,0.16607995397216035,CIMAS HCC  MUTARE PHARMACY,8,3,0.001
8.158376006438565e-05,1.337544818353627e-05,0.16394743479560647,CIMAS HCC  MUTARE PHARMACY,8,4,0.001
0.0001026258400068338,1.6612102585144426e-05,0.16187056382718265,CIMAS HCC  MUTARE PHARMACY,8,5,0.001
0.00012391819803465895,1.9807997124260447e-05,0.15984736252152656,CIMAS HCC  MUTARE PHARMACY,8,6,0.001
0.00014545680982778523,2.2964129667399108e-05,0.15787593371934716,CIMAS HCC  MUTARE PHARMACY,8,7,0.001
0.0001672376950243928,2.608146406563975e-05,0.1559544578860381,CIMAS HCC  MUTARE PHARMACY,8,8,0.001
0.0001892569212078688,2.9160931549308316e-05,0.15408118954487082,CIMAS HCC  MUTARE PHARMACY,8,9,0.001
0.0002115106076260201,3.220343205685692e-05,0.152254453893854,CIMAS HCC  MUTARE PHARMACY,8,10,0.001
4.042118877395794e-05,9.198851616479004e-06,0.22757498964022368,CIMAS HCC CHINHOYI ST. PHARM,8,2,0.001
6.126262519609849e-05,1.3657052481946436e-05,0.22292633458378447,CIMAS HCC CHINHOYI ST. PHARM,8,3,0.001
8.252324271898746e-05,1.8024952569333958e-05,0.21842273734581039,CIMAS HCC CHINHOYI ST. PHARM,8,4,0.001
0.00010420184849133306,2.2305297662192174e-05,0.21405856023799238,CIMAS HCC CHINHOYI ST. PHARM,8,5,0.001
0.00012629712230177384,2.650072707464307e-05,0.20982843149285968,CIMAS HCC CHINHOYI ST. PHARM,8,6,0.001
0.00014880761539829877,3.061377866249948e-05,0.2057272309656907,CIMAS HCC CHINHOYI ST. PHARM,8,7,0.001
0.0001717317492281948,3.464689356623595e-05,0.2017500766279253,CIMAS HCC CHINHOYI ST. PHARM,8,8,0.001
0.00019506781413920003,3.8602420700765675e-05,0.19789231181531083,CIMAS HCC CHINHOYI ST. PHARM,8,9,0.001
0.00021881396807877613,4.2482621006246566e-05,0.19414949319392727,CIMAS HCC CHINHOYI ST. PHARM,8,10,0.001
4.030575875654612e-05,5.91227746689058e-06,0.14668567592541248,CIMAS HCC CHITUNGWIZA PHARMACY,8,2,0.001
6.091314498409922e-05,8.802043467130763e-06,0.14450154345877972,CIMAS HCC CHITUNGWIZA PHARMACY,8,3,0.001
8.181792956291717e-05,1.1649158582364516e-05,0.14237904386723,CIMAS HCC CHITUNGWIZA PHARMACY,8,4,0.001
0.00010301579240182241,1.4454769703814237e-05,0.14031605608033476,CIMAS HCC CHITUNGWIZA PHARMACY,8,5,0.001
0.00012450232943080937,1.721998466257545e-05,0.13831054198986087,CIMAS HCC CHITUNGWIZA PHARMACY,8,6,0.001
0.00014627305970433898,1.9945873796691334e-05,0.13636054265226852,CIMAS HCC CHITUNGWIZA PHARMACY,8,7,0.001
0.00016832343259513206,2.263347144524394e-05,0.1344641746920892,CIMAS HCC CHITUNGWIZA PHARMACY,8,8,0.001
0.00019064883505745815,2.528377737327696e-05,0.13261962689495,CIMAS HCC CHITUNGWIZA PHARMACY,8,9,0.001
0.00021324459893832062,2.7897758131154298e-05,0.13082515697958433,CIMAS HCC CHITUNGWIZA PHARMACY,8,10,0.001
0.0004052661491732536,0.00014136681886571287,0.3488246406814445,ASHBRITTLE   PHARMACY,1,2,0.01
0.000615865164690936,0.00020930594981942102,0.339856776806752,ASHBRITTLE   PHARMACY,1,3,0.01
0.0008318555604981026,0.0002754916122510346,0.3311772203410822,ASHBRITTLE   PHARMACY,1,4,0.01
0.0010532876202862481,0.00033997908030039396,0.322778957762742,ASHBRITTLE   PHARMACY,1,5,0.01
0.001280203372590275,0.0004028221869859977,0.3146548397001604,ASHBRITTLE   PHARMACY,1,6,0.01
0.001512636568653303,0.00046407330983831236,0.3067976270410253,ASHBRITTLE   PHARMACY,1,7,0.01
0.0017506126640087476,0.0005237833645236838,0.2992000316759199,ASHBRITTLE   PHARMACY,1,8,0.01
0.001994148804983371,0.0005820018054679161,0.29185475226998886,ASHBRITTLE   PHARMACY,1,9,0.01
0.0022432538215287085,0.000638776632568273,0.2847545054589348,ASHBRITTLE   PHARMACY,1,10,0.01
0.0004049985609804468,0.00015959571043723075,0.39406488272667217,BALLANTYNE PARK PHARMACY,1,2,0.01
0.0006150015355968642,0.00023645050371916076,0.38447140378224187,BALLANTYNE PARK PHARMACY,1,3,0.01
0.0008300015366117629,0.00031143177357436064,0.3752183096499908,BALLANTYNE PARK PHARMACY,1,4,0.01
0.0010499783667039938,0.0003846037615063269,0.3662968435374946,BALLANTYNE PARK PHARMACY,1,5,0.01
0.0012748994784716641,0.00045602892708615847,0.35769794778866887,BALLANTYNE PARK PHARMACY,1,6,0.01
0.0015047204611791114,0.0005257679138854732,0.34941235096482776,BALLANTYNE PARK PHARMACY,1,7,0.01
0.0017393855515774094,0.0005938795298707019,0.34143064447794563,BALLANTYNE PARK PHARMACY,1,8,0.01
0.001978828166702725,0.0006604207403557973,0.33374334945729056,BALLANTYNE PARK PHARMACY,1,9,0.01
0.002222971456943306,0.0007254466717601945,0.32634097459700134,BALLANTYNE PARK PHARMACY,1,10,0.01
0.00040589571547734434,0.00019932612385279743,0.491077181286293,CIMAS BORROWDALE OFFICE PARK PHARMACY,1,2,0.01
0.0006177767675425359,0.00029468048821620354,0.47700157030575585,CIMAS BORROWDALE OFFICE PARK PHARMACY,1,3,0.01
0.0008357164406115194,0.00038729511789596405,0.4634288606462837,CIMAS BORROWDALE OFFICE PARK PHARMACY,1,4,0.01
0.0010597720904308996,0.00047726701410226067,0.45034872913873925,CIMAS BORROWDALE OFFICE PARK PHARMACY,1,5,0.01
0.0012899855814899348,0.0005646908794265071,0.4377497605626634,CIMAS BORROWDALE OFFICE PARK PHARMACY,1,6,0.01
0.0015263837445786918,0.0006496589532124265,0.42561967494730074,CIMAS BORROWDALE OFFICE PARK PHARMACY,1,7,0.01
0.0017689788476173106,0.000732260886858857,0.41394553012612934,CIMAS BORROWDALE OFFICE PARK PHARMACY,1,8,0.01
0.002017769074938288,0.0008125836542969371,0.40271390041092253,CIMAS BORROWDALE OFFICE PARK PHARMACY,1,9,0.01
0.0022727390119351943,0.0008907114931444304,0.3919110326645057,CIMAS BORROWDALE OFFICE PARK PHARMACY,1,10,0.01
0.0004061914595578021,0.00028031884099076113,0.6901150538613701,CIMAS BULAWAYO PHARMACY,1,2,0.01
0.0006187260258429843,0.00041412384672278376,0.6693169988421935,CIMAS BULAWAYO PHARMACY,1,3,0.01
0.0008377331736292792,0.0005438826084194729,0.6492313131915634,CIMAS BULAWAYO PHARMACY,1,4,0.01
0.001063321894031852,0.0006697366614029361,0.6298531659716526,CIMAS BULAWAYO PHARMACY,1,5,0.01
0.0012955824940617457,0.0007918257196806199,0.6111735248893249,CIMAS BULAWAYO PHARMACY,1,6,0.01
0.0015345884167352112,0.0009102869881213766,0.5931798899264362,CIMAS BULAWAYO PHARMACY,1,7,0.01
0.001780398013372062,0.0010252546089968364,0.5758569720345907,CIMAS BULAWAYO PHARMACY,1,8,0.01
0.0020330562206615304,0.0011368592298064274,0.5591873054236091,CIMAS BULAWAYO PHARMACY,1,9,0.01
0.0022925961131410695,0.0012452276782455884,0.5431517881008316,CIMAS BULAWAYO PHARMACY,1,10,0.01
0.0004058741523088193,0.00021087767209731513,0.5195641823893818,CIMAS CLINIC -MASVINGO PHARMACY,1,2,0.01
0.0006177471889012384,0.0003117701409188477,0.5046888865223013,CIMAS CLINIC -MASVINGO PHARMACY,1,3,0.01
0.0008357302281641852,0.00040976243635827865,0.490304673146007,CIMAS CLINIC -MASVINGO PHARMACY,1,4,0.01
0.001059921444310298,0.0005049507795085743,0.4764039658025327,CIMAS CLINIC -MASVINGO PHARMACY,1,5,0.01
0.0012904067550908132,0.0005974295655295591,0.46297771084398465,CIMAS CLINIC -MASVINGO PHARMACY,1,6,0.01
0.0015272605099700123,0.000687291126709502,0.45001564711641556,CIMAS CLINIC -MASVINGO PHARMACY,1,7,0.01
0.001770546164688803,0.0007746255437075545,0.4375065497621211,CIMAS CLINIC -MASVINGO PHARMACY,1,8,0.01
0.002020316931550006,0.000859520499823429,0.42543844799835284,CIMAS CLINIC -MASVINGO PHARMACY,1,9,0.01
0.00227661639774085,0.0009420611732670599,0.41379881749156044,CIMAS CLINIC -MASVINGO PHARMACY,1,10,0.01
0.0004062074542691123,0.00023584161606091537,0.5805940131878289,CIMAS FIFE AVENUE PHARMACY,1,2,0.01
0.0006187668072325613,0.0003484035913699054,0.5630612167581238,CIMAS FIFE AVENUE PHARMACY,1,3,0.01
0.0008378038536455023,0.00045755489960580846,0.5461360646825246,CIMAS FIFE AVENUE PHARMACY,1,4,0.01
0.0010634270662145714,0.0005634151529444718,0.5298108077595136,CIMAS FIFE AVENUE PHARMACY,1,5,0.01
0.001295728973119284,0.0006661018590089747,0.51407499008487,CIMAS FIFE AVENUE PHARMACY,1,6,0.01
0.0015347875306618813,0.0007657299873255569,0.4989159554842967,CIMAS FIFE AVENUE PHARMACY,1,7,0.01
0.001780667449584512,0.000862411626440063,0.484319307707507,CIMAS FIFE AVENUE PHARMACY,1,8,0.01
0.0020334214457608584,0.0009562557218742886,0.47026932064074906,CIMAS FIFE AVENUE PHARMACY,1,9,0.01
0.0022930913964175157,0.0010473678849489496,0.45674929773198175,CIMAS FIFE AVENUE PHARMACY,1,10,0.01
0.00040632729169724654,0.00025605840088162605,0.6301777067744062,CIMAS FOURTH STREET PHARMACY,1,2,0.01
0.0006191203646834993,0.0003781643096882852,0.6108090304566329,CIMAS FOURTH STREET PHARMACY,1,3,0.01
0.0008384965505819937,0.0004965072596124076,0.5921398952300828,CIMAS FOURTH STREET PHARMACY,1,4,0.01
0.0010645536476231103,0.000611224322123669,0.5741601876884124,CIMAS FOURTH STREET PHARMACY,1,5,0.01
0.0012973715798017648,0.0007224499014553452,0.5568565804144822,CIMAS FOURTH STREET PHARMACY,1,6,0.01
0.0015370140258040249,0.0008303152314189534,0.5402131779406558,CIMAS FOURTH STREET PHARMACY,1,7,0.01
0.0017835299710278728,0.0009349479857872448,0.5242120967826638,CIMAS FOURTH STREET PHARMACY,1,8,0.01
0.00203695515201549,0.001036471988666881,0.5088339758689979,CIMAS FOURTH STREET PHARMACY,1,9,0.01
0.0022973133757765276,0.0011350070113488383,0.49405841767895,CIMAS FOURTH STREET PHARMACY,1,10,0.01
0.0004061131539324149,0.00023330342784567477,0.5744788751277458,CIMAS HCC  MUTARE PHARMACY,1,2,0.01
0.0006184675469945879,0.00034473199163655144,0.5573970587652647,CIMAS HCC  MUTARE PHARMACY,1,3,0.01
0.0008371723255352643,0.0004528371989110886,0.5409127668208064,CIMAS HCC  MUTARE PHARMACY,1,4,0.01
0.0010623187273588255,0.0005577361493907185,0.5250177136360779,CIMAS HCC  MUTARE PHARMACY,1,5,0.01
0.0012939811600307348,0.0006595437973890765,0.5097012365878735,CIMAS HCC  MUTARE PHARMACY,1,6,0.01
0.0015322182958511638,0.0007583725718267146,0.4949507350748807,CIMAS HCC  MUTARE PHARMACY,1,7,0.01
0.0017770741584729856,0.0008543320745155828,0.48075206678470755,CIMAS HCC  MUTARE PHARMACY,1,8,0.01
0.0020285791819042113,0.000947528848070147,0.4670899004202089,CIMAS HCC  MUTARE PHARMACY,1,9,0.01
0.0022867512277207373,0.0010380662049640273,0.4539480256445272,CIMAS HCC  MUTARE PHARMACY,1,10,0.01
0.00040635242797941744,0.0002714702591790014,0.6680660443666696,CIMAS HCC CHINHOYI ST. PHARM,1,2,0.01
0.0006192152130889485,0.00040089965856109604,0.6474318622780799,CIMAS HCC CHINHOYI ST. PHARM,1,3,0.01
0.0008387242287538075,0.0005263186964836839,0.6275229431081278,CIMAS HCC CHINHOYI ST. PHARM,1,4,0.01
0.001064995190076537,0.0006478709336260158,0.6083322625893324,CIMAS HCC CHINHOYI ST. PHARM,1,5,0.01
0.001298125642660528,0.0007656976942606507,0.5898486780457874,CIMAS HCC CHINHOYI ST. PHARM,1,6,0.01
0.001538196935141774,0.0008799374039787404,0.5720577020247655,CIMAS HCC CHINHOYI ST. PHARM,1,7,0.01
0.0017852760984196215,0.0009907250673821283,0.5549422121649122,CIMAS HCC CHINHOYI ST. PHARM,1,8,0.01
0.0020394175827299138,0.0010981918708123518,0.5384830846374971,CIMAS HCC CHINHOYI ST. PHARM,1,9,0.01
0.0023006648267662106,0.0012024648941684707,0.5226597460781118,CIMAS HCC CHINHOYI ST. PHARM,1,10,0.01
0.00040618534846249767,0.00022914028327942,0.5641273968811705,CIMAS HCC CHITUNGWIZA PHARMACY,1,2,0.01
0.0006187085509733317,0.00033852032352739246,0.5471402051819771,CIMAS HCC CHITUNGWIZA PHARMACY,1,3,0.01
0.0008377051480723073,0.00044459392858034957,0.5307284187084571,CIMAS HCC CHITUNGWIZA PHARMACY,1,4,0.01
0.0010632947138204528,0.0005474747198372448,0.5148852079496851,CIMAS HCC CHITUNGWIZA PHARMACY,1,5,0.01
0.0012955819104829636,0.000647274443820471,0.49960132862551454,CIMAS HCC CHITUNGWIZA PHARMACY,1,6,0.01
0.0015346575603369975,0.0007441025782593816,0.4848655475270869,CIMAS HCC CHITUNGWIZA PHARMACY,1,7,0.01
0.0017805997034239403,0.0008380660155222332,0.4706650315119699,CIMAS HCC CHITUNGWIZA PHARMACY,1,8,0.01
0.0020334746175275915,0.0009292688155369076,0.45698569705618597,CIMAS HCC CHITUNGWIZA PHARMACY,1,9,0.01
0.002293337783377638,0.0010178120202212148,0.44381251972492985,CIMAS HCC CHITUNGWIZA PHARMACY,1,10,0.01
0.0004041971549476743,9.54588565239868e-05,0.23616904610905662,ASHBRITTLE   PHARMACY,2,2,0.01
0.0006125588521349231,0.00014170096199237237,0.23132628236210864,ASHBRITTLE   PHARMACY,2,3,0.01
0.0008250471352606557,0.00018699382549181685,0.22664623328792022,ASHBRITTLE   PHARMACY,2,4,0.01
0.001041618882708606,0.000231367807092632,0.22212328418143448,ASHBRITTLE   PHARMACY,2,5,0.01
0.0012622259982244058,0.00027485221139714487,0.21775198085270311,ASHBRITTLE   PHARMACY,2,6,0.01
0.0014868156136635207,0.0003174753209303148,0.21352702918424035,ASHBRITTLE   PHARMACY,2,7,0.01
0.0017153303033378671,0.0003592644291477825,0.20944329406918807,ASHBRITTLE   PHARMACY,2,8,0.01
0.0019477083093497594,0.0004002458729628255,0.20549579782634247,ASHBRITTLE   PHARMACY,2,9,0.01
0.0021838837771696313,0.00044044506471055547,0.2016797181768452,ASHBRITTLE   PHARMACY,2,10,0.01
0.00040372575319540396,0.00011666217480447641,0.28896391642376035,BALLANTYNE PARK PHARMACY,2,2,0.01
0.0006110965807403998,0.00017337460435102426,0.28371064380848765,BALLANTYNE PARK PHARMACY,2,3,0.01
0.0008220272924581088,0.00022905722886168396,0.27864917742175443,BALLANTYNE PARK PHARMACY,2,4,0.01
0.0010364286839678284,0.00028374527890294573,0.27377212083388597,BALLANTYNE PARK PHARMACY,2,5,0.01
0.0012542080286390013,0.00033747264448045615,0.2690723044140159,BALLANTYNE PARK PHARMACY,2,6,0.01
0.0014752695623039287,0.0003902719207849931,0.2645427864555854,BALLANTYNE PARK PHARMACY,2,7,0.01
0.0016995149586802008,0.00044217445351463235,0.2601768529639854,BALLANTYNE PARK PHARMACY,2,8,0.01
0.0019268437935015866,0.0004932103835809053,0.25596801631989646,BALLANTYNE PARK PHARMACY,2,9,0.01
0.0021571539954324797,0.0005434086910420943,0.251910013004495,BALLANTYNE PARK PHARMACY,2,10,0.01
0.0004052300169744864,0.00014647508971274087,0.36146159854185494,CIMAS BORROWDALE OFFICE PARK PHARMACY,2,2,0.01
0.0006156725658563196,0.00021689877542852457,0.35229566405455615,CIMAS BORROWDALE OFFICE PARK PHARMACY,2,3,0.01
0.0008312996489676712,0.0002855405487340371,0.34348691123426855,CIMAS BORROWDALE OFFICE PARK PHARMACY,2,4,0.01
0.0010520731790329507,0.0003524675760903507,0.3350219196865501,CIMAS BORROWDALE OFFICE PARK PHARMACY,2,5,0.01
0.0012779454085055475,0.000417744430139075,0.32688753945099497,CIMAS BORROWDALE OFFICE PARK PHARMACY,2,6,0.01
0.0015088593661529007,0.00048143315536203056,0.319070926132452,CIMAS BORROWDALE OFFICE PARK PHARMACY,2,7,0.01
0.001744749301773285,0.0005435933387325438,0.3115595680021536,CIMAS BORROWDALE OFFICE PARK PHARMACY,2,8,0.01
0.001985541139761173,0.0006042821840020293,0.30434130620668687,CIMAS BORROWDALE OFFICE PARK PHARMACY,2,9,0.01
0.0022311529420167417,0.0006635545884672442,0.29740434910188474,CIMAS BORROWDALE OFFICE PARK PHARMACY,2,10,0.01
0.000405914875425012,0.00022488880270646235,0.5540294685455742,CIMAS BULAWAYO PHARMACY,2,2,0.01
0.0006178000748713987,0.0003324727357919797,0.5381558684032002,CIMAS BULAWAYO PHARMACY,2,3,0.01
0.0008356997260721315,0.00043697998267948096,0.5228911402583899,CIMAS BULAWAYO PHARMACY,2,4,0.01
0.0010596479087119934,0.000538527994964263,0.5082140874687764,CIMAS BULAWAYO PHARMACY,2,5,0.01
0.0012896698042843128,0.0006372299120830331,0.49410314947759554,CIMAS BULAWAYO PHARMACY,2,6,0.01
0.001525782724854652,0.0007331945424715373,0.4805366652328445,CIMAS BULAWAYO PHARMACY,2,7,0.01
0.0017679970264907134,0.0008265263869843744,0.467493086583376,CIMAS BULAWAYO PHARMACY,2,8,0.01
0.0020163169153868,0.0009173256960068294,0.45495114830738514,CIMAS BULAWAYO PHARMACY,2,9,0.01
0.0022707411558169992,0.0010056885529270154,0.4428900010689129,CIMAS BULAWAYO PHARMACY,2,10,0.01
0.0004054329117543943,0.00015889732483682472,0.3919201432099882,CIMAS CLINIC -MASVINGO PHARMACY,2,2,0.01
0.0006163351219600901,0.00023517685081928493,0.38157301513398656,CIMAS CLINIC -MASVINGO PHARMACY,2,3,0.01
0.0008327355329931159,0.0003094428605796975,0.3715980023903407,CIMAS CLINIC -MASVINGO PHARMACY,2,4,0.01
0.0010546559845261787,0.0003817665233870528,0.36198203868208984,CIMAS CLINIC -MASVINGO PHARMACY,2,5,0.01
0.0012821116422821232,0.00045221643603020247,0.35271221406684194,CIMAS CLINIC -MASVINGO PHARMACY,2,6,0.01
0.0015151113551120279,0.0005208586671044104,0.34377583228257036,CIMAS CLINIC -MASVINGO PHARMACY,2,7,0.01
0.0017536579820638888,0.0005877568102790643,0.3351604567655378,CIMAS CLINIC -MASVINGO PHARMACY,2,8,0.01
0.0019977486914367353,0.0006529720446149815,0.32685394685223335,CIMAS CLINIC -MASVINGO PHARMACY,2,9,0.01
0.0022473752340239554,0.0007165632002668327,0.3188444855218132,CIMAS CLINIC -MASVINGO PHARMACY,2,10,0.01
0.00040584126389320654,0.00018129262876786855,0.44670822042278596,CIMAS FIFE AVENUE PHARMACY,2,2,0.01
0.0006175728039897753,0.00026806614298502006,0.4340640346420731,CIMAS FIFE AVENUE PHARMACY,2,3,0.01
0.0008352347929990611,0.0003523868013335911,0.421901487207307,CIMAS FIFE AVENUE PHARMACY,2,4,0.01
0.001058859368028608,0.00043434687670463636,0.41020261029876565,CIMAS FIFE AVENUE PHARMACY,2,5,0.01
0.001288471345156298,0.0005140350800643797,0.3989495629815692,CIMAS FIFE AVENUE PHARMACY,2,6,0.01
0.0015240888490406148,0.0005915366118408869,0.38812475546504266,CIMAS FIFE AVENUE PHARMACY,2,7,0.01
0.0017657238634272306,0.0006669332325290613,0.37771094696231766,CIMAS FIFE AVENUE PHARMACY,2,8,0.01
0.002013382709173138,0.0007403033480958807,0.36769132104045466,CIMAS FIFE AVENUE PHARMACY,2,9,0.01
0.00226706645671208,0.0008117221064552622,0.35804954197615385,CIMAS FIFE AVENUE PHARMACY,2,10,0.01
0.000405942381927559,0.00019997992142613104,0.49263129529997624,CIMAS FOURTH STREET PHARMACY,2,2,0.01
0.0006178676215935191,0.0002956286298155504,0.4784659682491627,CIMAS FOURTH STREET PHARMACY,2,3,0.01
0.0008358058426352939,0.00038853257624913025,0.46485984714355183,CIMAS FOURTH STREET PHARMACY,2,4,0.01
0.0010597777899850587,0.000478798454852864,0.4517913654895658,CIMAS FOURTH STREET PHARMACY,2,5,0.01
0.0012897956931339914,0.0005665287008379995,0.43923910108695424,CIMAS FOURTH STREET PHARMACY,2,6,0.01
0.0015258640258565062,0.000651821553560366,0.42718193922586384,CIMAS FOURTH STREET PHARMACY,2,7,0.01
0.0017679801706801518,0.0007347711443556356,0.4155991998897618,CIMAS FOURTH STREET PHARMACY,2,8,0.01
0.00201613499715118,0.0008154676032262683,0.40447073453837795,CIMAS FOURTH STREET PHARMACY,2,9,0.01
0.0022703133631122754,0.0008939971794243081,0.3937769974620444,CIMAS FOURTH STREET PHARMACY,2,10,0.01
0.0004056578397714393,0.0001783347685526551,0.4396186910947774,CIMAS HCC  MUTARE PHARMACY,2,2,0.01
0.000616998171815741,0.00026380839888670045,0.42756755358018084,CIMAS HCC  MUTARE PHARMACY,2,3,0.01
0.0008340355983195382,0.0003469436319866908,0.41598180303782273,CIMAS HCC  MUTARE PHARMACY,2,4,0.01
0.001056775429753174,0.0004278292113839358,0.40484401826399563,CIMAS HCC  MUTARE PHARMACY,2,5,0.01
0.0012852143913354367,0.0005065504458729149,0.3941369232152544,CIMAS HCC  MUTARE PHARMACY,2,6,0.01
0.001519341277804106,0.0005831892623257488,0.38384349246972904,CIMAS HCC  MUTARE PHARMACY,2,7,0.01
0.0017591375580446118,0.0006578242748732441,0.37394703550326996,CIMAS HCC  MUTARE PHARMACY,2,8,0.01
0.0020045779319237188,0.0007305308668583658,0.3644312626734858,CIMAS HCC  MUTARE PHARMACY,2,9,0.01
0.0022556308422102002,0.0008013812824882128,0.35528033554594074,CIMAS HCC  MUTARE PHARMACY,2,10,0.01
0.00040605723672713624,0.00021511887377101272,0.5297747566448842,CIMAS HCC CHINHOYI ST. PHARM,2,2,0.01
0.000618233192071643,0.00031792184747243623,0.5142426054594531,CIMAS HCC CHINHOYI ST. PHARM,2,3,0.01
0.0008365789940319632,0.00041771621475502257,0.499314730270484,CIMAS HCC CHINHOYI ST. PHARM,2,4,0.01
0.0010611366548475807,0.0005146182047659959,0.48496883263345053,CIMAS HCC CHINHOYI ST. PHARM,2,5,0.01
0.0012919401625597514,0.0006087395652346348,0.4711824764612355,CIMAS HCC CHINHOYI ST. PHARM,2,6,0.01
0.0015290164343927859,0.0007001875834313638,0.4579333273873066,CIMAS HCC CHINHOYI ST. PHARM,2,7,0.01
0.0017723861433434711,0.0007890651445110233,0.4451993418446119,CIMAS HCC CHINHOYI ST. PHARM,2,8,0.01
0.002022064430612336,0.0008754708188399936,0.4329589134678945,CIMAS HCC CHINHOYI ST. PHARM,2,9,0.01
0.002278061516621723,0.0009594989712641549,0.4211909837654668,CIMAS HCC CHINHOYI ST. PHARM,2,10,0.01
0.0004058299034729276,0.000173885409531111,0.4284686959809275,CIMAS HCC CHITUNGWIZA PHARMACY,2,2,0.01
0.000617544958115431,0.0002571199546466674,0.41635827686347454,CIMAS HCC CHITUNGWIZA PHARMACY,2,3,0.01
0.0008351917004329113,0.0003380044401633052,0.40470282449898004,CIMAS HCC CHITUNGWIZA PHARMACY,2,4,0.01
0.0010588086488895014,0.0004166262833358483,0.3934859086888021,CIMAS HCC CHITUNGWIZA PHARMACY,2,5,0.01
0.0012884269342477964,0.0004930696235923436,0.3826911798302364,CIMAS HCC CHITUNGWIZA PHARMACY,2,6,0.01
0.0015240708678828923,0.0005674153624890814,0.3723024791342452,CIMAS HCC CHITUNGWIZA PHARMACY,2,7,0.01
0.0017657584503007963,0.000639741221173606,0.3623039272810085,CIMAS HCC CHITUNGWIZA PHARMACY,2,8,0.01
0.002013501823083218,0.0007101218116477605,0.35267999437933023,CIMAS HCC CHITUNGWIZA PHARMACY,2,9,0.01
0.0022673076681121993,0.000778628718648001,0.3434155538742129,CIMAS HCC CHITUNGWIZA PHARMACY,2,10,0.01
0.0004026342176516539,6.965475658576655e-05,0.17299760808215658,ASHBRITTLE   PHARMACY,3,2,0.01
0.0006078498617500628,0.00010378757019572149,0.17074540396687152,ASHBRITTLE   PHARMACY,3,3,0.01
0.0008155941187083438,0.00013747348091207613,0.16855624355137927,ASHBRITTLE   PHARMACY,3,4,0.01
0.0010258142626361263,0.00017072407543629182,0.16642786287409084,ASHBRITTLE   PHARMACY,3,5,0.01
0.0012384577580782541,0.000203550544850536,0.16435808449889358,ASHBRITTLE   PHARMACY,3,6,0.01
0.0014534723554500727,0.00023596369985772606,0.16234481445273796,ASHBRITTLE   PHARMACY,3,7,0.01
0.0016708061792438797,0.00026797398542449896,0.16038603923871655,ASHBRITTLE   PHARMACY,3,8,0.01
0.0018904078091161204,0.00029959149484737004,0.1584798229263807,ASHBRITTLE   PHARMACY,3,9,0.01
0.0021122263539966857,0.00033082598326215326,0.1566243043204982,ASHBRITTLE   PHARMACY,3,10,0.01
0.0004023349722422836,9.33959808908361e-05,0.23213488096827342,BALLANTYNE PARK PHARMACY,3,2,0.01
0.0006069382029920973,0.00013926499412419055,0.22945498147527857,BALLANTYNE PARK PHARMACY,3,3,0.01
0.000813743921595121,0.00018460162701146234,0.22685469238234265,BALLANTYNE PARK PHARMACY,3,4,0.01
0.0010226874217514285,0.0002294203845521672,0.22433089492708114,BALLANTYNE PARK PHARMACY,3,5,0.01
0.0012337051692175452,0.0002737352400798871,0.22188059749599545,BALLANTYNE PARK PHARMACY,3,6,0.01
0.001446734896445405,0.0003175596567407674,0.21950093104203428,BALLANTYNE PARK PHARMACY,3,7,0.01
0.0016617156847121522,0.00036090660811815563,0.21718914459224897,BALLANTYNE PARK PHARMACY,3,8,0.01
0.001878588034331415,0.00040378859803022883,0.21494260085284544,BALLANTYNE PARK PHARMACY,3,9,0.01
0.0020972939235652135,0.00044621767952770613,0.21275877191746956,BALLANTYNE PARK PHARMACY,3,10,0.01
0.0004042748814564009,0.00011127154793793154,0.2752373522121276,CIMAS BORROWDALE OFFICE PARK PHARMACY,3,2,0.01
0.0006127508158034447,0.00016514759434651326,0.26951835899226045,CIMAS BORROWDALE OFFICE PARK PHARMACY,3,3,0.01
0.0008253484553087942,0.00021790779205433248,0.264019143251204,CIMAS BORROWDALE OFFICE PARK PHARMACY,3,4,0.01
0.0010419833712909468,0.0002695928787852539,0.25873050013384247,CIMAS BORROWDALE OFFICE PARK PHARMACY,3,5,0.01
0.0012625664972477587,0.00032024188852213887,0.25364358172042994,CIMAS BORROWDALE OFFICE PARK PHARMACY,3,6,0.01
0.0014870045753872482,0.00036989222242967546,0.24874988856933916,CIMAS BORROWDALE OFFICE PARK PHARMACY,3,7,0.01
0.001715200604881671,0.00041857971763337924,0.24404126050448566,CIMAS BORROWDALE OFFICE PARK PHARMACY,3,8,0.01
0.0019470542900291926,0.00046633871376077304,0.23950986685316367,CIMAS BORROWDALE OFFICE PARK PHARMACY,3,9,0.01
0.0021824624864063154,0.0005132021171847989,0.23514819630638756,CIMAS BORROWDALE OFFICE PARK PHARMACY,3,10,0.01
0.0004055035106168781,0.00018581707644786498,0.45823789827414335,CIMAS BULAWAYO PHARMACY,3,2,0.01
0.0006165247913619037,0.0002749816212281884,0.44601875720318374,CIMAS BULAWAYO PHARMACY,3,3,0.01
0.0008330724801962109,0.00036177601347024506,0.43426715210306444,CIMAS BULAWAYO PHARMACY,3,4,0.01
0.0010551502153146228,0.0004462896181577623,0.422963111489001,CIMAS BULAWAYO PHARMACY,3,5,0.01
0.001282757180113147,0.0005286079356734753,0.41208729435983266,CIMAS BULAWAYO PHARMACY,3,6,0.01
0.0015158885794262467,0.0006088127365483667,0.401621032581958,CIMAS BULAWAYO PHARMACY,3,7,0.01
0.0017545360546085075,0.0006869822014514894,0.391546357595243,CIMAS BULAWAYO PHARMACY,3,8,0.01
0.001998688044427919,0.0007631910639186615,0.3818460144625062,CIMAS BULAWAYO PHARMACY,3,9,0.01
0.002248330098098619,0.000837510753820288,0.3725034658071602,CIMAS BULAWAYO PHARMACY,3,10,0.01
0.0004047951371825266,0.0001234246102463775,0.304906356102603,CIMAS CLINIC -MASVINGO PHARMACY,3,2,0.01
0.0006143775383000969,0.00018295450593845228,0.2977884029495344,CIMAS CLINIC -MASVINGO PHARMACY,3,3,0.01
0.0008287349619723227,0.00024109583912046068,0.2909203185378736,CIMAS CLINIC -MASVINGO PHARMACY,3,4,0.01
0.0010478509896519347,0.00029789594344546347,0.2842922766570233,CIMAS CLINIC -MASVINGO PHARMACY,3,5,0.01
0.0012717052038924042,0.00035340028093919283,0.27789481387472026,CIMAS CLINIC -MASVINGO PHARMACY,3,6,0.01
0.001500273355579849,0.00040765251414255106,0.2717188255236294,CIMAS CLINIC -MASVINGO PHARMACY,3,7,0.01
0.0017335275216891135,0.00046069457701071383,0.26575555983202537,CIMAS CLINIC -MASVINGO PHARMACY,3,8,0.01
0.001971436255012347,0.000512566744283109,0.259996610582724,CIMAS CLINIC -MASVINGO PHARMACY,3,9,0.01
0.002213964727191765,0.00056330769910261,0.2544339086274063,CIMAS CLINIC -MASVINGO PHARMACY,3,10,0.01
0.00040532042856427687,0.00014340963148195694,0.35381792126772765,CIMAS FIFE AVENUE PHARMACY,3,2,0.01
0.0006159703923124411,0.00021231493580501945,0.34468367060299565,CIMAS FIFE AVENUE PHARMACY,3,3,0.01
0.0008319544482121218,0.00027944497586536584,0.3358897551012508,CIMAS FIFE AVENUE PHARMACY,3,4,0.01
0.0010532728810636448,0.0003448644328271464,0.3274217337475603,CIMAS FIFE AVENUE PHARMACY,3,5,0.01
0.0012799219407806208,0.000408635224516737,0.31926573918055623,CIMAS FIFE AVENUE PHARMACY,3,6,0.01
0.0015118940444657275,0.00047081661987479276,0.3114084757448527,CIMAS FIFE AVENUE PHARMACY,3,7,0.01
0.0017491779478676214,0.0005314653519764151,0.30383721257423296,CIMAS FIFE AVENUE PHARMACY,3,8,0.01
0.0019917588903933803,0.0005906357288651779,0.29653977281784594,CIMAS FIFE AVENUE PHARMACY,3,9,0.01
0.002239618717454287,0.0006483797416271824,0.2895045199319364,CIMAS FIFE AVENUE PHARMACY,3,10,0.01
0.00040541829794067354,0.0001609808250702058,0.39707340760865895,CIMAS FOURTH STREET PHARMACY,3,2,0.01
0.0006162539967572812,0.00023827466760400714,0.386650096969439,CIMAS FOURTH STREET PHARMACY,3,3,0.01
0.00083250071524622,0.00031354526776489157,0.37663062868619585,CIMAS FOURTH STREET PHARMACY,3,4,0.01
0.0010541469657949654,0.00038686904214081343,0.36699725436202657,CIMAS FOURTH STREET PHARMACY,3,5,0.01
0.0012811764817451008,0.00045831902874687803,0.35773293943282347,CIMAS FOURTH STREET PHARMACY,3,6,0.01
0.00151356850104264,0.0005279650297307934,0.3488213644556545,CIMAS FOURTH STREET PHARMACY,3,7,0.01
0.0017512980122233498,0.0005958737527303644,0.34024691889753045,CIMAS FOURTH STREET PHARMACY,3,8,0.01
0.0019943359681825253,0.0006621089497607433,0.33199468912158026,CIMAS FOURTH STREET PHARMACY,3,9,0.01
0.002242649472607404,0.0007267315527798661,0.3240504419689519,CIMAS FOURTH STREET PHARMACY,3,10,0.01
0.0004050132343072797,0.00014059795679903338,0.3471441051537665,CIMAS HCC  MUTARE PHARMACY,3,2,0.01
0.0006150180909216324,0.0002083057327823966,0.3386985453878943,CIMAS HCC  MUTARE PHARMACY,3,3,0.01
0.0008299877785814752,0.00027437100056740195,0.3305723381087936,CIMAS HCC  MUTARE PHARMACY,3,4,0.01
0.0010498907013032947,0.000338854059569762,0.3227517484906966,CIMAS HCC  MUTARE PHARMACY,3,5,0.01
0.0012746908040567417,0.00040181260361208906,0.3152235838944695,CIMAS HCC  MUTARE PHARMACY,3,6,0.01
0.0015043478923793833,0.0004633018292336755,0.3079751908322778,CIMAS HCC  MUTARE PHARMACY,3,7,0.01
0.0017388179285961196,0.0005233745424051445,0.3009944478935208,CIMAS HCC  MUTARE PHARMACY,3,8,0.01
0.001978053307141314,0.000582081263038186,0.2942697554897602,CIMAS HCC  MUTARE PHARMACY,3,9,0.01
0.0022220031112975235,0.0006394703268216275,0.28779002314187274,CIMAS HCC  MUTARE PHARMACY,3,10,0.01
0.00040562937949561334,0.0001755245366126122,0.4327214582702839,CIMAS HCC CHINHOYI ST. PHARM,3,2,0.01
0.000616910315122357,0.0002596718422815531,0.4209231648688679,CIMAS HCC CHINHOYI ST. PHARM,3,3,0.01
0.0008338600674500334,0.00034153123441427446,0.4095785944741139,CIMAS HCC CHINHOYI ST. PHARM,3,4,0.01
0.001056491498934541,0.00042118927957498825,0.3986679305983556,CIMAS HCC CHINHOYI ST. PHARM,3,5,0.01
0.0012848135174414405,0.0004987287316948533,0.3881720770559876,CIMAS HCC CHINHOYI ST. PHARM,3,6,0.01
0.0015188314546832448,0.0005742286804923576,0.37807268128517535,CIMAS HCC CHINHOYI ST. PHARM,3,7,0.01
0.001758547387942469,0.0006477647019211934,0.36835214470909955,CIMAS HCC CHINHOYI ST. PHARM,3,8,0.01
0.0020039604125026453,0.0007194090086336648,0.35899362290057973,CIMAS HCC CHINHOYI ST. PHARM,3,9,0.01
0.002255066871320581,0.0007892305988952502,0.34998101782811963,CIMAS HCC CHINHOYI ST. PHARM,3,10,0.01
0.00040528355574344696,0.00013547141270016925,0.33426328500218133,CIMAS HCC CHITUNGWIZA PHARMACY,3,2,0.01
0.0006158609955838467,0.00020058015309341894,0.32569062585830033,CIMAS HCC CHITUNGWIZA PHARMACY,3,3,0.01
0.000831738014990093,0.0002640223943682582,0.31743456426168404,CIMAS HCC CHITUNGWIZA PHARMACY,3,4,0.01
0.0010529159461581247,0.0003258584190355588,0.30948189190651887,CIMAS HCC CHITUNGWIZA PHARMACY,3,5,0.01
0.0012793919939832472,0.00038614597088725884,0.30181990562957606,CIMAS HCC CHITUNGWIZA PHARMACY,3,6,0.01
0.0015111594419791334,0.0004449403568328751,0.2944364072199729,CIMAS HCC CHITUNGWIZA PHARMACY,3,7,0.01
0.001748207831563138,0.0005022945477420646,0.2873196988786764,CIMAS HCC CHITUNGWIZA PHARMACY,3,8,0.01
0.001990523117928595,0.0005582592776156914,0.28045857522952794,CIMAS HCC CHITUNGWIZA PHARMACY,3,9,0.01
0.002238087805508157,0.0006128831405582762,0.27384231264292214,CIMAS HCC CHITUNGWIZA PHARMACY,3,10,0.01
0.00040157678681949016,5.969897661065589e-05,0.1486614230953811,ASHBRITTLE   PHARMACY,4,2,0.01
0.0006047223923203297,8.918156151055127e-05,0.14747520952276988,ASHBRITTLE   PHARMACY,4,3,0.01
0.0008094287426186791,0.00011842377989841535,0.14630538015648978,ASHBRITTLE   PHARMACY,4,4,0.01
0.0010156876484983528,0.00014742874564707925,0.14515165746580244,ASHBRITTLE   PHARMACY,4,5,0.01
0.0012234907967891872,0.00017619952365715747,0.14401377118614928,ASHBRITTLE   PHARMACY,4,6,0.01
0.001432829742667988,0.00020473913095238127,0.14289145796984126,ASHBRITTLE   PHARMACY,4,7,0.01
0.0016436959028395936,0.0002330505377284782,0.14178446105868364,ASHBRITTLE   PHARMACY,4,8,0.01
0.0018560805495557947,0.000261136668358528,0.14069252997722775,ASHBRITTLE   PHARMACY,4,9,0.01
0.002069974805430237,0.0002890004023575398,0.13961542024540347,ASHBRITTLE   PHARMACY,4,10,0.01
0.0004014894716882353,8.352002808596914e-05,0.20802545016877586,BALLANTYNE PARK PHARMACY,4,2,0.01
0.0006044475273740509,0.00012479435695454655,0.20646019927767845,BALLANTYNE PARK PHARMACY,4,3,0.01
0.0008088537243520292,0.00016575179271196945,0.2049218390442015,BALLANTYNE PARK PHARMACY,4,4,0.01
0.0010146880501229723,0.00020639735190613434,0.20340966061551685,BALLANTYNE PARK PHARMACY,4,5,0.01
0.0012219309076621338,0.00024673593103111114,0.20192298065623043,BALLANTYNE PARK PHARMACY,4,6,0.01
0.0014305631007994622,0.0002867723104332428,0.20046114028313863,BALLANTYNE PARK PHARMACY,4,7,0.01
0.0016405658197692122,0.00032651115806497135,0.19902350404380822,BALLANTYNE PARK PHARMACY,4,8,0.01
0.0018519206269793245,0.00036595703309263083,0.1976094589375274,BALLANTYNE PARK PHARMACY,4,9,0.01
0.00206460944304456,0.0004051143893642185,0.19621841347718516,BALLANTYNE PARK PHARMACY,4,10,0.01
0.00040325749246635146,8.855585805275122e-05,0.2196012714137989,CIMAS BORROWDALE OFFICE PARK PHARMACY,4,2,0.01
0.0006096829846350871,0.00013175493845949651,0.21610401106790877,CIMAS BORROWDALE OFFICE PARK PHARMACY,4,3,0.01
0.0008191859158934858,0.0001742671431088902,0.21273210357726557,CIMAS BORROWDALE OFFICE PARK PHARMACY,4,4,0.01
0.0010316750041691426,0.00021611547791136517,0.2094801919577506,CIMAS BORROWDALE OFFICE PARK PHARMACY,4,5,0.01
0.0012470585784681817,0.00025732199345592226,0.20634314850871116,CIMAS BORROWDALE OFFICE PARK PHARMACY,4,6,0.01
0.0014652448963383738,0.00029790782765168176,0.20331606572809036,CIMAS BORROWDALE OFFICE PARK PHARMACY,4,7,0.01
0.0016861424451904065,0.00033789324646623693,0.2003942474908047,CIMAS BORROWDALE OFFICE PARK PHARMACY,4,8,0.01
0.0019096602265757433,0.00037729768283065076,0.19757320049922814,CIMAS BORROWDALE OFFICE PARK PHARMACY,4,9,0.01
0.0021357080226890855,0.0004161397737814044,0.19484862601089065,CIMAS BORROWDALE OFFICE PARK PHARMACY,4,10,0.01
0.00040511095551222016,0.00015808201033544938,0.3902190453861494,CIMAS BULAWAYO PHARMACY,4,2,0.01
0.0006153295569883195,0.00023415609725522098,0.38053770470783,CIMAS BULAWAYO PHARMACY,4,3,0.01
0.0008306493805635144,0.00030834835159367595,0.3712136056545202,CIMAS BULAWAYO PHARMACY,4,4,0.01
0.0010510611866516386,0.00038072687432570397,0.36223093304261766,CIMAS BULAWAYO PHARMACY,4,5,0.01
0.001276553179061466,0.0004513567488567043,0.3535745758657277,CIMAS BULAWAYO PHARMACY,4,6,0.01
0.0015071112293571442,0.0005203001787831325,0.34523011218293803,CIMAS BULAWAYO PHARMACY,4,7,0.01
0.0017427190706730147,0.0005876166218929394,0.3371837904235533,CIMAS BULAWAYO PHARMACY,4,8,0.01
0.0019833584647256024,0.0006533629198945783,0.32942250809158247,CIMAS BULAWAYO PHARMACY,4,9,0.01
0.002229009345343779,0.0007175934235204507,0.32193378866690064,CIMAS BULAWAYO PHARMACY,4,10,0.01
0.000404135375658931,9.945670313392064e-05,0.2460974938701156,CIMAS CLINIC -MASVINGO PHARMACY,4,2,0.01
0.0006123752935131632,0.00014765911781691653,0.24112520439844062,CIMAS CLINIC -MASVINGO PHARMACY,4,3,0.01
0.0008246862180604615,0.00019488765057119574,0.23631733658595908,CIMAS CLINIC -MASVINGO PHARMACY,4,4,0.01
0.0010410320368422,0.0002411732772300315,0.23166748831437609,CIMAS CLINIC -MASVINGO PHARMACY,4,5,0.01
0.001261374183258345,0.00028654577300282947,0.2271695241634269,CIMAS CLINIC -MASVINGO PHARMACY,4,6,0.01
0.001485671757616591,0.00033103376362790906,0.22281756513900114,CIMAS CLINIC -MASVINGO PHARMACY,4,7,0.01
0.0017138816468362339,0.0003746647744645493,0.21860597851442515,CIMAS CLINIC -MASVINGO PHARMACY,4,8,0.01
0.0019459586431511185,0.0004174652775603527,0.2145293678412123,CIMAS CLINIC -MASVINGO PHARMACY,4,9,0.01
0.0021818555620845112,0.000459460736738571,0.21058256317370946,CIMAS CLINIC -MASVINGO PHARMACY,4,10,0.01
0.000404819711978134,0.0001169829643717096,0.28897546465827323,CIMAS FIFE AVENUE PHARMACY,4,2,0.01
0.0006144493732987528,0.00017339684085039816,0.28219874311124166,CIMAS FIFE AVENUE PHARMACY,4,3,0.01
0.0008288761662148635,0.00022848965042054068,0.2756619863543175,CIMAS FIFE AVENUE PHARMACY,4,4,0.01
0.0010480843026562418,0.00028230686500090805,0.2693551122609467,CIMAS FIFE AVENUE PHARMACY,4,5,0.01
0.0012720550960652647,0.00033489204487969083,0.2632685061485015,CIMAS FIFE AVENUE PHARMACY,4,6,0.01
0.0015007670225104127,0.0003862869283486762,0.25739300141504545,CIMAS FIFE AVENUE PHARMACY,4,7,0.01
0.0017341957730754348,0.0004365315174618654,0.2517198601445772,CIMAS FIFE AVENUE PHARMACY,4,8,0.01
0.001972314299312532,0.0004856641599547264,0.2462407538818783,CIMAS FIFE AVENUE PHARMACY,4,9,0.01
0.0022150928533586564,0.0005337216273905876,0.24094774473283453,CIMAS FIFE AVENUE PHARMACY,4,10,0.01
0.00040492011469760294,0.0001336973683317157,0.3301820864877552,CIMAS FOURTH STREET PHARMACY,4,2,0.01
0.0006147402652037367,0.0001981253522868989,0.32229115856147206,CIMAS FOURTH STREET PHARMACY,4,3,0.01
0.0008294367685462943,0.0002610172160929913,0.3146921211974495,CIMAS FOURTH STREET PHARMACY,4,4,0.01
0.0010489824884624768,0.00032242802078521284,0.30737216715390997,CIMAS FOURTH STREET PHARMACY,4,5,0.01
0.0012733469686827808,0.00038241041507896796,0.3003190995731148,CIMAS FOURTH STREET PHARMACY,4,6,0.01
0.0015024965517424383,0.0004410147519943177,0.29352130724218634,CIMAS FOURTH STREET PHARMACY,4,7,0.01
0.0017363944860024384,0.0004982892004628455,0.2869677394622559,CIMAS FOURTH STREET PHARMACY,4,8,0.01
0.0019750010232440236,0.0005542798519170863,0.28064788088395926,CIMAS FOURTH STREET PHARMACY,4,9,0.01
0.002218273508914567,0.000609030821916094,0.2745517265876296,CIMAS FOURTH STREET PHARMACY,4,10,0.01
0.00040437962740255576,0.00011476502639095798,0.2838051637965198,CIMAS HCC  MUTARE PHARMACY,4,2,0.01
0.000613097616528737,0.00017028922773907923,0.2777522259884654,CIMAS HCC  MUTARE PHARMACY,4,3,0.01
0.000826109882594166,0.00022463168297018018,0.2719150172429695,CIMAS HCC  MUTARE PHARMACY,4,4,0.01
0.001043369725453912,0.0002778329443200605,0.2662842686941016,CIMAS HCC  MUTARE PHARMACY,4,5,0.01
0.0012648280222822903,0.0003299318320380576,0.2608511404125278,CIMAS HCC  MUTARE PHARMACY,4,6,0.01
0.0014904334104553097,0.0003809655162327697,0.255607203622998,CIMAS HCC  MUTARE PHARMACY,4,7,0.01
0.001720132461753523,0.0004309695951157245,0.2505444230012316,CIMAS HCC  MUTARE PHARMACY,4,8,0.01
0.001953869848862467,0.00047997816969796097,0.24565513919844859,CIMAS HCC  MUTARE PHARMACY,4,9,0.01
0.002191588505017336,0.0005280239150162939,0.240932051709277,CIMAS HCC  MUTARE PHARMACY,4,10,0.01
0.00040522534288333403,0.00014749359579932275,0.36397919920271804,CIMAS HCC CHINHOYI ST. PHARM,4,2,0.01
0.000615681384335906,0.00021841171731015404,0.3547479635846714,CIMAS HCC CHINHOYI ST. PHARM,4,3,0.01
0.0008313706935024773,0.000287535583099466,0.3458572515806503,CIMAS HCC CHINHOYI ST. PHARM,4,4,0.01
0.001052293264729019,0.00035493002849964496,0.33729193219824005,CIMAS HCC CHINHOYI ST. PHARM,4,5,0.01
0.0012784466957664821,0.0004206570103561392,0.32903758267679495,CIMAS HCC CHINHOYI ST. PHARM,4,6,0.01
0.0015098263369068764,0.00048477574387452107,0.3210804660274125,CIMAS HCC CHINHOYI ST. PHARM,4,7,0.01
0.0017464254149600208,0.0005473428345785824,0.3134075064929768,CIMAS HCC CHINHOYI ST. PHARM,4,8,0.01
0.001988235135487519,0.0006084124051171454,0.30600626367462397,CIMAS HCC CHINHOYI ST. PHARM,4,9,0.01
0.002235244766282621,0.0006680362167736187,0.29886490591570103,CIMAS HCC CHINHOYI ST. PHARM,4,10,0.01
0.0004047311096904686,0.000108796405579178,0.2688115713723702,CIMAS HCC CHITUNGWIZA PHARMACY,4,2,0.01
0.0006141810617911272,0.00016129659571860588,0.2626205947285626,CIMAS HCC CHITUNGWIZA PHARMACY,4,3,0.01
0.0008283345364790314,0.00021258938189153186,0.2566467683397303,CIMAS HCC CHITUNGWIZA PHARMACY,4,4,0.01
0.0010471732574128267,0.0002627159499918971,0.25088107257529657,CIMAS HCC CHITUNGWIZA PHARMACY,4,5,0.01
0.0012706760767043493,0.00031171577152812693,0.24531489751235352,CIMAS HCC CHITUNGWIZA PHARMACY,4,6,0.01
0.0014988190506913563,0.00035962668272956515,0.23994002649197788,CIMAS HCC CHITUNGWIZA PHARMACY,4,7,0.01
0.001731575508194219,0.0004064849603174093,0.23474861962058696,CIMAS HCC CHITUNGWIZA PHARMACY,4,8,0.01
0.0019689161127785034,0.0004523253939664838,0.22973319738247727,CIMAS HCC CHITUNGWIZA PHARMACY,4,9,0.01
0.002210808920394766,0.0004971813555096945,0.2248866244944031,CIMAS HCC CHITUNGWIZA PHARMACY,4,10,0.01
0.0004015421234823319,5.947701050669663e-05,0.14812147226519723,ASHBRITTLE   PHARMACY,5,2,0.01
0.0006046232788413335,8.88571953282976e-05,0.14696290804181175,ASHBRITTLE   PHARMACY,5,3,0.01
0.0008092398579042555,0.00011800212398338678,0.14581847746474705,ASHBRITTLE   PHARMACY,5,4,0.01
0.0010153877482548801,0.00014691449012686875,0.14468806658280717,ASHBRITTLE   PHARMACY,5,5,0.01
0.0012230623458932834,0.00017559696712313578,0.14357155848411446,ASHBRITTLE   PHARMACY,5,6,0.01
0.001432258568178456,0.0002040522074724942,0.14246883349562187,ASHBRITTLE   PHARMACY,5,7,0.01
0.0016429708670028253,0.0002322828422751362,0.14137976938013275,ASHBRITTLE   PHARMACY,5,8,0.01
0.0018551932421501706,0.0002602914807320666,0.14030424153032625,ASHBRITTLE   PHARMACY,5,9,0.01
0.0020689192547909377,0.00028808070968231543,0.1392421231593331,ASHBRITTLE   PHARMACY,5,10,0.01
0.0004012729429072639,8.116492232382998e-05,0.20226861481310385,BALLANTYNE PARK PHARMACY,5,2,0.01
0.0006038146667023171,0.00012133906173787676,0.20095414773635728,BALLANTYNE PARK PHARMACY,5,3,0.01
0.00080762062343946,0.00016124468140515325,0.19965399189343547,BALLANTYNE PARK PHARMACY,5,4,0.01
0.001012685889047207,0.00020088453132655165,0.19836805617540038,BALLANTYNE PARK PHARMACY,5,5,0.01
0.0012190051734037842,0.0002402613439926071,0.19709624637747356,BALLANTYNE PARK PHARMACY,5,6,0.01
0.0014265728306586528,0.00027937783386543767,0.19583846534946842,BALLANTYNE PARK PHARMACY,5,7,0.01
0.0016353828697715845,0.0003182366968877319,0.19459461314534884,BALLANTYNE PARK PHARMACY,5,8,0.01
0.0018454289652414392,0.0003568406100184567,0.19336458717161778,BALLANTYNE PARK PHARMACY,5,9,0.01
0.00205670446799748,0.00039519223079491675,0.19214828233426143,BALLANTYNE PARK PHARMACY,5,10,0.01
0.0004023457844321911,7.428348328767367e-05,0.18462597636633857,CIMAS BORROWDALE OFFICE PARK PHARMACY,5,2,0.01
0.0006069642959626474,0.00011076377644319478,0.18248812521587132,CIMAS BORROWDALE OFFICE PARK PHARMACY,5,3,0.01
0.0008137840126363811,0.00014682010726400696,0.18041655400474158,CIMAS BORROWDALE OFFICE PARK PHARMACY,5,4,0.01
0.0010227350663755855,0.0001824645916530867,0.1784084633958166,CIMAS BORROWDALE OFFICE PARK PHARMACY,5,5,0.01
0.0012337493461003599,0.00021770886345022614,0.1764611783895661,CIMAS BORROWDALE OFFICE PARK PHARMACY,5,6,0.01
0.0014467605860685455,0.0002525640958661463,0.1745721429642127,CIMAS BORROWDALE OFFICE PARK PHARMACY,5,7,0.01
0.001661704440090514,0.00028704102191091333,0.17273891492718046,CIMAS BORROWDALE OFFICE PARK PHARMACY,5,8,0.01
0.001878518542322557,0.00032114995386433844,0.17095916097121727,CIMAS BORROWDALE OFFICE PARK PHARMACY,5,9,0.01
0.002097142555379276,0.00035490080183399423,0.16923065192857578,CIMAS BORROWDALE OFFICE PARK PHARMACY,5,10,0.01
0.0004047759902634625,0.00013795898851884467,0.34082799335269187,CIMAS BULAWAYO PHARMACY,5,2,0.01
0.0006143166815776159,0.00020451151523064558,0.3329089399061135,CIMAS BULAWAYO PHARMACY,5,3,0.01
0.0008286087998942923,0.00026952122014142256,0.3252695604678662,CIMAS BULAWAYO PHARMACY,5,4,0.01
0.0010476372351540348,0.0003330413884702284,0.31789762457351095,CIMAS BULAWAYO PHARMACY,5,5,0.01
0.0012713851692626912,0.0003951229827811575,0.3107814943368416,CIMAS BULAWAYO PHARMACY,5,6,0.01
0.0014998341858287717,0.00045581475638831393,0.3039100993263744,CIMAS BULAWAYO PHARMACY,5,7,0.01
0.0017329643639718427,0.0005151633617137141,0.29727291133269057,CIMAS BULAWAYO PHARMACY,5,8,0.01
0.001970754358248312,0.0005732134536375223,0.29085991931892424,CIMAS BULAWAYO PHARMACY,5,9,0.01
0.002213181466507679,0.000630007787924246,0.2846616047794651,CIMAS BULAWAYO PHARMACY,5,10,0.01
0.0004035184170477437,8.320070371992796e-05,0.2061881198103624,CIMAS CLINIC -MASVINGO PHARMACY,5,2,0.01
0.0006105139259500014,0.00012370746091280128,0.20262840150665526,CIMAS CLINIC -MASVINGO PHARMACY,5,3,0.01
0.0008209437445390764,0.0001635137837867782,0.19917781805936524,CIMAS CLINIC -MASVINGO PHARMACY,5,4,0.01
0.001034763742571791,0.00020264014973486822,0.195832286538402,CIMAS CLINIC -MASVINGO PHARMACY,5,5,0.01
0.0012519285495794224,0.00024110628099283942,0.19258789255492065,CIMAS CLINIC -MASVINGO PHARMACY,5,6,0.01
0.0014723916616189658,0.0002789311764058178,0.18944088293675848,CIMAS CLINIC -MASVINGO PHARMACY,5,7,0.01
0.0016961055468507136,0.0003161331417737945,0.1863876586930469,CIMAS CLINIC -MASVINGO PHARMACY,5,8,0.01
0.0019230217498456346,0.00035272981883440374,0.18342476826521498,CIMAS CLINIC -MASVINGO PHARMACY,5,9,0.01
0.0021530909945081753,0.0003887382129403884,0.18054890105988614,CIMAS CLINIC -MASVINGO PHARMACY,5,10,0.01
0.000404378736157443,9.815679299518326e-05,0.24273480333784506,CIMAS FIFE AVENUE PHARMACY,5,2,0.01
0.0006131153081292219,0.0001456446183072646,0.23754849434711575,CIMAS FIFE AVENUE PHARMACY,5,3,0.01
0.0008261863339789829,0.00019211830053924645,0.23253628465867807,CIMAS FIFE AVENUE PHARMACY,5,4,0.01
0.001043565980787349,0.00023761076662135586,0.22769117717126375,CIMAS FIFE AVENUE PHARMACY,5,5,0.01
0.001265225993135018,0.0002821536213561207,0.22300650072560657,CIMAS FIFE AVENUE PHARMACY,5,6,0.01
0.0014911357204426146,0.00032577720941210064,0.21847589387463673,CIMAS FIFE AVENUE PHARMACY,5,7,0.01
0.0017212621440430868,0.000368510674212222,0.21409328932699595,CIMAS FIFE AVENUE PHARMACY,5,8,0.01
0.00195556990476358,0.00041038201385244956,0.20985289907192706,CIMAS FIFE AVENUE PHARMACY,5,9,0.01
0.002194021331702767,0.000451418134186214,0.20574920018479087,CIMAS FIFE AVENUE PHARMACY,5,10,0.01
0.0004044863330073659,0.0001141973735293129,0.2823269025686297,CIMAS FOURTH STREET PHARMACY,5,2,0.01
0.0006134283791273112,0.00016940295113403801,0.2761576687649139,CIMAS FOURTH STREET PHARMACY,5,3,0.01
0.0008267927442977919,0.00022340402869442852,0.2702055989668476,CIMAS FOURTH STREET PHARMACY,5,4,0.01
0.0010445433386309043,0.0002762414962025415,0.26446149813622344,CIMAS FOURTH STREET PHARMACY,5,5,0.01
0.0012666414504770484,0.00032795451942054004,0.2589166170876725,CIMAS FOURTH STREET PHARMACY,5,6,0.01
0.0014930458175488434,0.00037858062413081213,0.2535626299481779,CIMAS FOURTH STREET PHARMACY,5,7,0.01
0.0017237126962679006,0.000428155776071657,0.24839161247618538,CIMAS FOURTH STREET PHARMACY,5,8,0.01
0.001958595930340385,0.00047671445673791685,0.24339602127891102,CIMAS FOURTH STREET PHARMACY,5,9,0.01
0.0021976470194248676,0.0005242897352293745,0.2385686739477312,CIMAS FOURTH STREET PHARMACY,5,10,0.01
0.00040381872422835824,9.679039860933562e-05,0.23968774304432933,CIMAS HCC  MUTARE PHARMACY,5,2,0.01
0.0006114074631883104,0.00014381082156400218,0.23521273491506134,CIMAS HCC  MUTARE PHARMACY,5,3,0.01
0.0008227160036422266,0.00018995387925865197,0.23088633066296466,CIMAS HCC  MUTARE PHARMACY,5,4,0.01
0.0010376927648918768,0.00023524743066789412,0.22670239075282161,CIMAS HCC  MUTARE PHARMACY,5,5,0.01
0.0012562849303767946,0.0002797181990148047,0.22265506196186682,CIMAS HCC  MUTARE PHARMACY,5,6,0.01
0.0014784385749504316,0.0003233918254806518,0.2187387632871351,CIMAS HCC  MUTARE PHARMACY,5,7,0.01
0.0017040987881266078,0.0003662929202001764,0.2149481724606228,CIMAS HCC  MUTARE PHARMACY,5,8,0.01
0.00193320979352933,0.00040844511066711936,0.21127821307042358,CIMAS HCC  MUTARE PHARMACY,5,9,0.01
0.0021657150647269425,0.00044987108767274083,0.2077240422804472,CIMAS HCC  MUTARE PHARMACY,5,10,0.01
0.00040488099972449247,0.00012720798701268925,0.3141861117198631,CIMAS HCC CHINHOYI ST. PHARM,5,2,0.01
0.0006146401160240124,0.0001885258958848211,0.30672566103292853,CIMAS HCC CHINHOYI ST. PHARM,5,3,0.01
0.0008292725415525484,0.0002483902354921381,0.2995278669508417,CIMAS HCC CHINHOYI ST. PHARM,5,4,0.01
0.0010487716296639824,0.0003068509995526229,0.292581331219777,CIMAS HCC CHINHOYI ST. PHARM,5,5,0.01
0.001273128963397008,0.0003639560203046308,0.28587521827601065,CIMAS HCC CHINHOYI ST. PHARM,5,6,0.01
0.0015023344107676024,0.0004197510755154588,0.2793992286317873,CIMAS HCC CHINHOYI ST. PHARM,5,7,0.01
0.0017363761683192815,0.000474279990293473,0.27314357277349094,CIMAS HCC CHINHOYI ST. PHARM,5,8,0.01
0.0019752407946485324,0.0005275847338402862,0.2670989457435557,CIMAS HCC CHINHOYI ST. PHARM,5,9,0.01
0.00221891323542108,0.000579705511303827,0.2612565025300852,CIMAS HCC CHINHOYI ST. PHARM,5,10,0.01
0.0004042243404598328,8.997446690524545e-05,0.22258547519155664,CIMAS HCC CHITUNGWIZA PHARMACY,5,2,0.01
0.0006126472198717239,0.00013355318159210134,0.21799361404115195,CIMAS HCC CHITUNGWIZA PHARMACY,5,3,0.01
0.0008252404811196018,0.00017623323734767475,0.21355379598996346,CIMAS HCC CHITUNGWIZA PHARMACY,5,4,0.01
0.0010419736619339277,0.00021804338833443344,0.20925998065031678,CIMAS HCC CHITUNGWIZA PHARMACY,5,5,0.01
0.0012628140441254701,0.0002590112470377351,0.20510640362501417,CIMAS HCC CHITUNGWIZA PHARMACY,5,6,0.01
0.0014877267023695694,0.00029916333702672307,0.2010875630250046,CIMAS HCC CHITUNGWIZA PHARMACY,5,7,0.01
0.0017166745532176332,0.00033852514310944086,0.19719820654120454,CIMAS HCC CHITUNGWIZA PHARMACY,5,8,0.01
0.0019496184049243347,0.0003771211589952469,0.193433319075526,CIMAS HCC CHITUNGWIZA PHARMACY,5,9,0.01
0.002186517008596775,0.0004149749325770856,0.18978811092962916,CIMAS HCC CHITUNGWIZA PHARMACY,5,10,0.01
0.00040191030826163004,6.331229051354514e-05,0.15752840674176233,ASHBRITTLE   PHARMACY,6,2,0.01
0.0006057181687069421,9.45017095276166e-05,0.15601597312055918,ASHBRITTLE   PHARMACY,6,3,0.01
0.0008114099898793147,0.00012538641814616327,0.15452905400488431,ASHBRITTLE   PHARMACY,6,4,0.01
0.0010189713858478819,0.00015597116529123163,0.15306726710627763,ASHBRITTLE   PHARMACY,6,5,0.01
0.0012283872176228252,0.0001862606342709889,0.1516302283179407,ASHBRITTLE   PHARMACY,6,6,0.01
0.001439641634910142,0.00021625944246666894,0.15021755221754696,ASHBRITTLE   PHARMACY,6,7,0.01
0.0016527181180395355,0.0002459721410989992,0.14882885255156086,ASHBRITTLE   PHARMACY,6,8,0.01
0.0018675995199050226,0.00027540321507103083,0.14746374270059598,ASHBRITTLE   PHARMACY,6,9,0.01
0.0020842681077645423,0.0003045570828842543,0.1461218361254414,ASHBRITTLE   PHARMACY,6,10,0.01
0.000401376847994619,8.226251849677569e-05,0.2049508308906709,BALLANTYNE PARK PHARMACY,6,2,0.01
0.0006041235530409454,0.0001229483227192495,0.20351519502984264,BALLANTYNE PARK PHARMACY,6,3,0.01
0.0008082326236403207,0.00016334164426550334,0.20209731640106818,BALLANTYNE PARK PHARMACY,6,4,0.01
0.0010136960882308995,0.0002034458214523251,0.20069705685397127,BALLANTYNE PARK PHARMACY,6,5,0.01
0.0012205055158589022,0.0002432641696564701,0.19931427305781457,BALLANTYNE PARK PHARMACY,6,6,0.01
0.0014286520369665512,0.00028279998039014176,0.19794881683759005,BALLANTYNE PARK PHARMACY,6,7,0.01
0.0016381263642370617,0.0003220565204321011,0.1966005355039232,BALLANTYNE PARK PHARMACY,6,8,0.01
0.0018489188134396303,0.0003610370310133553,0.1952692721762624,BALLANTYNE PARK PHARMACY,6,9,0.01
0.002061019324220015,0.0003997447270563023,0.19395486609888252,BALLANTYNE PARK PHARMACY,6,10,0.01
0.00040166259016836763,6.557394549511984e-05,0.16325629296876457,CIMAS BORROWDALE OFFICE PARK PHARMACY,6,2,0.01
0.0006049449656987485,9.793914568468609e-05,0.16189761257300553,CIMAS BORROWDALE OFFICE PARK PHARMACY,6,3,0.01
0.0008098060521514023,0.0001300314258568744,0.16057107193928896,CIMAS BORROWDALE OFFICE PARK PHARMACY,6,4,0.01
0.0010162064791404215,0.00016185670180173678,0.15927540822082387,CIMAS BORROWDALE OFFICE PARK PHARMACY,6,5,0.01
0.0012241085500858417,0.00019342067653789363,0.1580094155247342,CIMAS BORROWDALE OFFICE PARK PHARMACY,6,6,0.01
0.0014334762085422982,0.0002247288494613509,0.1567719423051169,CIMAS BORROWDALE OFFICE PARK PHARMACY,6,7,0.01
0.0016442750015835952,0.0002557865250689138,0.15556188887051542,CIMAS BORROWDALE OFFICE PARK PHARMACY,6,8,0.01
0.0018564720406902952,0.00028659882127694586,0.15437820500134186,CIMAS BORROWDALE OFFICE PARK PHARMACY,6,9,0.01
0.002070035960555497,0.00031717067735518727,0.15321988767290498,CIMAS BORROWDALE OFFICE PARK PHARMACY,6,10,0.01
0.00040450060803365985,0.00012300618388972096,0.30409394064368184,CIMAS BULAWAYO PHARMACY,6,2,0.01
0.0006134866539795387,0.00018246445897568677,0.29742205114338544,CIMAS BULAWAYO PHARMACY,6,3,0.01
0.0008269415208331172,0.00024062012515469033,0.2909759869262257,CIMAS BULAWAYO PHARMACY,6,4,0.01
0.0010448472213959923,0.00029751621372117027,0.2847461405158037,CIMAS BULAWAYO PHARMACY,6,5,0.01
0.0012671844634044526,0.0003531939341258983,0.2787233779500403,CIMAS BULAWAYO PHARMACY,6,6,0.01
0.0014939327046242256,0.0004076927638916788,0.2728990152165035,CIMAS BULAWAYO PHARMACY,6,7,0.01
0.001725070199265364,0.00046105053397693197,0.2672647954693521,CIMAS BULAWAYO PHARMACY,6,8,0.01
0.0019605740369189086,0.0005133035097577836,0.26181286709501317,CIMAS BULAWAYO PHARMACY,6,9,0.01
0.0022004201750824947,0.0005644864678074728,0.25653576266919564,CIMAS BULAWAYO PHARMACY,6,10,0.01
0.0004029755406940747,7.211446263647349e-05,0.17895493734499468,CIMAS CLINIC -MASVINGO PHARMACY,6,2,0.01
0.0006088838428575326,0.00010736411096034296,0.17632938075097543,CIMAS CLINIC -MASVINGO PHARMACY,6,3,0.01
0.00081768166433762,0.00014209456104883264,0.17377736012209505,CIMAS CLINIC -MASVINGO PHARMACY,6,4,0.01
0.0010293253857823754,0.00017631957646034021,0.1712962479073828,CIMAS CLINIC -MASVINGO PHARMACY,6,5,0.01
0.0012437710939127266,0.00021005244179359624,0.1688835211090179,CIMAS CLINIC -MASVINGO PHARMACY,6,6,0.01
0.0014609746622380917,0.00024330598200687559,0.16653675679368118,CIMAS CLINIC -MASVINGO PHARMACY,6,7,0.01
0.0016808918291205323,0.0002760925808791903,0.16425362780402478,CIMAS CLINIC -MASVINGO PHARMACY,6,8,0.01
0.0019034782730986465,0.0003084241986528225,0.1620318986624118,CIMAS CLINIC -MASVINGO PHARMACY,6,9,0.01
0.0021286896853896144,0.0003403123888949637,0.15986942165911622,CIMAS CLINIC -MASVINGO PHARMACY,6,10,0.01
0.00040399902218138926,8.442839076228834e-05,0.2089816710605337,CIMAS FIFE AVENUE PHARMACY,6,2,0.01
0.0006119685213060356,0.00012538806588563108,0.2048929994275417,CIMAS FIFE AVENUE PHARMACY,6,3,0.01
0.0008238777821008658,0.00016554596675135466,0.2009351026911018,CIMAS FIFE AVENUE PHARMACY,6,4,0.01
0.0010396939442695245,0.00020492677721335462,0.1971029824140541,CIMAS FIFE AVENUE PHARMACY,6,5,0.01
0.00125938202960234,0.00024355423912588358,0.19339186474082673,CIMAS FIFE AVENUE PHARMACY,6,6,0.01
0.0014829049716082506,0.00028145119503285336,0.1897971889106366,CIMAS FIFE AVENUE PHARMACY,6,7,0.01
0.0017102236480309235,0.0003186396286796682,0.18631459636670086,CIMAS FIFE AVENUE PHARMACY,6,8,0.01
0.001941296916553496,0.0003551407034612224,0.18293992043820148,CIMAS FIFE AVENUE PHARMACY,6,9,0.01
0.0021760816539417834,0.00039097479891488443,0.17966917657095607,CIMAS FIFE AVENUE PHARMACY,6,10,0.01
0.0004041185688522981,9.992693129644956e-05,0.2472713183663976,CIMAS FOURTH STREET PHARMACY,6,2,0.01
0.0006123185458655712,0.0001483638468197987,0.24229847000644433,CIMAS FOURTH STREET PHARMACY,6,3,0.01
0.0008245604722412731,0.00019582722443993857,0.23749285956874963,CIMAS FOURTH STREET PHARMACY,6,4,0.01
0.001040802652136833,0.00024234850300000398,0.23284769932363963,CIMAS FOURTH STREET PHARMACY,6,5,0.01
0.0012610012145956866,0.0002879578524933196,0.22835652270616347,CIMAS FOURTH STREET PHARMACY,6,6,0.01
0.0014851101769055718,0.00033268423457878985,0.22401316734087873,CIMAS FOURTH STREET PHARMACY,6,7,0.01
0.0017130815098496403,0.00037655545989168635,0.21981175894236182,CIMAS FOURTH STREET PHARMACY,6,8,0.01
0.001944865205226018,0.0004195982423179354,0.2157466960643027,CIMAS FOURTH STREET PHARMACY,6,9,0.01
0.0021804093459297357,0.0004618382503938531,0.21181263566677813,CIMAS FOURTH STREET PHARMACY,6,10,0.01
0.000403343314337274,8.400969751171739e-05,0.2082833519870093,CIMAS HCC  MUTARE PHARMACY,6,2,0.01
0.0006099800861827757,0.0001249636284905998,0.2048650953060055,CIMAS HCC  MUTARE PHARMACY,6,3,0.01
0.0008198598029803741,0.00016524459093622852,0.20155225361156553,CIMAS HCC  MUTARE PHARMACY,6,4,0.01
0.0010329313977858988,0.00020487231057984286,0.19834067491702662,CIMAS HCC  MUTARE PHARMACY,6,5,0.01
0.00124914334738913,0.00024386575206931764,0.19522639461598093,CIMAS HCC  MUTARE PHARMACY,6,6,0.01
0.0014684437672587434,0.0002822431537013203,0.19220562611546593,CIMAS HCC  MUTARE PHARMACY,6,7,0.01
0.0016907805033311376,0.00032002206037860494,0.18927475195515012,CIMAS HCC  MUTARE PHARMACY,6,8,0.01
0.001916101220648908,0.000357219354886833,0.1864303153910924,CIMAS HCC  MUTARE PHARMACY,6,9,0.01
0.0021443534888431074,0.00039385128758086176,0.18366901242264264,CIMAS HCC  MUTARE PHARMACY,6,10,0.01
0.0004045967380585104,0.00011217823288353709,0.2772593605717961,CIMAS HCC CHINHOYI ST. PHARM,6,2,0.01
0.0006137826773155335,0.00016636337495136544,0.27104605766813017,CIMAS HCC CHINHOYI ST. PHARM,6,3,0.01
0.0008275487250998321,0.0002193352941432248,0.26504215098242717,CIMAS HCC CHINHOYI ST. PHARM,6,4,0.01
0.0010458842627013576,0.0002711338511853147,0.25923886691345543,CIMAS HCC CHINHOYI ST. PHARM,6,5,0.01
0.0012687771673079915,0.00032179724407884044,0.253627864979324,CIMAS HCC CHINHOYI ST. PHARM,6,6,0.01
0.0014962138273332858,0.00037136209006797725,0.24820121514974833,CIMAS HCC CHINHOYI ST. PHARM,6,7,0.01
0.001728179152223732,0.00041986350329090567,0.2429513761641245,CIMAS HCC CHINHOYI ST. PHARM,6,8,0.01
0.0019646565777137687,0.00046733516831238485,0.23787117484736867,CIMAS HCC CHINHOYI ST. PHARM,6,9,0.01
0.002205628067391731,0.0005138094097357756,0.23295378642119918,CIMAS HCC CHINHOYI ST. PHARM,6,10,0.01
0.0004037718655435864,7.643879194803661e-05,0.18931183292112064,CIMAS HCC CHITUNGWIZA PHARMACY,6,2,0.01
0.0006112808486548945,0.00011358443116035174,0.18581382258300902,CIMAS HCC CHITUNGWIZA PHARMACY,6,3,0.01
0.0008224903210294298,0.00015004316380671931,0.18242544619725753,CIMAS HCC CHITUNGWIZA PHARMACY,6,4,0.01
0.0010373618259132088,0.00018583566158369508,0.17914256813923193,CIMAS HCC CHITUNGWIZA PHARMACY,6,5,0.01
0.0012558551320678776,0.00022098181883928374,0.17596123406002842,CIMAS HCC CHITUNGWIZA PHARMACY,6,6,0.01
0.0014779282900307955,0.0002555007871415068,0.17287766183580053,CIMAS HCC CHITUNGWIZA PHARMACY,6,7,0.01
0.0017035376908251033,0.0002894110081136899,0.1698882329826906,CIMAS HCC CHITUNGWIZA PHARMACY,6,8,0.01
0.0019326381272245785,0.0003227302446261976,0.1669894845185859,CIMAS HCC CHITUNGWIZA PHARMACY,6,9,0.01
0.002165182857631484,0.00035547561043044985,0.16417810125252347,CIMAS HCC CHITUNGWIZA PHARMACY,6,10,0.01
0.00040224719845327747,6.811102457164681e-05,0.16932628700348343,ASHBRITTLE   PHARMACY,7,2,0.01
0.0006067300904991819,0.0001015804271125105,0.16742276129561348,ASHBRITTLE   PHARMACY,7,3,0.01
0.0008134354847477068,0.00013466800438939928,0.1655546222343221,ASHBRITTLE   PHARMACY,7,4,0.01
0.0010223485571777228,0.0001673803402252527,0.1637214030871427,ASHBRITTLE   PHARMACY,7,5,0.01
0.0012334529086280108,0.0001997239346640657,0.16192262652833805,ASHBRITTLE   PHARMACY,7,6,0.01
0.0014467306255788858,0.0002317052024294393,0.16015780569843555,ASHBRITTLE   PHARMACY,7,7,0.01
0.0016621623439094162,0.00026333047155417027,0.15842644523808389,ASHBRITTLE   PHARMACY,7,8,0.01
0.001879727315305004,0.0002946059821753416,0.15672804229454892,ASHBRITTLE   PHARMACY,7,9,0.01
0.0020994034759823877,0.0003255378854892184,0.15506208749934897,ASHBRITTLE   PHARMACY,7,10,0.01
0.00040156304269399517,8.461474852885797e-05,0.21071348588554578,BALLANTYNE PARK PHARMACY,7,2,0.01
0.000604677747721701,0.0001264059407895087,0.2090467877572472,BALLANTYNE PARK PHARMACY,7,3,0.01
0.0008093319722676631,0.00016785909885692134,0.2074045071846078,BALLANTYNE PARK PHARMACY,7,4,0.01
0.0010155128504674119,0.00020897874311488459,0.20578640931889497,BALLANTYNE PARK PHARMACY,7,5,0.01
0.0012232068333531776,0.00024976935602377123,0.2041922504136756,BALLANTYNE PARK PHARMACY,7,6,0.01
0.0014323997291740608,0.00029023538062092184,0.20262177848097968,BALLANTYNE PARK PHARMACY,7,7,0.01
0.0016430767439300502,0.0003303812191229044,0.20107473393645062,BALLANTYNE PARK PHARMACY,7,8,0.01
0.0018552225219646858,0.00037021123162773686,0.19955085023206928,BALLANTYNE PARK PHARMACY,7,9,0.01
0.0020688211864672533,0.00040972973491498234,0.19804985447516724,BALLANTYNE PARK PHARMACY,7,10,0.01
0.0004012440750539588,6.040156189310587e-05,0.15053571042758238,CIMAS BORROWDALE OFFICE PARK PHARMACY,7,2,0.01
0.0006037147689344088,9.030573615793916e-05,0.14958344702637302,CIMAS BORROWDALE OFFICE PARK PHARMACY,7,3,0.01
0.0008073954635888496,0.00012001600581933895,0.14864587582133698,CIMAS BORROWDALE OFFICE PARK PHARMACY,7,4,0.01
0.0010122703436969574,0.0001495351436097596,0.1477225373052377,CIMAS BORROWDALE OFFICE PARK PHARMACY,7,5,0.01
0.0012183243620701228,0.00017886584439305437,0.1468129916479167,CIMAS BORROWDALE OFFICE PARK PHARMACY,7,6,0.01
0.001425543205934925,0.00020801072821061015,0.1459168177748698,CIMAS BORROWDALE OFFICE PARK PHARMACY,7,7,0.01
0.001633913264133782,0.0002369723431919132,0.1450336124895491,CIMAS BORROWDALE OFFICE PARK PHARMACY,7,8,0.01
0.0018434215952683388,0.0002657531683359757,0.14416298963737115,CIMAS BORROWDALE OFFICE PARK PHARMACY,7,9,0.01
0.002054055896804332,0.0002943556161697361,0.14330457930949686,CIMAS BORROWDALE OFFICE PARK PHARMACY,7,10,0.01
0.0004042772991873125,0.00011164837852846125,0.27616781539032587,CIMAS BULAWAYO PHARMACY,7,2,0.01
0.0006128147407945571,0.0001657043927183673,0.27039883620214483,CIMAS BULAWAYO PHARMACY,7,3,0.01
0.0008255939930099307,0.00021863199302391332,0.26481780981330794,CIMAS BULAWAYO PHARMACY,7,4,0.01
0.0010425955891665175,0.0002704670051042124,0.25941698575612804,CIMAS BULAWAYO PHARMACY,7,5,0.01
0.001263798961262001,0.00032124378526464197,0.25418899295806924,CIMAS BULAWAYO PHARMACY,7,6,0.01
0.0014891824677692087,0.00037099529229291393,0.24912681979708226,CIMAS BULAWAYO PHARMACY,7,7,0.01
0.0017187234165914943,0.0004197531554963781,0.2442237950820594,CIMAS BULAWAYO PHARMACY,7,8,0.01
0.0019523980839229818,0.00046754773912451595,0.23947356995201793,CIMAS BULAWAYO PHARMACY,7,9,0.01
0.0021901817296905678,0.000514408203357394,0.2348701006788466,CIMAS BULAWAYO PHARMACY,7,10,0.01
0.0004025244950829834,6.451341412666025e-05,0.16027202049743663,CIMAS CLINIC -MASVINGO PHARMACY,7,2,0.01
0.0006075353711354144,9.615243335453078e-05,0.15826639554308228,CIMAS CLINIC -MASVINGO PHARMACY,7,3,0.01
0.0008149947072093038,0.00012739277224324948,0.15631116511107962,CIMAS CLINIC -MASVINGO PHARMACY,7,4,0.01
0.00102486482736503,0.0001582438607662361,0.15440461662938285,CIMAS CLINIC -MASVINGO PHARMACY,7,5,0.01
0.001237108349543103,0.0001887148209066332,0.15254510324526596,CIMAS CLINIC -MASVINGO PHARMACY,7,6,0.01
0.0014516882314809694,0.00021881447850134088,0.15073104111212146,CIMAS CLINIC -MASVINGO PHARMACY,7,7,0.01
0.0016685678136990022,0.0002485513745781485,0.1489609067953563,CIMAS CLINIC -MASVINGO PHARMACY,7,8,0.01
0.0018877108595875144,0.00027793377620919556,0.1472332347920736,CIMAS CLINIC -MASVINGO PHARMACY,7,9,0.01
0.0021090815926340517,0.0003069696869029316,0.14554661515942316,CIMAS CLINIC -MASVINGO PHARMACY,7,10,0.01
0.0004036743950690748,7.419625283460149e-05,0.18380222709420393,CIMAS FIFE AVENUE PHARMACY,7,2,0.01
0.0006109891208870887,0.00011027761728504879,0.18049031237240015,CIMAS FIFE AVENUE PHARMACY,7,3,0.01
0.0008219081971339027,0.00014570787672477624,0.17727998970308112,CIMAS FIFE AVENUE PHARMACY,7,4,0.01
0.0010363937621939898,0.0001805061647890217,0.1741675523084005,CIMAS FIFE AVENUE PHARMACY,7,5,0.01
0.0012544061113856958,0.00021469091876029307,0.1711494521683508,CIMAS FIFE AVENUE PHARMACY,7,6,0.01
0.0014759037388392387,0.0002482799097879073,0.1682222920467518,CIMAS FIFE AVENUE PHARMACY,7,7,0.01
0.0017008433831057004,0.0002812902715955984,0.16538281795350782,CIMAS FIFE AVENUE PHARMACY,7,8,0.01
0.0019291800765394492,0.00031373852775914274,0.16262791202049157,CIMAS FIFE AVENUE PHARMACY,7,9,0.01
0.0021608671984586175,0.0003456406176316098,0.15995458576915833,CIMAS FIFE AVENUE PHARMACY,7,10,0.01
0.00040381005934199236,8.924903434757953e-05,0.22101736270020278,CIMAS FOURTH STREET PHARMACY,7,2,0.01
0.0006113887693936547,0.00013260790270672412,0.21689620311187283,CIMAS FOURTH STREET PHARMACY,7,3,0.01
0.0008226927734137549,0.00017515803515593255,0.2129081971014722,CIMAS FOURTH STREET PHARMACY,7,4,0.01
0.0010376768285109232,0.00021692442329846365,0.20904815192775614,CIMAS FOURTH STREET PHARMACY,7,5,0.01
0.0012562938702411726,0.0002579310910611805,0.205311111652296,CIMAS FOURTH STREET PHARMACY,7,6,0.01
0.001478495080012219,0.000298201139291932,0.2016923446843445,CIMAS FOURTH STREET PHARMACY,7,7,0.01
0.0017042299554018356,0.0003377567880122623,0.19818733202153085,CIMAS FOURTH STREET PHARMACY,7,8,0.01
0.0019334463834413912,0.0003766194164561621,0.1947917561519381,CIMAS FOURTH STREET PHARMACY,7,9,0.01
0.002166090716864238,0.0004148096010188509,0.19150149058362337,CIMAS FOURTH STREET PHARMACY,7,10,0.01
0.00040295065893917244,7.471163794690587e-05,0.18541138049903025,CIMAS HCC  MUTARE PHARMACY,7,2,0.01
0.0006088044265747025,0.00011123788554700985,0.18271530345609363,CIMAS HCC  MUTARE PHARMACY,7,3,0.01
0.0008175136645475901,0.00014723123532298573,0.18009636010728103,CIMAS HCC  MUTARE PHARMACY,7,4,0.01
0.0010290307212252746,0.00018270610478184957,0.17755165226194614,CIMAS HCC  MUTARE PHARMACY,7,5,0.01
0.001243308003488736,0.00021767638484858056,0.1750784071507448,CIMAS HCC  MUTARE PHARMACY,7,6,0.01
0.0014602980454517416,0.00025215546283359946,0.17267397133000711,CIMAS HCC  MUTARE PHARMACY,7,7,0.01
0.0016799535741005465,0.00028615624425712264,0.17033580491075878,CIMAS HCC  MUTARE PHARMACY,7,8,0.01
0.0019022275718444603,0.00031969117359249616,0.16806147609484676,CIMAS HCC  MUTARE PHARMACY,7,9,0.01
0.00212707333597096,0.0003527722539871872,0.16584865600139487,CIMAS HCC  MUTARE PHARMACY,7,10,0.01
0.0004043646790716541,0.00010080169523981498,0.24928412509034387,CIMAS HCC CHINHOYI ST. PHARM,7,2,0.01
0.0006130835511694608,0.00014957403160448658,0.24397006137119998,CIMAS HCC CHINHOYI ST. PHARM,7,3,0.01
0.0008261447409462152,0.00019730677974487296,0.23882834322577656,CIMAS HCC CHINHOYI ST. PHARM,7,4,0.01
0.0010435349888237495,0.00024403275215061006,0.23385200761277644,CIMAS HCC CHINHOYI ST. PHARM,7,5,0.01
0.0012652396522726131,0.00028978344142871324,0.22903442909665894,CIMAS HCC CHINHOYI ST. PHARM,7,6,0.01
0.0014912427040537444,0.00033458908412526724,0.22436930166748273,CIMAS HCC CHINHOYI ST. PHARM,7,7,0.01
0.001721526728096455,0.0003784787211152102,0.2198506215083316,CIMAS HCC CHINHOYI ST. PHARM,7,8,0.01
0.001956072913617801,0.000421480254742624,0.21547267068030032,CIMAS HCC CHINHOYI ST. PHARM,7,9,0.01
0.0021948610480273145,0.00046362050288722723,0.21123000169141348,CIMAS HCC CHINHOYI ST. PHARM,7,10,0.01
0.00040337228440079993,6.652945194464467e-05,0.16493312633879298,CIMAS HCC CHITUNGWIZA PHARMACY,7,2,0.01
0.0006100763809581949,9.895454476244804e-05,0.16220025533037125,CIMAS HCC CHITUNGWIZA PHARMACY,7,3,0.01
0.0008200703927249239,0.00013084124483541345,0.159548797269287,CIMAS HCC CHITUNGWIZA PHARMACY,7,4,0.01
0.0010333110620298514,0.00016220485391569116,0.156975822553427,CIMAS HCC CHITUNGWIZA PHARMACY,7,5,0.01
0.0012497538367528967,0.00019306012699076897,0.15447852314050636,CIMAS HCC CHITUNGWIZA PHARMACY,7,6,0.01
0.0014693529388129973,0.0002234212954220146,0.1520542066649442,CIMAS HCC CHITUNGWIZA PHARMACY,7,7,0.01
0.0016920614347576157,0.00025330208895464417,0.14970029087089806,CIMAS HCC CHITUNGWIZA PHARMACY,7,8,0.01
0.001917831308316468,0.0002827157566592805,0.14741429834486183,CIMAS HCC CHITUNGWIZA PHARMACY,7,9,0.01
0.0021466135347591644,0.000311675086862067,0.14519385153184308,CIMAS HCC CHITUNGWIZA PHARMACY,7,10,0.01
0.0004024773848315072,7.268012688406673e-05,0.18058189012158654,ASHBRITTLE   PHARMACY,8,2,0.01
0.0006074282459052882,0.00010833340231852913,0.1783476534863358,ASHBRITTLE   PHARMACY,8,3,0.01
0.0008148463184236367,0.00014353933220851388,0.17615509693434991,ASHBRITTLE   PHARMACY,8,4,0.01
0.0010247230127827475,0.0001783057092062861,0.1740038107684119,ASHBRITTLE   PHARMACY,8,5,0.01
0.0012370474526478229,0.00021264024793178537,0.17189336389371498,ASHBRITTLE   PHARMACY,8,6,0.01
0.001451806519522159,0.0002465505817012632,0.16982330523106604,ASHBRITTLE   PHARMACY,8,7,0.01
0.00166898490359427,0.00028004425950187395,0.16779316511418407,ASHBRITTLE   PHARMACY,8,8,0.01
0.001888565160611409,0.00031312874320678575,0.16580245666790372,ASHBRITTLE   PHARMACY,8,9,0.01
0.0021105277744940094,0.0003458114050249571,0.163850677164324,ASHBRITTLE   PHARMACY,8,10,0.01
0.00040173828881880883,8.721444129065657e-05,0.21709267878619318,BALLANTYNE PARK PHARMACY,8,2,0.01
0.0006052022719967754,0.00013023335301354534,0.2151897952792868,BALLANTYNE PARK PHARMACY,8,3,0.01
0.0008103781539539361,0.00017286754995756378,0.2133171397996373,BALLANTYNE PARK PHARMACY,8,4,0.01
0.0010172509914485649,0.00021512260274766576,0.21147445866956718,BALLANTYNE PARK PHARMACY,8,5,0.01
0.0012258047491609373,0.00025700404050260666,0.2096614821230916,BALLANTYNE PARK PHARMACY,8,6,0.01
0.0014360223571079228,0.0002985173482606436,0.2078779252865134,BALLANTYNE PARK PHARMACY,8,7,0.01
0.00164788576959142,0.00033966796455789096,0.20612348915550674,BALLANTYNE PARK PHARMACY,8,8,0.01
0.0018613760253833778,0.0003804612791578425,0.2043978615656022,BALLANTYNE PARK PHARMACY,8,9,0.01
0.0020764733088521185,0.0004209026309301953,0.20270071815316118,BALLANTYNE PARK PHARMACY,8,10,0.01
0.00040104507644487256,5.7381219408779893e-05,0.14307922669801804,CIMAS BORROWDALE OFFICE PARK PHARMACY,8,2,0.01
0.0006031309038304787,8.583166872036353e-05,0.14231018204381074,CIMAS BORROWDALE OFFICE PARK PHARMACY,8,3,0.01
0.0008062533095976297,0.00011412399805633333,0.14154856382950945,CIMAS BORROWDALE OFFICE PARK PHARMACY,8,4,0.01
0.0010104082650702262,0.00014225966761793172,0.14079424380801583,CIMAS BORROWDALE OFFICE PARK PHARMACY,8,5,0.01
0.0012155918768376873,0.00017024011440251212,0.14004709775240093,CIMAS BORROWDALE OFFICE PARK PHARMACY,8,6,0.01
0.0014218003785643884,0.00019806675284515357,0.13930700528096943,CIMAS BORROWDALE OFFICE PARK PHARMACY,8,7,0.01
0.0016290301232092035,0.00022574097543523957,0.1385738496907153,CIMAS BORROWDALE OFFICE PARK PHARMACY,8,8,0.01
0.0018372775756386832,0.00025326415330911877,0.1378475177987615,CIMAS BORROWDALE OFFICE PARK PHARMACY,8,9,0.01
0.0020465393056178054,0.0002806376368199096,0.13712789979139503,CIMAS BORROWDALE OFFICE PARK PHARMACY,8,10,0.01
0.00040409727439221817,0.00010285382567672727,0.25452739277052633,CIMAS BULAWAYO PHARMACY,8,2,0.01
0.0006122736394287387,0.00015271719984159395,0.24942638390259883,CIMAS BULAWAYO PHARMACY,8,3,0.01
0.0008245098819583849,0.00020158124569959556,0.24448614881461164,CIMAS BULAWAYO PHARMACY,8,4,0.01
0.001040785780273055,0.00024947661809224914,0.2397002561149498,CIMAS BULAWAYO PHARMACY,8,5,0.01
0.0012610801210161662,0.00029643275227752777,0.23506258431753338,CIMAS BULAWAYO PHARMACY,8,6,0.01
0.0014853707128001466,0.00034247792255960135,0.2305673052580787,CIMAS BULAWAYO PHARMACY,8,7,0.01
0.0017136343971097306,0.00038763929777939,0.22620886837542162,CIMAS BULAWAYO PHARMACY,8,8,0.01
0.0019458470570056334,0.000431942993833077,0.22198198582871795,CIMAS BULAWAYO PHARMACY,8,9,0.01
0.002181983624087927,0.00047541412337927323,0.21788161841865206,CIMAS BULAWAYO PHARMACY,8,10,0.01
0.00040217023120050284,5.926662275170953e-05,0.14736700569506356,CIMAS CLINIC -MASVINGO PHARMACY,8,2,0.01
0.0006064802455757795,8.840836267257886e-05,0.14577286452033705,CIMAS CLINIC -MASVINGO PHARMACY,8,3,0.01
0.0008129000930023222,0.00011723155660507798,0.14421397858634896,CIMAS CLINIC -MASVINGO PHARMACY,8,4,0.01
0.0010214003423310639,0.00014574281815032757,0.142689219995472,CIMAS CLINIC -MASVINGO PHARMACY,8,5,0.01
0.0012319521001914403,0.00017394856007791216,0.14119750276888302,CIMAS CLINIC -MASVINGO PHARMACY,8,6,0.01
0.001444527027611121,0.0002018550016854792,0.13973778117484992,CIMAS CLINIC -MASVINGO PHARMACY,8,7,0.01
0.001659097354536947,0.00022946817585661302,0.13830904812735204,CIMAS CLINIC -MASVINGO PHARMACY,8,8,0.01
0.0018756358923438902,0.00025679393583037896,0.13691033365195213,CIMAS CLINIC -MASVINGO PHARMACY,8,9,0.01
0.002094116044419698,0.00028383796169531415,0.1355407034159698,CIMAS CLINIC -MASVINGO PHARMACY,8,10,0.01
0.0004033983696894211,6.641763602126136e-05,0.1646452762622633,CIMAS FIFE AVENUE PHARMACY,8,2,0.01
0.0006101571144707089,9.878178557953094e-05,0.1618956548023223,CIMAS FIFE AVENUE PHARMACY,8,3,0.01
0.000820236570627205,0.00013060415026269295,0.1592274167473717,CIMAS FIFE AVENUE PHARMACY,8,4,0.01
0.0010335954523076338,0.0001619000228506376,0.15663770819538256,CIMAS FIFE AVENUE PHARMACY,8,5,0.01
0.0012501909021577762,0.0001926841621221702,0.15412379164622422,CIMAS FIFE AVENUE PHARMACY,8,6,0.01
0.0014699785455443983,0.0002229708150435296,0.15168304035413904,CIMAS FIFE AVENUE PHARMACY,8,7,0.01
0.0016929125482863267,0.00025277373788156214,0.1493129329908008,CIMAS FIFE AVENUE PHARMACY,8,8,0.01
0.0019189456777793108,0.0002821062162996446,0.14701104860149583,CIMAS FIFE AVENUE PHARMACY,8,9,0.01
0.0021480293673748975,0.0003109810844911779,0.14477506183783104,CIMAS FIFE AVENUE PHARMACY,8,10,0.01
0.00040355308317983283,8.109698132623608e-05,0.2009574073557439,CIMAS FOURTH STREET PHARMACY,8,2,0.01
0.0006106151187284108,0.00012056969130457937,0.1974561186032577,CIMAS FOURTH STREET PHARMACY,8,3,0.01
0.0008211403203763169,0.00015935386650880803,0.19406411127854303,CIMAS FOURTH STREET PHARMACY,8,4,0.01
0.0010350813136983479,0.0001974699862695805,0.19077726904760728,CIMAS FOURTH STREET PHARMACY,8,5,0.01
0.0012523892063591782,0.00023493776540594346,0.18759165618245086,CIMAS FOURTH STREET PHARMACY,8,6,0.01
0.0014730136612554129,0.00027177618823692035,0.184503508273842,CIMAS FOURTH STREET PHARMACY,8,7,0.01
0.0016969029724670929,0.00030800354084254496,0.18150922347359957,CIMAS FOURTH STREET PHARMACY,8,8,0.01
0.0019240041438951252,0.00034363744167308725,0.17860535423660628,CIMAS FOURTH STREET PHARMACY,8,9,0.01
0.0021542629704280974,0.0003786948705996104,0.17578859953404657,CIMAS FOURTH STREET PHARMACY,8,10,0.01
0.0004026325997204297,6.77881629825055e-05,0.16836233089316316,CIMAS HCC  MUTARE PHARMACY,8,2,0.01
0.0006078542972590729,0.00010100704659312408,0.16616983222555715,CIMAS HCC  MUTARE PHARMACY,8,3,0.01
0.0008156218640105389,0.00013379095574537358,0.1640355189689285,CIMAS HCC  MUTARE PHARMACY,8,4,0.01
0.001025892396774466,0.00016615076243534495,0.1619572997691997,CIMAS HCC  MUTARE PHARMACY,8,5,0.01
0.001238623366948135,0.00019809696175596383,0.1599331701968923,CIMAS HCC  MUTARE PHARMACY,8,6,0.01
0.0014537726668207305,0.00022963968760889987,0.15796120868822025,CIMAS HCC  MUTARE PHARMACY,8,7,0.01
0.0016712986529919976,0.00026078872766352283,0.15603957269794527,CIMAS HCC  MUTARE PHARMACY,8,8,0.01
0.001891160186943671,0.00029155353760313384,0.1541664950520756,CIMAS HCC  MUTARE PHARMACY,8,9,0.01
0.002113316672797773,0.00032194325469640485,0.15234028048914758,CIMAS HCC  MUTARE PHARMACY,8,10,0.01
0.00040417621835526075,9.202880020430289e-05,0.22769474309696244,CIMAS HCC CHINHOYI ST. PHARM,8,2,0.01
0.0006125161644634797,0.00013661764051482646,0.2230433226762166,CIMAS HCC CHINHOYI ST. PHARM,8,3,0.01
0.0008250060392051201,0.00018029508127487376,0.21853789270268267,CIMAS HCC CHINHOYI ST. PHARM,8,4,0.01
0.0010416307289689466,0.00022308891947824108,0.2141727516996975,CIMAS HCC CHINHOYI ST. PHARM,8,5,0.01
0.00126237379807712,0.0002650258708881743,0.20994246814364215,CIMAS HCC CHINHOYI ST. PHARM,8,6,0.01
0.0014872174801155024,0.0003061316210894075,0.2058418658887954,CIMAS HCC CHINHOYI ST. PHARM,8,7,0.01
0.0017161426686251092,0.00034643087379816246,0.20186601040326455,CIMAS HCC CHINHOYI ST. PHARM,8,8,0.01
0.0019491289075663787,0.00038594739658376977,0.19801019577799583,CIMAS HCC CHINHOYI ST. PHARM,8,9,0.01
0.0021861543819282885,0.0004247040641479887,0.19426993247081673,CIMAS HCC CHINHOYI ST. PHARM,8,10,0.01
0.0004030231076000411,5.9157290661377585e-05,0.1467838680855121,CIMAS HCC CHITUNGWIZA PHARMACY,8,2,0.01
0.0006090258073201272,8.806343531003363e-05,0.14459721452122984,CIMAS HCC CHITUNGWIZA PHARMACY,8,3,0.01
0.0008179636169967318,0.00011653745874234659,0.1424726678800583,CIMAS HCC CHITUNGWIZA PHARMACY,8,4,0.01
0.0010297911598611826,0.00014459099777357884,0.14040807826809265,CIMAS HCC CHITUNGWIZA PHARMACY,8,5,0.01
0.0012444622378130921,0.00017223529147171582,0.13840138032182228,CIMAS HCC CHITUNGWIZA PHARMACY,8,6,0.01
0.0014619299056841937,0.00019948119718035518,0.13645058932356716,CIMAS HCC CHITUNGWIZA PHARMACY,8,7,0.01
0.0016821465462780844,0.00022633920579234819,0.13455379752325744,CIMAS HCC CHITUNGWIZA PHARMACY,8,8,0.01
0.0019050639459639704,0.0002528194563135275,0.1327091706549513,CIMAS HCC CHITUNGWIZA PHARMACY,8,9,0.01
0.0021306333705973617,0.00027893174975366806,0.13091494463707967,CIMAS HCC CHITUNGWIZA PHARMACY,8,10,0.01
0.004048965927639586,0.00141237908484029,0.3488246406814445,ASHBRITTLE   PHARMACY,1,2,0.1
0.006147176866626039,0.0020892617121723036,0.3398733691095215,ASHBRITTLE   PHARMACY,1,3,0.1
0.008294812615454273,0.0027474562151223814,0.33122583263707817,ASHBRITTLE   PHARMACY,1,4,0.1
0.01049195473309096,0.003387578187970243,0.3228738851956763,ASHBRITTLE   PHARMACY,1,5,0.1
0.012738587701285144,0.004010225635120723,0.3148092809940106,ASHBRITTLE   PHARMACY,1,6,0.1
0.015034600210423636,0.004615978940767799,0.3070237236882093,ASHBRITTLE   PHARMACY,1,7,0.1
0.017379786577950442,0.005205400922225825,0.2995089093228489,ASHBRITTLE   PHARMACY,1,8,0.1
0.01977384830975003,0.005779036955407341,0.2922565635621788,ASHBRITTLE   PHARMACY,1,9,0.1
0.02221639581560148,0.006337415161973223,0.2852584737224914,ASHBRITTLE   PHARMACY,1,10,0.1
0.004046294839184856,0.001594502701280919,0.39406488272667217,BALLANTYNE PARK PHARMACY,1,2,0.1
0.006138577966858335,0.002360216609917889,0.38448914759419844,BALLANTYNE PARK PHARMACY,1,3,0.1
0.008276402161677401,0.003105886488160293,0.3752701267395656,BALLANTYNE PARK PHARMACY,1,4,0.1
0.010459186446263426,0.0038322217372803234,0.3663976884788583,BALLANTYNE PARK PHARMACY,1,5,0.1
0.012686223305523424,0.00453991023281013,0.35786144729405084,BALLANTYNE PARK PHARMACY,1,6,0.1
0.014956686155170032,0.0052296181262599245,0.3496508566138642,BALLANTYNE PARK PHARMACY,1,7,0.1
0.01726963701491945,0.00590198979816619,0.3417552895331494,BALLANTYNE PARK PHARMACY,1,8,0.1
0.01962403434661965,0.00655764794060178,0.33416410839758703,BALLANTYNE PARK PHARMACY,1,9,0.1
0.02201874102140619,0.007197193749256575,0.3268667242264035,BALLANTYNE PARK PHARMACY,1,10,0.1
0.004055250252983649,0.0019914408636457367,0.491077181286293,CIMAS BORROWDALE OFFICE PARK PHARMACY,1,2,0.1
0.006166209741267092,0.0029414527470402133,0.4770276832062115,CIMAS BORROWDALE OFFICE PARK PHARMACY,1,3,0.1
0.00833315222109813,0.0038624589471207547,0.46350514722887975,CIMAS BORROWDALE OFFICE PARK PHARMACY,1,4,0.1
0.010556173068694493,0.004755526693147141,0.4504972268075241,CIMAS BORROWDALE OFFICE PARK PHARMACY,1,5,0.1
0.012835196479805109,0.005621694550361854,0.4379905332346899,CIMAS BORROWDALE OFFICE PARK PHARMACY,1,6,0.1
0.015169982916682416,0.006461970962112588,0.4259708793083982,CIMAS BORROWDALE OFFICE PARK PHARMACY,1,7,0.1
0.01756013672197252,0.0072773332166773,0.41442349407059975,CIMAS BORROWDALE OFFICE PARK PHARMACY,1,8,0.1
0.02000511384054129,0.008068726783385289,0.40333321008319584,CIMAS BORROWDALE OFFICE PARK PHARMACY,1,9,0.1
0.022504229607671473,0.00883706496646614,0.39268462509170593,CIMAS BORROWDALE OFFICE PARK PHARMACY,1,10,0.1
0.004058202396648989,0.002800626565543758,0.6901150538613701,CIMAS BULAWAYO PHARMACY,1,2,0.1
0.006175661161141197,0.004133713264962784,0.6693555810628246,CIMAS BULAWAYO PHARMACY,1,3,0.1
0.008353178635515298,0.005424087720375773,0.649344154728611,CIMAS BULAWAYO PHARMACY,1,4,0.1
0.010591325851114126,0.006673308282229656,0.6300729838774316,CIMAS BULAWAYO PHARMACY,1,5,0.1
0.012890463669993055,0.00788290644262545,0.6115300926665346,CIMAS BULAWAYO PHARMACY,1,6,0.1
0.015250763811183291,0.009054380149962847,0.5937001098478311,CIMAS BULAWAYO PHARMACY,1,7,0.1
0.017672229075708697,0.010189188561506336,0.5765649889357677,CIMAS BULAWAYO PHARMACY,1,8,0.1
0.020154712315556322,0.011288748075679587,0.5601046494206925,CIMAS BULAWAYO PHARMACY,1,9,0.1
0.02269793388472408,0.012354429479598032,0.5442975357291299,CIMAS BULAWAYO PHARMACY,1,10,0.1
0.0040550350287873104,0.0021068509592921825,0.5195641823893818,CIMAS CLINIC -MASVINGO PHARMACY,1,2,0.1
0.006165915363818268,0.003112038972240587,0.5047164595385306,CIMAS CLINIC -MASVINGO PHARMACY,1,3,0.1
0.008333288922119438,0.004086523315083812,0.49038541124342433,CIMAS CLINIC -MASVINGO PHARMACY,1,4,0.1
0.01055764993624793,0.00503136935573751,0.4765614872740895,CIMAS CLINIC -MASVINGO PHARMACY,1,5,0.1
0.012839347760841785,0.005947618491201611,0.463233693952976,CIMAS CLINIC -MASVINGO PHARMACY,1,6,0.1
0.015178595622319725,0.006836285932838153,0.45038988473911085,CIMAS CLINIC -MASVINGO PHARMACY,1,7,0.1
0.017575479168358003,0.007698359008398856,0.4380170198863534,CIMAS CLINIC -MASVINGO PHARMACY,1,8,0.1
0.02002996471258071,0.008534795919688731,0.4261013956918293,CIMAS CLINIC -MASVINGO PHARMACY,1,9,0.1
0.0225419071030241,0.00934652489741916,0.41462884460939337,CIMAS CLINIC -MASVINGO PHARMACY,1,10,0.1
0.0040583620498625085,0.0023562607094988574,0.5805940131878289,CIMAS FIFE AVENUE PHARMACY,1,2,0.1
0.006176067099694375,0.003477704829855647,0.5630937575188817,CIMAS FIFE AVENUE PHARMACY,1,3,0.1
0.008353879979264886,0.004563150069850054,0.5462312220400845,CIMAS FIFE AVENUE PHARMACY,1,4,0.1
0.0105923654389841,0.005613913237316557,0.5299961816512799,CIMAS FIFE AVENUE PHARMACY,1,5,0.1
0.012891904495175422,0.006631282924391972,0.5143757407506097,CIMAS FIFE AVENUE PHARMACY,1,6,0.1
0.015252710513012876,0.0076165153688670635,0.4993548761296571,CIMAS FIFE AVENUE PHARMACY,1,7,0.1
0.01767484461374023,0.008570831282377856,0.4849169240059393,CIMAS FIFE AVENUE PHARMACY,1,8,0.1
0.020158230128319295,0.009495413529176579,0.471044008761312,CIMAS FIFE AVENUE PHARMACY,1,9,0.1
0.0227026659325531,0.01039140554058965,0.457717413957518,CIMAS FIFE AVENUE PHARMACY,1,10,0.1
0.004059558260263709,0.002558243114970082,0.6301777067744062,CIMAS FOURTH STREET PHARMACY,1,2,0.1
0.006179587193660505,0.003774769970155334,0.6108450049912368,CIMAS FOURTH STREET PHARMACY,1,3,0.1
0.008360758391860602,0.00495161707354615,0.5922449664813503,CIMAS FOURTH STREET PHARMACY,1,4,0.1
0.01060352212426271,0.006090287970770448,0.5743646214341181,CIMAS FOURTH STREET PHARMACY,1,5,0.1
0.012908126941507734,0.0071922513471248855,0.5571878383065231,CIMAS FOURTH STREET PHARMACY,1,6,0.1
0.015274638720356828,0.008258936247104904,0.5406960124103,CIMAS FOURTH STREET PHARMACY,1,7,0.1
0.017702958691205632,0.009291728497842293,0.5248686764692153,CIMAS FOURTH STREET PHARMACY,1,8,0.1
0.020192840164127705,0.010291968178514277,0.5096840313131291,CIMAS FOURTH STREET PHARMACY,1,9,0.1
0.022743903808786034,0.011260947982362447,0.49511939889634565,CIMAS FOURTH STREET PHARMACY,1,10,0.1
0.004057420738311869,0.0023309025016653904,0.5744788751277458,CIMAS HCC  MUTARE PHARMACY,1,2,0.1
0.006173087532742336,0.0034410565031815807,0.5574287558584032,CIMAS HCC  MUTARE PHARMACY,1,3,0.1
0.008347609161537999,0.004516101846177708,0.5410054254798918,CIMAS HCC  MUTARE PHARMACY,1,4,0.1
0.010581391157038959,0.0055573271706276664,0.5251981604451715,CIMAS HCC  MUTARE PHARMACY,1,5,0.1
0.012874649478612943,0.006565992658424513,0.5099938968693308,CIMAS HCC  MUTARE PHARMACY,1,6,0.1
0.015227424228866006,0.0075433264250031554,0.4953777022054446,CIMAS HCC  MUTARE PHARMACY,1,7,0.1
0.017639593151370394,0.008490521747820709,0.4813331960074767,CIMAS HCC  MUTARE PHARMACY,1,8,0.1
0.02011088471425899,0.009408735029806416,0.4678429200648467,CIMAS HCC  MUTARE PHARMACY,1,9,0.1
0.022640890640961687,0.010299084399896215,0.45488865978015935,CIMAS HCC  MUTARE PHARMACY,1,10,0.1
0.004059809180924383,0.002712220660383642,0.6680660443666696,CIMAS HCC CHINHOYI ST. PHARM,1,2,0.1
0.006180531623164187,0.004001709883219782,0.6474701736371127,CIMAS HCC CHINHOYI ST. PHARM,1,3,0.1
0.00836301930621648,0.005248922988207415,0.6276349241841084,CIMAS HCC CHINHOYI ST. PHARM,1,4,0.1
0.010607894375626965,0.00645543711562625,0.6085502821802664,CIMAS HCC CHINHOYI ST. PHARM,1,5,0.1
0.01291557198800642,0.007622798348425129,0.5902021494289038,CIMAS HCC CHINHOYI ST. PHARM,1,6,0.1
0.015286282632450085,0.00875251532037008,0.5725731710461791,CIMAS HCC CHINHOYI ST. PHARM,1,7,0.1
0.017720093171863936,0.009846054312684299,0.5556434843309921,CIMAS HCC CHINHOYI ST. PHARM,1,8,0.1
0.02021692615192854,0.010904835661775794,0.5393913782850493,CIMAS HCC CHINHOYI ST. PHARM,1,9,0.1
0.022776577166362878,0.011930231295338496,0.5237938610441175,CIMAS HCC CHINHOYI ST. PHARM,1,10,0.1
0.004058141394307192,0.00228930874094624,0.5641273968811705,CIMAS HCC CHITUNGWIZA PHARMACY,1,2,0.1
0.006175487096475483,0.003379051935738893,0.5471717263675296,CIMAS HCC CHITUNGWIZA PHARMACY,1,3,0.1
0.008352899689235667,0.004433891716584694,0.5308206588783323,CIMAS HCC CHITUNGWIZA PHARMACY,1,4,0.1
0.010591053836598172,0.005455081432248715,0.51506502718344,CIMAS HCC CHITUNGWIZA PHARMACY,1,5,0.1
0.012890449135923802,0.00644384886021351,0.499893276973216,CIMAS HCC CHITUNGWIZA PHARMACY,1,6,0.1
0.015251422998923604,0.007401392437935069,0.48529192577357766,CIMAS HCC CHITUNGWIZA PHARMACY,1,7,0.1
0.01767416324315997,0.008328878323717512,0.47124597691722964,CIMAS HCC CHITUNGWIZA PHARMACY,1,8,0.1
0.02015872016105414,0.00922743819304975,0.45773928698493477,CIMAS HCC CHITUNGWIZA PHARMACY,1,9,0.1
0.0227050179080073,0.010098167677342841,0.44475488714684325,CIMAS HCC CHITUNGWIZA PHARMACY,1,10,0.1
0.0040384252500208296,0.0009569486318916388,0.23696083811052415,ASHBRITTLE   PHARMACY,2,2,0.1
0.006114652596311062,0.001419186145259936,0.23209595686860832,ASHBRITTLE   PHARMACY,2,3,0.1
0.008228003417586137,0.0018710741165315434,0.22740317687914421,ASHBRITTLE   PHARMACY,2,4,0.1
0.010377746640893179,0.0023129526920668882,0.22287619577768183,ASHBRITTLE   PHARMACY,2,5,0.1
0.012563101876207518,0.002745149651998976,0.21850890640295176,ASHBRITTLE   PHARMACY,2,6,0.1
0.014783242658256103,0.003167980830804435,0.21429539540401107,ASHBRITTLE   PHARMACY,2,7,0.1
0.017037299782502627,0.003581750530843159,0.21022994116248575,ASHBRITTLE   PHARMACY,2,8,0.1
0.01932436472084597,0.003986751927835964,0.20630701114512157,ASHBRITTLE   PHARMACY,2,9,0.1
0.021643493101401363,0.004383267467451963,0.2025212587873885,ASHBRITTLE   PHARMACY,2,10,0.1
0.004033724403356515,0.001168504009353718,0.28968365027154325,BALLANTYNE PARK PHARMACY,2,2,0.1
0.006100103313402493,0.001734919928995963,0.2844082861980686,BALLANTYNE PARK PHARMACY,2,3,0.1
0.008198026495408078,0.002289994965723177,0.2793349066395261,BALLANTYNE PARK PHARMACY,2,4,0.1
0.010326349619389656,0.002834121242427866,0.2744552864166319,BALLANTYNE PARK PHARMACY,2,5,0.1
0.01248390034289738,0.003367675364918077,0.26976147457265554,BALLANTYNE PARK PHARMACY,2,6,0.1
0.014669484207628357,0.003891018989496564,0.2652457942231653,BALLANTYNE PARK PHARMACY,2,7,0.1
0.01688189032524017,0.004404499382029654,0.2609008409114275,BALLANTYNE PARK PHARMACY,2,8,0.1
0.019119896829607626,0.004908449966471192,0.2567194797238831,BALLANTYNE PARK PHARMACY,2,9,0.1
0.021382276074941264,0.005403190861224586,0.2526948413857961,BALLANTYNE PARK PHARMACY,2,10,0.1
0.004048684406642956,0.0014673690937636377,0.3624310878259674,CIMAS BORROWDALE OFFICE PARK PHARMACY,2,2,0.1
0.006145503936761661,0.002170860397155159,0.3532436752939551,CIMAS BORROWDALE OFFICE PARK PHARMACY,2,3,0.1
0.00828979755343265,0.0028552578830910455,0.3444303512464833,CIMAS BORROWDALE OFFICE PARK PHARMACY,2,4,0.1
0.010480798936721188,0.0035212992836418117,0.33597622708936487,CIMAS BORROWDALE OFFICE PARK PHARMACY,2,5,0.1
0.01271764299911524,0.004169692457051877,0.3278667640963,CIMAS BORROWDALE OFFICE PARK PHARMACY,2,6,0.1
0.014999372443749038,0.004801116254273874,0.32008780849192997,CIMAS BORROWDALE OFFICE PARK PHARMACY,2,7,0.1
0.01732494436201565,0.0054162214308598276,0.31262561758840096,CIMAS BORROWDALE OFFICE PARK PHARMACY,2,8,0.1
0.01969323686493351,0.006015631589235314,0.3054668783244549,CIMAS BORROWDALE OFFICE PARK PHARMACY,2,9,0.1
0.022103055739933125,0.006599944138776893,0.2985987194002734,CIMAS BORROWDALE OFFICE PARK PHARMACY,2,10,0.1
0.004055477058797209,0.002251079436352527,0.5550714265463412,CIMAS BULAWAYO PHARMACY,2,2,0.1
0.006166554931365789,0.003324929908067268,0.5391875925981335,CIMAS BULAWAYO PHARMACY,2,3,0.1
0.00833322622993347,0.00436611701813565,0.5239407760768914,CIMAS BULAWAYO PHARMACY,2,4,0.1
0.01055536714747056,0.005375926095460289,0.5093073523973585,CIMAS BULAWAYO PHARMACY,2,5,0.1
0.012832750726962893,0.0063555924647210466,0.4952634551972798,CIMAS BULAWAYO PHARMACY,2,6,0.1
0.015165058720962727,0.007306301612891593,0.4817852503790216,CIMAS BULAWAYO PHARMACY,2,7,0.1
0.01755189212568695,0.008229189788540887,0.4688491548154846,CIMAS BULAWAYO PHARMACY,2,8,0.1
0.01999278049556363,0.00912534493937354,0.4564320076138704,CIMAS BULAWAYO PHARMACY,2,9,0.1
0.022487190153097355,0.00999580790805553,0.44451120126623384,CIMAS BULAWAYO PHARMACY,2,10,0.1
0.004050684354158321,0.0015914480394838993,0.3928837451504121,CIMAS CLINIC -MASVINGO PHARMACY,2,2,0.1
0.0061520233305395865,0.0023532724535550455,0.3825200795115715,CIMAS CLINIC -MASVINGO PHARMACY,2,3,0.1
0.008303898299345582,0.0030935955741503867,0.3725473822811857,CIMAS CLINIC -MASVINGO PHARMACY,2,4,0.1
0.01050610732255892,0.003813203087561134,0.362951088399159,CIMAS CLINIC -MASVINGO PHARMACY,2,5,0.1
0.012758370377222753,0.0045128507808884786,0.35371686567002125,CIMAS CLINIC -MASVINGO PHARMACY,2,6,0.1
0.01506033422995243,0.00519326519404756,0.34483067339362516,CIMAS CLINIC -MASVINGO PHARMACY,2,7,0.1
0.01741157698488221,0.0058551443600163445,0.3362788083526344,CIMAS CLINIC -MASVINGO PHARMACY,2,8,0.1
0.01981161233009526,0.006499158611814566,0.32804793994186315,CIMAS CLINIC -MASVINGO PHARMACY,2,9,0.1
0.022259893509035532,0.007125951437894017,0.3201251360435088,CIMAS CLINIC -MASVINGO PHARMACY,2,10,0.1
0.004054752239791357,0.0018154237569581108,0.44772741948137523,CIMAS FIFE AVENUE PHARMACY,2,2,0.1
0.006164321604521483,0.002681898473153022,0.43506790287934843,CIMAS FIFE AVENUE PHARMACY,2,3,0.1
0.008328667384089113,0.0035223005148817864,0.42291285657663613,CIMAS FIFE AVENUE PHARMACY,2,4,0.1
0.010547652874232868,0.004337641940525185,0.4112423865523412,CIMAS FIFE AVENUE PHARMACY,2,5,0.1
0.01282105396238785,0.005128893798141323,0.400036831073917,CIMAS FIFE AVENUE PHARMACY,2,6,0.1
0.01514856676326916,0.005896986930033189,0.38927688818269307,CIMAS FIFE AVENUE PHARMACY,2,7,0.1
0.017529814382467108,0.006642812968870846,0.37894371405979205,CIMAS FIFE AVENUE PHARMACY,2,8,0.1
0.019964352892550767,0.007367225476813639,0.3690189968322263,CIMAS FIFE AVENUE PHARMACY,2,9,0.1
0.022451676607327577,0.008071041187117167,0.3594850098848748,CIMAS FIFE AVENUE PHARMACY,2,10,0.1
0.004055762396770814,0.002002245919358055,0.49367929466288196,CIMAS FOURTH STREET PHARMACY,2,2,0.1
0.006167259490674903,0.002957194632884708,0.4794989796288096,CIMAS FOURTH STREET PHARMACY,2,3,0.1
0.008334343520708118,0.0038829985056267366,0.46590334271424677,CIMAS FOURTH STREET PHARMACY,2,4,0.1
0.010556758306961624,0.0047808241554298195,0.452868581094361,CIMAS FOURTH STREET PHARMACY,2,5,0.1
0.012834149643901482,0.005651789400499825,0.4403711626648702,CIMAS FOURTH STREET PHARMACY,2,6,0.1
0.015166074535124599,0.006496964236370324,0.4283879933019825,CIMAS FOURTH STREET PHARMACY,2,7,0.1
0.017552009375272324,0.007317372059685303,0.41689654461979636,CIMAS FOURTH STREET PHARMACY,2,8,0.1
0.019991357190289088,0.008113991074030128,0.40587494869890794,CIMAS FOURTH STREET PHARMACY,2,9,0.1
0.022483454046273794,0.008887755824261965,0.3953020655086998,CIMAS FOURTH STREET PHARMACY,2,10,0.1
0.0040529312871847144,0.0017858800060619599,0.44063910279181784,CIMAS HCC  MUTARE PHARMACY,2,2,0.1
0.006158630945318417,0.0026394071215741976,0.4285704314821114,CIMAS HCC  MUTARE PHARMACY,2,3,0.1
0.008316822226939037,0.0034680231390611903,0.4169889705983986,CIMAS HCC  MUTARE PHARMACY,2,4,0.1
0.010527124083894775,0.004272700917245075,0.40587542078864536,CIMAS HCC  MUTARE PHARMACY,2,5,0.1
0.012789060073627498,0.00505437377155813,0.39521073030072207,CIMAS HCC  MUTARE PHARMACY,2,6,0.1
0.015102066652559362,0.0058139362823292975,0.38497620332936383,CIMAS HCC  MUTARE PHARMACY,2,7,0.1
0.017465500879605474,0.006552245265677672,0.3751535848209628,CIMAS HCC  MUTARE PHARMACY,2,8,0.1
0.019878647560739888,0.007270120867350068,0.36572512516940425,CIMAS HCC  MUTARE PHARMACY,2,9,0.1
0.02234072587044527,0.007968347745901,0.3566736278897004,CIMAS HCC  MUTARE PHARMACY,2,10,0.1
0.004056900005987968,0.002153536699305935,0.5308330735604336,CIMAS HCC CHINHOYI ST. PHARM,2,2,0.1
0.006170872684736557,0.0031797822966680364,0.5152889160285415,CIMAS HCC CHINHOYI ST. PHARM,2,3,0.1
0.008341967654485694,0.00417412656660539,0.5003767383778878,CIMAS HCC CHINHOYI ST. PHARM,2,4,0.1
0.010570125633037776,0.0051378404140310484,0.4860718398627463,CIMAS HCC CHINHOYI ST. PHARM,2,5,0.1
0.012855190902124995,0.006072143146136676,0.47234951175504797,CIMAS HCC CHINHOYI ST. PHARM,2,6,0.1
0.015196922205821183,0.006978203049052469,0.45918528466109193,CIMAS HCC CHINHOYI ST. PHARM,2,7,0.1
0.0175950022292889,0.007857138343372393,0.44655512065200453,CIMAS HCC CHINHOYI ST. PHARM,2,8,0.1
0.02004904581362517,0.008710018426622897,0.4344355590580595,CIMAS HCC CHINHOYI ST. PHARM,2,9,0.1
0.022558607060074756,0.009537865326475478,0.4228038238830812,CIMAS HCC CHINHOYI ST. PHARM,2,10,0.1
0.004054639264724711,0.0017414717980101955,0.4295010441892991,CIMAS HCC CHITUNGWIZA PHARMACY,2,2,0.1
0.006164046077987144,0.0025727141249810358,0.41737425263069255,CIMAS HCC CHITUNGWIZA PHARMACY,2,3,0.1
0.008328243770752199,0.0033789711451959422,0.4057243325492569,CIMAS HCC CHITUNGWIZA PHARMACY,2,4,0.1
0.010547159146818632,0.00416120269619328,0.39453303380260785,CIMAS HCC CHITUNGWIZA PHARMACY,2,5,0.1
0.012820630185902472,0.004920330717637611,0.3837822826406765,CIMAS HCC CHITUNGWIZA PHARMACY,2,6,0.1
0.015148413045055018,0.00565723991862937,0.37345429529835106,CIMAS HCC CHITUNGWIZA PHARMACY,2,7,0.1
0.017530188394292337,0.006372778620521722,0.36353166761154937,CIMAS HCC CHITUNGWIZA PHARMACY,2,8,0.1
0.01996556713194871,0.007067759734162679,0.35399744407224565,CIMAS HCC CHITUNGWIZA PHARMACY,2,9,0.1
0.02245409553077688,0.00774296183672108,0.34483516942858505,CIMAS HCC CHITUNGWIZA PHARMACY,2,10,0.1
0.004022970902035306,0.0006990268935389346,0.17375887386739045,ASHBRITTLE   PHARMACY,3,2,0.1
0.006068192094122096,0.001040561002473851,0.171477927253124,ASHBRITTLE   PHARMACY,3,3,0.1
0.008134946364737636,0.0013769641773457514,0.16926530497047235,ASHBRITTLE   PHARMACY,3,4,0.1
0.010222521291415793,0.0017083716621731082,0.16711842543264618,ASHBRITTLE   PHARMACY,3,5,0.1
0.012330210520987253,0.0020349139598333193,0.1650348107495563,ASHBRITTLE   PHARMACY,3,6,0.1
0.014457314942845337,0.002356717021230636,0.16301208284854668,ASHBRITTLE   PHARMACY,3,7,0.1
0.01660314375718781,0.002673902426694747,0.16104795969963007,ASHBRITTLE   PHARMACY,3,8,0.1
0.018767015440696182,0.002986587559894938,0.1591402516469687,ASHBRITTLE   PHARMACY,3,9,0.1
0.02094825861256702,0.003294885774550442,0.15728685784764063,ASHBRITTLE   PHARMACY,3,10,0.1
0.004019925718786083,0.0009359442239003221,0.2328262483872348,BALLANTYNE PARK PHARMACY,3,2,0.1
0.006058937795092771,0.0013942769405662636,0.23011903863669148,BALLANTYNE PARK PHARMACY,3,3,0.1
0.008116212328516474,0.0018464182752879672,0.22749753216787338,BALLANTYNE PARK PHARMACY,3,4,0.1
0.010190942225768369,0.0022925361090398665,0.2249582087947727,BALLANTYNE PARK PHARMACY,3,5,0.1
0.012282338362905806,0.0027327920313052006,0.2224976995877734,BALLANTYNE PARK PHARMACY,3,6,0.1
0.014389630572477692,0.0031673416039485463,0.22011278107490528,BALLANTYNE PARK PHARMACY,3,7,0.1
0.016512068465026047,0.0035963346140640996,0.21780036957098617,BALLANTYNE PARK PHARMACY,3,8,0.1
0.018648922094756784,0.004019915316176616,0.2155575156435894,BALLANTYNE PARK PHARMACY,3,9,0.1
0.02079948247943629,0.004438222664172799,0.21338139872281495,BALLANTYNE PARK PHARMACY,3,10,0.1
0.004039258099667781,0.0011168560334241207,0.27650028937640286,CIMAS BORROWDALE OFFICE PARK PHARMACY,3,2,0.1
0.006116734838297762,0.0016560504835534885,0.2707409307960706,CIMAS BORROWDALE OFFICE PARK PHARMACY,3,3,0.1
0.008231338193327142,0.0021830589698156335,0.2652131304221424,CIMAS BORROWDALE OFFICE PARK PHARMACY,3,4,0.1
0.01038192943311543,0.002698333022961331,0.25990670042067604,CIMAS BORROWDALE OFFICE PARK PHARMACY,3,5,0.1
0.01256732893700686,0.003202304617019229,0.25481187236131314,CIMAS BORROWDALE OFFICE PARK PHARMACY,3,6,0.1
0.014786321958773423,0.003695387026327883,0.249919285988172,CIMAS BORROWDALE OFFICE PARK PHARMACY,3,7,0.1
0.017037664308648504,0.004177975653499805,0.24521997721125535,CIMAS BORROWDALE OFFICE PARK PHARMACY,3,8,0.1
0.019320087928778984,0.004650448827525898,0.24070536555885144,CIMAS BORROWDALE OFFICE PARK PHARMACY,3,9,0.1
0.02163230633704152,0.005113168571621784,0.23636724128977327,CIMAS BORROWDALE OFFICE PARK PHARMACY,3,10,0.1
0.004051411408756692,0.0018624422087422867,0.4597020694360531,CIMAS BULAWAYO PHARMACY,3,2,0.1
0.006153978383988703,0.002753596600779089,0.44744983309387976,CIMAS BULAWAYO PHARMACY,3,3,0.1
0.008307377413886161,0.003619425372491851,0.4356880868854972,CIMAS BULAWAYO PHARMACY,3,4,0.1
0.010511224719933028,0.004460910271962701,0.4243949102813134,CIMAS BULAWAYO PHARMACY,3,5,0.1
0.012765082773395846,0.005278989034687008,0.4135491424849303,CIMAS BULAWAYO PHARMACY,3,6,0.1
0.015068466025275049,0.006074557061659905,0.40313042160169216,CIMAS BULAWAYO PHARMACY,3,7,0.1
0.01742084594216609,0.006848469137629417,0.39311920674604656,CIMAS BULAWAYO PHARMACY,3,8,0.1
0.01982165543224639,0.0076015411625852715,0.38349678656096936,CIMAS BULAWAYO PHARMACY,3,9,0.1
0.022270292737209617,0.008334551875314076,0.37424527704517113,CIMAS BULAWAYO PHARMACY,3,10,0.1
0.004044386363511965,0.0012384145850219644,0.30620580570511574,CIMAS CLINIC -MASVINGO PHARMACY,3,2,0.1
0.0061327368977700265,0.001834012565132066,0.29905286916824136,CIMAS CLINIC -MASVINGO PHARMACY,3,3,0.1
0.00826457923553221,0.002414611135141486,0.29216383149431974,CIMAS CLINIC -MASVINGO PHARMACY,3,4,0.1
0.010439393746100797,0.0029807370313256224,0.28552779058065064,CIMAS CLINIC -MASVINGO PHARMACY,3,5,0.1
0.012656616304258086,0.003532895381755968,0.279134272291038,CIMAS CLINIC -MASVINGO PHARMACY,3,6,0.1
0.014915640935216546,0.004071570589728441,0.2729732237060807,CIMAS CLINIC -MASVINGO PHARMACY,3,7,0.1
0.017215822352032232,0.004597227197265305,0.26703500438494177,CIMAS CLINIC -MASVINGO PHARMACY,3,8,0.1
0.019556478400220612,0.0051103107257531415,0.26131037608977153,CIMAS CLINIC -MASVINGO PHARMACY,3,9,0.1
0.021936892422592127,0.005611248491528806,0.2557904913528205,CIMAS CLINIC -MASVINGO PHARMACY,3,10,0.1
0.004049604392904489,0.0014385291119293263,0.3552270721678008,CIMAS FIFE AVENUE PHARMACY,3,2,0.1
0.006148519572774713,0.0021277388245205943,0.3460570954253928,CIMAS FIFE AVENUE PHARMACY,3,3,0.1
0.008296396118126778,0.002797919484570313,0.33724516582051145,CIMAS FIFE AVENUE PHARMACY,3,4,0.1
0.01049283255398039,0.003449785185850045,0.3287753967389283,CIMAS FIFE AVENUE PHARMACY,3,5,0.1
0.012737378678177876,0.00408401847045579,0.3206325707700497,CIMAS FIFE AVENUE PHARMACY,3,6,0.1
0.015029538512529849,0.004701271711940192,0.31280213348006847,CIMAS FIFE AVENUE PHARMACY,3,7,0.1
0.017368772933550786,0.005302168472335153,0.3052701818729577,CIMAS FIFE AVENUE PHARMACY,3,8,0.1
0.019754502031876082,0.00588730482522636,0.29802344881822584,CIMAS FIFE AVENUE PHARMACY,3,9,0.1
0.022186107244048237,0.006457250639107983,0.29104928449492823,CIMAS FIFE AVENUE PHARMACY,3,10,0.1
0.004050581418813257,0.001614261859438937,0.3985259627028766,CIMAS FOURTH STREET PHARMACY,3,2,0.1
0.006151343744798761,0.002387124746381966,0.3880655748429581,CIMAS FOURTH STREET PHARMACY,3,3,0.1
0.008301822136512657,0.0031383303749319908,0.37802910292779507,CIMAS FOURTH STREET PHARMACY,3,4,0.1
0.010501492437588756,0.0038687192484989845,0.368397089412872,CIMAS FOURTH STREET PHARMACY,3,5,0.1
0.012749775636075282,0.004579093483780339,0.35915090700293334,CIMAS FOURTH STREET PHARMACY,3,6,0.1
0.015046041846960083,0.005270218526824128,0.3502727548168376,CIMAS FOURTH STREET PHARMACY,3,7,0.1
0.017389613888380267,0.005942824841193068,0.34174564653008543,CIMAS FOURTH STREET PHARMACY,3,8,0.1
0.019779770514024523,0.0065976095565204885,0.3335533924340811,CIMAS FOURTH STREET PHARMACY,3,9,0.1
0.022215749356703906,0.00723523806883193,0.32568057699339314,CIMAS FOURTH STREET PHARMACY,3,10,0.1
0.004046562198288869,0.00141035774441728,0.34853232825969277,CIMAS HCC  MUTARE PHARMACY,3,2,0.1
0.0061391109683187825,0.002087596193010063,0.3400486167758194,CIMAS HCC  MUTARE PHARMACY,3,3,0.1
0.008277013363305942,0.0027471476435961097,0.3319008346386026,CIMAS HCC  MUTARE PHARMACY,3,4,0.1
0.010459584118433144,0.003389677900553205,0.3240738696846947,CIMAS HCC  MUTARE PHARMACY,3,5,0.1
0.012686090305276733,0.004015823036007368,0.31655324370007054,CIMAS HCC  MUTARE PHARMACY,3,6,0.1
0.014955755670996267,0.004626190698637679,0.30932510535788316,CIMAS HCC  MUTARE PHARMACY,3,7,0.1
0.017267764692664448,0.005221361395320388,0.30237621882457577,CIMAS HCC  MUTARE PHARMACY,3,8,0.1
0.019621266374692286,0.005801889739296186,0.2956939490296877,CIMAS HCC  MUTARE PHARMACY,3,9,0.1
0.02201537781475261,0.006368305660172921,0.2892662444296318,CIMAS HCC  MUTARE PHARMACY,3,10,0.1
0.004052670551518201,0.0017596893591895369,0.43420488707879956,CIMAS HCC CHINHOYI ST. PHARM,3,2,0.1
0.006157824664966433,0.002600891350561085,0.422371777708819,CIMAS HCC CHINHOYI ST. PHARM,3,3,0.1
0.008315213137010906,0.003417675391712666,0.41101476719828584,CIMAS HCC CHINHOYI ST. PHARM,3,4,0.1
0.010524530734968623,0.004210992561785278,0.4001121444582709,CIMAS HCC CHINHOYI ST. PHARM,3,5,0.1
0.012785421543076726,0.004981750616365925,0.38964304771503844,CIMAS HCC CHINHOYI ST. PHARM,3,6,0.1
0.015097483583768279,0.005730815797799201,0.3795874833048707,CIMAS HCC CHINHOYI ST. PHARM,3,7,0.1
0.01746027281451229,0.006459014651462737,0.3699263304806016,CIMAS HCC CHINHOYI ST. PHARM,3,8,0.1
0.019873306588693275,0.007167135826606471,0.36064133538221277,CIMAS HCC CHINHOYI ST. PHARM,3,9,0.1
0.02233606665784559,0.00785593184545118,0.35171509674429485,CIMAS HCC CHINHOYI ST. PHARM,3,10,0.1
0.004049243251677016,0.0013592804259971861,0.33568752023831433,CIMAS HCC CHITUNGWIZA PHARMACY,3,2,0.1
0.006147451914555386,0.0020106944384058467,0.32707770086742843,CIMAS HCC CHITUNGWIZA PHARMACY,3,3,0.1
0.008294291529971482,0.002644230216229206,0.318801214868595,CIMAS HCC CHITUNGWIZA PHARMACY,3,4,0.1
0.01048937470455764,0.00326055399173979,0.31084350436285557,CIMAS HCC CHITUNGWIZA PHARMACY,3,5,0.1
0.012732264426737657,0.00386030294301684,0.30319060409319126,CIMAS HCC CHITUNGWIZA PHARMACY,3,6,0.1
0.015022477060386053,0.0044440864323525816,0.2958291375309563,CIMAS HCC CHITUNGWIZA PHARMACY,3,7,0.1
0.01735948505700167,0.005012487224256373,0.28874630830334835,CIMAS HCC CHITUNGWIZA PHARMACY,3,8,0.1
0.01974271942462242,0.005566062675965163,0.2819298879881445,CIMAS HCC CHITUNGWIZA PHARMACY,3,9,0.1
0.02217157198844102,0.006105345895106928,0.27536820114919697,CIMAS HCC CHITUNGWIZA PHARMACY,3,10,0.1
0.004012277174079347,0.0005975471824728438,0.14892968669592382,ASHBRITTLE   PHARMACY,4,2,0.1
0.006036633074758388,0.0008918140605778656,0.1477336868969065,ASHBRITTLE   PHARMACY,4,3,0.1
0.008072869043350637,0.0011831332605946132,0.146556726517089,ASHBRITTLE   PHARMACY,4,4,0.1
0.010120786152509558,0.0014715464384804351,0.14539843212827389,ASHBRITTLE   PHARMACY,4,5,0.1
0.012180185159723996,0.001757094518166083,0.14425844066609403,ASHBRITTLE   PHARMACY,4,6,0.1
0.0142508664711196,0.002039817708736831,0.14313639896006797,ASHBRITTLE   PHARMACY,4,7,0.1
0.01633263011493102,0.002319755520954498,0.1420319632925389,ASHBRITTLE   PHARMACY,4,8,0.1
0.018425275724020064,0.0025969467831591583,0.14094479898467166,ASHBRITTLE   PHARMACY,4,9,0.1
0.020528602526828355,0.002871429656586837,0.13987458000778338,ASHBRITTLE   PHARMACY,4,10,0.1
0.004011403509964054,0.0008358770779074922,0.2083752172603006,BALLANTYNE PARK PHARMACY,4,2,0.1
0.006033889184326043,0.0012477882917923003,0.20679668679259516,BALLANTYNE PARK PHARMACY,4,3,0.1
0.008067142555389118,0.001655769555879663,0.20524858021426115,BALLANTYNE PARK PHARMACY,4,4,0.1
0.010110855857766474,0.002059885014296064,0.2037300346551573,BALLANTYNE PARK PHARMACY,4,5,0.1
0.012164727851742397,0.00246019723207665,0.20224021959720762,BALLANTYNE PARK PHARMACY,4,6,0.1
0.014228463646550692,0.0028567672474344645,0.20077833548297472,BALLANTYNE PARK PHARMACY,4,7,0.1
0.01630177452445175,0.003249654621966039,0.19934361238353154,BALLANTYNE PARK PHARMACY,4,8,0.1
0.018384377766381802,0.003638917488879714,0.19793530872358064,BALLANTYNE PARK PHARMACY,4,9,0.1
0.020475996479848033,0.004024612599329723,0.19655271006178612,BALLANTYNE PARK PHARMACY,4,10,0.1
0.004029188163455643,0.0008896542224880117,0.22080235183779492,CIMAS BORROWDALE OFFICE PARK PHARMACY,4,2,0.1
0.006086437501936864,0.0013223619608915527,0.21726370483073926,CIMAS BORROWDALE OFFICE PARK PHARMACY,4,3,0.1
0.008170616932154358,0.0017473551321715568,0.21385840832839406,CIMAS BORROWDALE OFFICE PARK PHARMACY,4,4,0.1
0.010280595377278608,0.0021648928463392485,0.21058049333640058,CIMAS BORROWDALE OFFICE PARK PHARMACY,4,5,0.1
0.012415245638001124,0.0025752231458395706,0.20742426053635343,CIMAS BORROWDALE OFFICE PARK PHARMACY,4,6,0.1
0.014573448021755713,0.0029785835204382905,0.2043842689795692,CIMAS BORROWDALE OFFICE PARK PHARMACY,4,7,0.1
0.01675409372104718,0.0033752013979048514,0.20145532513434522,CIMAS BORROWDALE OFFICE PARK PHARMACY,4,8,0.1
0.01895608793437066,0.003765294611460662,0.19863247229580172,CIMAS BORROWDALE OFFICE PARK PHARMACY,4,9,0.1
0.02117835272569956,0.004149071844960052,0.19591098036275628,CIMAS BORROWDALE OFFICE PARK PHARMACY,4,10,0.1
0.004047517438283295,0.0015857792093229854,0.39179058114091153,CIMAS BULAWAYO PHARMACY,4,2,0.1
0.006142149664973659,0.0023467284184501627,0.3820695597557092,CIMAS BULAWAYO PHARMACY,4,3,0.1
0.008283455074199501,0.0030874481224211253,0.3727246776574678,CIMAS BULAWAYO PHARMACY,4,4,0.1
0.010470956864723241,0.0038086908783670835,0.36373857017772665,CIMAS BULAWAYO PHARMACY,4,5,0.1
0.01270414634798859,0.0045111748727999145,0.3550946871384361,CIMAS BULAWAYO PHARMACY,4,6,0.1
0.014982485861377078,0.005195585568734382,0.3467772715960262,CIMAS BULAWAYO PHARMACY,4,7,0.1
0.017305411337820233,0.005862577299741937,0.33877133489046435,CIMAS BULAWAYO PHARMACY,4,8,0.1
0.019672334576893612,0.006512774805976471,0.3310626291211076,CIMAS BULAWAYO PHARMACY,4,9,0.1
0.022082645257118255,0.007146774708992851,0.32363761794747464,CIMAS BULAWAYO PHARMACY,4,10,0.1
0.004037855697575327,0.0009990147372882705,0.24741219402371512,CIMAS CLINIC -MASVINGO PHARMACY,4,2,0.1
0.006112964300938732,0.0014817926666272157,0.24240165551100398,CIMAS CLINIC -MASVINGO PHARMACY,4,3,0.1
0.008224694194887194,0.0019539070539767935,0.23756592131916854,CIMAS CLINIC -MASVINGO PHARMACY,4,4,0.1
0.010372386932091193,0.002415706518484076,0.23289784061276256,CIMAS CLINIC -MASVINGO PHARMACY,4,5,0.1
0.01255535918572864,0.002867525707442545,0.228390575293297,CIMAS CLINIC -MASVINGO PHARMACY,4,6,0.1
0.014772904667312832,0.0033096859172971845,0.22403758717947586,CIMAS CLINIC -MASVINGO PHARMACY,4,7,0.1
0.01702429601254479,0.0037424956879464812,0.2198326253954188,CIMAS CLINIC -MASVINGO PHARMACY,4,8,0.1
0.019308786637092488,0.004166251370962629,0.21576971403056436,CIMAS CLINIC -MASVINGO PHARMACY,4,9,0.1
0.021625612563365097,0.004581237672444599,0.21184314012013017,CIMAS CLINIC -MASVINGO PHARMACY,4,10,0.1
0.004044640204479192,0.0011748121196017663,0.29046146510157655,CIMAS FIFE AVENUE PHARMACY,4,2,0.1
0.006133475944870607,0.0017397267985332825,0.2836445131880246,CIMAS FIFE AVENUE PHARMACY,4,3,0.1
0.008266025828144383,0.0022903610453437495,0.27708128343193267,CIMAS FIFE AVENUE PHARMACY,4,4,0.1
0.010441773343113421,0.0028272210890135274,0.2707606261993938,CIMAS FIFE AVENUE PHARMACY,4,5,0.1
0.01266016833805528,0.003350791201678973,0.26467193106799447,CIMAS FIFE AVENUE PHARMACY,4,6,0.1
0.014920628395289754,0.0038615347681172684,0.25880510296311005,CIMAS FIFE AVENUE PHARMACY,4,7,0.1
0.017222540125108706,0.004359895305844548,0.2531505384323806,CIMAS FIFE AVENUE PHARMACY,4,8,0.1
0.01956526039852254,0.004846297436663757,0.2476991022838481,CIMAS FIFE AVENUE PHARMACY,4,9,0.1
0.021948117535639928,0.005321147810829428,0.24244210475858846,CIMAS FIFE AVENUE PHARMACY,4,10,0.1
0.004045641266673148,0.0013420144600844765,0.3317186007418931,CIMAS FOURTH STREET PHARMACY,4,2,0.1
0.006136368761352323,0.001986865959274457,0.32378529331353206,CIMAS FOURTH STREET PHARMACY,4,3,0.1
0.008271586105108591,0.0026151426513735167,0.3161597568038838,CIMAS FOURTH STREET PHARMACY,4,4,0.1
0.010450658020074973,0.0032274546914468393,0.3088278924874518,CIMAS FOURTH STREET PHARMACY,4,5,0.1
0.012672912582424412,0.003824384697832509,0.3017763022477094,CIMAS FOURTH STREET PHARMACY,4,6,0.1
0.014937643321191645,0.00440648913431062,0.2949922581200777,CIMAS FOURTH STREET PHARMACY,4,7,0.1
0.017244111192403207,0.004974299628544925,0.28846367162932257,CIMAS FOURTH STREET PHARMACY,4,8,0.1
0.019591546453746465,0.005528324227372224,0.28217906332325543,CIMAS FOURTH STREET PHARMACY,4,9,0.1
0.021979150461225797,0.006069048590101735,0.2761275328092576,CIMAS FOURTH STREET PHARMACY,4,10,0.1
0.004040282557383004,0.0011524372580828074,0.28523679760389603,CIMAS HCC  MUTARE PHARMACY,4,2,0.1
0.006120121857956439,0.001708383660916664,0.2791420988939439,CIMAS HCC  MUTARE PHARMACY,4,3,0.1
0.008238762725403168,0.002251453537252575,0.27327568620352505,CIMAS HCC  MUTARE PHARMACY,4,4,0.1
0.01039542350193591,0.002782099200543152,0.26762730734587675,CIMAS HCC  MUTARE PHARMACY,4,5,0.1
0.012589298780136609,0.0033007530777128843,0.2621872064011072,CIMAS HCC  MUTARE PHARMACY,4,6,0.1
0.014819561999681633,0.0038078286859282735,0.2569461017815558,CIMAS HCC  MUTARE PHARMACY,4,7,0.1
0.01708536792076262,0.004303721563551337,0.2518951645355751,CIMAS HCC  MUTARE PHARMACY,4,8,0.1
0.0193858549842817,0.004788810156281951,0.24702599705634753,CIMAS HCC  MUTARE PHARMACY,4,9,0.1
0.02172014756733326,0.005263456659730422,0.2423306123226609,CIMAS HCC  MUTARE PHARMACY,4,10,0.1
0.004048662350494962,0.001480061042234417,0.36556791209162576,CIMAS HCC CHINHOYI ST. PHARM,4,2,0.1
0.006145661807057973,0.002189672491312558,0.35629563748493825,CIMAS HCC CHINHOYI ST. PHARM,4,3,0.1
0.00829063588595785,0.0028800184836445114,0.34738209749658683,CIMAS HCC CHINHOYI ST. PHARM,4,4,0.1
0.01048318764538406,0.0035518159431189517,0.33881068080307436,CIMAS HCC CHINHOYI ST. PHARM,4,5,0.1
0.012722888097114084,0.004205749012431963,0.3305655901654867,CIMAS HCC CHINHOYI ST. PHARM,4,6,0.1
0.015009278302974714,0.004842470678709504,0.32263181353295095,CIMAS HCC CHINHOYI ST. PHARM,4,7,0.1
0.017341871203268,0.005462604334606384,0.3149950931233407,CIMAS HCC CHINHOYI ST. PHARM,4,8,0.1
0.019720153218071572,0.006066745272679572,0.3076418933256563,CIMAS HCC CHINHOYI ST. PHARM,4,9,0.1
0.022143585656883825,0.0066554621121362265,0.3005593680835167,CIMAS HCC CHINHOYI ST. PHARM,4,10,0.1
0.0040437714070355076,0.0010930407450534814,0.27030230817492984,CIMAS HCC CHITUNGWIZA PHARMACY,4,2,0.1
0.006130852043030639,0.0016189724951197462,0.26406973839144326,CIMAS HCC CHITUNGWIZA PHARMACY,4,3,0.1
0.008260743632814684,0.0021318258192524506,0.25806705957851805,CIMAS HCC CHITUNGWIZA PHARMACY,4,4,0.1
0.010432913524918598,0.0026320600393865724,0.2522842764008349,CIMAS HCC CHITUNGWIZA PHARMACY,4,5,0.1
0.01264679629896984,0.0031201147391859124,0.24671186800407824,CIMAS HCC CHITUNGWIZA PHARMACY,4,6,0.1
0.014901795280714102,0.003596410711752037,0.24134076760580053,CIMAS HCC CHITUNGWIZA PHARMACY,4,7,0.1
0.01719728398322008,0.004061350864509714,0.23616234217406068,CIMAS HCC CHITUNGWIZA PHARMACY,4,8,0.1
0.019532607490513706,0.004515321081943149,0.23116837238121332,CIMAS HCC CHITUNGWIZA PHARMACY,4,9,0.1
0.021907083797743563,0.0049586910471370775,0.22635103297718814,CIMAS HCC CHITUNGWIZA PHARMACY,4,10,0.1
0.004011692052958043,0.0005933113933165469,0.14789554768518823,ASHBRITTLE   PHARMACY,5,2,0.1
0.006034943236958322,0.0008856160311328745,0.146748029991287,ASHBRITTLE   PHARMACY,5,3,0.1
0.008069615219385385,0.0011750680221171582,0.14561636337930078,ASHBRITTLE   PHARMACY,5,4,0.1
0.010115564496200763,0.0014617029768044867,0.14450038624670702,ASHBRITTLE   PHARMACY,5,5,0.1
0.012172642631824366,0.0017455561521699742,0.14339993417751065,ASHBRITTLE   PHARMACY,5,6,0.1
0.014240696498907862,0.00202666244678223,0.14231484021428709,ASHBRITTLE   PHARMACY,5,7,0.1
0.016319568517335604,0.002305056396465124,0.14124493512292052,ASHBRITTLE   PHARMACY,5,8,0.1
0.018409096891837645,0.002580772170452646,0.14019004764959042,ASHBRITTLE   PHARMACY,5,9,0.1
0.02050911584764692,0.002853843568021028,0.13915000476963316,ASHBRITTLE   PHARMACY,5,10,0.1
0.004009108173178227,0.0008109454002432864,0.2022757593992302,BALLANTYNE PARK PHARMACY,5,2,0.1
0.006027194738688736,0.0012112458854297546,0.20096345612573832,BALLANTYNE PARK PHARMACY,5,3,0.1
0.008054126385430778,0.001608150078891988,0.1996678475024918,BALLANTYNE PARK PHARMACY,5,4,0.1
0.010089766449100002,0.002001696420788438,0.19838877647826897,BALLANTYNE PARK PHARMACY,5,5,0.1
0.012133975089835406,0.002391922988004086,0.1971260836036982,BALLANTYNE PARK PHARMACY,5,6,0.1
0.01418660947003641,0.0027788674908508274,0.19587960722539685,BALLANTYNE PARK PHARMACY,5,7,0.1
0.016247523931943387,0.0031625672701158995,0.1946491836764213,BALLANTYNE PARK PHARMACY,5,8,0.1
0.018316570174594878,0.0035430592944492977,0.19343464746273997,BALLANTYNE PARK PHARMACY,5,9,0.1
0.020393597429794408,0.003920380158080798,0.19223583144547343,BALLANTYNE PARK PHARMACY,5,10,0.1
0.00402011272174973,0.0007461817662927071,0.18561215019063845,CIMAS BORROWDALE OFFICE PARK PHARMACY,5,2,0.1
0.006059433027183968,0.0011115451115473018,0.18344044839849907,CIMAS BORROWDALE OFFICE PARK PHARMACY,5,3,0.1
0.008117077813120729,0.0014719537448188835,0.18134035162747433,CIMAS BORROWDALE OFFICE PARK PHARMACY,5,4,0.1
0.01019218724556654,0.001827547886022614,0.17930870400929613,CIMAS BORROWDALE OFFICE PARK PHARMACY,5,5,0.1
0.012283925790662294,0.0021784620766064134,0.17734249731974006,CIMAS BORROWDALE OFFICE PARK PHARMACY,5,6,0.1
0.014391483052752523,0.0025248254416216113,0.1754388642481646,CIMAS BORROWDALE OFFICE PARK PHARMACY,5,7,0.1
0.01651407443068243,0.0028667619389349357,0.17359507194715174,CIMAS BORROWDALE OFFICE PARK PHARMACY,5,8,0.1
0.018650941603872696,0.0032043905962233716,0.17180851585305534,CIMAS BORROWDALE OFFICE PARK PHARMACY,5,9,0.1
0.020801352860004722,0.0035378257363639595,0.1700767137682773,CIMAS BORROWDALE OFFICE PARK PHARMACY,5,10,0.1
0.004044184628948864,0.0013845818442695468,0.3423636582658734,CIMAS BULAWAYO PHARMACY,5,2,0.1
0.006132095907002809,0.0020506071944612105,0.33440559729658365,CIMAS BULAWAYO PHARMACY,5,3,0.1
0.008263250361465283,0.0026999590140487175,0.32674297594075885,CIMAS BULAWAYO PHARMACY,5,4,0.1
0.010437141080933243,0.0033332296021881614,0.31936232118940744,CIMAS BULAWAYO PHARMACY,5,5,0.1
0.012653239533467808,0.0039509846944199385,0.31225084168916484,CIMAS BULAWAYO PHARMACY,5,6,0.1
0.014910997180710737,0.004553764810201341,0.3053963967005649,CIMAS BULAWAYO PHARMACY,5,7,0.1
0.017209846915974724,0.005142086536186245,0.2987874651815292,CIMAS BULAWAYO PHARMACY,5,8,0.1
0.019549204350895664,0.005716443746294895,0.29241311532113534,CIMAS BULAWAYO PHARMACY,5,9,0.1
0.021928468972201194,0.0062773087600954255,0.2862629747682428,CIMAS BULAWAYO PHARMACY,5,10,0.1
0.004031733297880037,0.0008360866807497312,0.20737648524255356,CIMAS CLINIC -MASVINGO PHARMACY,5,2,0.1
0.006094536208688497,0.0012419550212149893,0.20378171179694238,CIMAS CLINIC -MASVINGO PHARMACY,5,3,0.1
0.008187731391937928,0.0016400336924767272,0.20030379771515108,CIMAS CLINIC -MASVINGO PHARMACY,5,4,0.1
0.010310629445385687,0.002030556213907539,0.19693814278392804,CIMAS CLINIC -MASVINGO PHARMACY,5,5,0.1
0.012462530466140846,0.0024137472155107338,0.19368034622411448,CIMAS CLINIC -MASVINGO PHARMACY,5,6,0.1
0.014642725577490757,0.0027898228268550323,0.19052619760515302,CIMAS CLINIC -MASVINGO PHARMACY,5,7,0.1
0.016850498419645848,0.003158991047765031,0.18747166814258687,CIMAS CLINIC -MASVINGO PHARMACY,5,8,0.1
0.019085126602466956,0.0035214521015716977,0.18451290237270485,CIMAS CLINIC -MASVINGO PHARMACY,5,9,0.1
0.02134588311815998,0.0038773987717092614,0.18164621019640878,CIMAS CLINIC -MASVINGO PHARMACY,5,10,0.1
0.004040258479735312,0.0009864703814771133,0.24416021559633969,CIMAS FIFE AVENUE PHARMACY,5,2,0.1
0.006120252476404229,0.00146234624847072,0.23893560831168156,CIMAS FIFE AVENUE PHARMACY,5,3,0.1
0.008239430795810852,0.0019271690559060778,0.23389589689689516,CIMAS FIFE AVENUE PHARMACY,5,4,0.1
0.010397214977892633,0.0023813083381531834,0.22903328855049226,CIMAS FIFE AVENUE PHARMACY,5,5,0.1
0.012593000249672153,0.0028251183123839587,0.224340368170604,CIMAS FIFE AVENUE PHARMACY,5,6,0.1
0.01482615647542716,0.0032589386216677024,0.21981007869902497,CIMAS FIFE AVENUE PHARMACY,5,7,0.1
0.017096029112295668,0.0036830950391928507,0.2154357023493792,CIMAS FIFE AVENUE PHARMACY,5,8,0.1
0.019401940178098015,0.004097900135449142,0.21121084272154797,CIMAS FIFE AVENUE PHARMACY,5,9,0.1
0.021743189236850365,0.004503653910183006,0.20712940779406047,CIMAS FIFE AVENUE PHARMACY,5,10,0.1
0.0040413291837554325,0.0011469526008642626,0.2838057848577554,CIMAS FOURTH STREET PHARMACY,5,2,0.1
0.0061233593971756865,0.0016998192602642567,0.27759586691061683,CIMAS FOURTH STREET PHARMACY,5,3,0.1
0.008245432138834687,0.002239589838460321,0.27161582325227146,CIMAS FOURTH STREET PHARMACY,5,4,0.1
0.01040686012165193,0.002766720715908815,0.26585547259855363,CIMAS FOURTH STREET PHARMACY,5,5,0.1
0.012606928788902532,0.0032816484498097657,0.2603051468569009,CIMAS FOURTH STREET PHARMACY,5,6,0.1
0.014844897797930459,0.003784790775204272,0.25495566400813574,CIMAS FOURTH STREET PHARMACY,5,7,0.1
0.017120002482592645,0.004276547552516291,0.2497983021243495,CIMAS FOURTH STREET PHARMACY,5,8,0.1
0.01943145530336451,0.004757301663969121,0.24482477455743656,CIMAS FOURTH STREET PHARMACY,5,9,0.1
0.02177844729216484,0.005227419861322013,0.24002720631064753,CIMAS FOURTH STREET PHARMACY,5,10,0.1
0.004034708096311489,0.0009724711896328623,0.24102640548442425,CIMAS HCC  MUTARE PHARMACY,5,2,0.1
0.006103364269281275,0.0014435242834951573,0.23651288368294376,CIMAS HCC  MUTARE PHARMACY,5,3,0.1
0.008205194680775817,0.0019048978985125708,0.23215755050585332,CIMAS HCC  MUTARE PHARMACY,5,4,0.1
0.010339413608046598,0.002356906188281284,0.22795356464384336,CIMAS HCC  MUTARE PHARMACY,5,5,0.1
0.012505225299937741,0.0027998501399618156,0.22389441795788798,CIMAS HCC  MUTARE PHARMACY,5,6,0.1
0.014701825758923986,0.0032340182187918717,0.21997391832975763,CIMAS HCC  MUTARE PHARMACY,5,7,0.1
0.016928404451725176,0.00365968697858156,0.21618617330522258,CIMAS HCC  MUTARE PHARMACY,5,8,0.1
0.019184145950615836,0.004077121639864937,0.21252557452181267,CIMAS HCC  MUTARE PHARMACY,5,9,0.1
0.021468231507026904,0.004486576637343778,0.20898678290641912,CIMAS HCC  MUTARE PHARMACY,5,10,0.1
0.0040452365371419375,0.0012772220415878408,0.31573482288633503,CIMAS HCC CHINHOYI ST. PHARM,5,2,0.1
0.006135327441432957,0.0018911184088967574,0.3082343081032152,CIMAS HCC CHINHOYI ST. PHARM,5,3,0.1
0.008269864204223366,0.0024893239556258782,0.30101146695426956,CIMAS HCC CHINHOYI ST. PHARM,5,4,0.1
0.010448413337771585,0.0030723949390864614,0.2940537323480098,CIMAS HCC CHINHOYI ST. PHARM,5,5,0.1
0.012670517567808945,0.0036408628694090048,0.2873491828509893,CIMAS HCC CHINHOYI ST. PHARM,5,6,0.1
0.014935696886104655,0.004195235778095649,0.2808865103575223,CIMAS HCC CHINHOYI ST. PHARM,5,7,0.1
0.01724344948649704,0.004735999421505669,0.274654988563299,CIMAS HCC CHINHOYI ST. PHARM,5,8,0.1
0.019593252604789682,0.0052636184213588726,0.26864444242770347,CIMAS HCC CHINHOYI ST. PHARM,5,9,0.1
0.021984563280244535,0.005778537344590323,0.26284521875324,CIMAS HCC CHINHOYI ST. PHARM,5,10,0.1
0.0040387417401847306,0.0009046716988420049,0.22399840273040722,CIMAS HCC CHITUNGWIZA PHARMACY,5,2,0.1
0.00611566557705586,0.001341576747508168,0.21936725129990117,CIMAS HCC CHITUNGWIZA PHARMACY,5,3,0.1
0.008230185904414315,0.0017686496195180455,0.21489789417386287,CIMAS HCC CHITUNGWIZA PHARMACY,5,4,0.1
0.010381692300826046,0.0021862139812108996,0.21058358482045822,CIMAS HCC CHITUNGWIZA PHARMACY,5,5,0.1
0.0125695506662393,0.002594580228607193,0.20641789810164063,CIMAS HCC CHITUNGWIZA PHARMACY,5,6,0.1
0.014793104354923214,0.002994046122823304,0.20239471384698718,CIMAS HCC CHITUNGWIZA PHARMACY,5,7,0.1
0.017051675310560656,0.0033848973926650775,0.1985082011600761,CIMAS HCC CHITUNGWIZA PHARMACY,5,8,0.1
0.01934456520810518,0.003767408305939906,0.1947528034572418,CIMAS HCC CHITUNGWIZA PHARMACY,5,9,0.1
0.02167105660589515,0.004141842211005818,0.19112322423075198,CIMAS HCC CHITUNGWIZA PHARMACY,5,10,0.1
0.004015294363481353,0.0006304473057290516,0.15701147877547866,ASHBRITTLE   PHARMACY,6,2,0.1
0.0060456254356934845,0.0009402155271912771,0.15551997674884507,ASHBRITTLE   PHARMACY,6,3,0.1
0.008090728030973873,0.001246425901673404,0.15405608702970738,ASHBRITTLE   PHARMACY,6,4,0.1
0.01015033003762662,0.0015491366120301323,0.1526193341780595,ASHBRITTLE   PHARMACY,6,5,0.1
0.012224153018148802,0.0018484049232504786,0.15120924292310575,ASHBRITTLE   PHARMACY,6,6,0.1
0.01431191280262491,0.0021442871837837967,0.14982533874790788,ASHBRITTLE   PHARMACY,6,7,0.1
0.016413320073251907,0.002436838827787826,0.14846714844481945,ASHBRITTLE   PHARMACY,6,8,0.1
0.018528080938106865,0.0027261143782506664,0.14713420064157012,ASHBRITTLE   PHARMACY,6,9,0.1
0.02065589749242364,0.0030121674509388375,0.145826026297994,ASHBRITTLE   PHARMACY,6,10,0.1
0.004010066509538282,0.0008209652153899308,0.20472608457670108,BALLANTYNE PARK PHARMACY,6,2,0.1
0.006030038004972972,0.0012259201544763882,0.20330222686247945,BALLANTYNE PARK PHARMACY,6,3,0.1
0.008059748406989295,0.00162725004541999,0.2018983674488974,BALLANTYNE PARK PHARMACY,6,4,0.1
0.010099027397314499,0.0020249994152079305,0.20051430058962033,BALLANTYNE PARK PHARMACY,6,5,0.1
0.012147700732250362,0.0024192123632128014,0.19914981579930988,BALLANTYNE PARK PHARMACY,6,6,0.1
0.014205590552247033,0.0028099325532041494,0.19780469828898986,BALLANTYNE PARK PHARMACY,6,7,0.1
0.01627251568679797,0.003197203206092701,0.19647872938826655,BALLANTYNE PARK PHARMACY,6,8,0.1
0.018348291953992377,0.0035810670933847906,0.19517168695397782,BALLANTYNE PARK PHARMACY,6,9,0.1
0.020432732454118276,0.003961566531323975,0.1938833457649229,BALLANTYNE PARK PHARMACY,6,10,0.1
0.004013247206012869,0.0006581409770514475,0.16399213486410313,CIMAS BORROWDALE OFFICE PARK PHARMACY,6,2,0.1
0.006039184259544887,0.000982032413027022,0.16261010938272447,CIMAS BORROWDALE OFFICE PARK PHARMACY,6,3,0.1
0.008077275849250559,0.0013025715754954748,0.1612637230430025,CIMAS BORROWDALE OFFICE PARK PHARMACY,6,4,0.1
0.010127008282209523,0.001619830373257553,0.15995152053970044,CIMAS BORROWDALE OFFICE PARK PHARMACY,6,5,0.1
0.012187889007277852,0.001933878130889005,0.1586721153871858,CIMAS BORROWDALE OFFICE PARK PHARMACY,6,6,0.1
0.014259446097820459,0.0022447817032369673,0.15742418659446245,CIMAS BORROWDALE OFFICE PARK PHARMACY,6,7,0.1
0.01634122770060314,0.002552605584364592,0.15620647549451733,CIMAS BORROWDALE OFFICE PARK PHARMACY,6,8,0.1
0.018432801457099968,0.0028574120112275087,0.15501778272162137,CIMAS BORROWDALE OFFICE PARK PHARMACY,6,9,0.1
0.02053375390296065,0.003159261062350912,0.15385696533040633,CIMAS BORROWDALE OFFICE PARK PHARMACY,6,10,0.1
0.004041437660836422,0.0012347952516860439,0.30553366284771266,CIMAS BULAWAYO PHARMACY,6,2,0.1
0.006123836375930023,0.0018299627189156406,0.29882619432948604,CIMAS BULAWAYO PHARMACY,6,3,0.1
0.008246700799494678,0.0024109883832627056,0.29235793099349994,CIMAS BULAWAYO PHARMACY,6,4,0.1
0.010409518067741683,0.0029783530917461484,0.28611824989053447,CIMAS BULAWAYO PHARMACY,6,5,0.1
0.012611758892262518,0.003532516753884935,0.28009707322046734,CIMAS BULAWAYO PHARMACY,6,6,0.1
0.014852878544162213,0.0040739194111445364,0.2742848397387423,CIMAS BULAWAYO PHARMACY,6,7,0.1
0.017132317745214124,0.004602982249478261,0.26867247724051196,CIMAS BULAWAYO PHARMACY,6,8,0.1
0.019449503480279327,0.005120108557359303,0.2632513761881272,CIMAS BULAWAYO PHARMACY,6,9,0.1
0.021803849743445767,0.005625684631764799,0.25801336451861573,CIMAS BULAWAYO PHARMACY,6,10,0.1
0.004026328379586802,0.0007246056811680019,0.17996686133244896,CIMAS CLINIC -MASVINGO PHARMACY,6,2,0.1
0.006078344299384598,0.0010777617381129687,0.17731172915329702,CIMAS CLINIC -MASVINGO PHARMACY,6,3,0.1
0.008155404503181068,0.0014250424867125373,0.17473596633455646,CIMAS CLINIC -MASVINGO PHARMACY,6,4,0.1
0.010256864470126024,0.0017666073198768185,0.17223658604656522,CIMAS CLINIC -MASVINGO PHARMACY,6,5,0.1
0.012382079519573956,0.002102609920234254,0.16981072661586338,CIMAS CLINIC -MASVINGO PHARMACY,6,6,0.1
0.01453040586745247,0.0024331984996075564,0.16745564589202727,CIMAS CLINIC -MASVINGO PHARMACY,6,7,0.1
0.01670120163319506,0.002758516027371702,0.16516871587783938,CIMAS CLINIC -MASVINGO PHARMACY,6,8,0.1
0.01889382779644632,0.003078700448231265,0.16294741761170956,CIMAS CLINIC -MASVINGO PHARMACY,6,9,0.1
0.021107649102926698,0.003393884889930847,0.16078933629137626,CIMAS CLINIC -MASVINGO PHARMACY,6,10,0.1
0.004036478804480922,0.0008488422167035139,0.2102927471739003,CIMAS FIFE AVENUE PHARMACY,6,2,0.1
0.006108865401183972,0.0012594638264162212,0.2061698439405985,CIMAS FIFE AVENUE PHARMACY,6,3,0.1
0.00821656562579425,0.0016612772597351352,0.20218633129636188,CIMAS FIFE AVENUE PHARMACY,6,4,0.1
0.010358963011008016,0.002054561549722618,0.19833660449789478,CIMAS FIFE AVENUE PHARMACY,6,5,0.1
0.012535419662890547,0.0024395847221381503,0.1946153210458696,CIMAS FIFE AVENUE PHARMACY,6,6,0.1
0.014745277167216802,0.002816604311346326,0.19101738674729604,CIMAS FIFE AVENUE PHARMACY,6,7,0.1
0.016987857527608976,0.0031858678488980597,0.18753794254044862,CIMAS FIFE AVENUE PHARMACY,6,8,0.1
0.01926246413647998,0.0035476133262830434,0.18417235204941612,CIMAS FIFE AVENUE PHARMACY,6,9,0.1
0.021568382779053822,0.003902069633281863,0.18091618983465768,CIMAS FIFE AVENUE PHARMACY,6,10,0.1
0.004037665812910276,0.0010039119596454845,0.24863671392404887,CIMAS FOURTH STREET PHARMACY,6,2,0.1
0.006112331159725298,0.001489130807476612,0.24362731150573605,CIMAS FOURTH STREET PHARMACY,6,3,0.1
0.008223306011608892,0.00196368845847511,0.2387954985139747,CIMAS FOURTH STREET PHARMACY,6,4,0.1
0.010369877879164288,0.0024279380566031143,0.23413371737785427,CIMAS FOURTH STREET PHARMACY,6,5,0.1
0.0125513131071102,0.0028822180538573793,0.22963478237385615,CIMAS FOURTH STREET PHARMACY,6,6,0.1
0.01476685817838214,0.003326852933798327,0.22529185921678688,CIMAS FOURTH STREET PHARMACY,6,7,0.1
0.01701574103041356,0.003762153895319386,0.22109844576236762,CIMAS FOURTH STREET PHARMACY,6,8,0.1
0.019297172385223015,0.004188419498852383,0.21704835378159876,CIMAS FOURTH STREET PHARMACY,6,9,0.1
0.0216103470939297,0.004605936277113834,0.2131356917634901,CIMAS FOURTH STREET PHARMACY,6,10,0.1
0.004029970747577602,0.0008442107102522299,0.2094830863870864,CIMAS HCC  MUTARE PHARMACY,6,2,0.1
0.006089174430633918,0.0012545625974469954,0.20603164053495313,CIMAS HCC  MUTARE PHARMACY,6,3,0.1
0.008176869129713812,0.0016573945330380726,0.20269304873858007,CIMAS HCC  MUTARE PHARMACY,6,4,0.1
0.010292310207389336,0.002052931473293844,0.19946265045722655,CIMAS HCC  MUTARE PHARMACY,6,5,0.1
0.012434751638519832,0.002441389461555218,0.1963360051351881,CIMAS HCC  MUTARE PHARMACY,6,6,0.1
0.014603447281752533,0.002822976048960526,0.19330888073858585,CIMAS HCC  MUTARE PHARMACY,6,7,0.1
0.01679765209249434,0.0031978906928213703,0.1903772429154118,CIMAS HCC  MUTARE PHARMACY,6,8,0.1
0.019016623277503288,0.0035663251338956567,0.18753724474915734,CIMAS HCC  MUTARE PHARMACY,6,9,0.1
0.021259621391211066,0.00392846375374075,0.18478521707657572,CIMAS HCC  MUTARE PHARMACY,6,10,0.1
0.004042401727649848,0.0011266459381844907,0.2787070692351734,CIMAS HCC CHINHOYI ST. PHARM,6,2,0.1
0.006126797578421954,0.0016692910080681241,0.2724573460607253,CIMAS HCC CHINHOYI ST. PHARM,6,3,0.1
0.00825275881529138,0.0021987794012740163,0.2664296207469361,CIMAS HCC CHINHOYI ST. PHARM,6,4,0.1
0.0104198363048407,0.00271555706631461,0.26061417731227265,CIMAS HCC CHINHOYI ST. PHARM,6,5,0.1
0.012627561178752404,0.003220050805712855,0.2550017980614523,CIMAS HCC CHINHOYI ST. PHARM,6,6,0.1
0.014875445435376094,0.0037126692506957862,0.2495837362870821,CIMAS HCC CHINHOYI ST. PHARM,6,7,0.1
0.017162982494162343,0.004193803782317259,0.24435169025801318,CIMAS HCC CHINHOYI ST. PHARM,6,8,0.1
0.019489647714094824,0.004663829401667436,0.2392977784967645,CIMAS HCC CHINHOYI ST. PHARM,6,9,0.1
0.021854898885792354,0.005123105551792738,0.2344145163317693,CIMAS HCC CHINHOYI ST. PHARM,6,10,0.1
0.004034243847816971,0.0007688892223323504,0.19059066614141712,CIMAS HCC CHITUNGWIZA PHARMACY,6,2,0.1
0.006102115899390916,0.0011414488010162756,0.1870578697350225,CIMAS HCC CHITUNGWIZA PHARMACY,6,3,0.1
0.008202981507213337,0.0015064141428960068,0.1836422697736589,CIMAS HCC CHITUNGWIZA PHARMACY,6,4,0.1
0.01033618808985895,0.0018640200090295133,0.18033921140215534,CIMAS HCC CHITUNGWIZA PHARMACY,6,5,0.1
0.012501066218543213,0.0022144920356146646,0.17714425289019275,CIMAS HCC CHITUNGWIZA PHARMACY,6,6,0.1
0.014696930721102156,0.002558047154407519,0.17405315456339615,CIMAS HCC CHITUNGWIZA PHARMACY,6,7,0.1
0.016923081803113398,0.0028948939912181804,0.17106186833450138,CIMAS HCC CHITUNGWIZA PHARMACY,6,8,0.1
0.01917880618527308,0.0032252332436774746,0.16816652780787,CIMAS HCC CHITUNGWIZA PHARMACY,6,9,0.1
0.02146337825560892,0.0035492580394110395,0.16536343893038036,CIMAS HCC CHITUNGWIZA PHARMACY,6,10,0.1
0.004018676906868691,0.0006778855163778329,0.16868375639235797,ASHBRITTLE   PHARMACY,7,2,0.1
0.006055755471689542,0.0010101219238851803,0.16680361824506737,ASHBRITTLE   PHARMACY,7,3,0.1
0.008110943963887698,0.0013379953619950262,0.1649617316988225,ASHBRITTLE   PHARMACY,7,4,0.1
0.010183935090878142,0.001661585275846208,0.16315748883106174,ASHBRITTLE   PHARMACY,7,5,0.1
0.012274406943261342,0.0019809698937566576,0.16139027351086901,ASHBRITTLE   PHARMACY,7,6,0.1
0.014382023960624884,0.002296226217785129,0.15965946267867018,ASHBRITTLE   PHARMACY,7,7,0.1
0.01650643791302082,0.0026074300163144645,0.15796442757995885,ASHBRITTLE   PHARMACY,7,8,0.1
0.018647288893238075,0.0029146558185667404,0.15630453495165508,ASHBRITTLE   PHARMACY,7,9,0.1
0.020804206315076793,0.003217976910960237,0.15467914815996472,ASHBRITTLE   PHARMACY,7,10,0.1
0.0040118998199128375,0.000843951721019661,0.21036211244128142,BALLANTYNE PARK PHARMACY,7,2,0.1
0.006035479930067922,0.00125967497081471,0.20871164934857697,BALLANTYNE PARK PHARMACY,7,3,0.1
0.008070514088678517,0.0016713079559191786,0.20708816533307634,BALLANTYNE PARK PHARMACY,7,4,0.1
0.010116769907996828,0.0020789085003015805,0.20549132966425399,BALLANTYNE PARK PHARMACY,7,5,0.1
0.012174009416153778,0.0024825337843599627,0.2039208036972496,BALLANTYNE PARK PHARMACY,7,6,0.1
0.014241989612632512,0.002882240332094199,0.20237624169713467,BALLANTYNE PARK PHARMACY,7,7,0.1
0.01632046301545487,0.003278083999577905,0.2008572916389493,BALLANTYNE PARK PHARMACY,7,8,0.1
0.018409178198297196,0.003670119964689927,0.1993635959822152,BALLANTYNE PARK PHARMACY,7,9,0.1
0.020507880315894313,0.0040584027180639816,0.1978947924188235,BALLANTYNE PARK PHARMACY,7,10,0.1
0.004008981697305094,0.000605552829271338,0.1510490381331501,CIMAS BORROWDALE OFFICE PARK PHARMACY,7,2,0.1
0.006026674370943037,0.000904503961137657,0.1500834300088662,CIMAS BORROWDALE OFFICE PARK PHARMACY,7,3,0.1
0.008052818069432945,0.0012009556692056539,0.14913483191235455,CIMAS BORROWDALE OFFICE PARK PHARMACY,7,4,0.1
0.01008716312989115,0.0014949447007755919,0.1482026890539366,CIMAS BORROWDALE OFFICE PARK PHARMACY,7,5,0.1
0.01212946971007202,0.0017865067928839644,0.1472864713451151,CIMAS BORROWDALE OFFICE PARK PHARMACY,7,6,0.1
0.014179507333924826,0.0020756767122925147,0.14638567218244644,CIMAS BORROWDALE OFFICE PARK PHARMACY,7,7,0.1
0.016237054451112377,0.0023624882936327408,0.14549980729238055,CIMAS BORROWDALE OFFICE PARK PHARMACY,7,8,0.1
0.01830189801081745,0.0026469744757974915,0.14462841363409307,CIMAS BORROWDALE OFFICE PARK PHARMACY,7,9,0.1
0.020373833050054878,0.0029291673366664546,0.1437710483574697,CIMAS BORROWDALE OFFICE PARK PHARMACY,7,10,0.1
0.004039205061039541,0.0011208410933979324,0.2774905152028775,CIMAS BULAWAYO PHARMACY,7,2,0.1
0.006117135140947454,0.0016619655394577951,0.27169017868066603,CIMAS BULAWAYO PHARMACY,7,3,0.1
0.008233295092777258,0.0021907922163936547,0.2660893593277799,CIMAS BULAWAYO PHARMACY,7,4,0.1
0.010387175457512141,0.0027077232675923185,0.2606794579207823,CIMAS BULAWAYO PHARMACY,7,5,0.1
0.012578253185793932,0.0032131438708711915,0.2554523130843132,CIMAS BULAWAYO PHARMACY,7,6,0.1
0.014805992300174844,0.0037074230953898072,0.250400177186775,CIMAS BULAWAYO PHARMACY,7,7,0.1
0.01706984450794225,0.004190914711270126,0.24551569343939708,CIMAS BULAWAYO PHARMACY,7,8,0.1
0.019369249773286665,0.0046639579543812214,0.24079187418056713,CIMAS BULAWAYO PHARMACY,7,9,0.1
0.02170363685645095,0.005126878248681788,0.23622208031728706,CIMAS BULAWAYO PHARMACY,7,10,0.1
0.004021818458038328,0.000647929255123194,0.16110355598676784,CIMAS CLINIC -MASVINGO PHARMACY,7,2,0.1
0.006064891766701274,0.0009647681740310034,0.1590742607028824,CIMAS CLINIC -MASVINGO PHARMACY,7,3,0.1
0.008128660798813874,0.0012770114613762293,0.15709985851083483,CIMAS CLINIC -MASVINGO PHARMACY,7,4,0.1
0.010212571561048786,0.0015847703575306252,0.15517838460736097,CIMAS CLINIC -MASVINGO PHARMACY,7,5,0.1
0.0123160758002254,0.001888152379034068,0.15330795373957606,CIMAS CLINIC -MASVINGO PHARMACY,7,6,0.1
0.014438631563021557,0.0021872614673714495,0.15148675674869314,CIMAS CLINIC -MASVINGO PHARMACY,7,7,0.1
0.01657970370995223,0.002482198131092019,0.1497130572726725,CIMAS CLINIC -MASVINGO PHARMACY,7,8,0.1
0.018738764384592384,0.0027730595815915263,0.1479851886003554,CIMAS CLINIC -MASVINGO PHARMACY,7,9,0.1
0.02091529343913448,0.003059939862862005,0.14630155066993084,CIMAS CLINIC -MASVINGO PHARMACY,7,10,0.1
0.00403324207318736,0.0007460851632119987,0.184983978068638,CIMAS FIFE AVENUE PHARMACY,7,2,0.1
0.006099124109382246,0.0011078590170233466,0.18164231406918474,CIMAS FIFE AVENUE PHARMACY,7,3,0.1
0.008197024826867341,0.0014624250495877684,0.17840924975539738,CIMAS FIFE AVENUE PHARMACY,7,4,0.1
0.010326304665656639,0.0018100009209310775,0.17528060419820873,CIMAS FIFE AVENUE PHARMACY,7,5,0.1
0.012486306716799732,0.002150796091373321,0.17225238336325083,CIMAS FIFE AVENUE PHARMACY,7,6,0.1
0.0146763576868493,0.002485012189905052,0.16932077037967933,CIMAS FIFE AVENUE PHARMACY,7,7,0.1
0.016895768896086145,0.00281284336345654,0.16648211636631266,CIMAS FIFE AVENUE PHARMACY,7,8,0.1
0.019143837308613246,0.0031344766081399323,0.16373293178424894,CIMAS FIFE AVENUE PHARMACY,7,9,0.1
0.021419846591997384,0.003450092083483946,0.16106987828628644,CIMAS FIFE AVENUE PHARMACY,7,10,0.1
0.004034586670773705,0.000896699872898436,0.22225321850044122,CIMAS FOURTH STREET PHARMACY,7,2,0.1
0.006103074012792015,0.001331081593642582,0.21810018866765193,CIMAS FOURTH STREET PHARMACY,7,3,0.1
0.008204757068045075,0.0017565474831236665,0.21408890824627358,CIMAS FOURTH STREET PHARMACY,7,4,0.1
0.01033891314044107,0.0021733798209997907,0.21021356804890148,CIMAS FOURTH STREET PHARMACY,7,5,0.1
0.012504803035695199,0.0025818496110654294,0.2064686347874085,CIMAS FOURTH STREET PHARMACY,7,6,0.1
0.014701672320241208,0.002982217118033346,0.20284883604210388,CIMAS FOURTH STREET PHARMACY,7,7,0.1
0.01692875259797777,0.0033747323750984827,0.19934914610906493,CIMAS FOURTH STREET PHARMACY,7,8,0.1
0.019185262803031188,0.003759635663982816,0.19596477267899662,CIMAS FOURTH STREET PHARMACY,7,9,0.1
0.02147041050617025,0.004137157969067046,0.19269114430197287,CIMAS FOURTH STREET PHARMACY,7,10,0.1
0.004026047301117922,0.0007507260145803764,0.18646726141839431,CIMAS HCC  MUTARE PHARMACY,7,2,0.1
0.006077454795762566,0.0011166926786312602,0.18374347751790127,CIMAS HCC  MUTARE PHARMACY,7,3,0.1
0.00815353747942825,0.0014766278490801993,0.18110272416184992,CIMAS HCC  MUTARE PHARMACY,7,4,0.1
0.010253613432692325,0.001830697844109196,0.17854172639981258,CIMAS HCC  MUTARE PHARMACY,7,5,0.1
0.012377004749777694,0.002179062754254939,0.17605735784290444,CIMAS HCC  MUTARE PHARMACY,7,6,0.1
0.01452303841387291,0.00252187672340818,0.17364663313147996,CIMAS HCC  MUTARE PHARMACY,7,7,0.1
0.01669104711948263,0.002859288215287164,0.1713067008210443,CIMAS HCC  MUTARE PHARMACY,7,8,0.1
0.018880370042175295,0.003191440266208265,0.16903483666258504,CIMAS HCC  MUTARE PHARMACY,7,9,0.1
0.02109035355619921,0.003518470724929157,0.16682843725466862,CIMAS HCC  MUTARE PHARMACY,7,10,0.1
0.004040082537746954,0.0010124828799901488,0.2506094542699079,CIMAS HCC CHINHOYI ST. PHARM,7,2,0.1
0.00611982779038522,0.0015009694624488789,0.24526334953526502,CIMAS HCC CHINHOYI ST. PHARM,7,3,0.1
0.008238797543082644,0.001978138301079686,0.2401003654641988,CIMAS HCC CHINHOYI ST. PHARM,7,4,0.1
0.010396535641630913,0.002444358195662365,0.2351127606271464,CIMAS HCC CHINHOYI ST. PHARM,7,5,0.1
0.01259256841595304,0.002899982667262309,0.23029318336586782,CIMAS HCC CHINHOYI ST. PHARM,7,6,0.1
0.014826405083188917,0.0033453507203883084,0.22563464991129045,CIMAS HCC CHINHOYI ST. PHARM,7,7,0.1
0.017097538137894754,0.003780787562576421,0.22113052370953537,CIMAS HCC CHINHOYI ST. PHARM,7,8,0.1
0.01940544373588526,0.004206605283788118,0.2167744959116348,CIMAS HCC CHINHOYI ST. PHARM,7,9,0.1
0.021749582077350022,0.004623103497910427,0.21256056697866021,CIMAS HCC CHINHOYI ST. PHARM,7,10,0.1
0.004030265453840997,0.0006692779548419444,0.1660629957275139,CIMAS HCC CHITUNGWIZA PHARMACY,7,2,0.1
0.006090152517791766,0.0009945232994376261,0.16330022877624603,CIMAS HCC CHITUNGWIZA PHARMACY,7,3,0.1
0.008179004427892317,0.0013137512817461827,0.16062484050821438,CIMAS HCC CHITUNGWIZA PHARMACY,7,4,0.1
0.010296152597090194,0.0016271371473129193,0.15803351125281168,CIMAS HCC CHITUNGWIZA PHARMACY,7,5,0.1
0.01244091772458623,0.0019348496651793948,0.15552306574262353,CIMAS HCC CHITUNGWIZA PHARMACY,7,6,0.1
0.014612610914798894,0.002237051412278617,0.15309046585323416,CIMAS HCC CHITUNGWIZA PHARMACY,7,7,0.1
0.01681053480308943,0.0025338990434195727,0.15073280375077028,CIMAS HCC CHITUNGWIZA PHARMACY,7,8,0.1
0.019033984685176586,0.002825543547663305,0.14844729542436802,CIMAS HCC CHITUNGWIZA PHARMACY,7,9,0.1
0.021282249647006285,0.0031121304918476354,0.14623127458169866,CIMAS HCC CHITUNGWIZA PHARMACY,7,10,0.1
0.004021012102694484,0.0007234127257403633,0.17990811946465016,ASHBRITTLE   PHARMACY,8,2,0.1
0.00606281686320445,0.0010773421040896857,0.17769662656778085,ASHBRITTLE   PHARMACY,8,3,0.1
0.008125170279967986,0.0014262143880872827,0.17553039984940502,ASHBRITTLE   PHARMACY,8,4,0.1
0.010207804620075709,0.0017701237483835682,0.17340885863961997,ASHBRITTLE   PHARMACY,8,5,0.1
0.012310429311618088,0.002109163117428347,0.17133140234498592,ASHBRITTLE   PHARMACY,8,6,0.1
0.014432731898110895,0.0024434241618631505,0.16929741223717812,ASHBRITTLE   PHARMACY,8,7,0.1
0.0165743790497214,0.0027729972579404972,0.167306253200907,ASHBRITTLE   PHARMACY,8,8,0.1
0.01873501762572108,0.0030979714698676163,0.16535727543775827,ASHBRITTLE   PHARMACY,8,9,0.1
0.020914275782342638,0.0034184345309689907,0.1634498161229701,ASHBRITTLE   PHARMACY,8,10,0.1
0.004013650228561172,0.0008697050752457324,0.21668681268160914,BALLANTYNE PARK PHARMACY,8,2,0.1
0.0060407044255603734,0.0012975531216945669,0.21480162416226775,BALLANTYNE PARK PHARMACY,8,3,0.1
0.008080905278740978,0.0017208261148092794,0.21294967029701253,BALLANTYNE PARK PHARMACY,8,4,0.1
0.010133985225004565,0.0021395941195585396,0.21113057420680972,BALLANTYNE PARK PHARMACY,8,5,0.1
0.01219966726039119,0.002553926457239312,0.20934394379190788,BALLANTYNE PARK PHARMACY,8,6,0.1
0.014277665754674065,0.0029638916818560818,0.2075893729957781,BALLANTYNE PARK PHARMACY,8,7,0.1
0.016367687266613216,0.0033695575584772163,0.20586644304662605,BALLANTYNE PARK PHARMACY,8,8,0.1
0.01846943135605933,0.003770991043523325,0.20417472367313375,BALLANTYNE PARK PHARMACY,8,9,0.1
0.02058259138927073,0.004168258266938787,0.2025137742913952,BALLANTYNE PARK PHARMACY,8,10,0.1
0.004006905601042504,0.0005746803195232789,0.14342247528211305,CIMAS BORROWDALE OFFICE PARK PHARMACY,8,2,0.1
0.00602059784655833,0.0008588255086017558,0.1426478782489521,CIMAS BORROWDALE OFFICE PARK PHARMACY,8,3,0.1
0.008040960050091894,0.001140870169763572,0.14188233278817666,CIMAS BORROWDALE OFFICE PARK PHARMACY,8,4,0.1
0.010067877671440966,0.0014208359344086432,0.1411256652868415,CIMAS BORROWDALE OFFICE PARK PHARMACY,8,5,0.1
0.012101238199546114,0.0016987440797347469,0.1403777077785695,CIMAS BORROWDALE OFFICE PARK PHARMACY,8,6,0.1
0.014140931041844162,0.0019746155384377097,0.13963829769020597,CIMAS BORROWDALE OFFICE PARK PHARMACY,8,7,0.1
0.01618684741980735,0.002248470908032082,0.13890727760123922,CIMAS BORROWDALE OFFICE PARK PHARMACY,8,8,0.1
0.018238880270395934,0.0025203304598097227,0.13818449501532973,CIMAS BORROWDALE OFFICE PARK PHARMACY,8,9,0.1
0.020296924153160364,0.0027902141474529657,0.13746980214332186,CIMAS BORROWDALE OFFICE PARK PHARMACY,8,10,0.1
0.004037401311427306,0.0010324848832933308,0.2557300609109689,CIMAS BULAWAYO PHARMACY,8,2,0.1
0.006111726901249845,0.0015316104091323722,0.25060190579182434,CIMAS BULAWAYO PHARMACY,8,3,0.1
0.008222486720263468,0.002019810266840765,0.24564469795532193,CIMAS BULAWAYO PHARMACY,8,4,0.1
0.010369178263778216,0.00249742986223654,0.24085128046844398,CIMAS BULAWAYO PHARMACY,8,5,0.1
0.012551287092893722,0.002964800460785668,0.23621485500592815,CIMAS BULAWAYO PHARMACY,8,6,0.1
0.01476828732390547,0.003422239889305848,0.23172896181172328,CIMAS BULAWAYO PHARMACY,8,7,0.1
0.017019642092406924,0.0038700531985901773,0.22738746076903388,CIMAS BULAWAYO PHARMACY,8,8,0.1
0.019304803997785565,0.004308533289149707,0.22318451353579835,CIMAS BULAWAYO PHARMACY,8,9,0.1
0.021623215533040627,0.004737961502177519,0.21911456669975085,CIMAS BULAWAYO PHARMACY,8,10,0.1
0.00401825818266708,0.0005948484938394749,0.14803640453104236,CIMAS CLINIC -MASVINGO PHARMACY,8,2,0.1
0.006054311955199881,0.0008864969521321406,0.14642406250156187,CIMAS CLINIC -MASVINGO PHARMACY,8,3,0.1
0.008107706018271045,0.0011744055440229845,0.14485053372389353,CIMAS CLINIC -MASVINGO PHARMACY,8,4,0.1
0.0101779926120253,0.0014586540309483923,0.14331451068504336,CIMAS CLINIC -MASVINGO PHARMACY,8,5,0.1
0.012264731728787705,0.0017393197063110474,0.14181473714818618,CIMAS CLINIC -MASVINGO PHARMACY,8,6,0.1
0.014367491294003821,0.0020164774892144034,0.1403500059927628,CIMAS CLINIC -MASVINGO PHARMACY,8,7,0.1
0.016485847316948642,0.0022902000141769123,0.13891915715017095,CIMAS CLINIC -MASVINGO PHARMACY,8,8,0.1
0.01861938401274823,0.002560557717013435,0.13752107563065916,CIMAS CLINIC -MASVINGO PHARMACY,8,9,0.1
0.020767693897257734,0.00282761891706215,0.13615468963723132,CIMAS CLINIC -MASVINGO PHARMACY,8,10,0.1
0.004030484986951471,0.0006678528692960869,0.1657003738900487,CIMAS FIFE AVENUE PHARMACY,8,2,0.1
0.00609083383292289,0.000992350674678724,0.16292525816658365,CIMAS FIFE AVENUE PHARMACY,8,3,0.1
0.008180409768982126,0.0013108070739801738,0.16023733663689993,CIMAS FIFE AVENUE PHARMACY,8,4,0.1
0.010298561348892647,0.0016233969811356849,0.15763337481212758,CIMAS FIFE AVENUE PHARMACY,8,5,0.1
0.012444623444388035,0.0019302889808556142,0.15511027629575144,CIMAS FIFE AVENUE PHARMACY,8,6,0.1
0.0146179182692834,0.00223164560128444,0.15266507584556635,CIMAS FIFE AVENUE PHARMACY,8,7,0.1
0.01681775642936872,0.0025276235729631445,0.15029493283356005,CIMAS FIFE AVENUE PHARMACY,8,8,0.1
0.019043437994759264,0.0028183740748645545,0.14799712508004953,CIMAS FIFE AVENUE PHARMACY,8,9,0.1
0.021294253591150784,0.0031040429682258237,0.14576904303965674,CIMAS FIFE AVENUE PHARMACY,8,10,0.1
0.004032016675092932,0.0008147324848616186,0.202065752826491,CIMAS FOURTH STREET PHARMACY,8,2,0.1
0.006095355643636266,0.001210154239019618,0.198537100994764,CIMAS FOURTH STREET PHARMACY,8,3,0.1
0.008189307410165311,0.001597938678101498,0.19512500851024245,CIMAS FOURTH STREET PHARMACY,8,4,0.1
0.010313148572586497,0.0019783182057020844,0.19182485268957297,CIMAS FOURTH STREET PHARMACY,8,5,0.1
0.012466143047928289,0.002351516269229071,0.18863222250765543,CIMAS FOURTH STREET PHARMACY,8,6,0.1
0.014647543313980235,0.0027177477718118015,0.1855429073364042,CIMAS FOURTH STREET PHARMACY,8,7,0.1
0.01685659166375019,0.0030772194622766865,0.18255288635212027,CIMAS FOURTH STREET PHARMACY,8,8,0.1
0.019092521469337938,0.0034301303044750875,0.17965831857168693,CIMAS FOURTH STREET PHARMACY,8,9,0.1
0.021354558451556267,0.0037766718271728173,0.17685553347967178,CIMAS FOURTH STREET PHARMACY,8,10,0.1
0.0040228601553052076,0.0006810170709630422,0.16928678717925122,CIMAS HCC  MUTARE PHARMACY,8,2,0.1
0.0060679562677294786,0.0010137826946224806,0.16707152291356578,CIMAS HCC  MUTARE PHARMACY,8,3,0.1
0.008134669979517013,0.001341563472385514,0.1649192254588757,CIMAS HCC  MUTARE PHARMACY,8,4,0.1
0.010222389426864232,0.0016644862926258942,0.16282751743458904,CIMAS HCC  MUTARE PHARMACY,8,5,0.1
0.012330509845931847,0.001982673544528153,0.16079412524716388,CIMAS HCC  MUTARE PHARMACY,8,6,0.1
0.014458434132091672,0.002296243312132298,0.15881687402341857,CIMAS HCC  MUTARE PHARMACY,8,7,0.1
0.016605573353256683,0.00260530955871637,0.15689368281917332,CIMAS HCC  MUTARE PHARMACY,8,8,0.1
0.018771347218244618,0.002909982302054627,0.1550225600870192,CIMAS HCC  MUTARE PHARMACY,8,9,0.1
0.020955184501222128,0.00321036778105703,0.15320159938796044,CIMAS HCC  MUTARE PHARMACY,8,10,0.1
0.004038195105635863,0.0009243218504866508,0.22889479738030266,CIMAS HCC CHINHOYI ST. PHARM,8,2,0.1
0.006114159481729428,0.0013708903651905586,0.22421567008304366,CIMAS HCC CHINHOYI ST. PHARM,8,3,0.1
0.008227450494616201,0.0018075043689181197,0.21969191672449404,CIMAS HCC CHINHOYI ST. PHARM,8,4,0.1
0.010377609034092414,0.0022344774842642276,0.21531717729233635,CIMAS HCC CHINHOYI ST. PHARM,8,5,0.1
0.012564159830223293,0.0026521107600990393,0.2110854045106417,CIMAS HCC CHINHOYI ST. PHARM,8,6,0.1
0.014786611770472354,0.0030606932838293122,0.20699084626954667,CIMAS HCC CHINHOYI ST. PHARM,8,7,0.1
0.017044458221857402,0.0034605027595724517,0.2030280290830709,CIMAS HCC CHINHOYI ST. PHARM,8,8,0.1
0.019337177362161184,0.003851806054243196,0.19919174252289665,CIMAS HCC CHINHOYI ST. PHARM,8,9,0.1
0.02166423252361244,0.004234859713446424,0.1954770245763719,CIMAS HCC CHINHOYI ST. PHARM,8,10,0.1
0.004026782386131463,0.000595034448247404,0.1477692090580178,CIMAS HCC CHITUNGWIZA PHARMACY,8,2,0.1
0.006079697773575194,0.000884944189023971,0.1455572664928006,CIMAS HCC CHITUNGWIZA PHARMACY,8,3,0.1
0.00815808944700469,0.0011699697522952748,0.14341222413598798,CIMAS HCC CHITUNGWIZA PHARMACY,8,4,0.1
0.010261294442936322,0.0014502454942239321,0.14133163240649949,CIMAS HCC CHITUNGWIZA PHARMACY,8,5,0.1
0.012388644628096843,0.0017259010221896216,0.1393131431242577,CIMAS HCC CHITUNGWIZA PHARMACY,8,6,0.1
0.014539467770454177,0.001997061393687892,0.13735450466392887,CIMAS HCC CHITUNGWIZA PHARMACY,8,7,0.1
0.01671308859956375,0.002263847305558697,0.1354535573764498,CIMAS HCC CHITUNGWIZA PHARMACY,8,8,0.1
0.018908829852923584,0.002526375274073676,0.13360822926242902,CIMAS HCC CHITUNGWIZA PHARMACY,8,9,0.1
0.02112601330510663,0.0027847578063804235,0.1318165318823919,CIMAS HCC CHITUNGWIZA PHARMACY,8,10,0.1
0.04012010290102569,0.013994880478552863,0.3488246406814445,ASHBRITTLE   PHARMACY,1,2,1.0
0.060332411658492756,0.020515390922501812,0.34003929825692525,ASHBRITTLE   PHARMACY,1,3,1.0
0.08060844721137655,0.026738526550003056,0.3317087411433147,ASHBRITTLE   PHARMACY,1,4,1.0
0.100919427010568,0.03267879211958261,0.32381071799149813,ASHBRITTLE   PHARMACY,1,5,1.0
0.12123652620982098,0.03834998312932995,0.3163236718194862,ASHBRITTLE   PHARMACY,1,6,1.0
0.14153112005202317,0.04376521469455212,0.3092267953398882,ASHBRITTLE   PHARMACY,1,7,1.0
0.16177500628943725,0.04893695051341925,0.3025000686809708,ASHBRITTLE   PHARMACY,1,8,1.0
0.18194060678479113,0.05387703164051921,0.2961242824931753,ASHBRITTLE   PHARMACY,1,9,1.0
0.20200114774699382,0.058596704844947556,0.29008104903611664,ASHBRITTLE   PHARMACY,1,10,1.0
0.040093871387662856,0.01579958672643764,0.39406488272667217,BALLANTYNE PARK PHARMACY,1,2,1.0
0.06025010545880803,0.02317620303939559,0.3846665970608261,BALLANTYNE PARK PHARMACY,1,3,1.0
0.0804369243235409,0.030226982667552017,0.375784913729051,BALLANTYNE PARK PHARMACY,1,4,1.0
0.10062265521615185,0.03696806884534025,0.3673930961762791,BALLANTYNE PARK PHARMACY,1,5,1.0
0.12077606554142228,0.043414787667361704,0.35946515953089925,BALLANTYNE PARK PHARMACY,1,6,1.0
0.1408666578706159,0.04958168078303268,0.3519759858899526,BALLANTYNE PARK PHARMACY,1,7,1.0
0.16086492496137672,0.055482538880408806,0.34490140652929796,BALLANTYNE PARK PHARMACY,1,8,1.0
0.18074256560274732,0.06113043544146018,0.33821825665470684,BALLANTYNE PARK PHARMACY,1,9,1.0
0.20047266269035144,0.06653776035463928,0.3319044076219659,BALLANTYNE PARK PHARMACY,1,10,1.0
0.04018181238792585,0.019732371166437276,0.491077181286293,CIMAS BORROWDALE OFFICE PARK PHARMACY,1,2,1.0
0.06051454981755726,0.028882918308314066,0.4772888238513208,CIMAS BORROWDALE OFFICE PARK PHARMACY,1,3,1.0
0.08096573296119741,0.0375893927984655,0.4642629841500985,CIMAS BORROWDALE OFFICE PARK PHARMACY,1,4,1.0
0.10150181032298602,0.04587504589573247,0.45196283445344265,CIMAS BORROWDALE OFFICE PARK PHARMACY,1,5,1.0
0.12208863840228011,0.053761951270070975,0.4403517966424214,CIMAS BORROWDALE OFFICE PARK PHARMACY,1,6,1.0
0.14269191930128153,0.06127104050693284,0.4293939054640115,CIMAS BORROWDALE OFFICE PARK PHARMACY,1,7,1.0
0.16327759414114168,0.06842214327011943,0.4190540877946391,CIMAS BORROWDALE OFFICE PARK PHARMACY,1,8,1.0
0.18381219170470023,0.0752340306511278,0.40929837108951683,CIMAS BORROWDALE OFFICE PARK PHARMACY,1,9,1.0
0.20426313259462633,0.08172446049766346,0.4000940329249285,CIMAS BORROWDALE OFFICE PARK PHARMACY,1,10,1.0
0.040210804083670795,0.02775008122601147,0.6901150538613701,CIMAS BULAWAYO PHARMACY,1,2,1.0
0.06060500971107875,0.04058968505538043,0.6697414165740251,CIMAS BULAWAYO PHARMACY,1,3,1.0
0.08115233343122011,0.052786761884117094,0.6504651148306908,CIMAS BULAWAYO PHARMACY,1,4,1.0
0.10182039936571047,0.06437518081185904,0.6322424702012939,CIMAS BULAWAYO PHARMACY,1,5,1.0
0.12257545221283091,0.07538721179942129,0.615026993076269,CIMAS BULAWAYO PHARMACY,1,6,1.0
0.1433829877047028,0.0858535269543599,0.5987706653956408,CIMAS BULAWAYO PHARMACY,1,7,1.0
0.16420829948355894,0.09580322218942319,0.5834249699359155,CIMAS BULAWAYO PHARMACY,1,8,1.0
0.18501694541644007,0.10526385440046865,0.5689416943055596,CIMAS BULAWAYO PHARMACY,1,9,1.0
0.205775138805917,0.11426149002762616,0.5552735412580395,CIMAS BULAWAYO PHARMACY,1,10,1.0
0.04017970087582152,0.020875933434196137,0.5195641823893818,CIMAS CLINIC -MASVINGO PHARMACY,1,2,1.0
0.06051174493619507,0.03055795908909913,0.5049921981479814,CIMAS CLINIC -MASVINGO PHARMACY,1,3,1.0
0.08096698957666557,0.03976996848651978,0.49118744187546476,CIMAS CLINIC -MASVINGO PHARMACY,1,4,1.0
0.10151501022592892,0.048535955058327376,0.47811604363046545,CIMAS CLINIC -MASVINGO PHARMACY,1,5,1.0
0.12212456177222442,0.05687875832615584,0.46574380698487916,CIMAS CLINIC -MASVINGO PHARMACY,1,6,1.0
0.1427639965654708,0.06482008947097682,0.45403666912091994,CIMAS CLINIC -MASVINGO PHARMACY,1,7,1.0
0.16340163853358172,0.07238056350600926,0.4429610630320201,CIMAS CLINIC -MASVINGO PHARMACY,1,8,1.0
0.18400611402088063,0.07957973627510034,0.43248419596573734,CIMAS CLINIC -MASVINGO PHARMACY,1,9,1.0
0.2045466407253288,0.08643614479462604,0.42257425733378345,CIMAS CLINIC -MASVINGO PHARMACY,1,10,1.0
0.04021237123170583,0.023347061993214888,0.5805940131878289,CIMAS FIFE AVENUE PHARMACY,1,2,1.0
0.06060888457358728,0.03414820781349102,0.5634191761445557,CIMAS FIFE AVENUE PHARMACY,1,3,1.0
0.0811588200251912,0.04440819901646061,0.5471764991491569,CIMAS FIFE AVENUE PHARMACY,1,4,1.0
0.10182965113708746,0.05415562232657981,0.5318256688680312,CIMAS FIFE AVENUE PHARMACY,1,5,1.0
0.12258766568208337,0.06341767027561804,0.517325049977575,CIMAS FIFE AVENUE PHARMACY,1,6,1.0
0.143398518566455,0.07222015951623766,0.5036325356650652,CIMAS FIFE AVENUE PHARMACY,1,7,1.0
0.16422771674381212,0.08058756199721365,0.490706219358372,CIMAS FIFE AVENUE PHARMACY,1,8,1.0
0.18504103843320394,0.08854304570169587,0.47850491140460233,CIMAS FIFE AVENUE PHARMACY,1,9,1.0
0.20580489051538908,0.0961085221835034,0.4669885246304041,CIMAS FIFE AVENUE PHARMACY,1,10,1.0
0.040224116953987546,0.025348341779089387,0.6301777067744062,CIMAS FOURTH STREET PHARMACY,1,2,1.0
0.06064256082174061,0.037065022110277,0.6112047645749985,CIMAS FOURTH STREET PHARMACY,1,3,1.0
0.08122289482552854,0.04818862905559866,0.593288741544002,CIMAS FOURTH STREET PHARMACY,1,4,1.0
0.10193079872176675,0.05875110614232886,0.5763822797337003,CIMAS FOURTH STREET PHARMACY,1,5,1.0
0.12273075532456472,0.06878279688368737,0.5604365157029259,CIMAS FOURTH STREET PHARMACY,1,6,1.0
0.14358665655345698,0.07831246721927794,0.5454021223073914,CIMAS FOURTH STREET PHARMACY,1,7,1.0
0.164462329755579,0.087367343425621,0.5312301215449446,CIMAS FOURTH STREET PHARMACY,1,8,1.0
0.18532198794700833,0.09597316135955546,0.5178725008443056,CIMAS FOURTH STREET PHARMACY,1,9,1.0
0.20613060929869428,0.10415422360372381,0.505282664996147,CIMAS FOURTH STREET PHARMACY,1,10,1.0
0.04020312730368865,0.023095847350040617,0.5744788751277458,CIMAS HCC  MUTARE PHARMACY,1,2,1.0
0.06058037268301956,0.03378844471576883,0.5577457387488076,CIMAS HCC  MUTARE PHARMACY,1,3,1.0
0.08110042155849201,0.04395041824236325,0.5419258913551382,CIMAS HCC  MUTARE PHARMACY,1,4,1.0
0.10173030792233782,0.0536097422127031,0.5269790616738272,CIMAS HCC  MUTARE PHARMACY,1,5,1.0
0.12243601071948029,0.06279301962026673,0.5128639789165884,CIMAS HCC  MUTARE PHARMACY,1,6,1.0
0.1431829893330939,0.07152550432820882,0.49953911886708413,CIMAS HCC  MUTARE PHARMACY,1,7,1.0
0.16393665732950044,0.07983113433557074,0.4869632920178195,CIMAS HCC  MUTARE PHARMACY,1,8,1.0
0.18466279547481598,0.08773257326916031,0.47509609633915206,CIMAS HCC  MUTARE PHARMACY,1,9,1.0
0.20532790635884418,0.09525125770060026,0.463898256158776,CIMAS HCC  MUTARE PHARMACY,1,10,1.0
0.040226581934248294,0.02687401347120499,0.6680660443666696,CIMAS HCC CHINHOYI ST. PHARM,1,2,1.0
0.0606516057695716,0.03929334298686505,0.6478533006388792,CIMAS HCC CHINHOYI ST. PHARM,1,3,1.0
0.08124396598532686,0.051081926898892925,0.628747332547978,CIMAS HCC CHINHOYI ST. PHARM,1,4,1.0
0.10197040576421945,0.0622735309217011,0.610702001771894,CIMAS HCC CHINHOYI ST. PHARM,1,5,1.0
0.12279625020215382,0.0729002814493074,0.5936686285557988,CIMAS HCC CHINHOYI ST. PHARM,1,6,1.0
0.143686051273221,0.08299267318052293,0.5775972855062405,CIMAS HCC CHINHOYI ST. PHARM,1,7,1.0
0.1646041443733874,0.09257959689733217,0.5624378246961083,CIMAS HCC CHINHOYI ST. PHARM,1,8,1.0
0.18551512076337712,0.10168838235740063,0.5481406687442112,CIMAS HCC CHINHOYI ST. PHARM,1,9,1.0
0.20638422269367773,0.11034485203866345,0.5346574006407502,CIMAS HCC CHINHOYI ST. PHARM,1,10,1.0
0.040210204922769534,0.022683678231140408,0.5641273968811705,CIMAS HCC CHITUNGWIZA PHARMACY,1,2,1.0
0.06060333668502327,0.03317953581166236,0.5474869475274605,CIMAS HCC CHITUNGWIZA PHARMACY,1,3,1.0
0.08114967462731926,0.04315028014333497,0.5317369458534873,CIMAS HCC CHITUNGWIZA PHARMACY,1,4,1.0
0.10181768148536458,0.05262341455151378,0.51683964694362,CIMAS HCC CHITUNGWIZA PHARMACY,1,5,1.0
0.12257457793368798,0.06162512040792726,0.5027561297520113,CIMAS HCC CHITUNGWIZA PHARMACY,1,6,1.0
0.14338686161320283,0.07018027487756995,0.489447039205633,CIMAS HCC CHITUNGWIZA PHARMACY,1,7,1.0
0.1642207693571915,0.07831248001558387,0.4768731770172677,CIMAS HCC CHITUNGWIZA PHARMACY,1,8,1.0
0.18504268335578913,0.08604410038192166,0.46499596104797697,CIMAS HCC CHITUNGWIZA PHARMACY,1,9,1.0
0.20581948338293754,0.09339630678873258,0.4537777728990022,CIMAS HCC CHITUNGWIZA PHARMACY,1,10,1.0
0.040028301500077565,0.009789808648707547,0.24457217223390246,ASHBRITTLE   PHARMACY,2,2,1.0
0.0600558711183923,0.014383735937037755,0.2395059079016954,ASHBRITTLE   PHARMACY,2,3,1.0
0.08005443573067565,0.018789481347864085,0.234708810028677,ASHBRITTLE   PHARMACY,2,4,1.0
0.09999663983012899,0.023015800461238616,0.23016573857218706,ASHBRITTLE   PHARMACY,2,5,1.0
0.11985618199066325,0.027071001774624334,0.22586237376335877,ASHBRITTLE   PHARMACY,2,6,1.0
0.1396079305861927,0.03096297043799103,0.2217851830335295,ASHBRITTLE   PHARMACY,2,7,1.0
0.15922801921036428,0.03469919082516034,0.2179213871857406,ASHBRITTLE   PHARMACY,2,8,1.0
0.17869392250276814,0.03828676796939189,0.2142589262866441,ASHBRITTLE   PHARMACY,2,9,1.0
0.19798451331425784,0.04173244789711618,0.21078642565782352,ASHBRITTLE   PHARMACY,2,10,1.0
0.0399827427365764,0.011859577920160493,0.29661741812702846,BALLANTYNE PARK PHARMACY,2,2,1.0
0.059918033024760335,0.017444564840804738,0.2911404790874227,BALLANTYNE PARK PHARMACY,2,3,1.0
0.07977707268085676,0.022813879694600827,0.28597037880628107,BALLANTYNE PARK PHARMACY,2,4,1.0
0.0995325937037387,0.02797746749210472,0.2810885002693727,BALLANTYNE PARK PHARMACY,2,5,1.0
0.11915895918782904,0.032944748779429274,0.27647731235633577,BALLANTYNE PARK PHARMACY,2,6,1.0
0.13863223446821438,0.03772464884572369,0.2721203260586066,BALLANTYNE PARK PHARMACY,2,7,1.0
0.1579302311986938,0.04232562546688974,0.2680020484085748,BALLANTYNE PARK PHARMACY,2,8,1.0
0.17703252718106033,0.04675569520770306,0.264107935147328,BALLANTYNE PARK PHARMACY,2,9,1.0
0.19592046480575573,0.051022458316934256,0.26042434294712496,BALLANTYNE PARK PHARMACY,2,10,1.0
0.04012448471671525,0.014913382721053517,0.37167786269018,CIMAS BORROWDALE OFFICE PARK PHARMACY,2,2,1.0
0.060337965338519026,0.021860562643649908,0.36230195236123397,CIMAS BORROWDALE OFFICE PARK PHARMACY,2,3,1.0
0.08060514157134652,0.028491653627098497,0.35347191347439677,CIMAS BORROWDALE OFFICE PARK PHARMACY,2,4,1.0
0.10089123405439936,0.034823101627076976,0.34515487845357085,CIMAS BORROWDALE OFFICE PARK PHARMACY,2,5,1.0
0.12116227706072127,0.04087042182728768,0.33731969073844,CIMAS BORROWDALE OFFICE PARK PHARMACY,2,6,1.0
0.1413853720724433,0.04664825007949991,0.32993689089418804,CIMAS BORROWDALE OFFICE PARK PHARMACY,2,7,1.0
0.16152890329117223,0.05217039256655636,0.3229786837128086,CIMAS BORROWDALE OFFICE PARK PHARMACY,2,8,1.0
0.1815627165579816,0.05744987346908021,0.31641889126908795,CIMAS BORROWDALE OFFICE PARK PHARMACY,2,9,1.0
0.20145826351276963,0.06249898049807729,0.3102328959274273,CIMAS BORROWDALE OFFICE PARK PHARMACY,2,10,1.0
0.040187252954654556,0.022705137697876448,0.5649835713701525,CIMAS BULAWAYO PHARMACY,2,2,1.0
0.06052785105800108,0.0332313235448398,0.5490253323713036,CIMAS BULAWAYO PHARMACY,2,3,1.0
0.0809871293924579,0.04324600131154431,0.5339860992229672,CIMAS BULAWAYO PHARMACY,2,4,1.0
0.10153016235117676,0.052776669305952796,0.5198127146040272,CIMAS BULAWAYO PHARMACY,2,5,1.0
0.12212218608373485,0.061849258590160314,0.5064539095930732,CIMAS BULAWAYO PHARMACY,2,6,1.0
0.1427289541566716,0.07048820753317446,0.49386060417566374,CIMAS BULAWAYO PHARMACY,2,7,1.0
0.16331703363698202,0.07871653850733482,0.48198609020969874,CIMAS BULAWAYO PHARMACY,2,8,1.0
0.18385404844816203,0.08655593490432908,0.4707861242921375,CIMAS BULAWAYO PHARMACY,2,9,1.0
0.2043088763075125,0.09402681712438943,0.46021895290964426,CIMAS BULAWAYO PHARMACY,2,10,1.0
0.040141840024918614,0.01613961700922709,0.4020647035414469,CIMAS CLINIC -MASVINGO PHARMACY,2,2,1.0
0.06039355818866286,0.023647712524208313,0.391560180149271,CIMAS CLINIC -MASVINGO PHARMACY,2,3,1.0
0.08072301439705658,0.03080689280986753,0.3816370466337646,CIMAS CLINIC -MASVINGO PHARMACY,2,4,1.0
0.10109819775250035,0.03763502724501871,0.37226209845158115,CIMAS CLINIC -MASVINGO PHARMACY,2,5,1.0
0.12148749824298859,0.04414900626154992,0.36340369914645015,CIMAS CLINIC -MASVINGO PHARMACY,2,6,1.0
0.14185994449083872,0.05036479212266674,0.355031804808857,CIMAS CLINIC -MASVINGO PHARMACY,2,7,1.0
0.16218540945443025,0.05629746859016566,0.3471179607311331,CIMAS CLINIC -MASVINGO PHARMACY,2,8,1.0
0.18243478604003116,0.0619612890951046,0.3396352770217222,CIMAS CLINIC -MASVINGO PHARMACY,2,9,1.0
0.20258013460820315,0.06736972314137799,0.33255838866764165,CIMAS CLINIC -MASVINGO PHARMACY,2,10,1.0
0.04018104187373991,0.018379968629778833,0.45742887124564474,CIMAS FIFE AVENUE PHARMACY,2,2,1.0
0.06050909132932005,0.026904933569631338,0.44464282934280963,CIMAS FIFE AVENUE PHARMACY,2,3,1.0
0.08094965296450005,0.03501809504370225,0.43259104593146575,CIMAS FIFE AVENUE PHARMACY,2,4,1.0
0.10146816939669338,0.04274143739465771,0.4212300039390536,CIMAS FIFE AVENUE PHARMACY,2,5,1.0
0.12203036621705532,0.05009568558952422,0.410518194302712,CIMAS FIFE AVENUE PHARMACY,2,6,1.0
0.14260254765660987,0.057100371779511966,0.4004162107749361,CIMAS FIFE AVENUE PHARMACY,2,7,1.0
0.16315184767158916,0.06377390120653215,0.3908867850206858,CIMAS FIFE AVENUE PHARMACY,2,8,1.0
0.18364644084775608,0.07013361659616972,0.3818947771185551,CIMAS FIFE AVENUE PHARMACY,2,9,1.0
0.20405571716563772,0.07619586043039102,0.3734071335454949,CIMAS FIFE AVENUE PHARMACY,2,10,1.0
0.04019103941814516,0.02024235552120765,0.5036534464960559,CIMAS FOURTH STREET PHARMACY,2,2,1.0
0.060537446621946274,0.029624112397117548,0.48935186484026727,CIMAS FOURTH STREET PHARMACY,2,3,1.0
0.0810030501460256,0.03854861975069113,0.4758909656018985,CIMAS FOURTH STREET PHARMACY,2,4,1.0
0.10155162695980934,0.04704071978383071,0.46321975523294984,CIMAS FOURTH STREET PHARMACY,2,5,1.0
0.12214728677367766,0.05512380158315738,0.45128961141228047,CIMAS FOURTH STREET PHARMACY,2,6,1.0
0.14275479849147357,0.06281987907533768,0.4400544131557845,CIMAS FOURTH STREET PHARMACY,2,7,1.0
0.16333986466002567,0.07014966841293784,0.4294705922460926,CIMAS FOURTH STREET PHARMACY,2,8,1.0
0.18386934935381063,0.07713266366878796,0.41949712630116187,CIMAS FOURTH STREET PHARMACY,2,9,1.0
0.20431146446459003,0.08378721005191406,0.4100954896069257,CIMAS FOURTH STREET PHARMACY,2,10,1.0
0.040164062867602546,0.018088243550546487,0.4503589094104563,CIMAS HCC  MUTARE PHARMACY,2,2,1.0
0.06045733568963525,0.026488921469033772,0.4381423886262161,CIMAS HCC  MUTARE PHARMACY,2,3,1.0
0.08084469635797353,0.03449102968623297,0.4266331774382526,CIMAS HCC  MUTARE PHARMACY,2,4,1.0
0.10129115110746319,0.04211574883478018,0.41578902376277826,CIMAS HCC  MUTARE PHARMACY,2,5,1.0
0.12176217936941351,0.049383045346177344,0.4055696571950674,CIMAS HCC  MUTARE PHARMACY,2,6,1.0
0.14222402923728478,0.05631173596526254,0.39593686290038055,CIMAS HCC  MUTARE PHARMACY,2,7,1.0
0.16264396707358458,0.06291955138633568,0.3868545050789935,CIMAS HCC  MUTARE PHARMACY,2,8,1.0
0.18299048487863767,0.06922319829080342,0.3782885123055081,CIMAS HCC  MUTARE PHARMACY,2,9,1.0
0.20323346903615755,0.07523841927484905,0.37020683468953275,CIMAS HCC  MUTARE PHARMACY,2,10,1.0
0.04020140026771898,0.021744978049164296,0.5409010110183932,CIMAS HCC CHINHOYI ST. PHARM,2,2,1.0
0.06056965626871839,0.031815141502075,0.525265346742708,CIMAS HCC CHINHOYI ST. PHARM,2,3,1.0
0.08106946569854831,0.04138916151396733,0.5105394633766345,CIMAS HCC CHINHOYI ST. PHARM,2,4,1.0
0.10166525558249916,0.05049402427563349,0.49666942739015374,CIMAS HCC CHINHOYI ST. PHARM,2,5,1.0
0.12232159596756555,0.059155150461123664,0.4836034879467161,CIMAS HCC CHINHOYI ST. PHARM,2,6,1.0
0.14300354845779498,0.06739647436215059,0.4712923216869789,CIMAS HCC CHINHOYI ST. PHARM,2,7,1.0
0.1636769573945764,0.07524052410329367,0.4596891663981214,CIMAS HCC CHINHOYI ST. PHARM,2,8,1.0
0.1843086907550838,0.08270850127291667,0.4487498713927862,CIMAS HCC CHINHOYI ST. PHARM,2,9,1.0
0.20486683703307043,0.08982035877425716,0.4384328868208084,CIMAS HCC CHINHOYI ST. PHARM,2,10,1.0
0.040179958811593024,0.017652218827605815,0.4393289428288977,CIMAS HCC CHITUNGWIZA PHARMACY,2,2,1.0
0.060506570760847304,0.025840258209309918,0.42706532339179726,CIMAS HCC CHITUNGWIZA PHARMACY,2,3,1.0
0.08094600435355302,0.033633010283890465,0.41549932640268966,CIMAS HCC CHITUNGWIZA PHARMACY,2,4,1.0
0.1014642883918312,0.04105146724609421,0.40459030361069603,CIMAS HCC CHITUNGWIZA PHARMACY,2,5,1.0
0.12202765042341787,0.048115432324307934,0.39429942441204524,CIMAS HCC CHITUNGWIZA PHARMACY,2,6,1.0
0.1426028107671903,0.05484358133041063,0.3845897639419384,CIMAS HCC CHITUNGWIZA PHARMACY,2,7,1.0
0.16315723546205238,0.061253523668475925,0.3754263394755941,CIMAS HCC CHITUNGWIZA PHARMACY,2,8,1.0
0.18365935144990453,0.06736186203961783,0.3667761075481727,CIMAS HCC CHITUNGWIZA PHARMACY,2,9,1.0
0.20407872718592837,0.07318425029479579,0.35860793186994155,CIMAS HCC CHITUNGWIZA PHARMACY,2,10,1.0
0.03989100614103384,0.007241776147417894,0.18153906977965767,ASHBRITTLE   PHARMACY,3,2,1.0
0.05965223432161927,0.010676134025378977,0.17897291101985954,ASHBRITTLE   PHARMACY,3,3,1.0
0.07926429058633697,0.013992770993229849,0.17653310071561817,ASHBRITTLE   PHARMACY,3,4,1.0
0.09870917110028085,0.01719637178148339,0.17421250315244985,ASHBRITTLE   PHARMACY,3,5,1.0
0.11797025087667903,0.020291404046161123,0.17200441548075432,ASHBRITTLE   PHARMACY,3,6,1.0
0.13703226268908678,0.023282129783354137,0.1699025421201654,ASHBRITTLE   PHARMACY,3,7,1.0
0.15588126755750265,0.02617261609237545,0.16790097041468244,ASHBRITTLE   PHARMACY,3,8,1.0
0.17450461813560864,0.028966745325287986,0.16599414751750435,ASHBRITTLE   PHARMACY,3,9,1.0
0.192890916248627,0.03166822465868189,0.16417685847820376,ASHBRITTLE   PHARMACY,3,10,1.0
0.0398559627962731,0.009559427827629509,0.2398493765285079,BALLANTYNE PARK PHARMACY,3,2,1.0
0.059548276815938404,0.014105298914607762,0.2368716555511209,BALLANTYNE PARK PHARMACY,3,3,1.0
0.07905897612781204,0.01850339754535208,0.23404549934264576,BALLANTYNE PARK PHARMACY,3,4,1.0
0.0983717001918873,0.02275945626475701,0.23136182682988718,BALLANTYNE PARK PHARMACY,3,5,1.0
0.1174716435324,0.02687893886281845,0.22881214610234799,BALLANTYNE PARK PHARMACY,3,6,1.0
0.13634549739430904,0.03086705501933031,0.22638851747383537,BALLANTYNE PARK PHARMACY,3,7,1.0
0.15498138525154861,0.03472877408466095,0.2240835183418515,BALLANTYNE PARK PHARMACY,3,8,1.0
0.1733687938380451,0.03846883804637868,0.22189020985123126,BALLANTYNE PARK PHARMACY,3,9,1.0
0.19149850117531306,0.04209177372940454,0.2198021053484401,BALLANTYNE PARK PHARMACY,3,10,1.0
0.04004183008540922,0.011565243832337176,0.2888290522103638,CIMAS BORROWDALE OFFICE PARK PHARMACY,3,2,1.0
0.060091481684362416,0.016987178596446998,0.28268862940797757,CIMAS BORROWDALE OFFICE PARK PHARMACY,3,3,1.0
0.08011621009437965,0.022184497393498474,0.2769039794489077,CIMAS BORROWDALE OFFICE PARK PHARMACY,3,4,1.0
0.1000847073813665,0.027168239882923398,0.2714524585599329,CIMAS BORROWDALE OFFICE PARK PHARMACY,3,5,1.0
0.11996724236670249,0.03194882171891395,0.2663128791545975,CIMAS BORROWDALE OFFICE PARK PHARMACY,3,6,1.0
0.13973576947580915,0.03653607298696804,0.261465429531936,CIMAS BORROWDALE OFFICE PARK PHARMACY,3,7,1.0
0.15936400851193666,0.04093927429571717,0.25689159477091555,CIMAS BORROWDALE OFFICE PARK PHARMACY,3,8,1.0
0.17882749764259007,0.04516719062620219,0.2525740796109258,CIMAS BORROWDALE OFFICE PARK PHARMACY,3,9,1.0
0.19810362204246568,0.049228103047746864,0.2484967338819998,CIMAS BORROWDALE OFFICE PARK PHARMACY,3,10,1.0
0.04015114503923227,0.01902626268871946,0.4738660048207497,CIMAS BULAWAYO PHARMACY,3,2,1.0
0.060418586653610475,0.02787175782996844,0.46131098679553256,CIMAS BULAWAYO PHARMACY,3,3,1.0
0.08076778669822049,0.03630355390969624,0.4494806084675847,CIMAS BULAWAYO PHARMACY,3,4,1.0
0.10116480324594332,0.0443434539020922,0.4383288701139283,CIMAS BULAWAYO PHARMACY,3,5,1.0
0.12157652977123985,0.05201196808973215,0.42781257359128955,CIMAS BULAWAYO PHARMACY,3,6,1.0
0.14197089317338923,0.05932839387632075,0.4178912490454146,CIMAS BULAWAYO PHARMACY,3,7,1.0
0.1623170155487709,0.06631089198175151,0.40852705280197366,CIMAS BULAWAYO PHARMACY,3,8,1.0
0.1825853440367159,0.07297655872570628,0.399684646709823,CIMAS BULAWAYO PHARMACY,3,9,1.0
0.20274775254776461,0.07934149426399667,0.391331066643044,CIMAS BULAWAYO PHARMACY,3,10,1.0
0.04008631208190132,0.0127809660318693,0.3188361654660623,CIMAS CLINIC -MASVINGO PHARMACY,3,2,1.0
0.06022743235458837,0.01875216158020729,0.311355819882942,CIMAS CLINIC -MASVINGO PHARMACY,3,3,1.0
0.0803925016065448,0.02446224425381697,0.3042851480544733,CIMAS CLINIC -MASVINGO PHARMACY,3,4,1.0
0.10055148038509243,0.02992406943498419,0.2975994915279305,CIMAS CLINIC -MASVINGO PHARMACY,3,5,1.0
0.12067530000173389,0.03514978355641575,0.291275708914009,CIMAS CLINIC -MASVINGO PHARMACY,3,6,1.0
0.14073599081138444,0.04015086629317852,0.28529209949563683,CIMAS CLINIC -MASVINGO PHARMACY,3,7,1.0
0.16070678912707217,0.04493817037358586,0.2796283257084608,CIMAS CLINIC -MASVINGO PHARMACY,3,8,1.0
0.18056222414446302,0.04952195906854895,0.2742653359704284,CIMAS CLINIC -MASVINGO PHARMACY,3,9,1.0
0.20027818626063373,0.05391194143859212,0.26918528894821003,CIMAS CLINIC -MASVINGO PHARMACY,3,10,1.0
0.040135283158724035,0.014805098164004602,0.36887987323907745,CIMAS FIFE AVENUE PHARMACY,3,2,1.0
0.06037180586930608,0.021696282994319048,0.35937773737110884,CIMAS FIFE AVENUE PHARMACY,3,3,1.0
0.08067598510971759,0.028270166915913802,0.3504161353278425,CIMAS FIFE AVENUE PHARMACY,3,4,1.0
0.10101491864169165,0.0345431657338288,0.3419610310864704,CIMAS FIFE AVENUE PHARMACY,3,5,1.0
0.12135657427525072,0.04053073970467807,0.33398058528538943,CIMAS FIFE AVENUE PHARMACY,3,6,1.0
0.14166995100509533,0.046247453682098094,0.3264450460665067,CIMAS FIFE AVENUE PHARMACY,3,7,1.0
0.16192521450842648,0.05170703378815442,0.3193266344906625,CIMAS FIFE AVENUE PHARMACY,3,8,1.0
0.18209380923190946,0.056922420649220665,0.31259942822507436,CIMAS FIFE AVENUE PHARMACY,3,9,1.0
0.20214854908287866,0.0619058192862521,0.3062392461737205,CIMAS FIFE AVENUE PHARMACY,3,10,1.0
0.040144893172645364,0.016563563445610878,0.41259453286818687,CIMAS FOURTH STREET PHARMACY,3,2,1.0
0.06039889601417171,0.024267717075834153,0.4017907391906648,CIMAS FOURTH STREET PHARMACY,3,3,1.0
0.08072671981042855,0.03161395883327471,0.3916170371781998,CIMAS FOURTH STREET PHARMACY,3,4,1.0
0.10109382163259881,0.0386211499223855,0.38203274244339863,CIMAS FOURTH STREET PHARMACY,3,5,1.0
0.12146661773949723,0.04530702843013829,0.3729998354552506,CIMAS FOURTH STREET PHARMACY,3,6,1.0
0.1418126630405351,0.05168828134959524,0.3644828341938751,CIMAS FOURTH STREET PHARMACY,3,7,1.0
0.1621007998650716,0.05778061246810101,0.35644865735515224,CIMAS FOURTH STREET PHARMACY,3,8,1.0
0.18230127894314235,0.06359880612941603,0.3488664835382299,CIMAS FOURTH STREET PHARMACY,3,9,1.0
0.2023858552224195,0.06915678695470573,0.34170761034017566,CIMAS FOURTH STREET PHARMACY,3,10,1.0
0.04010761846379717,0.014519338508411266,0.3620094900802209,CIMAS HCC  MUTARE PHARMACY,3,2,1.0
0.060288267249929466,0.0212919642381427,0.3531692849933021,CIMAS HCC  MUTARE PHARMACY,3,3,1.0
0.08050811669449023,0.027762143617629065,0.34483657993118894,CIMAS HCC  MUTARE PHARMACY,3,4,1.0
0.10073431009686012,0.03394534638220418,0.3369789930517651,CIMAS HCC  MUTARE PHARMACY,3,5,1.0
0.12093514363516533,0.03985614135666783,0.32956624649080524,CIMAS HCC  MUTARE PHARMACY,3,6,1.0
0.1410802145300883,0.04550825335223074,0.3225700606127528,CIMAS HCC  MUTARE PHARMACY,3,7,1.0
0.16114054017844717,0.05091461674363004,0.31596404410241613,CIMAS HCC  MUTARE PHARMACY,3,8,1.0
0.18108865087339296,0.056087425780459464,0.3097235829520462,CIMAS HCC  MUTARE PHARMACY,3,9,1.0
0.20089865861918635,0.061038181728306266,0.30382573058393214,CIMAS HCC  MUTARE PHARMACY,3,10,1.0
0.04016376535291075,0.018015716472168323,0.4485564616232548,CIMAS HCC CHINHOYI ST. PHARM,3,2,1.0
0.06045610872306737,0.02638325302632513,0.4364034269420064,CIMAS HCC CHINHOYI ST. PHARM,3,3,1.0
0.08084211684965996,0.03435427601495644,0.4249551762584869,CIMAS HCC CHINHOYI ST. PHARM,3,4,1.0
0.10128742404003112,0.04194986030301349,0.41416652363904466,CIMAS HCC CHINHOYI ST. PHARM,3,5,1.0
0.12175844340416676,0.049189820986733634,0.4039951531201185,CIMAS HCC CHINHOYI ST. PHARM,3,6,1.0
0.14222256095113198,0.05609279316205145,0.39440151257946393,CIMAS HCC CHINHOYI ST. PHARM,3,7,1.0
0.16264829692257698,0.0626763075897629,0.3853486865564769,CIMAS HCC CHINHOYI ST. PHARM,3,8,1.0
0.1830054381124991,0.06895686209763337,0.3768022568555774,CIMAS HCC CHINHOYI ST. PHARM,3,9,1.0
0.20326514440707785,0.07494998869027433,0.3687301573956647,CIMAS HCC CHINHOYI ST. PHARM,3,10,1.0
0.04013233570201274,0.014026041458546752,0.3494947705683452,CIMAS HCC CHITUNGWIZA PHARMACY,3,2,1.0
0.060363412645021326,0.02055607223195385,0.340538603290006,CIMAS HCC CHITUNGWIZA PHARMACY,3,3,1.0
0.08066006597478177,0.02678630270737679,0.332088777558792,CIMAS HCC CHITUNGWIZA PHARMACY,3,4,1.0
0.10098977940946405,0.03273217314256216,0.32411372055630744,CIMAS HCC CHITUNGWIZA PHARMACY,3,5,1.0
0.12132087456393177,0.03840823118247332,0.3165838634161309,CIMAS HCC CHITUNGWIZA PHARMACY,3,6,1.0
0.1416226729723793,0.043828187403826394,0.309471544943755,CIMAS HCC CHITUNGWIZA PHARMACY,3,7,1.0
0.16186563296583478,0.049004967715314346,0.30275091022970824,CIMAS HCC CHITUNGWIZA PHARMACY,3,8,1.0
0.18202146340048772,0.05395076264349809,0.296397807355248,CIMAS HCC CHITUNGWIZA PHARMACY,3,9,1.0
0.20206321609565497,0.05867707357985492,0.29038968454346337,CIMAS HCC CHITUNGWIZA PHARMACY,3,10,1.0
0.03977679588212145,0.00606060335565859,0.15236529793951203,ASHBRITTLE   PHARMACY,4,2,1.0
0.05932248156938429,0.008960130367501007,0.15104105779899193,ASHBRITTLE   PHARMACY,4,3,1.0
0.07862988249979637,0.01177609522555587,0.14976615570532445,ASHBRITTLE   PHARMACY,4,4,1.0
0.09769252629542846,0.014511096319929915,0.1485384488476368,ASHBRITTLE   PHARMACY,4,5,1.0
0.11650461331299354,0.017167642608549357,0.14735590394543358,ASHBRITTLE   PHARMACY,4,6,1.0
0.13506098723309817,0.019748157113041783,0.1462165908720848,ASHBRITTLE   PHARMACY,4,7,1.0
0.15335710582664994,0.022254980256968513,0.14511867667954587,ASHBRITTLE   PHARMACY,4,8,1.0
0.1713890120195423,0.024690373054616233,0.1440604199982258,ASHBRITTLE   PHARMACY,4,9,1.0
0.18915330536067854,0.02705652015806647,0.14304016578761314,ASHBRITTLE   PHARMACY,4,10,1.0
0.039766257514818416,0.008444638840043758,0.21235689169132813,BALLANTYNE PARK PHARMACY,4,2,1.0
0.05929049094218761,0.01248812875819212,0.21062616550719612,BALLANTYNE PARK PHARMACY,4,3,1.0
0.07856532654026512,0.016417399728897348,0.20896495250335845,BALLANTYNE PARK PHARMACY,4,4,1.0
0.09758424958312154,0.020236030914369055,0.20736984708922884,BALLANTYNE PARK PHARMACY,4,5,1.0
0.11634155620744428,0.02394747151900493,0.20583764133518284,BALLANTYNE PARK PHARMACY,4,6,1.0
0.13483230624242612,0.02755504639399209,0.20436531245300069,BALLANTYNE PARK PHARMACY,4,7,1.0
0.15305227725746867,0.031061961361016854,0.2029500110525215,BALLANTYNE PARK PHARMACY,4,8,1.0
0.1709979200118201,0.034471308270357555,0.20158905013566686,BALLANTYNE PARK PHARMACY,4,9,1.0
0.1886663154461588,0.03778606980783312,0.2002798947892552,BALLANTYNE PARK PHARMACY,4,10,1.0
0.03995127980886215,0.00930198099585304,0.23283311674510207,CIMAS BORROWDALE OFFICE PARK PHARMACY,4,2,1.0
0.05982514409254526,0.01369328699050894,0.22888849159019817,CIMAS BORROWDALE OFFICE PARK PHARMACY,4,3,1.0
0.07959469106914252,0.017921908691360955,0.2251646240550454,CIMAS BORROWDALE OFFICE PARK PHARMACY,4,4,1.0
0.09923485269921849,0.02199514586609334,0.22164738766490416,CIMAS BORROWDALE OFFICE PARK PHARMACY,4,5,1.0
0.11872241183532856,0.02591990624357955,0.2183236159279784,CIMAS BORROWDALE OFFICE PARK PHARMACY,4,6,1.0
0.13803599892944743,0.029702729627972616,0.21518103870247782,CIMAS BORROWDALE OFFICE PARK PHARMACY,4,7,1.0
0.15715607090271116,0.03334981040359946,0.21220822213253823,CIMAS BORROWDALE OFFICE PARK PHARMACY,4,8,1.0
0.17606487473077853,0.036867018538403344,0.20939451207844179,CIMAS BORROWDALE OFFICE PARK PHARMACY,4,9,1.0
0.1947463981998381,0.04025991918785887,0.20672998093934628,CIMAS BORROWDALE OFFICE PARK PHARMACY,4,10,1.0
0.04011534060807077,0.016335301895883808,0.40720835591253396,CIMAS BULAWAYO PHARMACY,4,2,1.0
0.060312333932319655,0.023950607178963638,0.3971096062347737,CIMAS BULAWAYO PHARMACY,4,3,1.0
0.080558081591895,0.03122289851582669,0.387582448574198,CIMAS BULAWAYO PHARMACY,4,4,1.0
0.1008206478881674,0.0381696909305126,0.37859001831501127,CIMAS BULAWAYO PHARMACY,4,5,1.0
0.1210692033119383,0.04480746927385119,0.3700979939415596,CIMAS BULAWAYO PHARMACY,4,6,1.0
0.14127414172488795,0.05115175603376671,0.3620744419978693,CIMAS BULAWAYO PHARMACY,4,7,1.0
0.1614071741409007,0.05721717473163938,0.35448966278098354,CIMAS BULAWAYO PHARMACY,4,8,1.0
0.18144140168685902,0.06301750906614255,0.34731603967049063,CIMAS BULAWAYO PHARMACY,4,9,1.0
0.20135137003274015,0.06856575800128081,0.34052789404974937,CIMAS BULAWAYO PHARMACY,4,10,1.0
0.04002743399927374,0.010424616660914666,0.2604367959510922,CIMAS CLINIC -MASVINGO PHARMACY,4,2,1.0
0.06005336635610837,0.015316972051983884,0.2550560107014868,CIMAS CLINIC -MASVINGO PHARMACY,4,3,1.0
0.08004990648974782,0.020009324857101426,0.2499606274950998,CIMAS CLINIC -MASVINGO PHARMACY,4,4,1.0
0.09999030568003962,0.02451098264867978,0.2451335905213933,CIMAS CLINIC -MASVINGO PHARMACY,4,5,1.0
0.11984903658573019,0.02883075793529239,0.24055894612610612,CIMAS CLINIC -MASVINGO PHARMACY,4,6,1.0
0.13960185649995813,0.03297699785712515,0.2362217715717487,CIMAS CLINIC -MASVINGO PHARMACY,4,7,1.0
0.15922585540410972,0.03695761196730833,0.23210810752758207,CIMAS CLINIC -MASVINGO PHARMACY,4,8,1.0
0.1786994899149925,0.0407800982149798,0.22820489434177416,CIMAS CLINIC -MASVINGO PHARMACY,4,9,1.0
0.19800260424361588,0.04445156724273152,0.22449991207206435,CIMAS CLINIC -MASVINGO PHARMACY,4,10,1.0
0.04008984138989019,0.012230497220704047,0.3050772164887716,CIMAS FIFE AVENUE PHARMACY,4,2,1.0
0.06023737231909654,0.017943112125223253,0.29787342034398306,CIMAS FIFE AVENUE PHARMACY,4,3,1.0
0.08041128223226832,0.023405140936942133,0.29106787365156406,CIMAS FIFE AVENUE PHARMACY,4,4,1.0
0.1005812365021931,0.02862900742848812,0.2846356678848732,CIMAS FIFE AVENUE PHARMACY,4,5,1.0
0.12071799171572947,0.03362643150556045,0.2785536027201731,CIMAS FIFE AVENUE PHARMACY,4,6,1.0
0.14079349288976165,0.03840847443651642,0.2728000680158525,CIMAS FIFE AVENUE PHARMACY,4,7,1.0
0.160780953800893,0.042985580965491176,0.2673549319698863,CIMAS FIFE AVENUE PHARMACY,4,8,1.0
0.18065492154873666,0.047367618502065854,0.26219943578612737,CIMAS FIFE AVENUE PHARMACY,4,9,1.0
0.20039132643028176,0.051563913578378764,0.2573160949474447,CIMAS FIFE AVENUE PHARMACY,4,10,1.0
0.04009958076988829,0.013907468662379135,0.3468232932954396,CIMAS FOURTH STREET PHARMACY,4,2,1.0
0.06026479478720735,0.02039864351440814,0.33848358044584664,CIMAS FOURTH STREET PHARMACY,4,3,1.0
0.0804626153109368,0.026602360204677107,0.33061764276336175,CIMAS FOURTH STREET PHARMACY,4,4,1.0
0.10066109001896154,0.03253315722957143,0.32319496265581027,CIMAS FOURTH STREET PHARMACY,4,5,1.0
0.12082947062755678,0.038204727613002636,0.3161871637323017,CIMAS FOURTH STREET PHARMACY,4,6,1.0
0.14093832033440004,0.04362997460201686,0.30956786272532094,CIMAS FOURTH STREET PHARMACY,4,7,1.0
0.16095960078333088,0.04882106347771588,0.30331252836191075,CIMAS FOURTH STREET PHARMACY,4,8,1.0
0.1808667401428805,0.05378946971337345,0.2973983479266615,CIMAS FOURTH STREET PHARMACY,4,9,1.0
0.2006346838112924,0.058546023713451675,0.2918041018696315,CIMAS FOURTH STREET PHARMACY,4,10,1.0
0.04005033721574531,0.011989863277529343,0.29936984582530984,CIMAS HCC  MUTARE PHARMACY,4,2,1.0
0.06011910513669203,0.017607164251590732,0.2928713627981912,CIMAS HCC  MUTARE PHARMACY,4,3,1.0
0.08017560657377851,0.022989074315027395,0.28673402419316385,CIMAS HCC  MUTARE PHARMACY,4,4,1.0
0.10019046470589217,0.028146994394381022,0.28093486218480135,CIMAS HCC  MUTARE PHARMACY,4,5,1.0
0.12013571138187609,0.03309168251649449,0.2754525039711611,CIMAS HCC  MUTARE PHARMACY,4,6,1.0
0.1399848545949257,0.03783329527353896,0.2702670612690008,CIMAS HCC  MUTARE PHARMACY,4,7,1.0
0.15971292698942777,0.04238142641076117,0.265360025701405,CIMAS HCC  MUTARE PHARMACY,4,8,1.0
0.1792965172015264,0.04674514271986082,0.2607141702999174,CIMAS HCC  MUTARE PHARMACY,4,9,1.0
0.19871378577230814,0.05093301741712718,0.2563134571623917,CIMAS HCC  MUTARE PHARMACY,4,10,1.0
0.040126872782623,0.015294644202435858,0.38115714337597784,CIMAS HCC CHINHOYI ST. PHARM,4,2,1.0
0.06034677504073192,0.022418422723449988,0.37149330197543035,CIMAS HCC CHINHOYI ST. PHARM,4,3,1.0
0.08062657532925495,0.02921722442976087,0.36237709849942673,CIMAS HCC CHINHOYI ST. PHARM,4,4,1.0
0.10093402258250488,0.03570775221010801,0.35377320051739736,CIMAS HCC CHINHOYI ST. PHARM,4,5,1.0
0.12123788894262637,0.041905724784982994,0.3456487501594004,CIMAS HCC CHINHOYI ST. PHARM,4,6,1.0
0.1415080895184103,0.04782594201777777,0.3379732012533148,CIMAS HCC CHINHOYI ST. PHARM,4,7,1.0
0.16171578133002998,0.05348234578737973,0.3307181608839574,CIMAS HCC CHINHOYI ST. PHARM,4,8,1.0
0.18183344340904709,0.05888807663725092,0.3238572373332779,CIMAS HCC CHINHOYI ST. PHARM,4,9,1.0
0.20183493979845984,0.06405552643578614,0.31736589561623035,CIMAS HCC CHINHOYI ST. PHARM,4,10,1.0
0.04008270260504357,0.011423031412769711,0.28498655705247683,CIMAS HCC CHITUNGWIZA PHARMACY,4,2,1.0
0.060216399111124856,0.016761421938164434,0.2783531095446688,CIMAS HCC CHITUNGWIZA PHARMACY,4,3,1.0
0.08037023882618877,0.021867472724522916,0.27208420733717376,CIMAS HCC CHITUNGWIZA PHARMACY,4,4,1.0
0.10051435985427012,0.02675262005616981,0.2661571948023831,CIMAS HCC CHITUNGWIZA PHARMACY,4,5,1.0
0.12062000072869956,0.031427656505254614,0.26055095602214595,CIMAS HCC CHITUNGWIZA PHARMACY,4,6,1.0
0.14065959411710552,0.03590277200596461,0.2552458097957678,CIMAS HCC CHITUNGWIZA PHARMACY,4,7,1.0
0.16060684376022016,0.040187592122412207,0.25022341004602977,CIMAS HCC CHITUNGWIZA PHARMACY,4,8,1.0
0.18043678576441588,0.04429121368252723,0.245466651907418,CIMAS HCC CHITUNGWIZA PHARMACY,4,9,1.0
0.20012583533915315,0.04822223794823581,0.24095958358656497,CIMAS HCC CHITUNGWIZA PHARMACY,4,10,1.0
0.03974773503250162,0.005822055711357462,0.14647515654909096,ASHBRITTLE   PHARMACY,5,2,1.0
0.05923944334974333,0.008613666281610198,0.14540424073123095,ASHBRITTLE   PHARMACY,5,3,1.0
0.0784716947466194,0.011328650510371541,0.14436607425073594,ASHBRITTLE   PHARMACY,5,4,1.0
0.09744139170037354,0.013969168743617812,0.14335970063494344,ASHBRITTLE   PHARMACY,5,5,1.0
0.11614576876268752,0.0165373203962564,0.14238418301785874,ASHBRITTLE   PHARMACY,5,6,1.0
0.13458239036130715,0.019035145514432885,0.1414386047337256,ASHBRITTLE   PHARMACY,5,7,1.0
0.15274914716482907,0.02146462631658301,0.14052206977902723,ASHBRITTLE   PHARMACY,5,8,1.0
0.1706442511596157,0.023827688711563207,0.1396337031552002,ASHBRITTLE   PHARMACY,5,9,1.0
0.18826622958221595,0.026126203792417296,0.13877265110367534,ASHBRITTLE   PHARMACY,5,10,1.0
0.039731174781133805,0.008062706103275669,0.20293148007051162,BALLANTYNE PARK PHARMACY,5,2,1.0
0.05919045130891289,0.0119337146004392,0.2016155365695315,BALLANTYNE PARK PHARMACY,5,3,1.0
0.07837515021105648,0.01570177220738969,0.20034120719521917,BALLANTYNE PARK PHARMACY,5,4,1.0
0.09728297440534835,0.01936973151572061,0.19910710619324687,BALLANTYNE PARK PHARMACY,5,5,1.0
0.11591199712389551,0.022940362884762096,0.19791189397109343,BALLANTYNE PARK PHARMACY,5,6,1.0
0.1342606494357434,0.026416356849452077,0.19675427580956875,BALLANTYNE PARK PHARMACY,5,7,1.0
0.15232770736390783,0.02980032646302841,0.1956330005797043,BALLANTYNE PARK PHARMACY,5,8,1.0
0.17011227868680498,0.03309480957552992,0.19454685946839279,BALLANTYNE PARK PHARMACY,5,9,1.0
0.1876137895078741,0.03630227104916566,0.1934946847158165,BALLANTYNE PARK PHARMACY,5,10,1.0
0.03986559490679466,0.007804977135187307,0.19578228177543222,CIMAS BORROWDALE OFFICE PARK PHARMACY,5,2,1.0
0.05957571367518462,0.011513879049934112,0.1932646432522729,CIMAS BORROWDALE OFFICE PARK PHARMACY,5,3,1.0
0.07911109079459643,0.015100626396983704,0.1908787534758038,CIMAS BORROWDALE OFFICE PARK PHARMACY,5,4,1.0
0.09845421376561365,0.018570075995195143,0.18861636576982113,CIMAS BORROWDALE OFFICE PARK PHARMACY,5,5,1.0
0.11758926082509485,0.021926846376230325,0.18646980364001822,CIMAS BORROWDALE OFFICE PARK PHARMACY,5,6,1.0
0.13650203105970457,0.025175331754941174,0.18443192060585345,CIMAS BORROWDALE OFFICE PARK PHARMACY,5,7,1.0
0.15517986884244825,0.02831971507227317,0.18249606268855495,CIMAS BORROWDALE OFFICE PARK PHARMACY,5,8,1.0
0.17361158431575643,0.03136398017697128,0.18065603341265507,CIMAS BORROWDALE OFFICE PARK PHARMACY,5,9,1.0
0.191787371434336,0.03431192320757938,0.1789060611810255,CIMAS BORROWDALE OFFICE PARK PHARMACY,5,10,1.0
0.040083787758929845,0.014334159838835046,0.3576049230936687,CIMAS BULAWAYO PHARMACY,5,2,1.0
0.060219415689694175,0.0210326499261246,0.3492669213946572,CIMAS BULAWAYO PHARMACY,5,3,1.0
0.08037593708553202,0.027439461323966775,0.34138900669695565,CIMAS BULAWAYO PHARMACY,5,4,1.0
0.10052351880369255,0.03356900527723843,0.3339418046317469,CIMAS BULAWAYO PHARMACY,5,5,1.0
0.12063353357925335,0.03943486512435302,0.32689803534972517,CIMAS BULAWAYO PHARMACY,5,6,1.0
0.1406786340292034,0.04504985121468866,0.3202323616913766,CIMAS BULAWAYO PHARMACY,5,7,1.0
0.1606328101785658,0.050426051886884204,0.3139212457954798,CIMAS BULAWAYO PHARMACY,5,8,1.0
0.18047143215253414,0.055574880762985814,0.30794281455036066,CIMAS BULAWAYO PHARMACY,5,9,1.0
0.20017127952316952,0.06050712060993419,0.30227673397536825,CIMAS BULAWAYO PHARMACY,5,10,1.0
0.039970954066834354,0.008768372226867995,0.2193685998139208,CIMAS CLINIC -MASVINGO PHARMACY,5,2,1.0
0.05988735375649726,0.012901287839686111,0.21542591265833705,CIMAS CLINIC -MASVINGO PHARMACY,5,3,1.0
0.07972492277322415,0.016876495043916653,0.21168405633858667,CIMAS CLINIC -MASVINGO PHARMACY,5,4,1.0
0.09946066151230812,0.02070088053314052,0.20813133774078924,CIMAS CLINIC -MASVINGO PHARMACY,5,5,1.0
0.11907287867560433,0.024380983401487512,0.20475681509229096,CIMAS CLINIC -MASVINGO PHARMACY,5,6,1.0
0.13854121093855198,0.027923015317501396,0.20155024723933054,CIMAS CLINIC -MASVINGO PHARMACY,5,7,1.0
0.15784663167309163,0.03133287938555963,0.1985020462802881,CIMAS CLINIC -MASVINGO PHARMACY,5,8,1.0
0.1769714497425438,0.03461618778508572,0.1956032333771633,CIMAS CLINIC -MASVINGO PHARMACY,5,9,1.0
0.19589929938287082,0.03777827827211127,0.1928453975645742,CIMAS CLINIC -MASVINGO PHARMACY,5,10,1.0
0.04004884297175023,0.010346946964522569,0.2583581995570041,CIMAS FIFE AVENUE PHARMACY,5,2,1.0
0.06011665609164356,0.015194935784146268,0.25275750136505715,CIMAS FIFE AVENUE PHARMACY,5,3,1.0
0.08017457660642467,0.01983974840920884,0.24745685289492395,CIMAS FIFE AVENUE PHARMACY,5,4,1.0
0.10019484255085488,0.024291033450932076,0.2424379621995306,CIMAS FIFE AVENUE PHARMACY,5,5,1.0
0.12015086926042359,0.02855791352264558,0.23768378621337408,CIMAS FIFE AVENUE PHARMACY,5,6,1.0
0.14001731235375411,0.03264901831033149,0.23317843887649878,CIMAS FIFE AVENUE PHARMACY,5,7,1.0
0.1597701178748056,0.036572515300824636,0.22890710595508557,CIMAS FIFE AVENUE PHARMACY,5,8,1.0
0.17938656030765684,0.04033613834145808,0.22485596620103313,CIMAS FIFE AVENUE PHARMACY,5,9,1.0
0.1988452692020837,0.04394721419379523,0.22101211846851776,CIMAS FIFE AVENUE PHARMACY,5,10,1.0
0.04005908196728768,0.011958659317328594,0.2985255460196032,CIMAS FOURTH STREET PHARMACY,5,2,1.0
0.06014556971882718,0.01755751528761833,0.29191701682596843,CIMAS FOURTH STREET PHARMACY,5,3,1.0
0.08022890063411735,0.022919230735680633,0.28567300006020807,CIMAS FOURTH STREET PHARMACY,5,4,1.0
0.10027972790750896,0.028055311056464277,0.2797705143589993,CIMAS FOURTH STREET PHARMACY,5,5,1.0
0.12027000518061878,0.032976615692377254,0.2741881954927475,CIMAS FOURTH STREET PHARMACY,5,6,1.0
0.14017305463155275,0.03769340001761625,0.26890617541790746,CIMAS FOURTH STREET PHARMACY,5,7,1.0
0.15996361958727523,0.04221535418666337,0.2639059699673207,CIMAS FOURTH STREET PHARMACY,5,8,1.0
0.17961790272486045,0.0465516391722876,0.2591703748127803,CIMAS FOURTH STREET PHARMACY,5,9,1.0
0.19911359093080974,0.050710920205133514,0.2546833692671191,CIMAS FOURTH STREET PHARMACY,5,10,1.0
0.039998139950935395,0.010176782167215728,0.25443138555191075,CIMAS HCC  MUTARE PHARMACY,5,2,1.0
0.05996590664288328,0.014963699151632297,0.24953677830214513,CIMAS HCC  MUTARE PHARMACY,5,3,1.0
0.07987617264215016,0.019561957479687912,0.24490354047541318,CIMAS HCC  MUTARE PHARMACY,5,4,1.0
0.09970324753123866,0.023980174119473525,0.2405154768099218,CIMAS HCC  MUTARE PHARMACY,5,5,1.0
0.11942291333102519,0.028226503233252424,0.23635751671048363,CIMAS HCC  MUTARE PHARMACY,5,6,1.0
0.1390124455425853,0.032308665259441316,0.23241563108494362,CIMAS HCC  MUTARE PHARMACY,5,7,1.0
0.15845062121741676,0.03623397392401191,0.22867675522896025,CIMAS HCC  MUTARE PHARMACY,5,8,1.0
0.1777177154279329,0.040009361337120554,0.22512871742009832,CIMAS HCC  MUTARE PHARMACY,5,9,1.0
0.19679548746488412,0.043641401320189774,0.22176017286970098,CIMAS HCC  MUTARE PHARMACY,5,10,1.0
0.04009445766073105,0.013275718382636808,0.3311110601612948,CIMAS HCC CHINHOYI ST. PHARM,5,2,1.0
0.06025134488229324,0.019474421403666262,0.3232196964517789,CIMAS HCC CHINHOYI ST. PHARM,5,3,1.0
0.08043953415610441,0.025399864229066284,0.31576344263474,CIMAS HCC CHINHOYI ST. PHARM,5,4,1.0
0.10062891338152176,0.031065622650103916,0.3087146785767481,CIMAS HCC CHINHOYI ST. PHARM,5,5,1.0
0.1207904831157553,0.036484494243199266,0.30204775493973013,CIMAS HCC CHINHOYI ST. PHARM,5,6,1.0
0.14089643767957455,0.041668549884877344,0.2957388460000642,CIMAS HCC CHINHOYI ST. PHARM,5,7,1.0
0.1609202313854128,0.04662918151383614,0.2897658119951163,CIMAS HCC CHINHOYI ST. PHARM,5,8,1.0
0.18083663103717576,0.0513771464034073,0.284108070962931,CIMAS HCC CHINHOYI ST. PHARM,5,9,1.0
0.200621755762972,0.05592260819777017,0.27874647983761486,CIMAS HCC CHINHOYI ST. PHARM,5,10,1.0
0.04003615867661184,0.009533030839402152,0.23811052694651047,CIMAS HCC CHITUNGWIZA PHARMACY,5,2,1.0
0.06007925964401906,0.01400402050660679,0.2330924280622506,CIMAS HCC CHITUNGWIZA PHARMACY,5,3,1.0
0.08010114507438769,0.01829038155888446,0.22834107479860238,CIMAS HCC CHITUNGWIZA PHARMACY,5,4,1.0
0.10007479820439762,0.02240077329211521,0.22384030439274816,CIMAS HCC CHITUNGWIZA PHARMACY,5,5,1.0
0.11997441175593292,0.026343387446210276,0.21957504988481477,CIMAS HCC CHITUNGWIZA PHARMACY,5,6,1.0
0.13977544300784572,0.030125977374862906,0.21553126018832872,CIMAS HCC CHITUNGWIZA PHARMACY,5,7,1.0
0.1594546562751652,0.033755885161837085,0.21169582595058095,CIMAS HCC CHITUNGWIZA PHARMACY,5,8,1.0
0.1789901535742554,0.03724006683585762,0.2080565108873897,CIMAS HCC CHITUNGWIZA PHARMACY,5,9,1.0
0.1983613942738309,0.04058511582625686,0.20460188825972125,CIMAS HCC CHITUNGWIZA PHARMACY,5,10,1.0
0.03977321727702429,0.006063290541179948,0.15244656973431506,ASHBRITTLE   PHARMACY,6,2,1.0
0.059312955506916454,0.00896483937547554,0.1511447085861394,ASHBRITTLE   PHARMACY,6,3,1.0
0.07861303090085409,0.011783150843331492,0.14988801103715588,ASHBRITTLE   PHARMACY,6,4,1.0
0.0976677713246712,0.014520743339299874,0.14867487137624372,ASHBRITTLE   PHARMACY,6,5,1.0
0.11647201257211008,0.017180056638897677,0.14750373295267968,ASHBRITTLE   PHARMACY,6,6,1.0
0.13502109209467383,0.01976345420541909,0.1463730880769457,ASHBRITTLE   PHARMACY,6,7,1.0
0.15331084048296628,0.022273225456371695,0.1452814777233341,ASHBRITTLE   PHARMACY,6,8,1.0
0.1713375709835944,0.024711587987069867,0.14422749105878246,ASHBRITTLE   PHARMACY,6,9,1.0
0.18909806732251092,0.027080689749316898,0.1432097648207593,ASHBRITTLE   PHARMACY,6,10,1.0
0.03973203027248375,0.008064412832654346,0.20297006665273082,BALLANTYNE PARK PHARMACY,6,2,1.0
0.05919314190211175,0.011935952351988017,0.201644176477853,BALLANTYNE PARK PHARMACY,6,3,1.0
0.07838073116939534,0.015704313409484194,0.2003593635219382,BALLANTYNE PARK PHARMACY,6,4,1.0
0.09729253623846554,0.019372343170259456,0.1991143814236432,BALLANTYNE PARK PHARMACY,6,5,1.0
0.11592663230859322,0.022942809327242367,0.1979080119067834,BALLANTYNE PARK PHARMACY,6,6,1.0
0.1342814254056414,0.026418402136537924,0.19673906541230418,BALLANTYNE PARK PHARMACY,6,7,1.0
0.1523556449820131,0.029801736424968358,0.1956063815586663,BALLANTYNE PARK PHARMACY,6,8,1.0
0.1701483354851581,0.033095353567649324,0.19450882944744532,BALLANTYNE PARK PHARMACY,6,9,1.0
0.18765884704555086,0.036301723433744965,0.193445307829976,BALLANTYNE PARK PHARMACY,6,10,1.0
0.03979525729311432,0.006837988302823345,0.17182922709753423,CIMAS BORROWDALE OFFICE PARK PHARMACY,6,2,1.0
0.05937273551650285,0.010104970319806414,0.17019546483583703,CIMAS BORROWDALE OFFICE PARK PHARMACY,6,3,1.0
0.07872080658987037,0.013275314747917093,0.1686379411364585,CIMAS BORROWDALE OFFICE PARK PHARMACY,6,4,1.0
0.09782916864856689,0.01635235849385711,0.1671521767970851,CIMAS BORROWDALE OFFICE PARK PHARMACY,6,5,1.0
0.11668876432411253,0.01933929557168358,0.16573399918750628,CIMAS BORROWDALE OFFICE PARK PHARMACY,6,6,1.0
0.13529170020716333,0.022239184726498,0.16437951989992433,CIMAS BORROWDALE OFFICE PARK PHARMACY,6,7,1.0
0.15363116816958447,0.02505495657632157,0.1630851140093192,CIMAS BORROWDALE OFFICE PARK PHARMACY,6,8,1.0
0.17170136908097908,0.027789420306180854,0.16184740083857224,CIMAS BORROWDALE OFFICE PARK PHARMACY,6,9,1.0
0.18949743933048957,0.03044526994586415,0.1606632261281728,CIMAS BORROWDALE OFFICE PARK PHARMACY,6,10,1.0
0.04005713433914625,0.012816742824067267,0.31996155080774147,CIMAS BULAWAYO PHARMACY,6,2,1.0
0.06014121205614749,0.018818290802280924,0.312901755034672,CIMAS BULAWAYO PHARMACY,6,3,1.0
0.08022313362747839,0.02456606880234638,0.30622175539066576,CIMAS BULAWAYO PHARMACY,6,4,1.0
0.10027496930768888,0.03007223828935071,0.2998977561097576,CIMAS BULAWAYO PHARMACY,6,5,1.0
0.12027002231681876,0.035348280978953615,0.293907661261076,CIMAS BULAWAYO PHARMACY,6,6,1.0
0.14018287823965916,0.040405043377985096,0.2882309443590387,CIMAS BULAWAYO PHARMACY,6,7,1.0
0.15998944187702008,0.04525277803968716,0.282848527432653,CIMAS BULAWAYO PHARMACY,6,8,1.0
0.1796669626877048,0.04990118178017418,0.27774266917904034,CIMAS BULAWAYO PHARMACY,6,9,1.0
0.19919404987617442,0.05435943108852318,0.2728968617401714,CIMAS BULAWAYO PHARMACY,6,10,1.0
0.039919627711541165,0.007599266556665763,0.1903641640041833,CIMAS CLINIC -MASVINGO PHARMACY,6,2,1.0
0.059737144658887784,0.01119526146414748,0.18740871409363274,CIMAS CLINIC -MASVINGO PHARMACY,6,3,1.0
0.07943209605404632,0.014662927429495412,0.18459700999856057,CIMAS CLINIC -MASVINGO PHARMACY,6,4,1.0
0.09898531759576241,0.018007503383049087,0.18192095373768838,CIMAS CLINIC -MASVINGO PHARMACY,6,5,1.0
0.11837893309017657,0.021233979265170438,0.17937295691789348,CIMAS CLINIC -MASVINGO PHARMACY,6,6,1.0
0.13759634384657587,0.02434710979705272,0.1769459065293224,CIMAS CLINIC -MASVINGO PHARMACY,6,7,1.0
0.1566222107870073,0.02735142738114511,0.17463313308953793,CIMAS CLINIC -MASVINGO PHARMACY,6,8,1.0
0.17544243018290276,0.030251254191788528,0.17242838098087732,CIMAS CLINIC -MASVINGO PHARMACY,6,9,1.0
0.19404410389691626,0.033050713512319564,0.17032578083319339,CIMAS CLINIC -MASVINGO PHARMACY,6,10,1.0
0.040012868825247426,0.008942576892818707,0.22349252016581467,CIMAS FIFE AVENUE PHARMACY,6,2,1.0
0.060010934535610086,0.013144085061918526,0.2190281681768997,CIMAS FIFE AVENUE PHARMACY,6,3,1.0
0.07996761999701885,0.017176736116986613,0.21479614020808616,CIMAS FIFE AVENUE PHARMACY,6,4,1.0
0.09985750726193726,0.021048232634521578,0.21078267635211181,CIMAS FIFE AVENUE PHARMACY,6,5,1.0
0.11965639021444771,0.02476587347678947,0.20697493407919268,CIMAS FIFE AVENUE PHARMACY,6,6,1.0
0.1393413159682436,0.02833657832332472,0.20336092081822113,CIMAS FIFE AVENUE PHARMACY,6,7,1.0
0.15889061555977707,0.03176691048935224,0.1999294318134292,CIMAS FIFE AVENUE PHARMACY,6,8,1.0
0.17828392452896266,0.03506309816312836,0.19666999285419182,CIMAS FIFE AVENUE PHARMACY,6,9,1.0
0.19750219402388164,0.038231054183899243,0.19357280749638867,CIMAS FIFE AVENUE PHARMACY,6,10,1.0
0.04002398951434482,0.01050108036505922,0.26236965611075763,CIMAS FOURTH STREET PHARMACY,6,2,1.0
0.06004250520769691,0.015430705073074246,0.2569963564927362,CIMAS FOURTH STREET PHARMACY,6,3,1.0
0.08002729177798741,0.02015978120496133,0.25191132621217294,CIMAS FOURTH STREET PHARMACY,6,4,1.0
0.0999513732624071,0.024697669351024222,0.24709684864643383,CIMAS FOURTH STREET PHARMACY,6,5,1.0
0.1197891100174309,0.029053223374001524,0.24253643231654276,CIMAS FOURTH STREET PHARMACY,6,6,1.0
0.13951624216813116,0.03323482233302351,0.23821471834779057,CIMAS FOURTH STREET PHARMACY,6,7,1.0
0.1591099203613949,0.03725040010676211,0.2341173952080001,CIMAS FOURTH STREET PHARMACY,6,8,1.0
0.17854872469316715,0.04110747289604897,0.23023112019809405,CIMAS FOURTH STREET PHARMACY,6,9,1.0
0.19781267270867536,0.04481316477244208,0.22654344718571073,CIMAS FOURTH STREET PHARMACY,6,10,1.0
0.039952666320146414,0.008855162336419687,0.22164133591140095,CIMAS HCC  MUTARE PHARMACY,6,2,1.0
0.05983292306618769,0.013034928839777783,0.217855457694394,CIMAS HCC  MUTARE PHARMACY,6,3,1.0
0.07961712245164967,0.017059045791451028,0.21426353108667975,CIMAS HCC  MUTARE PHARMACY,6,4,1.0
0.0992830588217932,0.020934222701491558,0.21085392563364877,CIMAS HCC  MUTARE PHARMACY,6,5,1.0
0.11880997136947027,0.024666827455634532,0.20761580169838326,CIMAS HCC  MUTARE PHARMACY,6,6,1.0
0.13817853673019528,0.028262906893733706,0.20453905188560004,CIMAS HCC  MUTARE PHARMACY,6,7,1.0
0.15737085261239564,0.03172820595067634,0.20161424700940586,CIMAS HCC  MUTARE PHARMACY,6,8,1.0
0.17637041357813413,0.035068185471366545,0.1988325862593214,CIMAS HCC  MUTARE PHARMACY,6,9,1.0
0.19516208004070956,0.03828803880241682,0.19618585123928878,CIMAS HCC  MUTARE PHARMACY,6,10,1.0
0.040067012186744785,0.011748600987698546,0.293223785515639,CIMAS HCC CHINHOYI ST. PHARM,6,2,1.0
0.06017078049508746,0.01724572605087952,0.2866129691019633,CIMAS HCC CHINHOYI ST. PHARM,6,3,1.0
0.08028203206340159,0.022507644614295712,0.2803571862321649,CIMAS HCC CHINHOYI ST. PHARM,6,4,1.0
0.10037256208707669,0.02754568450835535,0.2744344065309254,CIMAS HCC CHINHOYI ST. PHARM,6,5,1.0
0.12041530534481393,0.032370543319321904,0.26882416007356863,CIMAS HCC CHINHOYI ST. PHARM,6,6,1.0
0.1403843952507442,0.036992329330385945,0.2635074166492151,CIMAS HCC CHINHOYI ST. PHARM,6,7,1.0
0.16025521122786027,0.04142059944041393,0.2584664743383583,CIMAS HCC CHINHOYI ST. PHARM,6,8,1.0
0.18000441515951038,0.04566439429503551,0.2536848568662615,CIMAS HCC CHINHOYI ST. PHARM,6,9,1.0
0.19960997765020574,0.049732270848801954,0.2491472191633237,CIMAS HCC CHINHOYI ST. PHARM,6,10,1.0
0.039993898559918625,0.008139616766778266,0.20352146351983016,CIMAS HCC CHITUNGWIZA PHARMACY,6,2,1.0
0.059955039890377995,0.01196944910882422,0.19964041606359037,CIMAS HCC CHITUNGWIZA PHARMACY,6,3,1.0
0.07985792995594944,0.015648891321343752,0.19595914056344638,CIMAS HCC CHITUNGWIZA PHARMACY,6,4,1.0
0.09967828830392442,0.01918467051949801,0.19246589047559612,CIMAS HCC CHITUNGWIZA PHARMACY,6,5,1.0
0.11939308841876531,0.022583166429918294,0.189149696427225,CIMAS HCC CHITUNGWIZA PHARMACY,6,6,1.0
0.13898058721204587,0.025850432258536792,0.18600030966264516,CIMAS HCC CHITUNGWIZA PHARMACY,6,7,1.0
0.15842034430244128,0.02899221411382579,0.1830081498780016,CIMAS HCC CHITUNGWIZA PHARMACY,6,8,1.0
0.17769323177826832,0.03201396909636627,0.1801642571075211,CIMAS HCC CHITUNGWIZA PHARMACY,6,9,1.0
0.1967814351647886,0.034920882156931954,0.17746024734339663,CIMAS HCC CHITUNGWIZA PHARMACY,6,10,1.0
0.039806917270513255,0.006472744978227658,0.16260352275563691,ASHBRITTLE   PHARMACY,7,2,1.0
0.05941093268928667,0.009562149398316825,0.16094932305348453,ASHBRITTLE   PHARMACY,7,3,1.0
0.07880282138951719,0.012557810619838003,0.15935737323116347,ASHBRITTLE   PHARMACY,7,4,1.0
0.09797396719703191,0.015462773253049506,0.15782532539437624,ASHBRITTLE   PHARMACY,7,5,1.0
0.11691637176974053,0.01827998003707562,0.15635090073678387,ASHBRITTLE   PHARMACY,7,6,1.0
0.1356226588499489,0.021012274923223984,0.154931890448127,ASHBRITTLE   PHARMACY,7,7,1.0
0.15408607405619185,0.02366240611608851,0.15356615619565558,ASHBRITTLE   PHARMACY,7,8,1.0
0.1723004806485616,0.02623302906709496,0.1522516302238415,ASHBRITTLE   PHARMACY,7,9,1.0
0.19026035170110236,0.02872670941587041,0.1509863151151947,ASHBRITTLE   PHARMACY,7,10,1.0
0.03974665598085912,0.00823502107287585,0.20718777138991532,BALLANTYNE PARK PHARMACY,7,2,1.0
0.05923540926432009,0.012183972186340186,0.20568731334281656,BALLANTYNE PARK PHARMACY,7,3,1.0
0.07846213143940355,0.01602484482872911,0.20423667487423697,BALLANTYNE PARK PHARMACY,7,4,1.0
0.0974231227868988,0.019760742896335285,0.20283421769962662,BALLANTYNE PARK PHARMACY,7,5,1.0
0.11611510821779844,0.02339467957400687,0.20147834276763713,BALLANTYNE PARK PHARMACY,7,6,1.0
0.13453523100659476,0.026929579698080602,0.2001674914191105,BALLANTYNE PARK PHARMACY,7,7,1.0
0.1526810445910077,0.03036828209777741,0.1989001462436024,BALLANTYNE PARK PHARMACY,7,8,1.0
0.1705505026979293,0.03371354191087471,0.1976748316631261,BALLANTYNE PARK PHARMACY,7,9,1.0
0.18814194804169104,0.03696803286994432,0.19649011427133967,BALLANTYNE PARK PHARMACY,7,10,1.0
0.0397459417687502,0.006228281774949977,0.15670233230822306,CIMAS BORROWDALE OFFICE PARK PHARMACY,7,2,1.0
0.05923132428663764,0.009215253742769863,0.15558074808820016,CIMAS BORROWDALE OFFICE PARK PHARMACY,7,3,1.0
0.07845052857262322,0.012120870859989974,0.15450336767035855,CIMAS BORROWDALE OFFICE PARK PHARMACY,7,4,1.0
0.09739875521787718,0.014947584975964068,0.15346792618167357,CIMAS BORROWDALE OFFICE PARK PHARMACY,7,5,1.0
0.1160719650737404,0.017697759897391092,0.1524723035932727,CIMAS BORROWDALE OFFICE PARK PHARMACY,7,6,1.0
0.134466823117646,0.020373675381781784,0.15151451420813825,CIMAS BORROWDALE OFFICE PARK PHARMACY,7,7,1.0
0.15258064547941572,0.02297753090454779,0.1505926969462692,CIMAS BORROWDALE OFFICE PARK PHARMACY,7,8,1.0
0.1704113495772705,0.025511449214773572,0.14970510636796397,CIMAS BORROWDALE OFFICE PARK PHARMACY,7,9,1.0
0.18795740728688776,0.027977479693625247,0.14885010437988205,CIMAS BORROWDALE OFFICE PARK PHARMACY,7,10,1.0
0.040034994989094345,0.011644406458568025,0.2908556991636941,CIMAS BULAWAYO PHARMACY,7,2,1.0
0.060076380088433926,0.01710619079262571,0.28474070454053607,CIMAS BULAWAYO PHARMACY,7,3,1.0
0.0800966766178962,0.02234273863524672,0.27894713711822877,CIMAS BULAWAYO PHARMACY,7,4,1.0
0.10006958970379345,0.027364557059080575,0.27345527387570806,CIMAS BULAWAYO PHARMACY,7,5,1.0
0.11997005382963799,0.03218158140789525,0.2682467864321734,CIMAS BULAWAYO PHARMACY,7,6,1.0
0.13977426730456424,0.03680321204540101,0.2633046322125076,CIMAS BULAWAYO PHARMACY,7,7,1.0
0.1594597165567498,0.04123834838691412,0.25861295427700004,CIMAS BULAWAYO PHARMACY,7,8,1.0
0.17900519110489374,0.04549542042920275,0.25415698923805663,CIMAS BULAWAYO PHARMACY,7,9,1.0
0.1983907900159399,0.04958241797799547,0.24992298268489038,CIMAS BULAWAYO PHARMACY,7,10,1.0
0.03987514300523053,0.006770648638369417,0.16979622210963086,CIMAS CLINIC -MASVINGO PHARMACY,7,2,1.0
0.059607474937177676,0.009985501695367043,0.16752096454163004,CIMAS CLINIC -MASVINGO PHARMACY,7,3,1.0
0.0791802758338406,0.013092514980379178,0.16535071193555517,CIMAS CLINIC -MASVINGO PHARMACY,7,4,1.0
0.09857804120641624,0.01609580005245469,0.16327977159488383,CIMAS CLINIC -MASVINGO PHARMACY,7,5,1.0
0.11778645767237292,0.01899928544385095,0.16130280016314028,CIMAS CLINIC -MASVINGO PHARMACY,7,6,1.0
0.13679237368080313,0.02180672623301917,0.15941478056301492,CIMAS CLINIC -MASVINGO PHARMACY,7,7,1.0
0.15558376610132085,0.024521713038023054,0.15761100050794358,CIMAS CLINIC -MASVINGO PHARMACY,7,8,1.0
0.17414970339843616,0.027147680469804085,0.15588703247856273,CIMAS CLINIC -MASVINGO PHARMACY,7,9,1.0
0.19248030606076533,0.029687915081831842,0.15423871506344902,CIMAS CLINIC -MASVINGO PHARMACY,7,10,1.0
0.03998157805230208,0.007876020648564087,0.19699124027223325,CIMAS FIFE AVENUE PHARMACY,7,2,1.0
0.05991906879738732,0.01158529373595382,0.1933490284224674,CIMAS FIFE AVENUE PHARMACY,7,3,1.0
0.07978794925387067,0.015151061791520568,0.1898916056021525,CIMAS FIFE AVENUE PHARMACY,7,4,1.0
0.09956488484415456,0.018579635603014,0.18660831709990983,CIMAS FIFE AVENUE PHARMACY,7,5,1.0
0.1192277650785229,0.021877007091192915,0.1834891988186209,CIMAS FIFE AVENUE PHARMACY,7,6,1.0
0.13875572936297573,0.02504886800109631,0.18052492762709743,CIMAS FIFE AVENUE PHARMACY,7,7,1.0
0.15812918345760793,0.02810062732381862,0.17770677562090859,CIMAS FIFE AVENUE PHARMACY,7,8,1.0
0.1773298071647254,0.031037427546223947,0.17502656796661728,CIMAS FIFE AVENUE PHARMACY,7,9,1.0
0.19634055386816462,0.03386415981802913,0.17247664402926993,CIMAS FIFE AVENUE PHARMACY,7,10,1.0
0.03999394629195337,0.0093903363248466,0.23479394247063587,CIMAS FOURTH STREET PHARMACY,7,2,1.0
0.05995438858740977,0.013808664313353786,0.23031949184539863,CIMAS FOURTH STREET PHARMACY,7,3,1.0
0.07985513336916826,0.01805358890878074,0.22607925310598953,CIMAS FOURTH STREET PHARMACY,7,4,1.0
0.09967129415060233,0.022132925700613173,0.22205917851503507,CIMAS FOURTH STREET PHARMACY,7,5,1.0
0.11937932936398721,0.026054081384981165,0.21824616978323233,CIMAS FOURTH STREET PHARMACY,7,6,1.0
0.13895706858797027,0.029824078728260112,0.214628007278228,CIMAS FOURTH STREET PHARMACY,7,7,1.0
0.15838372787632127,0.03344957976817655,0.211193284920637,CIMAS FOURTH STREET PHARMACY,7,8,1.0
0.1776399149918838,0.036936907391499026,0.20793135030033447,CIMAS FOURTH STREET PHARMACY,7,9,1.0
0.19670762538007058,0.040292065415913084,0.20483224957884766,CIMAS FOURTH STREET PHARMACY,7,10,1.0
0.03991403762805407,0.007873925079674948,0.19727207638198602,CIMAS HCC  MUTARE PHARMACY,7,2,1.0
0.05972025634558713,0.011601541428320504,0.19426476271610596,CIMAS HCC  MUTARE PHARMACY,7,3,1.0
0.07939819867600857,0.015197236032586478,0.19140529994389613,CIMAS HCC  MUTARE PHARMACY,7,4,1.0
0.0989287961660744,0.018666391603283466,0.18868511825361442,CIMAS HCC  MUTARE PHARMACY,7,5,1.0
0.11829435133389518,0.0220141310505311,0.18609621509647972,CIMAS HCC  MUTARE PHARMACY,7,6,1.0
0.1374785126110837,0.02524533241224836,0.18363111393025824,CIMAS HCC  MUTARE PHARMACY,7,7,1.0
0.15646624324332561,0.028364642775585952,0.18128282617149052,CIMAS HCC  MUTARE PHARMACY,7,8,1.0
0.17524378506352714,0.03137649126860447,0.17904481609564793,CIMAS HCC  MUTARE PHARMACY,7,9,1.0
0.19379861799613676,0.034285101193063564,0.17691096844533233,CIMAS HCC  MUTARE PHARMACY,7,10,1.0
0.040044094437627034,0.010572183141752532,0.2640135403291449,CIMAS HCC CHINHOYI ST. PHARM,7,2,1.0
0.06010360235746548,0.015527500377055397,0.2583455860882642,CIMAS HCC CHINHOYI ST. PHARM,7,3,1.0
0.08015086136349718,0.020276160620062923,0.25297495591603486,CIMAS HCC CHINHOYI ST. PHARM,7,4,1.0
0.10015929429184268,0.02482784899404504,0.2478836254746566,CIMAS HCC CHINHOYI ST. PHARM,7,5,1.0
0.12010346494622572,0.02919172681185424,0.24305482631100062,CIMAS HCC CHINHOYI ST. PHARM,7,6,1.0
0.1399591234651651,0.03337646480676708,0.23847294824673762,CIMAS HCC CHINHOYI ST. PHARM,7,7,1.0
0.1597032418803166,0.03739027392715707,0.2341234497617635,CIMAS HCC CHINHOYI ST. PHARM,7,8,1.0
0.1793140404244755,0.041240933890497676,0.22999277576296523,CIMAS HCC CHINHOYI ST. PHARM,7,9,1.0
0.19877100515199347,0.04493581967671455,0.22606828215389688,CIMAS HCC CHINHOYI ST. PHARM,7,10,1.0
0.039955973625104946,0.007096762631771232,0.17761455892323014,CIMAS HCC CHITUNGWIZA PHARMACY,7,2,1.0
0.059843741403449,0.010445626532340643,0.1745483535516151,CIMAS HCC CHITUNGWIZA PHARMACY,7,3,1.0
0.07964034066991921,0.01366910056401131,0.17163538539676587,CIMAS HCC CHITUNGWIZA PHARMACY,7,4,1.0
0.0993240546407406,0.016772544856646875,0.16886689651679945,CIMAS HCC CHITUNGWIZA PHARMACY,7,5,1.0
0.11887443170737792,0.019761054501595578,0.16623469166388546,CIMAS HCC CHITUNGWIZA PHARMACY,7,6,1.0
0.13827229557660486,0.022639474828633557,0.1637310983680817,CIMAS HCC CHITUNGWIZA PHARMACY,7,7,1.0
0.15749974692341887,0.025412415659476214,0.16134893011499565,CIMAS HCC CHITUNGWIZA PHARMACY,7,8,1.0
0.17654015725240202,0.0280842646157216,0.15908145236083096,CIMAS HCC CHITUNGWIZA PHARMACY,7,9,1.0
0.19537815568109507,0.03065919955267947,0.15692235114923891,CIMAS HCC CHITUNGWIZA PHARMACY,7,10,1.0
0.03983314962191467,0.006903699555859759,0.17331543253264634,ASHBRITTLE   PHARMACY,8,2,1.0
0.05948790485398087,0.010192075385180601,0.17133021259024148,ASHBRITTLE   PHARMACY,8,3,1.0
0.07895325660788514,0.013376363533342605,0.16942130202146333,ASHBRITTLE   PHARMACY,8,4,1.0
0.0982187660259854,0.016460080574228972,0.16758590277823474,ASHBRITTLE   PHARMACY,8,5,1.0
0.11727459300246983,0.019446623495797212,0.16582128317757336,ASHBRITTLE   PHARMACY,8,6,1.0
0.13611151821060855,0.02233927313173177,0.16412478110166762,ASHBRITTLE   PHARMACY,8,7,1.0
0.15472095898502108,0.025141197575562376,0.16249380653073872,ASHBRITTLE   PHARMACY,8,8,1.0
0.17309497945268423,0.02785545556795865,0.16092584346487634,ASHBRITTLE   PHARMACY,8,9,1.0
0.19122629533972088,0.030484999848935688,0.1594184512897555,ASHBRITTLE   PHARMACY,8,10,1.0
0.0397634036340515,0.008462547879217124,0.21282252286799205,BALLANTYNE PARK PHARMACY,8,2,1.0
0.05928401962208418,0.012515321416489202,0.21110784147684644,BALLANTYNE PARK PHARMACY,8,3,1.0
0.07855613987846895,0.016453822309497716,0.2094530400163853,BALLANTYNE PARK PHARMACY,8,4,1.0
0.09757454500302583,0.020281463216794034,0.20785608804186684,BALLANTYNE PARK PHARMACY,8,5,1.0
0.11633450595370759,0.024001553529999088,0.20631499943404502,BALLANTYNE PARK PHARMACY,8,6,1.0
0.13483178226257322,0.02761730202654329,0.20482783482577563,BALLANTYNE PARK PHARMACY,8,7,1.0
0.15306261715716402,0.03113181951560432,0.20339270354719147,BALLANTYNE PARK PHARMACY,8,8,1.0
0.17102372994426823,0.034548121470396057,0.2020077651309225,BALLANTYNE PARK PHARMACY,8,9,1.0
0.18871230600319364,0.03786913064062952,0.20067123041773785,BALLANTYNE PARK PHARMACY,8,10,1.0
0.03971705321411106,0.0058512576235937525,0.1473235587758777,CIMAS BORROWDALE OFFICE PARK PHARMACY,8,2,1.0
0.05914877008931578,0.008663649098807196,0.14647217661034911,CIMAS BORROWDALE OFFICE PARK PHARMACY,8,3,1.0
0.07829324210201781,0.011403296348164497,0.1456485392865166,CIMAS BORROWDALE OFFICE PARK PHARMACY,8,4,1.0
0.09714900957654592,0.014072181634333623,0.14485151928641982,CIMAS BORROWDALE OFFICE PARK PHARMACY,8,5,1.0
0.11571503135835445,0.016672227369813653,0.14408004884155393,CIMAS BORROWDALE OFFICE PARK PHARMACY,8,6,1.0
0.13399065624971324,0.01920529827585734,0.14333311600523221,CIMAS BORROWDALE OFFICE PARK PHARMACY,8,7,1.0
0.1519755961164369,0.021673203442607814,0.14260976101717524,CIMAS BORROWDALE OFFICE PARK PHARMACY,8,8,1.0
0.16966990057588638,0.024077698296114197,0.141909072937455,CIMAS BORROWDALE OFFICE PARK PHARMACY,8,9,1.0
0.1870739331788672,0.026420486477510254,0.14123018652870684,CIMAS BORROWDALE OFFICE PARK PHARMACY,8,10,1.0
0.040016738433756575,0.010723308299202905,0.26797057228824867,CIMAS BULAWAYO PHARMACY,8,2,1.0
0.060022980575803964,0.01576004713094377,0.26256688654506516,CIMAS BULAWAYO PHARMACY,8,3,1.0
0.0799926263553696,0.020593422115894797,0.25744150497582,CIMAS BULAWAYO PHARMACY,8,4,1.0
0.09990075474225625,0.02523270201404287,0.2525776915213823,CIMAS BULAWAYO PHARMACY,8,5,1.0
0.11972365801925756,0.02968666345256019,0.24795987646639636,CIMAS BULAWAYO PHARMACY,8,6,1.0
0.13943886668659464,0.03396362190473533,0.243573565332201,CIMAS BULAWAYO PHARMACY,8,7,1.0
0.15902516570914058,0.03807146039675451,0.23940525530649523,CIMAS BULAWAYO PHARMACY,8,8,1.0
0.17846260278951706,0.04201765612608435,0.2354423586191946,CIMAS BULAWAYO PHARMACY,8,9,1.0
0.19773248932704446,0.045809305160317365,0.23167313230224879,CIMAS BULAWAYO PHARMACY,8,10,1.0
0.03983837458580697,0.006180730629002613,0.15514515070613832,CIMAS CLINIC -MASVINGO PHARMACY,8,2,1.0
0.05950068662981316,0.009123781462700991,0.15333909538666515,CIMAS CLINIC -MASVINGO PHARMACY,8,3,1.0
0.0789736152455675,0.011973317402633308,0.15161161566939063,CIMAS CLINIC -MASVINGO PHARMACY,8,4,1.0
0.0982449233824968,0.014732675297416271,0.14995864203647014,CIMAS CLINIC -MASVINGO PHARMACY,8,5,1.0
0.117303422502007,0.017405053389532025,0.14837634758043172,CIMAS CLINIC -MASVINGO PHARMACY,8,6,1.0
0.13613893493009485,0.01999351812946419,0.1468611322670516,CIMAS CLINIC -MASVINGO PHARMACY,8,7,1.0
0.15474225442973555,0.02250101059746895,0.14540960825723317,CIMAS CLINIC -MASVINGO PHARMACY,8,8,1.0
0.17310510548467462,0.024930352558695267,0.14401858621612063,CIMAS CLINIC -MASVINGO PHARMACY,8,9,1.0
0.1912201017356291,0.02728425217552367,0.14268506254245933,CIMAS CLINIC -MASVINGO PHARMACY,8,10,1.0
0.0399544845832054,0.0070521680307155735,0.1765050432831739,CIMAS FIFE AVENUE PHARMACY,8,2,1.0
0.05983958711903607,0.010380342188986456,0.17346948213959648,CIMAS FIFE AVENUE PHARMACY,8,3,1.0
0.07963261118635849,0.013584098173727764,0.17058461315475232,CIMAS FIFE AVENUE PHARMACY,8,4,1.0
0.09931206240530414,0.01666872991894032,0.16784194704278,CIMAS FIFE AVENUE PHARMACY,8,5,1.0
0.118857670890646,0.01963927254411674,0.16523353012853237,CIMAS FIFE AVENUE PHARMACY,8,6,1.0
0.13825040482684736,0.022500517018621,0.1627519069242649,CIMAS FIFE AVENUE PHARMACY,8,7,1.0
0.1574724757205095,0.025257023860725574,0.16039008560170906,CIMAS FIFE AVENUE PHARMACY,8,8,1.0
0.17650733593001974,0.027913135944000744,0.15814150611319366,CIMAS FIFE AVENUE PHARMACY,8,9,1.0
0.19533966910460615,0.030472990477729497,0.1560000107372504,CIMAS FIFE AVENUE PHARMACY,8,10,1.0
0.039968397707890076,0.00852916416339453,0.21339770049653017,CIMAS FOURTH STREET PHARMACY,8,2,1.0
0.05987952787304149,0.012550146411511112,0.20958993594806455,CIMAS FOURTH STREET PHARMACY,8,3,1.0
0.07970900658460182,0.01641824371457106,0.2059772718048494,CIMAS FOURTH STREET PHARMACY,8,4,1.0
0.09943376594898265,0.020140135877038782,0.20254825596540574,CIMAS FOURTH STREET PHARMACY,8,5,1.0
0.11903207774267259,0.02372216379962847,0.19929219290712386,CIMAS FOURTH STREET PHARMACY,8,6,1.0
0.1384835667400166,0.027170349556654302,0.1961990884280357,CIMAS FOURTH STREET PHARMACY,8,7,1.0
0.157769214464474,0.03049041509093053,0.19325959880339183,CIMAS FOURTH STREET PHARMACY,8,8,1.0
0.17687135414776717,0.03368779963420395,0.19046498397959616,CIMAS FOURTH STREET PHARMACY,8,9,1.0
0.19577365770415597,0.03676767595198395,0.1878070644598445,CIMAS FOURTH STREET PHARMACY,8,10,1.0
0.039881817063245874,0.007131565593932897,0.17881746918961666,CIMAS HCC  MUTARE PHARMACY,8,2,1.0
0.059626485970273105,0.010516088883452167,0.1763660680707393,CIMAS HCC  MUTARE PHARMACY,8,3,1.0
0.07921637243432453,0.013786059284509442,0.17403042907498664,CIMAS HCC  MUTARE PHARMACY,8,4,1.0
0.09863514777683753,0.016945919224083995,0.171804063825445,CIMAS HCC  MUTARE PHARMACY,8,5,1.0
0.11786775811291489,0.01999990749675271,0.16968090185946533,CIMAS HCC  MUTARE PHARMACY,8,6,1.0
0.13690038888787398,0.02295207042152006,0.16765526093807212,CIMAS HCC  MUTARE PHARMACY,8,7,1.0
0.15572042555413382,0.025806272275560822,0.16572181962468158,CIMAS HCC  MUTARE PHARMACY,8,8,1.0
0.17431641112223495,0.028566205058907466,0.16387559194800164,CIMAS HCC  MUTARE PHARMACY,8,9,1.0
0.1926780012620378,0.031235397639627255,0.16211190397988304,CIMAS HCC  MUTARE PHARMACY,8,10,1.0
0.04002507198577492,0.00965102161288855,0.24112440363176768,CIMAS HCC CHINHOYI ST. PHARM,8,2,1.0
0.06004788505161188,0.014181135390116895,0.23616377792370272,CIMAS HCC CHINHOYI ST. PHARM,8,3,1.0
0.08004214025528258,0.01852640453887946,0.23145813542456797,CIMAS HCC CHINHOYI ST. PHARM,8,4,1.0
0.09998262544459688,0.022695291060065136,0.2269923495121782,CIMAS HCC CHINHOYI ST. PHARM,8,5,1.0
0.11984526059434158,0.026695810765415273,0.22275232773515033,CIMAS HCC CHINHOYI ST. PHARM,8,6,1.0
0.13960713407446243,0.030535560914490698,0.2187249320525691,CIMAS HCC CHINHOYI ST. PHARM,8,7,1.0
0.15924653028511299,0.03422174585479608,0.21489790574102868,CIMAS HCC CHINHOYI ST. PHARM,8,8,1.0
0.17874294911213537,0.037761200826516024,0.21125980640962977,CIMAS HCC CHINHOYI ST. PHARM,8,9,1.0
0.1980771176752665,0.04116041407975048,0.2077999446015268,CIMAS HCC CHINHOYI ST. PHARM,8,10,1.0
0.03992221326813231,0.006305461260321827,0.15794367957437686,CIMAS HCC CHITUNGWIZA PHARMACY,8,2,1.0
0.05974481606981224,0.009288637375268308,0.15547185490393794,CIMAS HCC CHITUNGWIZA PHARMACY,8,3,1.0
0.0794472254040085,0.01216497996907071,0.15312026200045153,CIMAS HCC CHITUNGWIZA PHARMACY,8,4,1.0
0.09901010958884016,0.014938863027732766,0.15088219869435018,CIMAS HCC CHITUNGWIZA PHARMACY,8,5,1.0
0.11841539050167027,0.017614452960842224,0.14875138177747063,CIMAS HCC CHITUNGWIZA PHARMACY,8,6,1.0
0.13764623815024762,0.020195720095403397,0.14672191820715635,CIMAS HCC CHITUNGWIZA PHARMACY,8,7,1.0
0.156687058272816,0.022686449427823274,0.14478827848259626,CIMAS HCC CHITUNGWIZA PHARMACY,8,8,1.0
0.1755234736749452,0.025090250689044385,0.14294527201250262,CIMAS HCC CHITUNGWIZA PHARMACY,8,9,1.0
0.19414230001000266,0.02741056777329198,0.141188024309384,CIMAS HCC CHITUNGWIZA PHARMACY,8,10,1.0
