dataset,attack,f,f_pct,defense,krum_applicable,seed,auroc,pr_auc,bal_acc,mcc,auc_lc,bsr,convergence_fail,runtime_s,comm_params_per_round,auroc_clean,auroc_degradation,aggregator_effective,run_status
eicu,none,0,0.0,fedavg,True,7,0.89052,0.48929,0.80952,0.29571,0.8812307142857144,,0,0.271,976,0.89052,0.0,fedavg,valid_primary
eicu,none,0,0.0,fedavg,True,11,0.88994,0.48262,0.80848,0.29413,0.8796935714285715,,0,0.27,976,0.88994,0.0,fedavg,valid_primary
eicu,none,0,0.0,fedavg,True,19,0.89102,0.48383,0.80952,0.29571,0.8816789285714285,,0,0.271,976,0.89102,0.0,fedavg,valid_primary
eicu,none,0,0.0,fedavg,True,23,0.88835,0.47443,0.80848,0.29413,0.8766903571428571,,0,0.286,976,0.88835,0.0,fedavg,valid_primary
eicu,none,0,0.0,fedavg,True,37,0.89203,0.49591,0.80848,0.29413,0.8839792857142857,,0,0.284,976,0.89203,0.0,fedavg,valid_primary
eicu,none,0,0.0,coord_median,True,7,0.89253,0.5049,0.80639,0.291,0.8818464285714286,,0,0.27,976,0.89253,0.0,coord_median,valid_primary
eicu,none,0,0.0,coord_median,True,11,0.89177,0.50085,0.80534,0.28946,0.8807310714285713,,0,0.27,976,0.89177,0.0,coord_median,valid_primary
eicu,none,0,0.0,coord_median,True,19,0.89244,0.50319,0.80534,0.28946,0.8821939285714285,,0,0.283,976,0.89244,0.0,coord_median,valid_primary
eicu,none,0,0.0,coord_median,True,23,0.88902,0.48893,0.80848,0.29413,0.8766292857142857,,0,0.283,976,0.88902,0.0,coord_median,valid_primary
eicu,none,0,0.0,coord_median,True,37,0.89328,0.50817,0.80848,0.29413,0.8850589285714284,,0,0.287,976,0.89328,0.0,coord_median,valid_primary
eicu,none,0,0.0,trimmed_mean,True,7,0.8937,0.50894,0.80848,0.29413,0.8836324999999999,,0,0.278,976,0.8937,0.0,trimmed_mean,valid_primary
eicu,none,0,0.0,trimmed_mean,True,11,0.89395,0.50632,0.80848,0.29413,0.882544285714286,,0,0.291,976,0.89395,0.0,trimmed_mean,valid_primary
eicu,none,0,0.0,trimmed_mean,True,19,0.8947,0.50412,0.80639,0.291,0.8840860714285715,,0,0.296,976,0.8947,0.0,trimmed_mean,valid_primary
eicu,none,0,0.0,trimmed_mean,True,23,0.89194,0.49921,0.81056,0.2973,0.8793642857142857,,0,0.283,976,0.89194,0.0,trimmed_mean,valid_primary
eicu,none,0,0.0,trimmed_mean,True,37,0.89578,0.51424,0.81056,0.2973,0.8869432142857142,,0,0.275,976,0.89578,0.0,trimmed_mean,valid_primary
eicu,none,0,0.0,krum,True,7,0.89704,0.5156,0.80743,0.29256,0.8804771428571428,,0,0.274,976,0.89704,0.0,krum,valid_primary
eicu,none,0,0.0,krum,True,11,0.87357,0.44971,0.78848,0.2756,0.8628324999999999,,0,0.297,976,0.87357,0.0,krum,valid_primary
eicu,none,0,0.0,krum,True,19,0.88676,0.52375,0.79595,0.27609,0.8812978571428571,,0,0.291,976,0.88676,0.0,krum,valid_primary
eicu,none,0,0.0,krum,True,23,0.87232,0.44917,0.81161,0.29891,0.8616282142857142,,0,0.293,976,0.87232,0.0,krum,valid_primary
eicu,none,0,0.0,krum,True,37,0.88935,0.52176,0.80013,0.28192,0.8876107142857143,,0,0.292,976,0.88935,0.0,krum,valid_primary
eicu,none,0,0.0,clipping,True,7,0.89052,0.48929,0.80952,0.29571,0.8812307142857144,,0,0.277,976,0.89052,0.0,clipping,valid_primary
eicu,none,0,0.0,clipping,True,11,0.88994,0.48262,0.80848,0.29413,0.8796935714285715,,0,0.285,976,0.88994,0.0,clipping,valid_primary
eicu,none,0,0.0,clipping,True,19,0.89102,0.48383,0.80952,0.29571,0.8816789285714285,,0,0.278,976,0.89102,0.0,clipping,valid_primary
eicu,none,0,0.0,clipping,True,23,0.88835,0.47443,0.80848,0.29413,0.8766903571428571,,0,0.275,976,0.88835,0.0,clipping,valid_primary
eicu,none,0,0.0,clipping,True,37,0.89203,0.49591,0.80848,0.29413,0.8839792857142857,,0,0.266,976,0.89203,0.0,clipping,valid_primary
eicu,random_gauss,1,12.5,fedavg,True,7,0.87207,0.44301,0.79804,0.27898,0.8500439285714287,,0,0.289,976,0.89052,-0.0184499999999999,fedavg,valid_primary
eicu,random_gauss,1,12.5,fedavg,True,11,0.89954,0.45978,0.80969,0.2857,0.8829289285714285,,0,0.287,976,0.88994,0.0096,fedavg,valid_primary
eicu,random_gauss,1,12.5,fedavg,True,19,0.87349,0.40446,0.78969,0.26766,0.8392425000000001,,0,0.284,976,0.89102,-0.01753,fedavg,valid_primary
eicu,random_gauss,1,12.5,fedavg,True,23,0.85645,0.42344,0.74255,0.21711,0.8527560714285715,,0,0.275,976,0.88835,-0.0318999999999999,fedavg,valid_primary
eicu,random_gauss,1,12.5,fedavg,True,37,0.84735,0.3268,0.77683,0.26958,0.808264642857143,,0,0.269,976,0.89203,-0.0446799999999999,fedavg,valid_primary
eicu,random_gauss,1,12.5,coord_median,True,7,0.8967,0.5096,0.81161,0.29891,0.8856885714285713,,0,0.269,976,0.89253,0.00417,coord_median,valid_primary
eicu,random_gauss,1,12.5,coord_median,True,11,0.8947,0.50013,0.81161,0.29891,0.8822685714285713,,0,0.27,976,0.89177,0.00293,coord_median,valid_primary
eicu,random_gauss,1,12.5,coord_median,True,19,0.89436,0.51315,0.81056,0.2973,0.8848521428571429,,0,0.276,976,0.89244,0.00192,coord_median,valid_primary
eicu,random_gauss,1,12.5,coord_median,True,23,0.89052,0.51069,0.81474,0.30382,0.8792278571428571,,0,0.269,976,0.88902,0.0014999999999999,coord_median,valid_primary
eicu,random_gauss,1,12.5,coord_median,True,37,0.89161,0.5029,0.80952,0.29571,0.8830303571428572,,0,0.277,976,0.89328,-0.0016699999999999,coord_median,valid_primary
eicu,random_gauss,1,12.5,trimmed_mean,True,7,0.89628,0.50628,0.81578,0.30549,0.8850957142857142,,0,0.267,976,0.8937,0.0025799999999999,trimmed_mean,valid_primary
eicu,random_gauss,1,12.5,trimmed_mean,True,11,0.89177,0.48638,0.80639,0.291,0.8813414285714286,,0,0.265,976,0.89395,-0.00218,trimmed_mean,valid_primary
eicu,random_gauss,1,12.5,trimmed_mean,True,19,0.89136,0.50061,0.8137,0.30217,0.8817478571428571,,0,0.265,976,0.8947,-0.00334,trimmed_mean,valid_primary
eicu,random_gauss,1,12.5,trimmed_mean,True,23,0.88718,0.47987,0.81265,0.30054,0.8767839285714284,,0,0.259,976,0.89194,-0.0047599999999999,trimmed_mean,valid_primary
eicu,random_gauss,1,12.5,trimmed_mean,True,37,0.89019,0.49371,0.80952,0.29571,0.8841078571428571,,0,0.265,976,0.89578,-0.0055899999999999,trimmed_mean,valid_primary
eicu,random_gauss,1,12.5,krum,True,7,0.88985,0.44898,0.80221,0.2849,0.8818696428571428,,0,0.266,976,0.89704,-0.0071899999999999,krum,valid_primary
eicu,random_gauss,1,12.5,krum,True,11,0.89887,0.5241,0.80952,0.29571,0.8810321428571426,,0,0.276,976,0.87357,0.0252999999999999,krum,valid_primary
eicu,random_gauss,1,12.5,krum,True,19,0.88676,0.52375,0.79595,0.27609,0.8812978571428571,,0,0.276,976,0.88676,0.0,krum,valid_primary
eicu,random_gauss,1,12.5,krum,True,23,0.87232,0.44917,0.81161,0.29891,0.8616282142857142,,0,0.267,976,0.87232,0.0,krum,valid_primary
eicu,random_gauss,1,12.5,krum,True,37,0.88668,0.52044,0.80743,0.29256,0.8818171428571427,,0,0.274,976,0.88935,-0.0026699999999999,krum,valid_primary
eicu,random_gauss,1,12.5,clipping,True,7,0.86564,0.42313,0.77804,0.26071,0.8570349999999998,,0,0.263,976,0.89052,-0.02488,clipping,valid_primary
eicu,random_gauss,1,12.5,clipping,True,11,0.85754,0.35089,0.75925,0.23647,0.8686675,,0,0.272,976,0.88994,-0.0323999999999999,clipping,valid_primary
eicu,random_gauss,1,12.5,clipping,True,19,0.86689,0.38791,0.7937,0.28351,0.8560528571428572,,0,0.269,976,0.89102,-0.0241299999999999,clipping,valid_primary
eicu,random_gauss,1,12.5,clipping,True,23,0.88117,0.45711,0.7843,0.26951,0.8569825000000001,,0,0.267,976,0.88835,-0.0071799999999999,clipping,valid_primary
eicu,random_gauss,1,12.5,clipping,True,37,0.89311,0.50927,0.78864,0.26629,0.8796217857142857,,0,0.277,976,0.89203,0.0010799999999999,clipping,valid_primary
eicu,random_gauss,2,25.0,fedavg,True,7,0.79349,0.23605,0.67595,0.16587,0.7330267857142856,,0,0.275,976,0.89052,-0.0970299999999999,fedavg,valid_primary
eicu,random_gauss,2,25.0,fedavg,True,11,0.79942,0.33999,0.71177,0.19756,0.7573489285714284,,0,0.268,976,0.88994,-0.0905199999999999,fedavg,valid_primary
eicu,random_gauss,2,25.0,fedavg,True,19,0.89044,0.45483,0.78342,0.25958,0.8082125,,0,0.267,976,0.89102,-0.00058,fedavg,valid_primary
eicu,random_gauss,2,25.0,fedavg,True,23,0.87749,0.35466,0.77507,0.24929,0.7870375000000001,,0,0.271,976,0.88835,-0.0108599999999999,fedavg,valid_primary
eicu,random_gauss,2,25.0,fedavg,True,37,0.79566,0.28304,0.73315,0.20695,0.7092103571428571,,0,0.269,976,0.89203,-0.0963699999999999,fedavg,valid_primary
eicu,random_gauss,2,25.0,coord_median,True,7,0.88994,0.48846,0.80952,0.29571,0.8795910714285714,,0,0.27,976,0.89253,-0.00259,coord_median,valid_primary
eicu,random_gauss,2,25.0,coord_median,True,11,0.89403,0.48536,0.79908,0.28044,0.8822107142857142,,0,0.268,976,0.89177,0.00226,coord_median,valid_primary
eicu,random_gauss,2,25.0,coord_median,True,19,0.89804,0.53273,0.80743,0.29256,0.8851892857142856,,0,0.287,976,0.89244,0.0055999999999999,coord_median,valid_primary
eicu,random_gauss,2,25.0,coord_median,True,23,0.88868,0.48769,0.81474,0.30382,0.8731485714285715,,0,0.274,976,0.88902,-0.00034,coord_median,valid_primary
eicu,random_gauss,2,25.0,coord_median,True,37,0.89353,0.48106,0.80639,0.291,0.8847567857142857,,0,0.274,976,0.89328,0.00025,coord_median,valid_primary
eicu,random_gauss,2,25.0,trimmed_mean,True,7,0.89177,0.49148,0.80326,0.2864,0.8804289285714286,,0,0.273,976,0.8937,-0.00193,trimmed_mean,valid_primary
eicu,random_gauss,2,25.0,trimmed_mean,True,11,0.88852,0.46555,0.80743,0.29256,0.8765028571428571,,0,0.266,976,0.89395,-0.00543,trimmed_mean,valid_primary
eicu,random_gauss,2,25.0,trimmed_mean,True,19,0.89745,0.52735,0.81265,0.30054,0.8834657142857143,,0,0.27,976,0.8947,0.0027499999999999,trimmed_mean,valid_primary
eicu,random_gauss,2,25.0,trimmed_mean,True,23,0.88635,0.47096,0.81891,0.31057,0.8750264285714285,,0,0.271,976,0.89194,-0.0055899999999999,trimmed_mean,valid_primary
eicu,random_gauss,2,25.0,trimmed_mean,True,37,0.89403,0.4845,0.80952,0.29571,0.884687857142857,,0,0.294,976,0.89578,-0.00175,trimmed_mean,valid_primary
eicu,random_gauss,2,25.0,krum,True,7,0.89704,0.5156,0.80743,0.29256,0.8804771428571428,,0,0.288,976,0.89704,0.0,krum,valid_primary
eicu,random_gauss,2,25.0,krum,True,11,0.89887,0.5241,0.80952,0.29571,0.8810321428571426,,0,0.304,976,0.87357,0.0252999999999999,krum,valid_primary
eicu,random_gauss,2,25.0,krum,True,19,0.89086,0.45597,0.8043,0.28792,0.8821714285714285,,0,0.291,976,0.88676,0.0040999999999999,krum,valid_primary
eicu,random_gauss,2,25.0,krum,True,23,0.88209,0.49607,0.80848,0.29413,0.8711450000000001,,0,0.302,976,0.87232,0.00977,krum,valid_primary
eicu,random_gauss,2,25.0,krum,True,37,0.89996,0.55825,0.80534,0.28946,0.8896617857142858,,0,0.296,976,0.88935,0.01061,krum,valid_primary
eicu,random_gauss,2,25.0,clipping,True,7,0.88109,0.47254,0.79282,0.27183,0.8642478571428571,,0,0.291,976,0.89052,-0.0094299999999999,clipping,valid_primary
eicu,random_gauss,2,25.0,clipping,True,11,0.85453,0.32362,0.75996,0.25552,0.8427342857142855,,0,0.29,976,0.88994,-0.0354099999999999,clipping,valid_primary
eicu,random_gauss,2,25.0,clipping,True,19,0.89871,0.58997,0.79491,0.27466,0.8645167857142857,,0,0.279,976,0.89102,0.0076899999999999,clipping,valid_primary
eicu,random_gauss,2,25.0,clipping,True,23,0.81862,0.31446,0.77386,0.25506,0.8209907142857144,,0,0.271,976,0.88835,-0.0697299999999999,clipping,valid_primary
eicu,random_gauss,2,25.0,clipping,True,37,0.82814,0.30388,0.75578,0.24909,0.8460496428571428,,0,0.28,976,0.89203,-0.06389,clipping,valid_primary
eicu,random_gauss,3,37.5,fedavg,True,7,0.85562,0.32095,0.79073,0.26904,0.7999057142857142,,0,0.278,976,0.89052,-0.0348999999999999,fedavg,valid_primary
eicu,random_gauss,3,37.5,fedavg,True,11,0.80534,0.22922,0.76013,0.24522,0.6821789285714285,,0,0.277,976,0.88994,-0.0846,fedavg,valid_primary
eicu,random_gauss,3,37.5,fedavg,True,19,0.77578,0.20688,0.70568,0.18509,0.8059396428571428,,0,0.271,976,0.89102,-0.11524,fedavg,valid_primary
eicu,random_gauss,3,37.5,fedavg,True,23,0.7458,0.41946,0.61678,0.10143,0.7399610714285715,,0,0.272,976,0.88835,-0.1425499999999999,fedavg,valid_primary
eicu,random_gauss,3,37.5,fedavg,True,37,0.86213,0.36175,0.75612,0.2327,0.8196089285714285,,0,0.274,976,0.89203,-0.0299,fedavg,valid_primary
eicu,random_gauss,3,37.5,coord_median,True,7,0.89411,0.48462,0.81161,0.29891,0.8833603571428571,,0,0.28,976,0.89253,0.0015799999999999,coord_median,valid_primary
eicu,random_gauss,3,37.5,coord_median,True,11,0.88559,0.4474,0.80326,0.2864,0.8709982142857144,,0,0.277,976,0.89177,-0.0061799999999999,coord_median,valid_primary
eicu,random_gauss,3,37.5,coord_median,True,19,0.89812,0.52648,0.81474,0.30382,0.8866242857142856,,0,0.269,976,0.89244,0.00568,coord_median,valid_primary
eicu,random_gauss,3,37.5,coord_median,True,23,0.88635,0.47914,0.81265,0.30054,0.8738596428571428,,0,0.279,976,0.88902,-0.00267,coord_median,valid_primary
eicu,random_gauss,3,37.5,coord_median,True,37,0.89019,0.4925,0.8043,0.28792,0.883055,,0,0.288,976,0.89328,-0.0030899999999999,coord_median,valid_primary
eicu,random_gauss,3,37.5,trimmed_mean,True,7,0.89294,0.48969,0.81265,0.30054,0.8828382142857143,,0,0.278,976,0.8937,-0.00076,trimmed_mean,valid_primary
eicu,random_gauss,3,37.5,trimmed_mean,True,11,0.8861,0.45315,0.80743,0.29256,0.8763517857142858,,0,0.303,976,0.89395,-0.00785,trimmed_mean,valid_primary
eicu,random_gauss,3,37.5,trimmed_mean,True,19,0.89912,0.52296,0.81474,0.30382,0.8874196428571428,,0,0.341,976,0.8947,0.0044199999999999,trimmed_mean,valid_primary
eicu,random_gauss,3,37.5,trimmed_mean,True,23,0.88568,0.47088,0.81161,0.29891,0.8730692857142858,,0,0.29,976,0.89194,-0.0062599999999999,trimmed_mean,valid_primary
eicu,random_gauss,3,37.5,trimmed_mean,True,37,0.88835,0.47297,0.80326,0.2864,0.8809750000000001,,0,0.293,976,0.89578,-0.00743,trimmed_mean,valid_primary
eicu,random_gauss,3,37.5,krum,False,7,0.82806,0.2591,0.662,0.14072,0.7633221428571427,,0,0.275,976,0.89704,-0.0689799999999999,fedavg,not_applicable_diagnostic_fallback
eicu,random_gauss,3,37.5,krum,False,11,0.83749,0.3781,0.7215,0.19827,0.8229810714285714,,0,0.266,976,0.87357,-0.03608,fedavg,not_applicable_diagnostic_fallback
eicu,random_gauss,3,37.5,krum,False,19,0.78372,0.22513,0.6982,0.18128,0.7177067857142857,,0,0.284,976,0.88676,-0.10304,fedavg,not_applicable_diagnostic_fallback
eicu,random_gauss,3,37.5,krum,False,23,0.59474,0.08956,0.58514,0.07401,0.7505932142857142,,0,0.278,976,0.87232,-0.2775799999999999,fedavg,not_applicable_diagnostic_fallback
eicu,random_gauss,3,37.5,krum,False,37,0.78864,0.23554,0.69211,0.17066,0.7406478571428571,,0,0.28,976,0.88935,-0.1007099999999999,fedavg,not_applicable_diagnostic_fallback
eicu,random_gauss,3,37.5,clipping,True,7,0.83791,0.26757,0.74326,0.23104,0.7976264285714285,,0,0.293,976,0.89052,-0.0526099999999999,clipping,valid_primary
eicu,random_gauss,3,37.5,clipping,True,11,0.84835,0.32542,0.73332,0.20429,0.7627714285714287,,0,0.296,976,0.88994,-0.0415899999999999,clipping,valid_primary
eicu,random_gauss,3,37.5,clipping,True,19,0.78405,0.28591,0.70777,0.1874,0.793507142857143,,0,0.286,976,0.89102,-0.10697,clipping,valid_primary
eicu,random_gauss,3,37.5,clipping,True,23,0.86572,0.5524,0.71541,0.18891,0.8458964285714288,,0,0.282,976,0.88835,-0.0226299999999999,clipping,valid_primary
eicu,random_gauss,3,37.5,clipping,True,37,0.74881,0.23172,0.67403,0.15852,0.7461875000000001,,0,0.285,976,0.89203,-0.14322,clipping,valid_primary
eicu,sign_flip,1,12.5,fedavg,True,7,0.89236,0.46997,0.80534,0.28946,0.8814139285714285,,0,0.267,976,0.89052,0.00184,fedavg,valid_primary
eicu,sign_flip,1,12.5,fedavg,True,11,0.88025,0.42859,0.80639,0.291,0.8703707142857143,,0,0.269,976,0.88994,-0.0096899999999999,fedavg,valid_primary
eicu,sign_flip,1,12.5,fedavg,True,19,0.88468,0.48346,0.80639,0.291,0.8780946428571429,,0,0.271,976,0.89102,-0.00634,fedavg,valid_primary
eicu,sign_flip,1,12.5,fedavg,True,23,0.88,0.47366,0.79056,0.27873,0.8711521428571428,,0,0.276,976,0.88835,-0.0083499999999999,fedavg,valid_primary
eicu,sign_flip,1,12.5,fedavg,True,37,0.88159,0.45226,0.8043,0.28792,0.8771650000000001,,0,0.278,976,0.89203,-0.01044,fedavg,valid_primary
eicu,sign_flip,1,12.5,coord_median,True,7,0.89236,0.47898,0.8137,0.30217,0.8827696428571427,,0,0.266,976,0.89253,-0.00017,coord_median,valid_primary
eicu,sign_flip,1,12.5,coord_median,True,11,0.89503,0.50894,0.80848,0.29413,0.8824278571428572,,0,0.263,976,0.89177,0.00326,coord_median,valid_primary
eicu,sign_flip,1,12.5,coord_median,True,19,0.89344,0.5309,0.80952,0.29571,0.8831821428571428,,0,0.266,976,0.89244,0.001,coord_median,valid_primary
eicu,sign_flip,1,12.5,coord_median,True,23,0.89002,0.51878,0.81996,0.3123,0.8780592857142858,,0,0.263,976,0.88902,0.001,coord_median,valid_primary
eicu,sign_flip,1,12.5,coord_median,True,37,0.88927,0.49235,0.81161,0.29891,0.8830714285714286,,0,0.267,976,0.89328,-0.0040099999999999,coord_median,valid_primary
eicu,sign_flip,1,12.5,trimmed_mean,True,7,0.89177,0.49732,0.8137,0.30217,0.8822792857142859,,0,0.267,976,0.8937,-0.00193,trimmed_mean,valid_primary
eicu,sign_flip,1,12.5,trimmed_mean,True,11,0.89169,0.47811,0.80952,0.29571,0.8808496428571427,,0,0.272,976,0.89395,-0.00226,trimmed_mean,valid_primary
eicu,sign_flip,1,12.5,trimmed_mean,True,19,0.89136,0.50885,0.81265,0.30054,0.8818903571428571,,0,0.272,976,0.8947,-0.00334,trimmed_mean,valid_primary
eicu,sign_flip,1,12.5,trimmed_mean,True,23,0.88818,0.50646,0.81787,0.30886,0.8766717857142857,,0,0.263,976,0.89194,-0.0037599999999999,trimmed_mean,valid_primary
eicu,sign_flip,1,12.5,trimmed_mean,True,37,0.88818,0.48746,0.80848,0.29413,0.8828232142857141,,0,0.267,976,0.89578,-0.0076,trimmed_mean,valid_primary
eicu,sign_flip,1,12.5,krum,True,7,0.88985,0.44898,0.80221,0.2849,0.8818696428571428,,0,0.265,976,0.89704,-0.0071899999999999,krum,valid_primary
eicu,sign_flip,1,12.5,krum,True,11,0.89887,0.5241,0.80952,0.29571,0.8810321428571426,,0,0.271,976,0.87357,0.0252999999999999,krum,valid_primary
eicu,sign_flip,1,12.5,krum,True,19,0.88676,0.52375,0.79595,0.27609,0.8812978571428571,,0,0.27,976,0.88676,0.0,krum,valid_primary
eicu,sign_flip,1,12.5,krum,True,23,0.87232,0.44917,0.81161,0.29891,0.8616282142857142,,0,0.275,976,0.87232,0.0,krum,valid_primary
eicu,sign_flip,1,12.5,krum,True,37,0.88668,0.52044,0.80743,0.29256,0.8818171428571427,,0,0.279,976,0.88935,-0.0026699999999999,krum,valid_primary
eicu,sign_flip,1,12.5,clipping,True,7,0.89236,0.46997,0.80534,0.28946,0.8814139285714285,,0,0.275,976,0.89052,0.00184,clipping,valid_primary
eicu,sign_flip,1,12.5,clipping,True,11,0.88025,0.42859,0.80639,0.291,0.8703707142857143,,0,0.275,976,0.88994,-0.0096899999999999,clipping,valid_primary
eicu,sign_flip,1,12.5,clipping,True,19,0.88468,0.48346,0.80639,0.291,0.8780946428571429,,0,0.278,976,0.89102,-0.00634,clipping,valid_primary
eicu,sign_flip,1,12.5,clipping,True,23,0.88,0.47366,0.79056,0.27873,0.8711521428571428,,0,0.299,976,0.88835,-0.0083499999999999,clipping,valid_primary
eicu,sign_flip,1,12.5,clipping,True,37,0.88159,0.45226,0.8043,0.28792,0.8771650000000001,,0,0.262,976,0.89203,-0.01044,clipping,valid_primary
eicu,sign_flip,2,25.0,fedavg,True,7,0.87958,0.4341,0.7876,0.26493,0.870967142857143,,0,0.26,976,0.89052,-0.0109399999999999,fedavg,valid_primary
eicu,sign_flip,2,25.0,fedavg,True,11,0.86747,0.37636,0.79073,0.26904,0.8573985714285713,,0,0.265,976,0.88994,-0.0224699999999999,fedavg,valid_primary
eicu,sign_flip,2,25.0,fedavg,True,19,0.89027,0.49419,0.78864,0.26629,0.8759832142857144,,0,0.275,976,0.89102,-0.00075,fedavg,valid_primary
eicu,sign_flip,2,25.0,fedavg,True,23,0.86013,0.39758,0.78326,0.26801,0.8490878571428571,,0,0.277,976,0.88835,-0.02822,fedavg,valid_primary
eicu,sign_flip,2,25.0,fedavg,True,37,0.8805,0.42687,0.79804,0.27898,0.8766985714285714,,0,0.269,976,0.89203,-0.01153,fedavg,valid_primary
eicu,sign_flip,2,25.0,coord_median,True,7,0.88618,0.48616,0.80013,0.28192,0.8781664285714286,,0,0.272,976,0.89253,-0.00635,coord_median,valid_primary
eicu,sign_flip,2,25.0,coord_median,True,11,0.89203,0.46464,0.80326,0.2864,0.8815085714285714,,0,0.27,976,0.89177,0.00026,coord_median,valid_primary
eicu,sign_flip,2,25.0,coord_median,True,19,0.89303,0.51909,0.80639,0.291,0.8815760714285715,,0,0.273,976,0.89244,0.0005899999999999,coord_median,valid_primary
eicu,sign_flip,2,25.0,coord_median,True,23,0.88969,0.52007,0.80952,0.29571,0.8764332142857143,,0,0.289,976,0.88902,0.0006699999999999,coord_median,valid_primary
eicu,sign_flip,2,25.0,coord_median,True,37,0.89044,0.47079,0.81056,0.2973,0.8853892857142858,,0,0.295,976,0.89328,-0.0028399999999999,coord_median,valid_primary
eicu,sign_flip,2,25.0,trimmed_mean,True,7,0.8861,0.45844,0.80117,0.2834,0.8776707142857143,,0,0.287,976,0.8937,-0.0076,trimmed_mean,valid_primary
eicu,sign_flip,2,25.0,trimmed_mean,True,11,0.89069,0.45295,0.80326,0.2864,0.8793200000000001,,0,0.286,976,0.89395,-0.00326,trimmed_mean,valid_primary
eicu,sign_flip,2,25.0,trimmed_mean,True,19,0.8937,0.52113,0.80848,0.29413,0.8828257142857143,,0,0.269,976,0.8947,-0.001,trimmed_mean,valid_primary
eicu,sign_flip,2,25.0,trimmed_mean,True,23,0.88651,0.49117,0.81056,0.2973,0.8737125000000001,,0,0.266,976,0.89194,-0.0054299999999999,trimmed_mean,valid_primary
eicu,sign_flip,2,25.0,trimmed_mean,True,37,0.88835,0.45506,0.81056,0.2973,0.8838410714285716,,0,0.271,976,0.89578,-0.00743,trimmed_mean,valid_primary
eicu,sign_flip,2,25.0,krum,True,7,0.89704,0.5156,0.80743,0.29256,0.8804771428571428,,0,0.266,976,0.89704,0.0,krum,valid_primary
eicu,sign_flip,2,25.0,krum,True,11,0.89887,0.5241,0.80952,0.29571,0.8810321428571426,,0,0.278,976,0.87357,0.0252999999999999,krum,valid_primary
eicu,sign_flip,2,25.0,krum,True,19,0.89086,0.45597,0.8043,0.28792,0.8821714285714285,,0,0.283,976,0.88676,0.0040999999999999,krum,valid_primary
eicu,sign_flip,2,25.0,krum,True,23,0.88209,0.49607,0.80848,0.29413,0.8711450000000001,,0,0.268,976,0.87232,0.00977,krum,valid_primary
eicu,sign_flip,2,25.0,krum,True,37,0.89996,0.55825,0.80534,0.28946,0.8896617857142858,,0,0.276,976,0.88935,0.01061,krum,valid_primary
eicu,sign_flip,2,25.0,clipping,True,7,0.87958,0.4341,0.7876,0.26493,0.870967142857143,,0,0.264,976,0.89052,-0.0109399999999999,clipping,valid_primary
eicu,sign_flip,2,25.0,clipping,True,11,0.86747,0.37636,0.79073,0.26904,0.8573985714285713,,0,0.269,976,0.88994,-0.0224699999999999,clipping,valid_primary
eicu,sign_flip,2,25.0,clipping,True,19,0.89027,0.49419,0.78864,0.26629,0.8759832142857144,,0,0.266,976,0.89102,-0.00075,clipping,valid_primary
eicu,sign_flip,2,25.0,clipping,True,23,0.86013,0.39758,0.78326,0.26801,0.8490878571428571,,0,0.28,976,0.88835,-0.02822,clipping,valid_primary
eicu,sign_flip,2,25.0,clipping,True,37,0.8805,0.42687,0.79804,0.27898,0.8766985714285714,,0,0.27,976,0.89203,-0.01153,clipping,valid_primary
eicu,sign_flip,3,37.5,fedavg,True,7,0.86413,0.34881,0.79699,0.27753,0.8565639285714284,,0,0.325,976,0.89052,-0.02639,fedavg,valid_primary
eicu,sign_flip,3,37.5,fedavg,True,11,0.80418,0.24006,0.73595,0.22124,0.8010507142857143,,0,0.343,976,0.88994,-0.0857599999999999,fedavg,valid_primary
eicu,sign_flip,3,37.5,fedavg,True,19,0.87474,0.38068,0.80221,0.2849,0.8489539285714286,,0,0.327,976,0.89102,-0.01628,fedavg,valid_primary
eicu,sign_flip,3,37.5,fedavg,True,23,0.79666,0.32492,0.69386,0.18178,0.7887639285714286,,0,0.317,976,0.88835,-0.0916899999999999,fedavg,valid_primary
eicu,sign_flip,3,37.5,fedavg,True,37,0.81545,0.25035,0.79403,0.26582,0.8308589285714287,,0,0.317,976,0.89203,-0.0765799999999999,fedavg,valid_primary
eicu,sign_flip,3,37.5,coord_median,True,7,0.87708,0.42805,0.81161,0.29891,0.872257142857143,,0,0.332,976,0.89253,-0.01545,coord_median,valid_primary
eicu,sign_flip,3,37.5,coord_median,True,11,0.87374,0.39382,0.80534,0.28946,0.8679032142857143,,0,0.322,976,0.89177,-0.0180299999999999,coord_median,valid_primary
eicu,sign_flip,3,37.5,coord_median,True,19,0.89562,0.52129,0.8043,0.28792,0.8837364285714286,,0,0.326,976,0.89244,0.0031799999999999,coord_median,valid_primary
eicu,sign_flip,3,37.5,coord_median,True,23,0.87875,0.48349,0.80848,0.29413,0.8693224999999999,,0,0.325,976,0.88902,-0.01027,coord_median,valid_primary
eicu,sign_flip,3,37.5,coord_median,True,37,0.86672,0.41001,0.79699,0.27753,0.8692364285714286,,0,0.322,976,0.89328,-0.0265599999999999,coord_median,valid_primary
eicu,sign_flip,3,37.5,trimmed_mean,True,7,0.87708,0.42805,0.81161,0.29891,0.872257142857143,,0,0.332,976,0.8937,-0.01662,trimmed_mean,valid_primary
eicu,sign_flip,3,37.5,trimmed_mean,True,11,0.87374,0.39382,0.80534,0.28946,0.8679032142857143,,0,0.327,976,0.89395,-0.02021,trimmed_mean,valid_primary
eicu,sign_flip,3,37.5,trimmed_mean,True,19,0.89562,0.52129,0.8043,0.28792,0.8837364285714286,,0,0.323,976,0.8947,0.0009199999999999,trimmed_mean,valid_primary
eicu,sign_flip,3,37.5,trimmed_mean,True,23,0.87875,0.48349,0.80848,0.29413,0.8693224999999999,,0,0.323,976,0.89194,-0.0131899999999999,trimmed_mean,valid_primary
eicu,sign_flip,3,37.5,trimmed_mean,True,37,0.86672,0.41001,0.79699,0.27753,0.8692364285714286,,0,0.345,976,0.89578,-0.0290599999999999,trimmed_mean,valid_primary
eicu,sign_flip,3,37.5,krum,False,7,0.86413,0.34881,0.79699,0.27753,0.8565639285714284,,0,0.341,976,0.89704,-0.0329099999999999,fedavg,not_applicable_diagnostic_fallback
eicu,sign_flip,3,37.5,krum,False,11,0.80418,0.24006,0.73595,0.22124,0.8010507142857143,,0,0.345,976,0.87357,-0.0693899999999999,fedavg,not_applicable_diagnostic_fallback
eicu,sign_flip,3,37.5,krum,False,19,0.87474,0.38068,0.80221,0.2849,0.8489539285714286,,0,0.324,976,0.88676,-0.01202,fedavg,not_applicable_diagnostic_fallback
eicu,sign_flip,3,37.5,krum,False,23,0.79666,0.32492,0.69386,0.18178,0.7887639285714286,,0,0.34,976,0.87232,-0.0756599999999999,fedavg,not_applicable_diagnostic_fallback
eicu,sign_flip,3,37.5,krum,False,37,0.81545,0.25035,0.79403,0.26582,0.8308589285714287,,0,0.346,976,0.88935,-0.0738999999999999,fedavg,not_applicable_diagnostic_fallback
eicu,sign_flip,3,37.5,clipping,True,7,0.86413,0.34881,0.79699,0.27753,0.8565639285714284,,0,0.347,976,0.89052,-0.02639,clipping,valid_primary
eicu,sign_flip,3,37.5,clipping,True,11,0.80418,0.24006,0.73595,0.22124,0.8010507142857143,,0,0.353,976,0.88994,-0.0857599999999999,clipping,valid_primary
eicu,sign_flip,3,37.5,clipping,True,19,0.87474,0.38068,0.80221,0.2849,0.8489539285714286,,0,0.351,976,0.89102,-0.01628,clipping,valid_primary
eicu,sign_flip,3,37.5,clipping,True,23,0.79666,0.32492,0.69386,0.18178,0.7887639285714286,,0,0.34,976,0.88835,-0.0916899999999999,clipping,valid_primary
eicu,sign_flip,3,37.5,clipping,True,37,0.81545,0.25035,0.79403,0.26582,0.8308589285714287,,0,0.344,976,0.89203,-0.0765799999999999,clipping,valid_primary
eicu,scaled_poison,1,12.5,fedavg,True,7,0.88585,0.4824,0.8137,0.30217,0.8764982142857143,,0,0.34,976,0.89052,-0.0046699999999999,fedavg,valid_primary
eicu,scaled_poison,1,12.5,fedavg,True,11,0.8942,0.51063,0.81787,0.30886,0.88453,,0,0.339,976,0.88994,0.00426,fedavg,valid_primary
eicu,scaled_poison,1,12.5,fedavg,True,19,0.89637,0.50006,0.8137,0.30217,0.8845485714285715,,0,0.332,976,0.89102,0.0053499999999999,fedavg,valid_primary
eicu,scaled_poison,1,12.5,fedavg,True,23,0.8937,0.48956,0.81056,0.2973,0.8814257142857143,,0,0.326,976,0.88835,0.00535,fedavg,valid_primary
eicu,scaled_poison,1,12.5,fedavg,True,37,0.8957,0.50591,0.81683,0.30717,0.887447142857143,,0,0.325,976,0.89203,0.00367,fedavg,valid_primary
eicu,scaled_poison,1,12.5,coord_median,True,7,0.89461,0.50998,0.80534,0.28946,0.8848289285714286,,0,0.329,976,0.89253,0.0020799999999999,coord_median,valid_primary
eicu,scaled_poison,1,12.5,coord_median,True,11,0.89186,0.49801,0.80952,0.29571,0.8787803571428573,,0,0.327,976,0.89177,9.00000000000345e-05,coord_median,valid_primary
eicu,scaled_poison,1,12.5,coord_median,True,19,0.89461,0.50589,0.80743,0.29256,0.8849835714285715,,0,0.323,976,0.89244,0.00217,coord_median,valid_primary
eicu,scaled_poison,1,12.5,coord_median,True,23,0.89152,0.48474,0.80848,0.29413,0.8791260714285716,,0,0.322,976,0.88902,0.0024999999999999,coord_median,valid_primary
eicu,scaled_poison,1,12.5,coord_median,True,37,0.89344,0.50851,0.81161,0.29891,0.8841807142857142,,0,0.326,976,0.89328,0.00016,coord_median,valid_primary
eicu,scaled_poison,1,12.5,trimmed_mean,True,7,0.89537,0.51143,0.81056,0.2973,0.8858839285714285,,0,0.321,976,0.8937,0.0016699999999999,trimmed_mean,valid_primary
eicu,scaled_poison,1,12.5,trimmed_mean,True,11,0.89203,0.49667,0.80952,0.29571,0.8802739285714286,,0,0.321,976,0.89395,-0.00192,trimmed_mean,valid_primary
eicu,scaled_poison,1,12.5,trimmed_mean,True,19,0.89562,0.50613,0.80952,0.29571,0.8850296428571429,,0,0.336,976,0.8947,0.0009199999999999,trimmed_mean,valid_primary
eicu,scaled_poison,1,12.5,trimmed_mean,True,23,0.89303,0.49635,0.81056,0.2973,0.8798182142857142,,0,0.358,976,0.89194,0.00109,trimmed_mean,valid_primary
eicu,scaled_poison,1,12.5,trimmed_mean,True,37,0.89737,0.51624,0.80848,0.29413,0.8875239285714286,,0,0.361,976,0.89578,0.0015899999999999,trimmed_mean,valid_primary
eicu,scaled_poison,1,12.5,krum,True,7,0.88985,0.44898,0.80221,0.2849,0.8818696428571428,,0,0.346,976,0.89704,-0.0071899999999999,krum,valid_primary
eicu,scaled_poison,1,12.5,krum,True,11,0.89887,0.5241,0.80952,0.29571,0.8810321428571426,,0,0.326,976,0.87357,0.0252999999999999,krum,valid_primary
eicu,scaled_poison,1,12.5,krum,True,19,0.88676,0.52375,0.79595,0.27609,0.8812978571428571,,0,0.318,976,0.88676,0.0,krum,valid_primary
eicu,scaled_poison,1,12.5,krum,True,23,0.87232,0.44917,0.81161,0.29891,0.8616282142857142,,0,0.323,976,0.87232,0.0,krum,valid_primary
eicu,scaled_poison,1,12.5,krum,True,37,0.88668,0.52044,0.80743,0.29256,0.8818171428571427,,0,0.324,976,0.88935,-0.0026699999999999,krum,valid_primary
eicu,scaled_poison,1,12.5,clipping,True,7,0.88585,0.4824,0.8137,0.30217,0.8764982142857143,,0,0.323,976,0.89052,-0.0046699999999999,clipping,valid_primary
eicu,scaled_poison,1,12.5,clipping,True,11,0.8942,0.51063,0.81787,0.30886,0.88453,,0,0.329,976,0.88994,0.00426,clipping,valid_primary
eicu,scaled_poison,1,12.5,clipping,True,19,0.89637,0.50006,0.8137,0.30217,0.8845485714285715,,0,0.325,976,0.89102,0.0053499999999999,clipping,valid_primary
eicu,scaled_poison,1,12.5,clipping,True,23,0.8937,0.48956,0.81056,0.2973,0.8814257142857143,,0,0.323,976,0.88835,0.00535,clipping,valid_primary
eicu,scaled_poison,1,12.5,clipping,True,37,0.8957,0.50591,0.81683,0.30717,0.887447142857143,,0,0.326,976,0.89203,0.00367,clipping,valid_primary
eicu,scaled_poison,2,25.0,fedavg,True,7,0.89495,0.49512,0.82518,0.32117,0.8855671428571429,,0,0.32,976,0.89052,0.00443,fedavg,valid_primary
eicu,scaled_poison,2,25.0,fedavg,True,11,0.89687,0.52517,0.82309,0.31757,0.8870292857142857,,0,0.32,976,0.88994,0.0069299999999999,fedavg,valid_primary
eicu,scaled_poison,2,25.0,fedavg,True,19,0.88501,0.44846,0.82622,0.32299,0.8782125000000001,,0,0.324,976,0.89102,-0.00601,fedavg,valid_primary
eicu,scaled_poison,2,25.0,fedavg,True,23,0.89812,0.51979,0.81891,0.31057,0.8856839285714285,,0,0.327,976,0.88835,0.00977,fedavg,valid_primary
eicu,scaled_poison,2,25.0,fedavg,True,37,0.89628,0.51859,0.82622,0.32299,0.8877310714285713,,0,0.323,976,0.89203,0.0042499999999999,fedavg,valid_primary
eicu,scaled_poison,2,25.0,coord_median,True,7,0.8947,0.50094,0.81056,0.2973,0.8859446428571428,,0,0.322,976,0.89253,0.00217,coord_median,valid_primary
eicu,scaled_poison,2,25.0,coord_median,True,11,0.89286,0.50601,0.81056,0.2973,0.8780342857142857,,0,0.323,976,0.89177,0.00109,coord_median,valid_primary
eicu,scaled_poison,2,25.0,coord_median,True,19,0.8967,0.51676,0.80743,0.29256,0.8868628571428572,,0,0.281,976,0.89244,0.00426,coord_median,valid_primary
eicu,scaled_poison,2,25.0,coord_median,True,23,0.89228,0.50105,0.81996,0.3123,0.8768428571428571,,0,0.27,976,0.88902,0.0032599999999999,coord_median,valid_primary
eicu,scaled_poison,2,25.0,coord_median,True,37,0.8947,0.50513,0.81265,0.30054,0.8853096428571429,,0,0.274,976,0.89328,0.00142,coord_median,valid_primary
eicu,scaled_poison,2,25.0,trimmed_mean,True,7,0.89653,0.51295,0.81056,0.2973,0.8873785714285712,,0,0.28,976,0.8937,0.0028299999999999,trimmed_mean,valid_primary
eicu,scaled_poison,2,25.0,trimmed_mean,True,11,0.8957,0.51312,0.81161,0.29891,0.8816342857142857,,0,0.263,976,0.89395,0.00175,trimmed_mean,valid_primary
eicu,scaled_poison,2,25.0,trimmed_mean,True,19,0.89829,0.52053,0.81265,0.30054,0.8879539285714284,,0,0.265,976,0.8947,0.0035899999999999,trimmed_mean,valid_primary
eicu,scaled_poison,2,25.0,trimmed_mean,True,23,0.89278,0.50114,0.81787,0.30886,0.8784582142857144,,0,0.257,976,0.89194,0.00084,trimmed_mean,valid_primary
eicu,scaled_poison,2,25.0,trimmed_mean,True,37,0.89762,0.51793,0.8137,0.30217,0.8882225,,0,0.26,976,0.89578,0.0018399999999999,trimmed_mean,valid_primary
eicu,scaled_poison,2,25.0,krum,True,7,0.89704,0.5156,0.80743,0.29256,0.8804771428571428,,0,0.28,976,0.89704,0.0,krum,valid_primary
eicu,scaled_poison,2,25.0,krum,True,11,0.89887,0.5241,0.80952,0.29571,0.8810321428571426,,0,0.275,976,0.87357,0.0252999999999999,krum,valid_primary
eicu,scaled_poison,2,25.0,krum,True,19,0.89086,0.45597,0.8043,0.28792,0.8821714285714285,,0,0.262,976,0.88676,0.0040999999999999,krum,valid_primary
eicu,scaled_poison,2,25.0,krum,True,23,0.88209,0.49607,0.80848,0.29413,0.8711450000000001,,0,0.269,976,0.87232,0.00977,krum,valid_primary
eicu,scaled_poison,2,25.0,krum,True,37,0.89996,0.55825,0.80534,0.28946,0.8896617857142858,,0,0.272,976,0.88935,0.01061,krum,valid_primary
eicu,scaled_poison,2,25.0,clipping,True,7,0.89495,0.49512,0.82518,0.32117,0.8855671428571429,,0,0.275,976,0.89052,0.00443,clipping,valid_primary
eicu,scaled_poison,2,25.0,clipping,True,11,0.89687,0.52517,0.82309,0.31757,0.8870292857142857,,0,0.26,976,0.88994,0.0069299999999999,clipping,valid_primary
eicu,scaled_poison,2,25.0,clipping,True,19,0.88501,0.44846,0.82622,0.32299,0.8782125000000001,,0,0.266,976,0.89102,-0.00601,clipping,valid_primary
eicu,scaled_poison,2,25.0,clipping,True,23,0.89812,0.51979,0.81891,0.31057,0.8856839285714285,,0,0.263,976,0.88835,0.00977,clipping,valid_primary
eicu,scaled_poison,2,25.0,clipping,True,37,0.89628,0.51859,0.82622,0.32299,0.8877310714285713,,0,0.263,976,0.89203,0.0042499999999999,clipping,valid_primary
eicu,scaled_poison,3,37.5,fedavg,True,7,0.89403,0.51174,0.82518,0.32117,0.8843300000000001,,0,0.257,976,0.89052,0.00351,fedavg,valid_primary
eicu,scaled_poison,3,37.5,fedavg,True,11,0.90205,0.53237,0.83248,0.33432,0.8909989285714286,,0,0.277,976,0.88994,0.01211,fedavg,valid_primary
eicu,scaled_poison,3,37.5,fedavg,True,19,0.88894,0.4724,0.83144,0.33239,0.8822871428571428,,0,0.277,976,0.89102,-0.00208,fedavg,valid_primary
eicu,scaled_poison,3,37.5,fedavg,True,23,0.89896,0.52594,0.82831,0.32669,0.8867200000000001,,0,0.278,976,0.88835,0.01061,fedavg,valid_primary
eicu,scaled_poison,3,37.5,fedavg,True,37,0.89804,0.51319,0.83457,0.33825,0.8896364285714286,,0,0.261,976,0.89203,0.0060099999999999,fedavg,valid_primary
eicu,scaled_poison,3,37.5,coord_median,True,7,0.89687,0.52763,0.81787,0.30886,0.8879653571428573,,0,0.259,976,0.89253,0.0043399999999998,coord_median,valid_primary
eicu,scaled_poison,3,37.5,coord_median,True,11,0.89628,0.51374,0.81683,0.30717,0.8842142857142858,,0,0.266,976,0.89177,0.00451,coord_median,valid_primary
eicu,scaled_poison,3,37.5,coord_median,True,19,0.89737,0.52326,0.81787,0.30886,0.8864632142857143,,0,0.284,976,0.89244,0.0049299999999999,coord_median,valid_primary
eicu,scaled_poison,3,37.5,coord_median,True,23,0.8942,0.50558,0.82309,0.31757,0.8798564285714285,,0,0.27,976,0.88902,0.0051799999999999,coord_median,valid_primary
eicu,scaled_poison,3,37.5,coord_median,True,37,0.89795,0.51912,0.81578,0.30549,0.8900339285714286,,0,0.272,976,0.89328,0.00467,coord_median,valid_primary
eicu,scaled_poison,3,37.5,trimmed_mean,True,7,0.89687,0.52763,0.81787,0.30886,0.8879653571428573,,0,0.272,976,0.8937,0.0031699999999998,trimmed_mean,valid_primary
eicu,scaled_poison,3,37.5,trimmed_mean,True,11,0.89628,0.51374,0.81683,0.30717,0.8842142857142858,,0,0.269,976,0.89395,0.0023299999999999,trimmed_mean,valid_primary
eicu,scaled_poison,3,37.5,trimmed_mean,True,19,0.89737,0.52326,0.81787,0.30886,0.8864632142857143,,0,0.274,976,0.8947,0.0026699999999999,trimmed_mean,valid_primary
eicu,scaled_poison,3,37.5,trimmed_mean,True,23,0.8942,0.50558,0.82309,0.31757,0.8798564285714285,,0,0.278,976,0.89194,0.00226,trimmed_mean,valid_primary
eicu,scaled_poison,3,37.5,trimmed_mean,True,37,0.89795,0.51912,0.81578,0.30549,0.8900339285714286,,0,0.271,976,0.89578,0.00217,trimmed_mean,valid_primary
eicu,scaled_poison,3,37.5,krum,False,7,0.89403,0.51174,0.82518,0.32117,0.8843300000000001,,0,0.262,976,0.89704,-0.0030099999999999,fedavg,not_applicable_diagnostic_fallback
eicu,scaled_poison,3,37.5,krum,False,11,0.90205,0.53237,0.83248,0.33432,0.8909989285714286,,0,0.259,976,0.87357,0.02848,fedavg,not_applicable_diagnostic_fallback
eicu,scaled_poison,3,37.5,krum,False,19,0.88894,0.4724,0.83144,0.33239,0.8822871428571428,,0,0.277,976,0.88676,0.0021799999999999,fedavg,not_applicable_diagnostic_fallback
eicu,scaled_poison,3,37.5,krum,False,23,0.89896,0.52594,0.82831,0.32669,0.8867200000000001,,0,0.264,976,0.87232,0.0266399999999999,fedavg,not_applicable_diagnostic_fallback
eicu,scaled_poison,3,37.5,krum,False,37,0.89804,0.51319,0.83457,0.33825,0.8896364285714286,,0,0.282,976,0.88935,0.0086899999999999,fedavg,not_applicable_diagnostic_fallback
eicu,scaled_poison,3,37.5,clipping,True,7,0.89403,0.51174,0.82518,0.32117,0.8843300000000001,,0,0.28,976,0.89052,0.00351,clipping,valid_primary
eicu,scaled_poison,3,37.5,clipping,True,11,0.90205,0.53237,0.83248,0.33432,0.8909989285714286,,0,0.289,976,0.88994,0.01211,clipping,valid_primary
eicu,scaled_poison,3,37.5,clipping,True,19,0.88894,0.4724,0.83144,0.33239,0.8822871428571428,,0,0.276,976,0.89102,-0.00208,clipping,valid_primary
eicu,scaled_poison,3,37.5,clipping,True,23,0.89896,0.52594,0.82831,0.32669,0.8867200000000001,,0,0.262,976,0.88835,0.01061,clipping,valid_primary
eicu,scaled_poison,3,37.5,clipping,True,37,0.89804,0.51319,0.83457,0.33825,0.8896364285714286,,0,0.276,976,0.89203,0.0060099999999999,clipping,valid_primary
eicu,model_replace,1,12.5,fedavg,True,7,0.87432,0.41221,0.7876,0.26493,0.8743685714285717,,0,0.286,976,0.89052,-0.0161999999999999,fedavg,valid_primary
eicu,model_replace,1,12.5,fedavg,True,11,0.86981,0.40803,0.78342,0.25958,0.8698849999999998,,0,0.278,976,0.88994,-0.0201299999999999,fedavg,valid_primary
eicu,model_replace,1,12.5,fedavg,True,19,0.87382,0.43122,0.78551,0.26224,0.8737692857142859,,0,0.266,976,0.89102,-0.0171999999999999,fedavg,valid_primary
eicu,model_replace,1,12.5,fedavg,True,23,0.87382,0.43122,0.78551,0.26224,0.8738021428571429,,0,0.272,976,0.88835,-0.0145299999999999,fedavg,valid_primary
eicu,model_replace,1,12.5,fedavg,True,37,0.87198,0.41445,0.78656,0.26358,0.8718982142857145,,0,0.263,976,0.89203,-0.02005,fedavg,valid_primary
eicu,model_replace,1,12.5,coord_median,True,7,0.8942,0.50229,0.8137,0.30217,0.8833510714285715,,0,0.26,976,0.89253,0.0016699999999999,coord_median,valid_primary
eicu,model_replace,1,12.5,coord_median,True,11,0.89587,0.4987,0.80848,0.29413,0.8823332142857144,,0,0.262,976,0.89177,0.0041000000000001,coord_median,valid_primary
eicu,model_replace,1,12.5,coord_median,True,19,0.89478,0.53814,0.81056,0.2973,0.8847582142857143,,0,0.272,976,0.89244,0.00234,coord_median,valid_primary
eicu,model_replace,1,12.5,coord_median,True,23,0.89244,0.52273,0.81891,0.31057,0.8807817857142857,,0,0.274,976,0.88902,0.0034199999999999,coord_median,valid_primary
eicu,model_replace,1,12.5,coord_median,True,37,0.89303,0.5088,0.81474,0.30382,0.8842721428571428,,0,0.271,976,0.89328,-0.0002499999999999,coord_median,valid_primary
eicu,model_replace,1,12.5,trimmed_mean,True,7,0.89136,0.49202,0.81265,0.30054,0.8823153571428571,,0,0.267,976,0.8937,-0.00234,trimmed_mean,valid_primary
eicu,model_replace,1,12.5,trimmed_mean,True,11,0.89236,0.48595,0.80848,0.29413,0.881332857142857,,0,0.262,976,0.89395,-0.0015899999999999,trimmed_mean,valid_primary
eicu,model_replace,1,12.5,trimmed_mean,True,19,0.89019,0.49596,0.81056,0.2973,0.8824678571428571,,0,0.271,976,0.8947,-0.00451,trimmed_mean,valid_primary
eicu,model_replace,1,12.5,trimmed_mean,True,23,0.8881,0.49967,0.8137,0.30217,0.8783514285714286,,0,0.274,976,0.89194,-0.0038399999999999,trimmed_mean,valid_primary
eicu,model_replace,1,12.5,trimmed_mean,True,37,0.88935,0.49092,0.81056,0.2973,0.8826842857142857,,0,0.265,976,0.89578,-0.00643,trimmed_mean,valid_primary
eicu,model_replace,1,12.5,krum,True,7,0.88985,0.44898,0.80221,0.2849,0.8818696428571428,,0,0.267,976,0.89704,-0.0071899999999999,krum,valid_primary
eicu,model_replace,1,12.5,krum,True,11,0.89887,0.5241,0.80952,0.29571,0.8810321428571426,,0,0.277,976,0.87357,0.0252999999999999,krum,valid_primary
eicu,model_replace,1,12.5,krum,True,19,0.88676,0.52375,0.79595,0.27609,0.8812978571428571,,0,0.279,976,0.88676,0.0,krum,valid_primary
eicu,model_replace,1,12.5,krum,True,23,0.87232,0.44917,0.81161,0.29891,0.8616282142857142,,0,0.266,976,0.87232,0.0,krum,valid_primary
eicu,model_replace,1,12.5,krum,True,37,0.88668,0.52044,0.80743,0.29256,0.8818171428571427,,0,0.282,976,0.88935,-0.0026699999999999,krum,valid_primary
eicu,model_replace,1,12.5,clipping,True,7,0.87432,0.41221,0.7876,0.26493,0.8743685714285717,,0,0.285,976,0.89052,-0.0161999999999999,clipping,valid_primary
eicu,model_replace,1,12.5,clipping,True,11,0.86981,0.40803,0.78342,0.25958,0.8698849999999998,,0,0.275,976,0.88994,-0.0201299999999999,clipping,valid_primary
eicu,model_replace,1,12.5,clipping,True,19,0.87382,0.43122,0.78551,0.26224,0.8737692857142859,,0,0.267,976,0.89102,-0.0171999999999999,clipping,valid_primary
eicu,model_replace,1,12.5,clipping,True,23,0.87382,0.43122,0.78551,0.26224,0.8738021428571429,,0,0.268,976,0.88835,-0.0145299999999999,clipping,valid_primary
eicu,model_replace,1,12.5,clipping,True,37,0.87198,0.41445,0.78656,0.26358,0.8718982142857145,,0,0.274,976,0.89203,-0.02005,clipping,valid_primary
eicu,model_replace,2,25.0,fedavg,True,7,0.87207,0.41379,0.78447,0.2609,0.8719739285714289,,0,0.29,976,0.89052,-0.0184499999999999,fedavg,valid_primary
eicu,model_replace,2,25.0,fedavg,True,11,0.86806,0.39355,0.78029,0.25566,0.8680946428571428,,0,0.268,976,0.88994,-0.0218799999999999,fedavg,valid_primary
eicu,model_replace,2,25.0,fedavg,True,19,0.87524,0.43651,0.78551,0.26224,0.8752732142857143,,0,0.265,976,0.89102,-0.01578,fedavg,valid_primary
eicu,model_replace,2,25.0,fedavg,True,23,0.87073,0.41383,0.78342,0.25958,0.8706767857142858,,0,0.267,976,0.88835,-0.0176199999999999,fedavg,valid_primary
eicu,model_replace,2,25.0,fedavg,True,37,0.8719,0.40567,0.78342,0.25958,0.8718735714285716,,0,0.274,976,0.89203,-0.0201299999999999,fedavg,valid_primary
eicu,model_replace,2,25.0,coord_median,True,7,0.88827,0.49371,0.80743,0.29256,0.8783696428571428,,0,0.274,976,0.89253,-0.00426,coord_median,valid_primary
eicu,model_replace,2,25.0,coord_median,True,11,0.89344,0.48085,0.80639,0.291,0.8832946428571429,,0,0.271,976,0.89177,0.00167,coord_median,valid_primary
eicu,model_replace,2,25.0,coord_median,True,19,0.89344,0.51564,0.8137,0.30217,0.8828742857142855,,0,0.283,976,0.89244,0.001,coord_median,valid_primary
eicu,model_replace,2,25.0,coord_median,True,23,0.89303,0.53493,0.81161,0.29891,0.8811814285714286,,0,0.283,976,0.88902,0.0040099999999999,coord_median,valid_primary
eicu,model_replace,2,25.0,coord_median,True,37,0.89094,0.4722,0.80639,0.291,0.8849425,,0,0.272,976,0.89328,-0.00234,coord_median,valid_primary
eicu,model_replace,2,25.0,trimmed_mean,True,7,0.88601,0.46738,0.81056,0.2973,0.8784239285714286,,0,0.269,976,0.8937,-0.00769,trimmed_mean,valid_primary
eicu,model_replace,2,25.0,trimmed_mean,True,11,0.89002,0.47612,0.81056,0.2973,0.8802046428571427,,0,0.271,976,0.89395,-0.0039299999999999,trimmed_mean,valid_primary
eicu,model_replace,2,25.0,trimmed_mean,True,19,0.89244,0.52008,0.80743,0.29256,0.8822535714285714,,0,0.271,976,0.8947,-0.00226,trimmed_mean,valid_primary
eicu,model_replace,2,25.0,trimmed_mean,True,23,0.88777,0.49737,0.81474,0.30382,0.8775817857142857,,0,0.298,976,0.89194,-0.00417,trimmed_mean,valid_primary
eicu,model_replace,2,25.0,trimmed_mean,True,37,0.88868,0.45965,0.80952,0.29571,0.8834375000000001,,0,0.335,976,0.89578,-0.0070999999999999,trimmed_mean,valid_primary
eicu,model_replace,2,25.0,krum,True,7,0.89704,0.5156,0.80743,0.29256,0.8804771428571428,,0,0.327,976,0.89704,0.0,krum,valid_primary
eicu,model_replace,2,25.0,krum,True,11,0.89887,0.5241,0.80952,0.29571,0.8810321428571426,,0,0.33,976,0.87357,0.0252999999999999,krum,valid_primary
eicu,model_replace,2,25.0,krum,True,19,0.89086,0.45597,0.8043,0.28792,0.8821714285714285,,0,0.32,976,0.88676,0.0040999999999999,krum,valid_primary
eicu,model_replace,2,25.0,krum,True,23,0.88209,0.49607,0.80848,0.29413,0.8711450000000001,,0,0.35,976,0.87232,0.00977,krum,valid_primary
eicu,model_replace,2,25.0,krum,True,37,0.89996,0.55825,0.80534,0.28946,0.8896617857142858,,0,0.362,976,0.88935,0.01061,krum,valid_primary
eicu,model_replace,2,25.0,clipping,True,7,0.87207,0.41379,0.78447,0.2609,0.8719739285714289,,0,0.354,976,0.89052,-0.0184499999999999,clipping,valid_primary
eicu,model_replace,2,25.0,clipping,True,11,0.86806,0.39355,0.78029,0.25566,0.8680946428571428,,0,0.325,976,0.88994,-0.0218799999999999,clipping,valid_primary
eicu,model_replace,2,25.0,clipping,True,19,0.87524,0.43651,0.78551,0.26224,0.8752732142857143,,0,0.35,976,0.89102,-0.01578,clipping,valid_primary
eicu,model_replace,2,25.0,clipping,True,23,0.87073,0.41383,0.78342,0.25958,0.8706767857142858,,0,0.326,976,0.88835,-0.0176199999999999,clipping,valid_primary
eicu,model_replace,2,25.0,clipping,True,37,0.8719,0.40567,0.78342,0.25958,0.8718735714285716,,0,0.324,976,0.89203,-0.0201299999999999,clipping,valid_primary
eicu,model_replace,3,37.5,fedavg,True,7,0.87365,0.39531,0.79177,0.27043,0.8736746428571427,,0,0.322,976,0.89052,-0.0168699999999999,fedavg,valid_primary
eicu,model_replace,3,37.5,fedavg,True,11,0.8658,0.39143,0.78029,0.25566,0.8657532142857144,,0,0.322,976,0.88994,-0.0241399999999999,fedavg,valid_primary
eicu,model_replace,3,37.5,fedavg,True,19,0.8719,0.40616,0.78447,0.2609,0.8719060714285715,,0,0.328,976,0.89102,-0.01912,fedavg,valid_primary
eicu,model_replace,3,37.5,fedavg,True,23,0.86965,0.40731,0.78342,0.25958,0.869625,,0,0.324,976,0.88835,-0.0186999999999999,fedavg,valid_primary
eicu,model_replace,3,37.5,fedavg,True,37,0.8704,0.4012,0.78238,0.25826,0.8701992857142857,,0,0.327,976,0.89203,-0.02163,fedavg,valid_primary
eicu,model_replace,3,37.5,coord_median,True,7,0.87532,0.4184,0.81787,0.30886,0.8696557142857143,,0,0.318,976,0.89253,-0.01721,coord_median,valid_primary
eicu,model_replace,3,37.5,coord_median,True,11,0.88058,0.41049,0.8137,0.30217,0.8740235714285715,,0,0.326,976,0.89177,-0.0111899999999999,coord_median,valid_primary
eicu,model_replace,3,37.5,coord_median,True,19,0.89461,0.51457,0.81056,0.2973,0.883990357142857,,0,0.346,976,0.89244,0.00217,coord_median,valid_primary
eicu,model_replace,3,37.5,coord_median,True,23,0.88827,0.50458,0.81578,0.30549,0.8798696428571429,,0,0.332,976,0.88902,-0.00075,coord_median,valid_primary
eicu,model_replace,3,37.5,coord_median,True,37,0.8795,0.44594,0.80221,0.2849,0.8760710714285714,,0,0.339,976,0.89328,-0.01378,coord_median,valid_primary
eicu,model_replace,3,37.5,trimmed_mean,True,7,0.87532,0.4184,0.81787,0.30886,0.8696557142857143,,0,0.333,976,0.8937,-0.01838,trimmed_mean,valid_primary
eicu,model_replace,3,37.5,trimmed_mean,True,11,0.88058,0.41049,0.8137,0.30217,0.8740235714285715,,0,0.35,976,0.89395,-0.0133699999999999,trimmed_mean,valid_primary
eicu,model_replace,3,37.5,trimmed_mean,True,19,0.89461,0.51457,0.81056,0.2973,0.883990357142857,,0,0.328,976,0.8947,-9.00000000000345e-05,trimmed_mean,valid_primary
eicu,model_replace,3,37.5,trimmed_mean,True,23,0.88827,0.50458,0.81578,0.30549,0.8798696428571429,,0,0.328,976,0.89194,-0.0036699999999999,trimmed_mean,valid_primary
eicu,model_replace,3,37.5,trimmed_mean,True,37,0.8795,0.44594,0.80221,0.2849,0.8760710714285714,,0,0.336,976,0.89578,-0.01628,trimmed_mean,valid_primary
eicu,model_replace,3,37.5,krum,False,7,0.87365,0.39531,0.79177,0.27043,0.8736746428571427,,0,0.333,976,0.89704,-0.0233899999999999,fedavg,not_applicable_diagnostic_fallback
eicu,model_replace,3,37.5,krum,False,11,0.8658,0.39143,0.78029,0.25566,0.8657532142857144,,0,0.33,976,0.87357,-0.0077699999999999,fedavg,not_applicable_diagnostic_fallback
eicu,model_replace,3,37.5,krum,False,19,0.8719,0.40616,0.78447,0.2609,0.8719060714285715,,0,0.334,976,0.88676,-0.0148599999999999,fedavg,not_applicable_diagnostic_fallback
eicu,model_replace,3,37.5,krum,False,23,0.86965,0.40731,0.78342,0.25958,0.869625,,0,0.333,976,0.87232,-0.0026699999999999,fedavg,not_applicable_diagnostic_fallback
eicu,model_replace,3,37.5,krum,False,37,0.8704,0.4012,0.78238,0.25826,0.8701992857142857,,0,0.333,976,0.88935,-0.01895,fedavg,not_applicable_diagnostic_fallback
eicu,model_replace,3,37.5,clipping,True,7,0.87365,0.39531,0.79177,0.27043,0.8736746428571427,,0,0.333,976,0.89052,-0.0168699999999999,clipping,valid_primary
eicu,model_replace,3,37.5,clipping,True,11,0.8658,0.39143,0.78029,0.25566,0.8657532142857144,,0,0.329,976,0.88994,-0.0241399999999999,clipping,valid_primary
eicu,model_replace,3,37.5,clipping,True,19,0.8719,0.40616,0.78447,0.2609,0.8719060714285715,,0,0.344,976,0.89102,-0.01912,clipping,valid_primary
eicu,model_replace,3,37.5,clipping,True,23,0.86965,0.40731,0.78342,0.25958,0.869625,,0,0.331,976,0.88835,-0.0186999999999999,clipping,valid_primary
eicu,model_replace,3,37.5,clipping,True,37,0.8704,0.4012,0.78238,0.25826,0.8701992857142857,,0,0.328,976,0.89203,-0.02163,clipping,valid_primary
eicu,label_flip,1,12.5,fedavg,True,7,0.89495,0.46943,0.81161,0.29891,0.883527142857143,,0,0.345,976,0.89052,0.00443,fedavg,valid_primary
eicu,label_flip,1,12.5,fedavg,True,11,0.87157,0.39915,0.81265,0.30054,0.8654225000000001,,0,0.343,976,0.88994,-0.0183699999999999,fedavg,valid_primary
eicu,label_flip,1,12.5,fedavg,True,19,0.8937,0.58621,0.78639,0.27253,0.8842714285714288,,0,0.34,976,0.89102,0.00268,fedavg,valid_primary
eicu,label_flip,1,12.5,fedavg,True,23,0.88994,0.5825,0.79056,0.27873,0.87691,,0,0.343,976,0.88835,0.0015899999999999,fedavg,valid_primary
eicu,label_flip,1,12.5,fedavg,True,37,0.88635,0.46202,0.821,0.31404,0.8806292857142858,,0,0.347,976,0.89203,-0.00568,fedavg,valid_primary
eicu,label_flip,1,12.5,coord_median,True,7,0.89511,0.49886,0.81161,0.29891,0.8840285714285715,,0,0.358,976,0.89253,0.0025799999999999,coord_median,valid_primary
eicu,label_flip,1,12.5,coord_median,True,11,0.89804,0.52213,0.80639,0.291,0.8840632142857142,,0,0.345,976,0.89177,0.0062699999999999,coord_median,valid_primary
eicu,label_flip,1,12.5,coord_median,True,19,0.89445,0.5389,0.80952,0.29571,0.8832889285714286,,0,0.338,976,0.89244,0.0020099999999999,coord_median,valid_primary
eicu,label_flip,1,12.5,coord_median,True,23,0.89152,0.52435,0.81891,0.31057,0.8783442857142857,,0,0.341,976,0.88902,0.0024999999999999,coord_median,valid_primary
eicu,label_flip,1,12.5,coord_median,True,37,0.89478,0.51611,0.81161,0.29891,0.8862032142857142,,0,0.343,976,0.89328,0.0015,coord_median,valid_primary
eicu,label_flip,1,12.5,trimmed_mean,True,7,0.89353,0.4921,0.81474,0.30382,0.8831846428571428,,0,0.349,976,0.8937,-0.00017,trimmed_mean,valid_primary
eicu,label_flip,1,12.5,trimmed_mean,True,11,0.89361,0.49128,0.80743,0.29256,0.8819767857142856,,0,0.359,976,0.89395,-0.00034,trimmed_mean,valid_primary
eicu,label_flip,1,12.5,trimmed_mean,True,19,0.88969,0.49695,0.81265,0.30054,0.8812382142857142,,0,0.365,976,0.8947,-0.00501,trimmed_mean,valid_primary
eicu,label_flip,1,12.5,trimmed_mean,True,23,0.88793,0.50222,0.81474,0.30382,0.876582142857143,,0,0.343,976,0.89194,-0.0040099999999999,trimmed_mean,valid_primary
eicu,label_flip,1,12.5,trimmed_mean,True,37,0.89244,0.50675,0.80952,0.29571,0.8843924999999999,,0,0.361,976,0.89578,-0.00334,trimmed_mean,valid_primary
eicu,label_flip,1,12.5,krum,True,7,0.88985,0.44898,0.80221,0.2849,0.8818696428571428,,0,0.349,976,0.89704,-0.0071899999999999,krum,valid_primary
eicu,label_flip,1,12.5,krum,True,11,0.89887,0.5241,0.80952,0.29571,0.8810321428571426,,0,0.355,976,0.87357,0.0252999999999999,krum,valid_primary
eicu,label_flip,1,12.5,krum,True,19,0.88676,0.52375,0.79595,0.27609,0.8812978571428571,,0,0.355,976,0.88676,0.0,krum,valid_primary
eicu,label_flip,1,12.5,krum,True,23,0.87232,0.44917,0.81161,0.29891,0.8616282142857142,,0,0.341,976,0.87232,0.0,krum,valid_primary
eicu,label_flip,1,12.5,krum,True,37,0.88668,0.52044,0.80743,0.29256,0.8818171428571427,,0,0.348,976,0.88935,-0.0026699999999999,krum,valid_primary
eicu,label_flip,1,12.5,clipping,True,7,0.89495,0.46943,0.81161,0.29891,0.883527142857143,,0,0.344,976,0.89052,0.00443,clipping,valid_primary
eicu,label_flip,1,12.5,clipping,True,11,0.87157,0.39915,0.81265,0.30054,0.8654225000000001,,0,0.343,976,0.88994,-0.0183699999999999,clipping,valid_primary
eicu,label_flip,1,12.5,clipping,True,19,0.8937,0.58621,0.78639,0.27253,0.8842714285714288,,0,0.354,976,0.89102,0.00268,clipping,valid_primary
eicu,label_flip,1,12.5,clipping,True,23,0.88994,0.5825,0.79056,0.27873,0.87691,,0,0.353,976,0.88835,0.0015899999999999,clipping,valid_primary
eicu,label_flip,1,12.5,clipping,True,37,0.88635,0.46202,0.821,0.31404,0.8806292857142858,,0,0.343,976,0.89203,-0.00568,clipping,valid_primary
eicu,label_flip,2,25.0,fedavg,True,7,0.8704,0.43748,0.77699,0.25928,0.8680767857142857,,0,0.365,976,0.89052,-0.02012,fedavg,valid_primary
eicu,label_flip,2,25.0,fedavg,True,11,0.84276,0.30508,0.77491,0.25646,0.8426692857142857,,0,0.354,976,0.88994,-0.04718,fedavg,valid_primary
eicu,label_flip,2,25.0,fedavg,True,19,0.88033,0.43925,0.80534,0.28946,0.8712985714285714,,0,0.358,976,0.89102,-0.01069,fedavg,valid_primary
eicu,label_flip,2,25.0,fedavg,True,23,0.84084,0.40414,0.77056,0.26008,0.8397935714285714,,0,0.37,976,0.88835,-0.0475099999999999,fedavg,valid_primary
eicu,label_flip,2,25.0,fedavg,True,37,0.86772,0.39965,0.82534,0.30784,0.8717378571428572,,0,0.364,976,0.89203,-0.0243099999999999,fedavg,valid_primary
eicu,label_flip,2,25.0,coord_median,True,7,0.89094,0.51099,0.80221,0.2849,0.8795464285714286,,0,0.366,976,0.89253,-0.00159,coord_median,valid_primary
eicu,label_flip,2,25.0,coord_median,True,11,0.89704,0.48442,0.80639,0.291,0.8836578571428573,,0,0.362,976,0.89177,0.0052699999999999,coord_median,valid_primary
eicu,label_flip,2,25.0,coord_median,True,19,0.89453,0.5368,0.81161,0.29891,0.8812203571428572,,0,0.356,976,0.89244,0.00209,coord_median,valid_primary
eicu,label_flip,2,25.0,coord_median,True,23,0.8947,0.53654,0.81265,0.30054,0.8790153571428572,,0,0.353,976,0.88902,0.00568,coord_median,valid_primary
eicu,label_flip,2,25.0,coord_median,True,37,0.89328,0.47802,0.80848,0.29413,0.8857525,,0,0.36,976,0.89328,0.0,coord_median,valid_primary
eicu,label_flip,2,25.0,trimmed_mean,True,7,0.88827,0.47008,0.80848,0.29413,0.8790246428571429,,0,0.362,976,0.8937,-0.00543,trimmed_mean,valid_primary
eicu,label_flip,2,25.0,trimmed_mean,True,11,0.89169,0.46231,0.80639,0.291,0.8800499999999999,,0,0.355,976,0.89395,-0.00226,trimmed_mean,valid_primary
eicu,label_flip,2,25.0,trimmed_mean,True,19,0.89528,0.53408,0.81161,0.29891,0.8823542857142856,,0,0.353,976,0.8947,0.0005799999999999,trimmed_mean,valid_primary
eicu,label_flip,2,25.0,trimmed_mean,True,23,0.88843,0.4887,0.81578,0.30549,0.8749678571428572,,0,0.352,976,0.89194,-0.0035099999999999,trimmed_mean,valid_primary
eicu,label_flip,2,25.0,trimmed_mean,True,37,0.89052,0.46292,0.80848,0.29413,0.8848460714285714,,0,0.353,976,0.89578,-0.00526,trimmed_mean,valid_primary
eicu,label_flip,2,25.0,krum,True,7,0.89704,0.5156,0.80743,0.29256,0.8804771428571428,,0,0.363,976,0.89704,0.0,krum,valid_primary
eicu,label_flip,2,25.0,krum,True,11,0.89887,0.5241,0.80952,0.29571,0.8810321428571426,,0,0.363,976,0.87357,0.0252999999999999,krum,valid_primary
eicu,label_flip,2,25.0,krum,True,19,0.89086,0.45597,0.8043,0.28792,0.8821714285714285,,0,0.362,976,0.88676,0.0040999999999999,krum,valid_primary
eicu,label_flip,2,25.0,krum,True,23,0.88209,0.49607,0.80848,0.29413,0.8711450000000001,,0,0.351,976,0.87232,0.00977,krum,valid_primary
eicu,label_flip,2,25.0,krum,True,37,0.89996,0.55825,0.80534,0.28946,0.8896617857142858,,0,0.36,976,0.88935,0.01061,krum,valid_primary
eicu,label_flip,2,25.0,clipping,True,7,0.8704,0.43748,0.77699,0.25928,0.8680767857142857,,0,0.359,976,0.89052,-0.02012,clipping,valid_primary
eicu,label_flip,2,25.0,clipping,True,11,0.84276,0.30508,0.77491,0.25646,0.8426692857142857,,0,0.358,976,0.88994,-0.04718,clipping,valid_primary
eicu,label_flip,2,25.0,clipping,True,19,0.88033,0.43925,0.80534,0.28946,0.8712985714285714,,0,0.362,976,0.89102,-0.01069,clipping,valid_primary
eicu,label_flip,2,25.0,clipping,True,23,0.84084,0.40414,0.77056,0.26008,0.8397935714285714,,0,0.353,976,0.88835,-0.0475099999999999,clipping,valid_primary
eicu,label_flip,2,25.0,clipping,True,37,0.86772,0.39965,0.82534,0.30784,0.8717378571428572,,0,0.352,976,0.89203,-0.0243099999999999,clipping,valid_primary
eicu,label_flip,3,37.5,fedavg,True,7,0.81035,0.33417,0.71699,0.20419,0.8286367857142858,,0,0.374,976,0.89052,-0.0801699999999999,fedavg,valid_primary
eicu,label_flip,3,37.5,fedavg,True,11,0.71507,0.14665,0.6937,0.18906,0.7423803571428572,,0,0.376,976,0.88994,-0.1748699999999999,fedavg,valid_primary
eicu,label_flip,3,37.5,fedavg,True,19,0.82088,0.22641,0.73699,0.22261,0.8252499999999999,,0,0.379,976,0.89102,-0.0701399999999999,fedavg,valid_primary
eicu,label_flip,3,37.5,fedavg,True,23,0.72818,0.32037,0.67595,0.16587,0.7417817857142855,,0,0.382,976,0.88835,-0.1601699999999999,fedavg,valid_primary
eicu,label_flip,3,37.5,fedavg,True,37,0.77987,0.18033,0.70134,0.18492,0.8058692857142857,,0,0.392,976,0.89203,-0.11216,fedavg,valid_primary
eicu,label_flip,3,37.5,coord_median,True,7,0.8805,0.43254,0.82518,0.32117,0.8731139285714286,,0,0.403,976,0.89253,-0.01203,coord_median,valid_primary
eicu,label_flip,3,37.5,coord_median,True,11,0.88008,0.43249,0.81056,0.2973,0.871100357142857,,0,0.413,976,0.89177,-0.0116899999999999,coord_median,valid_primary
eicu,label_flip,3,37.5,coord_median,True,19,0.90021,0.53192,0.80848,0.29413,0.8852257142857142,,0,0.371,976,0.89244,0.0077699999999999,coord_median,valid_primary
eicu,label_flip,3,37.5,coord_median,True,23,0.87841,0.48281,0.78743,0.27406,0.8691467857142857,,0,0.38,976,0.88902,-0.01061,coord_median,valid_primary
eicu,label_flip,3,37.5,coord_median,True,37,0.87232,0.41985,0.80534,0.28946,0.8715799999999998,,0,0.377,976,0.89328,-0.0209599999999999,coord_median,valid_primary
eicu,label_flip,3,37.5,trimmed_mean,True,7,0.8805,0.43254,0.82518,0.32117,0.8731139285714286,,0,0.366,976,0.8937,-0.0132000000000001,trimmed_mean,valid_primary
eicu,label_flip,3,37.5,trimmed_mean,True,11,0.88008,0.43249,0.81056,0.2973,0.871100357142857,,0,0.38,976,0.89395,-0.01387,trimmed_mean,valid_primary
eicu,label_flip,3,37.5,trimmed_mean,True,19,0.90021,0.53192,0.80848,0.29413,0.8852257142857142,,0,0.366,976,0.8947,0.0055099999999999,trimmed_mean,valid_primary
eicu,label_flip,3,37.5,trimmed_mean,True,23,0.87841,0.48281,0.78743,0.27406,0.8691467857142857,,0,0.367,976,0.89194,-0.0135299999999999,trimmed_mean,valid_primary
eicu,label_flip,3,37.5,trimmed_mean,True,37,0.87232,0.41985,0.80534,0.28946,0.8715799999999998,,0,0.377,976,0.89578,-0.02346,trimmed_mean,valid_primary
eicu,label_flip,3,37.5,krum,False,7,0.81035,0.33417,0.71699,0.20419,0.8286367857142858,,0,0.378,976,0.89704,-0.0866899999999999,fedavg,not_applicable_diagnostic_fallback
eicu,label_flip,3,37.5,krum,False,11,0.71507,0.14665,0.6937,0.18906,0.7423803571428572,,0,0.38,976,0.87357,-0.1584999999999999,fedavg,not_applicable_diagnostic_fallback
eicu,label_flip,3,37.5,krum,False,19,0.82088,0.22641,0.73699,0.22261,0.8252499999999999,,0,0.376,976,0.88676,-0.0658799999999999,fedavg,not_applicable_diagnostic_fallback
eicu,label_flip,3,37.5,krum,False,23,0.72818,0.32037,0.67595,0.16587,0.7417817857142855,,0,0.375,976,0.87232,-0.1441399999999999,fedavg,not_applicable_diagnostic_fallback
eicu,label_flip,3,37.5,krum,False,37,0.77987,0.18033,0.70134,0.18492,0.8058692857142857,,0,0.381,976,0.88935,-0.10948,fedavg,not_applicable_diagnostic_fallback
eicu,label_flip,3,37.5,clipping,True,7,0.81035,0.33417,0.71699,0.20419,0.8286367857142858,,0,0.376,976,0.89052,-0.0801699999999999,clipping,valid_primary
eicu,label_flip,3,37.5,clipping,True,11,0.71507,0.14665,0.6937,0.18906,0.7423803571428572,,0,0.363,976,0.88994,-0.1748699999999999,clipping,valid_primary
eicu,label_flip,3,37.5,clipping,True,19,0.82088,0.22641,0.73699,0.22261,0.8252499999999999,,0,0.362,976,0.89102,-0.0701399999999999,clipping,valid_primary
eicu,label_flip,3,37.5,clipping,True,23,0.72818,0.32037,0.67595,0.16587,0.7417817857142855,,0,0.369,976,0.88835,-0.1601699999999999,clipping,valid_primary
eicu,label_flip,3,37.5,clipping,True,37,0.77987,0.18033,0.70134,0.18492,0.8058692857142857,,0,0.364,976,0.89203,-0.11216,clipping,valid_primary
eicu,backdoor,1,12.5,fedavg,True,7,0.89236,0.499,0.81056,0.2973,0.8827375,0.90278,0,0.332,976,0.89052,0.00184,fedavg,valid_primary
eicu,backdoor,1,12.5,fedavg,True,11,0.88969,0.48116,0.81161,0.29891,0.8799817857142855,0.89484,0,0.342,976,0.88994,-0.0002499999999999,fedavg,valid_primary
eicu,backdoor,1,12.5,fedavg,True,19,0.89102,0.48917,0.80952,0.29571,0.8819142857142855,0.90675,0,0.343,976,0.89102,0.0,fedavg,valid_primary
eicu,backdoor,1,12.5,fedavg,True,23,0.88843,0.47572,0.81056,0.2973,0.8765117857142857,0.89286,0,0.338,976,0.88835,8.000000000008001e-05,fedavg,valid_primary
eicu,backdoor,1,12.5,fedavg,True,37,0.89319,0.5091,0.80952,0.29571,0.8858810714285715,0.88095,0,0.334,976,0.89203,0.00116,fedavg,valid_primary
eicu,backdoor,1,12.5,coord_median,True,7,0.89453,0.51103,0.80639,0.291,0.8845246428571427,0.88095,0,0.338,976,0.89253,0.002,coord_median,valid_primary
eicu,backdoor,1,12.5,coord_median,True,11,0.89294,0.49391,0.80743,0.29256,0.8808671428571427,0.88294,0,0.336,976,0.89177,0.00117,coord_median,valid_primary
eicu,backdoor,1,12.5,coord_median,True,19,0.89278,0.5102,0.80534,0.28946,0.8830610714285714,0.88889,0,0.341,976,0.89244,0.00034,coord_median,valid_primary
eicu,backdoor,1,12.5,coord_median,True,23,0.8901,0.4984,0.80848,0.29413,0.8773992857142857,0.8869,0,0.344,976,0.88902,0.0010799999999999,coord_median,valid_primary
eicu,backdoor,1,12.5,coord_median,True,37,0.89453,0.51554,0.80952,0.29571,0.8861471428571427,0.87897,0,0.337,976,0.89328,0.00125,coord_median,valid_primary
eicu,backdoor,1,12.5,trimmed_mean,True,7,0.89486,0.51157,0.81056,0.2973,0.884715,0.89484,0,0.333,976,0.8937,0.0011599999999999,trimmed_mean,valid_primary
eicu,backdoor,1,12.5,trimmed_mean,True,11,0.89336,0.4997,0.81056,0.2973,0.8819182142857144,0.88294,0,0.336,976,0.89395,-0.0005899999999999,trimmed_mean,valid_primary
eicu,backdoor,1,12.5,trimmed_mean,True,19,0.89344,0.50887,0.80952,0.29571,0.8838303571428572,0.90278,0,0.336,976,0.8947,-0.00126,trimmed_mean,valid_primary
eicu,backdoor,1,12.5,trimmed_mean,True,23,0.89119,0.50141,0.81265,0.30054,0.8790571428571429,0.89286,0,0.337,976,0.89194,-0.0007499999999999,trimmed_mean,valid_primary
eicu,backdoor,1,12.5,trimmed_mean,True,37,0.8967,0.52209,0.81056,0.2973,0.8883575000000002,0.88294,0,0.338,976,0.89578,0.00092,trimmed_mean,valid_primary
eicu,backdoor,1,12.5,krum,True,7,0.88985,0.44898,0.80221,0.2849,0.8818696428571428,0.75397,0,0.339,976,0.89704,-0.0071899999999999,krum,valid_primary
eicu,backdoor,1,12.5,krum,True,11,0.89887,0.5241,0.80952,0.29571,0.8810321428571426,0.84722,0,0.337,976,0.87357,0.0252999999999999,krum,valid_primary
eicu,backdoor,1,12.5,krum,True,19,0.90221,0.59001,0.80534,0.28946,0.8867760714285714,0.92659,0,0.342,976,0.88676,0.0154499999999999,krum,valid_primary
eicu,backdoor,1,12.5,krum,True,23,0.88209,0.49607,0.80848,0.29413,0.8711450000000001,0.85714,0,0.339,976,0.87232,0.00977,krum,valid_primary
eicu,backdoor,1,12.5,krum,True,37,0.88935,0.52176,0.80013,0.28192,0.8876107142857143,0.90278,0,0.328,976,0.88935,0.0,krum,valid_primary
eicu,backdoor,1,12.5,clipping,True,7,0.89236,0.499,0.81056,0.2973,0.8827375,0.90278,0,0.336,976,0.89052,0.00184,clipping,valid_primary
eicu,backdoor,1,12.5,clipping,True,11,0.88969,0.48116,0.81161,0.29891,0.8799817857142855,0.89484,0,0.34,976,0.88994,-0.0002499999999999,clipping,valid_primary
eicu,backdoor,1,12.5,clipping,True,19,0.89102,0.48917,0.80952,0.29571,0.8819142857142855,0.90675,0,0.33,976,0.89102,0.0,clipping,valid_primary
eicu,backdoor,1,12.5,clipping,True,23,0.88843,0.47572,0.81056,0.2973,0.8765117857142857,0.89286,0,0.332,976,0.88835,8.000000000008001e-05,clipping,valid_primary
eicu,backdoor,1,12.5,clipping,True,37,0.89319,0.5091,0.80952,0.29571,0.8858810714285715,0.88095,0,0.328,976,0.89203,0.00116,clipping,valid_primary
eicu,backdoor,2,25.0,fedavg,True,7,0.89035,0.50619,0.80952,0.29571,0.8813335714285714,0.9127,0,0.35,976,0.89052,-0.00017,fedavg,valid_primary
eicu,backdoor,2,25.0,fedavg,True,11,0.88994,0.48476,0.81265,0.30054,0.8802942857142856,0.91071,0,0.356,976,0.88994,0.0,fedavg,valid_primary
eicu,backdoor,2,25.0,fedavg,True,19,0.89211,0.50281,0.81161,0.29891,0.8836485714285713,0.91667,0,0.362,976,0.89102,0.0010899999999999,fedavg,valid_primary
eicu,backdoor,2,25.0,fedavg,True,23,0.88927,0.48914,0.81161,0.29891,0.8768825,0.91071,0,0.349,976,0.88835,0.00092,fedavg,valid_primary
eicu,backdoor,2,25.0,fedavg,True,37,0.89127,0.5066,0.80952,0.29571,0.8838717857142856,0.9127,0,0.345,976,0.89203,-0.0007599999999999,fedavg,valid_primary
eicu,backdoor,2,25.0,coord_median,True,7,0.89127,0.5316,0.81161,0.29891,0.8815239285714286,0.90675,0,0.352,976,0.89253,-0.00126,coord_median,valid_primary
eicu,backdoor,2,25.0,coord_median,True,11,0.89353,0.50175,0.80743,0.29256,0.8807485714285715,0.89484,0,0.349,976,0.89177,0.00176,coord_median,valid_primary
eicu,backdoor,2,25.0,coord_median,True,19,0.89478,0.521,0.80534,0.28946,0.8854221428571428,0.90675,0,0.365,976,0.89244,0.00234,coord_median,valid_primary
eicu,backdoor,2,25.0,coord_median,True,23,0.89035,0.50473,0.81056,0.2973,0.8772832142857142,0.88889,0,0.363,976,0.88902,0.0013299999999999,coord_median,valid_primary
eicu,backdoor,2,25.0,coord_median,True,37,0.89152,0.51299,0.80952,0.29571,0.8843239285714286,0.88889,0,0.355,976,0.89328,-0.0017599999999999,coord_median,valid_primary
eicu,backdoor,2,25.0,trimmed_mean,True,7,0.89311,0.53625,0.81265,0.30054,0.8828814285714286,0.90873,0,0.354,976,0.8937,-0.00059,trimmed_mean,valid_primary
eicu,backdoor,2,25.0,trimmed_mean,True,11,0.89303,0.50008,0.80952,0.29571,0.8806842857142857,0.89484,0,0.351,976,0.89395,-0.00092,trimmed_mean,valid_primary
eicu,backdoor,2,25.0,trimmed_mean,True,19,0.89511,0.52111,0.80848,0.29413,0.8851410714285716,0.90873,0,0.354,976,0.8947,0.0004099999999999,trimmed_mean,valid_primary
eicu,backdoor,2,25.0,trimmed_mean,True,23,0.89044,0.49317,0.81265,0.30054,0.8777564285714287,0.89286,0,0.36,976,0.89194,-0.0014999999999999,trimmed_mean,valid_primary
eicu,backdoor,2,25.0,trimmed_mean,True,37,0.8942,0.52273,0.81161,0.29891,0.8860396428571429,0.89683,0,0.357,976,0.89578,-0.00158,trimmed_mean,valid_primary
eicu,backdoor,2,25.0,krum,True,7,0.90188,0.59846,0.80534,0.28946,0.8896424999999999,0.92262,0,0.358,976,0.89704,0.00484,krum,valid_primary
eicu,backdoor,2,25.0,krum,True,11,0.89854,0.52834,0.81161,0.29891,0.8830246428571428,0.8631,0,0.352,976,0.87357,0.02497,krum,valid_primary
eicu,backdoor,2,25.0,krum,True,19,0.89177,0.55481,0.80952,0.29571,0.8863739285714285,0.87897,0,0.357,976,0.88676,0.0050099999999999,krum,valid_primary
eicu,backdoor,2,25.0,krum,True,23,0.89319,0.52438,0.80952,0.29571,0.8768714285714285,0.89286,0,0.351,976,0.87232,0.02087,krum,valid_primary
eicu,backdoor,2,25.0,krum,True,37,0.90171,0.53305,0.81161,0.29891,0.8906414285714287,0.84722,0,0.353,976,0.88935,0.01236,krum,valid_primary
eicu,backdoor,2,25.0,clipping,True,7,0.89035,0.50619,0.80952,0.29571,0.8813335714285714,0.9127,0,0.353,976,0.89052,-0.00017,clipping,valid_primary
eicu,backdoor,2,25.0,clipping,True,11,0.88994,0.48476,0.81265,0.30054,0.8802942857142856,0.91071,0,0.347,976,0.88994,0.0,clipping,valid_primary
eicu,backdoor,2,25.0,clipping,True,19,0.89211,0.50281,0.81161,0.29891,0.8836485714285713,0.91667,0,0.347,976,0.89102,0.0010899999999999,clipping,valid_primary
eicu,backdoor,2,25.0,clipping,True,23,0.88927,0.48914,0.81161,0.29891,0.8768825,0.91071,0,0.349,976,0.88835,0.00092,clipping,valid_primary
eicu,backdoor,2,25.0,clipping,True,37,0.89127,0.5066,0.80952,0.29571,0.8838717857142856,0.9127,0,0.346,976,0.89203,-0.0007599999999999,clipping,valid_primary
eicu,backdoor,3,37.5,fedavg,True,7,0.89261,0.53242,0.80848,0.29413,0.8845507142857143,0.92659,0,0.373,976,0.89052,0.00209,fedavg,valid_primary
eicu,backdoor,3,37.5,fedavg,True,11,0.89269,0.51737,0.80952,0.29571,0.8831253571428572,0.91667,0,0.372,976,0.88994,0.00275,fedavg,valid_primary
eicu,backdoor,3,37.5,fedavg,True,19,0.89186,0.50784,0.81056,0.2973,0.8835828571428573,0.92262,0,0.371,976,0.89102,0.0008399999999999,fedavg,valid_primary
eicu,backdoor,3,37.5,fedavg,True,23,0.88768,0.49399,0.81161,0.29891,0.8770767857142857,0.92063,0,0.367,976,0.88835,-0.0006699999999999,fedavg,valid_primary
eicu,backdoor,3,37.5,fedavg,True,37,0.89177,0.52006,0.81161,0.29891,0.8848553571428573,0.92262,0,0.372,976,0.89203,-0.00026,fedavg,valid_primary
eicu,backdoor,3,37.5,coord_median,True,7,0.89386,0.53005,0.81056,0.2973,0.8846950000000001,0.90873,0,0.367,976,0.89253,0.0013299999999999,coord_median,valid_primary
eicu,backdoor,3,37.5,coord_median,True,11,0.89253,0.53598,0.81161,0.29891,0.8816439285714284,0.89286,0,0.369,976,0.89177,0.00076,coord_median,valid_primary
eicu,backdoor,3,37.5,coord_median,True,19,0.89453,0.52613,0.80848,0.29413,0.884375,0.90873,0,0.37,976,0.89244,0.00209,coord_median,valid_primary
eicu,backdoor,3,37.5,coord_median,True,23,0.88919,0.51362,0.80952,0.29571,0.8767567857142857,0.90278,0,0.367,976,0.88902,0.00017,coord_median,valid_primary
eicu,backdoor,3,37.5,coord_median,True,37,0.89136,0.54207,0.80848,0.29413,0.885175,0.92262,0,0.373,976,0.89328,-0.0019199999999999,coord_median,valid_primary
eicu,backdoor,3,37.5,trimmed_mean,True,7,0.89386,0.53005,0.81056,0.2973,0.8846950000000001,0.90873,0,0.369,976,0.8937,0.0001599999999999,trimmed_mean,valid_primary
eicu,backdoor,3,37.5,trimmed_mean,True,11,0.89253,0.53598,0.81161,0.29891,0.8816439285714284,0.89286,0,0.363,976,0.89395,-0.0014199999999999,trimmed_mean,valid_primary
eicu,backdoor,3,37.5,trimmed_mean,True,19,0.89453,0.52613,0.80848,0.29413,0.884375,0.90873,0,0.368,976,0.8947,-0.00017,trimmed_mean,valid_primary
eicu,backdoor,3,37.5,trimmed_mean,True,23,0.88919,0.51362,0.80952,0.29571,0.8767567857142857,0.90278,0,0.387,976,0.89194,-0.0027499999999999,trimmed_mean,valid_primary
eicu,backdoor,3,37.5,trimmed_mean,True,37,0.89136,0.54207,0.80848,0.29413,0.885175,0.92262,0,0.408,976,0.89578,-0.0044199999999999,trimmed_mean,valid_primary
eicu,backdoor,3,37.5,krum,False,7,0.89261,0.53242,0.80848,0.29413,0.8845507142857143,0.92659,0,0.408,976,0.89704,-0.0044299999999999,fedavg,not_applicable_diagnostic_fallback
eicu,backdoor,3,37.5,krum,False,11,0.89269,0.51737,0.80952,0.29571,0.8831253571428572,0.91667,0,0.366,976,0.87357,0.01912,fedavg,not_applicable_diagnostic_fallback
eicu,backdoor,3,37.5,krum,False,19,0.89186,0.50784,0.81056,0.2973,0.8835828571428573,0.92262,0,0.382,976,0.88676,0.0050999999999999,fedavg,not_applicable_diagnostic_fallback
eicu,backdoor,3,37.5,krum,False,23,0.88768,0.49399,0.81161,0.29891,0.8770767857142857,0.92063,0,0.375,976,0.87232,0.01536,fedavg,not_applicable_diagnostic_fallback
eicu,backdoor,3,37.5,krum,False,37,0.89177,0.52006,0.81161,0.29891,0.8848553571428573,0.92262,0,0.378,976,0.88935,0.0024199999999999,fedavg,not_applicable_diagnostic_fallback
eicu,backdoor,3,37.5,clipping,True,7,0.89261,0.53242,0.80848,0.29413,0.8845507142857143,0.92659,0,0.366,976,0.89052,0.00209,clipping,valid_primary
eicu,backdoor,3,37.5,clipping,True,11,0.89269,0.51737,0.80952,0.29571,0.8831253571428572,0.91667,0,0.362,976,0.88994,0.00275,clipping,valid_primary
eicu,backdoor,3,37.5,clipping,True,19,0.89186,0.50784,0.81056,0.2973,0.8835828571428573,0.92262,0,0.362,976,0.89102,0.0008399999999999,clipping,valid_primary
eicu,backdoor,3,37.5,clipping,True,23,0.88768,0.49399,0.81161,0.29891,0.8770767857142857,0.92063,0,0.379,976,0.88835,-0.0006699999999999,clipping,valid_primary
eicu,backdoor,3,37.5,clipping,True,37,0.89177,0.52006,0.81161,0.29891,0.8848553571428573,0.92262,0,0.376,976,0.89203,-0.00026,clipping,valid_primary
eicu,alie,1,12.5,fedavg,True,7,0.8942,0.49337,0.81056,0.2973,0.8843539285714285,,0,0.32,976,0.89052,0.00368,fedavg,valid_primary
eicu,alie,1,12.5,fedavg,True,11,0.88852,0.45992,0.81056,0.2973,0.8778425,,0,0.319,976,0.88994,-0.0014199999999999,fedavg,valid_primary
eicu,alie,1,12.5,fedavg,True,19,0.88868,0.47817,0.81474,0.30382,0.8815853571428571,,0,0.319,976,0.89102,-0.00234,fedavg,valid_primary
eicu,alie,1,12.5,fedavg,True,23,0.88593,0.47039,0.8137,0.30217,0.8763253571428572,,0,0.32,976,0.88835,-0.0024199999999999,fedavg,valid_primary
eicu,alie,1,12.5,fedavg,True,37,0.88877,0.4856,0.81161,0.29891,0.8820032142857143,,0,0.316,976,0.89203,-0.00326,fedavg,valid_primary
eicu,alie,1,12.5,coord_median,True,7,0.89478,0.50252,0.80117,0.2834,0.8848435714285715,,0,0.321,976,0.89253,0.0022499999999999,coord_median,valid_primary
eicu,alie,1,12.5,coord_median,True,11,0.89319,0.49744,0.80117,0.2834,0.8808942857142856,,0,0.32,976,0.89177,0.00142,coord_median,valid_primary
eicu,alie,1,12.5,coord_median,True,19,0.89395,0.52193,0.80848,0.29413,0.8847985714285713,,0,0.318,976,0.89244,0.00151,coord_median,valid_primary
eicu,alie,1,12.5,coord_median,True,23,0.89077,0.51462,0.81161,0.29891,0.8803099999999999,,0,0.321,976,0.88902,0.0017499999999999,coord_median,valid_primary
eicu,alie,1,12.5,coord_median,True,37,0.89061,0.49474,0.80743,0.29256,0.8837578571428572,,0,0.318,976,0.89328,-0.0026699999999999,coord_median,valid_primary
eicu,alie,1,12.5,trimmed_mean,True,7,0.89628,0.50816,0.81056,0.2973,0.8858782142857144,,0,0.32,976,0.8937,0.0025799999999999,trimmed_mean,valid_primary
eicu,alie,1,12.5,trimmed_mean,True,11,0.89211,0.48632,0.80743,0.29256,0.8809307142857142,,0,0.313,976,0.89395,-0.00184,trimmed_mean,valid_primary
eicu,alie,1,12.5,trimmed_mean,True,19,0.89319,0.50907,0.80952,0.29571,0.8844789285714286,,0,0.325,976,0.8947,-0.00151,trimmed_mean,valid_primary
eicu,alie,1,12.5,trimmed_mean,True,23,0.89035,0.49217,0.81161,0.29891,0.8798832142857143,,0,0.324,976,0.89194,-0.0015899999999999,trimmed_mean,valid_primary
eicu,alie,1,12.5,trimmed_mean,True,37,0.89161,0.49181,0.81161,0.29891,0.8845850000000002,,0,0.315,976,0.89578,-0.00417,trimmed_mean,valid_primary
eicu,alie,1,12.5,krum,True,7,0.88635,0.4636,0.79804,0.27898,0.8815464285714286,,0,0.315,976,0.89704,-0.0106899999999999,krum,valid_primary
eicu,alie,1,12.5,krum,True,11,0.87942,0.43348,0.77491,0.25646,0.8737046428571428,,0,0.32,976,0.87357,0.00585,krum,valid_primary
eicu,alie,1,12.5,krum,True,19,0.8815,0.45702,0.77491,0.25646,0.8777753571428573,,0,0.338,976,0.88676,-0.00526,krum,valid_primary
eicu,alie,1,12.5,krum,True,23,0.87891,0.45717,0.77386,0.25506,0.8741728571428572,,0,0.316,976,0.87232,0.0065899999999999,krum,valid_primary
eicu,alie,1,12.5,krum,True,37,0.88017,0.44911,0.79282,0.27183,0.8784196428571428,,0,0.321,976,0.88935,-0.0091799999999999,krum,valid_primary
eicu,alie,1,12.5,clipping,True,7,0.8942,0.49337,0.81056,0.2973,0.8843539285714285,,0,0.324,976,0.89052,0.00368,clipping,valid_primary
eicu,alie,1,12.5,clipping,True,11,0.88852,0.45992,0.81056,0.2973,0.8778425,,0,0.319,976,0.88994,-0.0014199999999999,clipping,valid_primary
eicu,alie,1,12.5,clipping,True,19,0.88868,0.47817,0.81474,0.30382,0.8815853571428571,,0,0.32,976,0.89102,-0.00234,clipping,valid_primary
eicu,alie,1,12.5,clipping,True,23,0.88593,0.47039,0.8137,0.30217,0.8763253571428572,,0,0.32,976,0.88835,-0.0024199999999999,clipping,valid_primary
eicu,alie,1,12.5,clipping,True,37,0.88877,0.4856,0.81161,0.29891,0.8820032142857143,,0,0.31,976,0.89203,-0.00326,clipping,valid_primary
eicu,alie,2,25.0,fedavg,True,7,0.8886,0.47961,0.80639,0.291,0.8806178571428571,,0,0.319,976,0.89052,-0.00192,fedavg,valid_primary
eicu,alie,2,25.0,fedavg,True,11,0.88685,0.45306,0.80534,0.28946,0.8767042857142856,,0,0.321,976,0.88994,-0.0030899999999999,fedavg,valid_primary
eicu,alie,2,25.0,fedavg,True,19,0.89754,0.51769,0.80952,0.29571,0.8864485714285715,,0,0.323,976,0.89102,0.0065199999999999,fedavg,valid_primary
eicu,alie,2,25.0,fedavg,True,23,0.88443,0.44752,0.81265,0.30054,0.8738778571428573,,0,0.319,976,0.88835,-0.0039199999999999,fedavg,valid_primary
eicu,alie,2,25.0,fedavg,True,37,0.89127,0.48003,0.80639,0.291,0.8839310714285716,,0,0.32,976,0.89203,-0.0007599999999999,fedavg,valid_primary
eicu,alie,2,25.0,coord_median,True,7,0.88768,0.48432,0.80639,0.291,0.8794889285714287,,0,0.32,976,0.89253,-0.00485,coord_median,valid_primary
eicu,alie,2,25.0,coord_median,True,11,0.88718,0.46859,0.80013,0.28192,0.87753,,0,0.312,976,0.89177,-0.0045899999999999,coord_median,valid_primary
eicu,alie,2,25.0,coord_median,True,19,0.89687,0.52907,0.80326,0.2864,0.886512857142857,,0,0.318,976,0.89244,0.0044299999999999,coord_median,valid_primary
eicu,alie,2,25.0,coord_median,True,23,0.88735,0.48486,0.78639,0.27253,0.8773707142857143,,0,0.318,976,0.88902,-0.00167,coord_median,valid_primary
eicu,alie,2,25.0,coord_median,True,37,0.89127,0.48487,0.79908,0.28044,0.8844939285714286,,0,0.321,976,0.89328,-0.0020099999999999,coord_median,valid_primary
eicu,alie,2,25.0,trimmed_mean,True,7,0.88944,0.4919,0.80534,0.28946,0.8801221428571429,,0,0.316,976,0.8937,-0.00426,trimmed_mean,valid_primary
eicu,alie,2,25.0,trimmed_mean,True,11,0.88885,0.47191,0.80013,0.28192,0.8784150000000002,,0,0.32,976,0.89395,-0.0050999999999999,trimmed_mean,valid_primary
eicu,alie,2,25.0,trimmed_mean,True,19,0.89653,0.51482,0.8043,0.28792,0.8867632142857144,,0,0.317,976,0.8947,0.0018299999999999,trimmed_mean,valid_primary
eicu,alie,2,25.0,trimmed_mean,True,23,0.8891,0.48321,0.80743,0.29256,0.8775239285714286,,0,0.319,976,0.89194,-0.0028399999999999,trimmed_mean,valid_primary
eicu,alie,2,25.0,trimmed_mean,True,37,0.89186,0.48224,0.80013,0.28192,0.8840060714285712,,0,0.322,976,0.89578,-0.00392,trimmed_mean,valid_primary
eicu,alie,2,25.0,krum,True,7,0.88309,0.47266,0.79908,0.28044,0.8776842857142858,,0,0.326,976,0.89704,-0.0139499999999999,krum,valid_primary
eicu,alie,2,25.0,krum,True,11,0.88192,0.44207,0.79491,0.27466,0.8741253571428571,,0,0.316,976,0.87357,0.00835,krum,valid_primary
eicu,alie,2,25.0,krum,True,19,0.89445,0.5074,0.80743,0.29256,0.8851717857142856,,0,0.326,976,0.88676,0.0076899999999999,krum,valid_primary
eicu,alie,2,25.0,krum,True,23,0.88058,0.45864,0.7843,0.26951,0.8737989285714284,,0,0.321,976,0.87232,0.00826,krum,valid_primary
eicu,alie,2,25.0,krum,True,37,0.88551,0.46215,0.79699,0.27753,0.8814264285714286,,0,0.318,976,0.88935,-0.0038399999999999,krum,valid_primary
eicu,alie,2,25.0,clipping,True,7,0.8886,0.47961,0.80639,0.291,0.8806178571428571,,0,0.321,976,0.89052,-0.00192,clipping,valid_primary
eicu,alie,2,25.0,clipping,True,11,0.88685,0.45306,0.80534,0.28946,0.8767042857142856,,0,0.321,976,0.88994,-0.0030899999999999,clipping,valid_primary
eicu,alie,2,25.0,clipping,True,19,0.89754,0.51769,0.80952,0.29571,0.8864485714285715,,0,0.329,976,0.89102,0.0065199999999999,clipping,valid_primary
eicu,alie,2,25.0,clipping,True,23,0.88443,0.44752,0.81265,0.30054,0.8738778571428573,,0,0.322,976,0.88835,-0.0039199999999999,clipping,valid_primary
eicu,alie,2,25.0,clipping,True,37,0.89127,0.48003,0.80639,0.291,0.8839310714285716,,0,0.327,976,0.89203,-0.0007599999999999,clipping,valid_primary
eicu,alie,3,37.5,fedavg,True,7,0.88994,0.4688,0.80743,0.29256,0.8827642857142857,,0,0.312,976,0.89052,-0.00058,fedavg,valid_primary
eicu,alie,3,37.5,fedavg,True,11,0.878,0.42159,0.78534,0.27101,0.8705728571428571,,0,0.312,976,0.88994,-0.0119399999999999,fedavg,valid_primary
eicu,alie,3,37.5,fedavg,True,19,0.89662,0.50119,0.80639,0.291,0.8859521428571427,,0,0.316,976,0.89102,0.0055999999999999,fedavg,valid_primary
eicu,alie,3,37.5,fedavg,True,23,0.88175,0.46853,0.78952,0.27716,0.8736017857142857,,0,0.329,976,0.88835,-0.0065999999999999,fedavg,valid_primary
eicu,alie,3,37.5,fedavg,True,37,0.88468,0.46347,0.80013,0.28192,0.8801960714285714,,0,0.328,976,0.89203,-0.0073499999999999,fedavg,valid_primary
eicu,alie,3,37.5,coord_median,True,7,0.88443,0.45461,0.78969,0.26766,0.8797639285714286,,0,0.317,976,0.89253,-0.0080999999999999,coord_median,valid_primary
eicu,alie,3,37.5,coord_median,True,11,0.86839,0.40504,0.76551,0.24422,0.8663132142857143,,0,0.323,976,0.89177,-0.0233799999999999,coord_median,valid_primary
eicu,alie,3,37.5,coord_median,True,19,0.89169,0.49441,0.80117,0.2834,0.883119642857143,,0,0.324,976,0.89244,-0.00075,coord_median,valid_primary
eicu,alie,3,37.5,coord_median,True,23,0.8729,0.45982,0.77177,0.25229,0.869462857142857,,0,0.323,976,0.88902,-0.01612,coord_median,valid_primary
eicu,alie,3,37.5,coord_median,True,37,0.87524,0.45258,0.76342,0.2416,0.8755421428571427,,0,0.326,976,0.89328,-0.0180399999999999,coord_median,valid_primary
eicu,alie,3,37.5,trimmed_mean,True,7,0.88443,0.45461,0.78969,0.26766,0.8797639285714286,,0,0.327,976,0.8937,-0.00927,trimmed_mean,valid_primary
eicu,alie,3,37.5,trimmed_mean,True,11,0.86839,0.40504,0.76551,0.24422,0.8663132142857143,,0,0.324,976,0.89395,-0.02556,trimmed_mean,valid_primary
eicu,alie,3,37.5,trimmed_mean,True,19,0.89169,0.49441,0.80117,0.2834,0.883119642857143,,0,0.322,976,0.8947,-0.00301,trimmed_mean,valid_primary
eicu,alie,3,37.5,trimmed_mean,True,23,0.8729,0.45982,0.77177,0.25229,0.869462857142857,,0,0.318,976,0.89194,-0.0190399999999999,trimmed_mean,valid_primary
eicu,alie,3,37.5,trimmed_mean,True,37,0.87524,0.45258,0.76342,0.2416,0.8755421428571427,,0,0.329,976,0.89578,-0.02054,trimmed_mean,valid_primary
eicu,alie,3,37.5,krum,False,7,0.88994,0.4688,0.80743,0.29256,0.8827642857142857,,0,0.313,976,0.89704,-0.0070999999999999,fedavg,not_applicable_diagnostic_fallback
eicu,alie,3,37.5,krum,False,11,0.878,0.42159,0.78534,0.27101,0.8705728571428571,,0,0.318,976,0.87357,0.00443,fedavg,not_applicable_diagnostic_fallback
eicu,alie,3,37.5,krum,False,19,0.89662,0.50119,0.80639,0.291,0.8859521428571427,,0,0.33,976,0.88676,0.0098599999999999,fedavg,not_applicable_diagnostic_fallback
eicu,alie,3,37.5,krum,False,23,0.88175,0.46853,0.78952,0.27716,0.8736017857142857,,0,0.315,976,0.87232,0.00943,fedavg,not_applicable_diagnostic_fallback
eicu,alie,3,37.5,krum,False,37,0.88468,0.46347,0.80013,0.28192,0.8801960714285714,,0,0.316,976,0.88935,-0.0046699999999999,fedavg,not_applicable_diagnostic_fallback
eicu,alie,3,37.5,clipping,True,7,0.88994,0.4688,0.80743,0.29256,0.8827642857142857,,0,0.318,976,0.89052,-0.00058,clipping,valid_primary
eicu,alie,3,37.5,clipping,True,11,0.878,0.42159,0.78534,0.27101,0.8705728571428571,,0,0.317,976,0.88994,-0.0119399999999999,clipping,valid_primary
eicu,alie,3,37.5,clipping,True,19,0.89662,0.50119,0.80639,0.291,0.8859521428571427,,0,0.318,976,0.89102,0.0055999999999999,clipping,valid_primary
eicu,alie,3,37.5,clipping,True,23,0.88175,0.46853,0.78952,0.27716,0.8736017857142857,,0,0.331,976,0.88835,-0.0065999999999999,clipping,valid_primary
eicu,alie,3,37.5,clipping,True,37,0.88468,0.46347,0.80013,0.28192,0.8801960714285714,,0,0.325,976,0.89203,-0.0073499999999999,clipping,valid_primary
cimas,none,0,0.0,fedavg,True,7,0.7911,0.70377,0.72737,0.45687,0.7887960714285717,,0,0.341,966,0.7911,0.0,fedavg,valid_primary
cimas,none,0,0.0,fedavg,True,11,0.79163,0.70428,0.7302,0.4626,0.7899628571428571,,0,0.338,966,0.79163,0.0,fedavg,valid_primary
cimas,none,0,0.0,fedavg,True,19,0.79082,0.70244,0.73122,0.46554,0.7878132142857143,,0,0.337,966,0.79082,0.0,fedavg,valid_primary
cimas,none,0,0.0,fedavg,True,23,0.79124,0.7037,0.73237,0.46782,0.7886299999999998,,0,0.345,966,0.79124,0.0,fedavg,valid_primary
cimas,none,0,0.0,fedavg,True,37,0.79091,0.70192,0.73093,0.46577,0.7879242857142855,,0,0.359,966,0.79091,0.0,fedavg,valid_primary
cimas,none,0,0.0,coord_median,True,7,0.79005,0.70174,0.72983,0.46088,0.7879860714285716,,0,0.387,966,0.79005,0.0,coord_median,valid_primary
cimas,none,0,0.0,coord_median,True,11,0.79088,0.70301,0.73092,0.46342,0.7894300000000002,,0,0.374,966,0.79088,0.0,coord_median,valid_primary
cimas,none,0,0.0,coord_median,True,19,0.78992,0.70135,0.73056,0.46328,0.7872221428571428,,0,0.347,966,0.78992,0.0,coord_median,valid_primary
cimas,none,0,0.0,coord_median,True,23,0.79029,0.70177,0.72983,0.46192,0.7879507142857144,,0,0.34,966,0.79029,0.0,coord_median,valid_primary
cimas,none,0,0.0,coord_median,True,37,0.78977,0.69974,0.73085,0.46487,0.7869789285714285,,0,0.339,966,0.78977,0.0,coord_median,valid_primary
cimas,none,0,0.0,trimmed_mean,True,7,0.79196,0.70539,0.72976,0.46114,0.7896642857142856,,0,0.344,966,0.79196,0.0,trimmed_mean,valid_primary
cimas,none,0,0.0,trimmed_mean,True,11,0.79237,0.70558,0.73288,0.46784,0.790595,,0,0.346,966,0.79237,0.0,trimmed_mean,valid_primary
cimas,none,0,0.0,trimmed_mean,True,19,0.79158,0.70417,0.73223,0.46731,0.7883253571428571,,0,0.338,966,0.79158,0.0,trimmed_mean,valid_primary
cimas,none,0,0.0,trimmed_mean,True,23,0.79186,0.70483,0.73433,0.4717,0.7891432142857143,,0,0.339,966,0.79186,0.0,trimmed_mean,valid_primary
cimas,none,0,0.0,trimmed_mean,True,37,0.79211,0.7045,0.73361,0.47036,0.78917,,0,0.342,966,0.79211,0.0,trimmed_mean,valid_primary
cimas,none,0,0.0,krum,True,7,0.7918,0.70364,0.72722,0.45587,0.7892164285714286,,0,0.352,966,0.7918,0.0,krum,valid_primary
cimas,none,0,0.0,krum,True,11,0.7928,0.70599,0.73106,0.4634,0.7908153571428571,,0,0.355,966,0.7928,0.0,krum,valid_primary
cimas,none,0,0.0,krum,True,19,0.79173,0.70378,0.73078,0.46402,0.7883753571428571,,0,0.367,966,0.79173,0.0,krum,valid_primary
cimas,none,0,0.0,krum,True,23,0.79196,0.70389,0.72976,0.46167,0.7889867857142858,,0,0.364,966,0.79196,0.0,krum,valid_primary
cimas,none,0,0.0,krum,True,37,0.79157,0.70114,0.73042,0.46394,0.7882425,,0,0.357,966,0.79157,0.0,krum,valid_primary
cimas,none,0,0.0,clipping,True,7,0.7911,0.70377,0.72737,0.45687,0.7887960714285717,,0,0.339,966,0.7911,0.0,clipping,valid_primary
cimas,none,0,0.0,clipping,True,11,0.79163,0.70428,0.7302,0.4626,0.7899628571428571,,0,0.338,966,0.79163,0.0,clipping,valid_primary
cimas,none,0,0.0,clipping,True,19,0.79082,0.70244,0.73122,0.46554,0.7878132142857143,,0,0.338,966,0.79082,0.0,clipping,valid_primary
cimas,none,0,0.0,clipping,True,23,0.79124,0.7037,0.73237,0.46782,0.7886299999999998,,0,0.346,966,0.79124,0.0,clipping,valid_primary
cimas,none,0,0.0,clipping,True,37,0.79091,0.70192,0.73093,0.46577,0.7879242857142855,,0,0.342,966,0.79091,0.0,clipping,valid_primary
cimas,random_gauss,2,8.7,fedavg,True,7,0.79206,0.7091,0.72889,0.45931,0.7868389285714287,,0,0.348,966,0.7911,0.0009599999999999,fedavg,valid_primary
cimas,random_gauss,2,8.7,fedavg,True,11,0.79174,0.70374,0.72954,0.46149,0.7885196428571428,,0,0.334,966,0.79163,0.00011,fedavg,valid_primary
cimas,random_gauss,2,8.7,fedavg,True,19,0.79026,0.70119,0.72941,0.46218,0.7866078571428571,,0,0.345,966,0.79082,-0.00056,fedavg,valid_primary
cimas,random_gauss,2,8.7,fedavg,True,23,0.79024,0.70065,0.73092,0.46342,0.7790603571428572,,0,0.342,966,0.79124,-0.001,fedavg,valid_primary
cimas,random_gauss,2,8.7,fedavg,True,37,0.79383,0.70554,0.72766,0.45845,0.7887582142857144,,0,0.351,966,0.79091,0.00292,fedavg,valid_primary
cimas,random_gauss,2,8.7,coord_median,True,7,0.78991,0.70169,0.72809,0.45771,0.7877346428571429,,0,0.347,966,0.79005,-0.00014,coord_median,valid_primary
cimas,random_gauss,2,8.7,coord_median,True,11,0.79084,0.70297,0.72983,0.46088,0.7893835714285713,,0,0.343,966,0.79088,-4.000000000004e-05,coord_median,valid_primary
cimas,random_gauss,2,8.7,coord_median,True,19,0.78986,0.70134,0.72954,0.46094,0.7871539285714285,,0,0.339,966,0.78992,-5.999999999994898e-05,coord_median,valid_primary
cimas,random_gauss,2,8.7,coord_median,True,23,0.79019,0.70168,0.73114,0.4647,0.7878142857142857,,0,0.337,966,0.79029,-0.0001000000000001,coord_median,valid_primary
cimas,random_gauss,2,8.7,coord_median,True,37,0.79003,0.70036,0.73151,0.46658,0.7870896428571429,,0,0.345,966,0.78977,0.00026,coord_median,valid_primary
cimas,random_gauss,2,8.7,trimmed_mean,True,7,0.79129,0.70453,0.72976,0.46167,0.7890203571428572,,0,0.348,966,0.79196,-0.0006699999999999,trimmed_mean,valid_primary
cimas,random_gauss,2,8.7,trimmed_mean,True,11,0.79253,0.70599,0.73309,0.46803,0.7908542857142857,,0,0.335,966,0.79237,0.0001599999999999,trimmed_mean,valid_primary
cimas,random_gauss,2,8.7,trimmed_mean,True,19,0.79144,0.70401,0.7323,0.46756,0.7883564285714286,,0,0.347,966,0.79158,-0.0001399999999999,trimmed_mean,valid_primary
cimas,random_gauss,2,8.7,trimmed_mean,True,23,0.79154,0.70413,0.73179,0.46638,0.7890571428571429,,0,0.338,966,0.79186,-0.0003199999999999,trimmed_mean,valid_primary
cimas,random_gauss,2,8.7,trimmed_mean,True,37,0.79205,0.70461,0.73332,0.4706,0.7891253571428571,,0,0.347,966,0.79211,-5.999999999994898e-05,trimmed_mean,valid_primary
cimas,random_gauss,2,8.7,krum,True,7,0.7918,0.70364,0.72722,0.45587,0.7892164285714286,,0,0.354,966,0.7918,0.0,krum,valid_primary
cimas,random_gauss,2,8.7,krum,True,11,0.7928,0.70599,0.73106,0.4634,0.7908153571428571,,0,0.356,966,0.7928,0.0,krum,valid_primary
cimas,random_gauss,2,8.7,krum,True,19,0.79173,0.70378,0.73078,0.46402,0.7883753571428571,,0,0.362,966,0.79173,0.0,krum,valid_primary
cimas,random_gauss,2,8.7,krum,True,23,0.78931,0.69957,0.72825,0.4599,0.7876339285714286,,0,0.361,966,0.79196,-0.00265,krum,valid_primary
cimas,random_gauss,2,8.7,krum,True,37,0.79157,0.70114,0.73042,0.46394,0.7882425,,0,0.353,966,0.79157,0.0,krum,valid_primary
cimas,random_gauss,2,8.7,clipping,True,7,0.78108,0.68288,0.72555,0.45244,0.7617467857142858,,0,0.341,966,0.7911,-0.01002,clipping,valid_primary
cimas,random_gauss,2,8.7,clipping,True,11,0.79173,0.70521,0.72794,0.45723,0.7896685714285713,,0,0.34,966,0.79163,0.0001000000000001,clipping,valid_primary
cimas,random_gauss,2,8.7,clipping,True,19,0.79107,0.70366,0.72845,0.4589,0.7875774999999999,,0,0.34,966,0.79082,0.00025,clipping,valid_primary
cimas,random_gauss,2,8.7,clipping,True,23,0.78781,0.69695,0.72663,0.45403,0.7795346428571429,,0,0.36,966,0.79124,-0.00343,clipping,valid_primary
cimas,random_gauss,2,8.7,clipping,True,37,0.78809,0.69655,0.72577,0.45314,0.7823685714285714,,0,0.347,966,0.79091,-0.00282,clipping,valid_primary
cimas,random_gauss,5,21.7,fedavg,True,7,0.78803,0.70008,0.72244,0.44677,0.7841207142857144,,0,0.342,966,0.7911,-0.00307,fedavg,valid_primary
cimas,random_gauss,5,21.7,fedavg,True,11,0.78167,0.69686,0.71833,0.43482,0.7620303571428572,,0,0.345,966,0.79163,-0.0099599999999999,fedavg,valid_primary
cimas,random_gauss,5,21.7,fedavg,True,19,0.78814,0.69493,0.73077,0.46247,0.7789239285714284,,0,0.344,966,0.79082,-0.00268,fedavg,valid_primary
cimas,random_gauss,5,21.7,fedavg,True,23,0.78974,0.70107,0.72991,0.46337,0.7848614285714286,,0,0.348,966,0.79124,-0.0015,fedavg,valid_primary
cimas,random_gauss,5,21.7,fedavg,True,37,0.7404,0.66066,0.69021,0.38529,0.7114921428571429,,0,0.349,966,0.79091,-0.05051,fedavg,valid_primary
cimas,random_gauss,5,21.7,coord_median,True,7,0.78992,0.70258,0.72823,0.45768,0.7881175000000001,,0,0.353,966,0.79005,-0.00013,coord_median,valid_primary
cimas,random_gauss,5,21.7,coord_median,True,11,0.79074,0.70243,0.72867,0.4586,0.7895414285714286,,0,0.344,966,0.79088,-0.00014,coord_median,valid_primary
cimas,random_gauss,5,21.7,coord_median,True,19,0.79087,0.70438,0.72947,0.46124,0.7880514285714286,,0,0.341,966,0.78992,0.00095,coord_median,valid_primary
cimas,random_gauss,5,21.7,coord_median,True,23,0.78956,0.70066,0.72926,0.46106,0.7873100000000001,,0,0.354,966,0.79029,-0.00073,coord_median,valid_primary
cimas,random_gauss,5,21.7,coord_median,True,37,0.79121,0.70283,0.73114,0.46529,0.7888146428571429,,0,0.342,966,0.78977,0.0014399999999999,coord_median,valid_primary
cimas,random_gauss,5,21.7,trimmed_mean,True,7,0.79078,0.70408,0.72874,0.45934,0.7888964285714286,,0,0.349,966,0.79196,-0.0011799999999999,trimmed_mean,valid_primary
cimas,random_gauss,5,21.7,trimmed_mean,True,11,0.79147,0.70392,0.73338,0.46846,0.7898642857142856,,0,0.349,966,0.79237,-0.0009,trimmed_mean,valid_primary
cimas,random_gauss,5,21.7,trimmed_mean,True,19,0.79133,0.70471,0.73317,0.46943,0.7881946428571431,,0,0.349,966,0.79158,-0.0002499999999999,trimmed_mean,valid_primary
cimas,random_gauss,5,21.7,trimmed_mean,True,23,0.79036,0.70179,0.73114,0.46529,0.7876785714285715,,0,0.35,966,0.79186,-0.0015,trimmed_mean,valid_primary
cimas,random_gauss,5,21.7,trimmed_mean,True,37,0.79181,0.70369,0.73252,0.46834,0.7892139285714285,,0,0.344,966,0.79211,-0.0002999999999999,trimmed_mean,valid_primary
cimas,random_gauss,5,21.7,krum,True,7,0.7918,0.70364,0.72722,0.45587,0.7892164285714286,,0,0.354,966,0.7918,0.0,krum,valid_primary
cimas,random_gauss,5,21.7,krum,True,11,0.7928,0.70599,0.73106,0.4634,0.7908153571428571,,0,0.36,966,0.7928,0.0,krum,valid_primary
cimas,random_gauss,5,21.7,krum,True,19,0.79173,0.70378,0.73078,0.46402,0.7883753571428571,,0,0.361,966,0.79173,0.0,krum,valid_primary
cimas,random_gauss,5,21.7,krum,True,23,0.79196,0.70389,0.72976,0.46167,0.7889867857142858,,0,0.368,966,0.79196,0.0,krum,valid_primary
cimas,random_gauss,5,21.7,krum,True,37,0.79157,0.70114,0.73042,0.46394,0.7882425,,0,0.359,966,0.79157,0.0,krum,valid_primary
cimas,random_gauss,5,21.7,clipping,True,7,0.78158,0.68946,0.71832,0.44123,0.7605521428571429,,0,0.34,966,0.7911,-0.0095199999999999,clipping,valid_primary
cimas,random_gauss,5,21.7,clipping,True,11,0.7859,0.69992,0.71986,0.44719,0.716365,,0,0.34,966,0.79163,-0.0057299999999999,clipping,valid_primary
cimas,random_gauss,5,21.7,clipping,True,19,0.79073,0.70464,0.72292,0.44483,0.7874567857142859,,0,0.343,966,0.79082,-8.999999999992347e-05,clipping,valid_primary
cimas,random_gauss,5,21.7,clipping,True,23,0.79063,0.70054,0.73136,0.46545,0.7879110714285714,,0,0.347,966,0.79124,-0.0006099999999999,clipping,valid_primary
cimas,random_gauss,5,21.7,clipping,True,37,0.77226,0.67686,0.70856,0.41579,0.7608689285714284,,0,0.349,966,0.79091,-0.01865,clipping,valid_primary
cimas,random_gauss,7,30.4,fedavg,True,7,0.79115,0.70544,0.73057,0.4651,0.7890746428571428,,0,0.345,966,0.7911,4.999999999999449e-05,fedavg,valid_primary
cimas,random_gauss,7,30.4,fedavg,True,11,0.7817,0.68435,0.726,0.45498,0.7753167857142856,,0,0.344,966,0.79163,-0.0099299999999999,fedavg,valid_primary
cimas,random_gauss,7,30.4,fedavg,True,19,0.78952,0.70164,0.73173,0.46879,0.7840192857142857,,0,0.348,966,0.79082,-0.0012999999999999,fedavg,valid_primary
cimas,random_gauss,7,30.4,fedavg,True,23,0.79284,0.70791,0.72693,0.45494,0.7901957142857142,,0,0.336,966,0.79124,0.0015999999999999,fedavg,valid_primary
cimas,random_gauss,7,30.4,fedavg,True,37,0.75965,0.66568,0.70144,0.40751,0.737127142857143,,0,0.343,966,0.79091,-0.0312599999999999,fedavg,valid_primary
cimas,random_gauss,7,30.4,coord_median,True,7,0.78925,0.70014,0.7291,0.45952,0.7873549999999999,,0,0.352,966,0.79005,-0.0008,coord_median,valid_primary
cimas,random_gauss,7,30.4,coord_median,True,11,0.7909,0.70217,0.72824,0.45818,0.7891642857142858,,0,0.347,966,0.79088,2.000000000002e-05,coord_median,valid_primary
cimas,random_gauss,7,30.4,coord_median,True,19,0.79056,0.70286,0.73339,0.46959,0.7874246428571429,,0,0.338,966,0.78992,0.00064,coord_median,valid_primary
cimas,random_gauss,7,30.4,coord_median,True,23,0.78956,0.70107,0.73143,0.4657,0.7876892857142856,,0,0.338,966,0.79029,-0.00073,coord_median,valid_primary
cimas,random_gauss,7,30.4,coord_median,True,37,0.79104,0.70176,0.7294,0.461,0.7886757142857143,,0,0.339,966,0.78977,0.0012699999999999,coord_median,valid_primary
cimas,random_gauss,7,30.4,trimmed_mean,True,7,0.79028,0.70267,0.72954,0.46043,0.7878364285714285,,0,0.349,966,0.79196,-0.00168,trimmed_mean,valid_primary
cimas,random_gauss,7,30.4,trimmed_mean,True,11,0.79121,0.70295,0.73048,0.46303,0.7896714285714285,,0,0.35,966,0.79237,-0.00116,trimmed_mean,valid_primary
cimas,random_gauss,7,30.4,trimmed_mean,True,19,0.79143,0.70348,0.73368,0.47062,0.7885282142857142,,0,0.34,966,0.79158,-0.0001499999999999,trimmed_mean,valid_primary
cimas,random_gauss,7,30.4,trimmed_mean,True,23,0.7909,0.70359,0.73143,0.4657,0.7884478571428571,,0,0.333,966,0.79186,-0.0009599999999999,trimmed_mean,valid_primary
cimas,random_gauss,7,30.4,trimmed_mean,True,37,0.79199,0.70431,0.7331,0.46917,0.7891728571428571,,0,0.346,966,0.79211,-0.00012,trimmed_mean,valid_primary
cimas,random_gauss,7,30.4,krum,True,7,0.79047,0.70162,0.73041,0.46334,0.7889439285714285,,0,0.368,966,0.7918,-0.0013299999999999,krum,valid_primary
cimas,random_gauss,7,30.4,krum,True,11,0.7928,0.70599,0.73106,0.4634,0.7908153571428571,,0,0.41,966,0.7928,0.0,krum,valid_primary
cimas,random_gauss,7,30.4,krum,True,19,0.79173,0.70378,0.73078,0.46402,0.7883753571428571,,0,0.412,966,0.79173,0.0,krum,valid_primary
cimas,random_gauss,7,30.4,krum,True,23,0.78909,0.69941,0.72738,0.45867,0.787047142857143,,0,0.377,966,0.79196,-0.00287,krum,valid_primary
cimas,random_gauss,7,30.4,krum,True,37,0.79157,0.70114,0.73042,0.46394,0.7882425,,0,0.372,966,0.79157,0.0,krum,valid_primary
cimas,random_gauss,7,30.4,clipping,True,7,0.79106,0.7023,0.73164,0.46531,0.7864828571428572,,0,0.349,966,0.7911,-4.000000000004e-05,clipping,valid_primary
cimas,random_gauss,7,30.4,clipping,True,11,0.78859,0.70101,0.72687,0.45747,0.7641457142857143,,0,0.338,966,0.79163,-0.0030399999999999,clipping,valid_primary
cimas,random_gauss,7,30.4,clipping,True,19,0.78935,0.69651,0.73247,0.47253,0.7813885714285714,,0,0.344,966,0.79082,-0.0014699999999999,clipping,valid_primary
cimas,random_gauss,7,30.4,clipping,True,23,0.79058,0.70256,0.73078,0.46524,0.786364642857143,,0,0.358,966,0.79124,-0.0006600000000001,clipping,valid_primary
cimas,random_gauss,7,30.4,clipping,True,37,0.7644,0.66086,0.71281,0.42838,0.7423532142857142,,0,0.342,966,0.79091,-0.02651,clipping,valid_primary
cimas,sign_flip,2,8.7,fedavg,True,7,0.79013,0.70256,0.72954,0.46149,0.7879360714285715,,0,0.342,966,0.7911,-0.00097,fedavg,valid_primary
cimas,sign_flip,2,8.7,fedavg,True,11,0.79133,0.70364,0.72961,0.46119,0.789867142857143,,0,0.339,966,0.79163,-0.0002999999999999,fedavg,valid_primary
cimas,sign_flip,2,8.7,fedavg,True,19,0.79017,0.70145,0.72919,0.4614,0.7873214285714285,,0,0.333,966,0.79082,-0.0006499999999999,fedavg,valid_primary
cimas,sign_flip,2,8.7,fedavg,True,23,0.78896,0.70009,0.73129,0.4658,0.7870453571428573,,0,0.345,966,0.79124,-0.00228,fedavg,valid_primary
cimas,sign_flip,2,8.7,fedavg,True,37,0.7901,0.70061,0.73289,0.47034,0.7870375000000002,,0,0.351,966,0.79091,-0.0008099999999999,fedavg,valid_primary
cimas,sign_flip,2,8.7,coord_median,True,7,0.78974,0.70113,0.72831,0.45842,0.7878953571428571,,0,0.347,966,0.79005,-0.00031,coord_median,valid_primary
cimas,sign_flip,2,8.7,coord_median,True,11,0.79094,0.70291,0.72939,0.45997,0.7897064285714286,,0,0.342,966,0.79088,5.999999999994898e-05,coord_median,valid_primary
cimas,sign_flip,2,8.7,coord_median,True,19,0.79019,0.702,0.72838,0.45866,0.7876050000000001,,0,0.344,966,0.78992,0.0002699999999999,coord_median,valid_primary
cimas,sign_flip,2,8.7,coord_median,True,23,0.7904,0.70179,0.72962,0.46174,0.7881821428571428,,0,0.349,966,0.79029,0.0001099999999999,coord_median,valid_primary
cimas,sign_flip,2,8.7,coord_median,True,37,0.79032,0.70071,0.73101,0.46673,0.7873928571428571,,0,0.347,966,0.78977,0.00055,coord_median,valid_primary
cimas,sign_flip,2,8.7,trimmed_mean,True,7,0.79091,0.70398,0.72983,0.46192,0.7888917857142858,,0,0.349,966,0.79196,-0.0010499999999999,trimmed_mean,valid_primary
cimas,sign_flip,2,8.7,trimmed_mean,True,11,0.79209,0.70494,0.73258,0.46686,0.7906996428571429,,0,0.339,966,0.79237,-0.00028,trimmed_mean,valid_primary
cimas,sign_flip,2,8.7,trimmed_mean,True,19,0.79119,0.70353,0.73092,0.46452,0.7884435714285712,,0,0.33,966,0.79158,-0.00039,trimmed_mean,valid_primary
cimas,sign_flip,2,8.7,trimmed_mean,True,23,0.79128,0.70359,0.73143,0.4657,0.7890771428571427,,0,0.333,966,0.79186,-0.00058,trimmed_mean,valid_primary
cimas,sign_flip,2,8.7,trimmed_mean,True,37,0.79228,0.70508,0.73252,0.46899,0.7894228571428573,,0,0.333,966,0.79211,0.00017,trimmed_mean,valid_primary
cimas,sign_flip,2,8.7,krum,True,7,0.7918,0.70364,0.72722,0.45587,0.7892164285714286,,0,0.359,966,0.7918,0.0,krum,valid_primary
cimas,sign_flip,2,8.7,krum,True,11,0.7928,0.70599,0.73106,0.4634,0.7908153571428571,,0,0.355,966,0.7928,0.0,krum,valid_primary
cimas,sign_flip,2,8.7,krum,True,19,0.79173,0.70378,0.73078,0.46402,0.7883753571428571,,0,0.348,966,0.79173,0.0,krum,valid_primary
cimas,sign_flip,2,8.7,krum,True,23,0.78931,0.69957,0.72825,0.4599,0.7876339285714286,,0,0.359,966,0.79196,-0.00265,krum,valid_primary
cimas,sign_flip,2,8.7,krum,True,37,0.79157,0.70114,0.73042,0.46394,0.7882425,,0,0.36,966,0.79157,0.0,krum,valid_primary
cimas,sign_flip,2,8.7,clipping,True,7,0.79013,0.70256,0.72954,0.46149,0.7879360714285715,,0,0.342,966,0.7911,-0.00097,clipping,valid_primary
cimas,sign_flip,2,8.7,clipping,True,11,0.79133,0.70364,0.72961,0.46119,0.789867142857143,,0,0.334,966,0.79163,-0.0002999999999999,clipping,valid_primary
cimas,sign_flip,2,8.7,clipping,True,19,0.79017,0.70145,0.72919,0.4614,0.7873214285714285,,0,0.344,966,0.79082,-0.0006499999999999,clipping,valid_primary
cimas,sign_flip,2,8.7,clipping,True,23,0.78896,0.70009,0.73129,0.4658,0.7870453571428573,,0,0.343,966,0.79124,-0.00228,clipping,valid_primary
cimas,sign_flip,2,8.7,clipping,True,37,0.7901,0.70061,0.73289,0.47034,0.7870375000000002,,0,0.341,966,0.79091,-0.0008099999999999,clipping,valid_primary
cimas,sign_flip,5,21.7,fedavg,True,7,0.78887,0.7006,0.72686,0.4557,0.7868957142857143,,0,0.344,966,0.7911,-0.00223,fedavg,valid_primary
cimas,sign_flip,5,21.7,fedavg,True,11,0.79008,0.70083,0.72925,0.4595,0.789315,,0,0.335,966,0.79163,-0.0015499999999999,fedavg,valid_primary
cimas,sign_flip,5,21.7,fedavg,True,19,0.7888,0.69953,0.73136,0.46606,0.7852914285714288,,0,0.336,966,0.79082,-0.00202,fedavg,valid_primary
cimas,sign_flip,5,21.7,fedavg,True,23,0.7894,0.70026,0.731,0.46539,0.7871907142857142,,0,0.332,966,0.79124,-0.00184,fedavg,valid_primary
cimas,sign_flip,5,21.7,fedavg,True,37,0.78955,0.69831,0.72505,0.45231,0.7832717857142856,,0,0.342,966,0.79091,-0.00136,fedavg,valid_primary
cimas,sign_flip,5,21.7,coord_median,True,7,0.78991,0.70149,0.7286,0.45939,0.7883739285714286,,0,0.336,966,0.79005,-0.00014,coord_median,valid_primary
cimas,sign_flip,5,21.7,coord_median,True,11,0.79109,0.70234,0.73048,0.4625,0.7902832142857142,,0,0.332,966,0.79088,0.0002099999999999,coord_median,valid_primary
cimas,sign_flip,5,21.7,coord_median,True,19,0.79197,0.70474,0.72933,0.46131,0.7890128571428571,,0,0.337,966,0.78992,0.0020499999999999,coord_median,valid_primary
cimas,sign_flip,5,21.7,coord_median,True,23,0.78952,0.69965,0.73223,0.46793,0.7878617857142858,,0,0.337,966,0.79029,-0.00077,coord_median,valid_primary
cimas,sign_flip,5,21.7,coord_median,True,37,0.79146,0.70117,0.73057,0.4651,0.7886171428571428,,0,0.329,966,0.78977,0.00169,coord_median,valid_primary
cimas,sign_flip,5,21.7,trimmed_mean,True,7,0.7901,0.70234,0.72664,0.45498,0.7885164285714286,,0,0.344,966,0.79196,-0.0018599999999999,trimmed_mean,valid_primary
cimas,sign_flip,5,21.7,trimmed_mean,True,11,0.79083,0.70233,0.72889,0.45931,0.7900839285714287,,0,0.342,966,0.79237,-0.0015399999999999,trimmed_mean,valid_primary
cimas,sign_flip,5,21.7,trimmed_mean,True,19,0.79213,0.70589,0.73006,0.46326,0.7893960714285714,,0,0.332,966,0.79158,0.00055,trimmed_mean,valid_primary
cimas,sign_flip,5,21.7,trimmed_mean,True,23,0.78882,0.6985,0.72962,0.46233,0.7872707142857143,,0,0.335,966,0.79186,-0.00304,trimmed_mean,valid_primary
cimas,sign_flip,5,21.7,trimmed_mean,True,37,0.79202,0.7032,0.73325,0.47033,0.7895971428571429,,0,0.33,966,0.79211,-9.00000000000345e-05,trimmed_mean,valid_primary
cimas,sign_flip,5,21.7,krum,True,7,0.7918,0.70364,0.72722,0.45587,0.7892164285714286,,0,0.37,966,0.7918,0.0,krum,valid_primary
cimas,sign_flip,5,21.7,krum,True,11,0.7928,0.70599,0.73106,0.4634,0.7908153571428571,,0,0.344,966,0.7928,0.0,krum,valid_primary
cimas,sign_flip,5,21.7,krum,True,19,0.79173,0.70378,0.73078,0.46402,0.7883753571428571,,0,0.353,966,0.79173,0.0,krum,valid_primary
cimas,sign_flip,5,21.7,krum,True,23,0.79196,0.70389,0.72976,0.46167,0.7889867857142858,,0,0.358,966,0.79196,0.0,krum,valid_primary
cimas,sign_flip,5,21.7,krum,True,37,0.79157,0.70114,0.73042,0.46394,0.7882425,,0,0.348,966,0.79157,0.0,krum,valid_primary
cimas,sign_flip,5,21.7,clipping,True,7,0.78887,0.7006,0.72686,0.4557,0.7868957142857143,,0,0.338,966,0.7911,-0.00223,clipping,valid_primary
cimas,sign_flip,5,21.7,clipping,True,11,0.79008,0.70083,0.72925,0.4595,0.789315,,0,0.329,966,0.79163,-0.0015499999999999,clipping,valid_primary
cimas,sign_flip,5,21.7,clipping,True,19,0.7888,0.69953,0.73136,0.46606,0.7852914285714288,,0,0.332,966,0.79082,-0.00202,clipping,valid_primary
cimas,sign_flip,5,21.7,clipping,True,23,0.7894,0.70026,0.731,0.46539,0.7871907142857142,,0,0.338,966,0.79124,-0.00184,clipping,valid_primary
cimas,sign_flip,5,21.7,clipping,True,37,0.78955,0.69831,0.72505,0.45231,0.7832717857142856,,0,0.339,966,0.79091,-0.00136,clipping,valid_primary
cimas,sign_flip,7,30.4,fedavg,True,7,0.7887,0.69915,0.7294,0.461,0.7868842857142858,,0,0.339,966,0.7911,-0.0024,fedavg,valid_primary
cimas,sign_flip,7,30.4,fedavg,True,11,0.78886,0.69916,0.73338,0.46846,0.7880632142857141,,0,0.33,966,0.79163,-0.0027699999999999,fedavg,valid_primary
cimas,sign_flip,7,30.4,fedavg,True,19,0.78885,0.69968,0.73259,0.4686,0.785192142857143,,0,0.33,966,0.79082,-0.0019699999999999,fedavg,valid_primary
cimas,sign_flip,7,30.4,fedavg,True,23,0.78918,0.70072,0.73165,0.46711,0.7870239285714284,,0,0.33,966,0.79124,-0.00206,fedavg,valid_primary
cimas,sign_flip,7,30.4,fedavg,True,37,0.7888,0.6955,0.72962,0.46296,0.7837242857142857,,0,0.336,966,0.79091,-0.00211,fedavg,valid_primary
cimas,sign_flip,7,30.4,coord_median,True,7,0.79073,0.70173,0.72998,0.46186,0.7886835714285715,,0,0.332,966,0.79005,0.00068,coord_median,valid_primary
cimas,sign_flip,7,30.4,coord_median,True,11,0.79117,0.70118,0.72991,0.46275,0.7904028571428572,,0,0.336,966,0.79088,0.00029,coord_median,valid_primary
cimas,sign_flip,7,30.4,coord_median,True,19,0.79151,0.70268,0.73028,0.46404,0.7887539285714286,,0,0.33,966,0.78992,0.00159,coord_median,valid_primary
cimas,sign_flip,7,30.4,coord_median,True,23,0.78999,0.70082,0.73267,0.46953,0.7884550000000001,,0,0.331,966,0.79029,-0.0003,coord_median,valid_primary
cimas,sign_flip,7,30.4,coord_median,True,37,0.79203,0.70077,0.731,0.46604,0.7894214285714284,,0,0.335,966,0.78977,0.00226,coord_median,valid_primary
cimas,sign_flip,7,30.4,trimmed_mean,True,7,0.79041,0.70073,0.72845,0.4589,0.7889510714285715,,0,0.328,966,0.79196,-0.00155,trimmed_mean,valid_primary
cimas,sign_flip,7,30.4,trimmed_mean,True,11,0.79043,0.69989,0.72701,0.45619,0.7901582142857142,,0,0.334,966,0.79237,-0.00194,trimmed_mean,valid_primary
cimas,sign_flip,7,30.4,trimmed_mean,True,19,0.79159,0.70285,0.73107,0.46565,0.7890271428571429,,0,0.332,966,0.79158,1.0000000000065512e-05,trimmed_mean,valid_primary
cimas,sign_flip,7,30.4,trimmed_mean,True,23,0.78939,0.69996,0.73332,0.4706,0.7880039285714285,,0,0.338,966,0.79186,-0.0024699999999999,trimmed_mean,valid_primary
cimas,sign_flip,7,30.4,trimmed_mean,True,37,0.79233,0.70218,0.73122,0.46618,0.78986,,0,0.328,966,0.79211,0.0002199999999999,trimmed_mean,valid_primary
cimas,sign_flip,7,30.4,krum,True,7,0.79005,0.70117,0.73165,0.46587,0.7886875000000001,,0,0.346,966,0.7918,-0.0017499999999999,krum,valid_primary
cimas,sign_flip,7,30.4,krum,True,11,0.7928,0.70599,0.73106,0.4634,0.7908153571428571,,0,0.343,966,0.7928,0.0,krum,valid_primary
cimas,sign_flip,7,30.4,krum,True,19,0.79173,0.70378,0.73078,0.46402,0.7883753571428571,,0,0.344,966,0.79173,0.0,krum,valid_primary
cimas,sign_flip,7,30.4,krum,True,23,0.78909,0.69941,0.72738,0.45867,0.787047142857143,,0,0.355,966,0.79196,-0.00287,krum,valid_primary
cimas,sign_flip,7,30.4,krum,True,37,0.79157,0.70114,0.73042,0.46394,0.7882425,,0,0.347,966,0.79157,0.0,krum,valid_primary
cimas,sign_flip,7,30.4,clipping,True,7,0.7887,0.69915,0.7294,0.461,0.7868842857142858,,0,0.333,966,0.7911,-0.0024,clipping,valid_primary
cimas,sign_flip,7,30.4,clipping,True,11,0.78886,0.69916,0.73338,0.46846,0.7880632142857141,,0,0.339,966,0.79163,-0.0027699999999999,clipping,valid_primary
cimas,sign_flip,7,30.4,clipping,True,19,0.78885,0.69968,0.73259,0.4686,0.785192142857143,,0,0.339,966,0.79082,-0.0019699999999999,clipping,valid_primary
cimas,sign_flip,7,30.4,clipping,True,23,0.78918,0.70072,0.73165,0.46711,0.7870239285714284,,0,0.335,966,0.79124,-0.00206,clipping,valid_primary
cimas,sign_flip,7,30.4,clipping,True,37,0.7888,0.6955,0.72962,0.46296,0.7837242857142857,,0,0.34,966,0.79091,-0.00211,clipping,valid_primary
cimas,scaled_poison,2,8.7,fedavg,True,7,0.79193,0.70482,0.72737,0.45687,0.7894300000000002,,0,0.335,966,0.7911,0.0008299999999999,fedavg,valid_primary
cimas,scaled_poison,2,8.7,fedavg,True,11,0.79197,0.70497,0.73121,0.46495,0.7900646428571427,,0,0.331,966,0.79163,0.00034,fedavg,valid_primary
cimas,scaled_poison,2,8.7,fedavg,True,19,0.79144,0.70365,0.73158,0.46622,0.7882646428571428,,0,0.33,966,0.79082,0.00062,fedavg,valid_primary
cimas,scaled_poison,2,8.7,fedavg,True,23,0.79305,0.70656,0.73223,0.46731,0.78984,,0,0.353,966,0.79124,0.0018099999999999,fedavg,valid_primary
cimas,scaled_poison,2,8.7,fedavg,True,37,0.79159,0.703,0.73151,0.46658,0.7885557142857144,,0,0.373,966,0.79091,0.00068,fedavg,valid_primary
cimas,scaled_poison,2,8.7,coord_median,True,7,0.79014,0.70187,0.72903,0.45928,0.78791,,0,0.381,966,0.79005,8.999999999992347e-05,coord_median,valid_primary
cimas,scaled_poison,2,8.7,coord_median,True,11,0.79121,0.70339,0.72946,0.4602,0.7893217857142857,,0,0.341,966,0.79088,0.0003299999999999,coord_median,valid_primary
cimas,scaled_poison,2,8.7,coord_median,True,19,0.78999,0.70151,0.72954,0.46094,0.7870657142857141,,0,0.34,966,0.78992,7.00000000000145e-05,coord_median,valid_primary
cimas,scaled_poison,2,8.7,coord_median,True,23,0.79053,0.70222,0.7315,0.46537,0.7877192857142857,,0,0.335,966,0.79029,0.0002399999999999,coord_median,valid_primary
cimas,scaled_poison,2,8.7,coord_median,True,37,0.78959,0.69928,0.73049,0.46359,0.7867928571428572,,0,0.336,966,0.78977,-0.0001799999999999,coord_median,valid_primary
cimas,scaled_poison,2,8.7,trimmed_mean,True,7,0.79204,0.70512,0.72867,0.4591,0.7896321428571429,,0,0.335,966,0.79196,7.999999999996898e-05,trimmed_mean,valid_primary
cimas,scaled_poison,2,8.7,trimmed_mean,True,11,0.79263,0.70604,0.73164,0.46531,0.7905342857142857,,0,0.34,966,0.79237,0.0002599999999999,trimmed_mean,valid_primary
cimas,scaled_poison,2,8.7,trimmed_mean,True,19,0.7916,0.70421,0.73303,0.46891,0.7880610714285715,,0,0.339,966,0.79158,2.000000000002e-05,trimmed_mean,valid_primary
cimas,scaled_poison,2,8.7,trimmed_mean,True,23,0.79224,0.70555,0.73426,0.47145,0.7891117857142856,,0,0.336,966,0.79186,0.00038,trimmed_mean,valid_primary
cimas,scaled_poison,2,8.7,trimmed_mean,True,37,0.79158,0.70376,0.73477,0.47264,0.7886067857142859,,0,0.334,966,0.79211,-0.00053,trimmed_mean,valid_primary
cimas,scaled_poison,2,8.7,krum,True,7,0.7918,0.70364,0.72722,0.45587,0.7892164285714286,,0,0.349,966,0.7918,0.0,krum,valid_primary
cimas,scaled_poison,2,8.7,krum,True,11,0.7928,0.70599,0.73106,0.4634,0.7908153571428571,,0,0.356,966,0.7928,0.0,krum,valid_primary
cimas,scaled_poison,2,8.7,krum,True,19,0.79173,0.70378,0.73078,0.46402,0.7883753571428571,,0,0.349,966,0.79173,0.0,krum,valid_primary
cimas,scaled_poison,2,8.7,krum,True,23,0.78931,0.69957,0.72825,0.4599,0.7876339285714286,,0,0.349,966,0.79196,-0.00265,krum,valid_primary
cimas,scaled_poison,2,8.7,krum,True,37,0.79157,0.70114,0.73042,0.46394,0.7882425,,0,0.354,966,0.79157,0.0,krum,valid_primary
cimas,scaled_poison,2,8.7,clipping,True,7,0.79193,0.70482,0.72737,0.45687,0.7894300000000002,,0,0.336,966,0.7911,0.0008299999999999,clipping,valid_primary
cimas,scaled_poison,2,8.7,clipping,True,11,0.79197,0.70497,0.73121,0.46495,0.7900646428571427,,0,0.335,966,0.79163,0.00034,clipping,valid_primary
cimas,scaled_poison,2,8.7,clipping,True,19,0.79144,0.70365,0.73158,0.46622,0.7882646428571428,,0,0.339,966,0.79082,0.00062,clipping,valid_primary
cimas,scaled_poison,2,8.7,clipping,True,23,0.79305,0.70656,0.73223,0.46731,0.78984,,0,0.337,966,0.79124,0.0018099999999999,clipping,valid_primary
cimas,scaled_poison,2,8.7,clipping,True,37,0.79159,0.703,0.73151,0.46658,0.7885557142857144,,0,0.34,966,0.79091,0.00068,clipping,valid_primary
cimas,scaled_poison,5,21.7,fedavg,True,7,0.79272,0.70573,0.72983,0.46192,0.7899357142857143,,0,0.344,966,0.7911,0.0016199999999999,fedavg,valid_primary
cimas,scaled_poison,5,21.7,fedavg,True,11,0.79347,0.70734,0.73056,0.46445,0.7907207142857142,,0,0.337,966,0.79163,0.00184,fedavg,valid_primary
cimas,scaled_poison,5,21.7,fedavg,True,19,0.79225,0.70478,0.73237,0.46782,0.7890014285714287,,0,0.335,966,0.79082,0.00143,fedavg,valid_primary
cimas,scaled_poison,5,21.7,fedavg,True,23,0.79275,0.70676,0.73245,0.46808,0.789737857142857,,0,0.34,966,0.79124,0.0015099999999999,fedavg,valid_primary
cimas,scaled_poison,5,21.7,fedavg,True,37,0.793,0.70421,0.73195,0.4689,0.7894521428571429,,0,0.334,966,0.79091,0.00209,fedavg,valid_primary
cimas,scaled_poison,5,21.7,coord_median,True,7,0.79098,0.70372,0.7278,0.45677,0.7883960714285714,,0,0.343,966,0.79005,0.0009299999999999,coord_median,valid_primary
cimas,scaled_poison,5,21.7,coord_median,True,11,0.79142,0.7031,0.73033,0.46203,0.7893657142857143,,0,0.341,966,0.79088,0.0005399999999999,coord_median,valid_primary
cimas,scaled_poison,5,21.7,coord_median,True,19,0.78998,0.70197,0.72961,0.46119,0.7869032142857143,,0,0.339,966,0.78992,6.0000000000060005e-05,coord_median,valid_primary
cimas,scaled_poison,5,21.7,coord_median,True,23,0.79075,0.70174,0.7307,0.46377,0.7877025000000001,,0,0.341,966,0.79029,0.0004599999999999,coord_median,valid_primary
cimas,scaled_poison,5,21.7,coord_median,True,37,0.7903,0.70122,0.73114,0.4647,0.786977142857143,,0,0.34,966,0.78977,0.00053,coord_median,valid_primary
cimas,scaled_poison,5,21.7,trimmed_mean,True,7,0.79173,0.70472,0.727,0.45566,0.788965,,0,0.347,966,0.79196,-0.0002299999999999,trimmed_mean,valid_primary
cimas,scaled_poison,5,21.7,trimmed_mean,True,11,0.79209,0.70437,0.73092,0.46395,0.7898610714285716,,0,0.34,966,0.79237,-0.00028,trimmed_mean,valid_primary
cimas,scaled_poison,5,21.7,trimmed_mean,True,19,0.79036,0.70212,0.73085,0.46427,0.7871392857142858,,0,0.346,966,0.79158,-0.0012199999999999,trimmed_mean,valid_primary
cimas,scaled_poison,5,21.7,trimmed_mean,True,23,0.79211,0.70493,0.73303,0.46891,0.7890335714285717,,0,0.346,966,0.79186,0.0002499999999999,trimmed_mean,valid_primary
cimas,scaled_poison,5,21.7,trimmed_mean,True,37,0.79116,0.70237,0.73049,0.4642,0.7879053571428571,,0,0.337,966,0.79211,-0.00095,trimmed_mean,valid_primary
cimas,scaled_poison,5,21.7,krum,True,7,0.7918,0.70364,0.72722,0.45587,0.7892164285714286,,0,0.355,966,0.7918,0.0,krum,valid_primary
cimas,scaled_poison,5,21.7,krum,True,11,0.7928,0.70599,0.73106,0.4634,0.7908153571428571,,0,0.351,966,0.7928,0.0,krum,valid_primary
cimas,scaled_poison,5,21.7,krum,True,19,0.79173,0.70378,0.73078,0.46402,0.7883753571428571,,0,0.355,966,0.79173,0.0,krum,valid_primary
cimas,scaled_poison,5,21.7,krum,True,23,0.79196,0.70389,0.72976,0.46167,0.7889867857142858,,0,0.359,966,0.79196,0.0,krum,valid_primary
cimas,scaled_poison,5,21.7,krum,True,37,0.79157,0.70114,0.73042,0.46394,0.7882425,,0,0.362,966,0.79157,0.0,krum,valid_primary
cimas,scaled_poison,5,21.7,clipping,True,7,0.79272,0.70573,0.72983,0.46192,0.7899357142857143,,0,0.341,966,0.7911,0.0016199999999999,clipping,valid_primary
cimas,scaled_poison,5,21.7,clipping,True,11,0.79347,0.70734,0.73056,0.46445,0.7907207142857142,,0,0.346,966,0.79163,0.00184,clipping,valid_primary
cimas,scaled_poison,5,21.7,clipping,True,19,0.79225,0.70478,0.73237,0.46782,0.7890014285714287,,0,0.343,966,0.79082,0.00143,clipping,valid_primary
cimas,scaled_poison,5,21.7,clipping,True,23,0.79275,0.70676,0.73245,0.46808,0.789737857142857,,0,0.343,966,0.79124,0.0015099999999999,clipping,valid_primary
cimas,scaled_poison,5,21.7,clipping,True,37,0.793,0.70421,0.73195,0.4689,0.7894521428571429,,0,0.349,966,0.79091,0.00209,clipping,valid_primary
cimas,scaled_poison,7,30.4,fedavg,True,7,0.7928,0.70674,0.72991,0.46217,0.7900278571428571,,0,0.345,966,0.7911,0.0016999999999999,fedavg,valid_primary
cimas,scaled_poison,7,30.4,fedavg,True,11,0.7937,0.70754,0.73186,0.46605,0.7910475,,0,0.341,966,0.79163,0.00207,fedavg,valid_primary
cimas,scaled_poison,7,30.4,fedavg,True,19,0.79221,0.70478,0.73194,0.46689,0.7890257142857143,,0,0.338,966,0.79082,0.00139,fedavg,valid_primary
cimas,scaled_poison,7,30.4,fedavg,True,23,0.79276,0.70593,0.73223,0.46731,0.7897357142857142,,0,0.338,966,0.79124,0.0015199999999999,fedavg,valid_primary
cimas,scaled_poison,7,30.4,fedavg,True,37,0.79332,0.70534,0.73274,0.4698,0.7896817857142857,,0,0.35,966,0.79091,0.00241,fedavg,valid_primary
cimas,scaled_poison,7,30.4,coord_median,True,7,0.79029,0.70258,0.72932,0.45973,0.7874425,,0,0.343,966,0.79005,0.00024,coord_median,valid_primary
cimas,scaled_poison,7,30.4,coord_median,True,11,0.79146,0.70316,0.73128,0.4641,0.7889932142857143,,0,0.341,966,0.79088,0.00058,coord_median,valid_primary
cimas,scaled_poison,7,30.4,coord_median,True,19,0.79083,0.70232,0.72904,0.46032,0.7875089285714286,,0,0.345,966,0.78992,0.00091,coord_median,valid_primary
cimas,scaled_poison,7,30.4,coord_median,True,23,0.79179,0.70384,0.7307,0.46377,0.7886635714285714,,0,0.35,966,0.79029,0.0014999999999999,coord_median,valid_primary
cimas,scaled_poison,7,30.4,coord_median,True,37,0.79095,0.70134,0.72853,0.45971,0.7874728571428572,,0,0.338,966,0.78977,0.00118,coord_median,valid_primary
cimas,scaled_poison,7,30.4,trimmed_mean,True,7,0.79067,0.7033,0.72867,0.4586,0.7879114285714285,,0,0.337,966,0.79196,-0.00129,trimmed_mean,valid_primary
cimas,scaled_poison,7,30.4,trimmed_mean,True,11,0.79166,0.70389,0.73063,0.46298,0.7895571428571427,,0,0.331,966,0.79237,-0.0007099999999999,trimmed_mean,valid_primary
cimas,scaled_poison,7,30.4,trimmed_mean,True,19,0.79077,0.70252,0.72882,0.46014,0.7875053571428571,,0,0.343,966,0.79158,-0.0008099999999999,trimmed_mean,valid_primary
cimas,scaled_poison,7,30.4,trimmed_mean,True,23,0.7918,0.70467,0.73201,0.46655,0.7887203571428572,,0,0.344,966,0.79186,-6.0000000000060005e-05,trimmed_mean,valid_primary
cimas,scaled_poison,7,30.4,trimmed_mean,True,37,0.79138,0.70237,0.73281,0.46875,0.787865,,0,0.336,966,0.79211,-0.00073,trimmed_mean,valid_primary
cimas,scaled_poison,7,30.4,krum,True,7,0.79047,0.70162,0.73041,0.46334,0.7889439285714285,,0,0.349,966,0.7918,-0.0013299999999999,krum,valid_primary
cimas,scaled_poison,7,30.4,krum,True,11,0.7928,0.70599,0.73106,0.4634,0.7908153571428571,,0,0.352,966,0.7928,0.0,krum,valid_primary
cimas,scaled_poison,7,30.4,krum,True,19,0.79173,0.70378,0.73078,0.46402,0.7883753571428571,,0,0.351,966,0.79173,0.0,krum,valid_primary
cimas,scaled_poison,7,30.4,krum,True,23,0.78909,0.69941,0.72738,0.45867,0.787047142857143,,0,0.365,966,0.79196,-0.00287,krum,valid_primary
cimas,scaled_poison,7,30.4,krum,True,37,0.79157,0.70114,0.73042,0.46394,0.7882425,,0,0.36,966,0.79157,0.0,krum,valid_primary
cimas,scaled_poison,7,30.4,clipping,True,7,0.7928,0.70674,0.72991,0.46217,0.7900278571428571,,0,0.333,966,0.7911,0.0016999999999999,clipping,valid_primary
cimas,scaled_poison,7,30.4,clipping,True,11,0.7937,0.70754,0.73186,0.46605,0.7910475,,0,0.338,966,0.79163,0.00207,clipping,valid_primary
cimas,scaled_poison,7,30.4,clipping,True,19,0.79221,0.70478,0.73194,0.46689,0.7890257142857143,,0,0.342,966,0.79082,0.00139,clipping,valid_primary
cimas,scaled_poison,7,30.4,clipping,True,23,0.79276,0.70593,0.73223,0.46731,0.7897357142857142,,0,0.345,966,0.79124,0.0015199999999999,clipping,valid_primary
cimas,scaled_poison,7,30.4,clipping,True,37,0.79332,0.70534,0.73274,0.4698,0.7896817857142857,,0,0.347,966,0.79091,0.00241,clipping,valid_primary
cimas,model_replace,2,8.7,fedavg,True,7,0.78626,0.6961,0.72926,0.46166,0.7862325000000002,,0,0.347,966,0.7911,-0.00484,fedavg,valid_primary
cimas,model_replace,2,8.7,fedavg,True,11,0.78717,0.6972,0.72991,0.46275,0.7872610714285714,,0,0.344,966,0.79163,-0.0044599999999999,fedavg,valid_primary
cimas,model_replace,2,8.7,fedavg,True,19,0.78708,0.69717,0.73071,0.46435,0.7868071428571427,,0,0.34,966,0.79082,-0.0037399999999999,fedavg,valid_primary
cimas,model_replace,2,8.7,fedavg,True,23,0.78058,0.68697,0.7244,0.45177,0.5187221428571429,,0,0.347,966,0.79124,-0.01066,fedavg,valid_primary
cimas,model_replace,2,8.7,fedavg,True,37,0.78634,0.6962,0.72933,0.46192,0.7863360714285713,,0,0.341,966,0.79091,-0.0045699999999999,fedavg,valid_primary
cimas,model_replace,2,8.7,coord_median,True,7,0.79009,0.70196,0.72954,0.46094,0.7879153571428571,,0,0.34,966,0.79005,3.999999999992898e-05,coord_median,valid_primary
cimas,model_replace,2,8.7,coord_median,True,11,0.79108,0.70316,0.72874,0.45883,0.7895099999999999,,0,0.341,966,0.79088,0.0001999999999999,coord_median,valid_primary
cimas,model_replace,2,8.7,coord_median,True,19,0.7903,0.70228,0.72744,0.45711,0.7876135714285714,,0,0.344,966,0.78992,0.00038,coord_median,valid_primary
cimas,model_replace,2,8.7,coord_median,True,23,0.79056,0.70215,0.72991,0.46217,0.7881707142857142,,0,0.34,966,0.79029,0.0002699999999999,coord_median,valid_primary
cimas,model_replace,2,8.7,coord_median,True,37,0.79067,0.70133,0.73071,0.46564,0.7878664285714285,,0,0.341,966,0.78977,0.0009,coord_median,valid_primary
cimas,model_replace,2,8.7,trimmed_mean,True,7,0.79141,0.70443,0.72918,0.46081,0.7892589285714287,,0,0.337,966,0.79196,-0.00055,trimmed_mean,valid_primary
cimas,model_replace,2,8.7,trimmed_mean,True,11,0.79239,0.70542,0.73223,0.46673,0.7905150000000001,,0,0.339,966,0.79237,2.000000000002e-05,trimmed_mean,valid_primary
cimas,model_replace,2,8.7,trimmed_mean,True,19,0.79146,0.70354,0.72984,0.4625,0.7884075,,0,0.343,966,0.79158,-0.0001199999999998,trimmed_mean,valid_primary
cimas,model_replace,2,8.7,trimmed_mean,True,23,0.79182,0.70426,0.73317,0.46943,0.7892146428571428,,0,0.341,966,0.79186,-4.000000000004e-05,trimmed_mean,valid_primary
cimas,model_replace,2,8.7,trimmed_mean,True,37,0.79264,0.70529,0.73107,0.46565,0.7899103571428572,,0,0.338,966,0.79211,0.00053,trimmed_mean,valid_primary
cimas,model_replace,2,8.7,krum,True,7,0.7918,0.70364,0.72722,0.45587,0.7892164285714286,,0,0.379,966,0.7918,0.0,krum,valid_primary
cimas,model_replace,2,8.7,krum,True,11,0.7928,0.70599,0.73106,0.4634,0.7908153571428571,,0,0.394,966,0.7928,0.0,krum,valid_primary
cimas,model_replace,2,8.7,krum,True,19,0.79173,0.70378,0.73078,0.46402,0.7883753571428571,,0,0.39,966,0.79173,0.0,krum,valid_primary
cimas,model_replace,2,8.7,krum,True,23,0.78931,0.69957,0.72825,0.4599,0.7876339285714286,,0,0.372,966,0.79196,-0.00265,krum,valid_primary
cimas,model_replace,2,8.7,krum,True,37,0.79157,0.70114,0.73042,0.46394,0.7882425,,0,0.366,966,0.79157,0.0,krum,valid_primary
cimas,model_replace,2,8.7,clipping,True,7,0.78626,0.6961,0.72926,0.46166,0.7862325000000002,,0,0.336,966,0.7911,-0.00484,clipping,valid_primary
cimas,model_replace,2,8.7,clipping,True,11,0.78717,0.6972,0.72991,0.46275,0.7872610714285714,,0,0.335,966,0.79163,-0.0044599999999999,clipping,valid_primary
cimas,model_replace,2,8.7,clipping,True,19,0.78708,0.69717,0.73071,0.46435,0.7868071428571427,,0,0.342,966,0.79082,-0.0037399999999999,clipping,valid_primary
cimas,model_replace,2,8.7,clipping,True,23,0.78058,0.68697,0.7244,0.45177,0.5187221428571429,,0,0.345,966,0.79124,-0.01066,clipping,valid_primary
cimas,model_replace,2,8.7,clipping,True,37,0.78634,0.6962,0.72933,0.46192,0.7863360714285713,,0,0.342,966,0.79091,-0.0045699999999999,clipping,valid_primary
cimas,model_replace,5,21.7,fedavg,True,7,0.78626,0.69619,0.72933,0.46192,0.786234642857143,,0,0.341,966,0.7911,-0.00484,fedavg,valid_primary
cimas,model_replace,5,21.7,fedavg,True,11,0.78646,0.69587,0.72984,0.4625,0.7863935714285715,,0,0.337,966,0.79163,-0.0051699999999998,fedavg,valid_primary
cimas,model_replace,5,21.7,fedavg,True,19,0.78636,0.69612,0.72962,0.46233,0.7863217857142857,,0,0.337,966,0.79082,-0.00446,fedavg,valid_primary
cimas,model_replace,5,21.7,fedavg,True,23,0.78703,0.69683,0.72919,0.4614,0.7867871428571428,,0,0.339,966,0.79124,-0.00421,fedavg,valid_primary
cimas,model_replace,5,21.7,fedavg,True,37,0.78698,0.69721,0.72889,0.46039,0.7810260714285715,,0,0.33,966,0.79091,-0.0039299999999999,fedavg,valid_primary
cimas,model_replace,5,21.7,coord_median,True,7,0.79046,0.70273,0.73049,0.46359,0.7890260714285713,,0,0.333,966,0.79005,0.00041,coord_median,valid_primary
cimas,model_replace,5,21.7,coord_median,True,11,0.79103,0.70215,0.73092,0.46452,0.7896982142857142,,0,0.341,966,0.79088,0.0001499999999999,coord_median,valid_primary
cimas,model_replace,5,21.7,coord_median,True,19,0.79135,0.70323,0.73071,0.46498,0.7885221428571428,,0,0.344,966,0.78992,0.00143,coord_median,valid_primary
cimas,model_replace,5,21.7,coord_median,True,23,0.79074,0.70159,0.73013,0.46352,0.7885289285714284,,0,0.34,966,0.79029,0.0004499999999999,coord_median,valid_primary
cimas,model_replace,5,21.7,coord_median,True,37,0.79173,0.70228,0.73049,0.46484,0.7897192857142856,,0,0.332,966,0.78977,0.00196,coord_median,valid_primary
cimas,model_replace,5,21.7,trimmed_mean,True,7,0.7908,0.70282,0.72875,0.45989,0.7888250000000001,,0,0.341,966,0.79196,-0.00116,trimmed_mean,valid_primary
cimas,model_replace,5,21.7,trimmed_mean,True,11,0.79126,0.70202,0.73013,0.46292,0.7896378571428572,,0,0.335,966,0.79237,-0.00111,trimmed_mean,valid_primary
cimas,model_replace,5,21.7,trimmed_mean,True,19,0.79224,0.70357,0.73107,0.46565,0.7891489285714286,,0,0.346,966,0.79158,0.0006600000000001,trimmed_mean,valid_primary
cimas,model_replace,5,21.7,trimmed_mean,True,23,0.79056,0.70039,0.72926,0.46166,0.7882185714285715,,0,0.34,966,0.79186,-0.0012999999999999,trimmed_mean,valid_primary
cimas,model_replace,5,21.7,trimmed_mean,True,37,0.79232,0.70264,0.73093,0.46577,0.7903600000000001,,0,0.377,966,0.79211,0.00021,trimmed_mean,valid_primary
cimas,model_replace,5,21.7,krum,True,7,0.7918,0.70364,0.72722,0.45587,0.7892164285714286,,0,0.356,966,0.7918,0.0,krum,valid_primary
cimas,model_replace,5,21.7,krum,True,11,0.7928,0.70599,0.73106,0.4634,0.7908153571428571,,0,0.355,966,0.7928,0.0,krum,valid_primary
cimas,model_replace,5,21.7,krum,True,19,0.79173,0.70378,0.73078,0.46402,0.7883753571428571,,0,0.35,966,0.79173,0.0,krum,valid_primary
cimas,model_replace,5,21.7,krum,True,23,0.79196,0.70389,0.72976,0.46167,0.7889867857142858,,0,0.372,966,0.79196,0.0,krum,valid_primary
cimas,model_replace,5,21.7,krum,True,37,0.79157,0.70114,0.73042,0.46394,0.7882425,,0,0.37,966,0.79157,0.0,krum,valid_primary
cimas,model_replace,5,21.7,clipping,True,7,0.78626,0.69619,0.72933,0.46192,0.786234642857143,,0,0.34,966,0.7911,-0.00484,clipping,valid_primary
cimas,model_replace,5,21.7,clipping,True,11,0.78646,0.69587,0.72984,0.4625,0.7863935714285715,,0,0.339,966,0.79163,-0.0051699999999998,clipping,valid_primary
cimas,model_replace,5,21.7,clipping,True,19,0.78636,0.69612,0.72962,0.46233,0.7863217857142857,,0,0.341,966,0.79082,-0.00446,clipping,valid_primary
cimas,model_replace,5,21.7,clipping,True,23,0.78703,0.69683,0.72919,0.4614,0.7867871428571428,,0,0.342,966,0.79124,-0.00421,clipping,valid_primary
cimas,model_replace,5,21.7,clipping,True,37,0.78698,0.69721,0.72889,0.46039,0.7810260714285715,,0,0.338,966,0.79091,-0.0039299999999999,clipping,valid_primary
cimas,model_replace,7,30.4,fedavg,True,7,0.78684,0.69671,0.72955,0.46208,0.786682857142857,,0,0.349,966,0.7911,-0.00426,fedavg,valid_primary
cimas,model_replace,7,30.4,fedavg,True,11,0.78622,0.696,0.72882,0.46073,0.7862485714285715,,0,0.346,966,0.79163,-0.0054099999999999,fedavg,valid_primary
cimas,model_replace,7,30.4,fedavg,True,19,0.78661,0.69654,0.72969,0.46259,0.7864828571428569,,0,0.338,966,0.79082,-0.0042099999999999,fedavg,valid_primary
cimas,model_replace,7,30.4,fedavg,True,23,0.78678,0.69676,0.73006,0.46326,0.7866582142857144,,0,0.335,966,0.79124,-0.00446,fedavg,valid_primary
cimas,model_replace,7,30.4,fedavg,True,37,0.78668,0.69617,0.7294,0.46157,0.7865900000000002,,0,0.337,966,0.79091,-0.0042299999999999,fedavg,valid_primary
cimas,model_replace,7,30.4,coord_median,True,7,0.79134,0.70262,0.73114,0.46529,0.7891921428571428,,0,0.338,966,0.79005,0.00129,coord_median,valid_primary
cimas,model_replace,7,30.4,coord_median,True,11,0.79195,0.70215,0.73151,0.46725,0.7901732142857144,,0,0.354,966,0.79088,0.00107,coord_median,valid_primary
cimas,model_replace,7,30.4,coord_median,True,19,0.79183,0.70283,0.72955,0.46336,0.7888646428571428,,0,0.342,966,0.78992,0.00191,coord_median,valid_primary
cimas,model_replace,7,30.4,coord_median,True,23,0.79138,0.70226,0.73064,0.46537,0.7892549999999999,,0,0.339,966,0.79029,0.0010899999999999,coord_median,valid_primary
cimas,model_replace,7,30.4,coord_median,True,37,0.79263,0.7028,0.73071,0.46564,0.7905328571428571,,0,0.34,966,0.78977,0.0028599999999999,coord_median,valid_primary
cimas,model_replace,7,30.4,trimmed_mean,True,7,0.79144,0.70126,0.73172,0.46673,0.7894367857142859,,0,0.341,966,0.79196,-0.0005199999999999,trimmed_mean,valid_primary
cimas,model_replace,7,30.4,trimmed_mean,True,11,0.79186,0.70132,0.72789,0.45987,0.7902439285714286,,0,0.337,966,0.79237,-0.00051,trimmed_mean,valid_primary
cimas,model_replace,7,30.4,trimmed_mean,True,19,0.79222,0.70177,0.73202,0.46846,0.7894153571428572,,0,0.343,966,0.79158,0.00064,trimmed_mean,valid_primary
cimas,model_replace,7,30.4,trimmed_mean,True,23,0.79114,0.70129,0.72955,0.46336,0.7889782142857141,,0,0.343,966,0.79186,-0.00072,trimmed_mean,valid_primary
cimas,model_replace,7,30.4,trimmed_mean,True,37,0.79225,0.70059,0.73137,0.4674,0.7906274999999999,,0,0.34,966,0.79211,0.00014,trimmed_mean,valid_primary
cimas,model_replace,7,30.4,krum,True,7,0.79047,0.70162,0.73041,0.46334,0.7889439285714285,,0,0.355,966,0.7918,-0.0013299999999999,krum,valid_primary
cimas,model_replace,7,30.4,krum,True,11,0.7928,0.70599,0.73106,0.4634,0.7908153571428571,,0,0.354,966,0.7928,0.0,krum,valid_primary
cimas,model_replace,7,30.4,krum,True,19,0.79173,0.70378,0.73078,0.46402,0.7883753571428571,,0,0.348,966,0.79173,0.0,krum,valid_primary
cimas,model_replace,7,30.4,krum,True,23,0.78909,0.69941,0.72738,0.45867,0.787047142857143,,0,0.354,966,0.79196,-0.00287,krum,valid_primary
cimas,model_replace,7,30.4,krum,True,37,0.79157,0.70114,0.73042,0.46394,0.7882425,,0,0.353,966,0.79157,0.0,krum,valid_primary
cimas,model_replace,7,30.4,clipping,True,7,0.78684,0.69671,0.72955,0.46208,0.786682857142857,,0,0.338,966,0.7911,-0.00426,clipping,valid_primary
cimas,model_replace,7,30.4,clipping,True,11,0.78622,0.696,0.72882,0.46073,0.7862485714285715,,0,0.338,966,0.79163,-0.0054099999999999,clipping,valid_primary
cimas,model_replace,7,30.4,clipping,True,19,0.78661,0.69654,0.72969,0.46259,0.7864828571428569,,0,0.337,966,0.79082,-0.0042099999999999,clipping,valid_primary
cimas,model_replace,7,30.4,clipping,True,23,0.78678,0.69676,0.73006,0.46326,0.7866582142857144,,0,0.338,966,0.79124,-0.00446,clipping,valid_primary
cimas,model_replace,7,30.4,clipping,True,37,0.78668,0.69617,0.7294,0.46157,0.7865900000000002,,0,0.338,966,0.79091,-0.0042299999999999,clipping,valid_primary
cimas,label_flip,2,8.7,fedavg,True,7,0.79062,0.70367,0.7278,0.45779,0.7882474999999999,,0,0.361,966,0.7911,-0.00048,fedavg,valid_primary
cimas,label_flip,2,8.7,fedavg,True,11,0.79196,0.70464,0.72954,0.46094,0.790172142857143,,0,0.346,966,0.79163,0.00033,fedavg,valid_primary
cimas,label_flip,2,8.7,fedavg,True,19,0.79067,0.70245,0.72955,0.46208,0.7875817857142857,,0,0.336,966,0.79082,-0.0001499999999999,fedavg,valid_primary
cimas,label_flip,2,8.7,fedavg,True,23,0.79132,0.70439,0.73035,0.46368,0.7881960714285715,,0,0.356,966,0.79124,7.999999999996898e-05,fedavg,valid_primary
cimas,label_flip,2,8.7,fedavg,True,37,0.79059,0.7013,0.73202,0.46918,0.7872921428571429,,0,0.356,966,0.79091,-0.0003199999999999,fedavg,valid_primary
cimas,label_flip,2,8.7,coord_median,True,7,0.79022,0.70214,0.73019,0.46206,0.7881014285714285,,0,0.357,966,0.79005,0.00017,coord_median,valid_primary
cimas,label_flip,2,8.7,coord_median,True,11,0.79118,0.70351,0.72903,0.45928,0.7897703571428571,,0,0.349,966,0.79088,0.0002999999999999,coord_median,valid_primary
cimas,label_flip,2,8.7,coord_median,True,19,0.79043,0.70256,0.72809,0.45771,0.7877389285714286,,0,0.352,966,0.78992,0.00051,coord_median,valid_primary
cimas,label_flip,2,8.7,coord_median,True,23,0.79064,0.70215,0.72983,0.46192,0.7881857142857144,,0,0.365,966,0.79029,0.0003499999999999,coord_median,valid_primary
cimas,label_flip,2,8.7,coord_median,True,37,0.79055,0.70102,0.73166,0.46779,0.7875292857142858,,0,0.365,966,0.78977,0.00078,coord_median,valid_primary
cimas,label_flip,2,8.7,trimmed_mean,True,7,0.79135,0.7047,0.73005,0.46211,0.7891107142857143,,0,0.364,966,0.79196,-0.0006099999999999,trimmed_mean,valid_primary
cimas,label_flip,2,8.7,trimmed_mean,True,11,0.79284,0.70639,0.73063,0.46298,0.7910371428571426,,0,0.337,966,0.79237,0.0004699999999999,trimmed_mean,valid_primary
cimas,label_flip,2,8.7,trimmed_mean,True,19,0.79191,0.70463,0.73056,0.46385,0.7887282142857143,,0,0.35,966,0.79158,0.00033,trimmed_mean,valid_primary
cimas,label_flip,2,8.7,trimmed_mean,True,23,0.79202,0.70477,0.73121,0.46495,0.7893496428571428,,0,0.357,966,0.79186,0.0001599999999999,trimmed_mean,valid_primary
cimas,label_flip,2,8.7,trimmed_mean,True,37,0.79274,0.7058,0.73252,0.46899,0.7896850000000001,,0,0.36,966,0.79211,0.00063,trimmed_mean,valid_primary
cimas,label_flip,2,8.7,krum,True,7,0.7918,0.70364,0.72722,0.45587,0.7892164285714286,,0,0.375,966,0.7918,0.0,krum,valid_primary
cimas,label_flip,2,8.7,krum,True,11,0.7928,0.70599,0.73106,0.4634,0.7908153571428571,,0,0.353,966,0.7928,0.0,krum,valid_primary
cimas,label_flip,2,8.7,krum,True,19,0.79173,0.70378,0.73078,0.46402,0.7883753571428571,,0,0.352,966,0.79173,0.0,krum,valid_primary
cimas,label_flip,2,8.7,krum,True,23,0.78931,0.69957,0.72825,0.4599,0.7876339285714286,,0,0.384,966,0.79196,-0.00265,krum,valid_primary
cimas,label_flip,2,8.7,krum,True,37,0.79157,0.70114,0.73042,0.46394,0.7882425,,0,0.379,966,0.79157,0.0,krum,valid_primary
cimas,label_flip,2,8.7,clipping,True,7,0.79062,0.70367,0.7278,0.45779,0.7882474999999999,,0,0.361,966,0.7911,-0.00048,clipping,valid_primary
cimas,label_flip,2,8.7,clipping,True,11,0.79196,0.70464,0.72954,0.46094,0.790172142857143,,0,0.338,966,0.79163,0.00033,clipping,valid_primary
cimas,label_flip,2,8.7,clipping,True,19,0.79067,0.70245,0.72955,0.46208,0.7875817857142857,,0,0.346,966,0.79082,-0.0001499999999999,clipping,valid_primary
cimas,label_flip,2,8.7,clipping,True,23,0.79132,0.70439,0.73035,0.46368,0.7881960714285715,,0,0.361,966,0.79124,7.999999999996898e-05,clipping,valid_primary
cimas,label_flip,2,8.7,clipping,True,37,0.79059,0.7013,0.73202,0.46918,0.7872921428571429,,0,0.37,966,0.79091,-0.0003199999999999,clipping,valid_primary
cimas,label_flip,5,21.7,fedavg,True,7,0.79003,0.7028,0.72867,0.4591,0.7875014285714285,,0,0.371,966,0.7911,-0.00107,fedavg,valid_primary
cimas,label_flip,5,21.7,fedavg,True,11,0.79359,0.70656,0.73272,0.46635,0.7911753571428571,,0,0.381,966,0.79163,0.00196,fedavg,valid_primary
cimas,label_flip,5,21.7,fedavg,True,19,0.78963,0.70075,0.73129,0.4658,0.7858057142857143,,0,0.428,966,0.79082,-0.0011899999999999,fedavg,valid_primary
cimas,label_flip,5,21.7,fedavg,True,23,0.79033,0.70187,0.73136,0.46606,0.7876660714285713,,0,0.379,966,0.79124,-0.00091,fedavg,valid_primary
cimas,label_flip,5,21.7,fedavg,True,37,0.79112,0.70193,0.7283,0.45745,0.7829814285714286,,0,0.385,966,0.79091,0.00021,fedavg,valid_primary
cimas,label_flip,5,21.7,coord_median,True,7,0.79077,0.70357,0.72693,0.45542,0.7887257142857143,,0,0.364,966,0.79005,0.0007199999999999,coord_median,valid_primary
cimas,label_flip,5,21.7,coord_median,True,11,0.79211,0.70441,0.72961,0.46067,0.790727857142857,,0,0.373,966,0.79088,0.0012299999999999,coord_median,valid_primary
cimas,label_flip,5,21.7,coord_median,True,19,0.79214,0.70502,0.73049,0.46359,0.7890117857142858,,0,0.387,966,0.78992,0.0022199999999999,coord_median,valid_primary
cimas,label_flip,5,21.7,coord_median,True,23,0.79072,0.70202,0.73216,0.46767,0.7883642857142857,,0,0.348,966,0.79029,0.0004299999999999,coord_median,valid_primary
cimas,label_flip,5,21.7,coord_median,True,37,0.79235,0.70254,0.72941,0.46218,0.7891614285714287,,0,0.378,966,0.78977,0.00258,coord_median,valid_primary
cimas,label_flip,5,21.7,trimmed_mean,True,7,0.79118,0.7041,0.72628,0.4538,0.7889953571428571,,0,0.371,966,0.79196,-0.00078,trimmed_mean,valid_primary
cimas,label_flip,5,21.7,trimmed_mean,True,11,0.79202,0.70442,0.72845,0.45839,0.7906307142857143,,0,0.37,966,0.79237,-0.00035,trimmed_mean,valid_primary
cimas,label_flip,5,21.7,trimmed_mean,True,19,0.79301,0.70703,0.73158,0.46622,0.7898492857142857,,0,0.386,966,0.79158,0.00143,trimmed_mean,valid_primary
cimas,label_flip,5,21.7,trimmed_mean,True,23,0.79024,0.70062,0.73092,0.46452,0.7878367857142857,,0,0.346,966,0.79186,-0.0016199999999999,trimmed_mean,valid_primary
cimas,label_flip,5,21.7,trimmed_mean,True,37,0.7933,0.70509,0.73071,0.46498,0.7902167857142858,,0,0.385,966,0.79211,0.00119,trimmed_mean,valid_primary
cimas,label_flip,5,21.7,krum,True,7,0.7918,0.70364,0.72722,0.45587,0.7892164285714286,,0,0.387,966,0.7918,0.0,krum,valid_primary
cimas,label_flip,5,21.7,krum,True,11,0.7928,0.70599,0.73106,0.4634,0.7908153571428571,,0,0.385,966,0.7928,0.0,krum,valid_primary
cimas,label_flip,5,21.7,krum,True,19,0.79173,0.70378,0.73078,0.46402,0.7883753571428571,,0,0.403,966,0.79173,0.0,krum,valid_primary
cimas,label_flip,5,21.7,krum,True,23,0.79196,0.70389,0.72976,0.46167,0.7889867857142858,,0,0.36,966,0.79196,0.0,krum,valid_primary
cimas,label_flip,5,21.7,krum,True,37,0.79157,0.70114,0.73042,0.46394,0.7882425,,0,0.398,966,0.79157,0.0,krum,valid_primary
cimas,label_flip,5,21.7,clipping,True,7,0.79003,0.7028,0.72867,0.4591,0.7875014285714285,,0,0.372,966,0.7911,-0.00107,clipping,valid_primary
cimas,label_flip,5,21.7,clipping,True,11,0.79359,0.70656,0.73272,0.46635,0.7911753571428571,,0,0.361,966,0.79163,0.00196,clipping,valid_primary
cimas,label_flip,5,21.7,clipping,True,19,0.78963,0.70075,0.73129,0.4658,0.7858057142857143,,0,0.384,966,0.79082,-0.0011899999999999,clipping,valid_primary
cimas,label_flip,5,21.7,clipping,True,23,0.79033,0.70187,0.73136,0.46606,0.7876660714285713,,0,0.352,966,0.79124,-0.00091,clipping,valid_primary
cimas,label_flip,5,21.7,clipping,True,37,0.79112,0.70193,0.7283,0.45745,0.7829814285714286,,0,0.4,966,0.79091,0.00021,clipping,valid_primary
cimas,label_flip,7,30.4,fedavg,True,7,0.78968,0.70058,0.72954,0.46094,0.7873650000000002,,0,0.363,966,0.7911,-0.0014199999999999,fedavg,valid_primary
cimas,label_flip,7,30.4,fedavg,True,11,0.79157,0.70453,0.73084,0.4627,0.7896017857142857,,0,0.395,966,0.79163,-5.999999999994898e-05,fedavg,valid_primary
cimas,label_flip,7,30.4,fedavg,True,19,0.79012,0.70129,0.73042,0.46394,0.7858464285714286,,0,0.364,966,0.79082,-0.0006999999999999,fedavg,valid_primary
cimas,label_flip,7,30.4,fedavg,True,23,0.79088,0.70365,0.73274,0.46913,0.7878871428571429,,0,0.382,966,0.79124,-0.00036,fedavg,valid_primary
cimas,label_flip,7,30.4,fedavg,True,37,0.79244,0.69901,0.73064,0.46537,0.7849207142857143,,0,0.428,966,0.79091,0.00153,fedavg,valid_primary
cimas,label_flip,7,30.4,coord_median,True,7,0.79138,0.70258,0.73114,0.4647,0.7889835714285715,,0,0.358,966,0.79005,0.0013299999999999,coord_median,valid_primary
cimas,label_flip,7,30.4,coord_median,True,11,0.79256,0.70334,0.7286,0.45939,0.7910210714285714,,0,0.379,966,0.79088,0.00168,coord_median,valid_primary
cimas,label_flip,7,30.4,coord_median,True,19,0.79241,0.70468,0.73151,0.46658,0.7891071428571428,,0,0.361,966,0.78992,0.0024899999999999,coord_median,valid_primary
cimas,label_flip,7,30.4,coord_median,True,23,0.79112,0.70287,0.731,0.46539,0.7888775,,0,0.37,966,0.79029,0.0008299999999999,coord_median,valid_primary
cimas,label_flip,7,30.4,coord_median,True,37,0.79369,0.70406,0.73209,0.46741,0.790135,,0,0.4,966,0.78977,0.00392,coord_median,valid_primary
cimas,label_flip,7,30.4,trimmed_mean,True,7,0.79168,0.7024,0.72969,0.46143,0.7895414285714287,,0,0.355,966,0.79196,-0.0002799999999999,trimmed_mean,valid_primary
cimas,label_flip,7,30.4,trimmed_mean,True,11,0.79228,0.70255,0.72744,0.45658,0.7911382142857144,,0,0.378,966,0.79237,-9.00000000000345e-05,trimmed_mean,valid_primary
cimas,label_flip,7,30.4,trimmed_mean,True,19,0.79316,0.70463,0.73303,0.46953,0.7898442857142857,,0,0.368,966,0.79158,0.00158,trimmed_mean,valid_primary
cimas,label_flip,7,30.4,trimmed_mean,True,23,0.79081,0.70288,0.72926,0.46166,0.7886196428571429,,0,0.363,966,0.79186,-0.0010499999999999,trimmed_mean,valid_primary
cimas,label_flip,7,30.4,trimmed_mean,True,37,0.79376,0.70397,0.73187,0.46726,0.7908039285714284,,0,0.4,966,0.79211,0.00165,trimmed_mean,valid_primary
cimas,label_flip,7,30.4,krum,True,7,0.79047,0.70162,0.73041,0.46334,0.7889439285714285,,0,0.376,966,0.7918,-0.0013299999999999,krum,valid_primary
cimas,label_flip,7,30.4,krum,True,11,0.7928,0.70599,0.73106,0.4634,0.7908153571428571,,0,0.399,966,0.7928,0.0,krum,valid_primary
cimas,label_flip,7,30.4,krum,True,19,0.79173,0.70378,0.73078,0.46402,0.7883753571428571,,0,0.379,966,0.79173,0.0,krum,valid_primary
cimas,label_flip,7,30.4,krum,True,23,0.78909,0.69941,0.72738,0.45867,0.787047142857143,,0,0.374,966,0.79196,-0.00287,krum,valid_primary
cimas,label_flip,7,30.4,krum,True,37,0.79157,0.70114,0.73042,0.46394,0.7882425,,0,0.402,966,0.79157,0.0,krum,valid_primary
cimas,label_flip,7,30.4,clipping,True,7,0.78968,0.70058,0.72954,0.46094,0.7873650000000002,,0,0.358,966,0.7911,-0.0014199999999999,clipping,valid_primary
cimas,label_flip,7,30.4,clipping,True,11,0.79157,0.70453,0.73084,0.4627,0.7896017857142857,,0,0.385,966,0.79163,-5.999999999994898e-05,clipping,valid_primary
cimas,label_flip,7,30.4,clipping,True,19,0.79012,0.70129,0.73042,0.46394,0.7858464285714286,,0,0.358,966,0.79082,-0.0006999999999999,clipping,valid_primary
cimas,label_flip,7,30.4,clipping,True,23,0.79088,0.70365,0.73274,0.46913,0.7878871428571429,,0,0.362,966,0.79124,-0.00036,clipping,valid_primary
cimas,label_flip,7,30.4,clipping,True,37,0.79244,0.69901,0.73064,0.46537,0.7849207142857143,,0,0.388,966,0.79091,0.00153,clipping,valid_primary
cimas,backdoor,2,8.7,fedavg,True,7,0.79125,0.70576,0.73215,0.46648,0.7890392857142857,0.41739,0,0.358,966,0.7911,0.0001499999999999,fedavg,valid_primary
cimas,backdoor,2,8.7,fedavg,True,11,0.79193,0.70529,0.7315,0.46537,0.7901624999999999,0.39684,0,0.351,966,0.79163,0.0003,fedavg,valid_primary
cimas,backdoor,2,8.7,fedavg,True,19,0.7911,0.70377,0.72991,0.46275,0.7879614285714285,0.39209,0,0.348,966,0.79082,0.00028,fedavg,valid_primary
cimas,backdoor,2,8.7,fedavg,True,23,0.79138,0.70636,0.73042,0.46394,0.7891539285714286,0.43241,0,0.361,966,0.79124,0.0001399999999999,fedavg,valid_primary
cimas,backdoor,2,8.7,fedavg,True,37,0.79124,0.70405,0.72912,0.46242,0.788307857142857,0.40277,0,0.359,966,0.79091,0.00033,fedavg,valid_primary
cimas,backdoor,2,8.7,coord_median,True,7,0.79009,0.70165,0.72946,0.4602,0.788075357142857,0.38221,0,0.355,966,0.79005,3.999999999992898e-05,coord_median,valid_primary
cimas,backdoor,2,8.7,coord_median,True,11,0.79095,0.70306,0.73033,0.46203,0.7895960714285714,0.38024,0,0.343,966,0.79088,7.00000000000145e-05,coord_median,valid_primary
cimas,backdoor,2,8.7,coord_median,True,19,0.79019,0.70228,0.72788,0.45804,0.787332142857143,0.37945,0,0.352,966,0.78992,0.0002699999999999,coord_median,valid_primary
cimas,backdoor,2,8.7,coord_median,True,23,0.79026,0.70175,0.72911,0.46057,0.7878842857142857,0.37431,0,0.378,966,0.79029,-3.000000000008552e-05,coord_median,valid_primary
cimas,backdoor,2,8.7,coord_median,True,37,0.79005,0.70045,0.73056,0.46445,0.7871507142857144,0.37787,0,0.371,966,0.78977,0.00028,coord_median,valid_primary
cimas,backdoor,2,8.7,trimmed_mean,True,7,0.79199,0.70543,0.72911,0.46002,0.7895978571428571,0.37431,0,0.375,966,0.79196,2.999999999997449e-05,trimmed_mean,valid_primary
cimas,backdoor,2,8.7,trimmed_mean,True,11,0.79244,0.70566,0.73092,0.46395,0.7906510714285714,0.37233,0,0.362,966,0.79237,7.00000000000145e-05,trimmed_mean,valid_primary
cimas,backdoor,2,8.7,trimmed_mean,True,19,0.79157,0.70439,0.73136,0.46545,0.7883178571428571,0.37075,0,0.355,966,0.79158,-9.99999999995449e-06,trimmed_mean,valid_primary
cimas,backdoor,2,8.7,trimmed_mean,True,23,0.79185,0.70476,0.73607,0.47543,0.7890535714285715,0.36482,0,0.373,966,0.79186,-9.99999999995449e-06,trimmed_mean,valid_primary
cimas,backdoor,2,8.7,trimmed_mean,True,37,0.79229,0.70523,0.73216,0.46767,0.7893142857142857,0.36877,0,0.371,966,0.79211,0.00018,trimmed_mean,valid_primary
cimas,backdoor,2,8.7,krum,True,7,0.7918,0.70364,0.72722,0.45587,0.7892164285714286,0.37866,0,0.377,966,0.7918,0.0,krum,valid_primary
cimas,backdoor,2,8.7,krum,True,11,0.7928,0.70599,0.73106,0.4634,0.7908153571428571,0.38063,0,0.361,966,0.7928,0.0,krum,valid_primary
cimas,backdoor,2,8.7,krum,True,19,0.79173,0.70378,0.73078,0.46402,0.7883753571428571,0.37984,0,0.364,966,0.79173,0.0,krum,valid_primary
cimas,backdoor,2,8.7,krum,True,23,0.78931,0.69957,0.72825,0.4599,0.7876339285714286,0.3664,0,0.392,966,0.79196,-0.00265,krum,valid_primary
cimas,backdoor,2,8.7,krum,True,37,0.79157,0.70114,0.73042,0.46394,0.7882425,0.36917,0,0.381,966,0.79157,0.0,krum,valid_primary
cimas,backdoor,2,8.7,clipping,True,7,0.79125,0.70576,0.73215,0.46648,0.7890392857142857,0.41739,0,0.359,966,0.7911,0.0001499999999999,clipping,valid_primary
cimas,backdoor,2,8.7,clipping,True,11,0.79193,0.70529,0.7315,0.46537,0.7901624999999999,0.39684,0,0.361,966,0.79163,0.0003,clipping,valid_primary
cimas,backdoor,2,8.7,clipping,True,19,0.7911,0.70377,0.72991,0.46275,0.7879614285714285,0.39209,0,0.349,966,0.79082,0.00028,clipping,valid_primary
cimas,backdoor,2,8.7,clipping,True,23,0.79138,0.70636,0.73042,0.46394,0.7891539285714286,0.43241,0,0.37,966,0.79124,0.0001399999999999,clipping,valid_primary
cimas,backdoor,2,8.7,clipping,True,37,0.79124,0.70405,0.72912,0.46242,0.788307857142857,0.40277,0,0.364,966,0.79091,0.00033,clipping,valid_primary
cimas,backdoor,5,21.7,fedavg,True,7,0.7909,0.70633,0.73099,0.4642,0.78896,0.45138,0,0.372,966,0.7911,-0.0001999999999999,fedavg,valid_primary
cimas,backdoor,5,21.7,fedavg,True,11,0.79078,0.70635,0.72599,0.4544,0.7897039285714286,0.48261,0,0.368,966,0.79163,-0.0008499999999999,fedavg,valid_primary
cimas,backdoor,5,21.7,fedavg,True,19,0.79049,0.70512,0.72882,0.46073,0.7878235714285714,0.45415,0,0.382,966,0.79082,-0.0003299999999999,fedavg,valid_primary
cimas,backdoor,5,21.7,fedavg,True,23,0.79137,0.70502,0.73129,0.4658,0.7887889285714287,0.39644,0,0.348,966,0.79124,0.0001299999999999,fedavg,valid_primary
cimas,backdoor,5,21.7,fedavg,True,37,0.78881,0.70321,0.72376,0.4513,0.7872767857142857,0.51858,0,0.381,966,0.79091,-0.0020999999999999,fedavg,valid_primary
cimas,backdoor,5,21.7,coord_median,True,7,0.79061,0.70288,0.72867,0.4586,0.7883467857142856,0.38379,0,0.373,966,0.79005,0.00056,coord_median,valid_primary
cimas,backdoor,5,21.7,coord_median,True,11,0.79108,0.70335,0.73041,0.46227,0.7896324999999998,0.383,0,0.387,966,0.79088,0.0001999999999999,coord_median,valid_primary
cimas,backdoor,5,21.7,coord_median,True,19,0.79078,0.70325,0.72933,0.46131,0.7877,0.38538,0,0.425,966,0.78992,0.00086,coord_median,valid_primary
cimas,backdoor,5,21.7,coord_median,True,23,0.78985,0.70044,0.72933,0.46131,0.7874028571428571,0.37233,0,0.389,966,0.79029,-0.0004399999999999,coord_median,valid_primary
cimas,backdoor,5,21.7,coord_median,True,37,0.78991,0.69971,0.73064,0.46472,0.7870464285714285,0.37747,0,0.393,966,0.78977,0.00014,coord_median,valid_primary
cimas,backdoor,5,21.7,trimmed_mean,True,7,0.79141,0.70475,0.72968,0.4609,0.7890696428571429,0.38538,0,0.362,966,0.79196,-0.00055,trimmed_mean,valid_primary
cimas,backdoor,5,21.7,trimmed_mean,True,11,0.79153,0.70365,0.7299,0.46162,0.7898767857142858,0.38063,0,0.372,966,0.79237,-0.00084,trimmed_mean,valid_primary
cimas,backdoor,5,21.7,trimmed_mean,True,19,0.79127,0.70419,0.73172,0.46613,0.7880867857142857,0.38617,0,0.392,966,0.79158,-0.0003099999999999,trimmed_mean,valid_primary
cimas,backdoor,5,21.7,trimmed_mean,True,23,0.79073,0.7022,0.73049,0.46359,0.7881139285714286,0.37115,0,0.347,966,0.79186,-0.0011299999999999,trimmed_mean,valid_primary
cimas,backdoor,5,21.7,trimmed_mean,True,37,0.79111,0.70243,0.73172,0.46673,0.7882689285714284,0.3747,0,0.387,966,0.79211,-0.001,trimmed_mean,valid_primary
cimas,backdoor,5,21.7,krum,True,7,0.7918,0.70364,0.72722,0.45587,0.7892164285714286,0.37866,0,0.383,966,0.7918,0.0,krum,valid_primary
cimas,backdoor,5,21.7,krum,True,11,0.7928,0.70599,0.73106,0.4634,0.7908153571428571,0.38063,0,0.395,966,0.7928,0.0,krum,valid_primary
cimas,backdoor,5,21.7,krum,True,19,0.79173,0.70378,0.73078,0.46402,0.7883753571428571,0.37984,0,0.403,966,0.79173,0.0,krum,valid_primary
cimas,backdoor,5,21.7,krum,True,23,0.79196,0.70389,0.72976,0.46167,0.7889867857142858,0.37115,0,0.364,966,0.79196,0.0,krum,valid_primary
cimas,backdoor,5,21.7,krum,True,37,0.79157,0.70114,0.73042,0.46394,0.7882425,0.36917,0,0.403,966,0.79157,0.0,krum,valid_primary
cimas,backdoor,5,21.7,clipping,True,7,0.7909,0.70633,0.73099,0.4642,0.78896,0.45138,0,0.372,966,0.7911,-0.0001999999999999,clipping,valid_primary
cimas,backdoor,5,21.7,clipping,True,11,0.79078,0.70635,0.72599,0.4544,0.7897039285714286,0.48261,0,0.371,966,0.79163,-0.0008499999999999,clipping,valid_primary
cimas,backdoor,5,21.7,clipping,True,19,0.79049,0.70512,0.72882,0.46073,0.7878235714285714,0.45415,0,0.389,966,0.79082,-0.0003299999999999,clipping,valid_primary
cimas,backdoor,5,21.7,clipping,True,23,0.79137,0.70502,0.73129,0.4658,0.7887889285714287,0.39644,0,0.351,966,0.79124,0.0001299999999999,clipping,valid_primary
cimas,backdoor,5,21.7,clipping,True,37,0.78881,0.70321,0.72376,0.4513,0.7872767857142857,0.51858,0,0.384,966,0.79091,-0.0020999999999999,clipping,valid_primary
cimas,backdoor,7,30.4,fedavg,True,7,0.791,0.7055,0.73251,0.46716,0.7889164285714285,0.43043,0,0.355,966,0.7911,-9.9999999999989e-05,fedavg,valid_primary
cimas,backdoor,7,30.4,fedavg,True,11,0.79069,0.70608,0.72628,0.45483,0.7896957142857141,0.48972,0,0.384,966,0.79163,-0.0009399999999999,fedavg,valid_primary
cimas,backdoor,7,30.4,fedavg,True,19,0.79027,0.70443,0.72882,0.46073,0.7876539285714286,0.46126,0,0.374,966,0.79082,-0.0005499999999999,fedavg,valid_primary
cimas,backdoor,7,30.4,fedavg,True,23,0.7917,0.70686,0.72977,0.46285,0.7893732142857142,0.43162,0,0.392,966,0.79124,0.0004599999999999,fedavg,valid_primary
cimas,backdoor,7,30.4,fedavg,True,37,0.78885,0.70341,0.72383,0.45156,0.7873149999999999,0.5249,0,0.425,966,0.79091,-0.0020599999999999,fedavg,valid_primary
cimas,backdoor,7,30.4,coord_median,True,7,0.7903,0.70241,0.72975,0.46065,0.788154642857143,0.38617,0,0.357,966,0.79005,0.0002499999999999,coord_median,valid_primary
cimas,backdoor,7,30.4,coord_median,True,11,0.79109,0.70228,0.73034,0.46254,0.7894857142857141,0.38577,0,0.389,966,0.79088,0.0002099999999999,coord_median,valid_primary
cimas,backdoor,7,30.4,coord_median,True,19,0.79094,0.70243,0.73165,0.46587,0.7878117857142858,0.38814,0,0.385,966,0.78992,0.00102,coord_median,valid_primary
cimas,backdoor,7,30.4,coord_median,True,23,0.7914,0.70377,0.73013,0.46292,0.7888503571428572,0.37668,0,0.388,966,0.79029,0.0011099999999999,coord_median,valid_primary
cimas,backdoor,7,30.4,coord_median,True,37,0.79022,0.6997,0.72825,0.4599,0.7873632142857144,0.37787,0,0.421,966,0.78977,0.00045,coord_median,valid_primary
cimas,backdoor,7,30.4,trimmed_mean,True,7,0.7906,0.70321,0.72954,0.46043,0.7884224999999999,0.38419,0,0.415,966,0.79196,-0.00136,trimmed_mean,valid_primary
cimas,backdoor,7,30.4,trimmed_mean,True,11,0.79134,0.7032,0.72947,0.4607,0.7898317857142857,0.38458,0,0.41,966,0.79237,-0.0010299999999999,trimmed_mean,valid_primary
cimas,backdoor,7,30.4,trimmed_mean,True,19,0.79106,0.70271,0.73013,0.46292,0.7878439285714286,0.38972,0,0.388,966,0.79158,-0.0005199999999999,trimmed_mean,valid_primary
cimas,backdoor,7,30.4,trimmed_mean,True,23,0.79207,0.70525,0.73056,0.46385,0.7892289285714286,0.37826,0,0.382,966,0.79186,0.00021,trimmed_mean,valid_primary
cimas,backdoor,7,30.4,trimmed_mean,True,37,0.791,0.70204,0.73028,0.46404,0.7880239285714286,0.37708,0,0.42,966,0.79211,-0.0011099999999999,trimmed_mean,valid_primary
cimas,backdoor,7,30.4,krum,True,7,0.79047,0.70162,0.73041,0.46334,0.7889439285714285,0.37945,0,0.393,966,0.7918,-0.0013299999999999,krum,valid_primary
cimas,backdoor,7,30.4,krum,True,11,0.7928,0.70599,0.73106,0.4634,0.7908153571428571,0.38063,0,0.413,966,0.7928,0.0,krum,valid_primary
cimas,backdoor,7,30.4,krum,True,19,0.79173,0.70378,0.73078,0.46402,0.7883753571428571,0.37984,0,0.402,966,0.79173,0.0,krum,valid_primary
cimas,backdoor,7,30.4,krum,True,23,0.78914,0.69953,0.72694,0.45773,0.7872475000000001,0.37549,0,0.388,966,0.79196,-0.00282,krum,valid_primary
cimas,backdoor,7,30.4,krum,True,37,0.79157,0.70114,0.73042,0.46394,0.7882425,0.36917,0,0.441,966,0.79157,0.0,krum,valid_primary
cimas,backdoor,7,30.4,clipping,True,7,0.791,0.7055,0.73251,0.46716,0.7889164285714285,0.43043,0,0.368,966,0.7911,-9.9999999999989e-05,clipping,valid_primary
cimas,backdoor,7,30.4,clipping,True,11,0.79069,0.70608,0.72628,0.45483,0.7896957142857141,0.48972,0,0.396,966,0.79163,-0.0009399999999999,clipping,valid_primary
cimas,backdoor,7,30.4,clipping,True,19,0.79027,0.70443,0.72882,0.46073,0.7876539285714286,0.46126,0,0.372,966,0.79082,-0.0005499999999999,clipping,valid_primary
cimas,backdoor,7,30.4,clipping,True,23,0.7917,0.70686,0.72977,0.46285,0.7893732142857142,0.43162,0,0.381,966,0.79124,0.0004599999999999,clipping,valid_primary
cimas,backdoor,7,30.4,clipping,True,37,0.78885,0.70341,0.72383,0.45156,0.7873149999999999,0.5249,0,0.412,966,0.79091,-0.0020599999999999,clipping,valid_primary
cimas,alie,2,8.7,fedavg,True,7,0.79088,0.70324,0.72723,0.45693,0.788495357142857,,0,0.349,966,0.7911,-0.0002199999999999,fedavg,valid_primary
cimas,alie,2,8.7,fedavg,True,11,0.7916,0.70416,0.72889,0.45983,0.7898714285714286,,0,0.352,966,0.79163,-2.999999999997449e-05,fedavg,valid_primary
cimas,alie,2,8.7,fedavg,True,19,0.79062,0.70205,0.73049,0.4642,0.7876014285714287,,0,0.353,966,0.79082,-0.0001999999999999,fedavg,valid_primary
cimas,alie,2,8.7,fedavg,True,23,0.7904,0.70195,0.73332,0.46994,0.7880282142857142,,0,0.346,966,0.79124,-0.00084,fedavg,valid_primary
cimas,alie,2,8.7,fedavg,True,37,0.79077,0.70167,0.73267,0.46953,0.7877228571428571,,0,0.356,966,0.79091,-0.00014,fedavg,valid_primary
cimas,alie,2,8.7,coord_median,True,7,0.78864,0.69927,0.72802,0.45798,0.7866760714285714,,0,0.347,966,0.79005,-0.00141,coord_median,valid_primary
cimas,alie,2,8.7,coord_median,True,11,0.79032,0.70148,0.73041,0.46227,0.788677142857143,,0,0.356,966,0.79088,-0.00056,coord_median,valid_primary
cimas,alie,2,8.7,coord_median,True,19,0.78925,0.7003,0.72954,0.46094,0.7865582142857145,,0,0.362,966,0.78992,-0.0006699999999999,coord_median,valid_primary
cimas,alie,2,8.7,coord_median,True,23,0.7896,0.70009,0.73201,0.46655,0.7871414285714288,,0,0.348,966,0.79029,-0.00069,coord_median,valid_primary
cimas,alie,2,8.7,coord_median,True,37,0.78888,0.69799,0.73137,0.46671,0.7861160714285714,,0,0.346,966,0.78977,-0.0008899999999999,coord_median,valid_primary
cimas,alie,2,8.7,trimmed_mean,True,7,0.79107,0.70379,0.7294,0.461,0.7888357142857141,,0,0.358,966,0.79196,-0.0008899999999999,trimmed_mean,valid_primary
cimas,alie,2,8.7,trimmed_mean,True,11,0.79185,0.70434,0.73309,0.46803,0.7901564285714285,,0,0.356,966,0.79237,-0.0005199999999999,trimmed_mean,valid_primary
cimas,alie,2,8.7,trimmed_mean,True,19,0.79092,0.70298,0.7315,0.46596,0.7878175000000001,,0,0.369,966,0.79158,-0.0006599999999999,trimmed_mean,valid_primary
cimas,alie,2,8.7,trimmed_mean,True,23,0.79114,0.70309,0.7331,0.46917,0.7886139285714285,,0,0.367,966,0.79186,-0.00072,trimmed_mean,valid_primary
cimas,alie,2,8.7,trimmed_mean,True,37,0.79159,0.7038,0.73477,0.47328,0.7887617857142858,,0,0.349,966,0.79211,-0.0005199999999999,trimmed_mean,valid_primary
cimas,alie,2,8.7,krum,True,7,0.78911,0.69976,0.73078,0.46524,0.7876082142857143,,0,0.358,966,0.7918,-0.0026899999999999,krum,valid_primary
cimas,alie,2,8.7,krum,True,11,0.78955,0.70096,0.72933,0.46192,0.7884860714285714,,0,0.357,966,0.7928,-0.0032499999999999,krum,valid_primary
cimas,alie,2,8.7,krum,True,19,0.78892,0.69959,0.72948,0.46309,0.7864864285714287,,0,0.36,966,0.79173,-0.00281,krum,valid_primary
cimas,alie,2,8.7,krum,True,23,0.78902,0.69917,0.72745,0.45894,0.7870021428571429,,0,0.365,966,0.79196,-0.0029399999999999,krum,valid_primary
cimas,alie,2,8.7,krum,True,37,0.78839,0.69695,0.72804,0.46112,0.7862846428571427,,0,0.378,966,0.79157,-0.0031799999999999,krum,valid_primary
cimas,alie,2,8.7,clipping,True,7,0.79088,0.70324,0.72723,0.45693,0.788495357142857,,0,0.349,966,0.7911,-0.0002199999999999,clipping,valid_primary
cimas,alie,2,8.7,clipping,True,11,0.7916,0.70416,0.72889,0.45983,0.7898714285714286,,0,0.378,966,0.79163,-2.999999999997449e-05,clipping,valid_primary
cimas,alie,2,8.7,clipping,True,19,0.79062,0.70205,0.73049,0.4642,0.7876014285714287,,0,0.374,966,0.79082,-0.0001999999999999,clipping,valid_primary
cimas,alie,2,8.7,clipping,True,23,0.7904,0.70195,0.73332,0.46994,0.7880282142857142,,0,0.355,966,0.79124,-0.00084,clipping,valid_primary
cimas,alie,2,8.7,clipping,True,37,0.79077,0.70167,0.73267,0.46953,0.7877228571428571,,0,0.359,966,0.79091,-0.00014,clipping,valid_primary
cimas,alie,5,21.7,fedavg,True,7,0.79038,0.70218,0.72715,0.45668,0.7881185714285716,,0,0.334,966,0.7911,-0.00072,fedavg,valid_primary
cimas,alie,5,21.7,fedavg,True,11,0.79066,0.7015,0.73157,0.46507,0.7891607142857143,,0,0.305,966,0.79163,-0.0009699999999999,fedavg,valid_primary
cimas,alie,5,21.7,fedavg,True,19,0.79021,0.70156,0.73136,0.46606,0.7869510714285715,,0,0.306,966,0.79082,-0.0006099999999999,fedavg,valid_primary
cimas,alie,5,21.7,fedavg,True,23,0.79044,0.70199,0.73288,0.46901,0.7879910714285714,,0,0.312,966,0.79124,-0.0008,fedavg,valid_primary
cimas,alie,5,21.7,fedavg,True,37,0.78996,0.6999,0.73158,0.46622,0.7874342857142859,,0,0.309,966,0.79091,-0.00095,fedavg,valid_primary
cimas,alie,5,21.7,coord_median,True,7,0.78852,0.69918,0.72882,0.46014,0.7869778571428572,,0,0.308,966,0.79005,-0.00153,coord_median,valid_primary
cimas,alie,5,21.7,coord_median,True,11,0.78898,0.69868,0.73027,0.46285,0.787630357142857,,0,0.31,966,0.79088,-0.0019,coord_median,valid_primary
cimas,alie,5,21.7,coord_median,True,19,0.78827,0.69796,0.73085,0.46487,0.7854457142857143,,0,0.313,966,0.78992,-0.0016499999999999,coord_median,valid_primary
cimas,alie,5,21.7,coord_median,True,23,0.78791,0.69692,0.73237,0.46782,0.7856710714285714,,0,0.307,966,0.79029,-0.00238,coord_median,valid_primary
cimas,alie,5,21.7,coord_median,True,37,0.78887,0.69869,0.73013,0.46352,0.7872575,,0,0.302,966,0.78977,-0.0009,coord_median,valid_primary
cimas,alie,5,21.7,trimmed_mean,True,7,0.78904,0.69971,0.72896,0.46007,0.7872689285714286,,0,0.303,966,0.79196,-0.00292,trimmed_mean,valid_primary
cimas,alie,5,21.7,trimmed_mean,True,11,0.78969,0.70009,0.73164,0.46531,0.7884553571428572,,0,0.308,966,0.79237,-0.00268,trimmed_mean,valid_primary
cimas,alie,5,21.7,trimmed_mean,True,19,0.7894,0.7006,0.72998,0.46301,0.78629,,0,0.299,966,0.79158,-0.0021799999999999,trimmed_mean,valid_primary
cimas,alie,5,21.7,trimmed_mean,True,23,0.78863,0.69822,0.73049,0.4642,0.7865453571428571,,0,0.314,966,0.79186,-0.0032299999999999,trimmed_mean,valid_primary
cimas,alie,5,21.7,trimmed_mean,True,37,0.78978,0.69988,0.73129,0.4658,0.7874632142857143,,0,0.317,966,0.79211,-0.0023299999999999,trimmed_mean,valid_primary
cimas,alie,5,21.7,krum,True,7,0.789,0.69953,0.73035,0.46431,0.7874078571428571,,0,0.327,966,0.7918,-0.0027999999999999,krum,valid_primary
cimas,alie,5,21.7,krum,True,11,0.78955,0.70096,0.72933,0.46192,0.7884860714285714,,0,0.317,966,0.7928,-0.0032499999999999,krum,valid_primary
cimas,alie,5,21.7,krum,True,19,0.78665,0.6947,0.72853,0.46031,0.7852796428571428,,0,0.314,966,0.79173,-0.00508,krum,valid_primary
cimas,alie,5,21.7,krum,True,23,0.78902,0.69917,0.72745,0.45894,0.7870021428571429,,0,0.312,966,0.79196,-0.0029399999999999,krum,valid_primary
cimas,alie,5,21.7,krum,True,37,0.78815,0.69641,0.72731,0.45978,0.7858439285714286,,0,0.315,966,0.79157,-0.0034199999999999,krum,valid_primary
cimas,alie,5,21.7,clipping,True,7,0.79038,0.70218,0.72715,0.45668,0.7881185714285716,,0,0.312,966,0.7911,-0.00072,clipping,valid_primary
cimas,alie,5,21.7,clipping,True,11,0.79066,0.7015,0.73157,0.46507,0.7891607142857143,,0,0.306,966,0.79163,-0.0009699999999999,clipping,valid_primary
cimas,alie,5,21.7,clipping,True,19,0.79021,0.70156,0.73136,0.46606,0.7869510714285715,,0,0.302,966,0.79082,-0.0006099999999999,clipping,valid_primary
cimas,alie,5,21.7,clipping,True,23,0.79044,0.70199,0.73288,0.46901,0.7879910714285714,,0,0.304,966,0.79124,-0.0008,clipping,valid_primary
cimas,alie,5,21.7,clipping,True,37,0.78996,0.6999,0.73158,0.46622,0.7874342857142859,,0,0.308,966,0.79091,-0.00095,clipping,valid_primary
cimas,alie,7,30.4,fedavg,True,7,0.79023,0.70194,0.72831,0.45896,0.7879778571428571,,0,0.312,966,0.7911,-0.00087,fedavg,valid_primary
cimas,alie,7,30.4,fedavg,True,11,0.79042,0.70148,0.72926,0.46106,0.7888664285714285,,0,0.308,966,0.79163,-0.0012099999999999,fedavg,valid_primary
cimas,alie,7,30.4,fedavg,True,19,0.79081,0.70265,0.73201,0.46715,0.7874778571428572,,0,0.318,966,0.79082,-9.99999999995449e-06,fedavg,valid_primary
cimas,alie,7,30.4,fedavg,True,23,0.7906,0.70253,0.73368,0.47062,0.7880974999999999,,0,0.321,966,0.79124,-0.00064,fedavg,valid_primary
cimas,alie,7,30.4,fedavg,True,37,0.79059,0.70132,0.73296,0.46927,0.78786,,0,0.306,966,0.79091,-0.0003199999999999,fedavg,valid_primary
cimas,alie,7,30.4,coord_median,True,7,0.78739,0.69631,0.7302,0.46317,0.7859921428571429,,0,0.305,966,0.79005,-0.0026599999999999,coord_median,valid_primary
cimas,alie,7,30.4,coord_median,True,11,0.78792,0.69648,0.72933,0.46192,0.7870239285714284,,0,0.306,966,0.79088,-0.00296,coord_median,valid_primary
cimas,alie,7,30.4,coord_median,True,19,0.78833,0.69705,0.73049,0.46484,0.7854853571428572,,0,0.308,966,0.78992,-0.0015899999999999,coord_median,valid_primary
cimas,alie,7,30.4,coord_median,True,23,0.78807,0.69765,0.73093,0.46577,0.7863678571428572,,0,0.306,966,0.79029,-0.0022199999999999,coord_median,valid_primary
cimas,alie,7,30.4,coord_median,True,37,0.78901,0.69828,0.73158,0.46685,0.7869117857142857,,0,0.308,966,0.78977,-0.0007599999999999,coord_median,valid_primary
cimas,alie,7,30.4,trimmed_mean,True,7,0.7879,0.6977,0.72853,0.45915,0.7861732142857142,,0,0.313,966,0.79196,-0.0040599999999999,trimmed_mean,valid_primary
cimas,alie,7,30.4,trimmed_mean,True,11,0.78829,0.69683,0.72745,0.45768,0.7871478571428572,,0,0.304,966,0.79237,-0.0040799999999999,trimmed_mean,valid_primary
cimas,alie,7,30.4,trimmed_mean,True,19,0.78898,0.69856,0.73158,0.46685,0.7859503571428572,,0,0.296,966,0.79158,-0.0025999999999999,trimmed_mean,valid_primary
cimas,alie,7,30.4,trimmed_mean,True,23,0.78831,0.69784,0.72919,0.46203,0.7864157142857142,,0,0.305,966,0.79186,-0.00355,trimmed_mean,valid_primary
cimas,alie,7,30.4,trimmed_mean,True,37,0.78952,0.69896,0.73375,0.47088,0.7871821428571428,,0,0.307,966,0.79211,-0.0025899999999999,trimmed_mean,valid_primary
cimas,alie,7,30.4,krum,True,7,0.78693,0.69585,0.7286,0.45996,0.7859639285714286,,0,0.321,966,0.7918,-0.0048699999999999,krum,valid_primary
cimas,alie,7,30.4,krum,True,11,0.78603,0.69275,0.72708,0.45701,0.7852010714285715,,0,0.328,966,0.7928,-0.0067699999999999,krum,valid_primary
cimas,alie,7,30.4,krum,True,19,0.7874,0.69583,0.72781,0.45896,0.7846499999999998,,0,0.322,966,0.79173,-0.00433,krum,valid_primary
cimas,alie,7,30.4,krum,True,23,0.78664,0.69482,0.72796,0.45949,0.7853107142857143,,0,0.323,966,0.79196,-0.0053199999999999,krum,valid_primary
cimas,alie,7,30.4,krum,True,37,0.7878,0.69561,0.72904,0.4615,0.7859160714285716,,0,0.318,966,0.79157,-0.00377,krum,valid_primary
cimas,alie,7,30.4,clipping,True,7,0.79023,0.70194,0.72831,0.45896,0.7879778571428571,,0,0.306,966,0.7911,-0.00087,clipping,valid_primary
cimas,alie,7,30.4,clipping,True,11,0.79042,0.70148,0.72926,0.46106,0.7888664285714285,,0,0.314,966,0.79163,-0.0012099999999999,clipping,valid_primary
cimas,alie,7,30.4,clipping,True,19,0.79081,0.70265,0.73201,0.46715,0.7874778571428572,,0,0.307,966,0.79082,-9.99999999995449e-06,clipping,valid_primary
cimas,alie,7,30.4,clipping,True,23,0.7906,0.70253,0.73368,0.47062,0.7880974999999999,,0,0.317,966,0.79124,-0.00064,clipping,valid_primary
cimas,alie,7,30.4,clipping,True,37,0.79059,0.70132,0.73296,0.46927,0.78786,,0,0.312,966,0.79091,-0.0003199999999999,clipping,valid_primary
